/home/mcslab/yutung/MCSLAB_RSSI_RTT_Dataset/FusionDANN/fusion_dann_v4_noRSSIDiff.py:188: FutureWarning: DataFrameGroupBy.apply operated on the grouping columns. This behavior is deprecated, and in a future version of pandas the grouping columns will be excluded from the operation. Either pass `include_groups=False` to exclude the groupings or explicitly select the grouping columns after groupby to silence this warning.
  df = df.groupby('Label').apply(
/home/mcslab/yutung/MCSLAB_RSSI_RTT_Dataset/FusionDANN/fusion_dann_v4_noRSSIDiff.py:188: FutureWarning: DataFrameGroupBy.apply operated on the grouping columns. This behavior is deprecated, and in a future version of pandas the grouping columns will be excluded from the operation. Either pass `include_groups=False` to exclude the groupings or explicitly select the grouping columns after groupby to silence this warning.
  df = df.groupby('Label').apply(
==========================================
Experiment: FusionDANN_1
RSSI Features (4): Fixed
RTT Features (1): ['Dist_mm_1']
==========================================
Start Training Seed 42...

Start Training... (Validate on Source Val & Target Val)
Epoch  | Total Loss | Train Cls  | Train D_RSSI | Train D_RTT | Val Cls    | Val D_RSSI | Val D_RTT  | Save        | Test MDE | Score  
---------------------------------------------------------------------------------------------------------------------------------------
1      | 6.2703     | 3.4850     | 1.4012       | 1.3841      | 2.9501     | 0.6843     | 0.6926     |             | 1.9407   | -0.870 
2      | 5.6143     | 2.8732     | 1.3737       | 1.3674      | 2.4588     | 0.6855     | 0.6918     |             | 1.5841   | -0.722 
3      | 5.1815     | 2.4604     | 1.3643       | 1.3567      | 2.0854     | 0.6764     | 0.6913     |             | 1.5209   | -0.613 
4      | 4.8779     | 2.1711     | 1.3584       | 1.3484      | 1.7161     | 0.6736     | 0.6947     |             | 1.4674   | -0.504 
5      | 4.6267     | 1.9445     | 1.3471       | 1.3350      | 1.4824     | 0.6707     | 0.6894     |             | 1.4706   | -0.434 
6      | 4.3892     | 1.7248     | 1.3361       | 1.3283      | 1.2250     | 0.6616     | 0.6994     |             | 1.5067   | -0.363 
7      | 4.2246     | 1.5733     | 1.3213       | 1.3301      | 1.0670     | 0.6597     | 0.6939     |             | 1.4700   | -0.315 
8      | 4.0451     | 1.4230     | 1.3046       | 1.3174      | 0.9258     | 0.6506     | 0.6972     |             | 1.4551   | -0.277 
9      | 3.9171     | 1.3231     | 1.2855       | 1.3085      | 0.8160     | 0.6481     | 0.6935     |             | 1.4383   | -0.244 
10     | 3.8016     | 1.2463     | 1.2642       | 1.2911      | 0.7070     | 0.6368     | 0.7046     |             | 1.4025   | -0.218 
11     | 3.7040     | 1.1785     | 1.2452       | 1.2802      | 0.6544     | 0.6401     | 0.7006     |             | 1.4667   | -0.200 
12     | 3.6266     | 1.1128     | 1.2216       | 1.2923      | 0.5210     | 0.6217     | 0.7021     |             | 1.3859   | -0.168 
13     | 3.4980     | 1.0277     | 1.1931       | 1.2771      | 0.4615     | 0.6213     | 0.7015     |             | 1.4380   | -0.150 
14     | 3.4041     | 0.9941     | 1.1676       | 1.2424      | 0.4614     | 0.6169     | 0.7059     |             | 1.5263   | -0.153 
15     | 3.3062     | 0.9337     | 1.1330       | 1.2395      | 0.4038     | 0.6120     | 0.7021     |             | 1.5499   | -0.137 
16     | 3.2680     | 0.9186     | 1.1127       | 1.2367      | 0.4000     | 0.6058     | 0.7013     |             | 1.4729   | -0.138 
17     | 3.1635     | 0.8452     | 1.0768       | 1.2414      | 0.3623     | 0.5962     | 0.7106     |             | 1.5026   | -0.132 
18     | 3.0816     | 0.8207     | 1.0436       | 1.2173      | 0.3360     | 0.5830     | 0.7093     |             | 1.4136   | -0.129 
19     | 3.0291     | 0.8259     | 1.0029       | 1.2004      | 0.3107     | 0.5960     | 0.7143     |             | 1.4023   | -0.118 
20     | 2.9427     | 0.7829     | 0.9733       | 1.1865      | 0.2984     | 0.5829     | 0.7260     |             | 1.3769   | -0.122 
21     | 2.9114     | 0.7578     | 0.9467       | 1.2069      | 0.2833     | 0.5849     | 0.7069     |             | 1.4342   | -0.112 
22     | 2.8399     | 0.7302     | 0.9155       | 1.1942      | 0.2642     | 0.5685     | 0.7121     |             | 1.3862   | -0.114 
23     | 2.7556     | 0.7027     | 0.8785       | 1.1744      | 0.2427     | 0.5628     | 0.7300     |             | 1.4017   | -0.114 
24     | 2.7181     | 0.7014     | 0.8464       | 1.1704      | 0.2185     | 0.5675     | 0.7361     |             | 1.4537   | -0.106 
25     | 2.7478     | 0.7532     | 0.8313       | 1.1634      | 0.2379     | 0.5759     | 0.7122     |             | 1.4143   | -0.103 
26     | 2.6928     | 0.7237     | 0.8047       | 1.1644      | 0.2148     | 0.5653     | 0.6979     |             | 1.4635   | -0.098 
27     | 2.5875     | 0.6686     | 0.7627       | 1.1562      | 0.2229     | 0.5800     | 0.7003     |             | 1.4303   | -0.095 
28     | 2.6352     | 0.6728     | 0.7589       | 1.2035      | 0.1936     | 0.5664     | 0.7149     |             | 1.4657   | -0.095 
29     | 2.5349     | 0.6052     | 0.7653       | 1.1643      | 0.2216     | 0.5455     | 0.7096     |             | 1.3659   | -0.110 
30     | 2.5237     | 0.5988     | 0.7624       | 1.1625      | 0.2157     | 0.5658     | 0.7324     |             | 1.4457   | -0.105 
31     | 2.5054     | 0.5800     | 0.7666       | 1.1587      | 0.1964     | 0.5639     | 0.7182     |             | 1.4070   | -0.097 
32     | 2.4661     | 0.5773     | 0.7433       | 1.1455      | 0.1861     | 0.5697     | 0.7121     |             | 1.4320   | -0.090 
33     | 2.4929     | 0.6101     | 0.7602       | 1.1226      | 0.2089     | 0.5662     | 0.7103     |             | 1.4862   | -0.098 
34     | 2.5482     | 0.5993     | 0.7729       | 1.1760      | 0.1858     | 0.5767     | 0.7089     |             | 1.4100   | -0.087 
35     | 2.5612     | 0.5987     | 0.8062       | 1.1563      | 0.1814     | 0.5281     | 0.7013     |             | 1.4421   | -0.103 
36     | 2.5654     | 0.6147     | 0.8017       | 1.1489      | 0.1778     | 0.5037     | 0.6897     |             | 1.4711   | -0.110 
37     | 2.5467     | 0.5760     | 0.8293       | 1.1414      | 0.1956     | 0.5391     | 0.6910     |             | 1.4774   | -0.101 
38     | 2.6399     | 0.5991     | 0.8664       | 1.1744      | 0.1628     | 0.5647     | 0.7063     |             | 1.4797   | -0.084 
39     | 2.6119     | 0.5955     | 0.8490       | 1.1675      | 0.1803     | 0.5355     | 0.6937     |             | 1.4372   | -0.099 
40     | 2.6492     | 0.5593     | 0.8512       | 1.2387      | 0.1555     | 0.5483     | 0.7292     |             | 1.3852   | -0.093 
41     | 2.6167     | 0.5890     | 0.8508       | 1.1769      | 0.1508     | 0.5369     | 0.7123     |             | 1.3956   | -0.093 
42     | 2.6211     | 0.5792     | 0.8747       | 1.1673      | 0.1650     | 0.5324     | 0.7033     |             | 1.4758   | -0.097 
43     | 2.6367     | 0.5778     | 0.8945       | 1.1644      | 0.1646     | 0.5180     | 0.7038     |             | 1.4435   | -0.103 
44     | 2.6261     | 0.5678     | 0.9015       | 1.1568      | 0.1707     | 0.5090     | 0.7044     |             | 1.3869   | -0.108 
45     | 2.6327     | 0.5693     | 0.9347       | 1.1287      | 0.1691     | 0.4955     | 0.6942     |             | 1.3441   | -0.111 
46     | 2.6959     | 0.5915     | 0.9591       | 1.1453      | 0.1615     | 0.5088     | 0.7180     |             | 1.4435   | -0.109 
47     | 2.6703     | 0.5546     | 0.9164       | 1.1993      | 0.1326     | 0.5022     | 0.7238     |             | 1.4171   | -0.104 
48     | 2.6276     | 0.5743     | 0.8928       | 1.1605      | 0.1847     | 0.5075     | 0.6923     |             | 1.3778   | -0.111 
49     | 2.6518     | 0.5717     | 0.9055       | 1.1746      | 0.1478     | 0.5399     | 0.7107     |             | 1.3826   | -0.090 
50     | 2.7030     | 0.5465     | 0.9331       | 1.2233      | 0.1689     | 0.5458     | 0.7217     |             | 1.5087   | -0.097 
51     | 2.7385     | 0.5454     | 0.9770       | 1.2161      | 0.1752     | 0.5913     | 0.6917     |             | 1.4171   | -0.074 
52     | 2.7286     | 0.5484     | 1.0170       | 1.1632      | 0.1696     | 0.5783     | 0.6947     |             | 1.3964   | -0.078 
53     | 2.7515     | 0.5586     | 1.0126       | 1.1804      | 0.1551     | 0.5521     | 0.6895     |             | 1.3844   | -0.084 
54     | 2.7747     | 0.5497     | 0.9969       | 1.2282      | 0.1406     | 0.5228     | 0.7150     |             | 1.3218   | -0.096 
55     | 2.7606     | 0.5698     | 0.9570       | 1.2338      | 0.1598     | 0.5141     | 0.7012     |             | 1.3133   | -0.103 
56     | 2.7540     | 0.5482     | 0.9457       | 1.2601      | 0.1550     | 0.4805     | 0.7199     |             | 1.3544   | -0.118 
57     | 2.7368     | 0.5583     | 0.9159       | 1.2625      | 0.1537     | 0.4973     | 0.7061     |             | 1.3726   | -0.108 
58     | 2.6290     | 0.5330     | 0.8606       | 1.2354      | 0.1572     | 0.4840     | 0.6921     |             | 1.3142   | -0.112 
59     | 2.5447     | 0.5235     | 0.8277       | 1.1935      | 0.1783     | 0.5124     | 0.7171     |             | 1.3068   | -0.112 
60     | 2.5820     | 0.5145     | 0.8490       | 1.2184      | 0.1739     | 0.5071     | 0.6877     |             | 1.2697   | -0.107 
61     | 2.5766     | 0.5320     | 0.8464       | 1.1981      | 0.1480     | 0.4859     | 0.7105     |             | 1.3353   | -0.112 
62     | 2.5470     | 0.4891     | 0.8657       | 1.1922      | 0.1620     | 0.5115     | 0.7064     |             | 1.3101   | -0.105 
63     | 2.6285     | 0.5234     | 0.8951       | 1.2100      | 0.1300     | 0.5413     | 0.7228     |             | 1.3952   | -0.087 
64     | 2.6118     | 0.5076     | 0.8904       | 1.2138      | 0.1401     | 0.4986     | 0.7100     |             | 1.4007   | -0.105 
65     | 2.5721     | 0.5167     | 0.8609       | 1.1945      | 0.1476     | 0.4872     | 0.7122     |             | 1.4788   | -0.112 
66     | 2.6378     | 0.5367     | 0.9088       | 1.1924      | 0.1353     | 0.5146     | 0.7030     |             | 1.4217   | -0.095 
67     | 2.6018     | 0.5198     | 0.8765       | 1.2055      | 0.1486     | 0.4968     | 0.7124     |             | 1.4010   | -0.108 
68     | 2.6365     | 0.5076     | 0.9070       | 1.2220      | 0.1363     | 0.5336     | 0.7061     |             | 1.3902   | -0.089 
69     | 2.6163     | 0.5164     | 0.8973       | 1.2026      | 0.1448     | 0.5129     | 0.7123     |             | 1.3653   | -0.101 
70     | 2.5673     | 0.4834     | 0.8831       | 1.2008      | 0.1272     | 0.5387     | 0.7061     |             | 1.3654   | -0.084 
71     | 2.6257     | 0.5086     | 0.9149       | 1.2022      | 0.1663     | 0.5163     | 0.7088     |             | 1.3661   | -0.105 
72     | 2.6325     | 0.4852     | 0.9252       | 1.2221      | 0.1525     | 0.5184     | 0.7025     |             | 1.3951   | -0.099 
73     | 2.6951     | 0.5012     | 0.9574       | 1.2366      | 0.1242     | 0.5017     | 0.7083     |             | 1.3829   | -0.098 
74     | 2.7466     | 0.4988     | 1.0215       | 1.2263      | 0.1369     | 0.5874     | 0.7053     |             | 1.4076   | -0.067 
75     | 2.7507     | 0.4993     | 1.0421       | 1.2094      | 0.1319     | 0.5680     | 0.7144     |             | 1.4418   | -0.075 
76     | 2.7281     | 0.4687     | 1.0431       | 1.2163      | 0.1277     | 0.5838     | 0.7160     |             | 1.4834   | -0.068 
77     | 2.8612     | 0.5124     | 1.1291       | 1.2197      | 0.1460     | 0.6386     | 0.7013     |             | 1.3797   | -0.049 
78     | 2.8754     | 0.5279     | 1.1330       | 1.2145      | 0.1470     | 0.6050     | 0.7024     |             | 1.3694   | -0.063 
79     | 2.8283     | 0.5198     | 1.1103       | 1.1982      | 0.1470     | 0.5847     | 0.7201     |             | 1.3103   | -0.074 
80     | 2.7904     | 0.5064     | 1.0667       | 1.2173      | 0.1327     | 0.5756     | 0.7189     |             | 1.3745   | -0.073 
81     | 2.7685     | 0.4803     | 1.0857       | 1.2025      | 0.1155     | 0.5757     | 0.7003     |             | 1.3803   | -0.064 
82     | 2.7648     | 0.5002     | 1.0625       | 1.2020      | 0.1187     | 0.5724     | 0.7005     |             | 1.2915   | -0.067 
83     | 2.7134     | 0.4711     | 1.0398       | 1.2024      | 0.1221     | 0.5746     | 0.6923     |             | 1.3432   | -0.065 
84     | 2.7178     | 0.5137     | 1.0059       | 1.1982      | 0.1424     | 0.5517     | 0.6998     |             | 1.3907   | -0.082 
85     | 2.5949     | 0.4596     | 0.9496       | 1.1857      | 0.1296     | 0.5143     | 0.6977     |             | 1.3421   | -0.093 
86     | 2.6217     | 0.4623     | 0.9673       | 1.1921      | 0.1255     | 0.5355     | 0.7051     |             | 1.3847   | -0.084 
87     | 2.6092     | 0.4477     | 0.9864       | 1.1751      | 0.1578     | 0.5116     | 0.7087     |             | 1.4517   | -0.104 
88     | 2.6466     | 0.4588     | 0.9982       | 1.1896      | 0.1592     | 0.5261     | 0.6996     |             | 1.4462   | -0.097 
89     | 2.6827     | 0.4808     | 1.0258       | 1.1762      | 0.1513     | 0.5551     | 0.7170     |             | 1.4438   | -0.087 
90     | 2.7273     | 0.5035     | 1.0497       | 1.1741      | 0.1389     | 0.5533     | 0.6995     |             | 1.3879   | -0.080 
91     | 2.7777     | 0.4995     | 1.0834       | 1.1948      | 0.1418     | 0.5738     | 0.6958     |             | 1.4369   | -0.072 
92     | 2.7495     | 0.4696     | 1.0739       | 1.2060      | 0.1954     | 0.5646     | 0.7000     |             | 1.4687   | -0.093 
93     | 2.6919     | 0.4568     | 1.0417       | 1.1933      | 0.1321     | 0.5709     | 0.7081     |             | 1.4929   | -0.073 
94     | 2.7406     | 0.4642     | 1.0471       | 1.2293      | 0.1446     | 0.5603     | 0.6962     |             | 1.4845   | -0.079 
95     | 2.7084     | 0.4515     | 1.0435       | 1.2133      | 0.1487     | 0.5847     | 0.6980     |             | 1.4418   | -0.070 
96     | 2.6712     | 0.4709     | 1.0220       | 1.1784      | 0.1520     | 0.5231     | 0.7090     |             | 1.4300   | -0.098 
97     | 2.7450     | 0.4846     | 1.0180       | 1.2424      | 0.1480     | 0.5214     | 0.7079     |             | 1.3793   | -0.097 
98     | 2.6637     | 0.4561     | 0.9942       | 1.2134      | 0.1450     | 0.5095     | 0.7222     |             | 1.4257   | -0.104 
99     | 2.6468     | 0.4451     | 1.0053       | 1.1964      | 0.1218     | 0.5262     | 0.7165     |             | 1.4040   | -0.089 
100    | 2.6492     | 0.4366     | 0.9984       | 1.2142      | 0.1201     | 0.5241     | 0.7101     |             | 1.3421   | -0.088 
101    | 2.7543     | 0.4921     | 1.0837       | 1.1784      | 0.1563     | 0.5482     | 0.7141     |             | 1.3765   | -0.090 
102    | 2.6947     | 0.4341     | 1.0529       | 1.2077      | 0.1470     | 0.5423     | 0.6949     |             | 1.4357   | -0.086 
103    | 2.6521     | 0.4361     | 1.0673       | 1.1487      | 0.1283     | 0.5440     | 0.7265     |             | 1.3566   | -0.086 
104    | 2.6815     | 0.4330     | 1.0757       | 1.1729      | 0.1377     | 0.5888     | 0.7135     |             | 1.4682   | -0.068 
105    | 2.7030     | 0.4667     | 1.0544       | 1.1819      | 0.1235     | 0.5703     | 0.7196     |             | 1.4229   | -0.073 
106    | 2.6393     | 0.4254     | 1.0499       | 1.1641      | 0.1275     | 0.5747     | 0.7211     |             | 1.4667   | -0.073 
107    | 2.6412     | 0.4323     | 1.0823       | 1.1266      | 0.1227     | 0.6047     | 0.7217     |             | 1.4295   | -0.059 
108    | 2.6859     | 0.4507     | 1.0858       | 1.1494      | 0.1156     | 0.5734     | 0.7101     |             | 1.4148   | -0.067 
109    | 2.6442     | 0.4498     | 1.0620       | 1.1324      | 0.1365     | 0.5329     | 0.7158     |             | 1.3817   | -0.091 
110    | 2.5683     | 0.4212     | 1.0167       | 1.1304      | 0.1282     | 0.5262     | 0.7125     |             | 1.4504   | -0.090 
111    | 2.6385     | 0.4434     | 1.0236       | 1.1714      | 0.1173     | 0.5208     | 0.7047     |             | 1.3208   | -0.088 
112    | 2.5985     | 0.4246     | 1.0502       | 1.1238      | 0.1481     | 0.5401     | 0.7132     |             | 1.2743   | -0.091 
113    | 2.7156     | 0.4534     | 1.0832       | 1.1790      | 0.1270     | 0.5414     | 0.7171     |             | 1.2757   | -0.085 
114    | 2.7523     | 0.4691     | 1.1181       | 1.1652      | 0.1290     | 0.5308     | 0.6995     |             | 1.3542   | -0.086 
115    | 2.6947     | 0.4556     | 1.1042       | 1.1349      | 0.1237     | 0.5548     | 0.7334     |             | 1.3022   | -0.082 
116    | 2.7710     | 0.4780     | 1.1308       | 1.1621      | 0.1310     | 0.5743     | 0.7072     |             | 1.2815   | -0.071 
117    | 2.7448     | 0.4604     | 1.1149       | 1.1696      | 0.1184     | 0.5404     | 0.7238     |             | 1.3453   | -0.084 
118    | 2.7684     | 0.4695     | 1.0928       | 1.2061      | 0.1118     | 0.5041     | 0.7237     |             | 1.3527   | -0.097 
119    | 2.7596     | 0.4278     | 1.0800       | 1.2518      | 0.1580     | 0.5102     | 0.6907     |             | 1.3003   | -0.101 
120    | 2.7494     | 0.4500     | 1.1014       | 1.1980      | 0.1207     | 0.5143     | 0.6874     |             | 1.3543   | -0.088 
121    | 2.6530     | 0.4242     | 1.0715       | 1.1573      | 0.1279     | 0.5309     | 0.7023     |             | 1.3458   | -0.086 
122    | 2.7135     | 0.4369     | 1.1104       | 1.1662      | 0.1293     | 0.5494     | 0.7151     |             | 1.3720   | -0.082 
123    | 2.8104     | 0.4884     | 1.1181       | 1.2039      | 0.1388     | 0.6159     | 0.7219     |             | 1.3431   | -0.060 
124    | 2.7786     | 0.4519     | 1.1269       | 1.1998      | 0.1226     | 0.5651     | 0.7337     |             | 1.3158   | -0.077 
125    | 2.7413     | 0.4485     | 1.1296       | 1.1632      | 0.1163     | 0.5579     | 0.6814     |             | 1.3522   | -0.068 
126    | 2.7349     | 0.4599     | 1.1220       | 1.1529      | 0.1190     | 0.5393     | 0.7125     |             | 1.3380   | -0.082 
127    | 2.7004     | 0.4224     | 1.0723       | 1.2056      | 0.1299     | 0.5481     | 0.7067     |             | 1.3447   | -0.081 
128    | 2.6950     | 0.4281     | 1.0941       | 1.1727      | 0.1154     | 0.5628     | 0.7050     |             | 1.3207   | -0.071 
129    | 2.6325     | 0.4134     | 1.0685       | 1.1506      | 0.1323     | 0.5544     | 0.6961     |             | 1.3997   | -0.077 
130    | 2.7503     | 0.4436     | 1.1152       | 1.1916      | 0.1125     | 0.6286     | 0.6840     |             | 1.3970   | -0.039 
131    | 2.7722     | 0.4581     | 1.1394       | 1.1747      | 0.1184     | 0.5909     | 0.6783     |             | 1.4200   | -0.055 
132    | 2.8310     | 0.4716     | 1.1582       | 1.2012      | 0.1533     | 0.5881     | 0.6987     |             | 1.3347   | -0.071 
133    | 2.7652     | 0.4508     | 1.1081       | 1.2063      | 0.1167     | 0.5600     | 0.7056     |             | 1.2669   | -0.072 
134    | 2.7913     | 0.4772     | 1.1206       | 1.1935      | 0.1328     | 0.5711     | 0.6930     |             | 1.2960   | -0.070 
135    | 2.7335     | 0.4475     | 1.1158       | 1.1702      | 0.1411     | 0.5561     | 0.6870     |             | 1.3236   | -0.077 
136    | 2.7687     | 0.4575     | 1.1586       | 1.1526      | 0.1205     | 0.5637     | 0.7743     |             | 1.3653   | -0.086 
137    | 2.7641     | 0.4296     | 1.1649       | 1.1696      | 0.1196     | 0.5491     | 0.7134     |             | 1.3092   | -0.079 
138    | 2.7707     | 0.4225     | 1.1616       | 1.1866      | 0.1198     | 0.5650     | 0.7044     |             | 1.3242   | -0.071 
139    | 2.6816     | 0.4389     | 1.1120       | 1.1307      | 0.1218     | 0.5654     | 0.7156     |             | 1.3403   | -0.073 
140    | 2.6328     | 0.4088     | 1.0855       | 1.1385      | 0.1200     | 0.5986     | 0.7060     |             | 1.3992   | -0.058 
141    | 2.6388     | 0.4204     | 1.0959       | 1.1225      | 0.1111     | 0.5876     | 0.7388     |             | 1.3820   | -0.066 
142    | 2.6517     | 0.3927     | 1.1347       | 1.1243      | 0.1051     | 0.5600     | 0.7086     |             | 1.3731   | -0.069 
143    | 2.7682     | 0.4367     | 1.1332       | 1.1982      | 0.1239     | 0.5239     | 0.7020     |             | 1.3039   | -0.088 
144    | 2.7525     | 0.4418     | 1.1214       | 1.1892      | 0.1330     | 0.5549     | 0.7007     |             | 1.2223   | -0.078 
145    | 2.7223     | 0.4268     | 1.1070       | 1.1885      | 0.1283     | 0.5686     | 0.7151     |             | 1.2967   | -0.074 
146    | 2.7543     | 0.4154     | 1.1366       | 1.2023      | 0.1167     | 0.5392     | 0.6945     |             | 1.2813   | -0.078 
147    | 2.6914     | 0.4010     | 1.1158       | 1.1746      | 0.1448     | 0.5480     | 0.7395     |             | 1.3067   | -0.092 
148    | 2.6316     | 0.4055     | 1.0915       | 1.1346      | 0.0992     | 0.5276     | 0.7294     |             | 1.2480   | -0.085 
149    | 2.6355     | 0.4037     | 1.0726       | 1.1592      | 0.1301     | 0.5463     | 0.6925     |             | 1.2871   | -0.079 
150    | 2.6671     | 0.4201     | 1.0991       | 1.1478      | 0.1157     | 0.5437     | 0.6832     |             | 1.2618   | -0.074 
151    | 2.7403     | 0.4214     | 1.1471       | 1.1718      | 0.1146     | 0.5950     | 0.7075     |             | 1.2809   | -0.058 
152    | 2.7285     | 0.4166     | 1.1515       | 1.1605      | 0.1212     | 0.5610     | 0.7120     |             | 1.2559   | -0.074 
153    | 2.6953     | 0.4660     | 1.1434       | 1.0859      | 0.1343     | 0.5789     | 0.7076     |             | 1.4347   | -0.070 
154    | 2.7044     | 0.4150     | 1.1396       | 1.1498      | 0.1425     | 0.5928     | 0.7275     |             | 1.2943   | -0.071 
155    | 2.7905     | 0.4355     | 1.1947       | 1.1603      | 0.1129     | 0.6604     | 0.7149     |             | 1.2244   | -0.033 
156    | 2.8072     | 0.4300     | 1.2294       | 1.1479      | 0.1265     | 0.6378     | 0.7111     |             | 1.3883   | -0.045 
157    | 2.7453     | 0.3944     | 1.1835       | 1.1674      | 0.1308     | 0.6137     | 0.7119     |             | 1.3361   | -0.056 
158    | 2.7618     | 0.4374     | 1.1819       | 1.1426      | 0.1116     | 0.6159     | 0.7227     |             | 1.4587   | -0.052 
159    | 2.7474     | 0.4308     | 1.1609       | 1.1556      | 0.1287     | 0.5856     | 0.7163     |             | 1.4471   | -0.068 
160    | 2.7136     | 0.4165     | 1.1487       | 1.1484      | 0.1057     | 0.5849     | 0.7207     |             | 1.4590   | -0.062 
161    | 2.7798     | 0.4342     | 1.1609       | 1.1846      | 0.1114     | 0.5601     | 0.7057     |             | 1.4072   | -0.071 
162    | 2.6996     | 0.4073     | 1.1440       | 1.1482      | 0.1235     | 0.5542     | 0.7037     |             | 1.3708   | -0.076 
163    | 2.6736     | 0.4106     | 1.1099       | 1.1531      | 0.0971     | 0.5270     | 0.7102     |             | 1.4289   | -0.080 
164    | 2.6606     | 0.4130     | 1.0926       | 1.1551      | 0.1095     | 0.5499     | 0.6891     |             | 1.3380   | -0.071 
165    | 2.6295     | 0.3972     | 1.0979       | 1.1344      | 0.1094     | 0.5747     | 0.6878     |             | 1.3739   | -0.061 
166    | 2.6956     | 0.4014     | 1.1207       | 1.1735      | 0.1027     | 0.5733     | 0.6941     |             | 1.3529   | -0.060 
167    | 2.7429     | 0.4155     | 1.1483       | 1.1792      | 0.1074     | 0.6079     | 0.7982     |             | 1.3141   | -0.069 
168    | 2.7068     | 0.3913     | 1.1310       | 1.1845      | 0.1194     | 0.5876     | 0.6964     |             | 1.3830   | -0.060 
169    | 2.7651     | 0.4393     | 1.1418       | 1.1840      | 0.1069     | 0.5907     | 0.7001     |             | 1.3175   | -0.056 
170    | 2.6897     | 0.4096     | 1.1099       | 1.1701      | 0.1168     | 0.6037     | 0.7118     |             | 1.1976   | -0.056 
171    | 2.6733     | 0.4075     | 1.1107       | 1.1551      | 0.1025     | 0.5683     | 0.7132     |             | 1.3047   | -0.066 
172    | 2.6883     | 0.4018     | 1.1046       | 1.1819      | 0.0951     | 0.5849     | 0.7255     |             | 1.2732   | -0.060 
173    | 2.6898     | 0.3831     | 1.1311       | 1.1756      | 0.1143     | 0.5805     | 0.7047     |             | 1.2885   | -0.063 
174    | 2.6868     | 0.3917     | 1.1681       | 1.1271      | 0.1016     | 0.5963     | 0.7516     |             | 1.2490   | -0.062 
175    | 2.7176     | 0.4039     | 1.1710       | 1.1427      | 0.0999     | 0.6170     | 0.7976     |             | 1.2551   | -0.063 
176    | 2.7796     | 0.4064     | 1.2104       | 1.1628      | 0.1154     | 0.5990     | 0.7177     |             | 1.3616   | -0.059 
177    | 2.7303     | 0.3949     | 1.1902       | 1.1451      | 0.1073     | 0.6163     | 0.6931     |             | 1.3507   | -0.044 
178    | 2.7895     | 0.4224     | 1.1851       | 1.1820      | 0.1046     | 0.5962     | 0.6999     |             | 1.3617   | -0.053 
179    | 2.7179     | 0.3769     | 1.1657       | 1.1753      | 0.1271     | 0.5841     | 0.7414     |             | 1.2923   | -0.073 
180    | 2.7072     | 0.4120     | 1.1224       | 1.1728      | 0.1076     | 0.5848     | 0.7236     |             | 1.3925   | -0.063 
181    | 2.6828     | 0.4063     | 1.1441       | 1.1325      | 0.1224     | 0.5811     | 0.6988     |             | 1.3137   | -0.064 
182    | 2.6595     | 0.4101     | 1.1146       | 1.1347      | 0.1070     | 0.5764     | 0.7122     |             | 1.3522   | -0.064 
183    | 2.6712     | 0.4134     | 1.1230       | 1.1349      | 0.1229     | 0.5710     | 0.6936     |             | 1.3627   | -0.067 
184    | 2.6616     | 0.4013     | 1.0953       | 1.1650      | 0.1104     | 0.5491     | 0.6968     |             | 1.3222   | -0.073 
185    | 2.6100     | 0.3554     | 1.1212       | 1.1334      | 0.1067     | 0.5797     | 0.7328     |             | 1.2943   | -0.067 
186    | 2.6517     | 0.3813     | 1.1320       | 1.1384      | 0.1139     | 0.5583     | 0.7102     |             | 1.2568   | -0.073 
187    | 2.6715     | 0.4272     | 1.0988       | 1.1455      | 0.1037     | 0.5574     | 0.6903     |             | 1.3666   | -0.066 
188    | 2.6846     | 0.4018     | 1.0973       | 1.1854      | 0.1077     | 0.5586     | 0.7098     |             | 1.2736   | -0.071 
189    | 2.6033     | 0.3682     | 1.0891       | 1.1460      | 0.1156     | 0.5856     | 0.7408     |             | 1.2517   | -0.069 
190    | 2.6466     | 0.3984     | 1.1034       | 1.1448      | 0.1035     | 0.5727     | 0.7186     |             | 1.2369   | -0.066 
191    | 2.6119     | 0.3722     | 1.0779       | 1.1618      | 0.1082     | 0.5779     | 0.7127     |             | 1.2190   | -0.064 
192    | 2.6325     | 0.3764     | 1.0925       | 1.1636      | 0.0951     | 0.6002     | 0.7289     |             | 1.3198   | -0.054 
193    | 2.6661     | 0.4076     | 1.1108       | 1.1477      | 0.1082     | 0.5832     | 0.7248     |             | 1.2606   | -0.064 
194    | 2.6910     | 0.3933     | 1.1239       | 1.1738      | 0.1285     | 0.5870     | 0.7355     |             | 1.2554   | -0.071 
195    | 2.6373     | 0.3947     | 1.1123       | 1.1302      | 0.1066     | 0.5909     | 0.7121     |             | 1.2541   | -0.058 
196    | 2.6212     | 0.3700     | 1.0971       | 1.1541      | 0.1176     | 0.5580     | 0.7133     |             | 1.2807   | -0.075 
197    | 2.6518     | 0.4188     | 1.0943       | 1.1387      | 0.1230     | 0.5596     | 0.7035     |             | 1.3180   | -0.074 
198    | 2.6115     | 0.3527     | 1.1059       | 1.1529      | 0.1075     | 0.5441     | 0.7251     |             | 1.2559   | -0.080 
199    | 2.6094     | 0.3541     | 1.1141       | 1.1412      | 0.0964     | 0.5358     | 0.7366     |             | 1.2591   | -0.082 
200    | 2.6378     | 0.3827     | 1.1200       | 1.1351      | 0.0945     | 0.5617     | 0.7423     |             | 1.2556   | -0.072 
201    | 2.7049     | 0.4181     | 1.1290       | 1.1578      | 0.1065     | 0.5307     | 0.6991     |             | 1.2108   | -0.080 
202    | 2.6598     | 0.4010     | 1.1129       | 1.1459      | 0.1035     | 0.5541     | 0.7224     |             | 1.2310   | -0.074 
203    | 2.6201     | 0.3564     | 1.1010       | 1.1626      | 0.0987     | 0.5748     | 0.7281     |             | 1.3215   | -0.065 
204    | 2.7584     | 0.4462     | 1.1403       | 1.1719      | 0.1176     | 0.5768     | 0.7245     |             | 1.2837   | -0.069 
205    | 2.7641     | 0.3887     | 1.1639       | 1.2115      | 0.0995     | 0.5939     | 0.7014     |             | 1.2994   | -0.053 
206    | 2.7641     | 0.3919     | 1.1880       | 1.1843      | 0.1086     | 0.5957     | 0.7066     |             | 1.3210   | -0.056 
207    | 2.7560     | 0.4072     | 1.1969       | 1.1519      | 0.1288     | 0.6199     | 0.7118     |             | 1.3255   | -0.053 
208    | 2.7675     | 0.4049     | 1.1809       | 1.1817      | 0.1074     | 0.6423     | 0.7076     |             | 1.3061   | -0.037 
209    | 2.7544     | 0.4083     | 1.2181       | 1.1281      | 0.1130     | 0.6039     | 0.7137     |             | 1.3370   | -0.055 
210    | 2.8153     | 0.4187     | 1.2334       | 1.1631      | 0.1243     | 0.6662     | 0.6906     |             | 1.2589   | -0.029 
211    | 2.7923     | 0.3922     | 1.2190       | 1.1811      | 0.1563     | 0.6523     | 0.7020     |             | 1.3499   | -0.046 
212    | 2.8117     | 0.4153     | 1.2275       | 1.1688      | 0.1204     | 0.6086     | 0.7042     |             | 1.4010   | -0.054 
213    | 2.7561     | 0.3818     | 1.2216       | 1.1526      | 0.1084     | 0.5955     | 0.7297     |             | 1.3753   | -0.060 
214    | 2.7846     | 0.3892     | 1.2295       | 1.1659      | 0.1199     | 0.6001     | 0.7156     |             | 1.3368   | -0.059 
215    | 2.8658     | 0.3938     | 1.2655       | 1.2065      | 0.1111     | 0.5953     | 0.7236     |             | 1.4618   | -0.060 
216    | 2.8767     | 0.4352     | 1.2160       | 1.2256      | 0.1375     | 0.5660     | 0.7140     |             | 1.4294   | -0.078 
217    | 2.7315     | 0.3828     | 1.1745       | 1.1742      | 0.0990     | 0.5785     | 0.7005     |             | 1.2544   | -0.058 
218    | 2.7040     | 0.3926     | 1.1410       | 1.1705      | 0.1463     | 0.5758     | 0.7157     |             | 1.2932   | -0.077 
219    | 2.7549     | 0.4094     | 1.1253       | 1.2202      | 0.0902     | 0.5930     | 0.7524     |             | 1.3225   | -0.060 
220    | 2.7615     | 0.3748     | 1.1605       | 1.2261      | 0.1104     | 0.5869     | 0.7417     |             | 1.3226   | -0.067 
221    | 2.8263     | 0.4313     | 1.1713       | 1.2237      | 0.1117     | 0.5786     | 0.7049     |             | 1.3274   | -0.063 
222    | 2.7169     | 0.3943     | 1.1411       | 1.1815      | 0.1121     | 0.5541     | 0.7136     |             | 1.3917   | -0.075 
223    | 2.6963     | 0.3801     | 1.1318       | 1.1844      | 0.1072     | 0.5730     | 0.7046     |             | 1.3409   | -0.064 
224    | 2.6983     | 0.3678     | 1.1583       | 1.1722      | 0.1077     | 0.5644     | 0.6846     |             | 1.3802   | -0.063 
225    | 2.6638     | 0.4042     | 1.1061       | 1.1535      | 0.1203     | 0.5658     | 0.7020     |             | 1.3349   | -0.070 
226    | 2.6062     | 0.3398     | 1.1078       | 1.1586      | 0.1083     | 0.5799     | 0.6916     |             | 1.3478   | -0.059 
227    | 2.6143     | 0.3735     | 1.0988       | 1.1421      | 0.1012     | 0.5598     | 0.7013     |             | 1.3608   | -0.067 
228    | 2.5638     | 0.3422     | 1.0869       | 1.1348      | 0.1407     | 0.5600     | 0.7303     |             | 1.3625   | -0.084 
229    | 2.6641     | 0.3870     | 1.0888       | 1.1883      | 0.1022     | 0.5619     | 0.7313     |             | 1.3059   | -0.072 
230    | 2.5955     | 0.3626     | 1.1075       | 1.1254      | 0.1099     | 0.5980     | 0.7185     |             | 1.2510   | -0.057 
231    | 2.6338     | 0.3517     | 1.1379       | 1.1443      | 0.1243     | 0.6402     | 0.7157     |             | 1.2839   | -0.044 
232    | 2.7071     | 0.3818     | 1.1600       | 1.1653      | 0.1144     | 0.6541     | 0.7603     |             | 1.2134   | -0.045 
233    | 2.7738     | 0.3915     | 1.1713       | 1.2110      | 0.1186     | 0.6602     | 0.6747     |             | 1.2778   | -0.026 
234    | 2.7494     | 0.3687     | 1.2074       | 1.1732      | 0.1244     | 0.6234     | 0.6984     |             | 1.2892   | -0.048 
235    | 2.6755     | 0.3540     | 1.1948       | 1.1267      | 0.1070     | 0.6200     | 0.7205     |             | 1.3450   | -0.048 
236    | 2.7290     | 0.3879     | 1.1908       | 1.1503      | 0.0882     | 0.6254     | 0.7627     |             | 1.3156   | -0.049 
237    | 2.7100     | 0.3625     | 1.1609       | 1.1866      | 0.1175     | 0.6256     | 0.7042     |             | 1.3306   | -0.046 
238    | 2.7233     | 0.3833     | 1.1931       | 1.1469      | 0.1406     | 0.5914     | 0.7028     |             | 1.3867   | -0.066 
239    | 2.7258     | 0.3727     | 1.1889       | 1.1642      | 0.1075     | 0.6026     | 0.7116     |             | 1.3339   | -0.054 
240    | 2.6998     | 0.3802     | 1.1766       | 1.1429      | 0.1182     | 0.5871     | 0.7149     |             | 1.2841   | -0.064 
241    | 2.6579     | 0.3714     | 1.1509       | 1.1356      | 0.1096     | 0.5775     | 0.7028     |             | 1.2852   | -0.062 
242    | 2.6300     | 0.3491     | 1.1376       | 1.1433      | 0.1116     | 0.5729     | 0.6977     |             | 1.4046   | -0.064 
243    | 2.7545     | 0.3794     | 1.1501       | 1.2249      | 0.1292     | 0.5737     | 0.7194     |             | 1.2742   | -0.073 
244    | 2.6706     | 0.3928     | 1.1243       | 1.1535      | 0.1199     | 0.5799     | 0.7350     |             | 1.3832   | -0.071 
245    | 2.6750     | 0.3623     | 1.1242       | 1.1886      | 0.1011     | 0.5612     | 0.7054     |             | 1.3827   | -0.067 
246    | 2.6197     | 0.3509     | 1.1267       | 1.1420      | 0.1103     | 0.5447     | 0.7325     |             | 1.3766   | -0.082 
247    | 2.6872     | 0.3801     | 1.1538       | 1.1533      | 0.0956     | 0.5750     | 0.7634     |             | 1.3913   | -0.071 
248    | 2.7467     | 0.3907     | 1.1972       | 1.1588      | 0.1120     | 0.5803     | 0.6947     |             | 1.4042   | -0.060 
249    | 2.6002     | 0.3415     | 1.1513       | 1.1075      | 0.1146     | 0.5817     | 0.7212     |             | 1.3854   | -0.066 
250    | 2.7074     | 0.3879     | 1.1534       | 1.1662      | 0.1222     | 0.5933     | 0.7439     |             | 1.3439   | -0.068 
251    | 2.6092     | 0.3517     | 1.1376       | 1.1200      | 0.1244     | 0.5926     | 0.7075     |             | 1.3547   | -0.062 
252    | 2.6680     | 0.3683     | 1.1230       | 1.1767      | 0.1020     | 0.5952     | 0.7151     |             | 1.3172   | -0.056 
253    | 2.6970     | 0.3897     | 1.1170       | 1.1902      | 0.1255     | 0.5741     | 0.7484     |             | 1.2254   | -0.078 
254    | 2.6879     | 0.3701     | 1.0908       | 1.2269      | 0.1013     | 0.5757     | 0.6911     |             | 1.3020   | -0.058 
255    | 2.7111     | 0.3724     | 1.1148       | 1.2239      | 0.1125     | 0.5660     | 0.7216     |             | 1.2417   | -0.072 
256    | 2.7149     | 0.3718     | 1.1262       | 1.2170      | 0.1089     | 0.5706     | 0.6966     |             | 1.2412   | -0.064 
257    | 2.7081     | 0.3951     | 1.1549       | 1.1582      | 0.1120     | 0.5719     | 0.7243     |             | 1.2859   | -0.070 
258    | 2.7579     | 0.3745     | 1.1494       | 1.2340      | 0.1080     | 0.5874     | 0.7628     |             | 1.3340   | -0.070 
259    | 2.7417     | 0.3570     | 1.1489       | 1.2358      | 0.1168     | 0.6069     | 0.7144     |             | 1.2787   | -0.055 
260    | 2.6857     | 0.3528     | 1.1681       | 1.1649      | 0.0995     | 0.5631     | 0.7345     |             | 1.2851   | -0.072 
261    | 2.7377     | 0.3800     | 1.1634       | 1.1943      | 0.1470     | 0.5819     | 0.7147     |             | 1.3341   | -0.074 
262    | 2.6988     | 0.3594     | 1.1824       | 1.1569      | 0.1169     | 0.6120     | 0.7117     |             | 1.2876   | -0.053 
263    | 2.7330     | 0.3950     | 1.1566       | 1.1815      | 0.1166     | 0.5947     | 0.6871     |             | 1.2788   | -0.055 
264    | 2.6929     | 0.3651     | 1.1608       | 1.1671      | 0.1039     | 0.6061     | 0.6883     |             | 1.3132   | -0.046 
265    | 2.6946     | 0.3671     | 1.1524       | 1.1751      | 0.1299     | 0.6041     | 0.6900     |             | 1.2970   | -0.055 
266    | 2.6867     | 0.3413     | 1.1852       | 1.1602      | 0.1065     | 0.6334     | 0.6994     |             | 1.3606   | -0.038 
267    | 2.7594     | 0.4120     | 1.1826       | 1.1649      | 0.1124     | 0.6003     | 0.6831     |             | 1.2833   | -0.050 
268    | 2.7105     | 0.3861     | 1.1636       | 1.1608      | 0.1065     | 0.6055     | 0.6907     |             | 1.3540   | -0.048 
269    | 2.7131     | 0.4065     | 1.1521       | 1.1545      | 0.1018     | 0.6005     | 0.6922     |             | 1.3435   | -0.049 
270    | 2.6863     | 0.3521     | 1.1653       | 1.1689      | 0.1242     | 0.6114     | 0.7017     |             | 1.3261   | -0.053 
271    | 2.7340     | 0.3722     | 1.1424       | 1.2194      | 0.1117     | 0.5958     | 0.6843     |             | 1.3593   | -0.052 
272    | 2.7437     | 0.3665     | 1.1770       | 1.2002      | 0.1230     | 0.6169     | 0.6808     |             | 1.4234   | -0.046 
273    | 2.7149     | 0.3620     | 1.1618       | 1.1911      | 0.0992     | 0.6262     | 0.7228     |             | 1.2871   | -0.044 
274    | 2.6839     | 0.3710     | 1.1478       | 1.1651      | 0.1081     | 0.6350     | 0.7285     |             | 1.4291   | -0.044 
275    | 2.7669     | 0.3916     | 1.1706       | 1.2047      | 0.1282     | 0.6536     | 0.7114     |             | 1.3724   | -0.039 
276    | 2.6903     | 0.3715     | 1.1623       | 1.1566      | 0.1101     | 0.6074     | 0.7117     |             | 1.4264   | -0.052 
277    | 2.7448     | 0.3590     | 1.1940       | 1.1917      | 0.1135     | 0.6401     | 0.7056     |             | 1.3503   | -0.039 
278    | 2.7783     | 0.3880     | 1.2047       | 1.1855      | 0.1113     | 0.6146     | 0.7120     |             | 1.3553   | -0.050 
279    | 2.7247     | 0.3667     | 1.1946       | 1.1634      | 0.1101     | 0.6617     | 0.7154     |             | 1.3568   | -0.031 
280    | 2.7147     | 0.3852     | 1.1680       | 1.1616      | 0.1175     | 0.6129     | 0.7026     |             | 1.3174   | -0.051 
281    | 2.6849     | 0.3578     | 1.1647       | 1.1624      | 0.1070     | 0.6071     | 0.7109     |             | 1.3440   | -0.051 
282    | 2.6425     | 0.3468     | 1.1309       | 1.1649      | 0.1110     | 0.5773     | 0.7031     |             | 1.2840   | -0.063 
283    | 2.6482     | 0.3750     | 1.1163       | 1.1569      | 0.0985     | 0.5866     | 0.7217     |             | 1.3532   | -0.059 
284    | 2.5825     | 0.3591     | 1.0819       | 1.1415      | 0.1261     | 0.5714     | 0.7230     |             | 1.3080   | -0.074 
285    | 2.6870     | 0.3763     | 1.1045       | 1.2062      | 0.1101     | 0.5996     | 0.7011     |             | 1.3019   | -0.053 
286    | 2.6920     | 0.3808     | 1.1256       | 1.1856      | 0.1220     | 0.6154     | 0.7124     |             | 1.3286   | -0.053 
287    | 2.6775     | 0.3464     | 1.1409       | 1.1902      | 0.1047     | 0.6143     | 0.7044     |             | 1.3364   | -0.047 
288    | 2.7014     | 0.3857     | 1.1508       | 1.1648      | 0.1204     | 0.6106     | 0.7167     |             | 1.3029   | -0.055 
289    | 2.6567     | 0.3571     | 1.1539       | 1.1458      | 0.0971     | 0.5920     | 0.7112     |             | 1.2816   | -0.055 
290    | 2.6877     | 0.3699     | 1.1347       | 1.1831      | 0.1178     | 0.6001     | 0.7091     |             | 1.3401   | -0.057 
291    | 2.6332     | 0.3690     | 1.1217       | 1.1425      | 0.1007     | 0.5860     | 0.7156     |             | 1.3721   | -0.059 
292    | 2.6151     | 0.3507     | 1.1245       | 1.1398      | 0.0999     | 0.5839     | 0.7116     |             | 1.4403   | -0.059 
293    | 2.6174     | 0.3375     | 1.1294       | 1.1505      | 0.1115     | 0.5811     | 0.7560     |             | 1.4007   | -0.072 
294    | 2.6520     | 0.3595     | 1.1319       | 1.1605      | 0.1025     | 0.5702     | 0.6975     |             | 1.3599   | -0.062 
295    | 2.6763     | 0.3767     | 1.1150       | 1.1846      | 0.1049     | 0.6099     | 0.7487     |             | 1.3903   | -0.057 
296    | 2.6560     | 0.3531     | 1.1280       | 1.1748      | 0.1037     | 0.6009     | 0.7244     |             | 1.4423   | -0.056 
297    | 2.6227     | 0.3303     | 1.1509       | 1.1415      | 0.1323     | 0.6194     | 0.7186     |             | 1.4160   | -0.056 
298    | 2.6694     | 0.3644     | 1.1701       | 1.1350      | 0.1420     | 0.6069     | 0.7223     |             | 1.4650   | -0.064 
299    | 2.7145     | 0.3719     | 1.1907       | 1.1520      | 0.1658     | 0.6034     | 0.7012     |             | 1.4204   | -0.069 
300    | 2.6681     | 0.3496     | 1.1860       | 1.1325      | 0.0974     | 0.5902     | 0.7335     |             | 1.3455   | -0.060 
301    | 2.6587     | 0.3654     | 1.1620       | 1.1312      | 0.1298     | 0.6131     | 0.7085     |             | 1.4567   | -0.055 
302    | 2.6750     | 0.3674     | 1.1774       | 1.1302      | 0.1117     | 0.5980     | 0.7166     |             | 1.3533   | -0.058 
303    | 2.7058     | 0.3659     | 1.1907       | 1.1492      | 0.1002     | 0.6437     | 0.7079     |             | 1.4186   | -0.034 
304    | 2.6957     | 0.3526     | 1.2219       | 1.1212      | 0.1125     | 0.6151     | 0.7129     |             | 1.3701   | -0.050 
305    | 2.7848     | 0.3825     | 1.2702       | 1.1321      | 0.0956     | 0.6103     | 0.7040     |             | 1.3173   | -0.045 
306    | 2.8525     | 0.3967     | 1.3113       | 1.1445      | 0.1158     | 0.6627     | 0.6971     |             | 1.3180   | -0.029 
307    | 2.9216     | 0.3980     | 1.3897       | 1.1338      | 0.1086     | 0.6602     | 0.6998     |             | 1.2397   | -0.028 
308    | 2.8860     | 0.4264     | 1.3328       | 1.1268      | 0.1249     | 0.6164     | 0.6997     |             | 1.3455   | -0.051 
309    | 2.8234     | 0.3852     | 1.3010       | 1.1371      | 0.1293     | 0.6533     | 0.7043     |             | 1.3597   | -0.038 
310    | 2.8609     | 0.4086     | 1.2852       | 1.1670      | 0.1069     | 0.6548     | 0.6944     |             | 1.2908   | -0.029 
311    | 2.8255     | 0.3823     | 1.2993       | 1.1440      | 0.1176     | 0.6395     | 0.6883     |             | 1.4057   | -0.037 
312    | 2.7944     | 0.3923     | 1.2898       | 1.1123      | 0.1323     | 0.6154     | 0.7010     |             | 1.3376   | -0.054 
313    | 2.7673     | 0.3592     | 1.2705       | 1.1376      | 0.1044     | 0.6034     | 0.6969     |             | 1.3316   | -0.049 
314    | 2.7981     | 0.3915     | 1.2561       | 1.1506      | 0.1100     | 0.5970     | 0.6937     |             | 1.3806   | -0.053 
315    | 2.7836     | 0.3714     | 1.2846       | 1.1277      | 0.1240     | 0.6269     | 0.7168     |             | 1.3033   | -0.050 
316    | 2.7143     | 0.3429     | 1.2598       | 1.1115      | 0.1107     | 0.5885     | 0.7270     |             | 1.2532   | -0.063 
317    | 2.7209     | 0.3433     | 1.2550       | 1.1226      | 0.1052     | 0.6100     | 0.7244     |             | 1.2490   | -0.052 
318    | 2.7737     | 0.3713     | 1.2555       | 1.1469      | 0.1080     | 0.6140     | 0.7136     |             | 1.2682   | -0.050 
319    | 2.7115     | 0.3493     | 1.2276       | 1.1346      | 0.1100     | 0.6298     | 0.7123     |             | 1.2875   | -0.044 
320    | 2.7951     | 0.3742     | 1.2495       | 1.1713      | 0.0978     | 0.6351     | 0.7171     |             | 1.3623   | -0.039 
321    | 2.7526     | 0.3727     | 1.2314       | 1.1486      | 0.0915     | 0.6194     | 0.7079     |             | 1.3648   | -0.041 
322    | 2.6788     | 0.3418     | 1.2213       | 1.1157      | 0.1138     | 0.6080     | 0.6949     |             | 1.4364   | -0.050 
323    | 2.7224     | 0.3641     | 1.1946       | 1.1637      | 0.0996     | 0.5923     | 0.7587     |             | 1.3673   | -0.065 
324    | 2.7249     | 0.3681     | 1.1539       | 1.2029      | 0.1164     | 0.5811     | 0.8151     |             | 1.4032   | -0.086 
325    | 2.9201     | 0.3876     | 1.1987       | 1.3339      | 0.1231     | 0.6046     | 0.7214     |             | 1.3163   | -0.059 
326    | 2.8277     | 0.3640     | 1.2074       | 1.2563      | 0.1290     | 0.6207     | 0.7182     |             | 1.4090   | -0.054 
327    | 2.8056     | 0.3680     | 1.2056       | 1.2320      | 0.1108     | 0.6186     | 0.7258     |             | 1.4097   | -0.051 
328    | 2.7358     | 0.3542     | 1.2021       | 1.1795      | 0.1376     | 0.6094     | 0.7180     |             | 1.4041   | -0.061 
329    | 2.7536     | 0.3502     | 1.1862       | 1.2172      | 0.1139     | 0.5920     | 0.7397     |             | 1.3849   | -0.065 
330    | 2.6958     | 0.3335     | 1.1833       | 1.1789      | 0.1231     | 0.5884     | 0.7173     |             | 1.2839   | -0.065 
331    | 2.7551     | 0.3604     | 1.2015       | 1.1932      | 0.1086     | 0.5837     | 0.7187     |             | 1.2702   | -0.063 
332    | 2.7367     | 0.3313     | 1.1998       | 1.2056      | 0.1201     | 0.5933     | 0.7120     |             | 1.2855   | -0.061 
333    | 2.7090     | 0.3212     | 1.1820       | 1.2058      | 0.1191     | 0.5924     | 0.7128     |             | 1.2837   | -0.061 
334    | 2.7257     | 0.3441     | 1.1983       | 1.1832      | 0.1184     | 0.5868     | 0.7214     |             | 1.2581   | -0.065 
335    | 2.7312     | 0.3537     | 1.1983       | 1.1793      | 0.1138     | 0.6359     | 0.6786     |             | 1.3111   | -0.036 
336    | 2.7333     | 0.3476     | 1.2033       | 1.1824      | 0.1077     | 0.6329     | 0.7153     |             | 1.3473   | -0.042 
337    | 2.6786     | 0.3219     | 1.1998       | 1.1568      | 0.1103     | 0.6207     | 0.7053     |             | 1.2886   | -0.046 
338    | 2.7446     | 0.3902     | 1.1918       | 1.1626      | 0.1085     | 0.6098     | 0.6806     |             | 1.2709   | -0.045 
339    | 2.6936     | 0.3476     | 1.1630       | 1.1829      | 0.1388     | 0.6202     | 0.6942     |             | 1.4421   | -0.052 
340    | 2.5957     | 0.3007     | 1.1420       | 1.1530      | 0.0877     | 0.5800     | 0.6779     |             | 1.2996   | -0.050 
341    | 2.6411     | 0.3398     | 1.1403       | 1.1609      | 0.1337     | 0.5871     | 0.6935     |             | 1.3421   | -0.064 
342    | 2.6530     | 0.3246     | 1.1395       | 1.1890      | 0.0942     | 0.5845     | 0.6812     |             | 1.4009   | -0.051 
343    | 2.6054     | 0.3251     | 1.1421       | 1.1382      | 0.1174     | 0.5937     | 0.6747     |             | 1.3453   | -0.053 
344    | 2.7316     | 0.3974     | 1.1694       | 1.1648      | 0.1171     | 0.5967     | 0.6895     |             | 1.3994   | -0.054 
345    | 2.6402     | 0.3589     | 1.1534       | 1.1279      | 0.0823     | 0.5847     | 0.7094     |             | 1.4020   | -0.053 
346    | 2.6172     | 0.3303     | 1.1301       | 1.1568      | 0.1174     | 0.5923     | 0.6942     |             | 1.4786   | -0.057 
347    | 2.6154     | 0.3287     | 1.1450       | 1.1417      | 0.0973     | 0.6230     | 0.6795     |             | 1.3463   | -0.036 
348    | 2.6409     | 0.3322     | 1.1773       | 1.1314      | 0.0832     | 0.5930     | 0.6989     |             | 1.3465   | -0.048 
349    | 2.6602     | 0.3734     | 1.1593       | 1.1275      | 0.1034     | 0.6082     | 0.7133     |             | 1.3146   | -0.050 
350    | 2.6783     | 0.3735     | 1.1673       | 1.1375      | 0.0978     | 0.6049     | 0.6920     |             | 1.3132   | -0.046 
351    | 2.6438     | 0.3322     | 1.1717       | 1.1399      | 0.0940     | 0.6306     | 0.6894     |             | 1.3680   | -0.034 
352    | 2.6431     | 0.3382     | 1.1957       | 1.1091      | 0.0883     | 0.6446     | 0.6826     |             | 1.2135   | -0.025 
353    | 2.7573     | 0.3659     | 1.2612       | 1.1303      | 0.1203     | 0.6913     | 0.7222     |             | 1.3213   | -0.024 
354    | 2.8083     | 0.3715     | 1.3132       | 1.1236      | 0.1197     | 0.6979     | 0.6979     |             | 1.2705   | -0.016 
355    | 2.7616     | 0.3637     | 1.2871       | 1.1108      | 0.1253     | 0.6988     | 0.6860     |             | 1.3560   | -0.023 
356    | 2.6516     | 0.3480     | 1.2236       | 1.0800      | 0.1192     | 0.6725     | 0.6910     |             | 1.3514   | -0.025 
/home/mcslab/yutung/MCSLAB_RSSI_RTT_Dataset/FusionDANN/fusion_dann_v4_noRSSIDiff.py:188: FutureWarning: DataFrameGroupBy.apply operated on the grouping columns. This behavior is deprecated, and in a future version of pandas the grouping columns will be excluded from the operation. Either pass `include_groups=False` to exclude the groupings or explicitly select the grouping columns after groupby to silence this warning.
  df = df.groupby('Label').apply(
/home/mcslab/yutung/MCSLAB_RSSI_RTT_Dataset/FusionDANN/fusion_dann_v4_noRSSIDiff.py:188: FutureWarning: DataFrameGroupBy.apply operated on the grouping columns. This behavior is deprecated, and in a future version of pandas the grouping columns will be excluded from the operation. Either pass `include_groups=False` to exclude the groupings or explicitly select the grouping columns after groupby to silence this warning.
  df = df.groupby('Label').apply(
357    | 2.6985     | 0.3449     | 1.2229       | 1.1307      | 0.1243     | 0.6865     | 0.6856     |             | 1.3197   | -0.020 
358    | 2.6950     | 0.3359     | 1.1927       | 1.1664      | 0.1119     | 0.6183     | 0.7020     |             | 1.3081   | -0.047 
359    | 2.6627     | 0.3447     | 1.1850       | 1.1329      | 0.1073     | 0.6131     | 0.7070     |             | 1.3583   | -0.048 
360    | 2.6876     | 0.3439     | 1.1752       | 1.1684      | 0.0942     | 0.6171     | 0.7254     |             | 1.3320   | -0.047 
361    | 2.6569     | 0.3178     | 1.1838       | 1.1553      | 0.1292     | 0.6266     | 0.7132     |             | 1.3968   | -0.051 
362    | 2.7054     | 0.3592     | 1.1837       | 1.1626      | 0.1330     | 0.6024     | 0.7434     |             | 1.2450   | -0.068 
363    | 2.6401     | 0.3209     | 1.1821       | 1.1370      | 0.0995     | 0.6196     | 0.6930     |             | 1.2432   | -0.041 
364    | 2.7165     | 0.3535     | 1.1974       | 1.1657      | 0.1027     | 0.6322     | 0.7282     |             | 1.3752   | -0.044 
365    | 2.7227     | 0.3625     | 1.2035       | 1.1567      | 0.0866     | 0.6136     | 0.7414     |             | 1.4454   | -0.049 
366    | 2.6700     | 0.3487     | 1.1859       | 1.1354      | 0.1076     | 0.6136     | 0.7075     |             | 1.4014   | -0.048 
367    | 2.6084     | 0.3148     | 1.1614       | 1.1322      | 0.1055     | 0.5944     | 0.7080     |             | 1.3636   | -0.055 
368    | 2.6599     | 0.3161     | 1.1821       | 1.1617      | 0.1068     | 0.6104     | 0.7196     |             | 1.4474   | -0.052 
369    | 2.6760     | 0.3772     | 1.1752       | 1.1235      | 0.1145     | 0.6320     | 0.6946     |             | 1.4201   | -0.040 
370    | 2.6928     | 0.3493     | 1.2123       | 1.1312      | 0.1003     | 0.5909     | 0.7067     |             | 1.3560   | -0.055 
371    | 2.7760     | 0.3662     | 1.2074       | 1.2024      | 0.1098     | 0.6017     | 0.7024     |             | 1.4324   | -0.053 
372    | 2.7336     | 0.3553     | 1.1822       | 1.1962      | 0.0947     | 0.5790     | 0.6950     |             | 1.3367   | -0.056 
373    | 2.7360     | 0.3660     | 1.1693       | 1.2007      | 0.0933     | 0.5743     | 0.6929     |             | 1.3451   | -0.057 
374    | 2.6675     | 0.3228     | 1.1763       | 1.1684      | 0.0889     | 0.5685     | 0.7047     |             | 1.3407   | -0.060 
375    | 2.7083     | 0.3427     | 1.1820       | 1.1837      | 0.0852     | 0.5651     | 0.7068     |             | 1.4309   | -0.061 
376    | 2.7299     | 0.3533     | 1.2017       | 1.1750      | 0.0944     | 0.5853     | 0.7262     |             | 1.3500   | -0.059 
377    | 2.6573     | 0.3297     | 1.1819       | 1.1457      | 0.1245     | 0.6178     | 0.7051     |             | 1.3386   | -0.051 
378    | 2.7274     | 0.3545     | 1.1901       | 1.1829      | 0.1040     | 0.6078     | 0.7088     |             | 1.3387   | -0.050 
379    | 2.7219     | 0.3675     | 1.1923       | 1.1621      | 0.1146     | 0.6232     | 0.7070     |             | 1.2983   | -0.046 
380    | 2.6650     | 0.3536     | 1.1698       | 1.1416      | 0.1165     | 0.6275     | 0.6991     |             | 1.4300   | -0.044 
381    | 2.6674     | 0.3383     | 1.1730       | 1.1561      | 0.1083     | 0.6119     | 0.7001     |             | 1.2402   | -0.048 
382    | 2.6639     | 0.3335     | 1.1598       | 1.1705      | 0.0981     | 0.5912     | 0.6991     |             | 1.3402   | -0.053 
383    | 2.7082     | 0.3514     | 1.1715       | 1.1854      | 0.0902     | 0.6097     | 0.6944     |             | 1.3722   | -0.042 
384    | 2.6503     | 0.3413     | 1.1737       | 1.1353      | 0.0915     | 0.5981     | 0.6919     |             | 1.2344   | -0.047 
385    | 2.7039     | 0.3347     | 1.1907       | 1.1785      | 0.0928     | 0.6060     | 0.6864     |             | 1.2565   | -0.043 
386    | 2.6861     | 0.3379     | 1.1925       | 1.1557      | 0.0897     | 0.6273     | 0.6853     |             | 1.2482   | -0.033 
387    | 2.6625     | 0.3155     | 1.1979       | 1.1491      | 0.0970     | 0.6383     | 0.7024     |             | 1.2721   | -0.034 
388    | 2.7073     | 0.3244     | 1.2392       | 1.1437      | 0.0800     | 0.6408     | 0.7098     |             | 1.2453   | -0.030 
389    | 2.7813     | 0.3755     | 1.2401       | 1.1657      | 0.0873     | 0.6248     | 0.7188     |             | 1.2536   | -0.040 
390    | 2.7450     | 0.3315     | 1.2353       | 1.1782      | 0.0852     | 0.6128     | 0.6900     |             | 1.2670   | -0.038 
391    | 2.7545     | 0.3549     | 1.2556       | 1.1441      | 0.0936     | 0.6133     | 0.6812     |             | 1.2740   | -0.039 
392    | 2.7249     | 0.3149     | 1.2345       | 1.1756      | 0.0869     | 0.6047     | 0.7142     |             | 1.2542   | -0.047 
393    | 2.7747     | 0.3412     | 1.2170       | 1.2165      | 0.1013     | 0.6132     | 0.6804     |             | 1.2886   | -0.041 
394    | 2.7237     | 0.3349     | 1.1947       | 1.1941      | 0.0940     | 0.5882     | 0.6871     |             | 1.3052   | -0.050 
395    | 2.6626     | 0.3586     | 1.1888       | 1.1152      | 0.1129     | 0.6015     | 0.7014     |             | 1.2870   | -0.054 
396    | 2.6841     | 0.3449     | 1.1826       | 1.1567      | 0.1189     | 0.5791     | 0.7013     |             | 1.2971   | -0.064 
397    | 2.6627     | 0.3283     | 1.1870       | 1.1475      | 0.0969     | 0.5619     | 0.6874     |             | 1.2620   | -0.062 
398    | 2.6311     | 0.3334     | 1.1725       | 1.1253      | 0.0968     | 0.5762     | 0.7094     |             | 1.2614   | -0.060 
399    | 2.6602     | 0.3315     | 1.1784       | 1.1503      | 0.0938     | 0.5736     | 0.7082     |             | 1.2118   | -0.060 
400    | 2.6776     | 0.3152     | 1.1937       | 1.1687      | 0.1086     | 0.5545     | 0.6880     |             | 1.2852   | -0.068 
Seed 42 | Src MDE: 0.0499 | Tgt MDE: 1.2705
Start Training Seed 6767...

Start Training... (Validate on Source Val & Target Val)
Epoch  | Total Loss | Train Cls  | Train D_RSSI | Train D_RTT | Val Cls    | Val D_RSSI | Val D_RTT  | Save        | Test MDE | Score  
---------------------------------------------------------------------------------------------------------------------------------------
1      | 6.3087     | 3.5134     | 1.4142       | 1.3812      | 2.9631     | 0.7138     | 0.6976     |             | 1.7661   | -0.873 
2      | 5.6230     | 2.8750     | 1.3849       | 1.3632      | 2.4785     | 0.7031     | 0.7055     |             | 1.5718   | -0.723 
3      | 5.2178     | 2.4800     | 1.3752       | 1.3625      | 2.1125     | 0.6980     | 0.7023     |             | 1.5168   | -0.615 
4      | 4.9228     | 2.2083     | 1.3635       | 1.3510      | 1.8232     | 0.6921     | 0.7004     |             | 1.4831   | -0.530 
5      | 4.6644     | 1.9689     | 1.3536       | 1.3419      | 1.5466     | 0.6842     | 0.6990     |             | 1.4637   | -0.450 
6      | 4.4531     | 1.7717     | 1.3448       | 1.3366      | 1.3391     | 0.6807     | 0.6910     |             | 1.4397   | -0.388 
7      | 4.2424     | 1.5792     | 1.3302       | 1.3330      | 1.1452     | 0.6711     | 0.7029     |             | 1.4571   | -0.336 
8      | 4.0861     | 1.4557     | 1.3135       | 1.3169      | 0.9880     | 0.6629     | 0.7039     |             | 1.4027   | -0.292 
9      | 3.9390     | 1.3348     | 1.2935       | 1.3108      | 0.8331     | 0.6615     | 0.7126     |             | 1.4321   | -0.248 
10     | 3.8262     | 1.2412     | 1.2717       | 1.3132      | 0.7534     | 0.6518     | 0.6921     |             | 1.3524   | -0.224 
11     | 3.7005     | 1.1561     | 1.2460       | 1.2984      | 0.6874     | 0.6465     | 0.7073     |             | 1.3220   | -0.209 
12     | 3.6044     | 1.0867     | 1.2211       | 1.2967      | 0.6151     | 0.6396     | 0.7158     |             | 1.3635   | -0.192 
13     | 3.5471     | 1.0554     | 1.1915       | 1.3002      | 0.5703     | 0.6414     | 0.6940     |             | 1.3508   | -0.173 
14     | 3.4529     | 0.9979     | 1.1695       | 1.2856      | 0.4877     | 0.6247     | 0.7020     |             | 1.3704   | -0.157 
15     | 3.3444     | 0.9428     | 1.1321       | 1.2695      | 0.4608     | 0.6267     | 0.7141     |             | 1.4139   | -0.150 
16     | 3.2407     | 0.8864     | 1.0970       | 1.2574      | 0.4070     | 0.6279     | 0.7105     |             | 1.3099   | -0.133 
17     | 3.1792     | 0.8689     | 1.0684       | 1.2418      | 0.4102     | 0.6241     | 0.7065     |             | 1.3065   | -0.135 
18     | 3.0958     | 0.8063     | 1.0362       | 1.2534      | 0.3302     | 0.5971     | 0.7171     |             | 1.3305   | -0.124 
19     | 3.0252     | 0.7946     | 0.9964       | 1.2341      | 0.3166     | 0.5871     | 0.7112     |             | 1.4184   | -0.122 
20     | 2.9917     | 0.7802     | 0.9754       | 1.2360      | 0.3236     | 0.6038     | 0.7193     |             | 1.2733   | -0.119 
21     | 2.9308     | 0.7360     | 0.9472       | 1.2477      | 0.3124     | 0.6070     | 0.7142     |             | 1.3178   | -0.114 
22     | 2.8837     | 0.7303     | 0.9185       | 1.2349      | 0.2682     | 0.5939     | 0.6951     |             | 1.4111   | -0.102 
23     | 2.8213     | 0.6947     | 0.8836       | 1.2430      | 0.2655     | 0.5791     | 0.6974     |             | 1.2979   | -0.107 
24     | 2.7583     | 0.6731     | 0.8403       | 1.2448      | 0.2541     | 0.5691     | 0.7190     |             | 1.3795   | -0.112 
25     | 2.7490     | 0.6875     | 0.8306       | 1.2308      | 0.2591     | 0.5596     | 0.7215     |             | 1.3546   | -0.118 
26     | 2.7338     | 0.6594     | 0.8347       | 1.2397      | 0.2606     | 0.5650     | 0.7176     |             | 1.3260   | -0.116 
27     | 2.6430     | 0.6356     | 0.7800       | 1.2274      | 0.2406     | 0.5545     | 0.7170     |             | 1.3336   | -0.114 
28     | 2.6523     | 0.6391     | 0.7874       | 1.2258      | 0.2256     | 0.5755     | 0.7427     |             | 1.4215   | -0.106 
29     | 2.6541     | 0.6440     | 0.7910       | 1.2192      | 0.2195     | 0.5702     | 0.7206     |             | 1.3025   | -0.102 
30     | 2.6499     | 0.6272     | 0.8064       | 1.2163      | 0.2299     | 0.5759     | 0.7359     |             | 1.3181   | -0.106 
31     | 2.6403     | 0.6165     | 0.8038       | 1.2199      | 0.2257     | 0.5728     | 0.7315     |             | 1.3213   | -0.105 
32     | 2.6199     | 0.6029     | 0.8082       | 1.2088      | 0.2088     | 0.5389     | 0.7124     |             | 1.3339   | -0.110 
33     | 2.6040     | 0.5921     | 0.8035       | 1.2084      | 0.2202     | 0.5193     | 0.7295     |             | 1.3502   | -0.124 
34     | 2.5896     | 0.5922     | 0.8140       | 1.1835      | 0.1883     | 0.5631     | 0.7188     |             | 1.2880   | -0.095 
35     | 2.5887     | 0.5962     | 0.8087       | 1.1839      | 0.1865     | 0.5363     | 0.7232     |             | 1.3545   | -0.106 
36     | 2.5426     | 0.5623     | 0.7944       | 1.1859      | 0.1857     | 0.5581     | 0.7187     |             | 1.2995   | -0.096 
37     | 2.6145     | 0.5910     | 0.8363       | 1.1872      | 0.2221     | 0.5444     | 0.7424     |             | 1.3342   | -0.117 
38     | 2.6043     | 0.5820     | 0.8368       | 1.1855      | 0.1930     | 0.5684     | 0.7139     |             | 1.3379   | -0.093 
39     | 2.6592     | 0.5825     | 0.8544       | 1.2223      | 0.1913     | 0.5746     | 0.6954     |             | 1.3593   | -0.087 
40     | 2.5929     | 0.5357     | 0.8394       | 1.2178      | 0.1974     | 0.5726     | 0.7045     |             | 1.3567   | -0.091 
41     | 2.6664     | 0.5618     | 0.8827       | 1.2219      | 0.2107     | 0.5737     | 0.6997     |             | 1.4258   | -0.094 
42     | 2.6825     | 0.5655     | 0.8813       | 1.2356      | 0.1991     | 0.5243     | 0.6908     |             | 1.3102   | -0.108 
43     | 2.6062     | 0.5307     | 0.8607       | 1.2149      | 0.1764     | 0.5288     | 0.7293     |             | 1.3182   | -0.107 
44     | 2.5649     | 0.5271     | 0.8338       | 1.2040      | 0.1851     | 0.5176     | 0.7037     |             | 1.3318   | -0.109 
45     | 2.6006     | 0.5480     | 0.8421       | 1.2105      | 0.1800     | 0.5563     | 0.7123     |             | 1.3905   | -0.094 
46     | 2.6354     | 0.5444     | 0.8674       | 1.2236      | 0.1983     | 0.5523     | 0.7034     |             | 1.4145   | -0.099 
47     | 2.6344     | 0.5420     | 0.8766       | 1.2158      | 0.1790     | 0.5371     | 0.6800     |             | 1.3856   | -0.095 
48     | 2.6183     | 0.5474     | 0.8643       | 1.2066      | 0.1603     | 0.5533     | 0.6847     |             | 1.3095   | -0.084 
49     | 2.6293     | 0.5316     | 0.8937       | 1.2039      | 0.1810     | 0.5689     | 0.7256     |             | 1.2645   | -0.092 
50     | 2.6343     | 0.5350     | 0.9021       | 1.1972      | 0.1575     | 0.5664     | 0.7375     |             | 1.3802   | -0.088 
51     | 2.5983     | 0.5177     | 0.9032       | 1.1775      | 0.1830     | 0.5794     | 0.7174     |             | 1.3648   | -0.087 
52     | 2.6469     | 0.5284     | 0.9208       | 1.1977      | 0.1721     | 0.5288     | 0.7090     |             | 1.2999   | -0.102 
53     | 2.6628     | 0.5387     | 0.9341       | 1.1899      | 0.1604     | 0.5595     | 0.7056     |             | 1.3255   | -0.085 
54     | 2.6436     | 0.5036     | 0.9493       | 1.1908      | 0.1504     | 0.5436     | 0.7002     |             | 1.3802   | -0.088 
55     | 2.6763     | 0.5166     | 0.9622       | 1.1975      | 0.1822     | 0.5330     | 0.7402     |             | 1.3296   | -0.109 
56     | 2.6608     | 0.5115     | 0.9576       | 1.1917      | 0.1677     | 0.5434     | 0.7445     |             | 1.3597   | -0.102 
57     | 2.7233     | 0.5479     | 1.0034       | 1.1720      | 0.1591     | 0.5485     | 0.7029     |             | 1.3546   | -0.089 
58     | 2.6840     | 0.5138     | 0.9749       | 1.1953      | 0.1847     | 0.5437     | 0.7155     |             | 1.3354   | -0.101 
59     | 2.7442     | 0.5482     | 1.0288       | 1.1672      | 0.1725     | 0.5090     | 0.7112     |             | 1.3720   | -0.110 
60     | 2.6012     | 0.4870     | 0.9519       | 1.1623      | 0.1633     | 0.5273     | 0.7094     |             | 1.3989   | -0.100 
61     | 2.6503     | 0.5094     | 0.9625       | 1.1783      | 0.1370     | 0.5194     | 0.7151     |             | 1.3319   | -0.096 
62     | 2.6234     | 0.4949     | 0.9767       | 1.1518      | 0.1652     | 0.5228     | 0.7198     |             | 1.4399   | -0.104 
63     | 2.6451     | 0.5105     | 0.9732       | 1.1614      | 0.1418     | 0.5073     | 0.7011     |             | 1.4351   | -0.100 
64     | 2.6978     | 0.5329     | 0.9791       | 1.1857      | 0.1505     | 0.4894     | 0.7076     |             | 1.3868   | -0.111 
65     | 2.6488     | 0.4948     | 0.9446       | 1.2093      | 0.1677     | 0.5051     | 0.7215     |             | 1.4592   | -0.113 
66     | 2.6389     | 0.5101     | 0.9402       | 1.1886      | 0.1726     | 0.5187     | 0.7264     |             | 1.4198   | -0.110 
67     | 2.6453     | 0.4932     | 0.9381       | 1.2140      | 0.1591     | 0.4970     | 0.7056     |             | 1.4441   | -0.110 
68     | 2.6761     | 0.4820     | 0.9654       | 1.2287      | 0.1481     | 0.4908     | 0.7267     |             | 1.3398   | -0.113 
69     | 2.6660     | 0.4939     | 0.9479       | 1.2242      | 0.1620     | 0.5088     | 0.7225     |             | 1.3921   | -0.110 
70     | 2.6805     | 0.4858     | 0.9481       | 1.2466      | 0.1398     | 0.5021     | 0.7338     |             | 1.3154   | -0.108 
71     | 2.7058     | 0.5012     | 0.9705       | 1.2341      | 0.1577     | 0.5168     | 0.7105     |             | 1.3158   | -0.103 
72     | 2.7107     | 0.4644     | 0.9586       | 1.2876      | 0.1546     | 0.5120     | 0.7173     |             | 1.3515   | -0.105 
73     | 2.8000     | 0.5289     | 0.9999       | 1.2713      | 0.1557     | 0.5331     | 0.7024     |             | 1.3230   | -0.094 
74     | 2.7379     | 0.4584     | 1.0131       | 1.2664      | 0.1559     | 0.5269     | 0.7307     |             | 1.3128   | -0.102 
75     | 2.7225     | 0.4746     | 0.9963       | 1.2516      | 0.1592     | 0.4997     | 0.7242     |             | 1.3106   | -0.113 
76     | 2.6407     | 0.4511     | 0.9725       | 1.2171      | 0.1332     | 0.5080     | 0.7054     |             | 1.2763   | -0.098 
77     | 2.7280     | 0.4621     | 1.0142       | 1.2518      | 0.1375     | 0.5072     | 0.7234     |             | 1.3485   | -0.103 
78     | 2.7471     | 0.4906     | 1.0294       | 1.2271      | 0.1407     | 0.5492     | 0.7368     |             | 1.2829   | -0.090 
79     | 2.7616     | 0.4952     | 1.0203       | 1.2462      | 0.1614     | 0.5069     | 0.7058     |             | 1.3452   | -0.107 
80     | 2.7071     | 0.4685     | 1.0187       | 1.2199      | 0.1515     | 0.5286     | 0.7088     |             | 1.3636   | -0.096 
81     | 2.7215     | 0.4678     | 0.9919       | 1.2618      | 0.1686     | 0.5156     | 0.7246     |             | 1.2898   | -0.109 
82     | 2.6834     | 0.4478     | 0.9805       | 1.2551      | 0.1448     | 0.5185     | 0.6963     |             | 1.3891   | -0.095 
83     | 2.7102     | 0.4793     | 0.9962       | 1.2347      | 0.1436     | 0.4981     | 0.7136     |             | 1.3443   | -0.107 
84     | 2.7148     | 0.4868     | 0.9972       | 1.2308      | 0.1371     | 0.5387     | 0.7290     |             | 1.3706   | -0.091 
85     | 2.7359     | 0.4508     | 1.0108       | 1.2744      | 0.1166     | 0.5263     | 0.7249     |             | 1.3614   | -0.089 
86     | 2.7093     | 0.4552     | 1.0047       | 1.2493      | 0.1531     | 0.4910     | 0.7170     |             | 1.3333   | -0.113 
87     | 2.7040     | 0.4260     | 1.0127       | 1.2653      | 0.1299     | 0.5154     | 0.6964     |             | 1.3625   | -0.092 
88     | 2.7253     | 0.4516     | 1.0151       | 1.2586      | 0.1684     | 0.5288     | 0.6989     |             | 1.3391   | -0.099 
89     | 2.7549     | 0.4521     | 1.0316       | 1.2712      | 0.1238     | 0.5449     | 0.7053     |             | 1.2293   | -0.080 
90     | 2.7196     | 0.4379     | 1.0131       | 1.2685      | 0.1436     | 0.5628     | 0.7123     |             | 1.3432   | -0.080 
91     | 2.7784     | 0.4648     | 1.0355       | 1.2781      | 0.1313     | 0.5440     | 0.7031     |             | 1.3177   | -0.082 
92     | 2.7737     | 0.4601     | 1.0199       | 1.2937      | 0.1526     | 0.5348     | 0.7441     |             | 1.2799   | -0.101 
93     | 2.7419     | 0.4443     | 1.0251       | 1.2724      | 0.1362     | 0.5328     | 0.7003     |             | 1.3356   | -0.088 
94     | 2.7774     | 0.4780     | 1.0217       | 1.2777      | 0.1284     | 0.5426     | 0.7105     |             | 1.3344   | -0.084 
95     | 2.7107     | 0.4140     | 1.0264       | 1.2702      | 0.1219     | 0.5167     | 0.7097     |             | 1.3133   | -0.092 
96     | 2.7902     | 0.4686     | 1.0666       | 1.2550      | 0.1471     | 0.5071     | 0.7039     |             | 1.4072   | -0.102 
97     | 2.7657     | 0.4697     | 1.0755       | 1.2205      | 0.1367     | 0.5157     | 0.7351     |             | 1.4276   | -0.102 
98     | 2.8087     | 0.4549     | 1.1158       | 1.2380      | 0.1396     | 0.5888     | 0.7198     |             | 1.4571   | -0.070 
99     | 2.8045     | 0.4551     | 1.1138       | 1.2357      | 0.1953     | 0.6115     | 0.7109     |             | 1.3577   | -0.076 
100    | 2.7692     | 0.4535     | 1.0774       | 1.2383      | 0.1706     | 0.5735     | 0.7596     |             | 1.4056   | -0.094 
101    | 2.7649     | 0.4618     | 1.1006       | 1.2026      | 0.1222     | 0.5401     | 0.7523     |             | 1.3650   | -0.091 
102    | 2.7626     | 0.4479     | 1.0951       | 1.2196      | 0.1294     | 0.5291     | 0.7555     |             | 1.3596   | -0.098 
103    | 2.8055     | 0.4474     | 1.1083       | 1.2499      | 0.1646     | 0.5191     | 0.7239     |             | 1.3185   | -0.106 
104    | 2.7742     | 0.4258     | 1.0955       | 1.2529      | 0.1388     | 0.5436     | 0.7147     |             | 1.3669   | -0.087 
105    | 2.7318     | 0.4161     | 1.0709       | 1.2448      | 0.1911     | 0.5326     | 0.7518     |             | 1.3445   | -0.115 
106    | 2.7227     | 0.4038     | 1.0718       | 1.2471      | 0.1388     | 0.5312     | 0.7467     |             | 1.3180   | -0.098 
107    | 2.8345     | 0.4345     | 1.1300       | 1.2700      | 0.1358     | 0.5734     | 0.7176     |             | 1.3134   | -0.075 
108    | 2.7582     | 0.4431     | 1.0814       | 1.2337      | 0.1139     | 0.5364     | 0.7130     |             | 1.3657   | -0.082 
109    | 2.7314     | 0.4675     | 1.0570       | 1.2069      | 0.1424     | 0.5043     | 0.7027     |             | 1.4060   | -0.102 
110    | 2.7153     | 0.4350     | 1.0540       | 1.2263      | 0.1362     | 0.5117     | 0.7116     |             | 1.3629   | -0.099 
111    | 2.7499     | 0.4369     | 1.0818       | 1.2312      | 0.1290     | 0.5067     | 0.7123     |             | 1.3962   | -0.098 
112    | 2.7670     | 0.4324     | 1.0924       | 1.2422      | 0.1478     | 0.5150     | 0.7175     |             | 1.4827   | -0.102 
113    | 2.7084     | 0.4263     | 1.0596       | 1.2224      | 0.1276     | 0.5407     | 0.7121     |             | 1.3297   | -0.084 
114    | 2.7749     | 0.4797     | 1.0407       | 1.2544      | 0.1625     | 0.5243     | 0.7119     |             | 1.3539   | -0.101 
115    | 2.7646     | 0.4524     | 1.0717       | 1.2405      | 0.1429     | 0.5558     | 0.7042     |             | 1.3653   | -0.081 
116    | 2.7852     | 0.4661     | 1.0966       | 1.2224      | 0.1438     | 0.5663     | 0.7297     |             | 1.3919   | -0.083 
117    | 2.7256     | 0.4301     | 1.0725       | 1.2230      | 0.1277     | 0.5578     | 0.7090     |             | 1.3609   | -0.077 
118    | 2.6755     | 0.4219     | 1.0601       | 1.1936      | 0.1349     | 0.5614     | 0.7382     |             | 1.3774   | -0.084 
119    | 2.7623     | 0.4794     | 1.0859       | 1.1969      | 0.1131     | 0.5207     | 0.7142     |             | 1.3139   | -0.088 
120    | 2.6515     | 0.3999     | 1.0404       | 1.2112      | 0.1225     | 0.5271     | 0.7130     |             | 1.2253   | -0.089 
121    | 2.7393     | 0.4797     | 1.0746       | 1.1850      | 0.1201     | 0.5021     | 0.7122     |             | 1.3970   | -0.098 
122    | 2.6271     | 0.4155     | 1.0281       | 1.1834      | 0.1268     | 0.5226     | 0.7156     |             | 1.2804   | -0.092 
123    | 2.6836     | 0.4251     | 1.0444       | 1.2142      | 0.1378     | 0.5067     | 0.7289     |             | 1.3115   | -0.104 
124    | 2.6577     | 0.4173     | 1.0551       | 1.1853      | 0.1405     | 0.5213     | 0.7226     |             | 1.3518   | -0.098 
125    | 2.6912     | 0.4195     | 1.0722       | 1.1995      | 0.1267     | 0.5262     | 0.7192     |             | 1.4002   | -0.091 
126    | 2.7159     | 0.4346     | 1.1133       | 1.1679      | 0.1352     | 0.5288     | 0.6929     |             | 1.3580   | -0.088 
127    | 2.7258     | 0.4244     | 1.1095       | 1.1918      | 0.1269     | 0.5390     | 0.7154     |             | 1.3008   | -0.086 
128    | 2.8320     | 0.4691     | 1.1511       | 1.2118      | 0.1147     | 0.5346     | 0.7000     |             | 1.3403   | -0.081 
129    | 2.7307     | 0.4204     | 1.1370       | 1.1733      | 0.1234     | 0.5638     | 0.7295     |             | 1.3230   | -0.077 
130    | 2.7929     | 0.4258     | 1.1694       | 1.1976      | 0.1520     | 0.5685     | 0.7051     |             | 1.2539   | -0.079 
131    | 2.7473     | 0.4213     | 1.1537       | 1.1723      | 0.1222     | 0.5816     | 0.7091     |             | 1.3044   | -0.066 
132    | 2.7748     | 0.4205     | 1.1465       | 1.2078      | 0.1332     | 0.5664     | 0.7518     |             | 1.3988   | -0.084 
133    | 2.7894     | 0.4720     | 1.1406       | 1.1767      | 0.1453     | 0.5629     | 0.7358     |             | 1.3472   | -0.086 
134    | 2.7191     | 0.4311     | 1.0909       | 1.1971      | 0.1262     | 0.5286     | 0.7419     |             | 1.3012   | -0.095 
135    | 2.7226     | 0.4236     | 1.1228       | 1.1762      | 0.1331     | 0.5499     | 0.7105     |             | 1.3156   | -0.082 
136    | 2.7374     | 0.4295     | 1.1450       | 1.1629      | 0.1153     | 0.5345     | 0.6975     |             | 1.2775   | -0.080 
137    | 2.7806     | 0.4040     | 1.2132       | 1.1634      | 0.1600     | 0.5732     | 0.7050     |             | 1.3725   | -0.080 
138    | 2.8800     | 0.4479     | 1.2181       | 1.2140      | 0.1204     | 0.6029     | 0.7256     |             | 1.2836   | -0.060 
139    | 2.8973     | 0.4396     | 1.2594       | 1.1983      | 0.1264     | 0.6219     | 0.7057     |             | 1.3111   | -0.050 
140    | 2.8830     | 0.4587     | 1.2030       | 1.2213      | 0.1116     | 0.5970     | 0.7087     |             | 1.3203   | -0.056 
141    | 2.8236     | 0.4444     | 1.1808       | 1.1984      | 0.1222     | 0.6116     | 0.6868     |             | 1.2532   | -0.049 
142    | 2.8429     | 0.4631     | 1.1988       | 1.1810      | 0.1533     | 0.6165     | 0.6899     |             | 1.2417   | -0.057 
143    | 2.8878     | 0.4826     | 1.2137       | 1.1916      | 0.1216     | 0.6177     | 0.7085     |             | 1.3155   | -0.051 
144    | 2.8138     | 0.4044     | 1.1810       | 1.2284      | 0.1263     | 0.5690     | 0.6962     |             | 1.3053   | -0.070 
145    | 2.8444     | 0.4464     | 1.1700       | 1.2280      | 0.1190     | 0.5937     | 0.7033     |             | 1.2808   | -0.059 
146    | 2.7405     | 0.4286     | 1.1193       | 1.1926      | 0.1329     | 0.5715     | 0.7570     |             | 1.2885   | -0.083 
147    | 2.7392     | 0.4127     | 1.1068       | 1.2197      | 0.1324     | 0.5855     | 0.6978     |             | 1.3708   | -0.065 
148    | 2.7361     | 0.4278     | 1.0996       | 1.2087      | 0.1096     | 0.5777     | 0.7427     |             | 1.3453   | -0.070 
149    | 2.7255     | 0.4188     | 1.0846       | 1.2222      | 0.1201     | 0.5757     | 0.7410     |             | 1.3565   | -0.074 
150    | 2.6768     | 0.4072     | 1.0792       | 1.1904      | 0.1339     | 0.5630     | 0.6929     |             | 1.3908   | -0.074 
151    | 2.7040     | 0.4135     | 1.1006       | 1.1898      | 0.1263     | 0.5836     | 0.7330     |             | 1.3789   | -0.071 
152    | 2.7335     | 0.4318     | 1.0978       | 1.2040      | 0.1254     | 0.5560     | 0.7524     |             | 1.2589   | -0.086 
153    | 2.7609     | 0.4336     | 1.0841       | 1.2432      | 0.1275     | 0.5382     | 0.7363     |             | 1.2814   | -0.090 
154    | 2.7158     | 0.3772     | 1.0848       | 1.2538      | 0.1381     | 0.5782     | 0.7617     |             | 1.2358   | -0.082 
155    | 2.8317     | 0.4275     | 1.1251       | 1.2790      | 0.1174     | 0.5735     | 0.7042     |             | 1.3241   | -0.067 
156    | 2.6979     | 0.4034     | 1.0647       | 1.2297      | 0.1313     | 0.5641     | 0.7208     |             | 1.3327   | -0.078 
157    | 2.6853     | 0.3854     | 1.0608       | 1.2391      | 0.1160     | 0.5441     | 0.7029     |             | 1.2681   | -0.078 
158    | 2.6583     | 0.3898     | 1.0572       | 1.2112      | 0.1208     | 0.5682     | 0.6971     |             | 1.3933   | -0.068 
159    | 2.6936     | 0.4191     | 1.0824       | 1.1921      | 0.1280     | 0.5900     | 0.7030     |             | 1.4331   | -0.063 
160    | 2.7059     | 0.4112     | 1.1041       | 1.1906      | 0.1157     | 0.5746     | 0.6908     |             | 1.3024   | -0.063 
161    | 2.7182     | 0.4017     | 1.0945       | 1.2220      | 0.1103     | 0.5539     | 0.7212     |             | 1.3706   | -0.076 
162    | 2.6971     | 0.4116     | 1.0911       | 1.1944      | 0.1193     | 0.5411     | 0.7200     |             | 1.3185   | -0.083 
163    | 2.6814     | 0.3954     | 1.0973       | 1.1886      | 0.1417     | 0.5848     | 0.6882     |             | 1.3159   | -0.066 
164    | 2.7538     | 0.3771     | 1.1359       | 1.2408      | 0.1195     | 0.5798     | 0.7205     |             | 1.3684   | -0.068 
165    | 2.7548     | 0.4081     | 1.1338       | 1.2129      | 0.1278     | 0.5833     | 0.7267     |             | 1.3207   | -0.070 
166    | 2.8102     | 0.4269     | 1.1620       | 1.2214      | 0.1317     | 0.5669     | 0.7495     |             | 1.2884   | -0.083 
167    | 2.7492     | 0.3688     | 1.1656       | 1.2149      | 0.1530     | 0.6613     | 0.7267     |             | 1.2690   | -0.047 
168    | 2.7683     | 0.3899     | 1.1668       | 1.2115      | 0.1335     | 0.5922     | 0.6988     |             | 1.3237   | -0.063 
169    | 2.8514     | 0.4014     | 1.1875       | 1.2626      | 0.1243     | 0.5900     | 0.7483     |             | 1.2363   | -0.071 
170    | 2.9070     | 0.4505     | 1.2049       | 1.2517      | 0.1370     | 0.5909     | 0.7457     |             | 1.2729   | -0.074 
171    | 2.8294     | 0.4168     | 1.1949       | 1.2177      | 0.1185     | 0.5738     | 0.7120     |             | 1.3066   | -0.068 
172    | 2.7757     | 0.4132     | 1.1613       | 1.2012      | 0.1263     | 0.5805     | 0.7586     |             | 1.3955   | -0.077 
173    | 2.8409     | 0.4337     | 1.1499       | 1.2573      | 0.1381     | 0.5763     | 0.7193     |             | 1.3151   | -0.075 
174    | 2.7716     | 0.3681     | 1.1757       | 1.2279      | 0.1416     | 0.5920     | 0.7304     |             | 1.4025   | -0.072 
175    | 2.7998     | 0.3909     | 1.2021       | 1.2067      | 0.1331     | 0.5798     | 0.7031     |             | 1.3309   | -0.069 
176    | 2.7644     | 0.3926     | 1.1835       | 1.1884      | 0.1379     | 0.5942     | 0.7212     |             | 1.2829   | -0.068 
177    | 2.7663     | 0.3848     | 1.1919       | 1.1896      | 0.1129     | 0.5863     | 0.7075     |             | 1.2852   | -0.061 
178    | 2.7993     | 0.4107     | 1.1736       | 1.2150      | 0.1151     | 0.5825     | 0.7237     |             | 1.2744   | -0.066 
179    | 2.7668     | 0.3830     | 1.1942       | 1.1896      | 0.1205     | 0.5865     | 0.7114     |             | 1.3238   | -0.064 
180    | 2.8382     | 0.4440     | 1.2103       | 1.1838      | 0.1211     | 0.5951     | 0.7077     |             | 1.2938   | -0.060 
181    | 2.7913     | 0.3957     | 1.2070       | 1.1886      | 0.1163     | 0.5393     | 0.7260     |             | 1.2679   | -0.084 
182    | 2.7407     | 0.3779     | 1.1836       | 1.1793      | 0.1376     | 0.5656     | 0.7345     |             | 1.3203   | -0.082 
183    | 2.7595     | 0.3911     | 1.1639       | 1.2045      | 0.1199     | 0.5684     | 0.7278     |             | 1.2575   | -0.074 
184    | 2.7915     | 0.4051     | 1.1297       | 1.2567      | 0.1190     | 0.5850     | 0.7760     |             | 1.2659   | -0.077 
185    | 2.6789     | 0.3548     | 1.1064       | 1.2177      | 0.1362     | 0.5844     | 0.7135     |             | 1.2985   | -0.070 
186    | 2.7500     | 0.4064     | 1.1191       | 1.2245      | 0.1345     | 0.6027     | 0.7112     |             | 1.2640   | -0.062 
187    | 2.7505     | 0.4079     | 1.1582       | 1.1844      | 0.1239     | 0.5983     | 0.7384     |             | 1.2822   | -0.066 
188    | 2.7816     | 0.4095     | 1.1542       | 1.2178      | 0.1405     | 0.5921     | 0.7307     |             | 1.3238   | -0.071 
189    | 2.7524     | 0.3793     | 1.1736       | 1.1995      | 0.1130     | 0.6092     | 0.7243     |             | 1.3640   | -0.055 
190    | 2.7672     | 0.3938     | 1.1720       | 1.2013      | 0.1519     | 0.5749     | 0.7174     |             | 1.3150   | -0.079 
191    | 2.7754     | 0.3937     | 1.1660       | 1.2157      | 0.1213     | 0.5630     | 0.7226     |             | 1.4105   | -0.076 
192    | 2.7186     | 0.3845     | 1.1535       | 1.1806      | 0.1487     | 0.5672     | 0.6971     |             | 1.3359   | -0.077 
193    | 2.7845     | 0.3690     | 1.1961       | 1.2194      | 0.1240     | 0.5877     | 0.7239     |             | 1.3416   | -0.067 
194    | 2.7730     | 0.3833     | 1.1782       | 1.2114      | 0.1165     | 0.5568     | 0.7281     |             | 1.3407   | -0.078 
195    | 2.7732     | 0.4025     | 1.1576       | 1.2131      | 0.1483     | 0.5485     | 0.7355     |             | 1.3108   | -0.092 
196    | 2.8688     | 0.3982     | 1.1805       | 1.2901      | 0.1424     | 0.5885     | 0.7139     |             | 1.3375   | -0.070 
197    | 2.8423     | 0.4155     | 1.1720       | 1.2548      | 0.1171     | 0.5687     | 0.7074     |             | 1.3228   | -0.069 
198    | 2.7642     | 0.3973     | 1.1387       | 1.2283      | 0.1449     | 0.5818     | 0.7162     |             | 1.2480   | -0.074 
199    | 2.7278     | 0.3764     | 1.1319       | 1.2195      | 0.1274     | 0.6028     | 0.6945     |             | 1.2857   | -0.056 
200    | 2.7220     | 0.3826     | 1.1480       | 1.1914      | 0.1339     | 0.6465     | 0.7363     |             | 1.3276   | -0.049 
201    | 2.7758     | 0.3926     | 1.1851       | 1.1981      | 0.1440     | 0.6503     | 0.7296     |             | 1.3044   | -0.049 
202    | 2.7220     | 0.3544     | 1.1782       | 1.1894      | 0.1257     | 0.6028     | 0.6879     |             | 1.2787   | -0.054 
203    | 2.7162     | 0.3610     | 1.1670       | 1.1881      | 0.1222     | 0.6344     | 0.7012     |             | 1.2610   | -0.043 
204    | 2.6310     | 0.3432     | 1.1285       | 1.1593      | 0.1124     | 0.6059     | 0.7115     |             | 1.2609   | -0.054 
205    | 2.6815     | 0.4083     | 1.1072       | 1.1660      | 0.1362     | 0.5975     | 0.7351     |             | 1.4237   | -0.069 
206    | 2.6481     | 0.3734     | 1.0862       | 1.1885      | 0.1295     | 0.6006     | 0.7183     |             | 1.2885   | -0.062 
207    | 2.6298     | 0.3547     | 1.1046       | 1.1705      | 0.1526     | 0.5816     | 0.7123     |             | 1.3161   | -0.076 
208    | 2.6564     | 0.3999     | 1.0933       | 1.1632      | 0.1224     | 0.5701     | 0.6985     |             | 1.2702   | -0.068 
209    | 2.6572     | 0.3663     | 1.1219       | 1.1690      | 0.1455     | 0.5705     | 0.7368     |             | 1.3271   | -0.083 
210    | 2.6799     | 0.4023     | 1.1154       | 1.1622      | 0.1186     | 0.5446     | 0.7498     |             | 1.3222   | -0.088 
211    | 2.6721     | 0.3395     | 1.1252       | 1.2074      | 0.1150     | 0.5663     | 0.7842     |             | 1.2643   | -0.085 
212    | 2.6513     | 0.3593     | 1.1305       | 1.1616      | 0.1223     | 0.5512     | 0.7107     |             | 1.2995   | -0.078 
213    | 2.6313     | 0.3471     | 1.1273       | 1.1569      | 0.1287     | 0.5309     | 0.6882     |             | 1.2938   | -0.084 
214    | 2.6420     | 0.3445     | 1.1254       | 1.1721      | 0.1309     | 0.5469     | 0.6854     |             | 1.3197   | -0.078 
215    | 2.7004     | 0.3766     | 1.1495       | 1.1744      | 0.1290     | 0.5706     | 0.6939     |             | 1.2240   | -0.069 
216    | 2.7698     | 0.3946     | 1.1922       | 1.1829      | 0.1239     | 0.5916     | 0.6950     |             | 1.3427   | -0.060 
217    | 2.7567     | 0.4169     | 1.1730       | 1.1669      | 0.1218     | 0.5821     | 0.7009     |             | 1.2757   | -0.064 
218    | 2.6823     | 0.3766     | 1.1354       | 1.1703      | 0.1158     | 0.5596     | 0.7304     |             | 1.3143   | -0.077 
219    | 2.7091     | 0.4010     | 1.1563       | 1.1517      | 0.1185     | 0.5423     | 0.7170     |             | 1.3210   | -0.082 
220    | 2.6764     | 0.3902     | 1.1297       | 1.1566      | 0.1319     | 0.5656     | 0.7135     |             | 1.4035   | -0.076 
221    | 2.6682     | 0.3734     | 1.1278       | 1.1670      | 0.1309     | 0.5340     | 0.7238     |             | 1.3526   | -0.090 
222    | 2.6739     | 0.3805     | 1.1162       | 1.1772      | 0.1444     | 0.5461     | 0.7069     |             | 1.3127   | -0.086 
223    | 2.6954     | 0.3634     | 1.1249       | 1.2071      | 0.1118     | 0.5541     | 0.7461     |             | 1.2969   | -0.081 
224    | 2.6486     | 0.4007     | 1.1085       | 1.1393      | 0.1593     | 0.5426     | 0.7090     |             | 1.3991   | -0.093 
225    | 2.6952     | 0.3939     | 1.1092       | 1.1921      | 0.1035     | 0.5521     | 0.7449     |             | 1.4027   | -0.079 
226    | 2.6666     | 0.3579     | 1.1057       | 1.2030      | 0.1118     | 0.5300     | 0.7312     |             | 1.3696   | -0.088 
227    | 2.6743     | 0.3691     | 1.1256       | 1.1796      | 0.1314     | 0.5853     | 0.7774     |             | 1.3319   | -0.081 
228    | 2.8064     | 0.3631     | 1.1917       | 1.2515      | 0.1431     | 0.5887     | 0.7369     |             | 1.2721   | -0.075 
229    | 2.7979     | 0.3622     | 1.1957       | 1.2400      | 0.1254     | 0.5977     | 0.7105     |             | 1.3560   | -0.061 
230    | 2.6876     | 0.3417     | 1.1647       | 1.1812      | 0.1220     | 0.5947     | 0.7089     |             | 1.2870   | -0.060 
231    | 2.7188     | 0.3429     | 1.1705       | 1.2054      | 0.1077     | 0.5857     | 0.7057     |             | 1.3019   | -0.059 
232    | 2.7351     | 0.3983     | 1.1663       | 1.1705      | 0.1370     | 0.6012     | 0.7070     |             | 1.2734   | -0.062 
233    | 2.6814     | 0.3670     | 1.1254       | 1.1890      | 0.1284     | 0.5807     | 0.7041     |             | 1.3296   | -0.067 
234    | 2.6892     | 0.3613     | 1.1204       | 1.2075      | 0.1239     | 0.5831     | 0.7058     |             | 1.3151   | -0.065 
235    | 2.6554     | 0.3623     | 1.1257       | 1.1674      | 0.1235     | 0.5896     | 0.7227     |             | 1.2938   | -0.066 
236    | 2.7530     | 0.3657     | 1.1624       | 1.2249      | 0.1291     | 0.5684     | 0.7185     |             | 1.3485   | -0.075 
237    | 2.7092     | 0.3481     | 1.1369       | 1.2242      | 0.1160     | 0.5741     | 0.6993     |             | 1.3297   | -0.065 
238    | 2.6905     | 0.3571     | 1.1506       | 1.1828      | 0.1385     | 0.5790     | 0.7166     |             | 1.3178   | -0.073 
239    | 2.7306     | 0.3722     | 1.1387       | 1.2198      | 0.1468     | 0.5792     | 0.7040     |             | 1.3626   | -0.073 
240    | 2.6898     | 0.3583     | 1.1364       | 1.1951      | 0.1424     | 0.5713     | 0.7271     |             | 1.2947   | -0.080 
241    | 2.6417     | 0.3538     | 1.1255       | 1.1625      | 0.1237     | 0.5812     | 0.6925     |             | 1.3748   | -0.063 
242    | 2.6983     | 0.3539     | 1.1585       | 1.1859      | 0.1313     | 0.5676     | 0.7492     |             | 1.3055   | -0.082 
243    | 2.7583     | 0.3975     | 1.1839       | 1.1769      | 0.1336     | 0.5843     | 0.7059     |             | 1.3533   | -0.068 
244    | 2.7116     | 0.3816     | 1.1487       | 1.1813      | 0.1241     | 0.5825     | 0.7290     |             | 1.3594   | -0.070 
245    | 2.6245     | 0.3182     | 1.1210       | 1.1853      | 0.1135     | 0.5711     | 0.7177     |             | 1.2773   | -0.069 
246    | 2.6423     | 0.3321     | 1.1357       | 1.1745      | 0.1317     | 0.5934     | 0.7342     |             | 1.3195   | -0.069 
247    | 2.6463     | 0.3487     | 1.1426       | 1.1549      | 0.1231     | 0.5910     | 0.7335     |             | 1.2844   | -0.067 
248    | 2.6610     | 0.3429     | 1.1703       | 1.1478      | 0.1559     | 0.6054     | 0.7558     |             | 1.3008   | -0.076 
249    | 2.7077     | 0.3846     | 1.1517       | 1.1715      | 0.1667     | 0.5953     | 0.7412     |             | 1.2916   | -0.080 
250    | 2.6813     | 0.3760     | 1.1403       | 1.1649      | 0.1116     | 0.5925     | 0.7293     |             | 1.1666   | -0.062 
251    | 2.6182     | 0.3491     | 1.1286       | 1.1405      | 0.1196     | 0.5937     | 0.7367     |             | 1.2524   | -0.066 
252    | 2.6591     | 0.3379     | 1.1626       | 1.1586      | 0.1406     | 0.5968     | 0.7482     |             | 1.3290   | -0.073 
253    | 2.6847     | 0.3802     | 1.1465       | 1.1581      | 0.1367     | 0.5910     | 0.7248     |             | 1.3232   | -0.070 
254    | 2.7655     | 0.3835     | 1.1818       | 1.2001      | 0.1259     | 0.5746     | 0.7500     |             | 1.3251   | -0.078 
255    | 2.8542     | 0.3641     | 1.2075       | 1.2826      | 0.1316     | 0.5709     | 0.7194     |             | 1.3499   | -0.075 
256    | 2.7725     | 0.3425     | 1.2089       | 1.2211      | 0.1321     | 0.5815     | 0.6929     |             | 1.3158   | -0.066 
257    | 2.7902     | 0.3767     | 1.2393       | 1.1743      | 0.1542     | 0.6026     | 0.7199     |             | 1.3197   | -0.069 
258    | 2.7945     | 0.3789     | 1.2093       | 1.2062      | 0.1690     | 0.5812     | 0.7408     |             | 1.3742   | -0.086 
259    | 2.7610     | 0.3590     | 1.1833       | 1.2188      | 0.1493     | 0.5719     | 0.7090     |             | 1.3677   | -0.078 
260    | 2.7712     | 0.3728     | 1.1843       | 1.2142      | 0.1632     | 0.5661     | 0.7181     |             | 1.4752   | -0.086 
261    | 2.7439     | 0.3698     | 1.1969       | 1.1773      | 0.1529     | 0.5758     | 0.7039     |             | 1.3727   | -0.076 
262    | 2.7357     | 0.3678     | 1.1839       | 1.1841      | 0.1501     | 0.5901     | 0.7003     |             | 1.3025   | -0.069 
263    | 2.7758     | 0.3665     | 1.2068       | 1.2026      | 0.1534     | 0.5998     | 0.7074     |             | 1.3587   | -0.068 
264    | 2.7226     | 0.3603     | 1.1824       | 1.1799      | 0.1403     | 0.5879     | 0.7129     |             | 1.3609   | -0.070 
265    | 2.6901     | 0.3809     | 1.1867       | 1.1225      | 0.1341     | 0.5635     | 0.7028     |             | 1.3558   | -0.075 
266    | 2.7346     | 0.3849     | 1.1610       | 1.1887      | 0.1386     | 0.5535     | 0.7218     |             | 1.2937   | -0.085 
267    | 2.6595     | 0.3286     | 1.1375       | 1.1933      | 0.1322     | 0.5459     | 0.7309     |             | 1.2801   | -0.087 
268    | 2.6949     | 0.3808     | 1.1260       | 1.1881      | 0.1245     | 0.5597     | 0.6998     |             | 1.2370   | -0.073 
269    | 2.6526     | 0.3641     | 1.1513       | 1.1372      | 0.1433     | 0.5535     | 0.7253     |             | 1.2048   | -0.087 
270    | 2.6353     | 0.3565     | 1.1480       | 1.1308      | 0.1303     | 0.5409     | 0.6964     |             | 1.2438   | -0.082 
271    | 2.6796     | 0.3887     | 1.1587       | 1.1322      | 0.1477     | 0.5265     | 0.7314     |             | 1.1699   | -0.100 
272    | 2.5809     | 0.2768     | 1.1490       | 1.1551      | 0.1199     | 0.5390     | 0.6950     |             | 1.2773   | -0.079 
273    | 2.6651     | 0.3666     | 1.1561       | 1.1424      | 0.1126     | 0.5607     | 0.7348     |             | 1.2381   | -0.076 
274    | 2.6392     | 0.3664     | 1.1842       | 1.0887      | 0.1319     | 0.5591     | 0.7655     |             | 1.2896   | -0.089 
275    | 2.6704     | 0.3319     | 1.1571       | 1.1815      | 0.1210     | 0.5733     | 0.7228     |             | 1.3205   | -0.072 
276    | 2.6328     | 0.3311     | 1.1463       | 1.1554      | 0.1274     | 0.5874     | 0.7274     |             | 1.2820   | -0.069 
277    | 2.6286     | 0.3247     | 1.1544       | 1.1495      | 0.1162     | 0.5726     | 0.7599     |             | 1.2873   | -0.078 
278    | 2.6524     | 0.3608     | 1.1542       | 1.1374      | 0.1495     | 0.5822     | 0.7075     |             | 1.3922   | -0.073 
279    | 2.6543     | 0.3465     | 1.1677       | 1.1401      | 0.1433     | 0.6135     | 0.7288     |             | 1.3402   | -0.063 
280    | 2.6772     | 0.3589     | 1.1665       | 1.1518      | 0.1327     | 0.5876     | 0.7173     |             | 1.3236   | -0.068 
281    | 2.6747     | 0.3437     | 1.1718       | 1.1592      | 0.1194     | 0.5880     | 0.7194     |             | 1.2515   | -0.064 
282    | 2.6947     | 0.3817     | 1.1551       | 1.1578      | 0.1273     | 0.5835     | 0.7210     |             | 1.3907   | -0.069 
283    | 2.6865     | 0.3499     | 1.1519       | 1.1847      | 0.1368     | 0.5948     | 0.7335     |             | 1.3536   | -0.070 
284    | 2.7809     | 0.3772     | 1.1805       | 1.2232      | 0.1362     | 0.6113     | 0.7350     |             | 1.3722   | -0.063 
285    | 2.7722     | 0.3682     | 1.1894       | 1.2146      | 0.1201     | 0.6235     | 0.7223     |             | 1.3075   | -0.051 
286    | 2.8128     | 0.3595     | 1.2372       | 1.2161      | 0.1225     | 0.6162     | 0.7478     |             | 1.4023   | -0.060 
287    | 2.8488     | 0.3908     | 1.2561       | 1.2018      | 0.1394     | 0.6136     | 0.7121     |             | 1.3495   | -0.059 
288    | 2.7780     | 0.3690     | 1.2293       | 1.1796      | 0.1411     | 0.6298     | 0.7029     |             | 1.4423   | -0.051 
289    | 2.7644     | 0.3688     | 1.2332       | 1.1624      | 0.1731     | 0.6318     | 0.6973     |             | 1.4693   | -0.059 
290    | 2.7167     | 0.3468     | 1.2233       | 1.1466      | 0.1909     | 0.6528     | 0.6932     |             | 1.3836   | -0.055 
291    | 2.7534     | 0.3233     | 1.2504       | 1.1798      | 0.1147     | 0.6506     | 0.7135     |             | 1.2893   | -0.037 
292    | 2.7969     | 0.3738     | 1.2534       | 1.1697      | 0.1370     | 0.6371     | 0.7190     |             | 1.2616   | -0.050 
293    | 2.7611     | 0.3594     | 1.2354       | 1.1663      | 0.1353     | 0.6276     | 0.7561     |             | 1.2937   | -0.061 
294    | 2.7449     | 0.3581     | 1.2125       | 1.1742      | 0.1426     | 0.5939     | 0.7171     |             | 1.4160   | -0.069 
295    | 2.7544     | 0.3359     | 1.2029       | 1.2156      | 0.1246     | 0.5744     | 0.7289     |             | 1.3484   | -0.073 
296    | 2.7339     | 0.3582     | 1.1922       | 1.1835      | 0.1591     | 0.5840     | 0.7428     |             | 1.3035   | -0.083 
297    | 2.6881     | 0.3316     | 1.1790       | 1.1775      | 0.1361     | 0.5626     | 0.7235     |             | 1.3360   | -0.080 
298    | 2.7128     | 0.3548     | 1.1651       | 1.1929      | 0.1352     | 0.6054     | 0.7354     |             | 1.4301   | -0.065 
299    | 2.7640     | 0.3823     | 1.1898       | 1.1919      | 0.1404     | 0.6033     | 0.7379     |             | 1.2742   | -0.068 
300    | 2.6543     | 0.3466     | 1.1475       | 1.1603      | 0.1272     | 0.6020     | 0.7070     |             | 1.3318   | -0.059 
301    | 2.6740     | 0.3401     | 1.1600       | 1.1739      | 0.1323     | 0.6100     | 0.6889     |             | 1.2933   | -0.053 
302    | 2.6878     | 0.3448     | 1.1661       | 1.1769      | 0.1420     | 0.5953     | 0.7090     |             | 1.3299   | -0.066 
303    | 2.6741     | 0.3533     | 1.1243       | 1.1965      | 0.1763     | 0.5872     | 0.7003     |             | 1.3395   | -0.078 
304    | 2.6732     | 0.3397     | 1.1411       | 1.1924      | 0.1336     | 0.5984     | 0.6844     |             | 1.2860   | -0.058 
305    | 2.7024     | 0.3615     | 1.1672       | 1.1737      | 0.1422     | 0.6184     | 0.7971     |             | 1.3129   | -0.075 
306    | 2.7981     | 0.3642     | 1.1691       | 1.2647      | 0.1231     | 0.5928     | 0.7214     |             | 1.3539   | -0.064 
307    | 2.6828     | 0.3474     | 1.1662       | 1.1692      | 0.1378     | 0.5979     | 0.7477     |             | 1.3799   | -0.072 
308    | 2.6444     | 0.3437     | 1.1373       | 1.1634      | 0.1508     | 0.5939     | 0.7173     |             | 1.4476   | -0.071 
309    | 2.6790     | 0.3610     | 1.1383       | 1.1797      | 0.1316     | 0.6080     | 0.7071     |             | 1.3893   | -0.058 
310    | 2.6997     | 0.3448     | 1.1481       | 1.2067      | 0.1306     | 0.6405     | 0.7223     |             | 1.3710   | -0.047 
311    | 2.7057     | 0.3437     | 1.1354       | 1.2266      | 0.1472     | 0.5935     | 0.7086     |             | 1.3426   | -0.068 
312    | 2.7407     | 0.3455     | 1.1496       | 1.2455      | 0.1170     | 0.6002     | 0.7483     |             | 1.4339   | -0.065 
313    | 2.6920     | 0.3289     | 1.1234       | 1.2397      | 0.1338     | 0.6024     | 0.7089     |             | 1.3344   | -0.061 
314    | 2.7173     | 0.3429     | 1.1503       | 1.2241      | 0.1178     | 0.6098     | 0.7013     |             | 1.3948   | -0.052 
315    | 2.6526     | 0.3522     | 1.1445       | 1.1560      | 0.1375     | 0.6141     | 0.6839     |             | 1.3582   | -0.052 
316    | 2.6410     | 0.3441     | 1.1470       | 1.1499      | 0.1370     | 0.6007     | 0.6984     |             | 1.3567   | -0.060 
317    | 2.7073     | 0.3343     | 1.1534       | 1.2196      | 0.1333     | 0.5972     | 0.7183     |             | 1.3875   | -0.065 
318    | 2.6998     | 0.3499     | 1.1527       | 1.1972      | 0.1328     | 0.5857     | 0.7496     |             | 1.3732   | -0.075 
319    | 2.6856     | 0.3204     | 1.1520       | 1.2131      | 0.1237     | 0.5776     | 0.7202     |             | 1.3229   | -0.070 
320    | 2.6554     | 0.3180     | 1.1212       | 1.2162      | 0.1500     | 0.5677     | 0.7014     |             | 1.3135   | -0.078 
321    | 2.6803     | 0.3712     | 1.1413       | 1.1678      | 0.1249     | 0.5662     | 0.7162     |             | 1.2773   | -0.074 
322    | 2.6238     | 0.3170     | 1.1377       | 1.1691      | 0.1315     | 0.5918     | 0.7159     |             | 1.2713   | -0.066 
323    | 2.7202     | 0.3356     | 1.1756       | 1.2090      | 0.1573     | 0.6026     | 0.7327     |             | 1.2718   | -0.073 
324    | 2.6722     | 0.3399     | 1.1581       | 1.1742      | 0.1383     | 0.6082     | 0.7368     |             | 1.3572   | -0.066 
325    | 2.6827     | 0.3512     | 1.1820       | 1.1495      | 0.1420     | 0.5951     | 0.7073     |             | 1.3130   | -0.066 
326    | 2.6994     | 0.3387     | 1.1874       | 1.1733      | 0.1221     | 0.5801     | 0.7164     |             | 1.3413   | -0.068 
327    | 2.7163     | 0.3269     | 1.2021       | 1.1873      | 0.1378     | 0.6249     | 0.6897     |             | 1.3354   | -0.049 
328    | 2.7601     | 0.3589     | 1.2652       | 1.1360      | 0.1469     | 0.6316     | 0.7036     |             | 1.3286   | -0.052 
329    | 2.7688     | 0.3100     | 1.2676       | 1.1912      | 0.1558     | 0.6230     | 0.6969     |             | 1.3133   | -0.057 
330    | 2.7520     | 0.3620     | 1.2214       | 1.1685      | 0.1600     | 0.6172     | 0.7279     |             | 1.2097   | -0.067 
331    | 2.6844     | 0.3168     | 1.1950       | 1.1727      | 0.1276     | 0.6168     | 0.7412     |             | 1.2005   | -0.060 
332    | 2.7370     | 0.3141     | 1.2077       | 1.2152      | 0.1316     | 0.6244     | 0.7194     |             | 1.3274   | -0.054 
333    | 2.8014     | 0.3703     | 1.2181       | 1.2131      | 0.1254     | 0.6399     | 0.7239     |             | 1.3456   | -0.046 
334    | 2.7707     | 0.3418     | 1.2413       | 1.1876      | 0.1549     | 0.6472     | 0.7440     |             | 1.3492   | -0.056 
335    | 2.7447     | 0.3187     | 1.2373       | 1.1888      | 0.1755     | 0.6358     | 0.7530     |             | 1.2843   | -0.069 
336    | 2.7775     | 0.3549     | 1.2552       | 1.1674      | 0.1371     | 0.6172     | 0.7165     |             | 1.3189   | -0.058 
337    | 2.7801     | 0.3496     | 1.2250       | 1.2055      | 0.1282     | 0.6123     | 0.7165     |             | 1.4313   | -0.057 
338    | 2.7991     | 0.3661     | 1.2411       | 1.1919      | 0.1259     | 0.5946     | 0.7440     |             | 1.3167   | -0.069 
339    | 2.6580     | 0.3204     | 1.2178       | 1.1198      | 0.1301     | 0.6141     | 0.7101     |             | 1.3629   | -0.055 
340    | 2.8044     | 0.3966     | 1.2240       | 1.1838      | 0.1337     | 0.6067     | 0.7149     |             | 1.3686   | -0.060 
341    | 2.7758     | 0.3524     | 1.2543       | 1.1691      | 0.1274     | 0.6277     | 0.6980     |             | 1.4112   | -0.047 
342    | 2.8310     | 0.3743     | 1.2836       | 1.1731      | 0.1156     | 0.6043     | 0.7406     |             | 1.2822   | -0.061 
343    | 2.7736     | 0.3361     | 1.2659       | 1.1716      | 0.1271     | 0.5743     | 0.6864     |             | 1.3131   | -0.066 
344    | 2.7857     | 0.3842     | 1.2499       | 1.1516      | 0.1284     | 0.6156     | 0.7327     |             | 1.2760   | -0.059 
345    | 2.7556     | 0.3618     | 1.2163       | 1.1775      | 0.1349     | 0.5689     | 0.7324     |             | 1.3153   | -0.079 
346    | 2.7350     | 0.3392     | 1.2336       | 1.1622      | 0.1242     | 0.6004     | 0.6900     |             | 1.2060   | -0.055 
347    | 2.7355     | 0.3357     | 1.2380       | 1.1618      | 0.1258     | 0.6156     | 0.7303     |             | 1.2238   | -0.058 
348    | 2.7609     | 0.3440     | 1.2262       | 1.1906      | 0.1118     | 0.6018     | 0.7078     |             | 1.2578   | -0.054 
349    | 2.7100     | 0.3464     | 1.1993       | 1.1642      | 0.1123     | 0.6270     | 0.7036     |             | 1.3010   | -0.044 
350    | 2.7082     | 0.3392     | 1.1925       | 1.1766      | 0.1270     | 0.5999     | 0.7097     |             | 1.2167   | -0.060 
351    | 2.6948     | 0.3293     | 1.1800       | 1.1855      | 0.1227     | 0.5803     | 0.7499     |             | 1.2355   | -0.075 
352    | 2.6891     | 0.3307     | 1.1760       | 1.1824      | 0.1335     | 0.5894     | 0.7108     |             | 1.2569   | -0.066 
353    | 2.6785     | 0.3243     | 1.1754       | 1.1787      | 0.1332     | 0.5917     | 0.6985     |             | 1.2679   | -0.063 
354    | 2.6966     | 0.3314     | 1.2004       | 1.1647      | 0.1366     | 0.5991     | 0.7347     |             | 1.2746   | -0.068 
355    | 2.7625     | 0.3444     | 1.2304       | 1.1877      | 0.1235     | 0.6235     | 0.7197     |             | 1.3501   | -0.052 
356    | 2.7676     | 0.3075     | 1.2452       | 1.2149      | 0.1304     | 0.6310     | 0.6955     |             | 1.2228   | -0.046 
357    | 2.7443     | 0.3421     | 1.2304       | 1.1718      | 0.1192     | 0.6281     | 0.7032     |             | 1.3659   | -0.045 
358    | 2.7758     | 0.3574     | 1.2249       | 1.1936      | 0.1126     | 0.6333     | 0.6867     |             | 1.3743   | -0.038 
359    | 2.7099     | 0.3143     | 1.2068       | 1.1888      | 0.1284     | 0.6359     | 0.7611     |             | 1.3098   | -0.056 
360    | 2.7317     | 0.3438     | 1.1968       | 1.1911      | 0.1261     | 0.6026     | 0.6960     |             | 1.3375   | -0.056 
361    | 2.6802     | 0.3385     | 1.1959       | 1.1457      | 0.1438     | 0.5947     | 0.7351     |             | 1.4232   | -0.072 
362    | 2.6899     | 0.3203     | 1.1788       | 1.1908      | 0.1209     | 0.5946     | 0.7461     |             | 1.3543   | -0.068 
363    | 2.7348     | 0.3688     | 1.2120       | 1.1540      | 0.1142     | 0.5977     | 0.7021     |             | 1.3107   | -0.056 
364    | 2.7308     | 0.3551     | 1.2104       | 1.1653      | 0.1486     | 0.5867     | 0.6974     |             | 1.3400   | -0.069 
365    | 2.6679     | 0.3263     | 1.1979       | 1.1437      | 0.1231     | 0.5919     | 0.7143     |             | 1.3486   | -0.063 
366    | 2.7009     | 0.3477     | 1.1891       | 1.1641      | 0.1263     | 0.6141     | 0.7179     |             | 1.3826   | -0.056 
367    | 2.6667     | 0.3571     | 1.1760       | 1.1336      | 0.1290     | 0.6020     | 0.6989     |             | 1.3645   | -0.058 
368    | 2.6632     | 0.3153     | 1.1776       | 1.1703      | 0.1171     | 0.6052     | 0.7305     |             | 1.3328   | -0.059 
369    | 2.7255     | 0.3394     | 1.2008       | 1.1853      | 0.1108     | 0.5981     | 0.7070     |             | 1.3542   | -0.055 
370    | 2.7512     | 0.3613     | 1.1841       | 1.2058      | 0.1196     | 0.6103     | 0.6963     |             | 1.3538   | -0.051 
371    | 2.7269     | 0.3106     | 1.1813       | 1.2351      | 0.1360     | 0.5982     | 0.7737     |             | 1.3858   | -0.076 
372    | 2.7728     | 0.3384     | 1.1710       | 1.2633      | 0.1118     | 0.5972     | 0.7094     |             | 1.3264   | -0.057 
373    | 2.7266     | 0.3376     | 1.1667       | 1.2224      | 0.1377     | 0.5896     | 0.6961     |             | 1.3112   | -0.065 
/home/mcslab/yutung/MCSLAB_RSSI_RTT_Dataset/FusionDANN/fusion_dann_v4_noRSSIDiff.py:188: FutureWarning: DataFrameGroupBy.apply operated on the grouping columns. This behavior is deprecated, and in a future version of pandas the grouping columns will be excluded from the operation. Either pass `include_groups=False` to exclude the groupings or explicitly select the grouping columns after groupby to silence this warning.
  df = df.groupby('Label').apply(
/home/mcslab/yutung/MCSLAB_RSSI_RTT_Dataset/FusionDANN/fusion_dann_v4_noRSSIDiff.py:188: FutureWarning: DataFrameGroupBy.apply operated on the grouping columns. This behavior is deprecated, and in a future version of pandas the grouping columns will be excluded from the operation. Either pass `include_groups=False` to exclude the groupings or explicitly select the grouping columns after groupby to silence this warning.
  df = df.groupby('Label').apply(
374    | 2.6667     | 0.3264     | 1.1521       | 1.1882      | 0.1325     | 0.6014     | 0.7244     |             | 1.3258   | -0.064 
375    | 2.7489     | 0.3273     | 1.1777       | 1.2439      | 0.1337     | 0.6231     | 0.7170     |             | 1.2976   | -0.054 
376    | 2.8162     | 0.3703     | 1.2178       | 1.2280      | 0.1496     | 0.6240     | 0.7010     |             | 1.3248   | -0.055 
377    | 2.7736     | 0.3531     | 1.1960       | 1.2245      | 0.1276     | 0.6102     | 0.6933     |             | 1.2722   | -0.053 
378    | 2.6943     | 0.3088     | 1.1751       | 1.2104      | 0.1316     | 0.5972     | 0.7022     |             | 1.2829   | -0.061 
379    | 2.7177     | 0.3331     | 1.1787       | 1.2058      | 0.1189     | 0.5834     | 0.7162     |             | 1.2852   | -0.066 
380    | 2.6757     | 0.3209     | 1.1661       | 1.1888      | 0.1194     | 0.5854     | 0.6986     |             | 1.2976   | -0.061 
381    | 2.6436     | 0.3122     | 1.1704       | 1.1611      | 0.1140     | 0.5987     | 0.6955     |             | 1.3217   | -0.054 
382    | 2.6931     | 0.3147     | 1.1715       | 1.2069      | 0.1105     | 0.5902     | 0.7352     |             | 1.3179   | -0.064 
383    | 2.7542     | 0.3696     | 1.1729       | 1.2117      | 0.1212     | 0.6066     | 0.7257     |             | 1.4397   | -0.059 
384    | 2.7151     | 0.3502     | 1.1647       | 1.2002      | 0.1315     | 0.5932     | 0.7438     |             | 1.3189   | -0.071 
385    | 2.7351     | 0.3585     | 1.1792       | 1.1973      | 0.1276     | 0.6172     | 0.6979     |             | 1.2817   | -0.051 
386    | 2.6267     | 0.3020     | 1.1492       | 1.1755      | 0.1294     | 0.5983     | 0.7030     |             | 1.3129   | -0.060 
387    | 2.6973     | 0.3242     | 1.1769       | 1.1963      | 0.1366     | 0.6311     | 0.7228     |             | 1.2545   | -0.053 
388    | 2.6964     | 0.3242     | 1.2061       | 1.1661      | 0.1189     | 0.5860     | 0.7125     |             | 1.3486   | -0.064 
389    | 2.6469     | 0.3097     | 1.1575       | 1.1797      | 0.1216     | 0.5585     | 0.7248     |             | 1.2380   | -0.078 
390    | 2.6627     | 0.3358     | 1.1766       | 1.1504      | 0.1210     | 0.5713     | 0.7377     |             | 1.3312   | -0.075 
391    | 2.6672     | 0.3487     | 1.1783       | 1.1403      | 0.1302     | 0.5738     | 0.7253     |             | 1.2906   | -0.075 
392    | 2.7329     | 0.3294     | 1.2078       | 1.1957      | 0.1241     | 0.5576     | 0.7177     |             | 1.2408   | -0.078 
393    | 2.7415     | 0.3347     | 1.2155       | 1.1912      | 0.1357     | 0.5742     | 0.7316     |             | 1.2128   | -0.077 
394    | 2.7437     | 0.3489     | 1.2073       | 1.1874      | 0.1313     | 0.5674     | 0.7219     |             | 1.2308   | -0.077 
395    | 2.6933     | 0.3250     | 1.1805       | 1.1878      | 0.1197     | 0.5787     | 0.7557     |             | 1.2738   | -0.076 
396    | 2.7135     | 0.3158     | 1.1995       | 1.1982      | 0.1381     | 0.5787     | 0.7044     |             | 1.3281   | -0.071 
397    | 2.7110     | 0.3336     | 1.2012       | 1.1762      | 0.1184     | 0.5913     | 0.7146     |             | 1.2463   | -0.062 
398    | 2.6895     | 0.3134     | 1.1828       | 1.1933      | 0.1243     | 0.5930     | 0.7265     |             | 1.3048   | -0.065 
399    | 2.7037     | 0.3545     | 1.1984       | 1.1508      | 0.1375     | 0.5832     | 0.7313     |             | 1.2828   | -0.074 
400    | 2.7141     | 0.3402     | 1.1845       | 1.1893      | 0.1138     | 0.5721     | 0.7160     |             | 1.2615   | -0.069 
Seed 6767 | Src MDE: 0.0464 | Tgt MDE: 1.2893
Start Training Seed 123456...

Start Training... (Validate on Source Val & Target Val)
Epoch  | Total Loss | Train Cls  | Train D_RSSI | Train D_RTT | Val Cls    | Val D_RSSI | Val D_RTT  | Save        | Test MDE | Score  
---------------------------------------------------------------------------------------------------------------------------------------
1      | 6.3262     | 3.5485     | 1.3975       | 1.3802      | 3.0151     | 0.6913     | 0.6992     |             | 1.4728   | -0.888 
2      | 5.6260     | 2.9053     | 1.3696       | 1.3511      | 2.4919     | 0.6826     | 0.6948     |             | 1.2577   | -0.734 
3      | 5.1894     | 2.4952     | 1.3562       | 1.3379      | 2.0927     | 0.6761     | 0.7013     |             | 1.1852   | -0.618 
4      | 4.8686     | 2.1923     | 1.3447       | 1.3316      | 1.7423     | 0.6729     | 0.6993     |             | 1.2468   | -0.513 
5      | 4.5547     | 1.9082     | 1.3302       | 1.3163      | 1.4899     | 0.6661     | 0.7034     |             | 1.1001   | -0.441 
6      | 4.3542     | 1.7270     | 1.3187       | 1.3086      | 1.2601     | 0.6576     | 0.7042     |             | 1.1505   | -0.376 
7      | 4.1547     | 1.5617     | 1.3027       | 1.2903      | 1.0750     | 0.6512     | 0.6879     |             | 1.1918   | -0.320 
8      | 3.9721     | 1.4149     | 1.2816       | 1.2756      | 0.8885     | 0.6439     | 0.6971     |             | 1.2452   | -0.268 
9      | 3.8119     | 1.2858     | 1.2629       | 1.2632      | 0.7520     | 0.6375     | 0.7018     |             | 1.2278   | -0.231 
10     | 3.7202     | 1.2166     | 1.2384       | 1.2652      | 0.6706     | 0.6304     | 0.7057     |             | 1.1955   | -0.210 
11     | 3.5466     | 1.0974     | 1.2085       | 1.2407      | 0.6210     | 0.6353     | 0.6969     |             | 1.2037   | -0.192 
12     | 3.4383     | 1.0441     | 1.1709       | 1.2233      | 0.5247     | 0.6184     | 0.7231     |             | 1.3432   | -0.175 
13     | 3.3940     | 1.0177     | 1.1439       | 1.2325      | 0.5264     | 0.6043     | 0.7156     |             | 1.2904   | -0.179 
14     | 3.2552     | 0.9331     | 1.1079       | 1.2142      | 0.4638     | 0.6017     | 0.6992     |             | 1.2709   | -0.158 
15     | 3.1461     | 0.8950     | 1.0680       | 1.1830      | 0.4061     | 0.6046     | 0.7161     |             | 1.3123   | -0.143 
16     | 3.1206     | 0.8980     | 1.0389       | 1.1838      | 0.3780     | 0.5994     | 0.7161     |             | 1.3565   | -0.137 
17     | 3.0174     | 0.8327     | 1.0064       | 1.1783      | 0.3669     | 0.5898     | 0.7217     |             | 1.4009   | -0.138 
18     | 2.9529     | 0.8137     | 0.9673       | 1.1719      | 0.3916     | 0.5785     | 0.7165     |             | 1.3666   | -0.149 
19     | 2.9211     | 0.7981     | 0.9457       | 1.1773      | 0.3234     | 0.5784     | 0.7084     |             | 1.3933   | -0.127 
20     | 2.8658     | 0.7834     | 0.9174       | 1.1650      | 0.3231     | 0.5554     | 0.7295     |             | 1.4177   | -0.141 
21     | 2.7464     | 0.6914     | 0.8723       | 1.1827      | 0.2973     | 0.5540     | 0.7092     |             | 1.4610   | -0.129 
22     | 2.7414     | 0.7258     | 0.8475       | 1.1681      | 0.2855     | 0.5526     | 0.7087     |             | 1.3823   | -0.126 
23     | 2.6795     | 0.7025     | 0.8235       | 1.1535      | 0.2725     | 0.5529     | 0.7512     |             | 1.4464   | -0.131 
24     | 2.7039     | 0.6973     | 0.8145       | 1.1921      | 0.2846     | 0.5579     | 0.7136     |             | 1.4169   | -0.125 
25     | 2.6613     | 0.6655     | 0.7990       | 1.1969      | 0.2442     | 0.5517     | 0.7028     |             | 1.4288   | -0.113 
26     | 2.6046     | 0.6509     | 0.7791       | 1.1746      | 0.2554     | 0.5663     | 0.7044     |             | 1.3427   | -0.111 
27     | 2.5807     | 0.6371     | 0.7855       | 1.1580      | 0.2573     | 0.5483     | 0.6994     |             | 1.3921   | -0.118 
28     | 2.5135     | 0.6094     | 0.7538       | 1.1503      | 0.2301     | 0.5522     | 0.7055     |             | 1.4108   | -0.109 
29     | 2.5470     | 0.6271     | 0.7688       | 1.1511      | 0.2266     | 0.5664     | 0.7449     |             | 1.3744   | -0.110 
30     | 2.5418     | 0.6152     | 0.7623       | 1.1643      | 0.2296     | 0.5591     | 0.7199     |             | 1.4329   | -0.109 
31     | 2.5490     | 0.6131     | 0.7798       | 1.1562      | 0.2211     | 0.5295     | 0.7247     |             | 1.4143   | -0.119 
32     | 2.5384     | 0.5934     | 0.7932       | 1.1519      | 0.2153     | 0.5637     | 0.7070     |             | 1.3960   | -0.101 
33     | 2.5947     | 0.6145     | 0.7982       | 1.1820      | 0.2303     | 0.5439     | 0.7193     |             | 1.4022   | -0.115 
34     | 2.5169     | 0.5825     | 0.7981       | 1.1363      | 0.2185     | 0.5500     | 0.6966     |             | 1.3867   | -0.105 
35     | 2.6395     | 0.5912     | 0.7905       | 1.2577      | 0.2133     | 0.5229     | 0.7074     |             | 1.3219   | -0.116 
36     | 2.6462     | 0.5928     | 0.8400       | 1.2135      | 0.2163     | 0.5524     | 0.7157     |             | 1.3929   | -0.107 
37     | 2.6356     | 0.5869     | 0.8464       | 1.2023      | 0.2153     | 0.5241     | 0.6958     |             | 1.3684   | -0.114 
38     | 2.6272     | 0.5609     | 0.8686       | 1.1977      | 0.2394     | 0.5353     | 0.7102     |             | 1.3372   | -0.120 
39     | 2.6387     | 0.5766     | 0.8589       | 1.2031      | 0.2109     | 0.5052     | 0.6974     |             | 1.3726   | -0.121 
40     | 2.6031     | 0.5652     | 0.8613       | 1.1766      | 0.2196     | 0.4802     | 0.6969     |             | 1.3758   | -0.133 
41     | 2.6788     | 0.5781     | 0.8840       | 1.2168      | 0.1992     | 0.5086     | 0.7088     |             | 1.3966   | -0.118 
42     | 2.6898     | 0.5911     | 0.8824       | 1.2163      | 0.1996     | 0.5553     | 0.7046     |             | 1.3755   | -0.099 
43     | 2.6719     | 0.5699     | 0.8657       | 1.2364      | 0.2227     | 0.5122     | 0.7004     |             | 1.4055   | -0.122 
44     | 2.6641     | 0.5367     | 0.8915       | 1.2359      | 0.2114     | 0.5347     | 0.7037     |             | 1.2181   | -0.110 
45     | 2.7373     | 0.5633     | 0.9478       | 1.2262      | 0.2051     | 0.5115     | 0.7120     |             | 1.3455   | -0.119 
46     | 2.6605     | 0.5415     | 0.9005       | 1.2184      | 0.1968     | 0.5297     | 0.7268     |             | 1.2933   | -0.113 
47     | 2.6435     | 0.5458     | 0.8525       | 1.2453      | 0.1954     | 0.4897     | 0.7107     |             | 1.3037   | -0.125 
48     | 2.6102     | 0.5285     | 0.8424       | 1.2393      | 0.1872     | 0.4733     | 0.7010     |             | 1.3069   | -0.127 
49     | 2.5664     | 0.5180     | 0.8368       | 1.2117      | 0.2030     | 0.4919     | 0.7076     |             | 1.3270   | -0.126 
50     | 2.6107     | 0.5164     | 0.8694       | 1.2249      | 0.1998     | 0.5155     | 0.6865     |             | 1.3178   | -0.111 
51     | 2.6796     | 0.5549     | 0.9050       | 1.2197      | 0.1746     | 0.5378     | 0.6830     |             | 1.3382   | -0.094 
52     | 2.7312     | 0.5250     | 0.9647       | 1.2415      | 0.1875     | 0.5066     | 0.7101     |             | 1.2844   | -0.116 
53     | 2.6663     | 0.5432     | 0.9098       | 1.2132      | 0.1795     | 0.4836     | 0.6946     |             | 1.2694   | -0.119 
54     | 2.6014     | 0.5039     | 0.8764       | 1.2210      | 0.1851     | 0.4662     | 0.7029     |             | 1.2334   | -0.130 
55     | 2.6110     | 0.4985     | 0.8694       | 1.2431      | 0.1722     | 0.4884     | 0.6937     |             | 1.3089   | -0.115 
56     | 2.6221     | 0.5047     | 0.8928       | 1.2246      | 0.1832     | 0.5131     | 0.6833     |             | 1.2357   | -0.106 
57     | 2.6559     | 0.5235     | 0.8921       | 1.2403      | 0.1874     | 0.4909     | 0.7072     |             | 1.2054   | -0.121 
58     | 2.6632     | 0.5324     | 0.8965       | 1.2343      | 0.2140     | 0.4925     | 0.7061     |             | 1.3479   | -0.128 
59     | 2.6862     | 0.5118     | 0.9332       | 1.2412      | 0.1860     | 0.5086     | 0.7200     |             | 1.2666   | -0.116 
60     | 2.7353     | 0.5442     | 0.9555       | 1.2357      | 0.2041     | 0.5355     | 0.7479     |             | 1.2232   | -0.117 
61     | 2.7142     | 0.5172     | 0.9679       | 1.2292      | 0.1775     | 0.5379     | 0.7032     |             | 1.3271   | -0.099 
62     | 2.7465     | 0.5334     | 0.9854       | 1.2277      | 0.2035     | 0.5519     | 0.7294     |             | 1.2867   | -0.106 
63     | 2.6977     | 0.5146     | 0.9468       | 1.2363      | 0.1827     | 0.5514     | 0.6921     |             | 1.3265   | -0.093 
64     | 2.6558     | 0.5148     | 0.9301       | 1.2108      | 0.1773     | 0.5176     | 0.7134     |             | 1.2642   | -0.109 
65     | 2.6124     | 0.4734     | 0.9250       | 1.2140      | 0.1774     | 0.5141     | 0.6928     |             | 1.3020   | -0.106 
66     | 2.6615     | 0.4860     | 0.9410       | 1.2345      | 0.1810     | 0.5059     | 0.6966     |             | 1.2656   | -0.111 
67     | 2.6507     | 0.5215     | 0.9291       | 1.2000      | 0.2058     | 0.5405     | 0.6891     |             | 1.2892   | -0.103 
68     | 2.7294     | 0.5194     | 0.9853       | 1.2247      | 0.1746     | 0.5199     | 0.7154     |             | 1.4633   | -0.107 
69     | 2.7429     | 0.4994     | 1.0250       | 1.2185      | 0.1852     | 0.5197     | 0.6972     |             | 1.3692   | -0.107 
70     | 2.6950     | 0.5043     | 0.9862       | 1.2045      | 0.1748     | 0.5160     | 0.7383     |             | 1.3416   | -0.114 
71     | 2.6467     | 0.4910     | 0.9669       | 1.1888      | 0.1768     | 0.5436     | 0.6919     |             | 1.3098   | -0.094 
72     | 2.6199     | 0.4845     | 0.9411       | 1.1944      | 0.1673     | 0.5008     | 0.7039     |             | 1.2936   | -0.111 
73     | 2.6111     | 0.4944     | 0.9370       | 1.1798      | 0.2091     | 0.5517     | 0.7314     |             | 1.2995   | -0.108 
74     | 2.5951     | 0.4416     | 0.9572       | 1.1963      | 0.1933     | 0.5290     | 0.7015     |             | 1.3311   | -0.107 
75     | 2.7235     | 0.4809     | 1.0602       | 1.1823      | 0.1704     | 0.5786     | 0.7119     |             | 1.3638   | -0.082 
76     | 2.7824     | 0.4871     | 1.0983       | 1.1971      | 0.1778     | 0.5698     | 0.7158     |             | 1.3110   | -0.089 
77     | 2.7572     | 0.4897     | 1.0683       | 1.1992      | 0.1761     | 0.6022     | 0.7035     |             | 1.3736   | -0.073 
78     | 2.7994     | 0.5207     | 1.0880       | 1.1907      | 0.1767     | 0.5633     | 0.6966     |             | 1.3491   | -0.087 
79     | 2.7095     | 0.5233     | 1.0172       | 1.1691      | 0.1899     | 0.5420     | 0.7080     |             | 1.2408   | -0.102 
80     | 2.5750     | 0.4588     | 0.9580       | 1.1582      | 0.1765     | 0.5112     | 0.6970     |             | 1.3141   | -0.108 
81     | 2.6283     | 0.4949     | 0.9182       | 1.2153      | 0.1776     | 0.4930     | 0.6989     |             | 1.3125   | -0.116 
82     | 2.5790     | 0.4446     | 0.9406       | 1.1938      | 0.1824     | 0.5099     | 0.6928     |             | 1.2913   | -0.109 
83     | 2.5852     | 0.4891     | 0.9296       | 1.1665      | 0.1911     | 0.5199     | 0.7082     |             | 1.2141   | -0.111 
84     | 2.5430     | 0.4744     | 0.8957       | 1.1729      | 0.1683     | 0.4964     | 0.6940     |             | 1.3335   | -0.111 
85     | 2.5527     | 0.4608     | 0.9214       | 1.1704      | 0.1816     | 0.5155     | 0.7184     |             | 1.2717   | -0.112 
86     | 2.6091     | 0.4600     | 0.9821       | 1.1670      | 0.1889     | 0.5672     | 0.6857     |             | 1.2253   | -0.087 
87     | 2.6375     | 0.4751     | 0.9944       | 1.1680      | 0.1779     | 0.5177     | 0.6988     |             | 1.3132   | -0.106 
88     | 2.5673     | 0.4435     | 0.9383       | 1.1854      | 0.1733     | 0.5270     | 0.6946     |             | 1.2210   | -0.100 
89     | 2.6352     | 0.4682     | 0.9686       | 1.1983      | 0.1743     | 0.6117     | 0.6974     |             | 1.2224   | -0.067 
90     | 2.6830     | 0.4873     | 1.0059       | 1.1898      | 0.1834     | 0.6165     | 0.7061     |             | 1.3281   | -0.070 
91     | 2.6396     | 0.4877     | 1.0072       | 1.1447      | 0.1811     | 0.5779     | 0.6897     |             | 1.2352   | -0.081 
92     | 2.6685     | 0.4615     | 1.0262       | 1.1809      | 0.1829     | 0.5893     | 0.6769     |             | 1.2331   | -0.075 
93     | 2.6946     | 0.4610     | 1.0186       | 1.2150      | 0.1792     | 0.5819     | 0.6774     |             | 1.2273   | -0.076 
94     | 2.7413     | 0.4910     | 1.0529       | 1.1974      | 0.1746     | 0.6040     | 0.7024     |             | 1.2667   | -0.071 
95     | 2.6908     | 0.4562     | 1.0405       | 1.1941      | 0.1945     | 0.5766     | 0.6854     |             | 1.3041   | -0.085 
96     | 2.6626     | 0.4447     | 1.0235       | 1.1944      | 0.1789     | 0.5616     | 0.6936     |             | 1.3496   | -0.088 
97     | 2.6981     | 0.4993     | 1.0294       | 1.1694      | 0.1765     | 0.5522     | 0.7038     |             | 1.3367   | -0.093 
98     | 2.6771     | 0.4250     | 1.0344       | 1.2178      | 0.1826     | 0.5728     | 0.6889     |             | 1.2566   | -0.083 
99     | 2.6662     | 0.4596     | 1.0370       | 1.1695      | 0.2110     | 0.5400     | 0.7079     |             | 1.3230   | -0.109 
100    | 2.7082     | 0.4477     | 1.0532       | 1.2073      | 0.1971     | 0.6093     | 0.7046     |             | 1.2885   | -0.076 
101    | 2.6682     | 0.4365     | 1.0455       | 1.1862      | 0.1717     | 0.5667     | 0.6776     |             | 1.2138   | -0.080 
102    | 2.7023     | 0.4873     | 1.0331       | 1.1819      | 0.1700     | 0.5889     | 0.6832     |             | 1.3156   | -0.072 
103    | 2.6784     | 0.4366     | 1.0603       | 1.1815      | 0.1617     | 0.5734     | 0.6933     |             | 1.3200   | -0.078 
104    | 2.7407     | 0.4435     | 1.0736       | 1.2236      | 0.1674     | 0.5263     | 0.6998     |             | 1.2379   | -0.100 
105    | 2.7162     | 0.5078     | 1.0491       | 1.1593      | 0.1842     | 0.5671     | 0.7159     |             | 1.2794   | -0.092 
106    | 2.7041     | 0.4667     | 1.0512       | 1.1862      | 0.1844     | 0.5460     | 0.6998     |             | 1.2918   | -0.097 
107    | 2.5745     | 0.4308     | 1.0028       | 1.1409      | 0.2014     | 0.5583     | 0.6813     |             | 1.4116   | -0.093 
108    | 2.6233     | 0.4408     | 1.0107       | 1.1718      | 0.1861     | 0.5538     | 0.7112     |             | 1.2587   | -0.097 
109    | 2.6243     | 0.4212     | 1.0321       | 1.1710      | 0.1723     | 0.5907     | 0.6957     |             | 1.3186   | -0.075 
110    | 2.7523     | 0.4610     | 1.1302       | 1.1611      | 0.1649     | 0.6350     | 0.6763     |             | 1.2374   | -0.051 
111    | 2.7482     | 0.4652     | 1.1064       | 1.1766      | 0.1715     | 0.6133     | 0.6785     |             | 1.1917   | -0.062 
112    | 2.7022     | 0.4368     | 1.0906       | 1.1748      | 0.1624     | 0.5957     | 0.7283     |             | 1.2423   | -0.076 
113    | 2.7253     | 0.4437     | 1.1103       | 1.1714      | 0.1835     | 0.6161     | 0.7209     |             | 1.2815   | -0.073 
114    | 2.6637     | 0.4271     | 1.0545       | 1.1821      | 0.1704     | 0.5769     | 0.6777     |             | 1.2602   | -0.076 
115    | 2.6170     | 0.4438     | 1.0291       | 1.1442      | 0.1665     | 0.5625     | 0.6944     |             | 1.1972   | -0.084 
116    | 2.6009     | 0.4057     | 1.0259       | 1.1694      | 0.1645     | 0.5622     | 0.6985     |             | 1.2381   | -0.084 
117    | 2.6837     | 0.4598     | 1.0423       | 1.1816      | 0.1565     | 0.5674     | 0.7039     |             | 1.2292   | -0.081 
118    | 2.6333     | 0.4195     | 1.0383       | 1.1755      | 0.1686     | 0.5679     | 0.6986     |             | 1.1939   | -0.083 
119    | 2.6186     | 0.4123     | 1.0236       | 1.1827      | 0.1810     | 0.5723     | 0.7046     |             | 1.2421   | -0.086 
120    | 2.5932     | 0.4341     | 1.0138       | 1.1453      | 0.1752     | 0.5557     | 0.6926     |             | 1.2479   | -0.089 
121    | 2.6012     | 0.3993     | 1.0177       | 1.1842      | 0.1590     | 0.5343     | 0.7013     |             | 1.3117   | -0.094 
122    | 2.5873     | 0.3916     | 1.0287       | 1.1671      | 0.1487     | 0.5449     | 0.6821     |             | 1.2881   | -0.083 
123    | 2.6297     | 0.4154     | 1.0202       | 1.1941      | 0.1721     | 0.5457     | 0.6902     |             | 1.2282   | -0.091 
124    | 2.5957     | 0.4548     | 0.9996       | 1.1413      | 0.1877     | 0.5490     | 0.6899     |             | 1.2721   | -0.095 
125    | 2.5986     | 0.4286     | 1.0222       | 1.1477      | 0.1611     | 0.6003     | 0.6841     |             | 1.2941   | -0.065 
126    | 2.6436     | 0.4217     | 1.0456       | 1.1762      | 0.1607     | 0.5986     | 0.6941     |             | 1.2280   | -0.068 
127    | 2.6113     | 0.4372     | 1.0536       | 1.1206      | 0.1657     | 0.6030     | 0.7022     |             | 1.2310   | -0.069 
128    | 2.6161     | 0.4033     | 1.0585       | 1.1544      | 0.1572     | 0.5791     | 0.7370     |             | 1.2588   | -0.083 
129    | 2.6415     | 0.4247     | 1.0497       | 1.1670      | 0.1912     | 0.5952     | 0.6722     |             | 1.2423   | -0.074 
130    | 2.6501     | 0.4643     | 1.0526       | 1.1333      | 0.1937     | 0.5852     | 0.6744     |             | 1.2251   | -0.079 
131    | 2.6019     | 0.4134     | 1.0402       | 1.1483      | 0.1657     | 0.6012     | 0.7846     |             | 1.1843   | -0.086 
132    | 2.6832     | 0.4267     | 1.0960       | 1.1604      | 0.1655     | 0.5895     | 0.6907     |             | 1.2262   | -0.072 
133    | 2.6242     | 0.4013     | 1.0687       | 1.1542      | 0.1865     | 0.5972     | 0.6882     |             | 1.2407   | -0.075 
134    | 2.6898     | 0.4280     | 1.0915       | 1.1703      | 0.1602     | 0.5691     | 0.7057     |             | 1.3021   | -0.082 
135    | 2.6714     | 0.4007     | 1.0952       | 1.1755      | 0.1725     | 0.6103     | 0.6705     |             | 1.3236   | -0.062 
136    | 2.6985     | 0.4153     | 1.1187       | 1.1644      | 0.1815     | 0.6131     | 0.6897     |             | 1.2638   | -0.067 
137    | 2.6364     | 0.4173     | 1.0978       | 1.1214      | 0.1601     | 0.5861     | 0.6897     |             | 1.2593   | -0.072 
138    | 2.7038     | 0.4430     | 1.1298       | 1.1310      | 0.1787     | 0.5861     | 0.7041     |             | 1.2472   | -0.080 
139    | 2.7124     | 0.4305     | 1.1243       | 1.1575      | 0.1788     | 0.5894     | 0.6745     |             | 1.1815   | -0.073 
140    | 2.7408     | 0.4223     | 1.1382       | 1.1803      | 0.1616     | 0.5729     | 0.6819     |             | 1.2068   | -0.076 
141    | 2.6708     | 0.4123     | 1.0956       | 1.1629      | 0.1548     | 0.5669     | 0.6961     |             | 1.1764   | -0.079 
142    | 2.7278     | 0.4361     | 1.1449       | 1.1468      | 0.1599     | 0.5555     | 0.6780     |             | 1.2263   | -0.081 
143    | 2.6602     | 0.3950     | 1.0843       | 1.1809      | 0.1572     | 0.5637     | 0.6823     |             | 1.2406   | -0.078 
144    | 2.5975     | 0.3784     | 1.0888       | 1.1304      | 0.1501     | 0.5870     | 0.7014     |             | 1.1896   | -0.071 
145    | 2.6855     | 0.4241     | 1.1171       | 1.1443      | 0.1717     | 0.5962     | 0.7003     |             | 1.1679   | -0.073 
146    | 2.6470     | 0.4095     | 1.0643       | 1.1732      | 0.1734     | 0.6096     | 0.6891     |             | 1.2408   | -0.066 
147    | 2.6967     | 0.4223     | 1.1048       | 1.1696      | 0.1694     | 0.6303     | 0.6926     |             | 1.1638   | -0.057 
148    | 2.7195     | 0.4236     | 1.1307       | 1.1653      | 0.1518     | 0.6032     | 0.7154     |             | 1.1970   | -0.067 
149    | 2.7812     | 0.4118     | 1.1700       | 1.1994      | 0.1748     | 0.5995     | 0.7546     |             | 1.2568   | -0.084 
150    | 2.7587     | 0.4081     | 1.1690       | 1.1816      | 0.1539     | 0.6250     | 0.6926     |             | 1.1930   | -0.055 
151    | 2.7539     | 0.4109     | 1.1373       | 1.2058      | 0.1818     | 0.6077     | 0.7302     |             | 1.2636   | -0.077 
152    | 2.7847     | 0.4210     | 1.1209       | 1.2429      | 0.1607     | 0.6063     | 0.7030     |             | 1.2749   | -0.066 
153    | 2.7323     | 0.4245     | 1.1030       | 1.2048      | 0.1653     | 0.5585     | 0.7277     |             | 1.1867   | -0.092 
154    | 2.7231     | 0.3996     | 1.0884       | 1.2350      | 0.1512     | 0.5648     | 0.7520     |             | 1.1862   | -0.090 
155    | 2.6928     | 0.4202     | 1.0843       | 1.1882      | 0.1567     | 0.5332     | 0.7127     |             | 1.2115   | -0.096 
156    | 2.6754     | 0.4252     | 1.0781       | 1.1721      | 0.1464     | 0.5233     | 0.6860     |             | 1.2207   | -0.092 
157    | 2.6552     | 0.4189     | 1.0539       | 1.1824      | 0.1676     | 0.5449     | 0.7105     |             | 1.2790   | -0.094 
158    | 2.7510     | 0.4009     | 1.1489       | 1.2012      | 0.1802     | 0.5782     | 0.6886     |             | 1.2253   | -0.081 
159    | 2.8412     | 0.4427     | 1.2334       | 1.1651      | 0.1748     | 0.6352     | 0.7112     |             | 1.2249   | -0.061 
160    | 2.8169     | 0.4139     | 1.2100       | 1.1931      | 0.1640     | 0.6199     | 0.7194     |             | 1.1970   | -0.065 
161    | 2.7754     | 0.4282     | 1.1461       | 1.2011      | 0.1455     | 0.6081     | 0.7153     |             | 1.2430   | -0.063 
162    | 2.6924     | 0.3770     | 1.1608       | 1.1546      | 0.1528     | 0.6102     | 0.6995     |             | 1.2769   | -0.062 
163    | 2.7963     | 0.4403     | 1.2003       | 1.1557      | 0.1872     | 0.5898     | 0.6875     |             | 1.2051   | -0.078 
164    | 2.7795     | 0.4203     | 1.1800       | 1.1791      | 0.1810     | 0.5720     | 0.6842     |             | 1.2123   | -0.082 
165    | 2.7183     | 0.4079     | 1.1527       | 1.1577      | 0.1816     | 0.5817     | 0.7098     |             | 1.1896   | -0.084 
166    | 2.7090     | 0.4009     | 1.1541       | 1.1541      | 0.1505     | 0.5652     | 0.6890     |             | 1.2701   | -0.077 
167    | 2.7243     | 0.4140     | 1.1413       | 1.1691      | 0.1652     | 0.6277     | 0.7019     |             | 1.2610   | -0.059 
168    | 2.7880     | 0.4085     | 1.1972       | 1.1823      | 0.1528     | 0.6215     | 0.7062     |             | 1.2559   | -0.058 
169    | 2.7462     | 0.4134     | 1.1727       | 1.1601      | 0.1935     | 0.6045     | 0.6866     |             | 1.2788   | -0.074 
170    | 2.7091     | 0.3986     | 1.1300       | 1.1805      | 0.1722     | 0.5729     | 0.6954     |             | 1.1861   | -0.082 
171    | 2.6974     | 0.3886     | 1.1243       | 1.1845      | 0.1740     | 0.5895     | 0.7182     |             | 1.2111   | -0.080 
172    | 2.7403     | 0.4135     | 1.1699       | 1.1569      | 0.1661     | 0.6113     | 0.6981     |             | 1.1773   | -0.065 
173    | 2.7643     | 0.4262     | 1.1720       | 1.1661      | 0.1636     | 0.6067     | 0.7119     |             | 1.2206   | -0.069 
174    | 2.7577     | 0.4080     | 1.1514       | 1.1982      | 0.1604     | 0.6427     | 0.6945     |             | 1.1659   | -0.050 
175    | 2.7663     | 0.3855     | 1.1977       | 1.1832      | 0.1540     | 0.6416     | 0.6940     |             | 1.2325   | -0.048 
176    | 2.7493     | 0.4105     | 1.1777       | 1.1612      | 0.1545     | 0.6337     | 0.7234     |             | 1.1637   | -0.058 
177    | 2.7144     | 0.3998     | 1.1443       | 1.1702      | 0.1675     | 0.5810     | 0.6961     |             | 1.2230   | -0.077 
178    | 2.7349     | 0.4114     | 1.1557       | 1.1678      | 0.1708     | 0.5686     | 0.6908     |             | 1.2307   | -0.082 
179    | 2.7200     | 0.3932     | 1.1551       | 1.1717      | 0.1602     | 0.5476     | 0.7079     |             | 1.2335   | -0.091 
180    | 2.7045     | 0.3933     | 1.1310       | 1.1802      | 0.1536     | 0.5508     | 0.6918     |             | 1.2558   | -0.084 
181    | 2.7133     | 0.3773     | 1.1370       | 1.1991      | 0.1945     | 0.5838     | 0.7107     |             | 1.2692   | -0.087 
182    | 2.6587     | 0.3675     | 1.1089       | 1.1823      | 0.1607     | 0.5826     | 0.6941     |             | 1.2364   | -0.074 
183    | 2.7342     | 0.4143     | 1.1267       | 1.1932      | 0.1546     | 0.5797     | 0.7016     |             | 1.2537   | -0.075 
184    | 2.6623     | 0.3765     | 1.1178       | 1.1680      | 0.1730     | 0.5839     | 0.7130     |             | 1.3219   | -0.081 
185    | 2.7007     | 0.4102     | 1.1254       | 1.1651      | 0.1673     | 0.5645     | 0.7246     |             | 1.3013   | -0.089 
186    | 2.6998     | 0.3853     | 1.1264       | 1.1881      | 0.1498     | 0.5771     | 0.6764     |             | 1.3400   | -0.069 
187    | 2.6867     | 0.3880     | 1.1245       | 1.1742      | 0.1416     | 0.5675     | 0.6887     |             | 1.2197   | -0.073 
188    | 2.6473     | 0.3860     | 1.1135       | 1.1479      | 0.1576     | 0.5663     | 0.6891     |             | 1.3007   | -0.079 
189    | 2.7150     | 0.3890     | 1.1430       | 1.1831      | 0.1522     | 0.5823     | 0.6975     |             | 1.2285   | -0.072 
190    | 2.6588     | 0.3849     | 1.1284       | 1.1455      | 0.1510     | 0.5752     | 0.7177     |             | 1.2506   | -0.079 
191    | 2.6645     | 0.3838     | 1.1331       | 1.1477      | 0.1474     | 0.5790     | 0.6995     |             | 1.3202   | -0.073 
192    | 2.6233     | 0.3534     | 1.1151       | 1.1548      | 0.1461     | 0.5963     | 0.6873     |             | 1.2860   | -0.063 
193    | 2.7354     | 0.3891     | 1.1481       | 1.1982      | 0.1572     | 0.5480     | 0.6970     |             | 1.2919   | -0.087 
194    | 2.7829     | 0.4180     | 1.1421       | 1.2228      | 0.1755     | 0.5522     | 0.6777     |             | 1.2997   | -0.087 
195    | 2.7358     | 0.4272     | 1.1450       | 1.1635      | 0.1457     | 0.5507     | 0.7000     |             | 1.2834   | -0.083 
196    | 2.7595     | 0.4069     | 1.1724       | 1.1802      | 0.1605     | 0.5581     | 0.6911     |             | 1.2658   | -0.083 
197    | 2.7362     | 0.3881     | 1.1814       | 1.1667      | 0.1446     | 0.5772     | 0.6901     |             | 1.3326   | -0.071 
198    | 2.7102     | 0.3820     | 1.1734       | 1.1548      | 0.1513     | 0.5455     | 0.7104     |             | 1.2587   | -0.089 
199    | 2.7249     | 0.3940     | 1.1552       | 1.1757      | 0.1438     | 0.5359     | 0.6855     |             | 1.3391   | -0.086 
200    | 2.7135     | 0.4009     | 1.1461       | 1.1665      | 0.1613     | 0.5421     | 0.7032     |             | 1.3520   | -0.092 
201    | 2.7243     | 0.3502     | 1.1669       | 1.2073      | 0.1631     | 0.5677     | 0.6786     |             | 1.3529   | -0.078 
202    | 2.7291     | 0.3899     | 1.1830       | 1.1563      | 0.1496     | 0.5674     | 0.7061     |             | 1.3434   | -0.079 
203    | 2.7666     | 0.3956     | 1.2077       | 1.1633      | 0.1683     | 0.5722     | 0.7080     |             | 1.3158   | -0.083 
204    | 2.7394     | 0.4114     | 1.1593       | 1.1687      | 0.1581     | 0.5712     | 0.7515     |             | 1.3227   | -0.089 
205    | 2.6743     | 0.3757     | 1.1415       | 1.1570      | 0.1597     | 0.5533     | 0.6973     |             | 1.3333   | -0.086 
206    | 2.6590     | 0.3858     | 1.1232       | 1.1500      | 0.1478     | 0.5429     | 0.7075     |             | 1.2331   | -0.089 
207    | 2.7175     | 0.4021     | 1.1438       | 1.1716      | 0.1588     | 0.5183     | 0.7261     |             | 1.3086   | -0.106 
208    | 2.6860     | 0.3547     | 1.1304       | 1.2009      | 0.1728     | 0.5503     | 0.7243     |             | 1.2733   | -0.097 
209    | 2.7644     | 0.3900     | 1.1733       | 1.2012      | 0.1652     | 0.5366     | 0.7035     |             | 1.3475   | -0.096 
210    | 2.7065     | 0.3890     | 1.1649       | 1.1526      | 0.1554     | 0.5662     | 0.7075     |             | 1.2926   | -0.082 
211    | 2.6758     | 0.3602     | 1.1724       | 1.1432      | 0.1509     | 0.6008     | 0.7014     |             | 1.2658   | -0.065 
212    | 2.7742     | 0.3938     | 1.2016       | 1.1788      | 0.1746     | 0.5843     | 0.7083     |             | 1.3172   | -0.080 
213    | 2.6758     | 0.3649     | 1.1867       | 1.1242      | 0.1639     | 0.5795     | 0.7139     |             | 1.2487   | -0.080 
214    | 2.7212     | 0.3936     | 1.1832       | 1.1444      | 0.1537     | 0.5551     | 0.7132     |             | 1.1379   | -0.087 
215    | 2.6513     | 0.3605     | 1.1382       | 1.1526      | 0.1480     | 0.5471     | 0.6977     |             | 1.1714   | -0.085 
216    | 2.6923     | 0.4209     | 1.1451       | 1.1264      | 0.1718     | 0.5723     | 0.7373     |             | 1.1748   | -0.090 
217    | 2.6561     | 0.3848     | 1.1445       | 1.1267      | 0.1587     | 0.5348     | 0.7192     |             | 1.1736   | -0.097 
218    | 2.6694     | 0.3584     | 1.1412       | 1.1698      | 0.1528     | 0.5360     | 0.7010     |             | 1.1764   | -0.092 
219    | 2.6419     | 0.3680     | 1.1504       | 1.1234      | 0.1680     | 0.5586     | 0.7114     |             | 1.1517   | -0.089 
220    | 2.6991     | 0.3850     | 1.1805       | 1.1335      | 0.1826     | 0.5547     | 0.7081     |             | 1.1560   | -0.095 
221    | 2.7574     | 0.3878     | 1.2179       | 1.1517      | 0.1687     | 0.5754     | 0.6989     |             | 1.2224   | -0.080 
222    | 2.7488     | 0.3892     | 1.1803       | 1.1793      | 0.1769     | 0.5289     | 0.6909     |             | 1.2361   | -0.100 
223    | 2.7190     | 0.3760     | 1.1707       | 1.1722      | 0.1477     | 0.5720     | 0.7028     |             | 1.2269   | -0.076 
224    | 2.6735     | 0.3742     | 1.1601       | 1.1391      | 0.1556     | 0.5516     | 0.7140     |             | 1.1938   | -0.089 
225    | 2.6747     | 0.3626     | 1.1723       | 1.1398      | 0.1810     | 0.5900     | 0.7127     |             | 1.1924   | -0.081 
226    | 2.7098     | 0.3687     | 1.1731       | 1.1680      | 0.1526     | 0.5880     | 0.7143     |             | 1.2080   | -0.073 
227    | 2.7108     | 0.3726     | 1.1859       | 1.1522      | 0.1696     | 0.5853     | 0.7005     |             | 1.2336   | -0.077 
228    | 2.6878     | 0.3804     | 1.1593       | 1.1481      | 0.1755     | 0.5548     | 0.6994     |             | 1.1721   | -0.091 
229    | 2.7242     | 0.3965     | 1.1680       | 1.1597      | 0.1596     | 0.5273     | 0.7065     |             | 1.1970   | -0.098 
230    | 2.7240     | 0.3846     | 1.1482       | 1.1911      | 0.1638     | 0.5328     | 0.6945     |             | 1.1712   | -0.095 
231    | 2.7197     | 0.4040     | 1.1410       | 1.1747      | 0.1563     | 0.5143     | 0.6892     |             | 1.1896   | -0.099 
232    | 2.7320     | 0.3779     | 1.1437       | 1.2104      | 0.1721     | 0.5321     | 0.6983     |             | 1.2567   | -0.098 
233    | 2.6652     | 0.3743     | 1.1377       | 1.1532      | 0.1735     | 0.5362     | 0.6803     |             | 1.1674   | -0.094 
234    | 2.7084     | 0.3682     | 1.1679       | 1.1723      | 0.1712     | 0.5400     | 0.6990     |             | 1.2327   | -0.095 
235    | 2.6933     | 0.3390     | 1.1569       | 1.1974      | 0.1621     | 0.5524     | 0.7314     |             | 1.1980   | -0.094 
236    | 2.7069     | 0.3626     | 1.1631       | 1.1811      | 0.1556     | 0.5542     | 0.7160     |             | 1.1943   | -0.088 
237    | 2.6924     | 0.3727     | 1.1580       | 1.1618      | 0.1588     | 0.5599     | 0.7206     |             | 1.2291   | -0.088 
238    | 2.7372     | 0.3691     | 1.1720       | 1.1960      | 0.1531     | 0.5697     | 0.6981     |             | 1.1594   | -0.078 
239    | 2.7552     | 0.3849     | 1.1887       | 1.1816      | 0.1504     | 0.5429     | 0.6849     |             | 1.2656   | -0.085 
240    | 2.7591     | 0.3833     | 1.2057       | 1.1701      | 0.1616     | 0.5489     | 0.7140     |             | 1.2255   | -0.092 
241    | 2.7295     | 0.3641     | 1.1981       | 1.1674      | 0.1478     | 0.5244     | 0.6983     |             | 1.1996   | -0.094 
242    | 2.7188     | 0.3594     | 1.1988       | 1.1606      | 0.1808     | 0.5417     | 0.7112     |             | 1.2808   | -0.100 
243    | 2.7048     | 0.3540     | 1.1660       | 1.1847      | 0.1466     | 0.5362     | 0.7073     |             | 1.3179   | -0.091 
244    | 2.7046     | 0.3623     | 1.1430       | 1.1992      | 0.1477     | 0.5452     | 0.7211     |             | 1.3505   | -0.090 
245    | 2.6667     | 0.3640     | 1.1617       | 1.1410      | 0.1441     | 0.5665     | 0.6809     |             | 1.2432   | -0.073 
246    | 2.6923     | 0.3457     | 1.1868       | 1.1599      | 0.1456     | 0.5769     | 0.7096     |             | 1.2114   | -0.075 
247    | 2.7153     | 0.3794     | 1.1679       | 1.1681      | 0.1575     | 0.5774     | 0.7231     |             | 1.1819   | -0.081 
248    | 2.6819     | 0.3528     | 1.1566       | 1.1725      | 0.1526     | 0.5498     | 0.6979     |             | 1.2811   | -0.085 
249    | 2.6981     | 0.3631     | 1.1617       | 1.1733      | 0.1438     | 0.5658     | 0.7080     |             | 1.2332   | -0.078 
250    | 2.6673     | 0.3418     | 1.1944       | 1.1311      | 0.1404     | 0.5517     | 0.7078     |             | 1.2615   | -0.083 
251    | 2.6955     | 0.3779     | 1.1559       | 1.1616      | 0.1925     | 0.5579     | 0.7210     |             | 1.3384   | -0.099 
252    | 2.7138     | 0.3962     | 1.1466       | 1.1710      | 0.1496     | 0.5647     | 0.6999     |             | 1.2258   | -0.079 
253    | 2.6422     | 0.3434     | 1.1144       | 1.1843      | 0.1580     | 0.5673     | 0.6815     |             | 1.2632   | -0.077 
254    | 2.6276     | 0.3635     | 1.1145       | 1.1496      | 0.1522     | 0.5680     | 0.6839     |             | 1.2369   | -0.075 
255    | 2.6028     | 0.3312     | 1.1015       | 1.1702      | 0.1358     | 0.5833     | 0.7013     |             | 1.2384   | -0.068 
256    | 2.5957     | 0.3337     | 1.1245       | 1.1375      | 0.1548     | 0.5736     | 0.6965     |             | 1.1756   | -0.076 
257    | 2.6204     | 0.3263     | 1.1002       | 1.1939      | 0.1523     | 0.5794     | 0.7109     |             | 1.2840   | -0.076 
258    | 2.6069     | 0.3301     | 1.0876       | 1.1893      | 0.1499     | 0.5519     | 0.6928     |             | 1.1907   | -0.083 
259    | 2.6139     | 0.3568     | 1.0884       | 1.1687      | 0.1622     | 0.5633     | 0.7333     |             | 1.2601   | -0.090 
260    | 2.6031     | 0.3587     | 1.1091       | 1.1353      | 0.1565     | 0.5527     | 0.6963     |             | 1.2224   | -0.085 
261    | 2.5937     | 0.3489     | 1.1004       | 1.1444      | 0.1488     | 0.5731     | 0.6924     |             | 1.2509   | -0.074 
262    | 2.5977     | 0.3523     | 1.0949       | 1.1505      | 0.1548     | 0.5707     | 0.7038     |             | 1.2426   | -0.079 
263    | 2.6349     | 0.3536     | 1.0983       | 1.1830      | 0.1407     | 0.5687     | 0.7301     |             | 1.2010   | -0.081 
264    | 2.5918     | 0.3429     | 1.0962       | 1.1527      | 0.1533     | 0.5698     | 0.7158     |             | 1.2150   | -0.081 
265    | 2.6732     | 0.3789     | 1.1173       | 1.1770      | 0.1391     | 0.6001     | 0.7047     |             | 1.2005   | -0.063 
266    | 2.6709     | 0.3732     | 1.1087       | 1.1890      | 0.1524     | 0.5690     | 0.7506     |             | 1.1715   | -0.088 
267    | 2.6368     | 0.3458     | 1.1445       | 1.1465      | 0.1592     | 0.5804     | 0.7104     |             | 1.2053   | -0.078 
268    | 2.6564     | 0.3201     | 1.1790       | 1.1573      | 0.1442     | 0.6183     | 0.6790     |             | 1.2108   | -0.052 
269    | 2.7304     | 0.3741     | 1.2101       | 1.1462      | 0.1404     | 0.6304     | 0.7011     |             | 1.2692   | -0.050 
270    | 2.7282     | 0.3703     | 1.2090       | 1.1489      | 0.1516     | 0.6186     | 0.7404     |             | 1.3124   | -0.066 
271    | 2.7367     | 0.3476     | 1.2118       | 1.1773      | 0.1363     | 0.6327     | 0.7086     |             | 1.2093   | -0.050 
272    | 2.7407     | 0.3590     | 1.2388       | 1.1429      | 0.1521     | 0.6029     | 0.7044     |             | 1.2672   | -0.065 
273    | 2.7829     | 0.3649     | 1.2691       | 1.1489      | 0.1517     | 0.6627     | 0.7328     |             | 1.2719   | -0.047 
274    | 2.8520     | 0.3779     | 1.3097       | 1.1643      | 0.1477     | 0.6180     | 0.7302     |             | 1.3309   | -0.063 
275    | 2.8398     | 0.3575     | 1.3106       | 1.1718      | 0.1474     | 0.6158     | 0.7092     |             | 1.3005   | -0.060 
276    | 2.8035     | 0.3982     | 1.2315       | 1.1739      | 0.1522     | 0.6168     | 0.7116     |             | 1.2658   | -0.061 
277    | 2.6985     | 0.3471     | 1.1919       | 1.1595      | 0.1610     | 0.5846     | 0.7321     |             | 1.2956   | -0.081 
278    | 2.6669     | 0.3359     | 1.1767       | 1.1544      | 0.1402     | 0.5689     | 0.7138     |             | 1.2572   | -0.077 
279    | 2.7437     | 0.3878     | 1.1958       | 1.1600      | 0.1533     | 0.5980     | 0.7095     |             | 1.2763   | -0.069 
280    | 2.7387     | 0.3503     | 1.1911       | 1.1973      | 0.1505     | 0.5939     | 0.7136     |             | 1.3285   | -0.070 
281    | 2.6505     | 0.3464     | 1.1848       | 1.1193      | 0.1604     | 0.6089     | 0.7097     |             | 1.2989   | -0.067 
282    | 2.6986     | 0.3501     | 1.1872       | 1.1613      | 0.1528     | 0.6036     | 0.7040     |             | 1.1915   | -0.065 
283    | 2.7293     | 0.3807     | 1.1848       | 1.1638      | 0.1313     | 0.6023     | 0.7196     |             | 1.2224   | -0.062 
284    | 2.7005     | 0.3296     | 1.1589       | 1.2121      | 0.1497     | 0.5941     | 0.7373     |             | 1.1948   | -0.075 
285    | 2.7393     | 0.3892     | 1.1599       | 1.1902      | 0.1524     | 0.6263     | 0.7466     |             | 1.2505   | -0.065 
286    | 2.6380     | 0.3189     | 1.1649       | 1.1541      | 0.1267     | 0.6002     | 0.7102     |             | 1.2203   | -0.060 
287    | 2.6942     | 0.3471     | 1.1748       | 1.1723      | 0.1721     | 0.6024     | 0.7288     |             | 1.2126   | -0.076 
288    | 2.6755     | 0.3215     | 1.1466       | 1.2075      | 0.1470     | 0.5933     | 0.7272     |             | 1.1975   | -0.072 
289    | 2.6478     | 0.3350     | 1.1553       | 1.1575      | 0.1447     | 0.5890     | 0.7498     |             | 1.2432   | -0.078 
290    | 2.6949     | 0.3431     | 1.1527       | 1.1991      | 0.1451     | 0.5913     | 0.7148     |             | 1.2609   | -0.070 
291    | 2.6847     | 0.3519     | 1.1684       | 1.1644      | 0.1463     | 0.6018     | 0.7592     |             | 1.1945   | -0.075 
292    | 2.6480     | 0.3442     | 1.1588       | 1.1450      | 0.1654     | 0.5923     | 0.7439     |             | 1.2279   | -0.081 
293    | 2.6350     | 0.3453     | 1.1568       | 1.1330      | 0.1500     | 0.5775     | 0.7369     |             | 1.1146   | -0.081 
294    | 2.6668     | 0.3662     | 1.1800       | 1.1206      | 0.1456     | 0.5943     | 0.7157     |             | 1.1868   | -0.069 
295    | 2.6680     | 0.3510     | 1.1781       | 1.1389      | 0.1610     | 0.5978     | 0.7018     |             | 1.1692   | -0.070 
296    | 2.6020     | 0.3066     | 1.1518       | 1.1436      | 0.1373     | 0.5798     | 0.6968     |             | 1.1206   | -0.069 
297    | 2.7151     | 0.3748     | 1.1895       | 1.1508      | 0.1415     | 0.6043     | 0.7376     |             | 1.2447   | -0.068 
298    | 2.7209     | 0.3746     | 1.1964       | 1.1499      | 0.1347     | 0.5703     | 0.7212     |             | 1.2116   | -0.077 
299    | 2.6508     | 0.3441     | 1.1741       | 1.1325      | 0.1361     | 0.5879     | 0.7297     |             | 1.1925   | -0.072 
300    | 2.6691     | 0.3622     | 1.1714       | 1.1355      | 0.1578     | 0.5835     | 0.7193     |             | 1.2284   | -0.078 
301    | 2.6848     | 0.3638     | 1.1543       | 1.1667      | 0.1684     | 0.5613     | 0.7076     |             | 1.2492   | -0.088 
302    | 2.5703     | 0.3238     | 1.1202       | 1.1262      | 0.1366     | 0.5642     | 0.7096     |             | 1.2286   | -0.077 
303    | 2.6263     | 0.3575     | 1.1356       | 1.1331      | 0.1367     | 0.5891     | 0.6814     |             | 1.2045   | -0.062 
304    | 2.5978     | 0.3342     | 1.1607       | 1.1029      | 0.1530     | 0.5921     | 0.7192     |             | 1.2064   | -0.073 
305    | 2.6953     | 0.3730     | 1.1888       | 1.1335      | 0.1391     | 0.5846     | 0.7074     |             | 1.2500   | -0.069 
306    | 2.6872     | 0.3752     | 1.1565       | 1.1555      | 0.1467     | 0.5668     | 0.6820     |             | 1.1887   | -0.074 
307    | 2.5780     | 0.3366     | 1.1330       | 1.1083      | 0.1479     | 0.5857     | 0.7122     |             | 1.1993   | -0.073 
308    | 2.6393     | 0.3561     | 1.1902       | 1.0929      | 0.1663     | 0.5877     | 0.7075     |             | 1.2332   | -0.076 
309    | 2.6748     | 0.3507     | 1.1670       | 1.1571      | 0.1807     | 0.5929     | 0.7284     |             | 1.1976   | -0.083 
310    | 2.5926     | 0.3326     | 1.1508       | 1.1092      | 0.1479     | 0.5687     | 0.7141     |             | 1.2107   | -0.080 
311    | 2.6306     | 0.3431     | 1.1605       | 1.1270      | 0.1638     | 0.5851     | 0.7494     |             | 1.2256   | -0.085 
312    | 2.6197     | 0.3451     | 1.1739       | 1.1008      | 0.1542     | 0.5722     | 0.7280     |             | 1.2123   | -0.083 
313    | 2.6147     | 0.3304     | 1.1370       | 1.1473      | 0.1430     | 0.5722     | 0.7103     |             | 1.3013   | -0.076 
314    | 2.6631     | 0.3625     | 1.1775       | 1.1230      | 0.1406     | 0.5840     | 0.7202     |             | 1.2105   | -0.073 
315    | 2.6400     | 0.3360     | 1.1877       | 1.1163      | 0.1477     | 0.5868     | 0.6874     |             | 1.2164   | -0.067 
316    | 2.7575     | 0.3653     | 1.2072       | 1.1849      | 0.1488     | 0.6037     | 0.7186     |             | 1.2162   | -0.067 
317    | 2.7338     | 0.3635     | 1.2035       | 1.1668      | 0.1532     | 0.5949     | 0.6860     |             | 1.1944   | -0.065 
318    | 2.7149     | 0.3661     | 1.2037       | 1.1451      | 0.1360     | 0.5855     | 0.7298     |             | 1.1847   | -0.073 
319    | 2.6699     | 0.3405     | 1.1583       | 1.1710      | 0.1463     | 0.5724     | 0.7052     |             | 1.1707   | -0.076 
320    | 2.6705     | 0.3568     | 1.1736       | 1.1401      | 0.1341     | 0.6048     | 0.7216     |             | 1.1541   | -0.063 
321    | 2.6605     | 0.3328     | 1.1566       | 1.1712      | 0.1536     | 0.6053     | 0.7016     |             | 1.2681   | -0.064 
322    | 2.7035     | 0.3520     | 1.1827       | 1.1688      | 0.1389     | 0.6193     | 0.7169     |             | 1.1888   | -0.057 
323    | 2.6531     | 0.3521     | 1.1900       | 1.1111      | 0.1456     | 0.6456     | 0.6923     |             | 1.2250   | -0.044 
324    | 2.7101     | 0.3959     | 1.2113       | 1.1028      | 0.1687     | 0.6289     | 0.7278     |             | 1.2943   | -0.065 
325    | 2.7502     | 0.3374     | 1.2389       | 1.1738      | 0.1438     | 0.6583     | 0.6967     |             | 1.3571   | -0.039 
326    | 2.6930     | 0.3304     | 1.2376       | 1.1249      | 0.1752     | 0.6614     | 0.7111     |             | 1.3374   | -0.050 
327    | 2.7109     | 0.3493     | 1.2390       | 1.1226      | 0.1525     | 0.6136     | 0.7187     |             | 1.2909   | -0.064 
328    | 2.6507     | 0.3236     | 1.1869       | 1.1402      | 0.1574     | 0.6128     | 0.7374     |             | 1.2470   | -0.070 
329    | 2.6781     | 0.3488     | 1.1966       | 1.1327      | 0.1491     | 0.6068     | 0.7132     |             | 1.2880   | -0.065 
330    | 2.6355     | 0.3664     | 1.1704       | 1.0987      | 0.1414     | 0.6221     | 0.7289     |             | 1.2348   | -0.059 
331    | 2.6554     | 0.3477     | 1.1404       | 1.1673      | 0.1505     | 0.6053     | 0.7210     |             | 1.3177   | -0.067 
332    | 2.6440     | 0.3416     | 1.1472       | 1.1553      | 0.1384     | 0.6056     | 0.7292     |             | 1.2899   | -0.065 
333    | 2.6026     | 0.3293     | 1.1583       | 1.1150      | 0.1426     | 0.6060     | 0.7066     |             | 1.2084   | -0.062 
334    | 2.6845     | 0.3372     | 1.1661       | 1.1812      | 0.1308     | 0.5963     | 0.7393     |             | 1.3156   | -0.069 
335    | 2.6636     | 0.3574     | 1.1542       | 1.1520      | 0.1535     | 0.5790     | 0.7092     |             | 1.3242   | -0.076 
336    | 2.5788     | 0.3125     | 1.1256       | 1.1407      | 0.1355     | 0.5635     | 0.7119     |             | 1.2243   | -0.078 
337    | 2.6514     | 0.3239     | 1.1474       | 1.1800      | 0.1509     | 0.5840     | 0.7508     |             | 1.2887   | -0.082 
338    | 2.6454     | 0.3422     | 1.1739       | 1.1294      | 0.1449     | 0.5812     | 0.7041     |             | 1.2763   | -0.072 
339    | 2.6498     | 0.3539     | 1.1858       | 1.1102      | 0.1563     | 0.5943     | 0.7194     |             | 1.2837   | -0.073 
340    | 2.6571     | 0.3331     | 1.1836       | 1.1404      | 0.1411     | 0.5797     | 0.7562     |             | 1.2874   | -0.082 
341    | 2.6503     | 0.3204     | 1.1857       | 1.1442      | 0.1339     | 0.6317     | 0.7427     |             | 1.3116   | -0.056 
342    | 2.6419     | 0.3408     | 1.1743       | 1.1268      | 0.1446     | 0.6047     | 0.7003     |             | 1.2768   | -0.062 
343    | 2.6086     | 0.2993     | 1.1707       | 1.1386      | 0.1603     | 0.6045     | 0.7008     |             | 1.3458   | -0.066 
344    | 2.6439     | 0.3324     | 1.1732       | 1.1382      | 0.1318     | 0.6182     | 0.7035     |             | 1.2477   | -0.053 
345    | 2.6581     | 0.3674     | 1.1669       | 1.1238      | 0.1596     | 0.6074     | 0.7201     |             | 1.3318   | -0.069 
346    | 2.6267     | 0.3195     | 1.1613       | 1.1458      | 0.1585     | 0.6082     | 0.7263     |             | 1.2365   | -0.070 
347    | 2.6603     | 0.3388     | 1.1831       | 1.1384      | 0.1297     | 0.6002     | 0.7007     |             | 1.2560   | -0.059 
348    | 2.6985     | 0.3681     | 1.1983       | 1.1321      | 0.1457     | 0.6052     | 0.7123     |             | 1.2953   | -0.064 
349    | 2.6411     | 0.3205     | 1.1874       | 1.1332      | 0.1426     | 0.5879     | 0.7742     |             | 1.3045   | -0.082 
350    | 2.6722     | 0.3410     | 1.2102       | 1.1209      | 0.1411     | 0.5974     | 0.7241     |             | 1.3249   | -0.068 
351    | 2.7116     | 0.3544     | 1.2254       | 1.1318      | 0.1482     | 0.5924     | 0.7090     |             | 1.2489   | -0.069 
352    | 2.6442     | 0.3334     | 1.1872       | 1.1235      | 0.1683     | 0.5586     | 0.7025     |             | 1.3617   | -0.088 
353    | 2.6492     | 0.3146     | 1.1866       | 1.1480      | 0.1681     | 0.5630     | 0.7199     |             | 1.3041   | -0.089 
354    | 2.6174     | 0.3389     | 1.1902       | 1.0883      | 0.1674     | 0.5582     | 0.7510     |             | 1.3692   | -0.097 
355    | 2.6576     | 0.3256     | 1.1935       | 1.1385      | 0.1348     | 0.5727     | 0.7240     |             | 1.3575   | -0.076 
356    | 2.6647     | 0.3358     | 1.1737       | 1.1552      | 0.1398     | 0.5686     | 0.6997     |             | 1.2786   | -0.074 
357    | 2.5997     | 0.3280     | 1.1612       | 1.1105      | 0.1461     | 0.5539     | 0.7133     |             | 1.3938   | -0.085 
358    | 2.5815     | 0.3230     | 1.1470       | 1.1115      | 0.1306     | 0.5621     | 0.7042     |             | 1.3047   | -0.075 
359    | 2.5567     | 0.3111     | 1.1595       | 1.0861      | 0.1365     | 0.5626     | 0.7494     |             | 1.3202   | -0.086 
360    | 2.6483     | 0.3406     | 1.1749       | 1.1328      | 0.1459     | 0.5693     | 0.7311     |             | 1.3078   | -0.082 
361    | 2.6138     | 0.3091     | 1.1821       | 1.1227      | 0.1525     | 0.5510     | 0.7186     |             | 1.2665   | -0.089 
362    | 2.6825     | 0.3484     | 1.2019       | 1.1322      | 0.1435     | 0.5781     | 0.7328     |             | 1.2627   | -0.078 
363    | 2.7145     | 0.3539     | 1.2105       | 1.1501      | 0.1411     | 0.5601     | 0.7116     |             | 1.2805   | -0.081 
364    | 2.6749     | 0.3211     | 1.1864       | 1.1674      | 0.1518     | 0.5469     | 0.7264     |             | 1.2295   | -0.092 
365    | 2.5899     | 0.2845     | 1.2028       | 1.1026      | 0.1351     | 0.5735     | 0.7135     |             | 1.2018   | -0.074 
366    | 2.6793     | 0.3615     | 1.1881       | 1.1296      | 0.1553     | 0.5727     | 0.7071     |             | 1.1605   | -0.079 
367    | 2.6639     | 0.3215     | 1.1871       | 1.1554      | 0.1676     | 0.5737     | 0.6908     |             | 1.2384   | -0.079 
368    | 2.7354     | 0.3792     | 1.2012       | 1.1550      | 0.1567     | 0.5829     | 0.7163     |             | 1.2435   | -0.077 
369    | 2.7145     | 0.3493     | 1.2049       | 1.1604      | 0.1562     | 0.5838     | 0.7530     |             | 1.3145   | -0.084 
370    | 2.7732     | 0.3530     | 1.2394       | 1.1808      | 0.1849     | 0.6050     | 0.7211     |             | 1.3064   | -0.078 
371    | 2.7956     | 0.3675     | 1.2714       | 1.1568      | 0.1487     | 0.6074     | 0.7208     |             | 1.2419   | -0.066 
372    | 2.7580     | 0.3508     | 1.2468       | 1.1603      | 0.1502     | 0.6075     | 0.6937     |             | 1.2069   | -0.061 
373    | 2.6963     | 0.3259     | 1.2311       | 1.1393      | 0.1551     | 0.6019     | 0.7066     |             | 1.2173   | -0.067 
374    | 2.6844     | 0.3288     | 1.2174       | 1.1382      | 0.1552     | 0.6138     | 0.7044     |             | 1.2723   | -0.062 
375    | 2.6748     | 0.3175     | 1.1870       | 1.1703      | 0.1608     | 0.5970     | 0.7277     |             | 1.3231   | -0.075 
376    | 2.6461     | 0.3332     | 1.1740       | 1.1390      | 0.1583     | 0.5990     | 0.7292     |             | 1.3114   | -0.074 
377    | 2.5986     | 0.3374     | 1.1582       | 1.1030      | 0.1583     | 0.6068     | 0.7156     |             | 1.1713   | -0.068 
378    | 2.5965     | 0.3301     | 1.1539       | 1.1125      | 0.1629     | 0.6063     | 0.7589     |             | 1.2165   | -0.078 
379    | 2.6287     | 0.3312     | 1.1717       | 1.1258      | 0.1487     | 0.6006     | 0.7432     |             | 1.2755   | -0.073 
380    | 2.6503     | 0.3479     | 1.1479       | 1.1546      | 0.1433     | 0.6098     | 0.7197     |             | 1.2963   | -0.063 
381    | 2.6461     | 0.3521     | 1.1712       | 1.1229      | 0.1324     | 0.6293     | 0.7899     |             | 1.2361   | -0.066 
382    | 2.6187     | 0.3418     | 1.1640       | 1.1129      | 0.1602     | 0.6132     | 0.7581     |             | 1.2280   | -0.074 
383    | 2.6410     | 0.3256     | 1.1759       | 1.1396      | 0.1439     | 0.6484     | 0.7119     |             | 1.1308   | -0.046 
384    | 2.6629     | 0.3358     | 1.2150       | 1.1121      | 0.1647     | 0.6346     | 0.7112     |             | 1.2302   | -0.058 
385    | 2.6365     | 0.3117     | 1.2057       | 1.1191      | 0.1416     | 0.6607     | 0.7168     |             | 1.2304   | -0.042 
386    | 2.6408     | 0.3129     | 1.2108       | 1.1171      | 0.1626     | 0.6285     | 0.7451     |             | 1.1804   | -0.066 
387    | 2.7454     | 0.3551     | 1.2291       | 1.1611      | 0.1435     | 0.6341     | 0.7246     |             | 1.1960   | -0.054 
388    | 2.7192     | 0.3565     | 1.2235       | 1.1393      | 0.1328     | 0.6393     | 0.6856     |             | 1.1752   | -0.041 
389    | 2.6844     | 0.3694     | 1.2188       | 1.0962      | 0.1449     | 0.6251     | 0.7345     |             | 1.2206   | -0.060 
390    | 2.6959     | 0.3363     | 1.2391       | 1.1205      | 0.1654     | 0.6307     | 0.7172     |             | 1.2492   | -0.061 
391    | 2.6972     | 0.3027     | 1.2541       | 1.1403      | 0.1601     | 0.6252     | 0.7176     |             | 1.3234   | -0.061 
392    | 2.6847     | 0.3039     | 1.2357       | 1.1450      | 0.1574     | 0.6008     | 0.7143     |             | 1.3151   | -0.070 
393    | 2.6380     | 0.3295     | 1.2235       | 1.0849      | 0.1441     | 0.5998     | 0.7476     |             | 1.3415   | -0.073 
394    | 2.6395     | 0.3149     | 1.1921       | 1.1325      | 0.1743     | 0.5816     | 0.7150     |             | 1.2632   | -0.083 
395    | 2.5742     | 0.3332     | 1.1871       | 1.0540      | 0.1532     | 0.5747     | 0.7435     |             | 1.2051   | -0.085 
396    | 2.6300     | 0.2929     | 1.1736       | 1.1634      | 0.1450     | 0.5886     | 0.8043     |             | 1.2090   | -0.089 
397    | 2.5819     | 0.3306     | 1.1662       | 1.0851      | 0.1459     | 0.5794     | 0.7176     |             | 1.2590   | -0.076 
398    | 2.6153     | 0.3030     | 1.1609       | 1.1514      | 0.1342     | 0.5784     | 0.7103     |             | 1.2624   | -0.071 
399    | 2.6312     | 0.3274     | 1.1816       | 1.1222      | 0.1571     | 0.5685     | 0.6799     |             | 1.2522   | -0.076 
400    | 2.6050     | 0.3317     | 1.1816       | 1.0917      | 0.1490     | 0.5814     | 0.7151     |             | 1.2185   | -0.075 
Seed 123456 | Src MDE: 0.0288 | Tgt MDE: 1.3571
Finished FusionDANN_1. Results saved.
