/home/mcslab/yutung/MCSLAB_RSSI_RTT_Dataset/FusionDANN/fusion_dann_v4_noRSSIDiff.py:188: FutureWarning: DataFrameGroupBy.apply operated on the grouping columns. This behavior is deprecated, and in a future version of pandas the grouping columns will be excluded from the operation. Either pass `include_groups=False` to exclude the groupings or explicitly select the grouping columns after groupby to silence this warning.
  df = df.groupby('Label').apply(
/home/mcslab/yutung/MCSLAB_RSSI_RTT_Dataset/FusionDANN/fusion_dann_v4_noRSSIDiff.py:188: FutureWarning: DataFrameGroupBy.apply operated on the grouping columns. This behavior is deprecated, and in a future version of pandas the grouping columns will be excluded from the operation. Either pass `include_groups=False` to exclude the groupings or explicitly select the grouping columns after groupby to silence this warning.
  df = df.groupby('Label').apply(
==========================================
Experiment: FusionDANN_2_3
RSSI Features (4): Fixed
RTT Features (2): ['Dist_mm_2', 'Dist_mm_3']
==========================================
Start Training Seed 42...

Start Training... (Validate on Source Val & Target Val)
Epoch  | Total Loss | Train Cls  | Train D_RSSI | Train D_RTT | Val Cls    | Val D_RSSI | Val D_RTT  | Save        | Test MDE | Score  
---------------------------------------------------------------------------------------------------------------------------------------
1      | 6.2806     | 3.4904     | 1.3967       | 1.3935      | 2.8970     | 0.6817     | 0.6975     |             | 1.4749   | -0.856 
2      | 5.5310     | 2.7966     | 1.3707       | 1.3637      | 2.3335     | 0.6789     | 0.6935     |             | 1.1318   | -0.687 
3      | 5.0659     | 2.3658     | 1.3555       | 1.3445      | 1.9232     | 0.6742     | 0.6902     |             | 1.0380   | -0.565 
4      | 4.7060     | 2.0334     | 1.3420       | 1.3306      | 1.5780     | 0.6703     | 0.6916     |             | 1.0182   | -0.464 
5      | 4.4432     | 1.8030     | 1.3244       | 1.3159      | 1.3033     | 0.6627     | 0.6918     |             | 1.0419   | -0.384 
6      | 4.1937     | 1.5903     | 1.3054       | 1.2980      | 1.0695     | 0.6586     | 0.6929     |             | 1.0561   | -0.316 
7      | 3.9637     | 1.4089     | 1.2842       | 1.2706      | 0.8936     | 0.6493     | 0.6881     |             | 1.0085   | -0.266 
8      | 3.7939     | 1.2815     | 1.2594       | 1.2530      | 0.7703     | 0.6452     | 0.6903     |             | 0.9432   | -0.231 
9      | 3.5958     | 1.1365     | 1.2291       | 1.2302      | 0.6349     | 0.6372     | 0.6813     |             | 0.9600   | -0.192 
10     | 3.5268     | 1.1019     | 1.2070       | 1.2179      | 0.5607     | 0.6292     | 0.6840     |             | 1.0059   | -0.173 
11     | 3.3589     | 0.9999     | 1.1747       | 1.1844      | 0.4856     | 0.6212     | 0.6875     |             | 1.0543   | -0.155 
12     | 3.2537     | 0.9456     | 1.1416       | 1.1665      | 0.4289     | 0.6165     | 0.6825     |             | 1.0111   | -0.139 
13     | 3.1385     | 0.8958     | 1.1111       | 1.1316      | 0.3672     | 0.6078     | 0.6896     |             | 1.0639   | -0.125 
14     | 3.0045     | 0.8243     | 1.0682       | 1.1119      | 0.3081     | 0.6079     | 0.6885     |             | 1.0961   | -0.107 
15     | 2.8998     | 0.7942     | 1.0249       | 1.0808      | 0.3048     | 0.6014     | 0.6908     |             | 1.0666   | -0.109 
16     | 2.7727     | 0.7293     | 0.9831       | 1.0603      | 0.2683     | 0.5896     | 0.6823     |             | 1.0367   | -0.101 
17     | 2.7304     | 0.7166     | 0.9642       | 1.0496      | 0.2487     | 0.5730     | 0.6871     |             | 1.0546   | -0.103 
18     | 2.6599     | 0.7024     | 0.9316       | 1.0259      | 0.2445     | 0.5775     | 0.6913     |             | 1.0320   | -0.101 
19     | 2.5934     | 0.6634     | 0.9152       | 1.0148      | 0.2416     | 0.5776     | 0.6755     |             | 1.0389   | -0.097 
20     | 2.5493     | 0.6571     | 0.8854       | 1.0068      | 0.2073     | 0.5601     | 0.6953     |             | 1.0583   | -0.097 
21     | 2.5144     | 0.6383     | 0.8588       | 1.0173      | 0.1985     | 0.5470     | 0.7176     |             | 1.0138   | -0.104 
22     | 2.4309     | 0.6150     | 0.8259       | 0.9899      | 0.1880     | 0.5614     | 0.6753     |             | 1.0624   | -0.087 
23     | 2.3889     | 0.5993     | 0.8213       | 0.9682      | 0.1690     | 0.5538     | 0.6941     |             | 1.0146   | -0.088 
24     | 2.3175     | 0.5639     | 0.7828       | 0.9708      | 0.1728     | 0.5364     | 0.6790     |             | 0.9832   | -0.093 
25     | 2.2606     | 0.5496     | 0.7582       | 0.9528      | 0.1721     | 0.5530     | 0.6742     |             | 1.0030   | -0.085 
26     | 2.2902     | 0.5738     | 0.7491       | 0.9673      | 0.1553     | 0.5175     | 0.6939     |             | 1.0957   | -0.098 
27     | 2.2273     | 0.5208     | 0.7572       | 0.9493      | 0.1795     | 0.5286     | 0.7025     |             | 1.0806   | -0.103 
28     | 2.2768     | 0.5455     | 0.7315       | 0.9998      | 0.1460     | 0.5295     | 0.6825     |             | 1.0328   | -0.088 
29     | 2.2513     | 0.5276     | 0.7198       | 1.0040      | 0.1431     | 0.5125     | 0.7155     |             | 1.0586   | -0.101 
30     | 2.2735     | 0.4981     | 0.7418       | 1.0336      | 0.1421     | 0.5145     | 0.7003     |             | 0.9917   | -0.097 
31     | 2.2399     | 0.5085     | 0.7357       | 0.9956      | 0.1352     | 0.5165     | 0.7012     |             | 1.1617   | -0.094 
32     | 2.2172     | 0.4792     | 0.7209       | 1.0170      | 0.1391     | 0.5227     | 0.6899     |             | 1.0457   | -0.091 
33     | 2.3152     | 0.5139     | 0.7561       | 1.0452      | 0.1308     | 0.5268     | 0.6941     |             | 1.1407   | -0.087 
34     | 2.3503     | 0.5211     | 0.7354       | 1.0938      | 0.1358     | 0.5309     | 0.6926     |             | 1.0380   | -0.087 
35     | 2.4134     | 0.5117     | 0.7453       | 1.1563      | 0.1317     | 0.5354     | 0.6921     |             | 1.0662   | -0.084 
36     | 2.3813     | 0.5091     | 0.7469       | 1.1253      | 0.1220     | 0.5391     | 0.6717     |             | 1.0999   | -0.075 
37     | 2.3859     | 0.4973     | 0.7855       | 1.1031      | 0.1204     | 0.5606     | 0.6518     |             | 1.0674   | -0.062 
38     | 2.3643     | 0.4740     | 0.8062       | 1.0841      | 0.1132     | 0.5435     | 0.6692     |             | 1.0005   | -0.070 
39     | 2.4216     | 0.4883     | 0.8400       | 1.0933      | 0.1226     | 0.5454     | 0.6604     |             | 1.0671   | -0.071 
40     | 2.4366     | 0.4730     | 0.8854       | 1.0782      | 0.1331     | 0.5494     | 0.6930     |             | 0.9818   | -0.079 
41     | 2.5087     | 0.4881     | 0.9318       | 1.0889      | 0.1208     | 0.5525     | 0.6824     |             | 1.0826   | -0.072 
42     | 2.5412     | 0.4920     | 0.9189       | 1.1304      | 0.1190     | 0.5144     | 0.7026     |             | 1.1083   | -0.090 
43     | 2.5533     | 0.4878     | 0.9386       | 1.1268      | 0.1165     | 0.5375     | 0.7100     |             | 1.1132   | -0.082 
44     | 2.5698     | 0.4877     | 0.9439       | 1.1382      | 0.1183     | 0.5553     | 0.7358     |             | 1.0441   | -0.081 
45     | 2.6431     | 0.4886     | 0.9919       | 1.1627      | 0.1285     | 0.5420     | 0.6665     |             | 0.9725   | -0.075 
46     | 2.6307     | 0.4944     | 0.9879       | 1.1484      | 0.1357     | 0.5627     | 0.6634     |             | 0.9219   | -0.068 
47     | 2.6548     | 0.4965     | 1.0254       | 1.1329      | 0.1095     | 0.6091     | 0.6590     |             | 1.0420   | -0.041 
48     | 2.6395     | 0.4908     | 1.0094       | 1.1394      | 0.1175     | 0.5530     | 0.6763     |             | 1.0296   | -0.069 
49     | 2.6383     | 0.4918     | 0.9832       | 1.1633      | 0.1215     | 0.5267     | 0.6590     |             | 0.9829   | -0.078 
50     | 2.6362     | 0.4960     | 0.9632       | 1.1771      | 0.1054     | 0.5646     | 0.6589     |             | 1.0804   | -0.058 
51     | 2.6044     | 0.4798     | 0.9413       | 1.1833      | 0.1155     | 0.5857     | 0.6771     |             | 1.0121   | -0.056 
52     | 2.6123     | 0.4588     | 0.9662       | 1.1873      | 0.1201     | 0.5410     | 0.6805     |             | 1.0358   | -0.076 
53     | 2.6022     | 0.4593     | 0.9466       | 1.1963      | 0.1097     | 0.5465     | 0.6840     |             | 0.9810   | -0.071 
54     | 2.6654     | 0.4878     | 0.9603       | 1.2173      | 0.1190     | 0.5478     | 0.6552     |             | 1.0711   | -0.068 
55     | 2.6406     | 0.4432     | 0.9498       | 1.2476      | 0.1091     | 0.5452     | 0.7035     |             | 1.0562   | -0.075 
56     | 2.6451     | 0.4461     | 0.9570       | 1.2420      | 0.1020     | 0.5528     | 0.6833     |             | 1.0354   | -0.066 
57     | 2.6629     | 0.4473     | 0.9517       | 1.2639      | 0.1155     | 0.5396     | 0.6836     |             | 1.0297   | -0.076 
58     | 2.7199     | 0.4581     | 1.0250       | 1.2368      | 0.1151     | 0.5678     | 0.6984     |             | 1.0992   | -0.067 
59     | 2.7563     | 0.4766     | 1.0278       | 1.2519      | 0.1185     | 0.5816     | 0.7198     |             | 1.0658   | -0.067 
60     | 2.7745     | 0.4862     | 1.0221       | 1.2662      | 0.1108     | 0.5711     | 0.6757     |             | 0.9780   | -0.060 
61     | 2.7258     | 0.4622     | 1.0453       | 1.2183      | 0.1151     | 0.5932     | 0.6582     |             | 0.9769   | -0.049 
62     | 2.7401     | 0.4755     | 1.0545       | 1.2100      | 0.1193     | 0.5584     | 0.6788     |             | 1.0779   | -0.068 
63     | 2.7123     | 0.4684     | 1.0458       | 1.1982      | 0.1081     | 0.5491     | 0.6760     |             | 1.0497   | -0.068 
64     | 2.7189     | 0.4848     | 1.0502       | 1.1839      | 0.1094     | 0.5777     | 0.6729     |             | 1.0711   | -0.056 
65     | 2.6919     | 0.4352     | 1.0863       | 1.1704      | 0.1232     | 0.6003     | 0.6639     |             | 1.0967   | -0.050 
66     | 2.6912     | 0.4414     | 1.0679       | 1.1819      | 0.1053     | 0.5895     | 0.6962     |             | 1.0437   | -0.055 
67     | 2.8666     | 0.4706     | 1.1493       | 1.2466      | 0.1172     | 0.6376     | 0.6915     |             | 1.0734   | -0.038 
68     | 2.7204     | 0.4315     | 1.0989       | 1.1901      | 0.1045     | 0.6195     | 0.6748     |             | 1.0691   | -0.038 
69     | 2.7351     | 0.4366     | 1.1206       | 1.1779      | 0.1132     | 0.5955     | 0.6712     |             | 0.9966   | -0.050 
70     | 2.8171     | 0.4723     | 1.1202       | 1.2246      | 0.1140     | 0.6145     | 0.6768     |             | 1.0052   | -0.044 
71     | 2.7867     | 0.4672     | 1.0955       | 1.2240      | 0.1069     | 0.5681     | 0.6955     |             | 1.0690   | -0.064 
72     | 2.8028     | 0.4395     | 1.1302       | 1.2332      | 0.1084     | 0.5853     | 0.6740     |             | 0.9884   | -0.053 
73     | 2.8002     | 0.4399     | 1.1108       | 1.2495      | 0.1143     | 0.5554     | 0.7245     |             | 0.9452   | -0.077 
74     | 2.8427     | 0.4511     | 1.1405       | 1.2511      | 0.1063     | 0.6032     | 0.6858     |             | 1.0757   | -0.048 
75     | 2.8785     | 0.4458     | 1.2169       | 1.2159      | 0.1150     | 0.6055     | 0.6795     |             | 0.9907   | -0.048 
76     | 2.8453     | 0.4089     | 1.2099       | 1.2264      | 0.1186     | 0.6265     | 0.6925     |             | 0.9750   | -0.043 
77     | 2.7906     | 0.4235     | 1.1756       | 1.1915      | 0.1101     | 0.6011     | 0.6812     |             | 0.9787   | -0.049 
78     | 2.7124     | 0.4060     | 1.1147       | 1.1918      | 0.1050     | 0.5864     | 0.6869     |             | 0.9932   | -0.054 
79     | 2.7121     | 0.4100     | 1.0933       | 1.2087      | 0.0974     | 0.5535     | 0.7085     |             | 1.0952   | -0.070 
80     | 2.6530     | 0.3943     | 1.0741       | 1.1846      | 0.1005     | 0.5578     | 0.7060     |             | 0.9754   | -0.068 
81     | 2.7140     | 0.4226     | 1.1022       | 1.1893      | 0.1043     | 0.5581     | 0.7055     |             | 0.8718   | -0.069 
82     | 2.6624     | 0.3960     | 1.0834       | 1.1831      | 0.0986     | 0.5932     | 0.7037     |             | 0.9177   | -0.053 
83     | 2.6348     | 0.4107     | 1.0416       | 1.1826      | 0.1021     | 0.5509     | 0.6919     |             | 0.9161   | -0.069 
84     | 2.6556     | 0.4132     | 1.0521       | 1.1903      | 0.0951     | 0.5634     | 0.6800     |             | 0.9164   | -0.059 
85     | 2.6852     | 0.4105     | 1.0623       | 1.2124      | 0.1013     | 0.5493     | 0.7018     |             | 0.9458   | -0.071 
86     | 2.7067     | 0.4152     | 1.0574       | 1.2340      | 0.1083     | 0.5631     | 0.7568     |             | 0.9796   | -0.079 
87     | 2.7203     | 0.4267     | 1.0673       | 1.2264      | 0.1048     | 0.5373     | 0.6677     |             | 1.0055   | -0.070 
88     | 2.6284     | 0.3913     | 1.0400       | 1.1970      | 0.1020     | 0.5689     | 0.6420     |             | 0.9295   | -0.051 
89     | 2.6714     | 0.4017     | 1.0738       | 1.1959      | 0.1028     | 0.5800     | 0.6505     |             | 1.0178   | -0.049 
90     | 2.6422     | 0.3860     | 1.0615       | 1.1947      | 0.0977     | 0.5607     | 0.6764     |             | 1.0160   | -0.060 
91     | 2.6453     | 0.4022     | 1.0467       | 1.1963      | 0.0895     | 0.6013     | 0.6657     |             | 1.0268   | -0.039 
92     | 2.7381     | 0.4200     | 1.1151       | 1.2031      | 0.0902     | 0.6047     | 0.6801     |             | 1.0679   | -0.041 
93     | 2.7517     | 0.4203     | 1.1157       | 1.2158      | 0.1002     | 0.5941     | 0.6855     |             | 1.0196   | -0.050 
94     | 2.7379     | 0.3748     | 1.1235       | 1.2396      | 0.0924     | 0.5937     | 0.6741     |             | 0.9697   | -0.045 
95     | 2.7605     | 0.3822     | 1.1474       | 1.2309      | 0.0966     | 0.5944     | 0.6552     |             | 0.9393   | -0.042 
96     | 2.8240     | 0.4139     | 1.1828       | 1.2273      | 0.0923     | 0.5977     | 0.6490     |             | 0.8904   | -0.038 
97     | 2.7712     | 0.3842     | 1.1803       | 1.2067      | 0.0890     | 0.5794     | 0.6707     |             | 0.9715   | -0.049 
98     | 2.7259     | 0.3824     | 1.1242       | 1.2193      | 0.0927     | 0.5400     | 0.6776     |             | 0.9690   | -0.067 
99     | 2.7442     | 0.4103     | 1.1215       | 1.2124      | 0.0948     | 0.5570     | 0.6652     |             | 0.9501   | -0.059 
100    | 2.7025     | 0.4075     | 1.0754       | 1.2196      | 0.1028     | 0.5705     | 0.6797     |             | 0.8999   | -0.059 
101    | 2.7552     | 0.3915     | 1.1126       | 1.2511      | 0.0967     | 0.5591     | 0.6728     |             | 0.8948   | -0.060 
102    | 2.6993     | 0.4024     | 1.0882       | 1.2087      | 0.0873     | 0.5416     | 0.6849     |             | 0.9653   | -0.067 
103    | 2.7326     | 0.3816     | 1.1017       | 1.2493      | 0.1032     | 0.5525     | 0.6889     |             | 0.9024   | -0.068 
104    | 2.7483     | 0.3845     | 1.0916       | 1.2722      | 0.0823     | 0.5638     | 0.7036     |             | 0.9799   | -0.060 
105    | 2.7590     | 0.3775     | 1.1099       | 1.2716      | 0.1032     | 0.5670     | 0.6797     |             | 1.0332   | -0.060 
106    | 2.7341     | 0.3921     | 1.1081       | 1.2339      | 0.0953     | 0.5610     | 0.6651     |             | 1.0072   | -0.057 
107    | 2.7491     | 0.3916     | 1.1182       | 1.2394      | 0.0940     | 0.5723     | 0.6868     |             | 0.9808   | -0.057 
108    | 2.7464     | 0.3675     | 1.1557       | 1.2233      | 0.0943     | 0.5876     | 0.6973     |             | 0.9957   | -0.053 
109    | 2.7939     | 0.3739     | 1.1903       | 1.2298      | 0.0986     | 0.5768     | 0.6922     |             | 1.0749   | -0.057 
110    | 2.8386     | 0.4190     | 1.1854       | 1.2342      | 0.0865     | 0.6257     | 0.6658     |             | 0.9903   | -0.029 
111    | 2.8485     | 0.3949     | 1.1987       | 1.2549      | 0.0836     | 0.6268     | 0.6890     |             | 0.9414   | -0.032 
112    | 2.8331     | 0.3881     | 1.2106       | 1.2344      | 0.0922     | 0.6079     | 0.6964     |             | 1.0416   | -0.044 
113    | 2.8207     | 0.3861     | 1.1876       | 1.2470      | 0.0981     | 0.6195     | 0.6806     |             | 0.9951   | -0.038 
114    | 2.7675     | 0.3425     | 1.1742       | 1.2508      | 0.0874     | 0.5794     | 0.6741     |             | 0.9366   | -0.049 
115    | 2.7873     | 0.3772     | 1.1893       | 1.2209      | 0.0986     | 0.6040     | 0.6738     |             | 0.9670   | -0.043 
116    | 2.8128     | 0.3876     | 1.1969       | 1.2283      | 0.0897     | 0.5570     | 0.6725     |             | 0.9262   | -0.059 
117    | 2.8233     | 0.3785     | 1.2048       | 1.2400      | 0.0807     | 0.5875     | 0.6789     |             | 1.0131   | -0.045 
118    | 2.9051     | 0.3985     | 1.2574       | 1.2492      | 0.0971     | 0.5802     | 0.6676     |             | 0.9802   | -0.051 
119    | 2.8869     | 0.3811     | 1.2374       | 1.2684      | 0.0993     | 0.5560     | 0.6773     |             | 1.0070   | -0.063 
120    | 2.8530     | 0.3725     | 1.2363       | 1.2442      | 0.0910     | 0.5920     | 0.6616     |             | 1.0438   | -0.043 
121    | 2.8918     | 0.3817     | 1.2629       | 1.2471      | 0.0956     | 0.5709     | 0.6811     |             | 0.9470   | -0.057 
122    | 2.8827     | 0.3825     | 1.2341       | 1.2661      | 0.0936     | 0.5742     | 0.6824     |             | 0.9957   | -0.055 
123    | 2.8361     | 0.3595     | 1.2002       | 1.2764      | 0.0982     | 0.6008     | 0.7061     |             | 0.9302   | -0.050 
124    | 2.8745     | 0.3835     | 1.2380       | 1.2529      | 0.0993     | 0.6640     | 0.6842     |             | 0.9668   | -0.021 
125    | 2.9531     | 0.4017     | 1.2754       | 1.2759      | 0.0976     | 0.6232     | 0.6645     |             | 0.9723   | -0.033 
126    | 2.8916     | 0.3764     | 1.2481       | 1.2671      | 0.0910     | 0.6293     | 0.6647     |             | 1.0636   | -0.029 
127    | 2.9090     | 0.3722     | 1.2750       | 1.2619      | 0.0923     | 0.6200     | 0.7010     |             | 0.9502   | -0.040 
128    | 2.9354     | 0.3571     | 1.3186       | 1.2598      | 0.0915     | 0.6294     | 0.6942     |             | 0.8907   | -0.035 
129    | 2.9247     | 0.3748     | 1.2838       | 1.2661      | 0.0979     | 0.6287     | 0.6802     |             | 0.9479   | -0.034 
130    | 2.8532     | 0.3670     | 1.2340       | 1.2522      | 0.0893     | 0.6363     | 0.6575     |             | 0.9129   | -0.024 
131    | 2.8459     | 0.3886     | 1.2282       | 1.2290      | 0.1015     | 0.6381     | 0.6687     |             | 0.8355   | -0.029 
132    | 2.8644     | 0.3915     | 1.2330       | 1.2399      | 0.0803     | 0.5949     | 0.6501     |             | 0.9289   | -0.036 
133    | 2.8188     | 0.3585     | 1.2085       | 1.2519      | 0.0955     | 0.5929     | 0.6724     |             | 0.9217   | -0.046 
134    | 2.8331     | 0.3541     | 1.2285       | 1.2505      | 0.0946     | 0.5887     | 0.6728     |             | 0.9092   | -0.047 
135    | 2.8853     | 0.3651     | 1.2409       | 1.2793      | 0.0907     | 0.5878     | 0.6684     |             | 0.9871   | -0.046 
136    | 2.8497     | 0.3536     | 1.2289       | 1.2672      | 0.0816     | 0.6236     | 0.6691     |             | 1.0018   | -0.029 
137    | 2.7977     | 0.3189     | 1.2137       | 1.2651      | 0.0777     | 0.6130     | 0.6834     |             | 1.0586   | -0.035 
138    | 2.8267     | 0.3572     | 1.1974       | 1.2720      | 0.0936     | 0.5972     | 0.6786     |             | 1.0530   | -0.045 
139    | 2.7806     | 0.3297     | 1.1879       | 1.2630      | 0.0853     | 0.5794     | 0.6838     |             | 1.1004   | -0.051 
140    | 2.7759     | 0.3308     | 1.2075       | 1.2376      | 0.0849     | 0.5862     | 0.6860     |             | 1.0061   | -0.048 
141    | 2.8290     | 0.3581     | 1.2196       | 1.2512      | 0.0961     | 0.5791     | 0.6685     |             | 1.1329   | -0.051 
142    | 2.7975     | 0.3437     | 1.2068       | 1.2470      | 0.0838     | 0.5781     | 0.6858     |             | 1.0747   | -0.051 
143    | 2.7564     | 0.3220     | 1.1894       | 1.2450      | 0.0871     | 0.5960     | 0.6628     |             | 1.0779   | -0.040 
144    | 2.7261     | 0.3237     | 1.1636       | 1.2388      | 0.0840     | 0.5735     | 0.6799     |             | 0.9984   | -0.052 
145    | 2.8105     | 0.3647     | 1.1886       | 1.2572      | 0.0866     | 0.5862     | 0.6667     |             | 1.0121   | -0.045 
146    | 2.7765     | 0.3443     | 1.1892       | 1.2430      | 0.0847     | 0.5758     | 0.6643     |             | 1.0577   | -0.048 
147    | 2.8345     | 0.3754     | 1.1996       | 1.2596      | 0.0843     | 0.5780     | 0.6795     |             | 1.0998   | -0.050 
148    | 2.7556     | 0.3356     | 1.1769       | 1.2431      | 0.0901     | 0.5799     | 0.6755     |             | 0.9934   | -0.050 
149    | 2.7769     | 0.3455     | 1.1749       | 1.2565      | 0.0914     | 0.5725     | 0.6911     |             | 1.0451   | -0.057 
150    | 2.7850     | 0.3325     | 1.1906       | 1.2619      | 0.0829     | 0.5903     | 0.6891     |             | 1.0038   | -0.047 
151    | 2.8174     | 0.3454     | 1.2037       | 1.2683      | 0.0780     | 0.5833     | 0.6783     |             | 0.9739   | -0.046 
152    | 2.7313     | 0.3168     | 1.1788       | 1.2357      | 0.0902     | 0.5861     | 0.6787     |             | 0.9797   | -0.048 
153    | 2.7485     | 0.3038     | 1.1819       | 1.2627      | 0.0893     | 0.5779     | 0.6973     |             | 1.0077   | -0.055 
154    | 2.7945     | 0.3501     | 1.1779       | 1.2665      | 0.0898     | 0.5873     | 0.6737     |             | 0.9435   | -0.047 
155    | 2.8100     | 0.3398     | 1.1914       | 1.2789      | 0.0950     | 0.5759     | 0.6735     |             | 0.9709   | -0.053 
156    | 2.7744     | 0.3351     | 1.1616       | 1.2777      | 0.0778     | 0.5908     | 0.6674     |             | 0.9774   | -0.041 
157    | 2.7702     | 0.3563     | 1.1517       | 1.2622      | 0.0888     | 0.6129     | 0.6467     |             | 0.9250   | -0.031 
158    | 2.7263     | 0.3132     | 1.1575       | 1.2556      | 0.0943     | 0.6276     | 0.6613     |             | 0.9555   | -0.029 
159    | 2.8311     | 0.3475     | 1.2222       | 1.2613      | 0.0870     | 0.6386     | 0.6479     |             | 0.9581   | -0.020 
160    | 2.8220     | 0.3661     | 1.2031       | 1.2528      | 0.0989     | 0.6205     | 0.6578     |             | 0.9885   | -0.033 
161    | 2.7853     | 0.3518     | 1.1874       | 1.2461      | 0.0862     | 0.6403     | 0.6706     |             | 0.9547   | -0.024 
162    | 2.7388     | 0.3285     | 1.1922       | 1.2182      | 0.0840     | 0.6292     | 0.6455     |             | 0.9745   | -0.023 
163    | 2.7363     | 0.3331     | 1.1730       | 1.2302      | 0.0867     | 0.5932     | 0.6820     |             | 0.9998   | -0.045 
164    | 2.7770     | 0.3347     | 1.1910       | 1.2512      | 0.0979     | 0.5627     | 0.6630     |             | 1.0103   | -0.057 
165    | 2.7721     | 0.3350     | 1.1698       | 1.2673      | 0.0865     | 0.5772     | 0.6591     |             | 1.0078   | -0.047 
166    | 2.8362     | 0.3798     | 1.2026       | 1.2538      | 0.1045     | 0.5861     | 0.6549     |             | 1.0160   | -0.048 
167    | 2.8011     | 0.3506     | 1.2185       | 1.2320      | 0.1098     | 0.6297     | 0.6554     |             | 0.9972   | -0.032 
168    | 2.7931     | 0.3465     | 1.2295       | 1.2171      | 0.0754     | 0.6203     | 0.6483     |             | 1.0015   | -0.024 
169    | 2.7747     | 0.3163     | 1.2227       | 1.2357      | 0.0920     | 0.5742     | 0.6409     |             | 1.0230   | -0.046 
170    | 2.7723     | 0.3158     | 1.2341       | 1.2224      | 0.0825     | 0.5734     | 0.6523     |             | 0.9945   | -0.046 
171    | 2.8341     | 0.3523     | 1.2367       | 1.2451      | 0.0951     | 0.5855     | 0.6948     |             | 1.0407   | -0.053 
172    | 2.8272     | 0.3486     | 1.2154       | 1.2632      | 0.0925     | 0.5990     | 0.6613     |             | 1.0267   | -0.040 
173    | 2.7620     | 0.3271     | 1.2094       | 1.2255      | 0.1022     | 0.6057     | 0.6550     |             | 1.0391   | -0.039 
174    | 2.8399     | 0.3607     | 1.2225       | 1.2567      | 0.0882     | 0.6139     | 0.6609     |             | 1.0556   | -0.033 
175    | 2.7801     | 0.3045     | 1.2414       | 1.2343      | 0.0931     | 0.6026     | 0.6609     |             | 1.0029   | -0.039 
176    | 2.8059     | 0.3132     | 1.2398       | 1.2529      | 0.0975     | 0.6083     | 0.6574     |             | 0.9398   | -0.037 
177    | 2.7966     | 0.3116     | 1.2264       | 1.2587      | 0.0927     | 0.6170     | 0.6712     |             | 0.9922   | -0.035 
178    | 2.7725     | 0.3103     | 1.2060       | 1.2562      | 0.0915     | 0.6124     | 0.6648     |             | 1.0081   | -0.035 
179    | 2.7761     | 0.3136     | 1.1981       | 1.2644      | 0.0906     | 0.6206     | 0.6559     |             | 0.9391   | -0.030 
180    | 2.7211     | 0.2873     | 1.1779       | 1.2559      | 0.0937     | 0.6370     | 0.6656     |             | 0.9936   | -0.026 
181    | 2.7430     | 0.3238     | 1.1678       | 1.2514      | 0.0891     | 0.6348     | 0.6692     |             | 0.9829   | -0.027 
182    | 2.7823     | 0.3341     | 1.1667       | 1.2815      | 0.0956     | 0.6337     | 0.6626     |             | 1.0262   | -0.028 
183    | 2.7524     | 0.3218     | 1.1641       | 1.2665      | 0.0901     | 0.6319     | 0.6646     |             | 1.0343   | -0.027 
184    | 2.7791     | 0.3368     | 1.1858       | 1.2565      | 0.0902     | 0.6274     | 0.6696     |             | 0.9783   | -0.030 
185    | 2.7503     | 0.3383     | 1.1740       | 1.2380      | 0.0887     | 0.6340     | 0.6791     |             | 0.9323   | -0.029 
186    | 2.7904     | 0.3346     | 1.2081       | 1.2476      | 0.1092     | 0.6749     | 0.6904     |             | 0.9681   | -0.021 
187    | 2.8047     | 0.3220     | 1.2299       | 1.2527      | 0.0914     | 0.6705     | 0.6932     |             | 0.9976   | -0.018 
188    | 2.7696     | 0.3350     | 1.1856       | 1.2490      | 0.0936     | 0.6388     | 0.6794     |             | 0.9706   | -0.028 
189    | 2.7549     | 0.3095     | 1.1702       | 1.2752      | 0.0914     | 0.6095     | 0.6736     |             | 0.9625   | -0.038 
190    | 2.7563     | 0.3049     | 1.1709       | 1.2804      | 0.0817     | 0.6302     | 0.6651     |             | 1.0311   | -0.025 
191    | 2.7818     | 0.3086     | 1.1768       | 1.2964      | 0.0884     | 0.6021     | 0.6616     |             | 0.9865   | -0.038 
192    | 2.8377     | 0.3165     | 1.1974       | 1.3238      | 0.0709     | 0.6066     | 0.6574     |             | 0.9311   | -0.030 
193    | 2.8259     | 0.3457     | 1.1808       | 1.2994      | 0.0727     | 0.6093     | 0.6714     |             | 1.0067   | -0.032 
194    | 2.7669     | 0.3246     | 1.1721       | 1.2703      | 0.0818     | 0.5881     | 0.6656     |             | 1.0629   | -0.042 
195    | 2.7693     | 0.3252     | 1.1674       | 1.2768      | 0.0859     | 0.5928     | 0.6503     |             | 1.0494   | -0.039 
196    | 2.8009     | 0.3305     | 1.1831       | 1.2873      | 0.0921     | 0.6148     | 0.6510     |             | 0.9970   | -0.032 
197    | 2.8648     | 0.3798     | 1.2064       | 1.2786      | 0.0912     | 0.6227     | 0.6645     |             | 1.1056   | -0.031 
198    | 2.8311     | 0.3410     | 1.2194       | 1.2707      | 0.0759     | 0.6133     | 0.6460     |             | 1.0382   | -0.027 
199    | 2.8229     | 0.3372     | 1.2209       | 1.2648      | 0.0851     | 0.5989     | 0.6751     |             | 1.1354   | -0.041 
200    | 2.7854     | 0.3197     | 1.2115       | 1.2543      | 0.0724     | 0.6013     | 0.6434     |             | 0.9859   | -0.030 
201    | 2.7724     | 0.3215     | 1.2010       | 1.2500      | 0.0830     | 0.6271     | 0.6345     |             | 1.0907   | -0.021 
202    | 2.7713     | 0.2977     | 1.2118       | 1.2618      | 0.0836     | 0.6235     | 0.6659     |             | 1.0627   | -0.029 
203    | 2.7640     | 0.2991     | 1.2155       | 1.2494      | 0.0809     | 0.6112     | 0.6547     |             | 1.0397   | -0.031 
204    | 2.8376     | 0.3618     | 1.2386       | 1.2372      | 0.0797     | 0.6306     | 0.6457     |             | 0.9890   | -0.021 
205    | 2.8595     | 0.3472     | 1.2448       | 1.2675      | 0.0838     | 0.6184     | 0.6485     |             | 1.1456   | -0.027 
206    | 2.7953     | 0.3206     | 1.2040       | 1.2706      | 0.1001     | 0.5915     | 0.6490     |             | 0.9833   | -0.043 
207    | 2.7950     | 0.3267     | 1.2092       | 1.2592      | 0.0860     | 0.5954     | 0.6480     |             | 1.0146   | -0.037 
208    | 2.7643     | 0.2923     | 1.1853       | 1.2867      | 0.0818     | 0.5737     | 0.6776     |             | 1.0622   | -0.051 
209    | 2.7512     | 0.3104     | 1.1660       | 1.2747      | 0.0843     | 0.5535     | 0.6626     |             | 0.9867   | -0.056 
210    | 2.7527     | 0.3055     | 1.1696       | 1.2776      | 0.0900     | 0.5949     | 0.6922     |             | 1.0746   | -0.048 
211    | 2.7565     | 0.3143     | 1.1507       | 1.2915      | 0.0908     | 0.5556     | 0.6775     |             | 0.9976   | -0.060 
212    | 2.7567     | 0.3034     | 1.1616       | 1.2917      | 0.0900     | 0.5482     | 0.6908     |             | 1.0383   | -0.066 
213    | 2.8148     | 0.3532     | 1.1673       | 1.2943      | 0.0800     | 0.5387     | 0.6513     |             | 1.0538   | -0.059 
214    | 2.7204     | 0.2956     | 1.1433       | 1.2815      | 0.0826     | 0.5565     | 0.6666     |             | 1.0314   | -0.055 
215    | 2.7185     | 0.3293     | 1.1187       | 1.2706      | 0.0775     | 0.5482     | 0.6604     |             | 1.0086   | -0.056 
216    | 2.7661     | 0.2918     | 1.1582       | 1.3160      | 0.0910     | 0.5706     | 0.6828     |             | 0.9841   | -0.056 
217    | 2.7717     | 0.3349     | 1.1399       | 1.2969      | 0.0856     | 0.5673     | 0.6935     |             | 1.0566   | -0.057 
218    | 2.7258     | 0.2839     | 1.1583       | 1.2836      | 0.0830     | 0.5984     | 0.6809     |             | 0.9568   | -0.042 
219    | 2.8106     | 0.3361     | 1.1722       | 1.3023      | 0.0935     | 0.5732     | 0.6797     |             | 1.0529   | -0.055 
220    | 2.7794     | 0.2895     | 1.1992       | 1.2907      | 0.0819     | 0.5881     | 0.6640     |             | 0.9571   | -0.042 
221    | 2.7492     | 0.2937     | 1.1723       | 1.2833      | 0.0834     | 0.5842     | 0.6558     |             | 0.9429   | -0.043 
222    | 2.7671     | 0.3229     | 1.1908       | 1.2535      | 0.0858     | 0.5684     | 0.6622     |             | 0.9826   | -0.051 
223    | 2.7341     | 0.3260     | 1.1748       | 1.2333      | 0.0889     | 0.5720     | 0.6683     |             | 0.9430   | -0.052 
224    | 2.7384     | 0.3074     | 1.1705       | 1.2605      | 0.0937     | 0.5793     | 0.6424     |             | 0.9589   | -0.045 
225    | 2.7626     | 0.3274     | 1.1703       | 1.2649      | 0.0761     | 0.5444     | 0.6535     |             | 0.9934   | -0.056 
226    | 2.6740     | 0.2900     | 1.1468       | 1.2372      | 0.0953     | 0.5238     | 0.6508     |             | 0.9632   | -0.069 
227    | 2.7236     | 0.2899     | 1.1762       | 1.2575      | 0.0811     | 0.5334     | 0.6667     |             | 1.0005   | -0.064 
228    | 2.7408     | 0.2963     | 1.1904       | 1.2541      | 0.0954     | 0.5302     | 0.6447     |             | 1.0652   | -0.065 
229    | 2.8025     | 0.3174     | 1.1913       | 1.2937      | 0.0912     | 0.5661     | 0.6580     |             | 0.9904   | -0.053 
230    | 2.8546     | 0.3170     | 1.2321       | 1.3055      | 0.0932     | 0.6015     | 0.6694     |             | 0.9440   | -0.041 
231    | 2.9776     | 0.3760     | 1.2921       | 1.3095      | 0.0906     | 0.6054     | 0.6782     |             | 1.1283   | -0.041 
232    | 2.9030     | 0.3266     | 1.2794       | 1.2970      | 0.1019     | 0.6084     | 0.6677     |             | 1.0058   | -0.041 
233    | 2.8599     | 0.3163     | 1.2460       | 1.2975      | 0.0958     | 0.6079     | 0.6591     |             | 0.9599   | -0.037 
234    | 2.8754     | 0.3126     | 1.2453       | 1.3175      | 0.0887     | 0.5975     | 0.6913     |             | 1.1021   | -0.046 
235    | 2.8465     | 0.3521     | 1.2114       | 1.2831      | 0.0925     | 0.5689     | 0.6557     |             | 1.0394   | -0.051 
236    | 2.8249     | 0.3027     | 1.2286       | 1.2936      | 0.0847     | 0.5820     | 0.6706     |             | 0.9947   | -0.047 
237    | 2.7905     | 0.3004     | 1.1921       | 1.2980      | 0.1007     | 0.6032     | 0.6803     |             | 0.9409   | -0.045 
238    | 2.7910     | 0.2967     | 1.1852       | 1.3091      | 0.0917     | 0.5872     | 0.6597     |             | 0.9327   | -0.045 
239    | 2.8165     | 0.3027     | 1.1780       | 1.3358      | 0.0906     | 0.5998     | 0.6380     |             | 1.0342   | -0.035 
240    | 2.7854     | 0.3008     | 1.1895       | 1.2951      | 0.0804     | 0.6338     | 0.6422     |             | 0.9607   | -0.019 
241    | 2.7676     | 0.3136     | 1.1764       | 1.2776      | 0.0926     | 0.5979     | 0.6485     |             | 0.9604   | -0.038 
242    | 2.7794     | 0.3351     | 1.1820       | 1.2623      | 0.0856     | 0.5951     | 0.6666     |             | 0.9716   | -0.041 
243    | 2.7222     | 0.2626     | 1.1749       | 1.2847      | 0.0986     | 0.5876     | 0.6723     |             | 0.9873   | -0.049 
244    | 2.8100     | 0.3044     | 1.1987       | 1.3069      | 0.0901     | 0.5812     | 0.6848     |             | 1.0038   | -0.052 
245    | 2.7844     | 0.2779     | 1.2119       | 1.2946      | 0.0908     | 0.6172     | 0.6801     |             | 0.9558   | -0.036 
246    | 2.8781     | 0.3044     | 1.2388       | 1.3350      | 0.0896     | 0.6672     | 0.6605     |             | 0.9381   | -0.016 
247    | 2.8944     | 0.3279     | 1.2572       | 1.3093      | 0.0920     | 0.6273     | 0.6489     |             | 0.9636   | -0.026 
248    | 2.8483     | 0.3035     | 1.2262       | 1.3185      | 0.1133     | 0.6142     | 0.6504     |             | 0.9192   | -0.038 
249    | 2.7981     | 0.2838     | 1.1981       | 1.3162      | 0.0794     | 0.6036     | 0.6785     |             | 1.0013   | -0.038 
250    | 2.8608     | 0.3434     | 1.1869       | 1.3305      | 0.0799     | 0.5904     | 0.6661     |             | 0.9628   | -0.041 
251    | 2.8246     | 0.3129     | 1.1958       | 1.3160      | 0.0811     | 0.6058     | 0.6571     |             | 0.9473   | -0.033 
252    | 2.7564     | 0.2855     | 1.1792       | 1.2917      | 0.0766     | 0.6139     | 0.6731     |             | 1.0069   | -0.032 
253    | 2.8023     | 0.2941     | 1.1897       | 1.3185      | 0.0810     | 0.6127     | 0.6700     |             | 0.9881   | -0.033 
254    | 2.8097     | 0.2913     | 1.1996       | 1.3188      | 0.0834     | 0.6125     | 0.6712     |             | 0.9951   | -0.034 
255    | 2.8643     | 0.3384     | 1.2020       | 1.3239      | 0.0914     | 0.6026     | 0.6645     |             | 1.1361   | -0.039 
256    | 2.7926     | 0.2907     | 1.1884       | 1.3134      | 0.0865     | 0.6243     | 0.6806     |             | 1.0049   | -0.032 
257    | 2.7902     | 0.3138     | 1.1914       | 1.2851      | 0.0895     | 0.6107     | 0.6550     |             | 0.9360   | -0.034 
258    | 2.8111     | 0.3164     | 1.1982       | 1.2964      | 0.0869     | 0.6136     | 0.6783     |             | 1.0246   | -0.036 
259    | 2.7742     | 0.2794     | 1.2192       | 1.2756      | 0.0857     | 0.5928     | 0.6705     |             | 1.0054   | -0.043 
260    | 2.7847     | 0.2926     | 1.2131       | 1.2790      | 0.0950     | 0.6032     | 0.6484     |             | 1.0763   | -0.037 
261    | 2.7856     | 0.2786     | 1.2259       | 1.2811      | 0.0853     | 0.6073     | 0.6446     |             | 1.0941   | -0.032 
262    | 2.8059     | 0.2887     | 1.2472       | 1.2700      | 0.0937     | 0.5970     | 0.6515     |             | 1.0771   | -0.040 
263    | 2.7608     | 0.2848     | 1.2052       | 1.2708      | 0.0812     | 0.6056     | 0.6588     |             | 1.0543   | -0.034 
264    | 2.8031     | 0.2987     | 1.2211       | 1.2833      | 0.0825     | 0.6069     | 0.6623     |             | 1.0580   | -0.034 
265    | 2.7597     | 0.2865     | 1.1817       | 1.2915      | 0.0822     | 0.6184     | 0.6680     |             | 0.9906   | -0.031 
266    | 2.8091     | 0.3048     | 1.2122       | 1.2921      | 0.0942     | 0.6040     | 0.6734     |             | 1.0912   | -0.041 
267    | 2.7600     | 0.2874     | 1.1873       | 1.2853      | 0.0927     | 0.6027     | 0.6596     |             | 0.9701   | -0.039 
268    | 2.7545     | 0.2879     | 1.1745       | 1.2920      | 0.0884     | 0.5914     | 0.6567     |             | 0.9109   | -0.041 
269    | 2.7125     | 0.2691     | 1.1476       | 1.2959      | 0.0831     | 0.6070     | 0.6606     |             | 1.0255   | -0.034 
270    | 2.7292     | 0.2774     | 1.1569       | 1.2948      | 0.0822     | 0.5750     | 0.6556     |             | 1.0608   | -0.046 
271    | 2.7681     | 0.2974     | 1.1583       | 1.3125      | 0.0763     | 0.5966     | 0.6627     |             | 1.0100   | -0.037 
272    | 2.7734     | 0.2884     | 1.1693       | 1.3157      | 0.0707     | 0.5998     | 0.6712     |             | 1.0291   | -0.036 
273    | 2.8269     | 0.3030     | 1.2054       | 1.3185      | 0.0776     | 0.6007     | 0.6626     |             | 1.0372   | -0.036 
274    | 2.7652     | 0.2857     | 1.1693       | 1.3102      | 0.0842     | 0.5882     | 0.6790     |             | 1.0740   | -0.046 
275    | 2.7888     | 0.2954     | 1.1744       | 1.3190      | 0.0773     | 0.5870     | 0.6738     |             | 1.0092   | -0.043 
276    | 2.7894     | 0.2947     | 1.1759       | 1.3187      | 0.0881     | 0.5709     | 0.6557     |             | 1.0494   | -0.049 
277    | 2.7529     | 0.2810     | 1.1641       | 1.3079      | 0.0796     | 0.5817     | 0.6733     |             | 1.0408   | -0.046 
278    | 2.7496     | 0.2907     | 1.1543       | 1.3046      | 0.0767     | 0.5881     | 0.6646     |             | 1.0137   | -0.041 
279    | 2.7804     | 0.3103     | 1.1799       | 1.2902      | 0.0770     | 0.6009     | 0.6689     |             | 0.9980   | -0.037 
280    | 2.7680     | 0.2742     | 1.1913       | 1.3025      | 0.0825     | 0.6009     | 0.6706     |             | 0.9986   | -0.039 
281    | 2.8363     | 0.2776     | 1.2597       | 1.2990      | 0.0781     | 0.6420     | 0.6598     |             | 1.0156   | -0.019 
282    | 2.8356     | 0.3002     | 1.2661       | 1.2693      | 0.0881     | 0.6395     | 0.6528     |             | 1.0645   | -0.021 
283    | 2.8188     | 0.3184     | 1.2330       | 1.2674      | 0.0791     | 0.6671     | 0.6462     |             | 1.0987   | -0.019 
284    | 2.8155     | 0.3098     | 1.2206       | 1.2851      | 0.0960     | 0.6576     | 0.6526     |             | 1.1181   | -0.019 
285    | 2.8071     | 0.3111     | 1.2261       | 1.2699      | 0.0858     | 0.6466     | 0.6396     |             | 0.9846   | -0.019 
286    | 2.7775     | 0.2602     | 1.2295       | 1.2878      | 0.0899     | 0.6375     | 0.6604     |             | 1.0238   | -0.024 
287    | 2.8579     | 0.3338     | 1.2435       | 1.2806      | 0.0908     | 0.6199     | 0.6489     |             | 1.0826   | -0.029 
288    | 2.7856     | 0.2728     | 1.2472       | 1.2656      | 0.0806     | 0.6149     | 0.6579     |             | 1.0538   | -0.030 
289    | 2.7787     | 0.2704     | 1.2342       | 1.2740      | 0.0920     | 0.6385     | 0.6515     |             | 1.0431   | -0.023 
290    | 2.7923     | 0.2799     | 1.2322       | 1.2802      | 0.0746     | 0.6284     | 0.6458     |             | 0.9673   | -0.020 
291    | 2.7525     | 0.2725     | 1.2151       | 1.2649      | 0.0830     | 0.6074     | 0.6514     |             | 1.0947   | -0.032 
292    | 2.7643     | 0.2845     | 1.2091       | 1.2707      | 0.0865     | 0.6059     | 0.6459     |             | 1.0209   | -0.033 
293    | 2.7782     | 0.2957     | 1.2135       | 1.2689      | 0.0919     | 0.6178     | 0.6556     |             | 1.0148   | -0.032 
294    | 2.7534     | 0.2867     | 1.2022       | 1.2644      | 0.0842     | 0.6222     | 0.6613     |             | 1.0080   | -0.029 
295    | 2.7601     | 0.3045     | 1.2096       | 1.2460      | 0.0910     | 0.6484     | 0.6668     |             | 0.9385   | -0.021 
296    | 2.7677     | 0.2749     | 1.2184       | 1.2744      | 0.0768     | 0.6301     | 0.6821     |             | 0.9361   | -0.027 
297    | 2.7321     | 0.2535     | 1.2139       | 1.2647      | 0.0850     | 0.6273     | 0.6942     |             | 0.9605   | -0.033 
298    | 2.7944     | 0.2791     | 1.2380       | 1.2774      | 0.0834     | 0.6407     | 0.6569     |             | 0.9670   | -0.020 
299    | 2.7813     | 0.2631     | 1.2490       | 1.2693      | 0.0776     | 0.6343     | 0.6677     |             | 0.9150   | -0.023 
300    | 2.8436     | 0.3142     | 1.2487       | 1.2807      | 0.0719     | 0.6622     | 0.6970     |             | 1.0469   | -0.016 
301    | 2.7784     | 0.2656     | 1.2488       | 1.2641      | 0.0737     | 0.6406     | 0.6824     |             | 0.9704   | -0.022 
302    | 2.8138     | 0.2869     | 1.2540       | 1.2729      | 0.0763     | 0.6636     | 0.6956     |             | 0.9351   | -0.017 
303    | 2.8482     | 0.3207     | 1.2632       | 1.2643      | 0.0853     | 0.6670     | 0.6992     |             | 0.9344   | -0.019 
304    | 2.8334     | 0.3076     | 1.2515       | 1.2743      | 0.0808     | 0.6658     | 0.6750     |             | 0.8641   | -0.013 
305    | 2.8741     | 0.3244     | 1.2668       | 1.2829      | 0.0824     | 0.6703     | 0.6849     |             | 0.9022   | -0.014 
306    | 2.8453     | 0.2816     | 1.2739       | 1.2899      | 0.0827     | 0.6497     | 0.6650     |             | 0.9819   | -0.018 
307    | 2.8866     | 0.2980     | 1.3042       | 1.2843      | 0.0936     | 0.6391     | 0.6632     |             | 0.9498   | -0.025 
308    | 2.8718     | 0.2879     | 1.2938       | 1.2901      | 0.0928     | 0.6301     | 0.6694     |             | 0.9900   | -0.030 
309    | 2.8527     | 0.2685     | 1.2850       | 1.2992      | 0.0953     | 0.6302     | 0.6596     |             | 1.0381   | -0.028 
310    | 2.9219     | 0.3173     | 1.2823       | 1.3223      | 0.0955     | 0.6093     | 0.6442     |             | 1.0414   | -0.034 
311    | 2.8464     | 0.2767     | 1.2534       | 1.3164      | 0.0910     | 0.6097     | 0.6705     |             | 1.0272   | -0.038 
312    | 2.8583     | 0.3010     | 1.2531       | 1.3042      | 0.0923     | 0.5818     | 0.6565     |             | 1.0576   | -0.046 
313    | 2.8115     | 0.2653     | 1.2512       | 1.2950      | 0.0917     | 0.5910     | 0.6406     |             | 1.0693   | -0.039 
314    | 2.8026     | 0.2877     | 1.2394       | 1.2756      | 0.0830     | 0.5807     | 0.6574     |             | 1.0155   | -0.044 
315    | 2.7847     | 0.2676     | 1.2377       | 1.2794      | 0.0930     | 0.5827     | 0.6575     |             | 1.0591   | -0.046 
316    | 2.8291     | 0.2923     | 1.2355       | 1.3013      | 0.0817     | 0.5743     | 0.6715     |             | 0.9839   | -0.049 
317    | 2.7815     | 0.2649     | 1.2303       | 1.2863      | 0.0785     | 0.5858     | 0.6662     |             | 1.0313   | -0.043 
318    | 2.7816     | 0.2571     | 1.2302       | 1.2944      | 0.0926     | 0.5909     | 0.6756     |             | 0.9822   | -0.047 
319    | 2.8105     | 0.2763     | 1.2324       | 1.3018      | 0.0810     | 0.5693     | 0.6733     |             | 0.9780   | -0.051 
320    | 2.7603     | 0.2628     | 1.2118       | 1.2857      | 0.0840     | 0.5712     | 0.6600     |             | 0.9904   | -0.049 
321    | 2.7639     | 0.2728     | 1.1975       | 1.2936      | 0.0770     | 0.5898     | 0.6476     |             | 1.0037   | -0.037 
322    | 2.7785     | 0.2728     | 1.2107       | 1.2951      | 0.0781     | 0.5908     | 0.6383     |             | 0.9453   | -0.035 
323    | 2.7859     | 0.2816     | 1.2108       | 1.2935      | 0.0768     | 0.5885     | 0.6496     |             | 1.0019   | -0.038 
324    | 2.8204     | 0.2931     | 1.2223       | 1.3050      | 0.0759     | 0.6048     | 0.6570     |             | 1.0172   | -0.032 
325    | 2.7906     | 0.2674     | 1.2299       | 1.2933      | 0.0707     | 0.6110     | 0.6611     |             | 1.0281   | -0.029 
326    | 2.8622     | 0.2949     | 1.2663       | 1.3010      | 0.0741     | 0.6129     | 0.6857     |             | 1.0727   | -0.034 
327    | 2.8866     | 0.3048     | 1.2603       | 1.3215      | 0.0853     | 0.6031     | 0.6880     |             | 1.0618   | -0.042 
328    | 2.8612     | 0.2958     | 1.2496       | 1.3158      | 0.0662     | 0.6153     | 0.6821     |             | 1.0357   | -0.030 
329    | 2.8371     | 0.2920     | 1.2536       | 1.2915      | 0.0804     | 0.6169     | 0.6870     |             | 0.9865   | -0.035 
330    | 2.8479     | 0.2781     | 1.2553       | 1.3145      | 0.0809     | 0.6199     | 0.6612     |             | 0.9987   | -0.029 
331    | 2.8269     | 0.2650     | 1.2583       | 1.3036      | 0.0894     | 0.6217     | 0.6948     |             | 0.9719   | -0.037 
332    | 2.8403     | 0.2866     | 1.2572       | 1.2965      | 0.0759     | 0.6085     | 0.6861     |             | 0.9845   | -0.037 
333    | 2.8572     | 0.2972     | 1.2472       | 1.3128      | 0.0717     | 0.6058     | 0.6814     |             | 1.0445   | -0.035 
334    | 2.8076     | 0.2662     | 1.2527       | 1.2886      | 0.0888     | 0.6349     | 0.6576     |             | 1.0796   | -0.024 
335    | 2.8020     | 0.2651     | 1.2502       | 1.2866      | 0.0826     | 0.6334     | 0.6585     |             | 0.9858   | -0.023 
336    | 2.8306     | 0.2564     | 1.2553       | 1.3189      | 0.0853     | 0.6310     | 0.6480     |             | 1.0261   | -0.023 
337    | 2.8504     | 0.2895     | 1.2672       | 1.2937      | 0.0850     | 0.6467     | 0.6602     |             | 1.0028   | -0.019 
338    | 2.8429     | 0.2599     | 1.2872       | 1.2958      | 0.0629     | 0.6368     | 0.6513     |             | 1.0187   | -0.014 
339    | 2.8468     | 0.2748     | 1.2668       | 1.3052      | 0.0836     | 0.6263     | 0.6806     |             | 1.0082   | -0.031 
340    | 2.8471     | 0.2662     | 1.2504       | 1.3305      | 0.0760     | 0.6374     | 0.6872     |             | 1.0576   | -0.025 
341    | 2.8678     | 0.2835     | 1.2519       | 1.3323      | 0.0850     | 0.5947     | 0.6509     |             | 1.0560   | -0.038 
342    | 2.8512     | 0.3100     | 1.2282       | 1.3131      | 0.0887     | 0.6243     | 0.6830     |             | 1.0487   | -0.034 
343    | 2.8145     | 0.2736     | 1.2296       | 1.3113      | 0.0802     | 0.6225     | 0.6775     |             | 1.0427   | -0.031 
344    | 2.8287     | 0.2698     | 1.2271       | 1.3318      | 0.0825     | 0.6365     | 0.6777     |             | 1.0501   | -0.026 
345    | 2.8327     | 0.2842     | 1.2130       | 1.3355      | 0.0901     | 0.6246     | 0.7190     |             | 1.1901   | -0.041 
346    | 2.8228     | 0.2890     | 1.2263       | 1.3075      | 0.0911     | 0.6244     | 0.6648     |             | 1.0668   | -0.031 
347    | 2.8048     | 0.2778     | 1.2249       | 1.3021      | 0.0867     | 0.6209     | 0.6844     |             | 1.1237   | -0.035 
348    | 2.8083     | 0.2526     | 1.2674       | 1.2883      | 0.0796     | 0.6253     | 0.6794     |             | 1.0242   | -0.030 
349    | 2.8525     | 0.2603     | 1.3045       | 1.2878      | 0.1019     | 0.6277     | 0.6556     |             | 1.0167   | -0.031 
350    | 2.8444     | 0.2796     | 1.2953       | 1.2695      | 0.0820     | 0.6240     | 0.6800     |             | 0.9957   | -0.031 
351    | 2.7762     | 0.2543     | 1.2571       | 1.2648      | 0.0992     | 0.6111     | 0.6768     |             | 1.0290   | -0.041 
352    | 2.7534     | 0.2544     | 1.2334       | 1.2655      | 0.0788     | 0.6050     | 0.6945     |             | 1.0080   | -0.041 
353    | 2.7623     | 0.2722     | 1.2225       | 1.2676      | 0.0825     | 0.5928     | 0.6594     |             | 1.0060   | -0.039 
354    | 2.7606     | 0.2865     | 1.2067       | 1.2674      | 0.0883     | 0.5894     | 0.6668     |             | 0.9847   | -0.044 
355    | 2.7061     | 0.2287     | 1.2055       | 1.2719      | 0.0899     | 0.5779     | 0.6670     |             | 1.0156   | -0.049 
356    | 2.7946     | 0.2860     | 1.2124       | 1.2963      | 0.0904     | 0.5878     | 0.6591     |             | 1.1264   | -0.044 
/home/mcslab/yutung/MCSLAB_RSSI_RTT_Dataset/FusionDANN/fusion_dann_v4_noRSSIDiff.py:188: FutureWarning: DataFrameGroupBy.apply operated on the grouping columns. This behavior is deprecated, and in a future version of pandas the grouping columns will be excluded from the operation. Either pass `include_groups=False` to exclude the groupings or explicitly select the grouping columns after groupby to silence this warning.
  df = df.groupby('Label').apply(
/home/mcslab/yutung/MCSLAB_RSSI_RTT_Dataset/FusionDANN/fusion_dann_v4_noRSSIDiff.py:188: FutureWarning: DataFrameGroupBy.apply operated on the grouping columns. This behavior is deprecated, and in a future version of pandas the grouping columns will be excluded from the operation. Either pass `include_groups=False` to exclude the groupings or explicitly select the grouping columns after groupby to silence this warning.
  df = df.groupby('Label').apply(
357    | 2.8129     | 0.2969     | 1.2155       | 1.3005      | 0.0859     | 0.6047     | 0.6782     |             | 1.0946   | -0.040 
358    | 2.8140     | 0.2825     | 1.2179       | 1.3137      | 0.0890     | 0.6292     | 0.7038     |             | 0.9991   | -0.036 
359    | 2.8006     | 0.2584     | 1.2499       | 1.2923      | 0.0877     | 0.6169     | 0.6899     |             | 1.0515   | -0.038 
360    | 2.8499     | 0.2979     | 1.2534       | 1.2986      | 0.0902     | 0.6160     | 0.6824     |             | 1.0692   | -0.037 
361    | 2.7932     | 0.3007     | 1.2161       | 1.2764      | 0.0842     | 0.6011     | 0.6874     |             | 1.0516   | -0.042 
362    | 2.7963     | 0.2612     | 1.2469       | 1.2881      | 0.0910     | 0.6056     | 0.6580     |             | 1.0263   | -0.037 
363    | 2.8128     | 0.2802     | 1.2575       | 1.2752      | 0.1015     | 0.6057     | 0.6516     |             | 0.9988   | -0.038 
364    | 2.8185     | 0.2664     | 1.2668       | 1.2853      | 0.0798     | 0.6076     | 0.6740     |             | 1.0707   | -0.036 
365    | 2.8323     | 0.2800     | 1.2810       | 1.2713      | 0.0798     | 0.6056     | 0.6799     |             | 0.9787   | -0.038 
366    | 2.8750     | 0.2853     | 1.3037       | 1.2859      | 0.0672     | 0.6052     | 0.6740     |             | 1.0177   | -0.033 
367    | 2.8723     | 0.3093     | 1.2748       | 1.2882      | 0.0768     | 0.5944     | 0.6810     |             | 0.9683   | -0.041 
368    | 2.8519     | 0.2759     | 1.2781       | 1.2979      | 0.0762     | 0.5901     | 0.6731     |             | 0.9557   | -0.041 
369    | 2.8245     | 0.2674     | 1.2535       | 1.3036      | 0.0772     | 0.6129     | 0.6842     |             | 0.9719   | -0.035 
370    | 2.8403     | 0.2832     | 1.2612       | 1.2958      | 0.0862     | 0.6146     | 0.6844     |             | 1.0503   | -0.037 
371    | 2.8867     | 0.3175     | 1.2681       | 1.3012      | 0.0759     | 0.6204     | 0.6934     |             | 1.0538   | -0.033 
372    | 2.8527     | 0.2908     | 1.2677       | 1.2942      | 0.0714     | 0.6274     | 0.6881     |             | 1.0396   | -0.028 
373    | 2.8616     | 0.2686     | 1.2872       | 1.3058      | 0.0757     | 0.6259     | 0.6670     |             | 0.9910   | -0.026 
374    | 2.8723     | 0.2900     | 1.2890       | 1.2933      | 0.0847     | 0.6294     | 0.6703     |             | 1.0566   | -0.028 
375    | 2.8064     | 0.2533     | 1.2650       | 1.2881      | 0.0832     | 0.6131     | 0.6715     |             | 1.0851   | -0.034 
376    | 2.7980     | 0.2437     | 1.2650       | 1.2893      | 0.0899     | 0.6234     | 0.6653     |             | 1.0584   | -0.031 
377    | 2.8420     | 0.2805     | 1.2752       | 1.2863      | 0.0705     | 0.6128     | 0.6602     |             | 1.0503   | -0.028 
378    | 2.8187     | 0.2483     | 1.2845       | 1.2859      | 0.0704     | 0.6172     | 0.6506     |             | 1.1055   | -0.024 
379    | 2.8415     | 0.2819     | 1.2748       | 1.2848      | 0.0785     | 0.6049     | 0.6842     |             | 0.9717   | -0.038 
380    | 2.7972     | 0.2426     | 1.2502       | 1.3044      | 0.0798     | 0.5851     | 0.6697     |             | 0.9996   | -0.044 
381    | 2.8065     | 0.2690     | 1.2422       | 1.2953      | 0.0782     | 0.5961     | 0.6748     |             | 1.0022   | -0.040 
382    | 2.7957     | 0.2537     | 1.2403       | 1.3016      | 0.0821     | 0.6029     | 0.6640     |             | 1.0475   | -0.036 
383    | 2.7580     | 0.2448     | 1.2285       | 1.2847      | 0.0839     | 0.5885     | 0.6831     |             | 1.2327   | -0.046 
384    | 2.7466     | 0.2299     | 1.2411       | 1.2756      | 0.0771     | 0.5928     | 0.6614     |             | 1.0917   | -0.038 
385    | 2.7823     | 0.2692     | 1.2337       | 1.2794      | 0.0818     | 0.6002     | 0.6537     |             | 1.1121   | -0.035 
386    | 2.7978     | 0.2631     | 1.2525       | 1.2821      | 0.0850     | 0.5915     | 0.6575     |             | 1.0422   | -0.040 
387    | 2.8022     | 0.2670     | 1.2425       | 1.2927      | 0.0950     | 0.5930     | 0.6766     |             | 1.0365   | -0.047 
388    | 2.7883     | 0.2619     | 1.2332       | 1.2932      | 0.0824     | 0.5824     | 0.6539     |             | 1.0131   | -0.043 
389    | 2.7672     | 0.2463     | 1.2312       | 1.2897      | 0.0863     | 0.5902     | 0.6665     |             | 1.0261   | -0.043 
390    | 2.7761     | 0.2440     | 1.2506       | 1.2816      | 0.0808     | 0.5953     | 0.6602     |             | 1.0887   | -0.038 
391    | 2.8056     | 0.2685     | 1.2498       | 1.2873      | 0.0814     | 0.5980     | 0.6492     |             | 1.0946   | -0.035 
392    | 2.8142     | 0.2646     | 1.2561       | 1.2935      | 0.0822     | 0.5921     | 0.6584     |             | 1.0239   | -0.039 
393    | 2.7897     | 0.2893     | 1.2368       | 1.2637      | 0.0784     | 0.6048     | 0.6650     |             | 0.9756   | -0.035 
394    | 2.7278     | 0.2439     | 1.2107       | 1.2732      | 0.0780     | 0.5986     | 0.6590     |             | 0.9591   | -0.036 
395    | 2.7562     | 0.2694     | 1.2163       | 1.2705      | 0.0763     | 0.5971     | 0.6627     |             | 0.9461   | -0.037 
396    | 2.7283     | 0.2408     | 1.1911       | 1.2964      | 0.0856     | 0.6181     | 0.6462     |             | 0.9298   | -0.028 
397    | 2.7305     | 0.2364     | 1.2054       | 1.2887      | 0.0879     | 0.6054     | 0.6543     |             | 0.9859   | -0.035 
398    | 2.7822     | 0.2849     | 1.2113       | 1.2860      | 0.0912     | 0.6094     | 0.6497     |             | 0.9337   | -0.034 
399    | 2.8039     | 0.2810     | 1.2379       | 1.2850      | 0.0746     | 0.6077     | 0.6565     |             | 0.9616   | -0.031 
400    | 2.8234     | 0.2861     | 1.2501       | 1.2872      | 0.0846     | 0.5971     | 0.6533     |             | 0.9430   | -0.037 
Seed 42 | Src MDE: 0.0188 | Tgt MDE: 0.8641
Start Training Seed 6767...

Start Training... (Validate on Source Val & Target Val)
Epoch  | Total Loss | Train Cls  | Train D_RSSI | Train D_RTT | Val Cls    | Val D_RSSI | Val D_RTT  | Save        | Test MDE | Score  
---------------------------------------------------------------------------------------------------------------------------------------
1      | 6.2235     | 3.4197     | 1.4028       | 1.4010      | 2.8200     | 0.6906     | 0.6894     |             | 1.6328   | -0.828 
2      | 5.5264     | 2.7684     | 1.3828       | 1.3752      | 2.2999     | 0.6886     | 0.6861     |             | 1.2379   | -0.673 
3      | 5.0731     | 2.3319     | 1.3759       | 1.3653      | 1.8329     | 0.6866     | 0.6868     |             | 1.1328   | -0.533 
4      | 4.7669     | 2.0454     | 1.3681       | 1.3535      | 1.5871     | 0.6833     | 0.6859     |             | 1.0956   | -0.460 
5      | 4.4991     | 1.7932     | 1.3621       | 1.3438      | 1.2782     | 0.6801     | 0.6837     |             | 1.1618   | -0.368 
6      | 4.2455     | 1.5657     | 1.3527       | 1.3271      | 1.0713     | 0.6748     | 0.6896     |             | 1.0317   | -0.309 
7      | 4.0671     | 1.4090     | 1.3460       | 1.3121      | 0.9137     | 0.6723     | 0.6896     |             | 1.0391   | -0.263 
8      | 3.9560     | 1.3307     | 1.3319       | 1.2934      | 0.8103     | 0.6669     | 0.6907     |             | 1.0059   | -0.234 
9      | 3.8028     | 1.1964     | 1.3203       | 1.2861      | 0.6776     | 0.6581     | 0.6893     |             | 1.0796   | -0.198 
10     | 3.6474     | 1.0867     | 1.3041       | 1.2566      | 0.6050     | 0.6567     | 0.6900     |             | 0.9327   | -0.177 
11     | 3.5954     | 1.0523     | 1.2874       | 1.2557      | 0.5222     | 0.6533     | 0.6955     |             | 1.0680   | -0.154 
12     | 3.4433     | 0.9546     | 1.2672       | 1.2216      | 0.4564     | 0.6414     | 0.6967     |             | 1.0030   | -0.140 
13     | 3.3492     | 0.8993     | 1.2468       | 1.2030      | 0.4135     | 0.6377     | 0.6858     |             | 1.0378   | -0.126 
14     | 3.2490     | 0.8412     | 1.2223       | 1.1855      | 0.3800     | 0.6358     | 0.6963     |             | 1.0375   | -0.119 
15     | 3.1749     | 0.8156     | 1.1944       | 1.1649      | 0.3485     | 0.6301     | 0.6940     |             | 1.0403   | -0.111 
16     | 3.0616     | 0.7760     | 1.1681       | 1.1175      | 0.3254     | 0.6257     | 0.6903     |             | 1.0596   | -0.105 
17     | 2.9712     | 0.7243     | 1.1328       | 1.1141      | 0.2871     | 0.6258     | 0.6954     |             | 1.0271   | -0.095 
18     | 2.9393     | 0.7355     | 1.1104       | 1.0934      | 0.2614     | 0.6196     | 0.7066     |             | 1.0726   | -0.092 
19     | 2.8314     | 0.6749     | 1.0658       | 1.0906      | 0.2459     | 0.6110     | 0.6992     |             | 1.0476   | -0.089 
20     | 2.7800     | 0.6667     | 1.0444       | 1.0690      | 0.2539     | 0.6004     | 0.6938     |             | 1.0830   | -0.095 
21     | 2.6954     | 0.6322     | 1.0225       | 1.0407      | 0.2136     | 0.6032     | 0.7125     |             | 1.0524   | -0.085 
22     | 2.5953     | 0.5970     | 0.9818       | 1.0165      | 0.2037     | 0.5967     | 0.6940     |             | 1.0976   | -0.081 
23     | 2.5697     | 0.5961     | 0.9519       | 1.0216      | 0.2136     | 0.5745     | 0.6824     |             | 1.0534   | -0.091 
24     | 2.5440     | 0.5775     | 0.9383       | 1.0283      | 0.1958     | 0.5698     | 0.6879     |             | 1.0735   | -0.088 
25     | 2.4507     | 0.5682     | 0.9004       | 0.9821      | 0.1829     | 0.5659     | 0.6875     |             | 1.0554   | -0.086 
26     | 2.4406     | 0.5663     | 0.8830       | 0.9912      | 0.1735     | 0.5731     | 0.6793     |             | 1.1321   | -0.079 
27     | 2.3934     | 0.5460     | 0.8508       | 0.9966      | 0.1716     | 0.5475     | 0.6743     |             | 1.1021   | -0.087 
28     | 2.4045     | 0.5372     | 0.8351       | 1.0321      | 0.1738     | 0.5653     | 0.6736     |             | 1.1097   | -0.081 
29     | 2.3191     | 0.5183     | 0.8125       | 0.9884      | 0.1611     | 0.5588     | 0.6717     |             | 1.1079   | -0.079 
30     | 2.3023     | 0.5213     | 0.7813       | 0.9997      | 0.1688     | 0.5232     | 0.6622     |             | 1.1142   | -0.094 
31     | 2.2998     | 0.5156     | 0.7698       | 1.0144      | 0.1496     | 0.5669     | 0.6776     |             | 1.1983   | -0.074 
32     | 2.2880     | 0.4957     | 0.7577       | 1.0346      | 0.1466     | 0.5304     | 0.6810     |             | 1.1612   | -0.088 
33     | 2.2958     | 0.4796     | 0.7576       | 1.0586      | 0.1492     | 0.5369     | 0.6554     |             | 1.1464   | -0.081 
34     | 2.3352     | 0.4937     | 0.7527       | 1.0888      | 0.1479     | 0.5627     | 0.6712     |             | 1.1473   | -0.074 
35     | 2.3286     | 0.4653     | 0.7668       | 1.0965      | 0.1553     | 0.5481     | 0.6685     |             | 1.1244   | -0.081 
36     | 2.3549     | 0.4929     | 0.7892       | 1.0728      | 0.1355     | 0.5454     | 0.6907     |             | 1.1245   | -0.081 
37     | 2.3170     | 0.4775     | 0.7798       | 1.0598      | 0.1318     | 0.5624     | 0.6878     |             | 1.1515   | -0.072 
38     | 2.3603     | 0.4899     | 0.7804       | 1.0900      | 0.1454     | 0.5433     | 0.6882     |             | 1.1107   | -0.084 
39     | 2.3916     | 0.4785     | 0.7946       | 1.1185      | 0.1411     | 0.5479     | 0.6778     |             | 1.0745   | -0.079 
40     | 2.4760     | 0.5021     | 0.8002       | 1.1737      | 0.1433     | 0.5687     | 0.7166     |             | 1.1242   | -0.079 
41     | 2.4263     | 0.4622     | 0.7905       | 1.1735      | 0.1371     | 0.5285     | 0.6833     |             | 1.1186   | -0.086 
42     | 2.4736     | 0.4649     | 0.8515       | 1.1573      | 0.1384     | 0.5645     | 0.6757     |             | 1.0922   | -0.071 
43     | 2.5049     | 0.4670     | 0.8845       | 1.1534      | 0.1451     | 0.5771     | 0.6944     |             | 1.0380   | -0.072 
44     | 2.5089     | 0.4947     | 0.8864       | 1.1277      | 0.1353     | 0.5910     | 0.6734     |             | 1.1214   | -0.059 
45     | 2.5611     | 0.5146     | 0.8963       | 1.1502      | 0.1280     | 0.5712     | 0.6501     |             | 1.0687   | -0.060 
46     | 2.4649     | 0.4345     | 0.9036       | 1.1268      | 0.1562     | 0.5650     | 0.6637     |             | 1.0661   | -0.074 
47     | 2.5577     | 0.4784     | 0.9419       | 1.1374      | 0.1316     | 0.6241     | 0.6792     |             | 1.1702   | -0.046 
48     | 2.5376     | 0.4712     | 0.9263       | 1.1401      | 0.1488     | 0.5565     | 0.6531     |             | 1.0773   | -0.073 
49     | 2.5610     | 0.4699     | 0.9352       | 1.1558      | 0.1228     | 0.5659     | 0.6750     |             | 1.1327   | -0.065 
50     | 2.5843     | 0.4724     | 0.9632       | 1.1487      | 0.1318     | 0.5499     | 0.6513     |             | 1.0720   | -0.070 
51     | 2.5652     | 0.4748     | 0.9551       | 1.1353      | 0.1278     | 0.5283     | 0.6442     |             | 1.0408   | -0.076 
52     | 2.6232     | 0.4919     | 0.9763       | 1.1550      | 0.1179     | 0.4979     | 0.6958     |             | 1.0640   | -0.095 
53     | 2.6177     | 0.4920     | 0.9495       | 1.1762      | 0.1243     | 0.4849     | 0.6823     |             | 1.0862   | -0.100 
54     | 2.5796     | 0.4544     | 0.9263       | 1.1989      | 0.1254     | 0.5156     | 0.6632     |             | 1.0976   | -0.084 
55     | 2.5876     | 0.4673     | 0.9365       | 1.1838      | 0.1395     | 0.5405     | 0.6609     |             | 1.0635   | -0.078 
56     | 2.6153     | 0.4628     | 0.9708       | 1.1817      | 0.1245     | 0.5601     | 0.6696     |             | 1.1246   | -0.067 
57     | 2.6144     | 0.4502     | 0.9978       | 1.1663      | 0.1323     | 0.5643     | 0.6624     |             | 1.1023   | -0.066 
58     | 2.5991     | 0.4309     | 1.0015       | 1.1667      | 0.1373     | 0.5626     | 0.6619     |             | 1.1978   | -0.069 
59     | 2.7629     | 0.4755     | 1.0478       | 1.2396      | 0.1222     | 0.5921     | 0.6787     |             | 1.0998   | -0.056 
60     | 2.6850     | 0.4733     | 1.0222       | 1.1895      | 0.1211     | 0.6065     | 0.6753     |             | 1.1480   | -0.049 
61     | 2.7175     | 0.4605     | 1.0622       | 1.1948      | 0.1282     | 0.6272     | 0.6777     |             | 1.1098   | -0.043 
62     | 2.6430     | 0.4518     | 0.9977       | 1.1935      | 0.1257     | 0.5456     | 0.6703     |             | 1.1242   | -0.074 
63     | 2.7042     | 0.4705     | 1.0191       | 1.2146      | 0.1352     | 0.5309     | 0.6841     |             | 1.1246   | -0.085 
64     | 2.6820     | 0.4368     | 1.0239       | 1.2213      | 0.1288     | 0.5263     | 0.7213     |             | 1.1052   | -0.092 
65     | 2.7276     | 0.4485     | 1.0620       | 1.2171      | 0.1309     | 0.5484     | 0.7043     |             | 1.0738   | -0.081 
66     | 2.7109     | 0.4685     | 1.0441       | 1.1984      | 0.1232     | 0.5239     | 0.6879     |             | 1.0446   | -0.085 
67     | 2.6995     | 0.4438     | 1.0670       | 1.1887      | 0.1359     | 0.5727     | 0.6663     |             | 1.1645   | -0.065 
68     | 2.7605     | 0.4236     | 1.1229       | 1.2139      | 0.1303     | 0.5940     | 0.6733     |             | 1.1100   | -0.056 
69     | 2.7740     | 0.4675     | 1.1004       | 1.2062      | 0.1164     | 0.5596     | 0.6918     |             | 1.0355   | -0.069 
70     | 2.6678     | 0.4558     | 1.0290       | 1.1829      | 0.1209     | 0.5480     | 0.6505     |             | 1.0142   | -0.067 
71     | 2.6612     | 0.4429     | 1.0189       | 1.1994      | 0.1171     | 0.5536     | 0.6781     |             | 1.0478   | -0.069 
72     | 2.6410     | 0.4397     | 1.0159       | 1.1854      | 0.1147     | 0.5722     | 0.6716     |             | 1.0463   | -0.060 
73     | 2.6289     | 0.4190     | 1.0076       | 1.2023      | 0.1151     | 0.5639     | 0.6626     |             | 0.9992   | -0.061 
74     | 2.6685     | 0.4333     | 1.0154       | 1.2198      | 0.1091     | 0.5372     | 0.6656     |             | 1.1068   | -0.071 
75     | 2.6317     | 0.4172     | 1.0087       | 1.2058      | 0.1185     | 0.5166     | 0.6565     |             | 1.1030   | -0.080 
76     | 2.6830     | 0.4578     | 1.0182       | 1.2070      | 0.1190     | 0.5254     | 0.6572     |             | 1.0808   | -0.077 
77     | 2.6402     | 0.4361     | 0.9832       | 1.2209      | 0.1187     | 0.5088     | 0.6621     |             | 1.0751   | -0.085 
78     | 2.6225     | 0.3970     | 0.9746       | 1.2509      | 0.1177     | 0.4920     | 0.6683     |             | 1.0421   | -0.092 
79     | 2.5943     | 0.4172     | 0.9593       | 1.2178      | 0.1283     | 0.5138     | 0.6738     |             | 1.1272   | -0.088 
80     | 2.6448     | 0.4295     | 0.9829       | 1.2325      | 0.1119     | 0.5141     | 0.6600     |             | 1.1513   | -0.080 
81     | 2.6599     | 0.4085     | 1.0039       | 1.2475      | 0.1247     | 0.5381     | 0.6598     |             | 1.1159   | -0.074 
82     | 2.6862     | 0.4289     | 1.0271       | 1.2302      | 0.1216     | 0.5268     | 0.6728     |             | 1.0510   | -0.080 
83     | 2.6274     | 0.3775     | 1.0050       | 1.2449      | 0.1348     | 0.5410     | 0.7001     |             | 1.0592   | -0.084 
84     | 2.7453     | 0.4131     | 1.0752       | 1.2570      | 0.1131     | 0.6176     | 0.6821     |             | 1.0717   | -0.043 
85     | 2.7945     | 0.4321     | 1.0945       | 1.2679      | 0.1322     | 0.5866     | 0.6932     |             | 1.0862   | -0.064 
86     | 2.7388     | 0.4126     | 1.0566       | 1.2696      | 0.1363     | 0.5866     | 0.6758     |             | 1.0814   | -0.061 
87     | 2.7311     | 0.4168     | 1.0696       | 1.2447      | 0.1164     | 0.6099     | 0.6812     |             | 1.0451   | -0.047 
88     | 2.7276     | 0.4271     | 1.0615       | 1.2390      | 0.1198     | 0.5900     | 0.6806     |             | 1.0133   | -0.056 
89     | 2.7106     | 0.4021     | 1.0733       | 1.2351      | 0.1124     | 0.5988     | 0.6938     |             | 1.0603   | -0.053 
90     | 2.7409     | 0.4171     | 1.0951       | 1.2287      | 0.1269     | 0.6261     | 0.6701     |             | 1.0315   | -0.042 
91     | 2.6775     | 0.3805     | 1.0798       | 1.2173      | 0.1096     | 0.6117     | 0.6825     |             | 1.0308   | -0.045 
92     | 2.6940     | 0.3954     | 1.0941       | 1.2045      | 0.1115     | 0.6126     | 0.6841     |             | 1.0590   | -0.045 
93     | 2.6676     | 0.3988     | 1.0760       | 1.1927      | 0.1163     | 0.6282     | 0.6803     |             | 1.0929   | -0.040 
94     | 2.6427     | 0.3866     | 1.0501       | 1.2060      | 0.1153     | 0.5972     | 0.6832     |             | 1.0953   | -0.052 
95     | 2.6564     | 0.3900     | 1.0484       | 1.2179      | 0.1072     | 0.5711     | 0.6522     |             | 1.0448   | -0.054 
96     | 2.6683     | 0.4141     | 1.0382       | 1.2161      | 0.1213     | 0.5938     | 0.6578     |             | 1.0058   | -0.050 
97     | 2.6586     | 0.3977     | 1.0284       | 1.2325      | 0.1121     | 0.6014     | 0.6640     |             | 0.9851   | -0.046 
98     | 2.6155     | 0.3629     | 1.0161       | 1.2366      | 0.1139     | 0.5696     | 0.6782     |             | 1.0818   | -0.062 
99     | 2.6806     | 0.4085     | 1.0453       | 1.2269      | 0.1031     | 0.5612     | 0.6732     |             | 1.1136   | -0.061 
100    | 2.6164     | 0.3885     | 1.0326       | 1.1952      | 0.1138     | 0.5636     | 0.6453     |             | 1.1129   | -0.058 
101    | 2.7324     | 0.3996     | 1.0854       | 1.2474      | 0.1295     | 0.5946     | 0.6953     |             | 1.0096   | -0.060 
102    | 2.6890     | 0.3952     | 1.0491       | 1.2447      | 0.1210     | 0.5884     | 0.6937     |             | 0.9519   | -0.060 
103    | 2.6983     | 0.3895     | 1.0615       | 1.2473      | 0.1082     | 0.6006     | 0.6754     |             | 1.0547   | -0.047 
104    | 2.6925     | 0.4134     | 1.0807       | 1.1984      | 0.0977     | 0.5841     | 0.6868     |             | 1.0073   | -0.053 
105    | 2.6907     | 0.3968     | 1.0874       | 1.2065      | 0.1024     | 0.5918     | 0.6729     |             | 1.0485   | -0.049 
106    | 2.6998     | 0.3641     | 1.1113       | 1.2244      | 0.1138     | 0.6039     | 0.6774     |             | 1.0644   | -0.048 
107    | 2.6859     | 0.3778     | 1.0762       | 1.2319      | 0.1093     | 0.5820     | 0.6846     |             | 1.1030   | -0.057 
108    | 2.7211     | 0.3701     | 1.0965       | 1.2545      | 0.1384     | 0.5858     | 0.6829     |             | 1.1277   | -0.064 
109    | 2.7723     | 0.4173     | 1.1326       | 1.2224      | 0.1101     | 0.6368     | 0.6800     |             | 1.0898   | -0.034 
110    | 2.8305     | 0.4280     | 1.1638       | 1.2388      | 0.1102     | 0.6086     | 0.6916     |             | 1.1535   | -0.048 
111    | 2.7316     | 0.3779     | 1.1118       | 1.2419      | 0.1195     | 0.5941     | 0.7116     |             | 1.1009   | -0.061 
112    | 2.6587     | 0.3784     | 1.0731       | 1.2071      | 0.1079     | 0.5586     | 0.6786     |             | 1.0898   | -0.065 
113    | 2.7124     | 0.3884     | 1.0955       | 1.2285      | 0.1214     | 0.5907     | 0.6892     |             | 1.0823   | -0.058 
114    | 2.6931     | 0.3671     | 1.1112       | 1.2148      | 0.1091     | 0.5812     | 0.6761     |             | 1.1630   | -0.055 
115    | 2.7125     | 0.3756     | 1.1366       | 1.2004      | 0.1027     | 0.5973     | 0.6719     |             | 1.0875   | -0.046 
116    | 2.7201     | 0.3720     | 1.1266       | 1.2215      | 0.1056     | 0.5716     | 0.6615     |             | 1.0679   | -0.055 
117    | 2.7063     | 0.3567     | 1.1354       | 1.2142      | 0.1149     | 0.5601     | 0.6717     |             | 0.9996   | -0.065 
118    | 2.8015     | 0.4078     | 1.1554       | 1.2384      | 0.1477     | 0.5550     | 0.6976     |             | 1.0860   | -0.082 
119    | 2.7366     | 0.3630     | 1.1396       | 1.2340      | 0.1215     | 0.6047     | 0.6766     |             | 1.0973   | -0.050 
120    | 2.7467     | 0.3747     | 1.1332       | 1.2387      | 0.1100     | 0.5831     | 0.6673     |             | 1.0123   | -0.053 
121    | 2.7741     | 0.3857     | 1.1352       | 1.2532      | 0.1085     | 0.5938     | 0.6628     |             | 1.0425   | -0.048 
122    | 2.8735     | 0.4255     | 1.1964       | 1.2516      | 0.1068     | 0.5982     | 0.6491     |             | 1.0521   | -0.043 
123    | 2.7927     | 0.3594     | 1.1812       | 1.2521      | 0.1115     | 0.5956     | 0.6572     |             | 0.9826   | -0.047 
124    | 2.8699     | 0.4173     | 1.1958       | 1.2568      | 0.1126     | 0.6260     | 0.6332     |             | 0.9360   | -0.030 
125    | 2.8789     | 0.3825     | 1.2247       | 1.2717      | 0.1141     | 0.6142     | 0.6675     |             | 1.0351   | -0.042 
126    | 2.9144     | 0.4170     | 1.2289       | 1.2686      | 0.1133     | 0.6053     | 0.6887     |             | 0.9815   | -0.050 
127    | 2.8938     | 0.3871     | 1.2376       | 1.2691      | 0.1193     | 0.6000     | 0.6700     |             | 1.0955   | -0.050 
128    | 2.8916     | 0.3623     | 1.2582       | 1.2711      | 0.1135     | 0.6534     | 0.7004     |             | 1.0862   | -0.033 
129    | 2.9878     | 0.3950     | 1.3376       | 1.2552      | 0.1170     | 0.6785     | 0.6803     |             | 1.0393   | -0.020 
130    | 2.9460     | 0.3994     | 1.3019       | 1.2446      | 0.1182     | 0.6528     | 0.6539     |             | 1.0058   | -0.025 
131    | 2.8808     | 0.4049     | 1.2455       | 1.2303      | 0.1285     | 0.6075     | 0.6688     |             | 0.9675   | -0.049 
132    | 2.7754     | 0.3563     | 1.1791       | 1.2401      | 0.1044     | 0.6150     | 0.6648     |             | 1.0065   | -0.038 
133    | 2.8399     | 0.3794     | 1.2071       | 1.2535      | 0.1137     | 0.6428     | 0.6720     |             | 1.0497   | -0.031 
134    | 2.8718     | 0.3904     | 1.2442       | 1.2372      | 0.1121     | 0.6465     | 0.6936     |             | 1.0313   | -0.034 
135    | 2.8233     | 0.3741     | 1.1987       | 1.2505      | 0.1195     | 0.6302     | 0.6984     |             | 1.1562   | -0.043 
136    | 2.9035     | 0.3809     | 1.2448       | 1.2778      | 0.1032     | 0.6481     | 0.6867     |             | 1.1790   | -0.029 
137    | 2.9183     | 0.3730     | 1.2744       | 1.2709      | 0.1050     | 0.6796     | 0.6916     |             | 1.1702   | -0.018 
138    | 2.9308     | 0.3924     | 1.2672       | 1.2712      | 0.1160     | 0.6434     | 0.6773     |             | 1.0529   | -0.033 
139    | 2.9225     | 0.3952     | 1.2603       | 1.2670      | 0.0988     | 0.6257     | 0.6855     |             | 1.0242   | -0.036 
140    | 2.8962     | 0.3968     | 1.2425       | 1.2569      | 0.0956     | 0.6221     | 0.6760     |             | 1.0670   | -0.035 
141    | 2.8446     | 0.3547     | 1.2512       | 1.2387      | 0.1074     | 0.6256     | 0.6537     |             | 1.0262   | -0.033 
142    | 2.7993     | 0.3418     | 1.2183       | 1.2392      | 0.0983     | 0.6270     | 0.6686     |             | 1.0012   | -0.032 
143    | 2.8532     | 0.3732     | 1.2404       | 1.2396      | 0.0959     | 0.6336     | 0.6614     |             | 0.9834   | -0.028 
144    | 2.9016     | 0.3802     | 1.2586       | 1.2629      | 0.1089     | 0.6465     | 0.6540     |             | 0.9217   | -0.025 
145    | 2.8912     | 0.3494     | 1.2652       | 1.2766      | 0.1031     | 0.6222     | 0.6828     |             | 0.9464   | -0.039 
146    | 3.0063     | 0.3850     | 1.3267       | 1.2946      | 0.1166     | 0.6191     | 0.6623     |             | 0.9576   | -0.040 
147    | 2.9622     | 0.3957     | 1.2955       | 1.2710      | 0.1100     | 0.6339     | 0.6602     |             | 0.9762   | -0.031 
148    | 2.8812     | 0.3750     | 1.2418       | 1.2644      | 0.1098     | 0.5831     | 0.6736     |             | 1.0652   | -0.054 
149    | 2.8070     | 0.3426     | 1.1910       | 1.2734      | 0.1046     | 0.5874     | 0.6836     |             | 0.9782   | -0.053 
150    | 2.8879     | 0.3879     | 1.2197       | 1.2804      | 0.1212     | 0.5769     | 0.6834     |             | 1.0013   | -0.062 
151    | 2.7653     | 0.3268     | 1.1705       | 1.2681      | 0.1066     | 0.5854     | 0.6899     |             | 0.9844   | -0.056 
152    | 2.7999     | 0.3411     | 1.1705       | 1.2884      | 0.0979     | 0.5780     | 0.6839     |             | 0.9418   | -0.055 
153    | 2.7778     | 0.3446     | 1.1636       | 1.2696      | 0.1031     | 0.5972     | 0.6704     |             | 1.0334   | -0.046 
154    | 2.7936     | 0.3279     | 1.1863       | 1.2794      | 0.1035     | 0.6019     | 0.6433     |             | 0.9643   | -0.039 
155    | 2.8007     | 0.3263     | 1.2026       | 1.2717      | 0.1098     | 0.6200     | 0.6514     |             | 1.0465   | -0.035 
156    | 2.8257     | 0.3308     | 1.2214       | 1.2735      | 0.1066     | 0.6322     | 0.6754     |             | 1.0742   | -0.034 
157    | 2.7776     | 0.3376     | 1.1786       | 1.2613      | 0.0994     | 0.6093     | 0.6498     |             | 1.0100   | -0.036 
158    | 2.7789     | 0.3625     | 1.1616       | 1.2548      | 0.0965     | 0.5891     | 0.6660     |             | 0.9789   | -0.046 
159    | 2.7342     | 0.3358     | 1.1334       | 1.2650      | 0.0840     | 0.5821     | 0.6567     |             | 1.0128   | -0.044 
160    | 2.7380     | 0.3412     | 1.1192       | 1.2776      | 0.0948     | 0.5707     | 0.6647     |             | 0.9937   | -0.053 
161    | 2.7645     | 0.3537     | 1.1264       | 1.2844      | 0.0928     | 0.5601     | 0.6697     |             | 0.9031   | -0.058 
162    | 2.7396     | 0.3275     | 1.1344       | 1.2777      | 0.0876     | 0.5976     | 0.6621     |             | 1.0192   | -0.040 
163    | 2.7353     | 0.3156     | 1.1724       | 1.2473      | 0.1030     | 0.6213     | 0.6648     |             | 1.0107   | -0.035 
164    | 2.8221     | 0.3772     | 1.1833       | 1.2615      | 0.0908     | 0.5956     | 0.6727     |             | 1.0524   | -0.044 
165    | 2.7934     | 0.3073     | 1.1979       | 1.2882      | 0.1038     | 0.6394     | 0.6514     |             | 0.9609   | -0.026 
166    | 2.8639     | 0.3455     | 1.2291       | 1.2893      | 0.0997     | 0.6329     | 0.6433     |             | 0.9569   | -0.025 
167    | 2.8048     | 0.3485     | 1.1581       | 1.2982      | 0.0941     | 0.6051     | 0.6529     |             | 1.0549   | -0.037 
168    | 2.7396     | 0.3326     | 1.1189       | 1.2881      | 0.0920     | 0.5938     | 0.6358     |             | 1.0629   | -0.037 
169    | 2.7042     | 0.3208     | 1.0973       | 1.2861      | 0.1039     | 0.5943     | 0.6581     |             | 1.0357   | -0.045 
170    | 2.7229     | 0.3272     | 1.1116       | 1.2841      | 0.1082     | 0.5831     | 0.6434     |             | 1.0155   | -0.048 
171    | 2.7220     | 0.3188     | 1.1077       | 1.2955      | 0.1031     | 0.5795     | 0.6493     |             | 1.0583   | -0.049 
172    | 2.7312     | 0.3300     | 1.1221       | 1.2792      | 0.1020     | 0.5888     | 0.6455     |             | 1.0631   | -0.044 
173    | 2.6983     | 0.2930     | 1.1403       | 1.2650      | 0.1048     | 0.6066     | 0.6446     |             | 1.1287   | -0.038 
174    | 2.7416     | 0.3197     | 1.1660       | 1.2559      | 0.0898     | 0.5932     | 0.6506     |             | 1.1008   | -0.040 
175    | 2.7705     | 0.3081     | 1.1945       | 1.2679      | 0.0925     | 0.6015     | 0.6628     |             | 1.1101   | -0.040 
176    | 2.8028     | 0.3438     | 1.2005       | 1.2584      | 0.0959     | 0.6327     | 0.6663     |             | 1.1106   | -0.029 
177    | 2.8513     | 0.3513     | 1.2439       | 1.2561      | 0.1149     | 0.6732     | 0.6641     |             | 1.1082   | -0.023 
178    | 2.8905     | 0.3558     | 1.2841       | 1.2506      | 0.1068     | 0.6631     | 0.6661     |             | 1.0910   | -0.020 
179    | 2.9194     | 0.3560     | 1.2867       | 1.2766      | 0.1183     | 0.6921     | 0.6529     |             | 0.9982   | -0.033 
180    | 2.9083     | 0.3650     | 1.2844       | 1.2589      | 0.1034     | 0.6577     | 0.6836     |             | 1.0939   | -0.025 
181    | 2.8944     | 0.3467     | 1.2731       | 1.2746      | 0.1025     | 0.6534     | 0.6551     |             | 1.0155   | -0.020 
182    | 2.8634     | 0.3363     | 1.2748       | 1.2523      | 0.0963     | 0.6533     | 0.6478     |             | 1.0986   | -0.020 
183    | 2.8790     | 0.3607     | 1.2711       | 1.2472      | 0.0954     | 0.6506     | 0.6472     |             | 1.0291   | -0.020 
184    | 2.7949     | 0.3146     | 1.2447       | 1.2356      | 0.0901     | 0.6486     | 0.6604     |             | 1.0203   | -0.020 
185    | 2.8861     | 0.3520     | 1.2769       | 1.2573      | 0.1048     | 0.6467     | 0.6585     |             | 1.0708   | -0.024 
186    | 2.9066     | 0.3470     | 1.2913       | 1.2683      | 0.1048     | 0.6297     | 0.6623     |             | 1.0422   | -0.032 
187    | 2.8651     | 0.3355     | 1.2567       | 1.2729      | 0.0924     | 0.6440     | 0.6590     |             | 1.0368   | -0.022 
188    | 2.9144     | 0.3502     | 1.2725       | 1.2917      | 0.1093     | 0.6466     | 0.6487     |             | 1.0239   | -0.024 
189    | 2.8178     | 0.3381     | 1.2188       | 1.2609      | 0.0947     | 0.6502     | 0.6524     |             | 0.9625   | -0.019 
190    | 2.8496     | 0.3404     | 1.2581       | 1.2511      | 0.1102     | 0.6645     | 0.6464     |             | 0.9845   | -0.027 
191    | 2.9080     | 0.3404     | 1.3057       | 1.2619      | 0.1036     | 0.6749     | 0.6643     |             | 1.0296   | -0.020 
192    | 2.8896     | 0.3245     | 1.3136       | 1.2515      | 0.0933     | 0.6352     | 0.6681     |             | 1.0217   | -0.028 
193    | 2.8368     | 0.3241     | 1.2688       | 1.2439      | 0.0866     | 0.6203     | 0.6709     |             | 1.0340   | -0.032 
194    | 2.7909     | 0.3115     | 1.2438       | 1.2356      | 0.1025     | 0.6163     | 0.6621     |             | 1.0024   | -0.037 
195    | 2.8262     | 0.3368     | 1.2344       | 1.2550      | 0.0977     | 0.6220     | 0.6707     |             | 1.0331   | -0.035 
196    | 2.7892     | 0.3083     | 1.2427       | 1.2382      | 0.0990     | 0.6313     | 0.6773     |             | 1.0905   | -0.033 
197    | 2.8125     | 0.3079     | 1.2508       | 1.2538      | 0.1171     | 0.6396     | 0.6707     |             | 1.0121   | -0.033 
198    | 2.8009     | 0.2966     | 1.2681       | 1.2362      | 0.1081     | 0.6345     | 0.6582     |             | 1.1032   | -0.030 
199    | 2.8467     | 0.3260     | 1.2592       | 1.2616      | 0.0986     | 0.6249     | 0.6529     |             | 1.0917   | -0.030 
200    | 2.8180     | 0.3139     | 1.2377       | 1.2664      | 0.0992     | 0.6390     | 0.6597     |             | 1.0350   | -0.026 
201    | 2.8279     | 0.3199     | 1.2401       | 1.2679      | 0.1061     | 0.6211     | 0.6444     |             | 1.0110   | -0.032 
202    | 2.8093     | 0.3175     | 1.2244       | 1.2673      | 0.0949     | 0.6027     | 0.6251     |             | 0.9724   | -0.032 
203    | 2.8289     | 0.3171     | 1.2357       | 1.2761      | 0.0948     | 0.6290     | 0.6446     |             | 1.0310   | -0.026 
204    | 2.8602     | 0.3170     | 1.2434       | 1.2997      | 0.0992     | 0.6479     | 0.6407     |             | 1.0019   | -0.023 
205    | 2.8801     | 0.3334     | 1.2433       | 1.3035      | 0.0860     | 0.6317     | 0.6358     |             | 1.0529   | -0.020 
206    | 2.8596     | 0.3248     | 1.2433       | 1.2915      | 0.0972     | 0.6348     | 0.6454     |             | 1.0392   | -0.024 
207    | 2.8077     | 0.3097     | 1.2164       | 1.2816      | 0.0939     | 0.6529     | 0.6372     |             | 1.0416   | -0.024 
208    | 2.7956     | 0.3233     | 1.2124       | 1.2598      | 0.1003     | 0.6462     | 0.6493     |             | 1.0059   | -0.021 
209    | 2.8094     | 0.3144     | 1.2227       | 1.2724      | 0.1042     | 0.6192     | 0.6566     |             | 1.0934   | -0.035 
210    | 2.8038     | 0.3318     | 1.2042       | 1.2678      | 0.1001     | 0.5952     | 0.6788     |             | 1.0573   | -0.048 
211    | 2.7806     | 0.3346     | 1.1674       | 1.2786      | 0.1001     | 0.5853     | 0.6622     |             | 1.0597   | -0.048 
212    | 2.7169     | 0.3014     | 1.1480       | 1.2675      | 0.0980     | 0.5800     | 0.6689     |             | 1.0004   | -0.051 
213    | 2.7266     | 0.3286     | 1.1443       | 1.2538      | 0.1018     | 0.5844     | 0.6686     |             | 1.0316   | -0.050 
214    | 2.7091     | 0.3051     | 1.1511       | 1.2530      | 0.0991     | 0.5898     | 0.6540     |             | 1.0455   | -0.045 
215    | 2.7293     | 0.3041     | 1.1465       | 1.2786      | 0.0936     | 0.5807     | 0.6487     |             | 1.0869   | -0.046 
216    | 2.7161     | 0.3030     | 1.1487       | 1.2644      | 0.0883     | 0.5877     | 0.6457     |             | 1.1111   | -0.041 
217    | 2.7110     | 0.2907     | 1.1289       | 1.2914      | 0.0921     | 0.5748     | 0.6373     |             | 1.0600   | -0.045 
218    | 2.7462     | 0.3095     | 1.1452       | 1.2914      | 0.1024     | 0.5880     | 0.6700     |             | 1.0682   | -0.050 
219    | 2.7201     | 0.2902     | 1.1518       | 1.2781      | 0.0932     | 0.5731     | 0.6500     |             | 1.0868   | -0.049 
220    | 2.7621     | 0.3121     | 1.1770       | 1.2730      | 0.1000     | 0.5842     | 0.6712     |             | 1.0439   | -0.051 
221    | 2.7999     | 0.3090     | 1.2097       | 1.2812      | 0.1074     | 0.5970     | 0.6661     |             | 1.0125   | -0.047 
222    | 2.8232     | 0.3241     | 1.2106       | 1.2885      | 0.0932     | 0.5927     | 0.6624     |             | 1.1645   | -0.043 
223    | 2.7751     | 0.3165     | 1.2008       | 1.2577      | 0.0963     | 0.5875     | 0.6465     |             | 1.0695   | -0.043 
224    | 2.7882     | 0.3115     | 1.2122       | 1.2646      | 0.1073     | 0.5855     | 0.6544     |             | 1.1259   | -0.049 
225    | 2.8066     | 0.3140     | 1.2152       | 1.2774      | 0.0991     | 0.5648     | 0.6547     |             | 1.0459   | -0.055 
226    | 2.7159     | 0.2754     | 1.1850       | 1.2555      | 0.0941     | 0.5663     | 0.6484     |             | 1.0551   | -0.051 
227    | 2.7417     | 0.2994     | 1.1968       | 1.2454      | 0.1035     | 0.5722     | 0.6501     |             | 1.0191   | -0.052 
228    | 2.7721     | 0.3340     | 1.1879       | 1.2502      | 0.0989     | 0.5551     | 0.6465     |             | 1.0900   | -0.057 
229    | 2.7230     | 0.3097     | 1.1622       | 1.2510      | 0.0952     | 0.5743     | 0.6645     |             | 1.0064   | -0.052 
230    | 2.7524     | 0.2872     | 1.1907       | 1.2745      | 0.0924     | 0.5778     | 0.6791     |             | 1.0355   | -0.052 
231    | 2.7590     | 0.2851     | 1.1967       | 1.2773      | 0.0988     | 0.5666     | 0.6928     |             | 1.0633   | -0.062 
232    | 2.7734     | 0.3005     | 1.1981       | 1.2749      | 0.0933     | 0.5639     | 0.6905     |             | 1.0655   | -0.061 
233    | 2.7697     | 0.3026     | 1.1908       | 1.2763      | 0.0883     | 0.5878     | 0.6782     |             | 0.9826   | -0.047 
234    | 2.7350     | 0.2975     | 1.1848       | 1.2527      | 0.0801     | 0.5774     | 0.6574     |             | 1.0565   | -0.045 
235    | 2.7210     | 0.2658     | 1.1885       | 1.2667      | 0.0889     | 0.5922     | 0.6563     |             | 1.0270   | -0.041 
236    | 2.7383     | 0.3149     | 1.1637       | 1.2597      | 0.1036     | 0.5811     | 0.6686     |             | 0.9878   | -0.052 
237    | 2.7300     | 0.3094     | 1.1572       | 1.2634      | 0.0881     | 0.5646     | 0.6769     |             | 1.0309   | -0.056 
238    | 2.7599     | 0.3136     | 1.1599       | 1.2864      | 0.1019     | 0.5687     | 0.6963     |             | 1.0728   | -0.062 
239    | 2.7626     | 0.3008     | 1.1685       | 1.2933      | 0.0868     | 0.5615     | 0.7238     |             | 1.0641   | -0.066 
240    | 2.7771     | 0.2929     | 1.1596       | 1.3246      | 0.0883     | 0.5449     | 0.7024     |             | 1.0460   | -0.069 
241    | 2.7324     | 0.2944     | 1.1538       | 1.2842      | 0.0959     | 0.5361     | 0.6824     |             | 1.0436   | -0.071 
242    | 2.7232     | 0.2663     | 1.1520       | 1.3050      | 0.1002     | 0.5497     | 0.6554     |             | 1.0732   | -0.061 
243    | 2.7525     | 0.2694     | 1.1784       | 1.3047      | 0.1011     | 0.5452     | 0.6730     |             | 1.0392   | -0.067 
244    | 2.7574     | 0.2866     | 1.1792       | 1.2916      | 0.0825     | 0.5696     | 0.6891     |             | 1.1290   | -0.055 
245    | 2.7692     | 0.3139     | 1.1607       | 1.2946      | 0.0885     | 0.5731     | 0.6587     |             | 1.0727   | -0.049 
246    | 2.7968     | 0.3236     | 1.1831       | 1.2901      | 0.1094     | 0.5610     | 0.6697     |             | 1.0131   | -0.062 
247    | 2.7280     | 0.2745     | 1.1789       | 1.2746      | 0.0942     | 0.5838     | 0.6596     |             | 1.0425   | -0.047 
248    | 2.8186     | 0.3233     | 1.2209       | 1.2744      | 0.0929     | 0.5897     | 0.6573     |             | 1.0250   | -0.043 
249    | 2.7822     | 0.2806     | 1.2466       | 1.2549      | 0.1150     | 0.6088     | 0.6585     |             | 1.0265   | -0.043 
250    | 2.8747     | 0.3366     | 1.2642       | 1.2739      | 0.0957     | 0.5972     | 0.6429     |             | 1.0789   | -0.038 
251    | 2.8562     | 0.3209     | 1.2580       | 1.2772      | 0.0906     | 0.6124     | 0.6319     |             | 1.0361   | -0.029 
252    | 2.8563     | 0.3012     | 1.2755       | 1.2797      | 0.0960     | 0.5974     | 0.6466     |             | 1.0504   | -0.039 
253    | 2.8316     | 0.2966     | 1.2628       | 1.2721      | 0.0926     | 0.6169     | 0.6543     |             | 0.9814   | -0.032 
254    | 2.8391     | 0.2962     | 1.2849       | 1.2581      | 0.0969     | 0.6231     | 0.6571     |             | 1.0232   | -0.031 
255    | 2.8563     | 0.3238     | 1.2831       | 1.2494      | 0.0987     | 0.6608     | 0.6535     |             | 1.0884   | -0.020 
256    | 2.8508     | 0.3246     | 1.2781       | 1.2481      | 0.1103     | 0.6204     | 0.6404     |             | 1.0285   | -0.033 
257    | 2.7906     | 0.3039     | 1.2557       | 1.2310      | 0.1001     | 0.6167     | 0.6262     |             | 1.0190   | -0.029 
258    | 2.8116     | 0.3048     | 1.2539       | 1.2530      | 0.1043     | 0.6217     | 0.6368     |             | 0.9836   | -0.030 
259    | 2.7308     | 0.2897     | 1.2220       | 1.2190      | 0.1129     | 0.6174     | 0.6431     |             | 1.0691   | -0.036 
260    | 2.7670     | 0.2883     | 1.2219       | 1.2568      | 0.1037     | 0.6022     | 0.6431     |             | 1.0099   | -0.039 
261    | 2.7653     | 0.2763     | 1.2125       | 1.2765      | 0.1064     | 0.6188     | 0.6524     |             | 0.9908   | -0.035 
262    | 2.8644     | 0.2905     | 1.2188       | 1.3551      | 0.1026     | 0.6021     | 0.6691     |             | 0.9530   | -0.044 
263    | 2.8519     | 0.3180     | 1.1975       | 1.3364      | 0.1051     | 0.5907     | 0.6623     |             | 0.9785   | -0.048 
264    | 2.8084     | 0.2933     | 1.1700       | 1.3451      | 0.1014     | 0.5750     | 0.6858     |             | 0.9993   | -0.058 
265    | 2.7871     | 0.3337     | 1.1418       | 1.3116      | 0.0938     | 0.5896     | 0.6812     |             | 1.0362   | -0.049 
266    | 2.7075     | 0.2605     | 1.1539       | 1.2931      | 0.1029     | 0.5992     | 0.6586     |             | 1.0593   | -0.043 
267    | 2.7600     | 0.2737     | 1.1731       | 1.3132      | 0.1010     | 0.5790     | 0.6612     |             | 0.9793   | -0.051 
268    | 2.7589     | 0.2780     | 1.1697       | 1.3112      | 0.0935     | 0.5928     | 0.6647     |             | 0.9997   | -0.044 
269    | 2.7382     | 0.2750     | 1.1579       | 1.3054      | 0.1073     | 0.5880     | 0.6696     |             | 0.9791   | -0.051 
270    | 2.7658     | 0.2935     | 1.1849       | 1.2874      | 0.1092     | 0.5783     | 0.6467     |             | 1.0593   | -0.051 
271    | 2.7855     | 0.3110     | 1.1946       | 1.2799      | 0.1008     | 0.5802     | 0.6651     |             | 1.0453   | -0.051 
272    | 2.7772     | 0.2679     | 1.2242       | 1.2851      | 0.1002     | 0.5866     | 0.6583     |             | 0.9655   | -0.047 
273    | 2.8448     | 0.3092     | 1.2428       | 1.2929      | 0.1086     | 0.6033     | 0.6631     |             | 1.0286   | -0.044 
274    | 2.8178     | 0.2806     | 1.2608       | 1.2764      | 0.0948     | 0.6076     | 0.6437     |             | 1.0098   | -0.034 
275    | 2.8120     | 0.2798     | 1.2570       | 1.2753      | 0.0924     | 0.5985     | 0.6524     |             | 1.0321   | -0.039 
276    | 2.8078     | 0.3137     | 1.2147       | 1.2794      | 0.0958     | 0.5971     | 0.6414     |             | 1.0194   | -0.038 
277    | 2.7651     | 0.3036     | 1.1787       | 1.2828      | 0.0967     | 0.5903     | 0.6503     |             | 1.0516   | -0.043 
278    | 2.7831     | 0.3012     | 1.1844       | 1.2975      | 0.0997     | 0.6083     | 0.6493     |             | 1.0462   | -0.036 
279    | 2.7554     | 0.2615     | 1.2006       | 1.2933      | 0.1287     | 0.6143     | 0.6621     |             | 1.0176   | -0.045 
280    | 2.8165     | 0.2850     | 1.2087       | 1.3228      | 0.0982     | 0.6034     | 0.6449     |             | 1.0565   | -0.037 
281    | 2.8020     | 0.2888     | 1.2199       | 1.2932      | 0.0980     | 0.6153     | 0.6534     |             | 1.1203   | -0.034 
282    | 2.8359     | 0.3012     | 1.2122       | 1.3225      | 0.1056     | 0.5897     | 0.6504     |             | 1.0256   | -0.046 
283    | 2.8245     | 0.2721     | 1.2285       | 1.3240      | 0.0964     | 0.5875     | 0.6525     |             | 1.0269   | -0.044 
284    | 2.8426     | 0.3305     | 1.2211       | 1.2910      | 0.1082     | 0.6007     | 0.6437     |             | 0.9296   | -0.041 
285    | 2.7959     | 0.2864     | 1.2225       | 1.2871      | 0.0957     | 0.6149     | 0.6530     |             | 1.0481   | -0.033 
286    | 2.8679     | 0.3164     | 1.2522       | 1.2993      | 0.0976     | 0.6105     | 0.6486     |             | 1.0228   | -0.035 
287    | 2.8229     | 0.3119     | 1.2150       | 1.2960      | 0.1035     | 0.6233     | 0.6337     |             | 1.0415   | -0.028 
288    | 2.7985     | 0.2855     | 1.2241       | 1.2889      | 0.1016     | 0.6246     | 0.6423     |             | 1.0310   | -0.029 
289    | 2.8235     | 0.2976     | 1.2245       | 1.3015      | 0.0937     | 0.6116     | 0.6375     |             | 1.0305   | -0.031 
290    | 2.8052     | 0.2886     | 1.2334       | 1.2831      | 0.0970     | 0.5996     | 0.6367     |             | 0.9999   | -0.037 
291    | 2.8997     | 0.3388     | 1.2713       | 1.2896      | 0.0981     | 0.6068     | 0.6288     |             | 0.9639   | -0.032 
292    | 2.8317     | 0.3232     | 1.2413       | 1.2672      | 0.0964     | 0.6019     | 0.6310     |             | 1.0592   | -0.034 
293    | 2.7723     | 0.2826     | 1.2184       | 1.2713      | 0.0949     | 0.6595     | 0.6371     |             | 1.0497   | -0.026 
294    | 2.8111     | 0.3133     | 1.2377       | 1.2600      | 0.1045     | 0.6783     | 0.6383     |             | 1.0334   | -0.032 
295    | 2.8298     | 0.2995     | 1.2633       | 1.2670      | 0.1150     | 0.6561     | 0.6436     |             | 0.9728   | -0.028 
296    | 2.8264     | 0.2788     | 1.2720       | 1.2756      | 0.0971     | 0.6410     | 0.6519     |             | 1.0687   | -0.023 
297    | 2.8407     | 0.2855     | 1.2651       | 1.2901      | 0.0935     | 0.6163     | 0.6510     |             | 1.0511   | -0.032 
298    | 2.8051     | 0.2977     | 1.2415       | 1.2659      | 0.0999     | 0.6264     | 0.6780     |             | 1.0057   | -0.035 
299    | 2.8262     | 0.2983     | 1.2508       | 1.2771      | 0.0960     | 0.6419     | 0.6679     |             | 1.0098   | -0.026 
300    | 2.8468     | 0.3114     | 1.2715       | 1.2639      | 0.0964     | 0.6205     | 0.6535     |             | 1.1024   | -0.031 
301    | 2.8381     | 0.3047     | 1.2536       | 1.2798      | 0.0991     | 0.6152     | 0.6508     |             | 1.0714   | -0.034 
302    | 2.8348     | 0.2964     | 1.2333       | 1.3051      | 0.1112     | 0.6197     | 0.6395     |             | 1.0509   | -0.033 
303    | 2.8070     | 0.2833     | 1.2055       | 1.3183      | 0.0883     | 0.6174     | 0.6526     |             | 1.0324   | -0.030 
304    | 2.8115     | 0.2874     | 1.2099       | 1.3141      | 0.1088     | 0.6261     | 0.6514     |             | 1.0364   | -0.032 
305    | 2.7611     | 0.2603     | 1.1920       | 1.3087      | 0.0884     | 0.5980     | 0.6577     |             | 1.0769   | -0.039 
306    | 2.8090     | 0.3194     | 1.1947       | 1.2949      | 0.0965     | 0.6087     | 0.6485     |             | 1.0902   | -0.035 
307    | 2.7544     | 0.2692     | 1.1898       | 1.2954      | 0.0918     | 0.6109     | 0.6659     |             | 1.0622   | -0.036 
308    | 2.7630     | 0.2727     | 1.2117       | 1.2787      | 0.1140     | 0.6516     | 0.6669     |             | 1.0884   | -0.027 
309    | 2.8438     | 0.3276     | 1.2057       | 1.3106      | 0.0875     | 0.6378     | 0.6735     |             | 1.0628   | -0.026 
310    | 2.7790     | 0.3004     | 1.1997       | 1.2789      | 0.0985     | 0.6443     | 0.6783     |             | 1.0941   | -0.027 
311    | 2.7479     | 0.2665     | 1.1978       | 1.2835      | 0.0931     | 0.6530     | 0.6918     |             | 1.0833   | -0.025 
312    | 2.7689     | 0.2654     | 1.2007       | 1.3028      | 0.0942     | 0.6271     | 0.7095     |             | 1.1130   | -0.039 
313    | 2.8125     | 0.3009     | 1.2166       | 1.2950      | 0.0946     | 0.6398     | 0.7033     |             | 1.1353   | -0.033 
314    | 2.7616     | 0.2789     | 1.2081       | 1.2745      | 0.1084     | 0.6307     | 0.6911     |             | 1.1421   | -0.038 
315    | 2.7518     | 0.2760     | 1.2084       | 1.2673      | 0.0965     | 0.6305     | 0.6783     |             | 1.0405   | -0.032 
316    | 2.7557     | 0.2899     | 1.1995       | 1.2663      | 0.0951     | 0.6269     | 0.6666     |             | 1.0829   | -0.031 
317    | 2.8009     | 0.2926     | 1.2150       | 1.2933      | 0.0997     | 0.6002     | 0.6443     |             | 1.0098   | -0.039 
318    | 2.8418     | 0.3089     | 1.2101       | 1.3228      | 0.0943     | 0.6181     | 0.6464     |             | 1.0718   | -0.030 
319    | 2.8214     | 0.2817     | 1.1986       | 1.3411      | 0.0882     | 0.6218     | 0.6346     |             | 1.0725   | -0.025 
320    | 2.8048     | 0.2847     | 1.1906       | 1.3296      | 0.0985     | 0.6153     | 0.6425     |             | 1.0045   | -0.032 
321    | 2.7409     | 0.2554     | 1.1670       | 1.3185      | 0.0834     | 0.6150     | 0.6757     |             | 1.1137   | -0.034 
322    | 2.7541     | 0.2644     | 1.1753       | 1.3144      | 0.0951     | 0.6098     | 0.6725     |             | 0.9747   | -0.039 
323    | 2.7417     | 0.2541     | 1.1760       | 1.3116      | 0.1071     | 0.6132     | 0.6646     |             | 1.0717   | -0.040 
324    | 2.7893     | 0.2604     | 1.2181       | 1.3108      | 0.0847     | 0.6355     | 0.6588     |             | 1.0267   | -0.023 
325    | 2.7836     | 0.2503     | 1.2343       | 1.2990      | 0.0882     | 0.6490     | 0.6663     |             | 1.0601   | -0.020 
326    | 2.8231     | 0.2770     | 1.2519       | 1.2942      | 0.0798     | 0.6810     | 0.6637     |             | 1.0508   | -0.015 
327    | 2.8291     | 0.2748     | 1.2683       | 1.2860      | 0.0858     | 0.6656     | 0.6531     |             | 1.0709   | -0.018 
328    | 2.8724     | 0.3067     | 1.2684       | 1.2973      | 0.0901     | 0.6429     | 0.6532     |             | 0.9995   | -0.021 
329    | 2.8673     | 0.3117     | 1.2472       | 1.3084      | 0.0904     | 0.6451     | 0.6645     |             | 1.0704   | -0.022 
330    | 2.8331     | 0.2910     | 1.2569       | 1.2851      | 0.0797     | 0.6392     | 0.6544     |             | 1.1131   | -0.019 
331    | 2.8008     | 0.2769     | 1.2555       | 1.2684      | 0.0908     | 0.6443     | 0.6725     |             | 1.0921   | -0.024 
332    | 2.8509     | 0.2909     | 1.2555       | 1.3045      | 0.0962     | 0.6162     | 0.6610     |             | 1.1308   | -0.035 
333    | 2.8502     | 0.2833     | 1.2412       | 1.3257      | 0.0869     | 0.6095     | 0.6418     |             | 1.1012   | -0.031 
334    | 2.8280     | 0.2971     | 1.2194       | 1.3116      | 0.0951     | 0.5932     | 0.6452     |             | 1.0552   | -0.040 
335    | 2.8193     | 0.3001     | 1.2107       | 1.3085      | 0.0900     | 0.5919     | 0.6588     |             | 1.0559   | -0.042 
336    | 2.7671     | 0.2537     | 1.1934       | 1.3200      | 0.1012     | 0.6138     | 0.6573     |             | 1.0341   | -0.036 
337    | 2.7869     | 0.2910     | 1.2039       | 1.2920      | 0.0893     | 0.6076     | 0.6619     |             | 1.0891   | -0.036 
338    | 2.7789     | 0.2777     | 1.1842       | 1.3170      | 0.0914     | 0.5971     | 0.6485     |             | 1.0797   | -0.038 
339    | 2.7503     | 0.2428     | 1.2055       | 1.3020      | 0.0899     | 0.6144     | 0.6439     |             | 1.0757   | -0.030 
340    | 2.8155     | 0.2895     | 1.2107       | 1.3153      | 0.0916     | 0.6257     | 0.6777     |             | 1.1499   | -0.033 
341    | 2.7954     | 0.2818     | 1.2041       | 1.3095      | 0.0994     | 0.6264     | 0.6437     |             | 1.0018   | -0.028 
342    | 2.8059     | 0.2760     | 1.2152       | 1.3147      | 0.1055     | 0.6034     | 0.6684     |             | 1.0257   | -0.044 
343    | 2.8098     | 0.2798     | 1.2226       | 1.3074      | 0.0887     | 0.6007     | 0.6561     |             | 1.0465   | -0.038 
344    | 2.8202     | 0.2709     | 1.2295       | 1.3198      | 0.0999     | 0.6101     | 0.6627     |             | 1.0915   | -0.038 
345    | 2.8425     | 0.2893     | 1.2359       | 1.3173      | 0.1103     | 0.5895     | 0.6561     |             | 1.0842   | -0.049 
346    | 2.8411     | 0.2749     | 1.2538       | 1.3124      | 0.0865     | 0.6063     | 0.6509     |             | 1.1246   | -0.034 
347    | 2.8407     | 0.2719     | 1.2524       | 1.3163      | 0.1077     | 0.6300     | 0.6756     |             | 0.9553   | -0.035 
348    | 2.8582     | 0.3007     | 1.2443       | 1.3132      | 0.0932     | 0.5978     | 0.6522     |             | 0.9645   | -0.039 
349    | 2.8187     | 0.2825     | 1.2161       | 1.3201      | 0.0864     | 0.6053     | 0.6575     |             | 1.0737   | -0.035 
350    | 2.7889     | 0.2714     | 1.2197       | 1.2978      | 0.0915     | 0.6178     | 0.6568     |             | 0.9977   | -0.032 
351    | 2.7550     | 0.2536     | 1.1892       | 1.3123      | 0.0852     | 0.5931     | 0.6672     |             | 1.0908   | -0.042 
352    | 2.7928     | 0.2894     | 1.1979       | 1.3055      | 0.0872     | 0.5800     | 0.6480     |             | 1.0509   | -0.044 
353    | 2.7820     | 0.2674     | 1.1989       | 1.3157      | 0.0836     | 0.5784     | 0.6586     |             | 0.9963   | -0.045 
354    | 2.8307     | 0.2784     | 1.2386       | 1.3137      | 0.0914     | 0.5845     | 0.6629     |             | 1.0584   | -0.046 
355    | 2.8342     | 0.2688     | 1.2514       | 1.3140      | 0.0876     | 0.6013     | 0.6519     |             | 1.1017   | -0.036 
356    | 2.7967     | 0.2492     | 1.2402       | 1.3073      | 0.0923     | 0.5870     | 0.6542     |             | 0.9937   | -0.044 
357    | 2.8247     | 0.2835     | 1.2242       | 1.3170      | 0.0800     | 0.5937     | 0.6655     |             | 1.0879   | -0.040 
358    | 2.8134     | 0.2614     | 1.2322       | 1.3199      | 0.0836     | 0.6082     | 0.6442     |             | 1.0830   | -0.031 
359    | 2.8030     | 0.2441     | 1.2513       | 1.3076      | 0.0877     | 0.6409     | 0.6601     |             | 1.0941   | -0.022 
360    | 2.8430     | 0.2689     | 1.2704       | 1.3036      | 0.0934     | 0.6270     | 0.6609     |             | 1.0547   | -0.029 
361    | 2.8205     | 0.2701     | 1.2621       | 1.2882      | 0.1016     | 0.6206     | 0.6449     |             | 1.0746   | -0.031 
362    | 2.8485     | 0.3083     | 1.2383       | 1.3018      | 0.0873     | 0.5973     | 0.6653     |             | 1.0840   | -0.040 
363    | 2.7719     | 0.2653     | 1.2187       | 1.2880      | 0.0931     | 0.6100     | 0.6616     |             | 1.0664   | -0.036 
364    | 2.8318     | 0.2939     | 1.2238       | 1.3141      | 0.0930     | 0.6339     | 0.6541     |             | 1.0641   | -0.025 
365    | 2.8152     | 0.2651     | 1.2513       | 1.2989      | 0.0829     | 0.6394     | 0.6567     |             | 1.1155   | -0.020 
366    | 2.8424     | 0.2636     | 1.2703       | 1.3086      | 0.0979     | 0.6116     | 0.6553     |             | 1.0288   | -0.036 
367    | 2.8317     | 0.2809     | 1.2692       | 1.2816      | 0.0903     | 0.6309     | 0.6508     |             | 1.0747   | -0.025 
368    | 2.8152     | 0.2628     | 1.2795       | 1.2729      | 0.0828     | 0.6217     | 0.6440     |             | 1.0258   | -0.025 
369    | 2.8473     | 0.2639     | 1.2920       | 1.2913      | 0.0835     | 0.6744     | 0.6418     |             | 1.0602   | -0.023 
370    | 2.8979     | 0.3013     | 1.3146       | 1.2821      | 0.0784     | 0.6621     | 0.6337     |             | 1.0499   | -0.022 
371    | 2.8545     | 0.2774     | 1.2891       | 1.2880      | 0.0924     | 0.6700     | 0.6387     |             | 0.9512   | -0.026 
372    | 2.8493     | 0.2883     | 1.2756       | 1.2855      | 0.0952     | 0.6811     | 0.6438     |             | 1.0462   | -0.027 
373    | 2.8315     | 0.2703     | 1.2721       | 1.2891      | 0.0862     | 0.6771     | 0.6367     |             | 1.0092   | -0.027 
/home/mcslab/yutung/MCSLAB_RSSI_RTT_Dataset/FusionDANN/fusion_dann_v4_noRSSIDiff.py:188: FutureWarning: DataFrameGroupBy.apply operated on the grouping columns. This behavior is deprecated, and in a future version of pandas the grouping columns will be excluded from the operation. Either pass `include_groups=False` to exclude the groupings or explicitly select the grouping columns after groupby to silence this warning.
  df = df.groupby('Label').apply(
/home/mcslab/yutung/MCSLAB_RSSI_RTT_Dataset/FusionDANN/fusion_dann_v4_noRSSIDiff.py:188: FutureWarning: DataFrameGroupBy.apply operated on the grouping columns. This behavior is deprecated, and in a future version of pandas the grouping columns will be excluded from the operation. Either pass `include_groups=False` to exclude the groupings or explicitly select the grouping columns after groupby to silence this warning.
  df = df.groupby('Label').apply(
374    | 2.8494     | 0.2766     | 1.2772       | 1.2956      | 0.0971     | 0.6608     | 0.6331     |             | 1.0409   | -0.028 
375    | 2.8312     | 0.2811     | 1.2625       | 1.2876      | 0.0825     | 0.6237     | 0.6474     |             | 1.0253   | -0.025 
376    | 2.8246     | 0.2696     | 1.2551       | 1.2998      | 0.0982     | 0.6112     | 0.6467     |             | 1.0424   | -0.034 
377    | 2.8083     | 0.2605     | 1.2418       | 1.3059      | 0.0853     | 0.5733     | 0.6503     |             | 1.0423   | -0.046 
378    | 2.8017     | 0.2623     | 1.2337       | 1.3057      | 0.0968     | 0.5720     | 0.6602     |             | 1.0680   | -0.052 
379    | 2.7872     | 0.2682     | 1.2292       | 1.2897      | 0.0834     | 0.5747     | 0.6518     |             | 1.0661   | -0.046 
380    | 2.7586     | 0.2900     | 1.2005       | 1.2681      | 0.0915     | 0.5610     | 0.6439     |             | 1.0669   | -0.052 
381    | 2.7583     | 0.2768     | 1.2004       | 1.2811      | 0.0920     | 0.5621     | 0.6405     |             | 1.0796   | -0.051 
382    | 2.7381     | 0.2619     | 1.1884       | 1.2878      | 0.0887     | 0.5499     | 0.6392     |             | 1.0523   | -0.055 
383    | 2.7468     | 0.2526     | 1.2047       | 1.2895      | 0.0947     | 0.5616     | 0.6439     |             | 1.0195   | -0.053 
384    | 2.7342     | 0.2537     | 1.1861       | 1.2943      | 0.0963     | 0.5710     | 0.6378     |             | 1.0831   | -0.048 
385    | 2.7734     | 0.2713     | 1.1956       | 1.3065      | 0.0992     | 0.5801     | 0.6437     |             | 1.0717   | -0.046 
386    | 2.7436     | 0.2551     | 1.1977       | 1.2908      | 0.0869     | 0.5879     | 0.6392     |             | 1.1510   | -0.039 
387    | 2.7694     | 0.2519     | 1.2066       | 1.3110      | 0.0986     | 0.5932     | 0.6468     |             | 1.1493   | -0.042 
388    | 2.7798     | 0.2570     | 1.2176       | 1.3052      | 0.0902     | 0.5955     | 0.6372     |             | 1.1012   | -0.036 
389    | 2.7665     | 0.2488     | 1.2143       | 1.3034      | 0.0946     | 0.5875     | 0.6492     |             | 1.0896   | -0.043 
390    | 2.7690     | 0.2507     | 1.2102       | 1.3081      | 0.0904     | 0.5915     | 0.6587     |             | 1.0304   | -0.042 
391    | 2.7532     | 0.2441     | 1.2189       | 1.2902      | 0.0887     | 0.6113     | 0.6697     |             | 1.0363   | -0.036 
392    | 2.7688     | 0.2557     | 1.2171       | 1.2960      | 0.0872     | 0.5992     | 0.6642     |             | 1.0822   | -0.039 
393    | 2.7668     | 0.2767     | 1.2141       | 1.2760      | 0.1058     | 0.5729     | 0.6520     |             | 1.1538   | -0.053 
394    | 2.7119     | 0.2395     | 1.2144       | 1.2580      | 0.0997     | 0.5988     | 0.6438     |             | 1.0485   | -0.039 
395    | 2.7544     | 0.2549     | 1.2209       | 1.2787      | 0.0900     | 0.5703     | 0.6406     |             | 1.0896   | -0.047 
396    | 2.7641     | 0.2684     | 1.2281       | 1.2676      | 0.0873     | 0.5775     | 0.6459     |             | 1.1074   | -0.044 
397    | 2.7440     | 0.2585     | 1.2302       | 1.2554      | 0.0881     | 0.5754     | 0.6412     |             | 1.1403   | -0.045 
398    | 2.7891     | 0.2776     | 1.2241       | 1.2873      | 0.0884     | 0.5732     | 0.6822     |             | 1.1448   | -0.054 
399    | 2.7688     | 0.2886     | 1.2045       | 1.2757      | 0.0837     | 0.5641     | 0.6790     |             | 1.1682   | -0.055 
400    | 2.7594     | 0.2641     | 1.2141       | 1.2812      | 0.0826     | 0.5762     | 0.6823     |             | 1.0921   | -0.051 
Seed 6767 | Src MDE: 0.0236 | Tgt MDE: 1.0508
Start Training Seed 123456...

Start Training... (Validate on Source Val & Target Val)
Epoch  | Total Loss | Train Cls  | Train D_RSSI | Train D_RTT | Val Cls    | Val D_RSSI | Val D_RTT  | Save        | Test MDE | Score  
---------------------------------------------------------------------------------------------------------------------------------------
1      | 6.3247     | 3.5325     | 1.4016       | 1.3906      | 2.9124     | 0.6848     | 0.6894     |             | 1.5612   | -0.858 
2      | 5.5194     | 2.7824     | 1.3667       | 1.3702      | 2.3096     | 0.6796     | 0.6885     |             | 1.1267   | -0.679 
3      | 5.0619     | 2.3590     | 1.3477       | 1.3552      | 1.9399     | 0.6725     | 0.6849     |             | 1.0407   | -0.570 
4      | 4.7345     | 2.0671     | 1.3283       | 1.3391      | 1.6156     | 0.6658     | 0.6842     |             | 1.0089   | -0.475 
5      | 4.4466     | 1.8198     | 1.3009       | 1.3259      | 1.3681     | 0.6590     | 0.6833     |             | 1.0165   | -0.403 
6      | 4.2036     | 1.6192     | 1.2772       | 1.3072      | 1.1320     | 0.6542     | 0.6754     |             | 1.0323   | -0.333 
7      | 3.9836     | 1.4430     | 1.2480       | 1.2926      | 0.9521     | 0.6366     | 0.6762     |             | 0.9777   | -0.286 
8      | 3.7834     | 1.2854     | 1.2173       | 1.2807      | 0.7899     | 0.6341     | 0.6746     |             | 1.0048   | -0.238 
9      | 3.6489     | 1.2167     | 1.1772       | 1.2550      | 0.7139     | 0.6264     | 0.6813     |             | 1.0085   | -0.220 
10     | 3.5165     | 1.1327     | 1.1438       | 1.2400      | 0.6012     | 0.6173     | 0.6691     |             | 0.9910   | -0.187 
11     | 3.3476     | 1.0371     | 1.1011       | 1.2094      | 0.5336     | 0.6046     | 0.6681     |             | 0.9963   | -0.172 
12     | 3.1794     | 0.9308     | 1.0561       | 1.1924      | 0.4899     | 0.6057     | 0.6705     |             | 0.9632   | -0.159 
13     | 3.0959     | 0.9180     | 1.0101       | 1.1678      | 0.4120     | 0.5912     | 0.6796     |             | 0.9355   | -0.143 
14     | 2.9969     | 0.8625     | 0.9797       | 1.1547      | 0.4081     | 0.5924     | 0.6812     |             | 0.9548   | -0.142 
15     | 2.8777     | 0.8462     | 0.9268       | 1.1047      | 0.3522     | 0.5792     | 0.6894     |             | 0.9696   | -0.132 
16     | 2.7661     | 0.7622     | 0.9088       | 1.0951      | 0.3257     | 0.5822     | 0.6703     |             | 0.9892   | -0.119 
17     | 2.6791     | 0.7373     | 0.8524       | 1.0893      | 0.3071     | 0.5621     | 0.6635     |             | 0.9261   | -0.120 
18     | 2.5668     | 0.6900     | 0.8156       | 1.0612      | 0.2723     | 0.5608     | 0.6771     |             | 0.9942   | -0.113 
19     | 2.4898     | 0.6660     | 0.7830       | 1.0407      | 0.2579     | 0.5545     | 0.6796     |             | 0.9364   | -0.111 
20     | 2.4801     | 0.6575     | 0.7807       | 1.0419      | 0.2327     | 0.5512     | 0.6742     |             | 0.9468   | -0.104 
21     | 2.3680     | 0.6287     | 0.7444       | 0.9949      | 0.2277     | 0.5501     | 0.6851     |             | 0.9540   | -0.105 
22     | 2.3601     | 0.6250     | 0.7334       | 1.0017      | 0.2349     | 0.5345     | 0.6924     |             | 0.9894   | -0.115 
23     | 2.3357     | 0.5894     | 0.7369       | 1.0094      | 0.2080     | 0.5393     | 0.6713     |             | 0.9706   | -0.101 
24     | 2.2661     | 0.5930     | 0.7029       | 0.9703      | 0.1937     | 0.5630     | 0.6893     |             | 1.0112   | -0.091 
25     | 2.2688     | 0.5701     | 0.7003       | 0.9984      | 0.1894     | 0.5314     | 0.7039     |             | 0.9647   | -0.105 
26     | 2.2016     | 0.5655     | 0.6950       | 0.9410      | 0.1997     | 0.5206     | 0.6763     |             | 0.9440   | -0.107 
27     | 2.1592     | 0.5226     | 0.6940       | 0.9426      | 0.1897     | 0.5511     | 0.6994     |             | 0.9930   | -0.096 
28     | 2.2113     | 0.5305     | 0.7061       | 0.9746      | 0.1765     | 0.5483     | 0.7048     |             | 0.9344   | -0.095 
29     | 2.2082     | 0.5026     | 0.7473       | 0.9583      | 0.1806     | 0.5367     | 0.7131     |             | 0.9364   | -0.102 
30     | 2.2469     | 0.5113     | 0.7528       | 0.9828      | 0.1535     | 0.5980     | 0.6703     |             | 0.9747   | -0.061 
31     | 2.2547     | 0.4930     | 0.7545       | 1.0072      | 0.1675     | 0.5568     | 0.6637     |             | 1.0200   | -0.080 
32     | 2.3027     | 0.5247     | 0.7683       | 1.0097      | 0.1546     | 0.5150     | 0.7010     |             | 1.0511   | -0.101 
33     | 2.3309     | 0.5366     | 0.7723       | 1.0219      | 0.1471     | 0.5064     | 0.6663     |             | 1.0225   | -0.095 
34     | 2.2992     | 0.5021     | 0.7433       | 1.0538      | 0.1478     | 0.4988     | 0.6962     |             | 1.0552   | -0.104 
35     | 2.3033     | 0.4995     | 0.7312       | 1.0725      | 0.1557     | 0.5063     | 0.6687     |             | 1.0337   | -0.098 
36     | 2.3020     | 0.4900     | 0.7557       | 1.0563      | 0.1431     | 0.5070     | 0.6699     |             | 0.9829   | -0.094 
37     | 2.3300     | 0.4828     | 0.7601       | 1.0871      | 0.1496     | 0.5104     | 0.6635     |             | 0.9416   | -0.093 
38     | 2.4462     | 0.5158     | 0.7888       | 1.1415      | 0.1371     | 0.4983     | 0.6976     |             | 0.9543   | -0.101 
39     | 2.3715     | 0.4817     | 0.7762       | 1.1136      | 0.1474     | 0.5488     | 0.6656     |             | 0.9798   | -0.078 
40     | 2.4348     | 0.4756     | 0.8087       | 1.1504      | 0.1427     | 0.5211     | 0.7011     |             | 0.9502   | -0.095 
41     | 2.4505     | 0.4764     | 0.8061       | 1.1680      | 0.1544     | 0.5231     | 0.6695     |             | 0.9305   | -0.091 
42     | 2.4644     | 0.4798     | 0.8495       | 1.1352      | 0.1347     | 0.5521     | 0.6724     |             | 1.0029   | -0.074 
43     | 2.4733     | 0.4656     | 0.8671       | 1.1406      | 0.1495     | 0.5399     | 0.6709     |             | 0.9555   | -0.083 
44     | 2.5644     | 0.5003     | 0.9364       | 1.1277      | 0.1531     | 0.5457     | 0.6887     |             | 1.0249   | -0.085 
45     | 2.5517     | 0.4796     | 0.8990       | 1.1731      | 0.1417     | 0.6015     | 0.6853     |             | 1.0008   | -0.059 
46     | 2.5858     | 0.4610     | 0.9165       | 1.2083      | 0.1400     | 0.5272     | 0.6734     |             | 1.0048   | -0.086 
47     | 2.5198     | 0.4776     | 0.8721       | 1.1701      | 0.1367     | 0.5631     | 0.6613     |             | 0.9890   | -0.068 
48     | 2.5595     | 0.4666     | 0.8696       | 1.2233      | 0.1446     | 0.5807     | 0.6383     |             | 1.0439   | -0.059 
49     | 2.5735     | 0.4624     | 0.8960       | 1.2151      | 0.1453     | 0.5475     | 0.6657     |             | 0.9616   | -0.078 
50     | 2.5830     | 0.4572     | 0.9379       | 1.1879      | 0.1537     | 0.5890     | 0.6471     |             | 1.0209   | -0.060 
51     | 2.6246     | 0.4522     | 0.9866       | 1.1858      | 0.1385     | 0.5596     | 0.6802     |             | 1.0002   | -0.074 
52     | 2.5570     | 0.4565     | 0.9296       | 1.1709      | 0.1314     | 0.5136     | 0.6762     |             | 0.9854   | -0.089 
53     | 2.5923     | 0.4903     | 0.9120       | 1.1899      | 0.1381     | 0.5260     | 0.6627     |             | 1.0114   | -0.084 
54     | 2.5084     | 0.4485     | 0.9162       | 1.1437      | 0.1413     | 0.5219     | 0.6549     |             | 1.0214   | -0.085 
55     | 2.6000     | 0.4381     | 0.9802       | 1.1817      | 0.1246     | 0.5478     | 0.6481     |             | 0.9778   | -0.068 
56     | 2.6743     | 0.4957     | 1.0170       | 1.1616      | 0.1470     | 0.5824     | 0.6556     |             | 1.0122   | -0.062 
57     | 2.6136     | 0.4395     | 1.0158       | 1.1583      | 0.1464     | 0.5938     | 0.6379     |             | 1.0437   | -0.054 
58     | 2.6123     | 0.4371     | 1.0092       | 1.1660      | 0.1345     | 0.5695     | 0.6715     |             | 1.0952   | -0.067 
59     | 2.7075     | 0.4744     | 1.0585       | 1.1747      | 0.1545     | 0.5771     | 0.6553     |             | 0.9679   | -0.067 
60     | 2.6964     | 0.4682     | 1.0536       | 1.1746      | 0.1441     | 0.5451     | 0.6336     |             | 0.9447   | -0.072 
61     | 2.7177     | 0.4304     | 1.0997       | 1.1876      | 0.1367     | 0.5574     | 0.6676     |             | 0.9641   | -0.072 
62     | 2.8100     | 0.4412     | 1.1364       | 1.2324      | 0.1341     | 0.5608     | 0.6765     |             | 0.9189   | -0.071 
63     | 2.7503     | 0.4293     | 1.0946       | 1.2264      | 0.1241     | 0.5532     | 0.6684     |             | 0.9519   | -0.070 
64     | 2.7076     | 0.4388     | 1.0349       | 1.2338      | 0.1299     | 0.5495     | 0.6682     |             | 0.9916   | -0.073 
65     | 2.6592     | 0.4393     | 1.0163       | 1.2037      | 0.1294     | 0.5741     | 0.6744     |             | 1.0102   | -0.064 
66     | 2.6796     | 0.4391     | 1.0324       | 1.2080      | 0.1410     | 0.5487     | 0.6675     |             | 0.9291   | -0.076 
67     | 2.6693     | 0.4294     | 1.0505       | 1.1894      | 0.1255     | 0.5412     | 0.6524     |             | 0.9846   | -0.072 
68     | 2.7217     | 0.4389     | 1.0764       | 1.2064      | 0.1487     | 0.5414     | 0.6761     |             | 1.0004   | -0.083 
69     | 2.7393     | 0.4416     | 1.0937       | 1.2040      | 0.1269     | 0.5513     | 0.6745     |             | 1.0873   | -0.072 
70     | 2.6968     | 0.4585     | 1.0615       | 1.1768      | 0.1241     | 0.5632     | 0.6667     |             | 1.0112   | -0.065 
71     | 2.6562     | 0.4178     | 1.0516       | 1.1868      | 0.1260     | 0.5220     | 0.6563     |             | 0.9864   | -0.080 
72     | 2.6088     | 0.3999     | 1.0496       | 1.1594      | 0.1200     | 0.5363     | 0.6553     |             | 1.0100   | -0.073 
73     | 2.6565     | 0.4425     | 1.0262       | 1.1878      | 0.1232     | 0.5267     | 0.6585     |             | 0.9796   | -0.078 
74     | 2.6325     | 0.4088     | 1.0228       | 1.2009      | 0.1288     | 0.5458     | 0.6410     |             | 1.0438   | -0.069 
75     | 2.6010     | 0.3945     | 1.0185       | 1.1880      | 0.1282     | 0.5121     | 0.6299     |             | 0.9740   | -0.080 
76     | 2.6314     | 0.4118     | 1.0270       | 1.1927      | 0.1342     | 0.5165     | 0.6395     |             | 1.0132   | -0.082 
77     | 2.5895     | 0.3969     | 0.9870       | 1.2056      | 0.1315     | 0.5116     | 0.6271     |             | 1.0319   | -0.080 
78     | 2.6459     | 0.4346     | 1.0113       | 1.2000      | 0.1297     | 0.5080     | 0.6506     |             | 1.0057   | -0.086 
79     | 2.6317     | 0.3975     | 1.0072       | 1.2270      | 0.1170     | 0.5462     | 0.6861     |             | 0.9770   | -0.074 
80     | 2.6928     | 0.4341     | 1.0199       | 1.2388      | 0.1189     | 0.5156     | 0.6784     |             | 1.0084   | -0.085 
81     | 2.6178     | 0.3800     | 1.0241       | 1.2138      | 0.1285     | 0.5074     | 0.6403     |             | 1.0581   | -0.084 
82     | 2.6628     | 0.3974     | 1.0538       | 1.2116      | 0.1350     | 0.5442     | 0.6678     |             | 1.0587   | -0.076 
83     | 2.6746     | 0.4132     | 1.0561       | 1.2053      | 0.1233     | 0.5600     | 0.6454     |             | 1.0121   | -0.062 
84     | 2.7815     | 0.4208     | 1.0839       | 1.2768      | 0.1187     | 0.5729     | 0.7182     |             | 1.0223   | -0.070 
85     | 2.8515     | 0.4361     | 1.1033       | 1.3120      | 0.1414     | 0.6436     | 0.6464     |             | 0.9622   | -0.034 
86     | 2.7871     | 0.3997     | 1.1128       | 1.2746      | 0.1293     | 0.6031     | 0.6441     |             | 0.9344   | -0.046 
87     | 2.8548     | 0.4235     | 1.1885       | 1.2427      | 0.1127     | 0.5968     | 0.6631     |             | 0.9753   | -0.048 
88     | 2.8442     | 0.4244     | 1.1946       | 1.2252      | 0.1290     | 0.5889     | 0.6604     |             | 1.0167   | -0.055 
89     | 2.7850     | 0.4240     | 1.1429       | 1.2181      | 0.1196     | 0.6066     | 0.6643     |             | 1.0197   | -0.046 
90     | 2.6613     | 0.3577     | 1.1081       | 1.1954      | 0.1306     | 0.5792     | 0.6423     |             | 0.9160   | -0.056 
91     | 2.7624     | 0.4012     | 1.1475       | 1.2137      | 0.1321     | 0.5948     | 0.6605     |             | 0.9287   | -0.054 
92     | 2.7269     | 0.3937     | 1.1142       | 1.2190      | 0.1177     | 0.5647     | 0.6790     |             | 0.9758   | -0.065 
93     | 2.7119     | 0.3928     | 1.1065       | 1.2125      | 0.1088     | 0.5599     | 0.6547     |             | 1.0075   | -0.060 
94     | 2.7767     | 0.4224     | 1.1419       | 1.2124      | 0.1100     | 0.5929     | 0.6481     |             | 0.9452   | -0.045 
95     | 2.7346     | 0.4211     | 1.1262       | 1.1874      | 0.1046     | 0.5590     | 0.6566     |             | 0.8945   | -0.059 
96     | 2.7078     | 0.3806     | 1.1266       | 1.2006      | 0.1208     | 0.5934     | 0.6589     |             | 0.9450   | -0.051 
97     | 2.7683     | 0.3977     | 1.1957       | 1.1748      | 0.1060     | 0.6167     | 0.6523     |             | 0.9781   | -0.036 
98     | 2.8494     | 0.4114     | 1.2603       | 1.1776      | 0.1301     | 0.6161     | 0.6733     |             | 0.9326   | -0.047 
99     | 2.8006     | 0.3806     | 1.2325       | 1.1875      | 0.1226     | 0.5782     | 0.6575     |             | 0.9490   | -0.057 
100    | 2.8193     | 0.4174     | 1.1939       | 1.2080      | 0.1343     | 0.5743     | 0.6832     |             | 0.9240   | -0.067 
101    | 2.7972     | 0.3977     | 1.1538       | 1.2456      | 0.1211     | 0.5914     | 0.6664     |             | 0.9573   | -0.053 
102    | 2.8151     | 0.3768     | 1.2025       | 1.2357      | 0.1258     | 0.6503     | 0.6546     |             | 0.9706   | -0.029 
103    | 2.8191     | 0.3822     | 1.2110       | 1.2259      | 0.1221     | 0.6194     | 0.6308     |             | 0.9304   | -0.035 
104    | 2.8027     | 0.3960     | 1.1834       | 1.2233      | 0.1410     | 0.5964     | 0.6490     |             | 0.8531   | -0.054 
105    | 2.7597     | 0.3620     | 1.1871       | 1.2105      | 0.1232     | 0.5697     | 0.6362     |             | 0.9251   | -0.056 
106    | 2.7272     | 0.3780     | 1.1656       | 1.1836      | 0.1352     | 0.6183     | 0.6340     |             | 0.8926   | -0.040 
107    | 2.7545     | 0.3987     | 1.1379       | 1.2178      | 0.1342     | 0.6272     | 0.6577     |             | 0.9498   | -0.041 
108    | 2.7105     | 0.3776     | 1.1044       | 1.2285      | 0.1272     | 0.5932     | 0.6546     |             | 0.9385   | -0.052 
109    | 2.7344     | 0.3632     | 1.1109       | 1.2603      | 0.1226     | 0.6039     | 0.6513     |             | 0.9946   | -0.045 
110    | 2.7524     | 0.3637     | 1.1580       | 1.2307      | 0.1374     | 0.6084     | 0.6616     |             | 0.9226   | -0.050 
111    | 2.7393     | 0.3456     | 1.1909       | 1.2028      | 0.1223     | 0.6150     | 0.6591     |             | 0.9097   | -0.043 
112    | 2.8177     | 0.3812     | 1.2030       | 1.2335      | 0.1250     | 0.6330     | 0.6655     |             | 1.0089   | -0.037 
113    | 2.8434     | 0.3762     | 1.2466       | 1.2206      | 0.1291     | 0.6586     | 0.6764     |             | 1.0338   | -0.031 
114    | 2.8136     | 0.3749     | 1.2040       | 1.2346      | 0.1273     | 0.6388     | 0.6893     |             | 1.0107   | -0.041 
115    | 2.8507     | 0.3911     | 1.2015       | 1.2581      | 0.1269     | 0.6686     | 0.6931     |             | 1.0462   | -0.029 
116    | 2.8255     | 0.3767     | 1.2040       | 1.2448      | 0.1250     | 0.6655     | 0.6606     |             | 1.0791   | -0.026 
117    | 2.8481     | 0.3791     | 1.2239       | 1.2452      | 0.1173     | 0.6677     | 0.6686     |             | 1.0996   | -0.022 
118    | 2.7999     | 0.3772     | 1.1870       | 1.2357      | 0.1159     | 0.6314     | 0.6296     |             | 1.0560   | -0.029 
119    | 2.7554     | 0.3866     | 1.1457       | 1.2231      | 0.1196     | 0.6003     | 0.6574     |             | 1.0512   | -0.047 
120    | 2.7267     | 0.3807     | 1.0997       | 1.2463      | 0.1289     | 0.6072     | 0.6710     |             | 1.0745   | -0.050 
121    | 2.7746     | 0.3937     | 1.1189       | 1.2620      | 0.1317     | 0.6152     | 0.6595     |             | 0.9893   | -0.045 
122    | 2.7905     | 0.4038     | 1.1250       | 1.2617      | 0.1385     | 0.6680     | 0.6739     |             | 0.9841   | -0.029 
123    | 2.7413     | 0.3646     | 1.1337       | 1.2430      | 0.1353     | 0.6351     | 0.6622     |             | 1.0094   | -0.039 
124    | 2.7504     | 0.3801     | 1.1484       | 1.2218      | 0.1186     | 0.6444     | 0.6314     |             | 1.0350   | -0.032 
125    | 2.7563     | 0.3650     | 1.1738       | 1.2175      | 0.1338     | 0.6449     | 0.6411     |             | 0.9980   | -0.033 
126    | 2.8576     | 0.3899     | 1.2293       | 1.2384      | 0.1302     | 0.6983     | 0.6317     |             | 0.9717   | -0.046 
127    | 2.8947     | 0.3622     | 1.3202       | 1.2122      | 0.1328     | 0.6640     | 0.6560     |             | 1.0412   | -0.030 
128    | 2.9017     | 0.3911     | 1.2676       | 1.2430      | 0.1244     | 0.6280     | 0.6505     |             | 1.0277   | -0.036 
129    | 2.8124     | 0.3631     | 1.2263       | 1.2230      | 0.1474     | 0.6385     | 0.6664     |             | 1.0585   | -0.042 
130    | 2.8197     | 0.3824     | 1.2134       | 1.2239      | 0.1451     | 0.6445     | 0.6414     |             | 0.9688   | -0.036 
131    | 2.8406     | 0.3859     | 1.2362       | 1.2186      | 0.1432     | 0.6092     | 0.6585     |             | 0.9070   | -0.051 
132    | 2.8312     | 0.3678     | 1.2213       | 1.2421      | 0.1222     | 0.5801     | 0.6662     |             | 1.0413   | -0.058 
133    | 2.8255     | 0.3630     | 1.2211       | 1.2414      | 0.1347     | 0.6332     | 0.6383     |             | 0.9397   | -0.035 
134    | 2.8036     | 0.3628     | 1.2094       | 1.2314      | 0.1200     | 0.6283     | 0.6523     |             | 0.9881   | -0.035 
135    | 2.7822     | 0.3378     | 1.2360       | 1.2085      | 0.1256     | 0.6098     | 0.6560     |             | 0.9848   | -0.045 
136    | 2.7687     | 0.3480     | 1.2364       | 1.1842      | 0.1459     | 0.6354     | 0.6584     |             | 1.0119   | -0.041 
137    | 2.8436     | 0.3867     | 1.2370       | 1.2199      | 0.1164     | 0.6355     | 0.6711     |             | 1.1011   | -0.035 
138    | 2.8748     | 0.4082     | 1.2280       | 1.2385      | 0.1148     | 0.6159     | 0.6634     |             | 0.9838   | -0.041 
139    | 2.7861     | 0.3619     | 1.1951       | 1.2291      | 0.1091     | 0.6068     | 0.6755     |             | 1.0001   | -0.045 
140    | 2.7663     | 0.3506     | 1.1943       | 1.2214      | 0.1189     | 0.5902     | 0.6777     |             | 0.9829   | -0.055 
141    | 2.7769     | 0.3431     | 1.1990       | 1.2347      | 0.1160     | 0.6125     | 0.6655     |             | 0.9425   | -0.043 
142    | 2.7940     | 0.3490     | 1.2246       | 1.2204      | 0.1080     | 0.5944     | 0.6641     |             | 1.0563   | -0.047 
143    | 2.8113     | 0.3722     | 1.2178       | 1.2213      | 0.1343     | 0.6048     | 0.6471     |             | 0.9569   | -0.048 
144    | 2.8162     | 0.3454     | 1.2282       | 1.2425      | 0.1211     | 0.6027     | 0.6530     |             | 0.9988   | -0.046 
145    | 2.8291     | 0.3803     | 1.2179       | 1.2310      | 0.1163     | 0.5930     | 0.6442     |             | 0.9467   | -0.047 
146    | 2.8616     | 0.3711     | 1.2642       | 1.2263      | 0.1124     | 0.6130     | 0.6919     |             | 0.9329   | -0.047 
147    | 2.8460     | 0.3631     | 1.2424       | 1.2406      | 0.1160     | 0.6311     | 0.6495     |             | 0.9243   | -0.032 
148    | 2.7698     | 0.3284     | 1.2249       | 1.2165      | 0.1225     | 0.6105     | 0.6665     |             | 0.9269   | -0.046 
149    | 2.7759     | 0.3104     | 1.2404       | 1.2251      | 0.1296     | 0.6968     | 0.6934     |             | 0.9405   | -0.021 
150    | 2.8327     | 0.3266     | 1.3046       | 1.2016      | 0.1096     | 0.6831     | 0.6469     |             | 1.0039   | -0.031 
151    | 2.7729     | 0.3174     | 1.2514       | 1.2042      | 0.1087     | 0.6038     | 0.6599     |             | 0.9751   | -0.043 
152    | 2.7667     | 0.3602     | 1.2028       | 1.2036      | 0.1260     | 0.5820     | 0.6477     |             | 0.9082   | -0.055 
153    | 2.7416     | 0.3481     | 1.1801       | 1.2135      | 0.1099     | 0.5989     | 0.6761     |             | 0.9674   | -0.049 
154    | 2.7910     | 0.3566     | 1.1942       | 1.2402      | 0.1162     | 0.6191     | 0.6701     |             | 0.9746   | -0.041 
155    | 2.7835     | 0.3420     | 1.2405       | 1.2010      | 0.1023     | 0.6390     | 0.6774     |             | 0.9326   | -0.031 
156    | 2.8426     | 0.3502     | 1.2763       | 1.2161      | 0.1019     | 0.6535     | 0.6603     |             | 0.9703   | -0.021 
157    | 2.9077     | 0.3868     | 1.2943       | 1.2265      | 0.1036     | 0.6255     | 0.6751     |             | 0.9686   | -0.036 
158    | 2.8504     | 0.3404     | 1.2934       | 1.2166      | 0.1152     | 0.6089     | 0.6735     |             | 0.9937   | -0.046 
159    | 2.8829     | 0.3375     | 1.3190       | 1.2264      | 0.1096     | 0.6206     | 0.6723     |             | 1.0270   | -0.039 
160    | 2.9236     | 0.3470     | 1.3456       | 1.2309      | 0.1010     | 0.6281     | 0.6687     |             | 0.9432   | -0.033 
161    | 2.9586     | 0.3523     | 1.3717       | 1.2347      | 0.1033     | 0.6175     | 0.6534     |             | 1.0139   | -0.035 
162    | 2.9177     | 0.3632     | 1.3006       | 1.2539      | 0.1070     | 0.5874     | 0.6773     |             | 0.9374   | -0.053 
163    | 2.8671     | 0.3457     | 1.2579       | 1.2635      | 0.1056     | 0.5826     | 0.6612     |             | 0.9514   | -0.051 
164    | 2.8376     | 0.3381     | 1.2388       | 1.2608      | 0.1006     | 0.6015     | 0.6816     |             | 1.0178   | -0.046 
165    | 2.8606     | 0.3104     | 1.2602       | 1.2900      | 0.0884     | 0.6118     | 0.6703     |             | 1.0547   | -0.036 
166    | 2.8655     | 0.3330     | 1.2469       | 1.2856      | 0.1074     | 0.6092     | 0.6359     |             | 0.9095   | -0.036 
167    | 2.8171     | 0.3156     | 1.2246       | 1.2769      | 0.1095     | 0.6351     | 0.6600     |             | 0.9274   | -0.031 
168    | 2.8525     | 0.3290     | 1.2428       | 1.2807      | 0.1073     | 0.6071     | 0.6732     |             | 0.9721   | -0.044 
169    | 2.8174     | 0.3207     | 1.2140       | 1.2826      | 0.1122     | 0.6072     | 0.6480     |             | 0.9547   | -0.040 
170    | 2.7971     | 0.3257     | 1.2259       | 1.2455      | 0.1014     | 0.6098     | 0.6578     |             | 1.0181   | -0.038 
171    | 2.8072     | 0.2943     | 1.2478       | 1.2652      | 0.1019     | 0.6028     | 0.6528     |             | 0.9714   | -0.040 
172    | 2.8210     | 0.3290     | 1.2311       | 1.2609      | 0.1248     | 0.6266     | 0.6620     |             | 0.8995   | -0.039 
173    | 2.7882     | 0.3213     | 1.2070       | 1.2599      | 0.1117     | 0.5950     | 0.6572     |             | 1.0090   | -0.047 
174    | 2.7387     | 0.2997     | 1.1639       | 1.2751      | 0.1233     | 0.5950     | 0.6708     |             | 0.9099   | -0.053 
175    | 2.7390     | 0.3054     | 1.1721       | 1.2615      | 0.1009     | 0.5828     | 0.6438     |             | 0.9646   | -0.046 
176    | 2.7403     | 0.3210     | 1.1737       | 1.2456      | 0.1190     | 0.5670     | 0.6609     |             | 0.9032   | -0.061 
177    | 2.7045     | 0.2871     | 1.1757       | 1.2417      | 0.1051     | 0.5852     | 0.6654     |             | 0.9321   | -0.050 
178    | 2.7711     | 0.3354     | 1.1796       | 1.2561      | 0.1087     | 0.5800     | 0.6756     |             | 0.9603   | -0.056 
179    | 2.7258     | 0.2940     | 1.1701       | 1.2617      | 0.0953     | 0.5850     | 0.6719     |             | 0.9477   | -0.049 
180    | 2.7520     | 0.3027     | 1.1903       | 1.2590      | 0.1090     | 0.5822     | 0.6548     |             | 0.9852   | -0.051 
181    | 2.7483     | 0.2944     | 1.1801       | 1.2738      | 0.1075     | 0.5727     | 0.6816     |             | 0.9306   | -0.059 
182    | 2.7944     | 0.3109     | 1.1895       | 1.2940      | 0.1489     | 0.5772     | 0.6777     |             | 0.9267   | -0.069 
183    | 2.7825     | 0.3005     | 1.1931       | 1.2890      | 0.1156     | 0.5793     | 0.6476     |             | 1.0878   | -0.052 
184    | 2.8266     | 0.3103     | 1.2304       | 1.2859      | 0.1076     | 0.5928     | 0.6647     |             | 0.9324   | -0.048 
185    | 2.8160     | 0.3267     | 1.2206       | 1.2687      | 0.1143     | 0.5870     | 0.6459     |             | 1.0450   | -0.049 
186    | 2.8282     | 0.2911     | 1.2170       | 1.3201      | 0.1074     | 0.6112     | 0.6593     |             | 1.0067   | -0.040 
187    | 2.8643     | 0.3342     | 1.2047       | 1.3253      | 0.1133     | 0.6061     | 0.6592     |             | 0.9964   | -0.043 
188    | 2.8344     | 0.3299     | 1.2122       | 1.2922      | 0.1204     | 0.5936     | 0.6425     |             | 0.9410   | -0.047 
189    | 2.7829     | 0.3172     | 1.1880       | 1.2777      | 0.1182     | 0.5945     | 0.6504     |             | 0.9502   | -0.048 
190    | 2.8141     | 0.3124     | 1.2091       | 1.2926      | 0.1070     | 0.5956     | 0.6487     |             | 0.9338   | -0.044 
191    | 2.8067     | 0.2887     | 1.2215       | 1.2965      | 0.1002     | 0.5957     | 0.6284     |             | 0.9497   | -0.037 
192    | 2.7912     | 0.3145     | 1.2126       | 1.2641      | 0.0963     | 0.5841     | 0.6595     |             | 0.9744   | -0.047 
193    | 2.8209     | 0.3349     | 1.1974       | 1.2886      | 0.1004     | 0.5931     | 0.6581     |             | 0.9316   | -0.045 
194    | 2.8546     | 0.3394     | 1.2145       | 1.3007      | 0.0821     | 0.6092     | 0.6540     |             | 0.8871   | -0.032 
195    | 2.8286     | 0.3105     | 1.2240       | 1.2941      | 0.0921     | 0.5984     | 0.6741     |             | 1.0123   | -0.043 
196    | 2.8724     | 0.3313     | 1.2311       | 1.3100      | 0.0965     | 0.6067     | 0.6641     |             | 0.9264   | -0.039 
197    | 2.8173     | 0.3152     | 1.2061       | 1.2960      | 0.0992     | 0.6034     | 0.6635     |             | 0.8831   | -0.041 
198    | 2.8043     | 0.2922     | 1.2052       | 1.3069      | 0.0869     | 0.5915     | 0.6968     |             | 0.9439   | -0.049 
199    | 2.8456     | 0.3176     | 1.2022       | 1.3258      | 0.0913     | 0.5784     | 0.6613     |             | 1.0041   | -0.048 
200    | 2.7979     | 0.3281     | 1.1556       | 1.3142      | 0.0939     | 0.5770     | 0.6531     |             | 1.0579   | -0.048 
201    | 2.7923     | 0.3110     | 1.1810       | 1.3002      | 0.0867     | 0.6030     | 0.6453     |             | 1.0714   | -0.034 
202    | 2.7757     | 0.2874     | 1.1820       | 1.3063      | 0.1040     | 0.5663     | 0.6728     |             | 0.9677   | -0.059 
203    | 2.7931     | 0.3211     | 1.1745       | 1.2975      | 0.0876     | 0.5768     | 0.6736     |             | 1.0544   | -0.050 
204    | 2.7438     | 0.3113     | 1.1450       | 1.2875      | 0.1008     | 0.5578     | 0.6664     |             | 0.9923   | -0.060 
205    | 2.7104     | 0.3090     | 1.1432       | 1.2582      | 0.1032     | 0.5631     | 0.6677     |             | 0.9290   | -0.059 
206    | 2.7341     | 0.3164     | 1.1591       | 1.2587      | 0.0886     | 0.5795     | 0.6555     |             | 0.9678   | -0.046 
207    | 2.7376     | 0.3039     | 1.1639       | 1.2698      | 0.1140     | 0.5745     | 0.6568     |             | 0.9239   | -0.056 
208    | 2.8161     | 0.3213     | 1.2133       | 1.2815      | 0.0957     | 0.5986     | 0.6577     |             | 0.9899   | -0.041 
209    | 2.7293     | 0.2867     | 1.1643       | 1.2784      | 0.0948     | 0.5830     | 0.6747     |             | 0.9428   | -0.050 
210    | 2.7047     | 0.2868     | 1.1571       | 1.2608      | 0.0959     | 0.5592     | 0.6731     |             | 0.9906   | -0.060 
211    | 2.6892     | 0.2902     | 1.1454       | 1.2536      | 0.0902     | 0.5750     | 0.6536     |             | 1.0470   | -0.048 
212    | 2.6942     | 0.2832     | 1.1362       | 1.2748      | 0.0903     | 0.5888     | 0.6601     |             | 1.0214   | -0.044 
213    | 2.7425     | 0.3291     | 1.1499       | 1.2635      | 0.1039     | 0.5693     | 0.6473     |             | 0.9964   | -0.053 
214    | 2.7194     | 0.3048     | 1.1476       | 1.2670      | 0.1112     | 0.5687     | 0.6718     |             | 1.0202   | -0.060 
215    | 2.7514     | 0.2912     | 1.1736       | 1.2866      | 0.1020     | 0.5674     | 0.6714     |             | 1.0209   | -0.058 
216    | 2.7788     | 0.2963     | 1.1971       | 1.2854      | 0.0975     | 0.5952     | 0.6820     |             | 1.0206   | -0.048 
217    | 2.8135     | 0.3081     | 1.2237       | 1.2817      | 0.1008     | 0.6031     | 0.6938     |             | 1.0106   | -0.048 
218    | 2.7644     | 0.2995     | 1.2126       | 1.2524      | 0.1002     | 0.5877     | 0.6691     |             | 0.9523   | -0.049 
219    | 2.7934     | 0.3101     | 1.2221       | 1.2612      | 0.1124     | 0.5797     | 0.6942     |             | 0.9398   | -0.061 
220    | 2.7587     | 0.2848     | 1.2050       | 1.2689      | 0.0879     | 0.6131     | 0.6750     |             | 0.9638   | -0.036 
221    | 2.7676     | 0.2887     | 1.2068       | 1.2721      | 0.0891     | 0.6202     | 0.6682     |             | 0.9908   | -0.032 
222    | 2.7913     | 0.3074     | 1.2203       | 1.2636      | 0.0894     | 0.5867     | 0.6707     |             | 1.1095   | -0.046 
223    | 2.7688     | 0.2871     | 1.2171       | 1.2646      | 0.0991     | 0.6102     | 0.6812     |             | 0.9742   | -0.042 
224    | 2.8050     | 0.3274     | 1.2062       | 1.2714      | 0.0908     | 0.6199     | 0.6637     |             | 1.0624   | -0.032 
225    | 2.7817     | 0.2911     | 1.2211       | 1.2696      | 0.0935     | 0.6379     | 0.6642     |             | 0.9921   | -0.026 
226    | 2.7354     | 0.2595     | 1.2164       | 1.2595      | 0.0952     | 0.6246     | 0.6477     |             | 1.0991   | -0.028 
227    | 2.7773     | 0.3173     | 1.1854       | 1.2745      | 0.1062     | 0.6056     | 0.6624     |             | 1.0820   | -0.042 
228    | 2.7273     | 0.2753     | 1.1677       | 1.2843      | 0.0929     | 0.6118     | 0.6828     |             | 1.1005   | -0.040 
229    | 2.7228     | 0.2729     | 1.1718       | 1.2780      | 0.0966     | 0.5812     | 0.6627     |             | 1.0444   | -0.049 
230    | 2.7568     | 0.2982     | 1.1673       | 1.2913      | 0.0938     | 0.5710     | 0.6696     |             | 1.1537   | -0.054 
231    | 2.7705     | 0.2792     | 1.1761       | 1.3151      | 0.0992     | 0.5717     | 0.6647     |             | 1.0743   | -0.054 
232    | 2.7454     | 0.2601     | 1.1791       | 1.3062      | 0.0943     | 0.5652     | 0.6502     |             | 1.0482   | -0.052 
233    | 2.7694     | 0.2948     | 1.1649       | 1.3098      | 0.1140     | 0.5646     | 0.6696     |             | 1.0141   | -0.062 
234    | 2.7237     | 0.2797     | 1.1509       | 1.2931      | 0.0981     | 0.5768     | 0.6579     |             | 1.0851   | -0.050 
235    | 2.7403     | 0.2837     | 1.1587       | 1.2978      | 0.0910     | 0.5794     | 0.6580     |             | 1.0309   | -0.047 
236    | 2.7119     | 0.2666     | 1.1503       | 1.2950      | 0.0956     | 0.5691     | 0.6697     |             | 1.0483   | -0.055 
237    | 2.7671     | 0.3004     | 1.1744       | 1.2923      | 0.1053     | 0.5954     | 0.6754     |             | 0.9975   | -0.049 
238    | 2.7852     | 0.2939     | 1.1736       | 1.3177      | 0.0965     | 0.6401     | 0.6821     |             | 1.0694   | -0.029 
239    | 2.7802     | 0.2901     | 1.1930       | 1.2971      | 0.0997     | 0.6236     | 0.6685     |             | 1.0717   | -0.034 
240    | 2.8107     | 0.2878     | 1.2138       | 1.3091      | 0.1034     | 0.6200     | 0.6671     |             | 1.1159   | -0.036 
241    | 2.7982     | 0.2737     | 1.2286       | 1.2959      | 0.0950     | 0.6205     | 0.6405     |             | 1.0919   | -0.028 
242    | 2.8596     | 0.3086     | 1.2357       | 1.3152      | 0.1011     | 0.6351     | 0.6443     |             | 1.0641   | -0.025 
243    | 2.8258     | 0.2965     | 1.2311       | 1.2982      | 0.1007     | 0.6208     | 0.6577     |             | 1.0035   | -0.033 
244    | 2.8058     | 0.2753     | 1.2266       | 1.3039      | 0.0980     | 0.5993     | 0.6546     |             | 1.0359   | -0.041 
245    | 2.8316     | 0.3182     | 1.2333       | 1.2800      | 0.0965     | 0.6026     | 0.6578     |             | 1.0117   | -0.039 
246    | 2.8830     | 0.3311     | 1.2671       | 1.2847      | 0.1060     | 0.6296     | 0.6381     |             | 1.1098   | -0.028 
247    | 2.8885     | 0.3297     | 1.2634       | 1.2954      | 0.1088     | 0.6328     | 0.6632     |             | 1.0565   | -0.032 
248    | 2.8650     | 0.2874     | 1.2765       | 1.3011      | 0.1206     | 0.6571     | 0.6506     |             | 1.0629   | -0.027 
249    | 2.8835     | 0.3031     | 1.3016       | 1.2788      | 0.1135     | 0.6372     | 0.6476     |             | 1.0322   | -0.029 
250    | 2.8533     | 0.2890     | 1.2745       | 1.2898      | 0.0883     | 0.6231     | 0.6496     |             | 1.0534   | -0.027 
251    | 2.8638     | 0.2908     | 1.2537       | 1.3194      | 0.0940     | 0.6035     | 0.6551     |             | 1.1237   | -0.038 
252    | 2.7951     | 0.2773     | 1.2267       | 1.2911      | 0.0948     | 0.6091     | 0.6563     |             | 1.0529   | -0.036 
253    | 2.8631     | 0.3059     | 1.2288       | 1.3284      | 0.1039     | 0.6061     | 0.6517     |             | 1.1078   | -0.039 
254    | 2.8094     | 0.3078     | 1.2139       | 1.2877      | 0.1011     | 0.5913     | 0.6530     |             | 1.0046   | -0.044 
255    | 2.8011     | 0.2629     | 1.2329       | 1.3053      | 0.0881     | 0.6035     | 0.7009     |             | 1.1216   | -0.045 
256    | 2.9047     | 0.3048     | 1.2617       | 1.3381      | 0.0953     | 0.5811     | 0.6537     |             | 1.0852   | -0.047 
257    | 2.8345     | 0.2858     | 1.2501       | 1.2986      | 0.0994     | 0.6154     | 0.6567     |             | 1.0362   | -0.035 
258    | 2.7956     | 0.3052     | 1.2282       | 1.2621      | 0.1077     | 0.5982     | 0.6631     |             | 1.0351   | -0.046 
259    | 2.7866     | 0.3172     | 1.1960       | 1.2734      | 0.1086     | 0.6041     | 0.6942     |             | 0.9888   | -0.050 
260    | 2.7348     | 0.2924     | 1.1842       | 1.2582      | 0.0984     | 0.6080     | 0.6844     |             | 1.0272   | -0.043 
261    | 2.7258     | 0.2811     | 1.1760       | 1.2687      | 0.1020     | 0.6031     | 0.6757     |             | 1.0142   | -0.044 
262    | 2.7503     | 0.2774     | 1.1996       | 1.2733      | 0.1121     | 0.6036     | 0.6639     |             | 1.0169   | -0.045 
263    | 2.7315     | 0.2671     | 1.1800       | 1.2844      | 0.1047     | 0.5833     | 0.6759     |             | 0.9962   | -0.053 
264    | 2.7181     | 0.2579     | 1.1633       | 1.2968      | 0.1012     | 0.5932     | 0.6822     |             | 1.0184   | -0.050 
265    | 2.7660     | 0.2740     | 1.1651       | 1.3270      | 0.0994     | 0.6061     | 0.6722     |             | 1.0084   | -0.042 
266    | 2.7690     | 0.2853     | 1.1720       | 1.3117      | 0.1035     | 0.6052     | 0.6516     |             | 1.0095   | -0.039 
267    | 2.8122     | 0.2804     | 1.2032       | 1.3285      | 0.1000     | 0.5928     | 0.6582     |             | 1.0542   | -0.045 
268    | 2.7807     | 0.2728     | 1.2143       | 1.2937      | 0.1047     | 0.6051     | 0.6555     |             | 0.9670   | -0.040 
269    | 2.7964     | 0.2929     | 1.1993       | 1.3042      | 0.0959     | 0.5941     | 0.6662     |             | 1.0400   | -0.044 
270    | 2.7458     | 0.2627     | 1.1865       | 1.2966      | 0.1037     | 0.6061     | 0.6619     |             | 1.0274   | -0.041 
271    | 2.7432     | 0.2655     | 1.1952       | 1.2825      | 0.1038     | 0.5980     | 0.6732     |             | 1.0476   | -0.047 
272    | 2.7834     | 0.2661     | 1.2235       | 1.2938      | 0.1232     | 0.6223     | 0.6922     |             | 0.9949   | -0.046 
273    | 2.7940     | 0.2896     | 1.2200       | 1.2844      | 0.0910     | 0.6078     | 0.6520     |             | 1.0468   | -0.035 
274    | 2.8046     | 0.2873     | 1.2189       | 1.2984      | 0.1052     | 0.6187     | 0.6691     |             | 0.9422   | -0.038 
275    | 2.8155     | 0.2825     | 1.2372       | 1.2957      | 0.1014     | 0.6278     | 0.6658     |             | 1.0822   | -0.032 
276    | 2.8271     | 0.2964     | 1.2440       | 1.2867      | 0.0987     | 0.6114     | 0.6741     |             | 1.1137   | -0.040 
277    | 2.7693     | 0.2903     | 1.1911       | 1.2879      | 0.0959     | 0.6006     | 0.6640     |             | 1.0346   | -0.041 
278    | 2.7798     | 0.2855     | 1.2017       | 1.2925      | 0.1018     | 0.5956     | 0.6655     |             | 1.0032   | -0.045 
279    | 2.7882     | 0.2886     | 1.2239       | 1.2757      | 0.1121     | 0.5884     | 0.6524     |             | 1.0159   | -0.049 
280    | 2.8064     | 0.2888     | 1.2197       | 1.2980      | 0.1001     | 0.6028     | 0.6532     |             | 1.0600   | -0.040 
281    | 2.7796     | 0.2773     | 1.2104       | 1.2919      | 0.1058     | 0.5980     | 0.6556     |             | 1.0548   | -0.044 
282    | 2.8088     | 0.2863     | 1.2385       | 1.2841      | 0.1064     | 0.5922     | 0.6475     |             | 1.0254   | -0.045 
283    | 2.7695     | 0.2527     | 1.2348       | 1.2819      | 0.1156     | 0.6073     | 0.6666     |             | 0.9118   | -0.045 
284    | 2.7589     | 0.2582     | 1.2222       | 1.2785      | 0.1078     | 0.6125     | 0.6488     |             | 1.0285   | -0.037 
285    | 2.8120     | 0.2927     | 1.2300       | 1.2892      | 0.1032     | 0.5995     | 0.6702     |             | 1.0470   | -0.045 
286    | 2.7754     | 0.2655     | 1.2252       | 1.2847      | 0.1108     | 0.6102     | 0.6656     |             | 0.9624   | -0.042 
287    | 2.7691     | 0.2735     | 1.2073       | 1.2884      | 0.0920     | 0.6010     | 0.6774     |             | 1.1024   | -0.043 
288    | 2.7473     | 0.2654     | 1.1864       | 1.2956      | 0.0969     | 0.5950     | 0.6512     |             | 0.9749   | -0.041 
289    | 2.7658     | 0.2815     | 1.1847       | 1.2996      | 0.1002     | 0.5917     | 0.6462     |             | 0.9936   | -0.043 
290    | 2.8043     | 0.3024     | 1.2105       | 1.2914      | 0.1173     | 0.6105     | 0.6491     |             | 0.9856   | -0.041 
291    | 2.8130     | 0.2899     | 1.1981       | 1.3250      | 0.1004     | 0.6000     | 0.6491     |             | 1.0545   | -0.040 
292    | 2.7743     | 0.2725     | 1.1994       | 1.3023      | 0.1137     | 0.5951     | 0.6574     |             | 0.9900   | -0.048 
293    | 2.7980     | 0.2998     | 1.2151       | 1.2831      | 0.1118     | 0.6060     | 0.6544     |             | 1.0060   | -0.042 
294    | 2.7944     | 0.2548     | 1.2571       | 1.2825      | 0.1080     | 0.6153     | 0.6500     |             | 1.0033   | -0.036 
295    | 2.8306     | 0.2795     | 1.2730       | 1.2781      | 0.1084     | 0.6171     | 0.6494     |             | 0.9364   | -0.036 
296    | 2.8063     | 0.2592     | 1.2519       | 1.2952      | 0.1111     | 0.6045     | 0.6504     |             | 0.8943   | -0.042 
297    | 2.7637     | 0.2490     | 1.2291       | 1.2856      | 0.0930     | 0.5967     | 0.6390     |             | 0.9978   | -0.037 
298    | 2.8136     | 0.2919     | 1.2335       | 1.2882      | 0.0954     | 0.6028     | 0.6411     |             | 1.0064   | -0.036 
299    | 2.7537     | 0.2602     | 1.2277       | 1.2658      | 0.1012     | 0.6016     | 0.6430     |             | 0.9502   | -0.038 
300    | 2.7347     | 0.2416     | 1.2244       | 1.2687      | 0.0957     | 0.6059     | 0.6638     |             | 1.0597   | -0.039 
301    | 2.7886     | 0.2748     | 1.2346       | 1.2793      | 0.0916     | 0.6037     | 0.6562     |             | 1.0276   | -0.037 
302    | 2.7983     | 0.2783     | 1.2533       | 1.2667      | 0.1088     | 0.6320     | 0.6670     |             | 0.9921   | -0.033 
303    | 2.8220     | 0.2723     | 1.2673       | 1.2825      | 0.1019     | 0.6146     | 0.6381     |             | 0.9786   | -0.032 
304    | 2.8093     | 0.3115     | 1.2409       | 1.2568      | 0.1130     | 0.6086     | 0.6510     |             | 0.9782   | -0.041 
305    | 2.7606     | 0.2734     | 1.2356       | 1.2515      | 0.1022     | 0.6095     | 0.6596     |             | 0.9531   | -0.039 
306    | 2.7898     | 0.2872     | 1.2390       | 1.2635      | 0.1061     | 0.5990     | 0.6465     |             | 1.0022   | -0.041 
307    | 2.7688     | 0.2762     | 1.2208       | 1.2719      | 0.1031     | 0.6113     | 0.6725     |             | 1.0077   | -0.041 
308    | 2.8137     | 0.2828     | 1.2233       | 1.3076      | 0.0983     | 0.5925     | 0.6752     |             | 1.2195   | -0.048 
309    | 2.7756     | 0.2744     | 1.2043       | 1.2970      | 0.0970     | 0.6013     | 0.6601     |             | 1.0815   | -0.041 
310    | 2.7783     | 0.2867     | 1.2222       | 1.2694      | 0.1043     | 0.5909     | 0.6650     |             | 1.0591   | -0.048 
311    | 2.7997     | 0.3039     | 1.2208       | 1.2750      | 0.0974     | 0.5903     | 0.6687     |             | 1.0883   | -0.047 
312    | 2.7752     | 0.2926     | 1.1941       | 1.2885      | 0.1026     | 0.5875     | 0.6519     |             | 1.0617   | -0.046 
313    | 2.7219     | 0.2591     | 1.2125       | 1.2503      | 0.0992     | 0.5763     | 0.6645     |             | 1.0244   | -0.052 
314    | 2.7788     | 0.2883     | 1.2379       | 1.2526      | 0.0961     | 0.5642     | 0.6873     |             | 1.0281   | -0.061 
315    | 2.7404     | 0.2731     | 1.1908       | 1.2766      | 0.1026     | 0.5921     | 0.6765     |             | 1.0384   | -0.049 
316    | 2.7719     | 0.2842     | 1.1916       | 1.2961      | 0.1089     | 0.5852     | 0.6754     |             | 0.9828   | -0.054 
317    | 2.7101     | 0.2709     | 1.1615       | 1.2776      | 0.1034     | 0.5821     | 0.6829     |             | 1.0832   | -0.055 
318    | 2.7529     | 0.2946     | 1.1684       | 1.2899      | 0.1081     | 0.5913     | 0.6806     |             | 1.0268   | -0.052 
319    | 2.8069     | 0.3046     | 1.1884       | 1.3139      | 0.1041     | 0.5974     | 0.6836     |             | 1.0135   | -0.049 
320    | 2.8045     | 0.3032     | 1.1940       | 1.3074      | 0.1070     | 0.5971     | 0.6952     |             | 0.9346   | -0.052 
321    | 2.8294     | 0.3023     | 1.1906       | 1.3365      | 0.1160     | 0.6087     | 0.7033     |             | 0.9503   | -0.052 
322    | 2.8235     | 0.2821     | 1.2163       | 1.3251      | 0.1033     | 0.6149     | 0.6707     |             | 0.9582   | -0.039 
323    | 2.7778     | 0.2785     | 1.2029       | 1.2964      | 0.1251     | 0.6021     | 0.6576     |             | 0.9340   | -0.048 
324    | 2.7655     | 0.2746     | 1.2173       | 1.2736      | 0.1056     | 0.6046     | 0.6493     |             | 1.0178   | -0.040 
325    | 2.7536     | 0.2726     | 1.1937       | 1.2873      | 0.1076     | 0.5939     | 0.6423     |             | 1.0356   | -0.043 
326    | 2.7088     | 0.2440     | 1.1994       | 1.2653      | 0.1133     | 0.5807     | 0.6386     |             | 1.0427   | -0.049 
327    | 2.7343     | 0.2481     | 1.2031       | 1.2830      | 0.1168     | 0.5893     | 0.6395     |             | 1.0649   | -0.047 
328    | 2.7505     | 0.2877     | 1.1989       | 1.2639      | 0.1117     | 0.5981     | 0.6478     |             | 1.0904   | -0.044 
329    | 2.7346     | 0.2373     | 1.1963       | 1.3011      | 0.1096     | 0.5927     | 0.6714     |             | 1.0229   | -0.050 
330    | 2.7501     | 0.2616     | 1.2047       | 1.2838      | 0.1040     | 0.6268     | 0.6633     |             | 1.0285   | -0.033 
331    | 2.7421     | 0.2742     | 1.1833       | 1.2846      | 0.1058     | 0.6014     | 0.6631     |             | 1.0691   | -0.044 
332    | 2.7297     | 0.2623     | 1.1799       | 1.2875      | 0.1040     | 0.6126     | 0.6545     |             | 1.0411   | -0.037 
333    | 2.7256     | 0.2651     | 1.1721       | 1.2884      | 0.1038     | 0.5973     | 0.6487     |             | 1.0906   | -0.042 
334    | 2.7473     | 0.2648     | 1.1822       | 1.3002      | 0.1112     | 0.6173     | 0.6594     |             | 1.1037   | -0.038 
335    | 2.7843     | 0.2749     | 1.2048       | 1.3047      | 0.1030     | 0.6308     | 0.6689     |             | 1.0282   | -0.032 
336    | 2.8019     | 0.2581     | 1.2328       | 1.3110      | 0.1043     | 0.6247     | 0.6739     |             | 0.9990   | -0.036 
337    | 2.8337     | 0.2862     | 1.2441       | 1.3034      | 0.0946     | 0.6371     | 0.6484     |             | 0.9991   | -0.023 
338    | 2.8036     | 0.2703     | 1.2407       | 1.2926      | 0.0955     | 0.6315     | 0.6710     |             | 0.9579   | -0.030 
339    | 2.8299     | 0.2944     | 1.2408       | 1.2948      | 0.1076     | 0.6103     | 0.6722     |             | 0.9871   | -0.043 
340    | 2.7929     | 0.2505     | 1.2385       | 1.3039      | 0.1114     | 0.6207     | 0.6474     |             | 1.0064   | -0.035 
341    | 2.7804     | 0.2535     | 1.2360       | 1.2908      | 0.1152     | 0.6354     | 0.6409     |             | 0.9835   | -0.029 
342    | 2.8134     | 0.2685     | 1.2601       | 1.2848      | 0.1019     | 0.6359     | 0.6567     |             | 1.0891   | -0.028 
343    | 2.8345     | 0.2922     | 1.2403       | 1.3020      | 0.0952     | 0.6166     | 0.6521     |             | 1.0448   | -0.032 
344    | 2.8489     | 0.2798     | 1.2492       | 1.3198      | 0.0968     | 0.6110     | 0.6612     |             | 0.9763   | -0.037 
345    | 2.8305     | 0.2745     | 1.2552       | 1.3008      | 0.0876     | 0.6059     | 0.6913     |             | 0.9877   | -0.042 
346    | 2.8253     | 0.2545     | 1.2464       | 1.3244      | 0.1021     | 0.5986     | 0.6509     |             | 1.0155   | -0.041 
347    | 2.8380     | 0.2679     | 1.2712       | 1.2989      | 0.0846     | 0.5876     | 0.6534     |             | 1.0167   | -0.041 
348    | 2.7741     | 0.2634     | 1.2191       | 1.2916      | 0.1106     | 0.6090     | 0.6523     |             | 1.0786   | -0.040 
349    | 2.7841     | 0.2719     | 1.2140       | 1.2982      | 0.0927     | 0.5975     | 0.6627     |             | 1.0402   | -0.041 
350    | 2.8122     | 0.2923     | 1.2298       | 1.2901      | 0.0965     | 0.5961     | 0.6716     |             | 1.0366   | -0.045 
351    | 2.7742     | 0.2554     | 1.2299       | 1.2890      | 0.1004     | 0.5963     | 0.6731     |             | 1.0469   | -0.046 
352    | 2.8002     | 0.2593     | 1.2218       | 1.3191      | 0.0989     | 0.5938     | 0.6770     |             | 1.0332   | -0.048 
353    | 2.8058     | 0.2705     | 1.2296       | 1.3056      | 0.1110     | 0.6421     | 0.6757     |             | 1.1048   | -0.032 
354    | 2.7879     | 0.2685     | 1.2318       | 1.2875      | 0.1038     | 0.6433     | 0.6779     |             | 1.0399   | -0.029 
355    | 2.8219     | 0.2771     | 1.2442       | 1.3006      | 0.0981     | 0.6536     | 0.6693     |             | 1.0312   | -0.022 
356    | 2.8073     | 0.2692     | 1.2548       | 1.2833      | 0.0984     | 0.6324     | 0.6579     |             | 1.0260   | -0.028 
357    | 2.7849     | 0.2414     | 1.2522       | 1.2912      | 0.1051     | 0.6342     | 0.6802     |             | 1.0214   | -0.034 
358    | 2.8234     | 0.2708     | 1.2445       | 1.3081      | 0.1011     | 0.6149     | 0.6731     |             | 0.9752   | -0.039 
359    | 2.7734     | 0.2588     | 1.2123       | 1.3023      | 0.0993     | 0.6180     | 0.6647     |             | 1.0539   | -0.036 
360    | 2.7930     | 0.2635     | 1.2333       | 1.2961      | 0.1023     | 0.6067     | 0.6753     |             | 1.0512   | -0.043 
361    | 2.8041     | 0.2753     | 1.2199       | 1.3090      | 0.1003     | 0.6063     | 0.6810     |             | 0.9787   | -0.044 
362    | 2.7575     | 0.2574     | 1.2134       | 1.2867      | 0.1050     | 0.6205     | 0.6568     |             | 0.9395   | -0.035 
363    | 2.7218     | 0.2365     | 1.2211       | 1.2642      | 0.1164     | 0.6390     | 0.6675     |             | 0.9566   | -0.033 
364    | 2.7956     | 0.2804     | 1.2275       | 1.2878      | 0.1063     | 0.6081     | 0.6554     |             | 0.9515   | -0.040 
365    | 2.7605     | 0.2595     | 1.2263       | 1.2747      | 0.1033     | 0.6080     | 0.6566     |             | 1.0172   | -0.039 
366    | 2.7710     | 0.2634     | 1.2174       | 1.2902      | 0.0931     | 0.6052     | 0.6637     |             | 0.9952   | -0.039 
367    | 2.7592     | 0.2394     | 1.2307       | 1.2891      | 0.1013     | 0.5776     | 0.6501     |             | 1.0249   | -0.049 
368    | 2.8033     | 0.2774     | 1.2350       | 1.2909      | 0.1119     | 0.5664     | 0.6756     |             | 1.0683   | -0.062 
369    | 2.7375     | 0.2557     | 1.2063       | 1.2754      | 0.0994     | 0.5818     | 0.6661     |             | 1.0639   | -0.050 
370    | 2.7525     | 0.2654     | 1.2212       | 1.2659      | 0.0998     | 0.5703     | 0.6733     |             | 1.0671   | -0.056 
371    | 2.7541     | 0.2535     | 1.2263       | 1.2743      | 0.1121     | 0.5877     | 0.6721     |             | 1.0356   | -0.053 
372    | 2.7633     | 0.2596     | 1.2255       | 1.2782      | 0.1182     | 0.5889     | 0.6676     |             | 0.9951   | -0.053 
373    | 2.8160     | 0.2850     | 1.2244       | 1.3065      | 0.1113     | 0.5913     | 0.6816     |             | 1.0691   | -0.053 
374    | 2.7582     | 0.2491     | 1.2165       | 1.2927      | 0.1207     | 0.6018     | 0.6789     |             | 1.0441   | -0.051 
375    | 2.7740     | 0.2392     | 1.2403       | 1.2945      | 0.0978     | 0.5992     | 0.6879     |             | 1.0797   | -0.047 
376    | 2.7898     | 0.2603     | 1.2237       | 1.3058      | 0.1023     | 0.6216     | 0.6711     |             | 1.0323   | -0.036 
377    | 2.7878     | 0.2479     | 1.2384       | 1.3015      | 0.0988     | 0.6136     | 0.6606     |             | 1.0788   | -0.036 
378    | 2.8166     | 0.2499     | 1.2392       | 1.3275      | 0.1150     | 0.6198     | 0.6769     |             | 1.0992   | -0.042 
379    | 2.8088     | 0.2517     | 1.2408       | 1.3163      | 0.1002     | 0.6180     | 0.6750     |             | 1.1479   | -0.038 
380    | 2.8192     | 0.2518     | 1.2396       | 1.3278      | 0.1144     | 0.6121     | 0.6933     |             | 1.1423   | -0.048 
381    | 2.8101     | 0.2529     | 1.2165       | 1.3406      | 0.1072     | 0.6147     | 0.6744     |             | 1.1209   | -0.041 
382    | 2.8171     | 0.2652     | 1.2186       | 1.3333      | 0.1030     | 0.6109     | 0.6778     |             | 1.1119   | -0.042 
383    | 2.7907     | 0.2647     | 1.2226       | 1.3035      | 0.1055     | 0.6203     | 0.6579     |             | 1.0955   | -0.035 
384    | 2.8045     | 0.2370     | 1.2557       | 1.3118      | 0.0976     | 0.6150     | 0.6673     |             | 1.0844   | -0.037 
385    | 2.8537     | 0.2666     | 1.2637       | 1.3235      | 0.1257     | 0.6192     | 0.6648     |             | 1.0597   | -0.043 
386    | 2.8269     | 0.2668     | 1.2667       | 1.2934      | 0.0874     | 0.6203     | 0.6543     |             | 1.0817   | -0.029 
387    | 2.8232     | 0.2527     | 1.2706       | 1.2998      | 0.0967     | 0.6046     | 0.6818     |             | 1.0621   | -0.044 
388    | 2.8071     | 0.2494     | 1.2647       | 1.2931      | 0.0992     | 0.6029     | 0.6824     |             | 1.0786   | -0.045 
389    | 2.8097     | 0.2515     | 1.2383       | 1.3199      | 0.0910     | 0.5874     | 0.6745     |             | 1.0654   | -0.047 
390    | 2.7992     | 0.2656     | 1.2267       | 1.3069      | 0.1005     | 0.5904     | 0.6733     |             | 1.0431   | -0.049 
391    | 2.8062     | 0.2575     | 1.2299       | 1.3188      | 0.1269     | 0.6029     | 0.6818     |             | 1.0477   | -0.053 
392    | 2.8189     | 0.2778     | 1.2269       | 1.3142      | 0.0953     | 0.6004     | 0.6772     |             | 1.0365   | -0.044 
393    | 2.7862     | 0.2701     | 1.2186       | 1.2975      | 0.1152     | 0.6296     | 0.6693     |             | 1.0566   | -0.037 
394    | 2.7982     | 0.2875     | 1.2153       | 1.2954      | 0.1041     | 0.5809     | 0.6782     |             | 1.0805   | -0.055 
395    | 2.7372     | 0.2371     | 1.2130       | 1.2870      | 0.1004     | 0.6051     | 0.6733     |             | 1.0323   | -0.043 
396    | 2.7778     | 0.2425     | 1.2461       | 1.2893      | 0.1006     | 0.6259     | 0.6635     |             | 1.0188   | -0.033 
397    | 2.9091     | 0.2982     | 1.3018       | 1.3091      | 0.1011     | 0.6109     | 0.6809     |             | 1.0251   | -0.042 
398    | 2.8456     | 0.2614     | 1.2724       | 1.3119      | 0.1042     | 0.6147     | 0.6707     |             | 1.0613   | -0.040 
399    | 2.8427     | 0.2769     | 1.2698       | 1.2960      | 0.0967     | 0.6191     | 0.6564     |             | 1.0141   | -0.033 
400    | 2.8123     | 0.2640     | 1.2467       | 1.3016      | 0.1398     | 0.6192     | 0.6691     |             | 0.9473   | -0.048 
Seed 123456 | Src MDE: 0.0221 | Tgt MDE: 0.9405
Finished FusionDANN_2_3. Results saved.
