/home/mcslab/yutung/MCSLAB_RSSI_RTT_Dataset/FusionCDAN/fusion_cdan_v2_noRSSIDiff.py:201: FutureWarning: DataFrameGroupBy.apply operated on the grouping columns. This behavior is deprecated, and in a future version of pandas the grouping columns will be excluded from the operation. Either pass `include_groups=False` to exclude the groupings or explicitly select the grouping columns after groupby to silence this warning.
  df = df.groupby('Label').apply(
/home/mcslab/yutung/MCSLAB_RSSI_RTT_Dataset/FusionCDAN/fusion_cdan_v2_noRSSIDiff.py:201: FutureWarning: DataFrameGroupBy.apply operated on the grouping columns. This behavior is deprecated, and in a future version of pandas the grouping columns will be excluded from the operation. Either pass `include_groups=False` to exclude the groupings or explicitly select the grouping columns after groupby to silence this warning.
  df = df.groupby('Label').apply(
==========================================
Current Experiment: RTT Combination: ['Dist_mm_2', 'Dist_mm_4']
RTT Input Dimension: 2
==========================================
Start Training Seed 42...

Start CDAN+E Training... (Entropy Conditioning Enabled)
Epoch  | Total Loss | Tr Cls     | Tr Dom RSSI  | Tr Dom RTT   | Val Cls    | Val RSSI Dls | Val RTT Dls  | Test MDE
------------------------------------------------------------------------------------------------------------------------
1      | 6.2295     | 3.4565     | 1.3863       | 1.3867       | 2.9053     | 1.3854       | 1.3864       | 1.7796   |           
2      | 5.5366     | 2.7656     | 1.3858       | 1.3852       | 2.4159     | 1.3848       | 1.3837       | 1.3232   |           
3      | 5.1286     | 2.3615     | 1.3845       | 1.3826       | 2.0135     | 1.3836       | 1.3802       | 1.2435   |           
4      | 4.7857     | 2.0274     | 1.3801       | 1.3782       | 1.7562     | 1.3814       | 1.3748       | 1.1232   |           
5      | 4.5503     | 1.8045     | 1.3750       | 1.3708       | 1.4497     | 1.3756       | 1.3687       | 1.0713   |           
6      | 4.3361     | 1.6028     | 1.3676       | 1.3657       | 1.1805     | 1.3688       | 1.3579       | 1.0867   |           
7      | 4.0931     | 1.3847     | 1.3538       | 1.3546       | 1.0253     | 1.3594       | 1.3462       | 1.0580   |           
8      | 3.9397     | 1.2552     | 1.3405       | 1.3440       | 0.8927     | 1.3472       | 1.3347       | 1.0299   |           
9      | 3.8098     | 1.1552     | 1.3258       | 1.3287       | 0.7000     | 1.3266       | 1.3150       | 1.0509   |           
10     | 3.6707     | 1.0409     | 1.3115       | 1.3183       | 0.5919     | 1.3080       | 1.2955       | 0.9918   |           
11     | 3.5446     | 0.9537     | 1.2905       | 1.3004       | 0.5531     | 1.2866       | 1.2782       | 1.0279   |           
12     | 3.4593     | 0.8972     | 1.2714       | 1.2907       | 0.4499     | 1.2635       | 1.2556       | 1.0851   | (ADV -0.13)
13     | 3.4151     | 0.8862     | 1.2540       | 1.2748       | 0.4103     | 1.2365       | 1.2363       | 0.9743   | (ADV -0.12)
14     | 3.3268     | 0.8243     | 1.2395       | 1.2630       | 0.3818     | 1.2144       | 1.2184       | 1.0090   | (ADV -0.11)
15     | 3.2574     | 0.7908     | 1.2184       | 1.2482       | 0.3519     | 1.1869       | 1.1897       | 1.0343   | (ADV -0.11)
16     | 3.1154     | 0.6993     | 1.1891       | 1.2271       | 0.3067     | 1.1572       | 1.1647       | 1.0383   | (ADV -0.10)
17     | 3.0867     | 0.6946     | 1.1736       | 1.2185       | 0.3246     | 1.1454       | 1.1439       | 1.0032   |           
18     | 3.0059     | 0.6578     | 1.1517       | 1.1965       | 0.2474     | 1.1108       | 1.1179       | 0.9932   | (ADV -0.09)
19     | 2.9768     | 0.6650     | 1.1300       | 1.1818       | 0.2374     | 1.0841       | 1.0955       | 1.0053   |           
20     | 2.9214     | 0.6401     | 1.1135       | 1.1678       | 0.2108     | 1.0467       | 1.0815       | 0.9757   |           
21     | 2.8627     | 0.6178     | 1.0918       | 1.1530       | 0.2135     | 1.0353       | 1.0703       | 0.9574   |           
22     | 2.7905     | 0.5776     | 1.0687       | 1.1441       | 0.2013     | 1.0057       | 1.0411       | 0.9561   |           
23     | 2.7433     | 0.5673     | 1.0508       | 1.1253       | 0.1854     | 0.9761       | 1.0210       | 0.9729   |           
24     | 2.6919     | 0.5527     | 1.0360       | 1.1032       | 0.1835     | 0.9527       | 0.9969       | 0.9845   |           
25     | 2.6597     | 0.5355     | 1.0266       | 1.0976       | 0.1706     | 0.9312       | 0.9861       | 0.9409   |           
26     | 2.6270     | 0.5212     | 1.0109       | 1.0949       | 0.1533     | 0.9210       | 0.9789       | 0.9449   |           
27     | 2.5888     | 0.5016     | 1.0016       | 1.0855       | 0.1756     | 0.9225       | 0.9630       | 1.0015   |           
28     | 2.5907     | 0.5210     | 0.9934       | 1.0762       | 0.1611     | 0.8998       | 0.9568       | 0.9714   |           
29     | 2.5451     | 0.4840     | 0.9806       | 1.0805       | 0.1347     | 0.8771       | 0.9461       | 0.9722   |           
30     | 2.5928     | 0.5232     | 0.9857       | 1.0839       | 0.1437     | 0.8555       | 0.9278       | 1.0041   |           
31     | 2.5312     | 0.4854     | 0.9662       | 1.0795       | 0.1628     | 0.8805       | 0.9475       | 0.9376   |           
32     | 2.5747     | 0.5076     | 0.9876       | 1.0796       | 0.1335     | 0.8767       | 0.9355       | 1.0170   |           
33     | 2.4628     | 0.4464     | 0.9571       | 1.0593       | 0.1409     | 0.8684       | 0.9274       | 0.9571   |           
34     | 2.5258     | 0.4736     | 0.9744       | 1.0777       | 0.1263     | 0.8521       | 0.9197       | 0.9698   |           
35     | 2.5030     | 0.4778     | 0.9574       | 1.0678       | 0.1358     | 0.8599       | 0.9129       | 0.9907   |           
36     | 2.4674     | 0.4475     | 0.9565       | 1.0634       | 0.1224     | 0.8621       | 0.9132       | 0.9221   |           
37     | 2.4381     | 0.4344     | 0.9577       | 1.0460       | 0.1157     | 0.8313       | 0.8900       | 0.9440   |           
38     | 2.4910     | 0.4559     | 0.9700       | 1.0652       | 0.1338     | 0.8346       | 0.9147       | 0.9937   |           
39     | 2.4965     | 0.4575     | 0.9711       | 1.0679       | 0.1241     | 0.8384       | 0.9670       | 0.9522   |           
40     | 2.5411     | 0.4751     | 0.9701       | 1.0959       | 0.1139     | 0.8387       | 0.9295       | 0.9617   |           
41     | 2.5165     | 0.4500     | 0.9766       | 1.0899       | 0.1185     | 0.8472       | 0.9666       | 0.9664   |           
42     | 2.4896     | 0.4306     | 0.9861       | 1.0729       | 0.1066     | 0.8388       | 0.9506       | 0.9602   |           
43     | 2.5029     | 0.4134     | 0.9902       | 1.0992       | 0.1069     | 0.8266       | 0.9683       | 0.9495   |           
44     | 2.5522     | 0.4645     | 0.9906       | 1.0971       | 0.1132     | 0.8399       | 0.9664       | 0.9470   |           
45     | 2.5556     | 0.4520     | 0.9940       | 1.1096       | 0.1085     | 0.8221       | 0.9401       | 0.9473   |           
46     | 2.5060     | 0.4057     | 0.9985       | 1.1018       | 0.0973     | 0.8427       | 0.9413       | 0.9065   |           
47     | 2.5278     | 0.4274     | 1.0119       | 1.0885       | 0.1106     | 0.8825       | 0.9297       | 0.9586   |           
48     | 2.5366     | 0.4381     | 1.0051       | 1.0934       | 0.0980     | 0.8876       | 0.9438       | 0.9229   |           
49     | 2.5698     | 0.4590     | 1.0121       | 1.0987       | 0.1088     | 0.8777       | 0.9139       | 0.9229   |           
50     | 2.5546     | 0.4270     | 1.0253       | 1.1023       | 0.1139     | 0.8887       | 0.9484       | 0.9165   |           
51     | 2.5734     | 0.4427     | 1.0361       | 1.0946       | 0.1012     | 0.8901       | 0.9488       | 0.9331   |           
52     | 2.6097     | 0.4517     | 1.0444       | 1.1135       | 0.0979     | 0.8892       | 0.9193       | 0.9238   |           
53     | 2.5602     | 0.4404     | 1.0354       | 1.0845       | 0.1018     | 0.9225       | 0.9243       | 0.9983   | (ADV -0.09)
54     | 2.5810     | 0.4343     | 1.0475       | 1.0993       | 0.0996     | 0.9120       | 0.9276       | 0.9366   |           
55     | 2.5694     | 0.4216     | 1.0468       | 1.1010       | 0.0937     | 0.9265       | 0.9314       | 0.8879   | (ADV -0.08)
56     | 2.6290     | 0.4180     | 1.0841       | 1.1270       | 0.1035     | 0.9598       | 0.9385       | 0.8736   |           
57     | 2.6847     | 0.4485     | 1.1044       | 1.1318       | 0.1056     | 0.9590       | 0.9280       | 0.8531   |           
58     | 2.6530     | 0.4523     | 1.0818       | 1.1189       | 0.1148     | 0.9579       | 0.9606       | 0.9189   | (ADV -0.08)
59     | 2.6593     | 0.4404     | 1.0895       | 1.1293       | 0.1112     | 0.9414       | 0.9547       | 0.9605   |           
60     | 2.5995     | 0.4043     | 1.0657       | 1.1296       | 0.1132     | 0.9764       | 0.9728       | 0.9903   | (ADV -0.08)
61     | 2.6281     | 0.4220     | 1.0790       | 1.1270       | 0.0914     | 0.9749       | 0.9402       | 0.8395   |           
62     | 2.6398     | 0.4321     | 1.0810       | 1.1268       | 0.0964     | 0.9827       | 0.9479       | 0.8347   |           
63     | 2.6372     | 0.4374     | 1.0777       | 1.1221       | 0.0950     | 0.9924       | 0.9728       | 0.8033   | (ADV -0.08)
64     | 2.6974     | 0.4464     | 1.1031       | 1.1479       | 0.1096     | 1.0096       | 0.9660       | 0.7363   |           
65     | 2.6561     | 0.4234     | 1.0942       | 1.1384       | 0.1003     | 1.0189       | 0.9569       | 0.8092   |           
66     | 2.6903     | 0.4669     | 1.0898       | 1.1337       | 0.1008     | 0.9981       | 0.9655       | 0.8944   |           
67     | 2.6505     | 0.4355     | 1.0728       | 1.1422       | 0.0930     | 0.9914       | 0.9715       | 0.8114   | (ADV -0.08)
68     | 2.6714     | 0.4277     | 1.0902       | 1.1534       | 0.0928     | 0.9844       | 0.9724       | 0.8751   | (ADV -0.08)
69     | 2.6669     | 0.4342     | 1.0927       | 1.1399       | 0.0960     | 0.9943       | 0.9643       | 0.9164   |           
70     | 2.6683     | 0.4320     | 1.0865       | 1.1499       | 0.0924     | 0.9712       | 1.0181       | 0.9229   |           
71     | 2.6713     | 0.4434     | 1.0765       | 1.1515       | 0.1038     | 0.9627       | 0.9599       | 0.9178   |           
72     | 2.6492     | 0.4276     | 1.0754       | 1.1461       | 0.0868     | 0.9609       | 0.9792       | 0.9119   |           
73     | 2.6653     | 0.4213     | 1.0943       | 1.1496       | 0.0907     | 0.9713       | 0.9505       | 0.8859   |           
74     | 2.6916     | 0.4384     | 1.0955       | 1.1578       | 0.0929     | 0.9893       | 0.9646       | 0.8665   |           
75     | 2.6542     | 0.4210     | 1.0883       | 1.1450       | 0.0872     | 0.9884       | 0.9903       | 0.9519   | (ADV -0.07)
76     | 2.6683     | 0.4065     | 1.1004       | 1.1613       | 0.0829     | 0.9916       | 0.9909       | 0.8930   | (ADV -0.07)
77     | 2.7270     | 0.4519     | 1.1116       | 1.1635       | 0.0955     | 1.0167       | 0.9940       | 0.8515   |           
78     | 2.7127     | 0.4269     | 1.1256       | 1.1601       | 0.0848     | 1.0374       | 0.9842       | 0.8696   |           
79     | 2.7583     | 0.4569     | 1.1421       | 1.1593       | 0.0909     | 1.0444       | 0.9927       | 0.8654   |           
80     | 2.7133     | 0.4188     | 1.1385       | 1.1561       | 0.0903     | 1.0607       | 0.9809       | 0.7883   |           
81     | 2.7378     | 0.4350     | 1.1386       | 1.1643       | 0.0863     | 1.0690       | 1.0013       | 0.8857   |           
82     | 2.7955     | 0.4638     | 1.1565       | 1.1752       | 0.0884     | 1.0316       | 1.0010       | 0.8545   |           
83     | 2.7398     | 0.4308     | 1.1347       | 1.1743       | 0.1045     | 1.0548       | 0.9823       | 0.9063   |           
84     | 2.7663     | 0.4466     | 1.1556       | 1.1641       | 0.0954     | 1.0674       | 0.9974       | 0.8458   |           
85     | 2.8281     | 0.4704     | 1.1680       | 1.1897       | 0.0894     | 1.0553       | 1.0081       | 0.8189   |           
86     | 2.8127     | 0.4568     | 1.1645       | 1.1913       | 0.0862     | 1.0707       | 1.0182       | 0.8895   |           
87     | 2.7786     | 0.4416     | 1.1477       | 1.1893       | 0.0876     | 1.0341       | 1.0218       | 0.8435   | (ADV -0.06)
88     | 2.8036     | 0.4485     | 1.1501       | 1.2050       | 0.1003     | 1.0637       | 1.0724       | 0.9235   | (ADV -0.06)
89     | 2.7869     | 0.4420     | 1.1493       | 1.1956       | 0.1053     | 1.0305       | 1.0333       | 0.8483   |           
90     | 2.7752     | 0.4357     | 1.1562       | 1.1832       | 0.0984     | 1.0439       | 1.0144       | 0.8100   |           
91     | 2.8050     | 0.4561     | 1.1524       | 1.1964       | 0.0860     | 1.0297       | 1.0066       | 0.8229   |           
92     | 2.7693     | 0.4169     | 1.1620       | 1.1904       | 0.0831     | 1.0489       | 1.0666       | 0.8971   | (ADV -0.06)
93     | 2.7993     | 0.4429     | 1.1590       | 1.1973       | 0.0799     | 1.0309       | 1.0474       | 0.9752   |           
94     | 2.7981     | 0.4324     | 1.1623       | 1.2034       | 0.0875     | 1.0591       | 1.0557       | 0.9109   | (ADV -0.06)
95     | 2.8538     | 0.4803     | 1.1766       | 1.1969       | 0.0785     | 1.0275       | 1.0250       | 0.9616   |           
96     | 2.7534     | 0.4262     | 1.1552       | 1.1720       | 0.0798     | 1.0576       | 1.0311       | 0.9140   |           
97     | 2.7653     | 0.4203     | 1.1655       | 1.1795       | 0.0884     | 1.0511       | 1.0497       | 0.8561   |           
98     | 2.8365     | 0.4833     | 1.1569       | 1.1962       | 0.0881     | 1.0149       | 1.0362       | 0.8076   |           
99     | 2.7478     | 0.4133     | 1.1416       | 1.1930       | 0.1046     | 1.0225       | 1.0368       | 0.8512   |           
100    | 2.8349     | 0.4660     | 1.1718       | 1.1971       | 0.0823     | 1.0034       | 1.0279       | 0.8405   |           
101    | 2.7567     | 0.4213     | 1.1520       | 1.1834       | 0.0924     | 1.0335       | 1.0350       | 0.9031   |           
102    | 2.8027     | 0.4535     | 1.1659       | 1.1832       | 0.0855     | 1.0593       | 1.0288       | 0.9910   |           
103    | 2.7534     | 0.4211     | 1.1622       | 1.1701       | 0.0885     | 1.0157       | 1.0324       | 0.9385   |           
104    | 2.7107     | 0.3967     | 1.1473       | 1.1667       | 0.0852     | 1.0625       | 1.0443       | 0.9898   |           
105    | 2.7652     | 0.4170     | 1.1540       | 1.1942       | 0.0877     | 1.0385       | 1.0473       | 0.9657   |           
106    | 2.7702     | 0.4065     | 1.1618       | 1.2019       | 0.0897     | 1.0449       | 1.0582       | 0.9179   |           
107    | 2.7858     | 0.4396     | 1.1483       | 1.1979       | 0.0880     | 1.0427       | 1.0455       | 0.8923   |           
108    | 2.7928     | 0.4355     | 1.1596       | 1.1977       | 0.0891     | 1.0805       | 1.0590       | 0.9605   |           
109    | 2.7459     | 0.4058     | 1.1486       | 1.1915       | 0.0827     | 1.0535       | 1.0588       | 0.8800   | (ADV -0.06)
110    | 2.7663     | 0.4341     | 1.1464       | 1.1858       | 0.1125     | 1.0677       | 1.0553       | 0.9846   |           
111    | 2.7832     | 0.4323     | 1.1555       | 1.1954       | 0.0764     | 1.0583       | 1.0323       | 0.8980   |           
112    | 2.7924     | 0.4400     | 1.1571       | 1.1953       | 0.0947     | 1.0585       | 1.0586       | 1.0246   |           
113    | 2.7755     | 0.4069     | 1.1706       | 1.1980       | 0.0956     | 1.0352       | 1.0507       | 0.9863   |           
114    | 2.7490     | 0.4081     | 1.1538       | 1.1871       | 0.0910     | 1.0749       | 1.0479       | 1.0476   |           
115    | 2.8149     | 0.4478     | 1.1663       | 1.2008       | 0.0790     | 1.0687       | 1.0356       | 0.9437   |           
116    | 2.7922     | 0.4311     | 1.1648       | 1.1964       | 0.0785     | 1.0678       | 1.0557       | 0.9259   | (ADV -0.05)
117    | 2.7876     | 0.4387     | 1.1706       | 1.1783       | 0.0793     | 1.0497       | 1.0381       | 0.8700   |           
118    | 2.7444     | 0.4072     | 1.1556       | 1.1815       | 0.0866     | 1.0137       | 1.0497       | 0.8153   |           
119    | 2.7377     | 0.3891     | 1.1507       | 1.1978       | 0.0845     | 1.0155       | 1.0602       | 0.8775   |           
120    | 2.8004     | 0.4311     | 1.1641       | 1.2052       | 0.0728     | 1.0387       | 1.0295       | 0.9139   |           
121    | 2.7816     | 0.4313     | 1.1475       | 1.2028       | 0.0873     | 1.0262       | 1.0638       | 0.8514   |           
122    | 2.7626     | 0.4039     | 1.1628       | 1.1958       | 0.0627     | 1.0505       | 1.0369       | 0.9061   | (ADV -0.05)
123    | 2.7403     | 0.3969     | 1.1574       | 1.1860       | 0.0834     | 1.0362       | 1.0362       | 0.9188   |           
124    | 2.7683     | 0.4138     | 1.1634       | 1.1911       | 0.0770     | 1.0435       | 1.0512       | 0.9243   |           
125    | 2.7112     | 0.3718     | 1.1523       | 1.1871       | 0.0805     | 1.0445       | 1.0685       | 0.8448   |           
126    | 2.7133     | 0.3797     | 1.1603       | 1.1732       | 0.0744     | 1.0446       | 1.0335       | 0.8790   |           
127    | 2.7461     | 0.3971     | 1.1666       | 1.1825       | 0.0871     | 1.0484       | 1.0602       | 0.8677   |           
128    | 2.8133     | 0.4526     | 1.1770       | 1.1836       | 0.0713     | 1.0537       | 1.0564       | 0.8660   | (ADV -0.05)
129    | 2.8319     | 0.4434     | 1.1829       | 1.2056       | 0.0840     | 1.0581       | 1.0582       | 0.8181   |           
130    | 2.7393     | 0.3893     | 1.1720       | 1.1780       | 0.0852     | 1.0424       | 1.0587       | 0.7638   |           
131    | 2.7836     | 0.4156     | 1.1797       | 1.1884       | 0.0859     | 1.0526       | 1.0481       | 0.8311   |           
132    | 2.7958     | 0.4145     | 1.1821       | 1.1992       | 0.0789     | 1.0379       | 1.0561       | 0.9627   |           
133    | 2.7449     | 0.3832     | 1.1629       | 1.1987       | 0.1024     | 1.0785       | 1.0766       | 0.8810   |           
134    | 2.7714     | 0.4037     | 1.1688       | 1.1989       | 0.0879     | 1.0621       | 1.0605       | 0.8798   |           
135    | 2.8036     | 0.4333     | 1.1669       | 1.2033       | 0.0776     | 1.0281       | 1.0700       | 0.9136   |           
136    | 2.7461     | 0.3901     | 1.1617       | 1.1942       | 0.0882     | 1.0371       | 1.0758       | 0.8874   |           
137    | 2.7668     | 0.4064     | 1.1717       | 1.1887       | 0.0846     | 1.0448       | 1.0724       | 0.8658   |           
138    | 2.8091     | 0.4111     | 1.1782       | 1.2197       | 0.0756     | 1.0793       | 1.0689       | 0.8762   | (ADV -0.05)
139    | 2.7866     | 0.4116     | 1.1697       | 1.2053       | 0.0685     | 1.0611       | 1.0742       | 0.8747   | (ADV -0.05)
140    | 2.7910     | 0.4226     | 1.1684       | 1.2000       | 0.0763     | 1.0529       | 1.0888       | 0.8733   |           
141    | 2.7763     | 0.3933     | 1.1726       | 1.2104       | 0.0903     | 1.0581       | 1.1122       | 0.7682   |           
142    | 2.8247     | 0.4198     | 1.1941       | 1.2107       | 0.0756     | 1.0788       | 1.0722       | 0.9169   | (ADV -0.05)
143    | 2.7769     | 0.3938     | 1.1838       | 1.1993       | 0.0830     | 1.0907       | 1.0881       | 0.8399   | (ADV -0.05)
144    | 2.8141     | 0.4195     | 1.1851       | 1.2095       | 0.0847     | 1.0822       | 1.0970       | 0.8300   |           
145    | 2.7631     | 0.3907     | 1.1772       | 1.1952       | 0.0947     | 1.0952       | 1.1101       | 0.9771   |           
146    | 2.7903     | 0.4007     | 1.1739       | 1.2157       | 0.0873     | 1.0801       | 1.0795       | 0.9402   |           
147    | 2.7659     | 0.3981     | 1.1675       | 1.2003       | 0.0841     | 1.0950       | 1.0779       | 0.9188   |           
148    | 2.7490     | 0.3799     | 1.1773       | 1.1919       | 0.0808     | 1.0855       | 1.0644       | 0.9701   |           
149    | 2.8039     | 0.4068     | 1.1967       | 1.2003       | 0.0825     | 1.0792       | 1.0795       | 0.9528   |           
150    | 2.8010     | 0.4068     | 1.1848       | 1.2093       | 0.0843     | 1.0697       | 1.0823       | 0.8863   |           
151    | 2.7708     | 0.3874     | 1.1829       | 1.2005       | 0.0683     | 1.0866       | 1.0931       | 0.9004   | (ADV -0.04)
152    | 2.7691     | 0.3754     | 1.1903       | 1.2034       | 0.0776     | 1.0742       | 1.0917       | 0.9614   |           
153    | 2.8014     | 0.3963     | 1.1892       | 1.2159       | 0.0914     | 1.0974       | 1.1022       | 0.9221   |           
154    | 2.7567     | 0.3686     | 1.1802       | 1.2079       | 0.0916     | 1.1146       | 1.1016       | 0.8538   |           
155    | 2.7834     | 0.3913     | 1.1983       | 1.1938       | 0.0880     | 1.0845       | 1.0860       | 0.9227   |           
156    | 2.8267     | 0.4163     | 1.2007       | 1.2097       | 0.0906     | 1.1081       | 1.0809       | 0.9989   |           
157    | 2.8191     | 0.3871     | 1.2106       | 1.2214       | 0.0871     | 1.1032       | 1.1012       | 0.8862   |           
158    | 2.8274     | 0.3988     | 1.2063       | 1.2222       | 0.0737     | 1.1261       | 1.0816       | 0.8881   |           
159    | 2.8502     | 0.4152     | 1.2184       | 1.2167       | 0.0791     | 1.1040       | 1.1051       | 0.8931   | (ADV -0.04)
160    | 2.8624     | 0.4141     | 1.2280       | 1.2203       | 0.0900     | 1.1234       | 1.1064       | 0.9014   |           
161    | 2.8465     | 0.4095     | 1.2253       | 1.2117       | 0.0734     | 1.1272       | 1.1152       | 0.8115   | (ADV -0.04)
162    | 2.8331     | 0.3836     | 1.2240       | 1.2255       | 0.0819     | 1.1382       | 1.1339       | 0.8236   | (ADV -0.04)
163    | 2.8534     | 0.3938     | 1.2149       | 1.2447       | 0.0824     | 1.1453       | 1.1281       | 0.8576   |           
164    | 2.8686     | 0.4079     | 1.2200       | 1.2407       | 0.0963     | 1.1374       | 1.1263       | 0.8380   |           
165    | 2.8674     | 0.4067     | 1.2258       | 1.2350       | 0.0724     | 1.1545       | 1.1245       | 0.9059   |           
166    | 2.8386     | 0.3877     | 1.2206       | 1.2304       | 0.0874     | 1.1487       | 1.1314       | 0.9438   |           
167    | 2.8556     | 0.3900     | 1.2260       | 1.2395       | 0.0932     | 1.1246       | 1.1366       | 0.9140   |           
168    | 2.8698     | 0.3918     | 1.2392       | 1.2388       | 0.0705     | 1.1286       | 1.1167       | 0.9521   |           
169    | 2.8801     | 0.4014     | 1.2372       | 1.2415       | 0.0904     | 1.1374       | 1.1399       | 0.8553   |           
170    | 2.8460     | 0.3960     | 1.2303       | 1.2198       | 0.1028     | 1.1317       | 1.1195       | 0.9501   |           
171    | 2.8718     | 0.4007     | 1.2387       | 1.2324       | 0.0802     | 1.1296       | 1.1384       | 0.8877   |           
172    | 2.8398     | 0.3751     | 1.2257       | 1.2390       | 0.0807     | 1.1454       | 1.1377       | 0.8885   | (ADV -0.04)
173    | 2.8126     | 0.3604     | 1.2205       | 1.2317       | 0.0935     | 1.1505       | 1.1564       | 0.8721   |           
174    | 2.8580     | 0.3726     | 1.2325       | 1.2528       | 0.0852     | 1.1388       | 1.1525       | 0.8425   |           
175    | 2.8527     | 0.3657     | 1.2275       | 1.2595       | 0.0819     | 1.1397       | 1.1906       | 0.9551   |           
176    | 2.8583     | 0.3754     | 1.2327       | 1.2502       | 0.0708     | 1.1488       | 1.1738       | 0.9164   | (ADV -0.04)
177    | 2.8628     | 0.3689     | 1.2447       | 1.2492       | 0.1279     | 1.1622       | 1.1852       | 0.9014   |           
178    | 2.8364     | 0.3526     | 1.2338       | 1.2499       | 0.0918     | 1.1587       | 1.1756       | 0.8972   |           
179    | 2.8725     | 0.3694     | 1.2374       | 1.2658       | 0.0813     | 1.1649       | 1.1701       | 0.8672   | (ADV -0.03)
180    | 2.8968     | 0.3985     | 1.2342       | 1.2640       | 0.0939     | 1.1637       | 1.1874       | 0.8308   |           
181    | 2.8794     | 0.3855     | 1.2312       | 1.2628       | 0.1047     | 1.1670       | 1.2015       | 0.7934   |           
182    | 2.8791     | 0.3717     | 1.2311       | 1.2763       | 0.0719     | 1.1300       | 1.1812       | 0.8200   |           
183    | 2.8483     | 0.3475     | 1.2303       | 1.2706       | 0.0752     | 1.1399       | 1.1878       | 0.8814   |           
184    | 2.8739     | 0.3772     | 1.2298       | 1.2669       | 0.0764     | 1.1385       | 1.1968       | 0.8038   |           
185    | 2.8474     | 0.3510     | 1.2253       | 1.2712       | 0.0756     | 1.1572       | 1.1881       | 0.8384   |           
186    | 2.9049     | 0.3787     | 1.2515       | 1.2747       | 0.0789     | 1.1639       | 1.1995       | 0.8872   |           
187    | 2.8672     | 0.3554     | 1.2367       | 1.2751       | 0.1102     | 1.1778       | 1.2100       | 0.8616   |           
188    | 2.8905     | 0.3747     | 1.2422       | 1.2736       | 0.0767     | 1.1943       | 1.2065       | 0.9649   | (ADV -0.03)
189    | 2.9397     | 0.4083     | 1.2496       | 1.2818       | 0.0704     | 1.1688       | 1.2028       | 0.8816   |           
190    | 2.8745     | 0.3661     | 1.2371       | 1.2713       | 0.0810     | 1.1787       | 1.1932       | 0.7913   |           
191    | 2.8699     | 0.3480     | 1.2357       | 1.2862       | 0.0689     | 1.1735       | 1.2210       | 0.7666   |           
192    | 2.9033     | 0.3730     | 1.2487       | 1.2816       | 0.0974     | 1.2068       | 1.2149       | 0.8172   |           
193    | 2.9141     | 0.3695     | 1.2616       | 1.2830       | 0.0783     | 1.2166       | 1.2118       | 0.8311   | (ADV -0.02)
194    | 2.9338     | 0.3994     | 1.2587       | 1.2757       | 0.0732     | 1.1796       | 1.1873       | 0.8669   |           
195    | 2.8777     | 0.3500     | 1.2500       | 1.2776       | 0.0812     | 1.1966       | 1.2134       | 0.8239   |           
196    | 2.8433     | 0.3147     | 1.2567       | 1.2718       | 0.0945     | 1.2064       | 1.2172       | 0.8757   |           
197    | 2.8848     | 0.3528     | 1.2557       | 1.2763       | 0.0964     | 1.2284       | 1.2168       | 0.9496   |           
198    | 2.9220     | 0.3675     | 1.2727       | 1.2818       | 0.0756     | 1.2314       | 1.2192       | 0.8874   | (ADV -0.02)
199    | 2.9386     | 0.3809     | 1.2753       | 1.2825       | 0.0841     | 1.2200       | 1.2071       | 0.8823   |           
200    | 2.8962     | 0.3477     | 1.2638       | 1.2847       | 0.0911     | 1.2153       | 1.2180       | 0.8727   |           
201    | 2.8847     | 0.3449     | 1.2568       | 1.2830       | 0.0800     | 1.1955       | 1.2201       | 0.8583   |           
202    | 2.9259     | 0.3650     | 1.2676       | 1.2934       | 0.0850     | 1.2070       | 1.2567       | 0.8959   |           
203    | 2.9227     | 0.3653     | 1.2580       | 1.2994       | 0.0712     | 1.1958       | 1.2458       | 0.8741   |           
204    | 2.9073     | 0.3538     | 1.2574       | 1.2961       | 0.0819     | 1.1965       | 1.2375       | 0.8735   |           
205    | 2.8701     | 0.3183     | 1.2550       | 1.2968       | 0.0783     | 1.1972       | 1.2331       | 0.8523   |           
206    | 2.8656     | 0.3266     | 1.2629       | 1.2761       | 0.0753     | 1.1967       | 1.2081       | 0.8379   |           
207    | 2.8742     | 0.3257     | 1.2661       | 1.2824       | 0.0743     | 1.2414       | 1.2244       | 0.7530   | (ADV -0.02)
208    | 2.8764     | 0.3318     | 1.2720       | 1.2726       | 0.0825     | 1.2058       | 1.2077       | 0.8119   |           
209    | 2.9348     | 0.3724     | 1.2826       | 1.2798       | 0.0727     | 1.2103       | 1.2190       | 0.7769   |           
210    | 2.8996     | 0.3408     | 1.2740       | 1.2848       | 0.0663     | 1.2219       | 1.2074       | 0.7948   |           
211    | 2.8782     | 0.3312     | 1.2697       | 1.2774       | 0.0736     | 1.2018       | 1.2189       | 0.8192   |           
212    | 2.9207     | 0.3700     | 1.2678       | 1.2830       | 0.0804     | 1.2137       | 1.2093       | 0.8559   |           
213    | 2.9113     | 0.3494     | 1.2687       | 1.2931       | 0.0830     | 1.2190       | 1.2201       | 0.9364   |           
214    | 2.8954     | 0.3353     | 1.2755       | 1.2846       | 0.0751     | 1.2303       | 1.2251       | 0.8763   | (ADV -0.02)
215    | 2.8906     | 0.3243     | 1.2755       | 1.2908       | 0.0767     | 1.2247       | 1.2422       | 0.8290   |           
216    | 2.8921     | 0.3242     | 1.2726       | 1.2953       | 0.0874     | 1.2268       | 1.2465       | 0.8564   |           
217    | 2.8808     | 0.3142     | 1.2736       | 1.2930       | 0.0972     | 1.2373       | 1.2369       | 0.8823   |           
218    | 2.9236     | 0.3515     | 1.2781       | 1.2941       | 0.0782     | 1.2452       | 1.2406       | 0.8802   | (ADV -0.02)
219    | 2.9006     | 0.3249     | 1.2787       | 1.2970       | 0.0875     | 1.2319       | 1.2458       | 0.9122   |           
220    | 2.9152     | 0.3273     | 1.2936       | 1.2944       | 0.0819     | 1.2464       | 1.2466       | 0.8543   | (ADV -0.02)
221    | 2.8720     | 0.2998     | 1.2785       | 1.2938       | 0.0871     | 1.2331       | 1.2441       | 0.8385   |           
222    | 2.9251     | 0.3447     | 1.2857       | 1.2947       | 0.0702     | 1.2389       | 1.2481       | 0.8131   | (ADV -0.02)
223    | 2.9003     | 0.3176     | 1.2823       | 1.3003       | 0.0807     | 1.2514       | 1.2410       | 0.8221   |           
224    | 2.9178     | 0.3308     | 1.2881       | 1.2989       | 0.0703     | 1.2612       | 1.2587       | 0.9862   | (ADV -0.01)
225    | 2.8973     | 0.3130     | 1.2846       | 1.2998       | 0.0836     | 1.2526       | 1.2665       | 0.8825   |           
226    | 2.9380     | 0.3483     | 1.2897       | 1.3000       | 0.0885     | 1.2578       | 1.2743       | 0.8868   |           
227    | 2.8904     | 0.3069     | 1.2859       | 1.2976       | 0.1010     | 1.2596       | 1.2754       | 0.9525   |           
228    | 2.9273     | 0.3301     | 1.2914       | 1.3059       | 0.1081     | 1.2660       | 1.2741       | 0.9695   |           
229    | 2.9336     | 0.3314     | 1.2960       | 1.3062       | 0.0704     | 1.2496       | 1.2699       | 1.0235   |           
230    | 2.8885     | 0.2973     | 1.2857       | 1.3055       | 0.0845     | 1.2676       | 1.2788       | 0.9148   |           
231    | 2.9270     | 0.3277     | 1.2941       | 1.3051       | 0.0843     | 1.2558       | 1.2827       | 0.8937   |           
232    | 2.9302     | 0.3306     | 1.2918       | 1.3078       | 0.0986     | 1.2676       | 1.2852       | 0.8754   |           
233    | 2.9122     | 0.3135     | 1.2959       | 1.3028       | 0.0784     | 1.2754       | 1.2822       | 0.8529   | (ADV -0.01)
234    | 2.9367     | 0.3307     | 1.2957       | 1.3102       | 0.0804     | 1.2672       | 1.2702       | 0.9138   |           
235    | 2.9239     | 0.3164     | 1.2987       | 1.3088       | 0.0874     | 1.2696       | 1.2756       | 0.8973   |           
236    | 2.9216     | 0.3115     | 1.2944       | 1.3158       | 0.0796     | 1.2769       | 1.2736       | 0.8880   | (ADV -0.01)
237    | 2.9042     | 0.3003     | 1.2943       | 1.3095       | 0.0833     | 1.2761       | 1.2711       | 0.8308   |           
238    | 2.9150     | 0.3056     | 1.3000       | 1.3095       | 0.0739     | 1.2819       | 1.2745       | 0.9271   | (ADV -0.01)
239    | 2.9304     | 0.3184     | 1.3073       | 1.3047       | 0.0731     | 1.2687       | 1.2801       | 0.9592   |           
240    | 2.9480     | 0.3253     | 1.3066       | 1.3161       | 0.0903     | 1.2805       | 1.2779       | 0.9184   |           
241    | 2.9442     | 0.3268     | 1.3061       | 1.3113       | 0.0787     | 1.2933       | 1.2774       | 0.9327   |           
242    | 2.9651     | 0.3505     | 1.3047       | 1.3099       | 0.0822     | 1.2828       | 1.2765       | 0.8950   |           
243    | 2.9007     | 0.2845     | 1.3037       | 1.3125       | 0.0728     | 1.2644       | 1.2714       | 0.8878   |           
244    | 2.9623     | 0.3410     | 1.3062       | 1.3150       | 0.1110     | 1.2859       | 1.2771       | 0.8472   |           
245    | 2.9289     | 0.3084     | 1.3069       | 1.3136       | 0.0752     | 1.2781       | 1.2746       | 0.9176   | (ADV -0.01)
246    | 2.9250     | 0.3117     | 1.3028       | 1.3105       | 0.0897     | 1.2785       | 1.2824       | 0.9470   |           
247    | 2.9144     | 0.2949     | 1.3030       | 1.3165       | 0.0837     | 1.2757       | 1.2861       | 0.8787   |           
248    | 2.9120     | 0.2924     | 1.3079       | 1.3117       | 0.0852     | 1.2824       | 1.2955       | 1.0323   |           
249    | 2.9119     | 0.2942     | 1.3059       | 1.3118       | 0.0678     | 1.2792       | 1.2867       | 0.9710   | (ADV -0.01)
250    | 2.9392     | 0.3137     | 1.3093       | 1.3162       | 0.0743     | 1.2732       | 1.2846       | 0.7892   |           
251    | 2.9133     | 0.2893     | 1.3083       | 1.3158       | 0.0758     | 1.2719       | 1.2874       | 0.7933   |           
252    | 2.9163     | 0.2883     | 1.3091       | 1.3190       | 0.0660     | 1.2825       | 1.2923       | 0.8358   | (ADV -0.01)
253    | 2.9354     | 0.2997     | 1.3128       | 1.3229       | 0.0704     | 1.2740       | 1.2785       | 0.8603   |           
254    | 2.9304     | 0.2991     | 1.3116       | 1.3196       | 0.0673     | 1.2788       | 1.2986       | 0.9890   |           
255    | 2.9389     | 0.3050     | 1.3127       | 1.3212       | 0.0956     | 1.2804       | 1.3124       | 1.0371   |           
256    | 2.9094     | 0.2742     | 1.3107       | 1.3245       | 0.0603     | 1.2893       | 1.3079       | 0.9558   | (ADV -0.00)
257    | 2.9158     | 0.2793     | 1.3120       | 1.3245       | 0.0788     | 1.2871       | 1.3172       | 0.9030   |           
258    | 2.9250     | 0.2885     | 1.3138       | 1.3227       | 0.0806     | 1.2940       | 1.3125       | 0.8542   |           
259    | 2.9090     | 0.2801     | 1.3106       | 1.3183       | 0.0727     | 1.2934       | 1.3104       | 0.9166   |           
260    | 2.9600     | 0.3188     | 1.3170       | 1.3242       | 0.0864     | 1.2829       | 1.3035       | 0.8892   |           
261    | 2.8993     | 0.2626     | 1.3129       | 1.3237       | 0.0728     | 1.2890       | 1.2946       | 0.9689   |           
262    | 2.9337     | 0.2896     | 1.3207       | 1.3234       | 0.0692     | 1.2982       | 1.2951       | 0.9807   | (ADV -0.00)
263    | 2.9342     | 0.2934     | 1.3189       | 1.3220       | 0.0756     | 1.2980       | 1.3065       | 0.8727   |           
264    | 2.9353     | 0.3029     | 1.3114       | 1.3210       | 0.0741     | 1.3002       | 1.3072       | 0.9414   |           
265    | 2.9414     | 0.3057     | 1.3140       | 1.3217       | 0.0821     | 1.2780       | 1.3062       | 0.8762   |           
266    | 2.9702     | 0.3335     | 1.3127       | 1.3240       | 0.0866     | 1.2885       | 1.3039       | 0.9765   |           
267    | 2.9148     | 0.2801     | 1.3119       | 1.3228       | 0.0672     | 1.2874       | 1.3078       | 0.8721   |           
268    | 2.9105     | 0.2723     | 1.3134       | 1.3249       | 0.0947     | 1.2822       | 1.3133       | 0.8959   |           
269    | 2.9221     | 0.2841     | 1.3126       | 1.3255       | 0.0814     | 1.2846       | 1.3070       | 0.9082   |           
270    | 2.9116     | 0.2701     | 1.3151       | 1.3263       | 0.0846     | 1.2853       | 1.3046       | 0.8685   |           
271    | 2.9142     | 0.2704     | 1.3177       | 1.3260       | 0.0828     | 1.2915       | 1.3164       | 0.8364   |           
272    | 2.9385     | 0.2928     | 1.3181       | 1.3276       | 0.0651     | 1.2853       | 1.3078       | 0.8355   |           
273    | 2.9381     | 0.2974     | 1.3120       | 1.3288       | 0.0811     | 1.2825       | 1.3071       | 0.9345   |           
274    | 2.9555     | 0.3110     | 1.3143       | 1.3302       | 0.0733     | 1.2873       | 1.3104       | 0.8860   |           
275    | 2.9218     | 0.2822     | 1.3120       | 1.3276       | 0.0889     | 1.2946       | 1.3121       | 0.9743   |           
276    | 2.9120     | 0.2718     | 1.3132       | 1.3270       | 0.0911     | 1.2843       | 1.3094       | 0.8689   |           
277    | 2.9038     | 0.2609     | 1.3152       | 1.3278       | 0.0910     | 1.2862       | 1.3115       | 0.8113   |           
278    | 2.9107     | 0.2630     | 1.3160       | 1.3318       | 0.0735     | 1.2911       | 1.3178       | 0.8389   |           
279    | 2.8850     | 0.2360     | 1.3146       | 1.3343       | 0.0791     | 1.2947       | 1.3151       | 0.8395   |           
280    | 2.9491     | 0.2971     | 1.3222       | 1.3298       | 0.0878     | 1.3010       | 1.3095       | 0.8917   |           
281    | 2.9321     | 0.2817     | 1.3224       | 1.3280       | 0.0776     | 1.3017       | 1.3065       | 0.9429   |           
282    | 2.9545     | 0.2991     | 1.3215       | 1.3339       | 0.0840     | 1.2991       | 1.3062       | 0.8659   |           
283    | 2.9144     | 0.2672     | 1.3183       | 1.3289       | 0.0741     | 1.2884       | 1.3105       | 0.7952   |           
284    | 2.9137     | 0.2661     | 1.3151       | 1.3325       | 0.0783     | 1.3040       | 1.3117       | 0.9077   |           
285    | 2.9118     | 0.2663     | 1.3185       | 1.3271       | 0.0763     | 1.3068       | 1.3094       | 0.8391   | (ADV -0.00)
286    | 2.9544     | 0.3060     | 1.3194       | 1.3290       | 0.0741     | 1.2964       | 1.2977       | 0.8582   |           
287    | 2.9189     | 0.2711     | 1.3176       | 1.3302       | 0.0906     | 1.3113       | 1.3143       | 0.8853   |           
288    | 2.9564     | 0.3081     | 1.3153       | 1.3330       | 0.0703     | 1.3006       | 1.3119       | 0.8702   |           
289    | 2.9377     | 0.2893     | 1.3173       | 1.3310       | 0.0790     | 1.3062       | 1.3086       | 0.8421   |           
290    | 2.9272     | 0.2826     | 1.3217       | 1.3230       | 0.0695     | 1.3052       | 1.3103       | 0.8234   | (ADV -0.00)
291    | 2.9335     | 0.2828     | 1.3219       | 1.3287       | 0.0761     | 1.3047       | 1.3121       | 0.9144   |           
292    | 2.9251     | 0.2769     | 1.3222       | 1.3260       | 0.0739     | 1.3117       | 1.3047       | 0.7497   |           
293    | 2.9220     | 0.2723     | 1.3204       | 1.3292       | 0.0721     | 1.2996       | 1.3093       | 0.7764   |           
294    | 2.9154     | 0.2691     | 1.3193       | 1.3270       | 0.0907     | 1.3122       | 1.3068       | 0.8041   |           
295    | 2.9205     | 0.2728     | 1.3203       | 1.3275       | 0.0879     | 1.2989       | 1.3056       | 0.7693   |           
296    | 2.9181     | 0.2674     | 1.3262       | 1.3245       | 0.0736     | 1.3128       | 1.3096       | 0.7671   | (ADV -0.00)
297    | 2.9292     | 0.2753     | 1.3283       | 1.3256       | 0.0561     | 1.3108       | 1.3093       | 0.7595   | (ADV 0.00)
298    | 2.9177     | 0.2612     | 1.3269       | 1.3296       | 0.0669     | 1.2982       | 1.3009       | 0.8261   |           
299    | 2.9194     | 0.2661     | 1.3248       | 1.3285       | 0.0852     | 1.3144       | 1.3125       | 0.7423   |           
300    | 2.9308     | 0.2797     | 1.3241       | 1.3270       | 0.0663     | 1.2960       | 1.3091       | 0.8177   |           
301    | 2.9325     | 0.2791     | 1.3254       | 1.3279       | 0.0779     | 1.3074       | 1.3238       | 0.8540   |           
302    | 2.9152     | 0.2608     | 1.3233       | 1.3311       | 0.0740     | 1.3059       | 1.3185       | 0.8745   |           
303    | 2.9405     | 0.2824     | 1.3269       | 1.3312       | 0.0694     | 1.3152       | 1.3193       | 0.8760   |           
304    | 2.9346     | 0.2772     | 1.3238       | 1.3335       | 0.0728     | 1.3063       | 1.3142       | 0.8364   |           
305    | 2.8940     | 0.2417     | 1.3189       | 1.3335       | 0.0772     | 1.2977       | 1.3196       | 0.8690   |           
306    | 2.9267     | 0.2691     | 1.3256       | 1.3319       | 0.0643     | 1.3023       | 1.3151       | 0.8275   |           
307    | 2.9166     | 0.2625     | 1.3217       | 1.3323       | 0.0751     | 1.3036       | 1.3168       | 0.8484   |           
308    | 2.9239     | 0.2677     | 1.3234       | 1.3328       | 0.0674     | 1.3012       | 1.3211       | 0.8852   |           
309    | 2.9158     | 0.2603     | 1.3221       | 1.3334       | 0.0791     | 1.3069       | 1.3208       | 0.8621   |           
310    | 2.9042     | 0.2529     | 1.3201       | 1.3311       | 0.0681     | 1.2938       | 1.3220       | 0.8693   |           
311    | 2.9094     | 0.2561     | 1.3232       | 1.3301       | 0.0718     | 1.3105       | 1.3247       | 0.8253   |           
312    | 2.9172     | 0.2591     | 1.3276       | 1.3305       | 0.0649     | 1.3066       | 1.3171       | 0.8373   |           
313    | 2.9136     | 0.2546     | 1.3259       | 1.3331       | 0.0691     | 1.3143       | 1.3207       | 0.8743   |           
314    | 2.9113     | 0.2579     | 1.3250       | 1.3283       | 0.0747     | 1.3051       | 1.3138       | 0.8026   |           
315    | 2.9126     | 0.2592     | 1.3231       | 1.3303       | 0.0749     | 1.3054       | 1.3135       | 0.8987   |           
316    | 2.9301     | 0.2630     | 1.3325       | 1.3347       | 0.0688     | 1.3065       | 1.3144       | 0.8681   |           
317    | 2.9043     | 0.2478     | 1.3219       | 1.3347       | 0.0798     | 1.3116       | 1.3158       | 0.8701   |           
318    | 2.9060     | 0.2531     | 1.3233       | 1.3296       | 0.0793     | 1.3119       | 1.3256       | 0.8131   |           
319    | 2.9008     | 0.2434     | 1.3261       | 1.3313       | 0.0744     | 1.3184       | 1.3215       | 0.7630   |           
320    | 2.9378     | 0.2836     | 1.3285       | 1.3257       | 0.0663     | 1.3085       | 1.3143       | 0.7955   |           
321    | 2.9336     | 0.2835     | 1.3229       | 1.3272       | 0.0700     | 1.3124       | 1.3190       | 0.7303   |           
322    | 2.9131     | 0.2619     | 1.3248       | 1.3265       | 0.0737     | 1.3038       | 1.3170       | 0.8518   |           
323    | 2.9378     | 0.2788     | 1.3245       | 1.3344       | 0.0774     | 1.3092       | 1.3217       | 0.7780   |           
324    | 2.9094     | 0.2541     | 1.3232       | 1.3322       | 0.0598     | 1.3051       | 1.3163       | 0.8509   |           
325    | 2.9225     | 0.2692     | 1.3209       | 1.3323       | 0.0665     | 1.3062       | 1.3177       | 0.7749   |           
326    | 2.8862     | 0.2315     | 1.3223       | 1.3324       | 0.0746     | 1.3165       | 1.3304       | 0.9558   |           
327    | 2.9243     | 0.2614     | 1.3282       | 1.3347       | 0.0667     | 1.3043       | 1.3250       | 0.9072   |           
328    | 2.8999     | 0.2406     | 1.3273       | 1.3321       | 0.0765     | 1.3166       | 1.3173       | 0.7913   |           
329    | 2.9263     | 0.2711     | 1.3228       | 1.3325       | 0.0752     | 1.3103       | 1.3194       | 0.8493   |           
330    | 2.9075     | 0.2484     | 1.3248       | 1.3342       | 0.0782     | 1.3042       | 1.3176       | 0.8447   |           
331    | 2.9507     | 0.2932     | 1.3225       | 1.3350       | 0.0711     | 1.3037       | 1.3133       | 0.9476   |           
332    | 2.9234     | 0.2698     | 1.3201       | 1.3335       | 0.0738     | 1.3058       | 1.3232       | 0.9292   |           
333    | 2.9047     | 0.2460     | 1.3246       | 1.3342       | 0.0659     | 1.3101       | 1.3242       | 0.8343   |           
334    | 2.9332     | 0.2691     | 1.3285       | 1.3356       | 0.0625     | 1.3058       | 1.3269       | 0.9169   |           
335    | 2.9024     | 0.2452     | 1.3225       | 1.3346       | 0.0565     | 1.3033       | 1.3253       | 0.8906   |           
336    | 2.9332     | 0.2751     | 1.3255       | 1.3326       | 0.0626     | 1.3022       | 1.3225       | 0.8405   |           
337    | 2.9005     | 0.2379     | 1.3267       | 1.3360       | 0.0761     | 1.3054       | 1.3315       | 0.9029   |           
338    | 2.9146     | 0.2486     | 1.3270       | 1.3390       | 0.0672     | 1.3135       | 1.3310       | 0.8856   |           
339    | 2.9304     | 0.2646     | 1.3256       | 1.3402       | 0.0709     | 1.3039       | 1.3239       | 0.9085   |           
340    | 2.8849     | 0.2223     | 1.3247       | 1.3379       | 0.0730     | 1.2979       | 1.3288       | 0.8676   |           
341    | 2.9194     | 0.2526     | 1.3263       | 1.3406       | 0.0740     | 1.3056       | 1.3296       | 0.8302   |           
342    | 2.8902     | 0.2289     | 1.3231       | 1.3382       | 0.0735     | 1.3089       | 1.3317       | 0.8086   |           
343    | 2.9132     | 0.2390     | 1.3321       | 1.3421       | 0.0643     | 1.3074       | 1.3304       | 0.8389   |           
344    | 2.8952     | 0.2270     | 1.3271       | 1.3411       | 0.0816     | 1.3193       | 1.3222       | 0.8468   |           
345    | 2.9342     | 0.2644     | 1.3311       | 1.3387       | 0.0814     | 1.3043       | 1.3236       | 0.8259   |           
346    | 2.9135     | 0.2533     | 1.3244       | 1.3358       | 0.0730     | 1.3064       | 1.3310       | 0.8275   |           
347    | 2.9078     | 0.2400     | 1.3270       | 1.3408       | 0.0733     | 1.3107       | 1.3291       | 0.9396   |           
348    | 2.9197     | 0.2539     | 1.3254       | 1.3404       | 0.0771     | 1.3046       | 1.3284       | 0.9415   |           
349    | 2.9225     | 0.2512     | 1.3288       | 1.3425       | 0.0781     | 1.3087       | 1.3343       | 0.8471   |           
350    | 2.8942     | 0.2328     | 1.3214       | 1.3399       | 0.0693     | 1.2998       | 1.3221       | 0.8640   |           
351    | 2.8964     | 0.2263     | 1.3271       | 1.3430       | 0.0815     | 1.3086       | 1.3241       | 0.8742   |           
352    | 2.9263     | 0.2551     | 1.3297       | 1.3416       | 0.0624     | 1.3149       | 1.3260       | 0.7831   |           
353    | 2.9111     | 0.2463     | 1.3294       | 1.3353       | 0.0690     | 1.3075       | 1.3285       | 0.8512   |           
354    | 2.8815     | 0.2166     | 1.3246       | 1.3403       | 0.0766     | 1.3135       | 1.3336       | 0.7799   |           
355    | 2.9079     | 0.2356     | 1.3326       | 1.3396       | 0.0685     | 1.3275       | 1.3346       | 0.8606   |           
356    | 2.9105     | 0.2443     | 1.3297       | 1.3365       | 0.0791     | 1.3185       | 1.3275       | 0.7948   |           
357    | 2.9150     | 0.2472     | 1.3273       | 1.3405       | 0.0809     | 1.3121       | 1.3277       | 0.7833   |           
358    | 2.9089     | 0.2461     | 1.3266       | 1.3362       | 0.0756     | 1.3206       | 1.3295       | 0.7960   |           
359    | 2.9303     | 0.2711     | 1.3269       | 1.3324       | 0.0834     | 1.3127       | 1.3232       | 0.7764   |           
360    | 2.9046     | 0.2384     | 1.3279       | 1.3383       | 0.0650     | 1.3176       | 1.3280       | 0.8046   |           
361    | 2.9033     | 0.2375     | 1.3281       | 1.3377       | 0.0715     | 1.3259       | 1.3217       | 0.8143   |           
362    | 2.9077     | 0.2425     | 1.3278       | 1.3373       | 0.0645     | 1.3204       | 1.3295       | 0.8251   |           
363    | 2.9229     | 0.2501     | 1.3346       | 1.3381       | 0.0637     | 1.3302       | 1.3334       | 0.8750   | (ADV 0.01)
364    | 2.9149     | 0.2458     | 1.3338       | 1.3353       | 0.0679     | 1.3241       | 1.3357       | 0.7947   |           
365    | 2.9152     | 0.2497     | 1.3269       | 1.3386       | 0.0731     | 1.3242       | 1.3298       | 0.8263   |           
366    | 2.9236     | 0.2548     | 1.3324       | 1.3364       | 0.0746     | 1.3185       | 1.3363       | 0.8957   |           
367    | 2.9140     | 0.2472     | 1.3282       | 1.3386       | 0.0732     | 1.3160       | 1.3315       | 0.8581   |           
368    | 2.9013     | 0.2375     | 1.3235       | 1.3403       | 0.0807     | 1.3270       | 1.3387       | 0.8670   |           
369    | 2.9154     | 0.2512     | 1.3249       | 1.3393       | 0.0678     | 1.3113       | 1.3182       | 0.8757   |           
370    | 2.9339     | 0.2647     | 1.3287       | 1.3404       | 0.0603     | 1.3143       | 1.3325       | 0.8773   |           
/home/mcslab/yutung/MCSLAB_RSSI_RTT_Dataset/FusionCDAN/fusion_cdan_v2_noRSSIDiff.py:201: FutureWarning: DataFrameGroupBy.apply operated on the grouping columns. This behavior is deprecated, and in a future version of pandas the grouping columns will be excluded from the operation. Either pass `include_groups=False` to exclude the groupings or explicitly select the grouping columns after groupby to silence this warning.
  df = df.groupby('Label').apply(
/home/mcslab/yutung/MCSLAB_RSSI_RTT_Dataset/FusionCDAN/fusion_cdan_v2_noRSSIDiff.py:201: FutureWarning: DataFrameGroupBy.apply operated on the grouping columns. This behavior is deprecated, and in a future version of pandas the grouping columns will be excluded from the operation. Either pass `include_groups=False` to exclude the groupings or explicitly select the grouping columns after groupby to silence this warning.
  df = df.groupby('Label').apply(
371    | 2.9076     | 0.2410     | 1.3245       | 1.3422       | 0.1000     | 1.3205       | 1.3434       | 0.8879   |           
372    | 2.9045     | 0.2322     | 1.3276       | 1.3446       | 0.0738     | 1.3144       | 1.3289       | 0.8758   |           
373    | 2.8943     | 0.2325     | 1.3258       | 1.3361       | 0.0532     | 1.3154       | 1.3347       | 0.8431   |           
374    | 2.9117     | 0.2388     | 1.3326       | 1.3403       | 0.0664     | 1.3114       | 1.3366       | 0.8486   |           
375    | 2.9184     | 0.2508     | 1.3287       | 1.3389       | 0.0640     | 1.3120       | 1.3279       | 0.8850   |           
376    | 2.9076     | 0.2429     | 1.3259       | 1.3388       | 0.0670     | 1.3203       | 1.3258       | 0.8723   |           
377    | 2.9117     | 0.2480     | 1.3306       | 1.3331       | 0.0755     | 1.2978       | 1.3182       | 0.8330   |           
378    | 2.9068     | 0.2450     | 1.3250       | 1.3367       | 0.0588     | 1.3070       | 1.3268       | 0.8946   |           
379    | 2.8898     | 0.2310     | 1.3235       | 1.3353       | 0.0602     | 1.3113       | 1.3270       | 0.9029   |           
380    | 2.9426     | 0.2833     | 1.3247       | 1.3346       | 0.0633     | 1.3052       | 1.3174       | 0.8903   |           
381    | 2.8963     | 0.2355     | 1.3235       | 1.3373       | 0.0595     | 1.3024       | 1.3245       | 0.8773   |           
382    | 2.8794     | 0.2138     | 1.3262       | 1.3394       | 0.0659     | 1.3117       | 1.3332       | 0.8231   |           
383    | 2.8970     | 0.2316     | 1.3275       | 1.3379       | 0.0751     | 1.3178       | 1.3315       | 0.8535   |           
384    | 2.8954     | 0.2244     | 1.3314       | 1.3397       | 0.0725     | 1.3034       | 1.3267       | 0.9148   |           
385    | 2.9132     | 0.2491     | 1.3274       | 1.3367       | 0.0621     | 1.2965       | 1.3289       | 0.8146   |           
386    | 2.9076     | 0.2428     | 1.3252       | 1.3396       | 0.0710     | 1.3048       | 1.3309       | 0.8425   |           
387    | 2.8963     | 0.2381     | 1.3225       | 1.3357       | 0.0729     | 1.3120       | 1.3344       | 0.8265   |           
388    | 2.8931     | 0.2255     | 1.3286       | 1.3390       | 0.0749     | 1.3095       | 1.3155       | 0.8353   |           
389    | 2.8950     | 0.2360     | 1.3248       | 1.3342       | 0.0683     | 1.3169       | 1.3141       | 0.8560   |           
390    | 2.8979     | 0.2322     | 1.3284       | 1.3373       | 0.0811     | 1.3120       | 1.3154       | 0.8675   |           
391    | 2.8835     | 0.2219     | 1.3267       | 1.3349       | 0.0600     | 1.3261       | 1.3166       | 0.8343   |           
392    | 2.8912     | 0.2272     | 1.3307       | 1.3333       | 0.0745     | 1.3086       | 1.3145       | 0.8994   |           
393    | 2.8977     | 0.2357     | 1.3303       | 1.3318       | 0.0585     | 1.3110       | 1.3221       | 0.8682   |           
394    | 2.9057     | 0.2400     | 1.3306       | 1.3351       | 0.0780     | 1.3119       | 1.3266       | 0.8684   |           
395    | 2.9089     | 0.2501     | 1.3225       | 1.3363       | 0.0709     | 1.3092       | 1.3111       | 0.8178   |           
396    | 2.9117     | 0.2513     | 1.3269       | 1.3335       | 0.0622     | 1.3063       | 1.3238       | 0.9076   |           
397    | 2.9107     | 0.2496     | 1.3272       | 1.3339       | 0.1402     | 1.3145       | 1.3298       | 0.9009   |           
398    | 2.9282     | 0.2704     | 1.3235       | 1.3343       | 0.0806     | 1.2932       | 1.3199       | 0.8125   |           
399    | 2.8900     | 0.2263     | 1.3269       | 1.3369       | 0.0657     | 1.3212       | 1.3222       | 0.8183   |           
400    | 2.9150     | 0.2479     | 1.3295       | 1.3376       | 0.0641     | 1.3128       | 1.3234       | 0.8366   |           
Seed 42 | Src Acc: 98.1633 | Src MDE: 0.0165 | Tgt Acc: 36.4286 | Tgt MDE: 0.8750
Start Training Seed 6767...

Start CDAN+E Training... (Entropy Conditioning Enabled)
Epoch  | Total Loss | Tr Cls     | Tr Dom RSSI  | Tr Dom RTT   | Val Cls    | Val RSSI Dls | Val RTT Dls  | Test MDE
------------------------------------------------------------------------------------------------------------------------
1      | 6.2086     | 3.4360     | 1.3863       | 1.3863       | 2.8710     | 1.3862       | 1.3864       | 1.7656   |           
2      | 5.5240     | 2.7520     | 1.3864       | 1.3856       | 2.3878     | 1.3861       | 1.3847       | 1.3212   |           
3      | 5.1375     | 2.3680     | 1.3853       | 1.3843       | 1.9972     | 1.3852       | 1.3826       | 1.1746   |           
4      | 4.7909     | 2.0266     | 1.3833       | 1.3810       | 1.6499     | 1.3825       | 1.3787       | 1.0054   |           
5      | 4.5304     | 1.7742     | 1.3792       | 1.3770       | 1.3591     | 1.3792       | 1.3718       | 1.0335   |           
6      | 4.3010     | 1.5579     | 1.3733       | 1.3698       | 1.1860     | 1.3729       | 1.3651       | 0.9983   |           
7      | 4.1134     | 1.3833     | 1.3662       | 1.3639       | 0.9835     | 1.3644       | 1.3523       | 1.0066   |           
8      | 3.9793     | 1.2711     | 1.3561       | 1.3521       | 0.7951     | 1.3530       | 1.3386       | 0.9916   |           
9      | 3.8196     | 1.1333     | 1.3461       | 1.3402       | 0.6828     | 1.3378       | 1.3210       | 0.9548   |           
10     | 3.6985     | 1.0406     | 1.3323       | 1.3256       | 0.5882     | 1.3205       | 1.3017       | 0.9454   |           
11     | 3.5918     | 0.9597     | 1.3183       | 1.3138       | 0.5390     | 1.3074       | 1.2858       | 0.8891   |           
12     | 3.4871     | 0.8822     | 1.3035       | 1.3014       | 0.4841     | 1.2872       | 1.2674       | 0.8979   | (ADV -0.14)
13     | 3.4243     | 0.8535     | 1.2875       | 1.2833       | 0.4277     | 1.2677       | 1.2472       | 0.9885   | (ADV -0.12)
14     | 3.3344     | 0.7876     | 1.2724       | 1.2745       | 0.3463     | 1.2488       | 1.2259       | 0.8990   | (ADV -0.10)
15     | 3.2824     | 0.7724     | 1.2530       | 1.2569       | 0.3422     | 1.2320       | 1.2069       | 0.8751   |           
16     | 3.1838     | 0.7127     | 1.2334       | 1.2377       | 0.3064     | 1.2049       | 1.1850       | 0.9413   | (ADV -0.10)
17     | 3.1762     | 0.7272     | 1.2159       | 1.2331       | 0.2726     | 1.1902       | 1.1759       | 0.8701   | (ADV -0.09)
18     | 3.1250     | 0.6902     | 1.2112       | 1.2236       | 0.2636     | 1.1601       | 1.1582       | 0.9424   | (ADV -0.09)
19     | 3.0256     | 0.6406     | 1.1840       | 1.2011       | 0.2689     | 1.1387       | 1.1303       | 0.8982   |           
20     | 2.9630     | 0.6102     | 1.1650       | 1.1878       | 0.2504     | 1.1320       | 1.1187       | 0.8878   |           
21     | 2.9385     | 0.5918     | 1.1574       | 1.1893       | 0.2062     | 1.1020       | 1.1046       | 0.9575   | (ADV -0.08)
22     | 2.8924     | 0.5824     | 1.1377       | 1.1722       | 0.2243     | 1.1021       | 1.1132       | 0.9145   |           
23     | 2.8734     | 0.5858     | 1.1242       | 1.1634       | 0.1977     | 1.0762       | 1.0696       | 0.9453   |           
24     | 2.7999     | 0.5394     | 1.1110       | 1.1495       | 0.1893     | 1.0523       | 1.0648       | 0.9242   |           
25     | 2.7795     | 0.5427     | 1.0966       | 1.1401       | 0.1796     | 1.0373       | 1.0457       | 0.9385   |           
26     | 2.7783     | 0.5451     | 1.0934       | 1.1399       | 0.1706     | 1.0154       | 1.0280       | 0.9439   |           
27     | 2.6970     | 0.5097     | 1.0701       | 1.1172       | 0.1595     | 0.9988       | 1.0142       | 0.8846   |           
28     | 2.7037     | 0.5058     | 1.0706       | 1.1273       | 0.1607     | 0.9954       | 1.0029       | 0.9177   |           
29     | 2.6733     | 0.4898     | 1.0675       | 1.1159       | 0.1509     | 0.9783       | 0.9879       | 0.9069   |           
30     | 2.6457     | 0.4827     | 1.0550       | 1.1080       | 0.1623     | 0.9808       | 0.9972       | 0.9111   |           
31     | 2.5849     | 0.4518     | 1.0321       | 1.1010       | 0.1495     | 0.9584       | 0.9890       | 0.9301   |           
32     | 2.5621     | 0.4435     | 1.0319       | 1.0867       | 0.1487     | 0.9469       | 0.9796       | 0.9076   |           
33     | 2.5758     | 0.4569     | 1.0308       | 1.0882       | 0.1358     | 0.9429       | 0.9807       | 0.9235   |           
34     | 2.5754     | 0.4582     | 1.0334       | 1.0838       | 0.1310     | 0.9444       | 0.9601       | 0.9624   |           
35     | 2.6117     | 0.4881     | 1.0330       | 1.0907       | 0.1428     | 0.9356       | 0.9560       | 0.9760   |           
36     | 2.5197     | 0.4237     | 1.0220       | 1.0739       | 0.1425     | 0.9217       | 0.9581       | 0.9368   |           
37     | 2.5276     | 0.4297     | 1.0171       | 1.0807       | 0.1277     | 0.9210       | 0.9475       | 0.9562   |           
38     | 2.5174     | 0.4405     | 1.0113       | 1.0656       | 0.1237     | 0.9020       | 0.9475       | 0.8868   |           
39     | 2.4978     | 0.4158     | 1.0076       | 1.0745       | 0.1318     | 0.9027       | 0.9576       | 0.8938   |           
40     | 2.5354     | 0.4416     | 1.0098       | 1.0840       | 0.1246     | 0.8830       | 0.9341       | 0.9317   |           
41     | 2.5224     | 0.4215     | 1.0206       | 1.0803       | 0.1321     | 0.9083       | 0.9502       | 0.9266   |           
42     | 2.5561     | 0.4509     | 1.0211       | 1.0842       | 0.1272     | 0.8832       | 0.9435       | 0.8882   |           
43     | 2.5434     | 0.4344     | 1.0192       | 1.0897       | 0.1332     | 0.9136       | 0.9590       | 0.9112   |           
44     | 2.5992     | 0.4674     | 1.0350       | 1.0967       | 0.1192     | 0.9024       | 0.9507       | 0.9056   |           
45     | 2.5421     | 0.4187     | 1.0352       | 1.0883       | 0.1233     | 0.9155       | 0.9555       | 0.9195   |           
46     | 2.5375     | 0.4171     | 1.0422       | 1.0782       | 0.1243     | 0.9090       | 0.9410       | 0.9186   |           
47     | 2.5896     | 0.4403     | 1.0534       | 1.0959       | 0.1170     | 0.9203       | 0.9721       | 0.9651   |           
48     | 2.5570     | 0.4090     | 1.0534       | 1.0945       | 0.1135     | 0.9370       | 0.9390       | 0.9859   |           
49     | 2.5936     | 0.4308     | 1.0624       | 1.1003       | 0.1313     | 0.9216       | 0.9482       | 0.9442   |           
50     | 2.5822     | 0.4291     | 1.0514       | 1.1017       | 0.1206     | 0.9221       | 0.9410       | 0.9227   |           
51     | 2.5920     | 0.4271     | 1.0646       | 1.1004       | 0.1201     | 0.9149       | 0.9407       | 0.9235   |           
52     | 2.5732     | 0.4110     | 1.0542       | 1.1080       | 0.1286     | 0.9288       | 0.9690       | 0.9377   |           
53     | 2.6104     | 0.4326     | 1.0709       | 1.1069       | 0.1219     | 0.9390       | 0.9602       | 0.9808   |           
54     | 2.6099     | 0.4139     | 1.0782       | 1.1178       | 0.1196     | 0.9562       | 0.9556       | 0.9134   |           
55     | 2.6464     | 0.4383     | 1.0733       | 1.1348       | 0.1093     | 0.9346       | 0.9775       | 0.9007   |           
56     | 2.5695     | 0.3979     | 1.0668       | 1.1048       | 0.1187     | 0.9299       | 0.9799       | 0.8969   |           
57     | 2.6364     | 0.4264     | 1.0761       | 1.1338       | 0.1312     | 0.9430       | 0.9787       | 0.9100   |           
58     | 2.6429     | 0.4337     | 1.0881       | 1.1212       | 0.1382     | 0.9639       | 0.9989       | 0.8807   |           
59     | 2.6539     | 0.4320     | 1.0954       | 1.1266       | 0.1396     | 0.9541       | 0.9442       | 0.8901   |           
60     | 2.6531     | 0.4218     | 1.1116       | 1.1198       | 0.1458     | 0.9744       | 0.9875       | 0.9704   |           
61     | 2.6455     | 0.4197     | 1.0921       | 1.1337       | 0.1158     | 0.9525       | 0.9920       | 0.8958   |           
62     | 2.6945     | 0.4516     | 1.1015       | 1.1415       | 0.1092     | 0.9676       | 0.9747       | 0.8784   | (ADV -0.08)
63     | 2.6778     | 0.4308     | 1.1020       | 1.1450       | 0.1146     | 0.9915       | 0.9952       | 0.8504   | (ADV -0.08)
64     | 2.7557     | 0.4566     | 1.1191       | 1.1799       | 0.1162     | 0.9932       | 1.0017       | 0.8844   |           
65     | 2.7401     | 0.4616     | 1.1101       | 1.1684       | 0.1147     | 0.9664       | 0.9813       | 0.8628   |           
66     | 2.7604     | 0.4622     | 1.1142       | 1.1839       | 0.1275     | 0.9660       | 0.9978       | 0.8866   |           
67     | 2.7075     | 0.4225     | 1.1103       | 1.1747       | 0.1177     | 0.9905       | 1.0181       | 0.8785   |           
68     | 2.7394     | 0.4282     | 1.1277       | 1.1836       | 0.1089     | 1.0064       | 1.0232       | 0.8251   | (ADV -0.07)
69     | 2.7507     | 0.4515     | 1.1207       | 1.1785       | 0.1115     | 1.0250       | 1.0066       | 0.9455   |           
70     | 2.7385     | 0.4350     | 1.1462       | 1.1574       | 0.1066     | 1.0659       | 1.0047       | 0.9861   |           
71     | 2.7359     | 0.4380     | 1.1475       | 1.1504       | 0.1102     | 1.0496       | 0.9942       | 1.0216   |           
72     | 2.6964     | 0.4240     | 1.1176       | 1.1548       | 0.1153     | 1.0399       | 1.0099       | 0.9486   |           
73     | 2.7073     | 0.4336     | 1.1287       | 1.1450       | 0.1241     | 1.0312       | 0.9967       | 0.9707   |           
74     | 2.7627     | 0.4703     | 1.1407       | 1.1517       | 0.1197     | 1.0401       | 0.9872       | 1.0577   |           
75     | 2.6792     | 0.4160     | 1.1172       | 1.1460       | 0.0925     | 1.0182       | 1.0035       | 1.0031   | (ADV -0.07)
76     | 2.7407     | 0.4511     | 1.1283       | 1.1613       | 0.1171     | 1.0241       | 1.0048       | 1.0053   |           
77     | 2.8044     | 0.4820     | 1.1405       | 1.1819       | 0.1116     | 0.9950       | 0.9986       | 1.0155   |           
78     | 2.6836     | 0.4165     | 1.1176       | 1.1494       | 0.1110     | 1.0149       | 1.0173       | 1.0916   |           
79     | 2.7279     | 0.4336     | 1.1177       | 1.1766       | 0.1101     | 0.9975       | 0.9992       | 1.0628   |           
80     | 2.7256     | 0.4131     | 1.1271       | 1.1854       | 0.1150     | 1.0079       | 1.0122       | 1.0824   |           
81     | 2.7362     | 0.4217     | 1.1225       | 1.1920       | 0.1008     | 0.9964       | 1.0183       | 1.1247   |           
82     | 2.7402     | 0.4372     | 1.1154       | 1.1876       | 0.1193     | 1.0208       | 1.0382       | 0.9092   |           
83     | 2.7657     | 0.4566     | 1.1225       | 1.1866       | 0.1118     | 1.0499       | 1.0610       | 0.9271   | (ADV -0.07)
84     | 2.7320     | 0.4062     | 1.1240       | 1.2018       | 0.1069     | 1.0168       | 1.0777       | 0.9490   |           
85     | 2.7895     | 0.4540     | 1.1328       | 1.2027       | 0.1138     | 1.0146       | 1.0689       | 1.0049   |           
86     | 2.7224     | 0.4047     | 1.1287       | 1.1890       | 0.1090     | 1.0080       | 1.0616       | 0.9176   |           
87     | 2.7208     | 0.4136     | 1.1199       | 1.1873       | 0.1055     | 1.0018       | 1.0517       | 0.9032   |           
88     | 2.7753     | 0.4628     | 1.1112       | 1.2013       | 0.1017     | 0.9923       | 1.0368       | 0.9606   |           
89     | 2.7263     | 0.4182     | 1.1172       | 1.1909       | 0.0942     | 1.0022       | 1.0257       | 0.9243   |           
90     | 2.7084     | 0.4123     | 1.1172       | 1.1788       | 0.1085     | 1.0134       | 1.0370       | 0.8805   |           
91     | 2.7564     | 0.4226     | 1.1361       | 1.1977       | 0.1055     | 0.9986       | 1.0374       | 0.9675   |           
92     | 2.7972     | 0.4464     | 1.1405       | 1.2103       | 0.1142     | 1.0177       | 1.0532       | 0.9046   |           
93     | 2.7820     | 0.4259     | 1.1516       | 1.2045       | 0.1013     | 1.0200       | 1.0751       | 0.8980   |           
94     | 2.8143     | 0.4423     | 1.1640       | 1.2080       | 0.1019     | 1.0531       | 1.0547       | 0.8922   | (ADV -0.06)
95     | 2.7334     | 0.4070     | 1.1422       | 1.1841       | 0.1103     | 1.0110       | 1.0515       | 0.8932   |           
96     | 2.7136     | 0.3922     | 1.1294       | 1.1920       | 0.1242     | 1.0196       | 1.0593       | 0.9455   |           
97     | 2.7956     | 0.4511     | 1.1420       | 1.2025       | 0.1130     | 1.0010       | 1.0385       | 0.9246   |           
98     | 2.7561     | 0.4147     | 1.1412       | 1.2002       | 0.1024     | 0.9966       | 1.0471       | 0.8728   |           
99     | 2.7704     | 0.4435     | 1.1355       | 1.1914       | 0.0905     | 1.0049       | 1.0533       | 0.7819   |           
100    | 2.7317     | 0.3970     | 1.1420       | 1.1927       | 0.1018     | 1.0091       | 1.0493       | 0.9264   |           
101    | 2.7690     | 0.4228     | 1.1440       | 1.2022       | 0.1643     | 1.0068       | 1.0671       | 0.8427   |           
102    | 2.7990     | 0.4465     | 1.1380       | 1.2144       | 0.1329     | 1.0124       | 1.0665       | 0.8264   |           
103    | 2.7629     | 0.4225     | 1.1413       | 1.1991       | 0.1179     | 1.0367       | 1.0547       | 0.8171   |           
104    | 2.8071     | 0.4402     | 1.1518       | 1.2151       | 0.1156     | 1.0159       | 1.0488       | 0.8500   |           
105    | 2.7306     | 0.3942     | 1.1384       | 1.1979       | 0.0995     | 1.0593       | 1.0491       | 0.8471   |           
106    | 2.7261     | 0.3769     | 1.1396       | 1.2096       | 0.1183     | 1.0163       | 1.0257       | 0.8435   |           
107    | 2.7755     | 0.4139     | 1.1535       | 1.2081       | 0.0989     | 1.0086       | 1.0561       | 0.8365   |           
108    | 2.7557     | 0.3970     | 1.1502       | 1.2085       | 0.1068     | 1.0477       | 1.0493       | 0.9034   |           
109    | 2.7458     | 0.3993     | 1.1487       | 1.1978       | 0.1095     | 1.0422       | 1.0576       | 0.8991   |           
110    | 2.8008     | 0.4348     | 1.1560       | 1.2100       | 0.0934     | 1.0378       | 1.0594       | 0.9270   |           
111    | 2.7954     | 0.4281     | 1.1579       | 1.2094       | 0.0962     | 1.0508       | 1.0544       | 0.9053   | (ADV -0.06)
112    | 2.7579     | 0.4089     | 1.1493       | 1.1998       | 0.0932     | 1.0443       | 1.0403       | 0.9016   |           
113    | 2.7654     | 0.4004     | 1.1623       | 1.2027       | 0.1021     | 1.0639       | 1.0542       | 0.9166   |           
114    | 2.7490     | 0.3835     | 1.1590       | 1.2064       | 0.1257     | 1.0313       | 1.0516       | 0.9181   |           
115    | 2.7617     | 0.3915     | 1.1578       | 1.2124       | 0.1021     | 1.0477       | 1.0725       | 0.9199   |           
116    | 2.7948     | 0.4159     | 1.1601       | 1.2188       | 0.0989     | 1.0509       | 1.0633       | 0.9100   |           
117    | 2.7800     | 0.4055     | 1.1717       | 1.2028       | 0.0989     | 1.0605       | 1.0725       | 0.8475   |           
118    | 2.8228     | 0.4463     | 1.1680       | 1.2086       | 0.1116     | 1.0422       | 1.0612       | 0.8258   |           
119    | 2.7422     | 0.3913     | 1.1530       | 1.1980       | 0.1110     | 1.0325       | 1.0755       | 0.8362   |           
120    | 2.7907     | 0.4157     | 1.1629       | 1.2121       | 0.0993     | 1.0288       | 1.0724       | 0.8223   |           
121    | 2.7776     | 0.4018     | 1.1650       | 1.2109       | 0.1030     | 1.0884       | 1.0803       | 0.8031   | (ADV -0.06)
122    | 2.7858     | 0.4018     | 1.1776       | 1.2064       | 0.1056     | 1.0666       | 1.0742       | 0.7893   |           
123    | 2.7851     | 0.3981     | 1.1734       | 1.2136       | 0.1120     | 1.0681       | 1.0886       | 0.8170   |           
124    | 2.7926     | 0.4096     | 1.1740       | 1.2090       | 0.1128     | 1.0552       | 1.0643       | 0.8925   |           
125    | 2.7875     | 0.4011     | 1.1808       | 1.2056       | 0.0984     | 1.0729       | 1.0763       | 0.8847   | (ADV -0.06)
126    | 2.7980     | 0.4096     | 1.1795       | 1.2089       | 0.1266     | 1.0818       | 1.0978       | 0.9173   |           
127    | 2.8398     | 0.4296     | 1.1915       | 1.2187       | 0.1087     | 1.0684       | 1.0921       | 0.9417   |           
128    | 2.8654     | 0.4494     | 1.2110       | 1.2050       | 0.0963     | 1.0841       | 1.0636       | 1.0189   |           
129    | 2.8469     | 0.4335     | 1.2057       | 1.2077       | 0.1223     | 1.0835       | 1.0647       | 1.0318   |           
130    | 2.7723     | 0.3719     | 1.1999       | 1.2005       | 0.1062     | 1.0978       | 1.0797       | 1.0348   |           
131    | 2.8377     | 0.4203     | 1.2083       | 1.2091       | 0.0972     | 1.0904       | 1.0536       | 0.9759   |           
132    | 2.7950     | 0.3919     | 1.2046       | 1.1985       | 0.1038     | 1.0828       | 1.0569       | 1.0017   |           
133    | 2.7988     | 0.4083     | 1.1932       | 1.1973       | 0.1073     | 1.0904       | 1.0720       | 0.9811   |           
134    | 2.8347     | 0.4167     | 1.1855       | 1.2325       | 0.1108     | 1.0538       | 1.0839       | 0.9617   |           
135    | 2.7950     | 0.4002     | 1.1863       | 1.2085       | 0.1096     | 1.0946       | 1.0865       | 0.9462   |           
136    | 2.8247     | 0.4186     | 1.1991       | 1.2070       | 0.1043     | 1.1000       | 1.0958       | 0.9575   | (ADV -0.05)
137    | 2.7792     | 0.3789     | 1.1873       | 1.2130       | 0.0972     | 1.0871       | 1.0684       | 0.9329   |           
138    | 2.8301     | 0.4035     | 1.1958       | 1.2308       | 0.0896     | 1.1008       | 1.0878       | 0.9930   | (ADV -0.05)
139    | 2.8279     | 0.4110     | 1.1958       | 1.2211       | 0.1050     | 1.0871       | 1.0718       | 0.9566   |           
140    | 2.8416     | 0.4269     | 1.1958       | 1.2188       | 0.1205     | 1.0951       | 1.0829       | 0.9698   |           
141    | 2.7762     | 0.3950     | 1.1804       | 1.2008       | 0.1060     | 1.0913       | 1.0767       | 0.9876   |           
142    | 2.8098     | 0.3882     | 1.1953       | 1.2263       | 0.1166     | 1.1142       | 1.1188       | 0.9405   |           
143    | 2.8213     | 0.4122     | 1.1819       | 1.2272       | 0.1107     | 1.0931       | 1.1002       | 0.9898   |           
144    | 2.8555     | 0.4181     | 1.2037       | 1.2337       | 0.1010     | 1.0869       | 1.0831       | 0.9012   |           
145    | 2.8279     | 0.4057     | 1.1895       | 1.2327       | 0.1064     | 1.0804       | 1.1097       | 0.9069   |           
146    | 2.8505     | 0.4208     | 1.1959       | 1.2338       | 0.1215     | 1.0942       | 1.1008       | 0.9346   |           
147    | 2.8212     | 0.3909     | 1.1877       | 1.2427       | 0.1017     | 1.0742       | 1.1026       | 0.9000   |           
148    | 2.7966     | 0.3771     | 1.1879       | 1.2316       | 0.1528     | 1.1468       | 1.1329       | 0.9323   |           
149    | 2.8083     | 0.3789     | 1.1975       | 1.2318       | 0.1394     | 1.1153       | 1.1177       | 0.9425   |           
150    | 2.8808     | 0.4081     | 1.2203       | 1.2524       | 0.0995     | 1.1291       | 1.1245       | 0.8732   | (ADV -0.05)
151    | 2.8835     | 0.4154     | 1.2117       | 1.2565       | 0.0948     | 1.1115       | 1.1078       | 0.9612   |           
152    | 2.8207     | 0.3905     | 1.1965       | 1.2338       | 0.1082     | 1.0836       | 1.1132       | 0.9147   |           
153    | 2.8744     | 0.4336     | 1.1989       | 1.2419       | 0.0911     | 1.1222       | 1.1040       | 0.9069   |           
154    | 2.8003     | 0.3688     | 1.1980       | 1.2334       | 0.1141     | 1.1236       | 1.1140       | 0.8759   |           
155    | 2.8299     | 0.3885     | 1.2069       | 1.2345       | 0.1041     | 1.1184       | 1.1234       | 0.8576   |           
156    | 2.8573     | 0.4028     | 1.2305       | 1.2239       | 0.1435     | 1.1083       | 1.1105       | 0.9172   |           
157    | 2.8452     | 0.3949     | 1.2133       | 1.2370       | 0.0964     | 1.0942       | 1.1000       | 0.8493   |           
158    | 2.7981     | 0.3717     | 1.2019       | 1.2245       | 0.0992     | 1.1160       | 1.1227       | 0.8751   |           
159    | 2.8399     | 0.3870     | 1.2150       | 1.2379       | 0.1177     | 1.1235       | 1.1239       | 0.9201   |           
160    | 2.8385     | 0.3959     | 1.2109       | 1.2317       | 0.1098     | 1.1297       | 1.1250       | 0.8666   |           
161    | 2.8652     | 0.4008     | 1.2187       | 1.2457       | 0.1244     | 1.1210       | 1.1348       | 0.9003   |           
162    | 2.8420     | 0.3778     | 1.2220       | 1.2422       | 0.0928     | 1.1335       | 1.1331       | 0.8150   | (ADV -0.04)
163    | 2.8717     | 0.4061     | 1.2318       | 1.2338       | 0.0964     | 1.1461       | 1.1257       | 0.8352   |           
164    | 2.8481     | 0.4002     | 1.2254       | 1.2225       | 0.1038     | 1.1176       | 1.1342       | 0.8355   |           
165    | 2.8083     | 0.3676     | 1.2110       | 1.2296       | 0.1109     | 1.1306       | 1.1447       | 0.8111   |           
166    | 2.8977     | 0.4214     | 1.2237       | 1.2525       | 0.0985     | 1.1205       | 1.1586       | 0.8410   |           
167    | 2.8327     | 0.3685     | 1.2245       | 1.2397       | 0.1168     | 1.1122       | 1.1627       | 0.9117   |           
168    | 2.8602     | 0.3866     | 1.2212       | 1.2524       | 0.0934     | 1.1392       | 1.1623       | 0.9528   |           
169    | 2.8465     | 0.3752     | 1.2145       | 1.2567       | 0.0929     | 1.1411       | 1.1585       | 0.9413   |           
170    | 2.8390     | 0.3796     | 1.2149       | 1.2446       | 0.1202     | 1.1145       | 1.1485       | 0.9609   |           
171    | 2.8601     | 0.3815     | 1.2266       | 1.2520       | 0.1123     | 1.1491       | 1.1569       | 0.9097   |           
172    | 2.8585     | 0.3823     | 1.2217       | 1.2545       | 0.1100     | 1.1472       | 1.1537       | 0.8669   |           
173    | 2.8296     | 0.3373     | 1.2317       | 1.2607       | 0.0994     | 1.1574       | 1.1564       | 0.9230   | (ADV -0.04)
174    | 2.8534     | 0.3601     | 1.2294       | 1.2640       | 0.0997     | 1.1719       | 1.2037       | 1.0043   |           
175    | 2.8750     | 0.3705     | 1.2382       | 1.2663       | 0.1012     | 1.1726       | 1.1868       | 0.9613   | (ADV -0.04)
176    | 2.9235     | 0.4051     | 1.2433       | 1.2751       | 0.1449     | 1.1849       | 1.1834       | 0.8867   |           
177    | 2.8888     | 0.3941     | 1.2364       | 1.2583       | 0.0984     | 1.1698       | 1.1541       | 0.8318   |           
178    | 2.8276     | 0.3460     | 1.2253       | 1.2562       | 0.0971     | 1.1778       | 1.1618       | 0.8129   |           
179    | 2.8812     | 0.3850     | 1.2390       | 1.2572       | 0.0963     | 1.1700       | 1.1667       | 0.8717   | (ADV -0.04)
180    | 2.8704     | 0.3688     | 1.2383       | 1.2633       | 0.0904     | 1.1658       | 1.1828       | 0.8173   |           
181    | 2.8513     | 0.3602     | 1.2360       | 1.2551       | 0.0972     | 1.1713       | 1.1810       | 0.8141   |           
182    | 2.8489     | 0.3530     | 1.2421       | 1.2537       | 0.0908     | 1.1740       | 1.1777       | 0.8044   | (ADV -0.03)
183    | 2.9202     | 0.4015     | 1.2452       | 1.2734       | 0.1065     | 1.1749       | 1.1741       | 0.8667   |           
184    | 2.8761     | 0.3740     | 1.2434       | 1.2587       | 0.1182     | 1.1837       | 1.1861       | 0.7967   |           
185    | 2.8690     | 0.3665     | 1.2410       | 1.2615       | 0.1109     | 1.1863       | 1.1890       | 0.8591   |           
186    | 2.8789     | 0.3653     | 1.2485       | 1.2651       | 0.1008     | 1.1686       | 1.1840       | 0.7865   |           
187    | 2.8713     | 0.3609     | 1.2457       | 1.2648       | 0.0977     | 1.1995       | 1.1947       | 0.8247   | (ADV -0.03)
188    | 2.9182     | 0.3999     | 1.2552       | 1.2631       | 0.1438     | 1.2023       | 1.1939       | 0.8573   |           
189    | 2.8694     | 0.3500     | 1.2535       | 1.2660       | 0.0986     | 1.1848       | 1.1771       | 0.7884   |           
190    | 2.8829     | 0.3728     | 1.2494       | 1.2608       | 0.0803     | 1.1838       | 1.1743       | 0.8606   | (ADV -0.03)
191    | 2.8299     | 0.3335     | 1.2453       | 1.2511       | 0.1053     | 1.1819       | 1.1764       | 0.9576   |           
192    | 2.8384     | 0.3495     | 1.2429       | 1.2460       | 0.1000     | 1.1967       | 1.1778       | 0.8742   |           
193    | 2.8859     | 0.3808     | 1.2474       | 1.2577       | 0.1114     | 1.2319       | 1.1841       | 0.9403   |           
194    | 2.8553     | 0.3507     | 1.2505       | 1.2541       | 0.0967     | 1.1766       | 1.1714       | 0.8225   |           
195    | 2.8713     | 0.3683     | 1.2503       | 1.2527       | 0.1013     | 1.1912       | 1.1769       | 0.8635   |           
196    | 2.8735     | 0.3603     | 1.2540       | 1.2593       | 0.1043     | 1.1989       | 1.1810       | 0.8237   |           
197    | 2.8554     | 0.3435     | 1.2530       | 1.2589       | 0.1357     | 1.1999       | 1.1917       | 0.8159   |           
198    | 2.8958     | 0.3727     | 1.2661       | 1.2570       | 0.1026     | 1.2092       | 1.1860       | 0.8172   |           
199    | 2.8671     | 0.3383     | 1.2697       | 1.2591       | 0.1299     | 1.2305       | 1.1895       | 0.8180   |           
200    | 2.8423     | 0.3186     | 1.2701       | 1.2536       | 0.1127     | 1.2314       | 1.1891       | 0.8339   |           
201    | 2.9034     | 0.3638     | 1.2775       | 1.2621       | 0.0976     | 1.2328       | 1.2095       | 0.8244   |           
202    | 2.8816     | 0.3468     | 1.2731       | 1.2616       | 0.1109     | 1.2279       | 1.1997       | 0.8776   |           
203    | 2.8828     | 0.3401     | 1.2773       | 1.2655       | 0.1220     | 1.2350       | 1.2055       | 0.8159   |           
204    | 2.8908     | 0.3416     | 1.2796       | 1.2696       | 0.1273     | 1.2316       | 1.1987       | 0.8441   |           
205    | 2.9047     | 0.3563     | 1.2734       | 1.2749       | 0.1445     | 1.2401       | 1.2200       | 0.8012   |           
206    | 2.8755     | 0.3287     | 1.2712       | 1.2757       | 0.1368     | 1.2351       | 1.2146       | 0.8367   |           
207    | 2.8939     | 0.3482     | 1.2726       | 1.2731       | 0.1279     | 1.2380       | 1.2284       | 0.8556   |           
208    | 2.9104     | 0.3632     | 1.2720       | 1.2753       | 0.1354     | 1.2247       | 1.2262       | 0.8898   |           
209    | 2.9150     | 0.3752     | 1.2620       | 1.2778       | 0.1045     | 1.2214       | 1.2137       | 0.8426   | (ADV -0.03)
210    | 2.8406     | 0.3001     | 1.2646       | 1.2758       | 0.0961     | 1.2185       | 1.2364       | 0.8542   | (ADV -0.03)
211    | 2.9166     | 0.3566     | 1.2695       | 1.2905       | 0.1283     | 1.2283       | 1.2315       | 0.9024   |           
212    | 2.8846     | 0.3266     | 1.2703       | 1.2877       | 0.1214     | 1.2340       | 1.2286       | 0.9143   |           
213    | 2.8789     | 0.3287     | 1.2702       | 1.2800       | 0.1020     | 1.2260       | 1.2340       | 0.9073   | (ADV -0.03)
214    | 2.8928     | 0.3096     | 1.2797       | 1.3035       | 0.1238     | 1.2506       | 1.2576       | 0.8715   |           
215    | 2.9167     | 0.3390     | 1.2798       | 1.2979       | 0.0865     | 1.2412       | 1.2450       | 0.8880   | (ADV -0.02)
216    | 2.9163     | 0.3421     | 1.2831       | 1.2911       | 0.1001     | 1.2416       | 1.2429       | 0.8899   |           
217    | 2.9272     | 0.3558     | 1.2796       | 1.2917       | 0.1039     | 1.2447       | 1.2301       | 0.8350   |           
218    | 2.9161     | 0.3378     | 1.2836       | 1.2947       | 0.0807     | 1.2533       | 1.2400       | 0.8943   |           
219    | 2.9048     | 0.3263     | 1.2842       | 1.2943       | 0.1057     | 1.2489       | 1.2490       | 0.8900   |           
220    | 2.9144     | 0.3310     | 1.2867       | 1.2966       | 0.0928     | 1.2477       | 1.2459       | 0.9358   |           
221    | 2.8876     | 0.3172     | 1.2788       | 1.2916       | 0.0894     | 1.2447       | 1.2422       | 0.8492   |           
222    | 2.9283     | 0.3412     | 1.2887       | 1.2984       | 0.0919     | 1.2342       | 1.2427       | 0.9110   |           
223    | 2.8803     | 0.2929     | 1.2894       | 1.2980       | 0.1064     | 1.2477       | 1.2360       | 0.8729   |           
224    | 2.9335     | 0.3399     | 1.2850       | 1.3086       | 0.0899     | 1.2364       | 1.2478       | 0.9254   |           
225    | 2.8686     | 0.2845     | 1.2800       | 1.3042       | 0.0990     | 1.2438       | 1.2522       | 0.8928   |           
226    | 2.9144     | 0.3237     | 1.2886       | 1.3021       | 0.0891     | 1.2579       | 1.2459       | 0.9344   |           
227    | 2.9226     | 0.3302     | 1.2927       | 1.2997       | 0.0980     | 1.2541       | 1.2486       | 0.9320   |           
228    | 2.8936     | 0.3109     | 1.2844       | 1.2983       | 0.0880     | 1.2425       | 1.2444       | 0.9373   | (ADV -0.02)
229    | 2.9320     | 0.3458     | 1.2826       | 1.3036       | 0.1203     | 1.2408       | 1.2546       | 0.9422   |           
230    | 2.9205     | 0.3284     | 1.2887       | 1.3034       | 0.1216     | 1.2651       | 1.2600       | 0.9510   |           
231    | 2.8769     | 0.2864     | 1.2864       | 1.3041       | 0.1070     | 1.2415       | 1.2570       | 0.9333   |           
232    | 2.9070     | 0.3211     | 1.2758       | 1.3100       | 0.0904     | 1.2562       | 1.2516       | 0.8710   | (ADV -0.02)
233    | 2.8802     | 0.2910     | 1.2871       | 1.3021       | 0.1081     | 1.2705       | 1.2573       | 0.8685   |           
234    | 2.9182     | 0.3185     | 1.2948       | 1.3049       | 0.0842     | 1.2493       | 1.2601       | 0.8784   | (ADV -0.02)
235    | 2.8898     | 0.2883     | 1.2915       | 1.3099       | 0.1043     | 1.2655       | 1.2628       | 0.8243   |           
236    | 2.8933     | 0.2874     | 1.2951       | 1.3108       | 0.0956     | 1.2550       | 1.2652       | 0.8880   |           
237    | 2.9065     | 0.2989     | 1.2947       | 1.3129       | 0.0933     | 1.2639       | 1.2721       | 0.8286   | (ADV -0.02)
238    | 2.9006     | 0.2930     | 1.2934       | 1.3142       | 0.1129     | 1.2701       | 1.2763       | 0.9139   |           
239    | 2.9026     | 0.2918     | 1.2958       | 1.3150       | 0.1037     | 1.2650       | 1.2845       | 0.9319   |           
240    | 2.9610     | 0.3351     | 1.3041       | 1.3217       | 0.1084     | 1.2808       | 1.2861       | 0.8769   |           
241    | 2.9052     | 0.2933     | 1.2962       | 1.3157       | 0.1159     | 1.2697       | 1.2833       | 0.8936   |           
242    | 2.9718     | 0.3389     | 1.3061       | 1.3269       | 0.1030     | 1.2665       | 1.2858       | 0.8979   |           
243    | 2.9293     | 0.3099     | 1.2986       | 1.3208       | 0.1198     | 1.2586       | 1.2809       | 0.9352   |           
244    | 2.9375     | 0.3187     | 1.2936       | 1.3252       | 0.1047     | 1.2704       | 1.2948       | 0.9368   |           
245    | 2.9414     | 0.3173     | 1.3000       | 1.3241       | 0.0919     | 1.2661       | 1.2889       | 0.8545   |           
246    | 2.9555     | 0.3272     | 1.3006       | 1.3276       | 0.1090     | 1.2608       | 1.2868       | 0.9228   |           
247    | 2.9174     | 0.2936     | 1.3033       | 1.3205       | 0.1168     | 1.2754       | 1.2928       | 0.9148   |           
248    | 2.9045     | 0.2787     | 1.3018       | 1.3241       | 0.1046     | 1.2889       | 1.2897       | 0.8782   | (ADV -0.01)
249    | 2.9386     | 0.3113     | 1.3036       | 1.3237       | 0.1113     | 1.2935       | 1.2902       | 0.8934   |           
250    | 2.9592     | 0.3294     | 1.3049       | 1.3249       | 0.1103     | 1.2714       | 1.2938       | 0.9164   |           
251    | 2.9182     | 0.2991     | 1.2975       | 1.3216       | 0.1171     | 1.2846       | 1.3008       | 0.8872   |           
252    | 2.9181     | 0.2911     | 1.3051       | 1.3219       | 0.0909     | 1.2925       | 1.2886       | 0.9134   | (ADV -0.01)
253    | 2.9370     | 0.3043     | 1.3092       | 1.3235       | 0.1012     | 1.2951       | 1.2972       | 0.8839   |           
254    | 2.8988     | 0.2752     | 1.3044       | 1.3193       | 0.0915     | 1.2963       | 1.2890       | 0.8946   |           
255    | 2.9238     | 0.2902     | 1.3138       | 1.3198       | 0.0948     | 1.2824       | 1.2914       | 0.9314   |           
256    | 2.9077     | 0.2762     | 1.3099       | 1.3216       | 0.0902     | 1.2848       | 1.2860       | 0.9256   |           
257    | 2.9588     | 0.3295     | 1.3039       | 1.3253       | 0.1002     | 1.2923       | 1.2879       | 0.9195   |           
258    | 2.9243     | 0.2902     | 1.3126       | 1.3215       | 0.0936     | 1.2973       | 1.2861       | 0.9301   |           
259    | 2.9256     | 0.2950     | 1.3081       | 1.3224       | 0.0957     | 1.2819       | 1.2851       | 0.9627   |           
260    | 2.9161     | 0.2827     | 1.3147       | 1.3186       | 0.0963     | 1.2940       | 1.2859       | 0.9712   |           
261    | 2.9229     | 0.2905     | 1.3106       | 1.3219       | 0.1063     | 1.2934       | 1.2917       | 0.9562   |           
262    | 2.9284     | 0.2926     | 1.3124       | 1.3234       | 0.0990     | 1.2925       | 1.2883       | 0.9554   |           
263    | 2.9265     | 0.2872     | 1.3163       | 1.3230       | 0.0863     | 1.2805       | 1.2832       | 0.9302   |           
264    | 2.9171     | 0.2862     | 1.3084       | 1.3225       | 0.1036     | 1.2836       | 1.2891       | 0.9135   |           
265    | 2.9211     | 0.2870     | 1.3089       | 1.3252       | 0.0887     | 1.2904       | 1.2914       | 0.9240   | (ADV -0.01)
266    | 2.9311     | 0.2914     | 1.3120       | 1.3277       | 0.0972     | 1.2862       | 1.2875       | 0.9385   |           
267    | 2.9424     | 0.3023     | 1.3103       | 1.3298       | 0.1104     | 1.2870       | 1.2910       | 0.9046   |           
268    | 2.9418     | 0.2987     | 1.3146       | 1.3285       | 0.0981     | 1.2853       | 1.2875       | 0.9315   |           
269    | 2.9146     | 0.2831     | 1.3090       | 1.3224       | 0.1001     | 1.2938       | 1.2958       | 0.9207   |           
270    | 2.9482     | 0.3006     | 1.3140       | 1.3336       | 0.0958     | 1.2925       | 1.3036       | 0.9198   |           
271    | 2.9300     | 0.2877     | 1.3116       | 1.3308       | 0.0904     | 1.2844       | 1.3207       | 0.9024   |           
272    | 2.9373     | 0.2915     | 1.3106       | 1.3352       | 0.0859     | 1.2864       | 1.3065       | 0.9939   |           
273    | 2.9211     | 0.2799     | 1.3093       | 1.3319       | 0.0910     | 1.2866       | 1.3099       | 0.9483   |           
274    | 2.9404     | 0.2961     | 1.3115       | 1.3328       | 0.1037     | 1.2871       | 1.3141       | 0.9050   |           
275    | 2.9313     | 0.2909     | 1.3104       | 1.3300       | 0.0859     | 1.2953       | 1.3225       | 0.9308   |           
276    | 2.9565     | 0.3103     | 1.3149       | 1.3313       | 0.1034     | 1.2799       | 1.3093       | 0.9299   |           
277    | 2.9232     | 0.2790     | 1.3092       | 1.3349       | 0.0947     | 1.2957       | 1.3068       | 0.9146   |           
278    | 2.9359     | 0.2873     | 1.3161       | 1.3325       | 0.0976     | 1.2935       | 1.3099       | 0.9248   |           
279    | 2.9148     | 0.2743     | 1.3124       | 1.3282       | 0.0879     | 1.3061       | 1.3229       | 0.9613   | (ADV -0.01)
280    | 2.9410     | 0.2912     | 1.3163       | 1.3335       | 0.0770     | 1.2999       | 1.3099       | 0.9668   | (ADV -0.01)
281    | 2.9052     | 0.2622     | 1.3158       | 1.3272       | 0.0834     | 1.3033       | 1.3123       | 0.9079   |           
282    | 2.9099     | 0.2625     | 1.3135       | 1.3339       | 0.0926     | 1.2956       | 1.3170       | 0.9354   |           
283    | 2.9507     | 0.3014     | 1.3136       | 1.3357       | 0.1050     | 1.2924       | 1.3152       | 0.8521   |           
284    | 2.9364     | 0.2875     | 1.3147       | 1.3342       | 0.0909     | 1.2990       | 1.3194       | 0.9285   |           
285    | 2.9418     | 0.2866     | 1.3180       | 1.3373       | 0.0750     | 1.3041       | 1.3147       | 0.8859   | (ADV -0.00)
286    | 2.9372     | 0.2888     | 1.3167       | 1.3317       | 0.0865     | 1.2996       | 1.3117       | 0.8615   |           
287    | 2.9094     | 0.2591     | 1.3187       | 1.3316       | 0.0852     | 1.2982       | 1.3137       | 0.8861   |           
288    | 2.9504     | 0.2965     | 1.3188       | 1.3351       | 0.0863     | 1.3010       | 1.3056       | 0.8844   |           
289    | 2.9475     | 0.2962     | 1.3173       | 1.3340       | 0.1028     | 1.2983       | 1.3178       | 0.9068   |           
290    | 2.9089     | 0.2621     | 1.3145       | 1.3323       | 0.0897     | 1.3069       | 1.3190       | 1.0269   |           
291    | 2.9133     | 0.2608     | 1.3180       | 1.3346       | 0.1015     | 1.3074       | 1.3129       | 0.9907   |           
292    | 2.8904     | 0.2438     | 1.3164       | 1.3302       | 0.0798     | 1.3161       | 1.3154       | 0.9134   | (ADV -0.00)
293    | 2.9552     | 0.2975     | 1.3218       | 1.3360       | 0.0991     | 1.3165       | 1.3168       | 0.9718   |           
294    | 2.9298     | 0.2843     | 1.3148       | 1.3307       | 0.0960     | 1.3040       | 1.3125       | 0.9648   |           
295    | 2.9145     | 0.2661     | 1.3226       | 1.3257       | 0.0931     | 1.2996       | 1.3053       | 0.8945   |           
296    | 2.8997     | 0.2506     | 1.3184       | 1.3306       | 0.1066     | 1.3115       | 1.3129       | 0.8441   |           
297    | 2.9326     | 0.2761     | 1.3197       | 1.3369       | 0.0773     | 1.3143       | 1.3152       | 0.9157   | (ADV -0.00)
298    | 2.9348     | 0.2805     | 1.3228       | 1.3314       | 0.0975     | 1.3035       | 1.3129       | 0.9021   |           
299    | 2.9464     | 0.2916     | 1.3230       | 1.3318       | 0.0941     | 1.3137       | 1.3093       | 0.9330   |           
300    | 2.9164     | 0.2614     | 1.3230       | 1.3320       | 0.0808     | 1.3019       | 1.3146       | 0.9597   |           
301    | 2.9369     | 0.2853     | 1.3192       | 1.3324       | 0.1051     | 1.3158       | 1.3116       | 0.9793   |           
302    | 2.9183     | 0.2684     | 1.3215       | 1.3284       | 0.0865     | 1.3122       | 1.3193       | 0.9391   |           
303    | 2.9303     | 0.2725     | 1.3225       | 1.3353       | 0.0780     | 1.3120       | 1.3091       | 0.9490   |           
304    | 2.9402     | 0.2853     | 1.3245       | 1.3304       | 0.0768     | 1.3104       | 1.3104       | 0.9789   |           
305    | 2.9231     | 0.2712     | 1.3189       | 1.3330       | 0.0864     | 1.3100       | 1.3154       | 0.9336   |           
306    | 2.9157     | 0.2599     | 1.3183       | 1.3375       | 0.0862     | 1.3131       | 1.3143       | 0.9452   |           
307    | 2.9294     | 0.2771     | 1.3192       | 1.3331       | 0.0666     | 1.2999       | 1.3110       | 0.9971   |           
308    | 2.9216     | 0.2691     | 1.3196       | 1.3329       | 0.0844     | 1.3003       | 1.3133       | 0.9823   |           
309    | 2.9133     | 0.2607     | 1.3176       | 1.3350       | 0.0884     | 1.3032       | 1.3149       | 0.9836   |           
310    | 2.9292     | 0.2688     | 1.3231       | 1.3373       | 0.0831     | 1.3155       | 1.3236       | 0.9761   |           
311    | 2.9239     | 0.2608     | 1.3239       | 1.3392       | 0.0777     | 1.3147       | 1.3169       | 0.9641   |           
312    | 2.8991     | 0.2497     | 1.3175       | 1.3320       | 0.0881     | 1.3081       | 1.3180       | 0.9784   |           
313    | 2.9726     | 0.3111     | 1.3263       | 1.3352       | 0.0742     | 1.3164       | 1.3085       | 0.9138   |           
314    | 2.9363     | 0.2835     | 1.3200       | 1.3329       | 0.0945     | 1.3026       | 1.3051       | 0.9760   |           
315    | 2.8959     | 0.2457     | 1.3182       | 1.3320       | 0.0843     | 1.3091       | 1.3119       | 0.9812   |           
316    | 2.9291     | 0.2730     | 1.3229       | 1.3331       | 0.0850     | 1.2953       | 1.3138       | 0.9647   |           
317    | 2.9261     | 0.2704     | 1.3222       | 1.3335       | 0.0945     | 1.3040       | 1.3177       | 0.9598   |           
318    | 2.9260     | 0.2697     | 1.3177       | 1.3386       | 0.0905     | 1.2988       | 1.3187       | 0.9474   |           
319    | 2.9167     | 0.2610     | 1.3180       | 1.3378       | 0.0842     | 1.3114       | 1.3200       | 0.9079   |           
320    | 2.9288     | 0.2665     | 1.3187       | 1.3436       | 0.0919     | 1.3114       | 1.3214       | 0.9640   |           
321    | 2.9319     | 0.2642     | 1.3236       | 1.3440       | 0.0757     | 1.3120       | 1.3231       | 0.9482   |           
322    | 2.9225     | 0.2552     | 1.3223       | 1.3450       | 0.0902     | 1.3121       | 1.3270       | 0.9833   |           
323    | 2.9348     | 0.2676     | 1.3184       | 1.3488       | 0.0882     | 1.3090       | 1.3298       | 0.9692   |           
324    | 2.9231     | 0.2569     | 1.3208       | 1.3453       | 0.0818     | 1.3161       | 1.3216       | 0.9460   |           
325    | 2.9240     | 0.2537     | 1.3222       | 1.3481       | 0.1088     | 1.3114       | 1.3228       | 0.9619   |           
326    | 2.9285     | 0.2585     | 1.3239       | 1.3461       | 0.0754     | 1.3060       | 1.3242       | 0.9739   |           
327    | 2.9796     | 0.3053     | 1.3287       | 1.3456       | 0.1032     | 1.3075       | 1.3212       | 0.9827   |           
328    | 2.9059     | 0.2509     | 1.3176       | 1.3374       | 0.0807     | 1.2946       | 1.3188       | 0.9564   |           
329    | 2.9044     | 0.2470     | 1.3220       | 1.3355       | 0.0816     | 1.3027       | 1.3130       | 0.9677   |           
330    | 2.9110     | 0.2469     | 1.3232       | 1.3409       | 0.1027     | 1.3059       | 1.3263       | 0.9640   |           
331    | 2.9197     | 0.2544     | 1.3217       | 1.3436       | 0.0769     | 1.3056       | 1.3208       | 0.9288   |           
332    | 2.9048     | 0.2466     | 1.3192       | 1.3390       | 0.0847     | 1.3125       | 1.3208       | 0.9853   |           
333    | 2.9276     | 0.2623     | 1.3213       | 1.3439       | 0.0898     | 1.3161       | 1.3247       | 0.9509   |           
334    | 2.9037     | 0.2407     | 1.3231       | 1.3399       | 0.0848     | 1.3183       | 1.3271       | 1.0015   |           
335    | 2.9169     | 0.2516     | 1.3249       | 1.3404       | 0.0802     | 1.3120       | 1.3170       | 0.9292   |           
336    | 2.8944     | 0.2265     | 1.3261       | 1.3417       | 0.0868     | 1.3183       | 1.3173       | 0.9577   |           
337    | 2.9171     | 0.2512     | 1.3254       | 1.3405       | 0.0743     | 1.3207       | 1.3168       | 0.8970   | (ADV 0.00)
338    | 2.9304     | 0.2607     | 1.3263       | 1.3434       | 0.0980     | 1.3114       | 1.3278       | 0.9659   |           
339    | 2.9165     | 0.2497     | 1.3249       | 1.3419       | 0.0804     | 1.3224       | 1.3189       | 0.8925   |           
/home/mcslab/yutung/MCSLAB_RSSI_RTT_Dataset/FusionCDAN/fusion_cdan_v2_noRSSIDiff.py:201: FutureWarning: DataFrameGroupBy.apply operated on the grouping columns. This behavior is deprecated, and in a future version of pandas the grouping columns will be excluded from the operation. Either pass `include_groups=False` to exclude the groupings or explicitly select the grouping columns after groupby to silence this warning.
  df = df.groupby('Label').apply(
/home/mcslab/yutung/MCSLAB_RSSI_RTT_Dataset/FusionCDAN/fusion_cdan_v2_noRSSIDiff.py:201: FutureWarning: DataFrameGroupBy.apply operated on the grouping columns. This behavior is deprecated, and in a future version of pandas the grouping columns will be excluded from the operation. Either pass `include_groups=False` to exclude the groupings or explicitly select the grouping columns after groupby to silence this warning.
  df = df.groupby('Label').apply(
340    | 2.9119     | 0.2485     | 1.3259       | 1.3375       | 0.0753     | 1.3157       | 1.3255       | 0.9527   |           
341    | 2.9579     | 0.2868     | 1.3310       | 1.3401       | 0.0965     | 1.3066       | 1.3198       | 0.9991   |           
342    | 2.9533     | 0.2927     | 1.3250       | 1.3356       | 0.0842     | 1.3147       | 1.3105       | 0.9051   |           
343    | 2.9165     | 0.2567     | 1.3204       | 1.3394       | 0.0898     | 1.3016       | 1.3156       | 0.9502   |           
344    | 2.9176     | 0.2585     | 1.3228       | 1.3364       | 0.0963     | 1.3026       | 1.3191       | 0.9965   |           
345    | 2.9030     | 0.2460     | 1.3201       | 1.3370       | 0.0853     | 1.3136       | 1.3232       | 0.9429   |           
346    | 2.9130     | 0.2453     | 1.3268       | 1.3409       | 0.0771     | 1.3146       | 1.3240       | 0.9516   |           
347    | 2.9390     | 0.2661     | 1.3305       | 1.3424       | 0.0874     | 1.3213       | 1.3247       | 0.9646   |           
348    | 2.9154     | 0.2519     | 1.3259       | 1.3377       | 0.0917     | 1.3110       | 1.3273       | 1.0032   |           
349    | 2.9033     | 0.2366     | 1.3275       | 1.3392       | 0.0794     | 1.3203       | 1.3234       | 0.9718   |           
350    | 2.9321     | 0.2676     | 1.3279       | 1.3366       | 0.0727     | 1.3158       | 1.3143       | 0.9786   | (ADV 0.00)
351    | 2.9172     | 0.2490     | 1.3278       | 1.3404       | 0.0863     | 1.3139       | 1.3233       | 0.9309   |           
352    | 2.9208     | 0.2572     | 1.3243       | 1.3393       | 0.1071     | 1.3127       | 1.3242       | 0.9685   |           
353    | 2.8903     | 0.2279     | 1.3241       | 1.3383       | 0.0837     | 1.3243       | 1.3230       | 0.9455   |           
354    | 2.9108     | 0.2387     | 1.3294       | 1.3427       | 0.1174     | 1.3162       | 1.3312       | 0.9755   |           
355    | 2.9286     | 0.2558     | 1.3296       | 1.3431       | 0.0861     | 1.3207       | 1.3270       | 1.0238   |           
356    | 2.9185     | 0.2407     | 1.3336       | 1.3442       | 0.0899     | 1.3206       | 1.3280       | 1.0172   |           
357    | 2.9325     | 0.2613     | 1.3282       | 1.3430       | 0.1076     | 1.3166       | 1.3196       | 1.0028   |           
358    | 2.9235     | 0.2558     | 1.3285       | 1.3392       | 0.0819     | 1.3176       | 1.3180       | 0.9804   |           
359    | 2.9137     | 0.2453     | 1.3291       | 1.3394       | 0.0833     | 1.3118       | 1.3129       | 0.9897   |           
360    | 2.9288     | 0.2652     | 1.3212       | 1.3423       | 0.0859     | 1.3094       | 1.3105       | 0.9571   |           
361    | 2.9118     | 0.2498     | 1.3266       | 1.3354       | 0.0991     | 1.3045       | 1.3151       | 0.9882   |           
362    | 2.9278     | 0.2645     | 1.3286       | 1.3347       | 0.0960     | 1.3082       | 1.3139       | 0.9410   |           
363    | 2.9222     | 0.2621     | 1.3252       | 1.3349       | 0.1539     | 1.3296       | 1.3141       | 1.0093   |           
364    | 2.9025     | 0.2432     | 1.3233       | 1.3361       | 0.0858     | 1.3082       | 1.3131       | 0.9633   |           
365    | 2.8986     | 0.2397     | 1.3225       | 1.3364       | 0.0994     | 1.3232       | 1.3218       | 1.0370   |           
366    | 2.9325     | 0.2667     | 1.3278       | 1.3379       | 0.0849     | 1.3268       | 1.3192       | 0.9556   |           
367    | 2.8945     | 0.2298     | 1.3272       | 1.3375       | 0.0905     | 1.3207       | 1.3189       | 1.0280   |           
368    | 2.9282     | 0.2593     | 1.3269       | 1.3420       | 0.0981     | 1.3194       | 1.3195       | 1.0524   |           
369    | 2.9151     | 0.2558     | 1.3239       | 1.3353       | 0.0745     | 1.3174       | 1.3162       | 0.9961   |           
370    | 2.9005     | 0.2374     | 1.3249       | 1.3382       | 0.0761     | 1.3171       | 1.3195       | 1.0020   |           
371    | 2.9105     | 0.2468     | 1.3271       | 1.3366       | 0.0946     | 1.3167       | 1.3234       | 1.0501   |           
372    | 2.9237     | 0.2594     | 1.3297       | 1.3346       | 0.0877     | 1.3261       | 1.3240       | 0.9994   |           
373    | 2.9222     | 0.2592     | 1.3248       | 1.3382       | 0.1014     | 1.3152       | 1.3203       | 1.0143   |           
374    | 2.9080     | 0.2435     | 1.3265       | 1.3379       | 0.0970     | 1.3111       | 1.3181       | 1.0446   |           
375    | 2.8720     | 0.2108     | 1.3272       | 1.3340       | 0.0749     | 1.3221       | 1.3231       | 1.0072   | (ADV 0.00)
376    | 2.9173     | 0.2516     | 1.3262       | 1.3395       | 0.0743     | 1.3115       | 1.3227       | 0.9869   |           
377    | 2.9208     | 0.2565     | 1.3238       | 1.3405       | 0.0803     | 1.3093       | 1.3173       | 1.0180   |           
378    | 2.9058     | 0.2479     | 1.3187       | 1.3392       | 0.0791     | 1.3142       | 1.3171       | 0.9479   |           
379    | 2.8998     | 0.2407     | 1.3248       | 1.3343       | 0.0844     | 1.3186       | 1.3261       | 0.9839   |           
380    | 2.9025     | 0.2369     | 1.3254       | 1.3402       | 0.1214     | 1.3232       | 1.3274       | 0.9868   |           
381    | 2.9123     | 0.2524     | 1.3229       | 1.3369       | 0.0855     | 1.3203       | 1.3189       | 1.0104   |           
382    | 2.9211     | 0.2492     | 1.3299       | 1.3420       | 0.0848     | 1.3194       | 1.3209       | 1.0075   |           
383    | 2.9144     | 0.2531     | 1.3275       | 1.3337       | 0.0738     | 1.3302       | 1.3182       | 0.9994   |           
384    | 2.9035     | 0.2382     | 1.3280       | 1.3373       | 0.0815     | 1.3181       | 1.3185       | 0.9888   |           
385    | 2.9125     | 0.2497     | 1.3250       | 1.3378       | 0.1019     | 1.3240       | 1.3283       | 1.0146   |           
386    | 2.9101     | 0.2465     | 1.3262       | 1.3375       | 0.0996     | 1.3209       | 1.3241       | 0.9527   |           
387    | 2.9246     | 0.2482     | 1.3341       | 1.3423       | 0.0861     | 1.3187       | 1.3270       | 0.9223   |           
388    | 2.9061     | 0.2327     | 1.3342       | 1.3392       | 0.0791     | 1.3213       | 1.3252       | 0.9338   |           
389    | 2.9207     | 0.2510     | 1.3297       | 1.3401       | 0.0807     | 1.3155       | 1.3160       | 0.9537   |           
390    | 2.9169     | 0.2461     | 1.3291       | 1.3418       | 0.0894     | 1.3158       | 1.3246       | 0.9407   |           
391    | 2.9078     | 0.2372     | 1.3301       | 1.3405       | 0.0918     | 1.3196       | 1.3299       | 0.9635   |           
392    | 2.9248     | 0.2557     | 1.3279       | 1.3413       | 0.0785     | 1.3115       | 1.3278       | 0.9552   |           
393    | 2.8961     | 0.2256     | 1.3317       | 1.3389       | 0.0754     | 1.3248       | 1.3208       | 0.8996   |           
394    | 2.8961     | 0.2261     | 1.3295       | 1.3404       | 0.0783     | 1.3192       | 1.3268       | 0.9793   |           
395    | 2.9141     | 0.2423     | 1.3283       | 1.3434       | 0.1016     | 1.3138       | 1.3324       | 0.9319   |           
396    | 2.9193     | 0.2453     | 1.3318       | 1.3423       | 0.0887     | 1.3210       | 1.3096       | 0.9416   |           
397    | 2.9039     | 0.2320     | 1.3298       | 1.3421       | 0.0702     | 1.3192       | 1.3219       | 0.9223   | (ADV 0.00)
398    | 2.9131     | 0.2441     | 1.3311       | 1.3378       | 0.0764     | 1.3160       | 1.3266       | 0.8329   |           
399    | 2.8959     | 0.2220     | 1.3289       | 1.3450       | 0.0783     | 1.3150       | 1.3302       | 0.9555   |           
400    | 2.8901     | 0.2161     | 1.3317       | 1.3424       | 0.0722     | 1.3273       | 1.3270       | 0.9222   | (ADV 0.00)
Seed 6767 | Src Acc: 97.7551 | Src MDE: 0.0309 | Tgt Acc: 27.2449 | Tgt MDE: 0.9222
Start Training Seed 123456...

Start CDAN+E Training... (Entropy Conditioning Enabled)
Epoch  | Total Loss | Tr Cls     | Tr Dom RSSI  | Tr Dom RTT   | Val Cls    | Val RSSI Dls | Val RTT Dls  | Test MDE
------------------------------------------------------------------------------------------------------------------------
1      | 6.2313     | 3.4583     | 1.3866       | 1.3864       | 2.8954     | 1.3858       | 1.3863       | 1.3646   |           
2      | 5.5169     | 2.7446     | 1.3868       | 1.3855       | 2.3758     | 1.3854       | 1.3849       | 1.1661   |           
3      | 5.0588     | 2.2904     | 1.3856       | 1.3829       | 1.8956     | 1.3840       | 1.3816       | 1.0561   |           
4      | 4.7643     | 2.0010     | 1.3833       | 1.3799       | 1.6574     | 1.3823       | 1.3762       | 1.0474   |           
5      | 4.4947     | 1.7428     | 1.3787       | 1.3732       | 1.3458     | 1.3779       | 1.3683       | 1.0111   |           
6      | 4.2829     | 1.5442     | 1.3725       | 1.3663       | 1.1715     | 1.3714       | 1.3583       | 1.0067   |           
7      | 4.0960     | 1.3739     | 1.3635       | 1.3586       | 0.9608     | 1.3632       | 1.3447       | 1.0299   |           
8      | 3.9252     | 1.2250     | 1.3533       | 1.3469       | 0.8805     | 1.3541       | 1.3345       | 0.9955   |           
9      | 3.8346     | 1.1571     | 1.3415       | 1.3360       | 0.7038     | 1.3384       | 1.3166       | 1.0265   |           
10     | 3.6993     | 1.0458     | 1.3288       | 1.3248       | 0.6308     | 1.3257       | 1.3011       | 0.9865   |           
11     | 3.5983     | 0.9686     | 1.3170       | 1.3127       | 0.5604     | 1.3081       | 1.2815       | 0.9706   |           
12     | 3.4896     | 0.8972     | 1.2957       | 1.2967       | 0.5094     | 1.2924       | 1.2653       | 0.9905   |           
13     | 3.3786     | 0.8175     | 1.2772       | 1.2839       | 0.4237     | 1.2709       | 1.2406       | 0.9214   | (ADV -0.13)
14     | 3.3299     | 0.7944     | 1.2638       | 1.2718       | 0.4025     | 1.2488       | 1.2310       | 1.0241   | (ADV -0.12)
15     | 3.2336     | 0.7478     | 1.2364       | 1.2493       | 0.3471     | 1.2230       | 1.2021       | 0.9308   | (ADV -0.11)
16     | 3.1681     | 0.7103     | 1.2195       | 1.2382       | 0.3267     | 1.2054       | 1.1845       | 0.9393   | (ADV -0.11)
17     | 3.1069     | 0.6799     | 1.2004       | 1.2266       | 0.2862     | 1.1791       | 1.1635       | 0.8924   | (ADV -0.10)
18     | 3.0733     | 0.6708     | 1.1876       | 1.2149       | 0.2936     | 1.1607       | 1.1376       | 0.9943   |           
19     | 3.0155     | 0.6463     | 1.1686       | 1.2006       | 0.2656     | 1.1236       | 1.1156       | 0.9682   |           
20     | 2.9482     | 0.6201     | 1.1438       | 1.1844       | 0.2608     | 1.1183       | 1.1103       | 0.9057   |           
21     | 2.8660     | 0.5733     | 1.1240       | 1.1687       | 0.2316     | 1.0875       | 1.0709       | 0.9624   |           
22     | 2.8243     | 0.5672     | 1.1046       | 1.1525       | 0.2138     | 1.0635       | 1.0595       | 0.9114   | (ADV -0.09)
23     | 2.8021     | 0.5586     | 1.0976       | 1.1459       | 0.2139     | 1.0295       | 1.0373       | 0.9403   |           
24     | 2.7552     | 0.5385     | 1.0779       | 1.1388       | 0.2086     | 1.0145       | 1.0247       | 0.8813   |           
25     | 2.6823     | 0.4971     | 1.0615       | 1.1237       | 0.2050     | 1.0096       | 1.0203       | 0.8739   |           
26     | 2.7173     | 0.5214     | 1.0624       | 1.1336       | 0.1832     | 0.9909       | 0.9983       | 0.8876   |           
27     | 2.6421     | 0.5041     | 1.0252       | 1.1129       | 0.1808     | 0.9644       | 0.9793       | 0.9224   |           
28     | 2.6786     | 0.5221     | 1.0442       | 1.1123       | 0.1771     | 0.9542       | 0.9739       | 0.8912   |           
29     | 2.6143     | 0.4903     | 1.0190       | 1.1049       | 0.1639     | 0.9513       | 0.9739       | 0.9167   |           
30     | 2.6385     | 0.5014     | 1.0250       | 1.1121       | 0.1651     | 0.9240       | 0.9508       | 0.8930   |           
31     | 2.5561     | 0.4629     | 1.0049       | 1.0883       | 0.1737     | 0.9347       | 0.9443       | 0.8805   |           
32     | 2.5475     | 0.4587     | 1.0046       | 1.0842       | 0.1767     | 0.9092       | 0.9550       | 0.9161   |           
33     | 2.5603     | 0.4594     | 1.0081       | 1.0927       | 0.1523     | 0.9143       | 0.9565       | 0.8649   |           
34     | 2.5008     | 0.4364     | 0.9828       | 1.0816       | 0.1564     | 0.8816       | 0.9367       | 0.8229   |           
35     | 2.4758     | 0.4224     | 0.9822       | 1.0712       | 0.1522     | 0.8652       | 0.9220       | 0.8496   |           
36     | 2.5050     | 0.4285     | 0.9863       | 1.0901       | 0.1493     | 0.8820       | 0.9249       | 0.8947   |           
37     | 2.5273     | 0.4389     | 0.9949       | 1.0936       | 0.1517     | 0.9019       | 0.9386       | 0.8265   |           
38     | 2.5496     | 0.4521     | 0.9994       | 1.0981       | 0.1458     | 0.8601       | 0.9098       | 0.8574   |           
39     | 2.4782     | 0.4171     | 0.9807       | 1.0804       | 0.1493     | 0.8750       | 0.9421       | 0.8600   |           
40     | 2.4816     | 0.4186     | 0.9749       | 1.0881       | 0.1401     | 0.8528       | 0.9172       | 0.9164   |           
41     | 2.4982     | 0.4228     | 0.9872       | 1.0882       | 0.1392     | 0.8649       | 0.9228       | 0.9187   |           
42     | 2.5556     | 0.4685     | 0.9935       | 1.0936       | 0.1397     | 0.8462       | 0.9213       | 0.9190   |           
43     | 2.5224     | 0.4283     | 0.9898       | 1.1042       | 0.1304     | 0.8624       | 0.9167       | 0.8451   |           
44     | 2.4956     | 0.4224     | 0.9906       | 1.0826       | 0.1280     | 0.8618       | 0.9115       | 0.8396   |           
45     | 2.5078     | 0.4187     | 1.0018       | 1.0873       | 0.1247     | 0.8671       | 0.9001       | 0.8159   |           
46     | 2.5478     | 0.4336     | 1.0108       | 1.1034       | 0.1380     | 0.8652       | 0.9255       | 0.8412   |           
47     | 2.5583     | 0.4283     | 1.0140       | 1.1160       | 0.1561     | 0.8897       | 0.9555       | 0.8778   |           
48     | 2.5632     | 0.4237     | 1.0310       | 1.1085       | 0.1351     | 0.8724       | 0.9450       | 0.8344   |           
49     | 2.5446     | 0.4068     | 1.0261       | 1.1118       | 0.1312     | 0.8803       | 0.9176       | 0.7950   |           
50     | 2.5877     | 0.4411     | 1.0364       | 1.1102       | 0.1398     | 0.9111       | 0.9517       | 0.8596   |           
51     | 2.6197     | 0.4331     | 1.0594       | 1.1273       | 0.1443     | 0.8851       | 0.9534       | 0.8434   |           
52     | 2.6211     | 0.4361     | 1.0594       | 1.1256       | 0.1318     | 0.9025       | 0.9302       | 0.8894   |           
53     | 2.5872     | 0.4216     | 1.0555       | 1.1101       | 0.1422     | 0.8845       | 0.9231       | 0.8843   |           
54     | 2.5795     | 0.4068     | 1.0494       | 1.1233       | 0.1357     | 0.9299       | 0.9627       | 0.7462   |           
55     | 2.6297     | 0.4245     | 1.0749       | 1.1303       | 0.1407     | 0.9093       | 0.9432       | 0.8247   |           
56     | 2.6641     | 0.4386     | 1.0859       | 1.1396       | 0.1469     | 0.9134       | 0.9449       | 0.8523   |           
57     | 2.6473     | 0.4312     | 1.0690       | 1.1470       | 0.1380     | 0.9360       | 0.9728       | 0.8777   |           
58     | 2.6646     | 0.4438     | 1.0772       | 1.1436       | 0.1402     | 0.9265       | 0.9585       | 0.9569   |           
59     | 2.6674     | 0.4531     | 1.0647       | 1.1496       | 0.1304     | 0.9607       | 0.9808       | 0.8815   | (ADV -0.09)
60     | 2.6275     | 0.4258     | 1.0580       | 1.1436       | 0.1256     | 0.9101       | 0.9749       | 0.8724   |           
61     | 2.6486     | 0.4324     | 1.0560       | 1.1602       | 0.1346     | 0.9061       | 0.9890       | 0.8481   |           
62     | 2.6282     | 0.4303     | 1.0518       | 1.1462       | 0.1644     | 0.9181       | 0.9815       | 0.9132   |           
63     | 2.7074     | 0.4188     | 1.1080       | 1.1806       | 0.1532     | 0.9542       | 0.9996       | 1.0149   |           
64     | 2.6612     | 0.4171     | 1.0766       | 1.1676       | 0.1323     | 0.9352       | 0.9858       | 0.9908   |           
65     | 2.6905     | 0.4386     | 1.0927       | 1.1592       | 0.1455     | 0.9255       | 0.9893       | 0.8071   |           
66     | 2.6912     | 0.4265     | 1.1007       | 1.1640       | 0.1370     | 0.9512       | 0.9907       | 0.9766   |           
67     | 2.7203     | 0.4495     | 1.1090       | 1.1618       | 0.1397     | 0.9628       | 0.9888       | 0.8815   |           
68     | 2.6939     | 0.4377     | 1.0951       | 1.1611       | 0.1515     | 0.9391       | 1.0022       | 0.9285   |           
69     | 2.7073     | 0.4489     | 1.0907       | 1.1678       | 0.1544     | 0.9494       | 1.0029       | 0.8982   |           
70     | 2.7337     | 0.4394     | 1.1045       | 1.1899       | 0.1362     | 0.9814       | 1.0052       | 0.9376   | (ADV -0.09)
71     | 2.7313     | 0.4455     | 1.1048       | 1.1810       | 0.1421     | 0.9896       | 0.9943       | 0.9610   | (ADV -0.09)
72     | 2.7517     | 0.4538     | 1.1027       | 1.1951       | 0.1503     | 0.9591       | 0.9965       | 0.9336   |           
73     | 2.7235     | 0.4323     | 1.1077       | 1.1835       | 0.1378     | 0.9657       | 0.9904       | 0.9565   |           
74     | 2.7571     | 0.4558     | 1.1206       | 1.1806       | 0.1432     | 0.9830       | 1.0060       | 0.8951   |           
75     | 2.7249     | 0.4373     | 1.1066       | 1.1810       | 0.1484     | 1.0000       | 1.0173       | 0.9360   |           
76     | 2.7422     | 0.4459     | 1.1199       | 1.1763       | 0.1355     | 0.9918       | 0.9918       | 0.9119   | (ADV -0.08)
77     | 2.7063     | 0.4049     | 1.1150       | 1.1865       | 0.1322     | 0.9498       | 0.9838       | 0.8622   |           
78     | 2.6819     | 0.3966     | 1.1076       | 1.1778       | 0.1558     | 0.9519       | 0.9973       | 0.8862   |           
79     | 2.7718     | 0.4572     | 1.1261       | 1.1884       | 0.1431     | 0.9491       | 1.0168       | 0.8616   |           
80     | 2.7585     | 0.4477     | 1.1238       | 1.1869       | 0.1437     | 0.9713       | 1.0282       | 0.8770   |           
81     | 2.7270     | 0.4294     | 1.1111       | 1.1866       | 0.1583     | 0.9795       | 1.0581       | 0.8816   |           
82     | 2.7774     | 0.4557     | 1.1337       | 1.1880       | 0.1349     | 0.9595       | 0.9982       | 0.8938   |           
83     | 2.7055     | 0.4143     | 1.1157       | 1.1755       | 0.1370     | 0.9755       | 1.0268       | 0.8487   |           
84     | 2.7397     | 0.4335     | 1.1273       | 1.1789       | 0.1670     | 0.9685       | 1.0241       | 0.8514   |           
85     | 2.7230     | 0.4065     | 1.1356       | 1.1808       | 0.1405     | 0.9838       | 1.0241       | 0.8289   |           
86     | 2.7265     | 0.4099     | 1.1344       | 1.1822       | 0.1379     | 0.9797       | 1.0216       | 0.8541   |           
87     | 2.7403     | 0.4087     | 1.1547       | 1.1770       | 0.1392     | 0.9980       | 1.0264       | 0.9413   |           
88     | 2.7415     | 0.4186     | 1.1537       | 1.1692       | 0.1484     | 1.0126       | 1.0466       | 0.8776   |           
89     | 2.7683     | 0.4402     | 1.1500       | 1.1781       | 0.1512     | 0.9987       | 1.0552       | 0.8212   |           
90     | 2.7452     | 0.4275     | 1.1459       | 1.1717       | 0.1493     | 0.9968       | 1.0289       | 0.8578   |           
91     | 2.7441     | 0.4138     | 1.1497       | 1.1806       | 0.1470     | 1.0326       | 1.0354       | 0.8850   | (ADV -0.08)
92     | 2.7794     | 0.4350     | 1.1622       | 1.1822       | 0.1489     | 1.0175       | 1.0537       | 1.0231   |           
93     | 2.7336     | 0.4185     | 1.1503       | 1.1647       | 0.1676     | 1.0288       | 1.0446       | 0.8948   |           
94     | 2.7285     | 0.4087     | 1.1331       | 1.1868       | 0.1321     | 1.0352       | 1.0327       | 0.8591   | (ADV -0.07)
95     | 2.7091     | 0.3998     | 1.1446       | 1.1646       | 0.1551     | 1.0339       | 1.0561       | 0.8935   |           
96     | 2.7518     | 0.4411     | 1.1327       | 1.1780       | 0.1558     | 1.0324       | 1.0709       | 0.9281   |           
97     | 2.7628     | 0.4422     | 1.1441       | 1.1765       | 0.1564     | 1.0206       | 1.0585       | 0.8313   |           
98     | 2.7943     | 0.4499     | 1.1509       | 1.1935       | 0.1531     | 1.0375       | 1.0622       | 0.8619   |           
99     | 2.7471     | 0.4261     | 1.1416       | 1.1794       | 0.1347     | 1.0194       | 1.0545       | 0.8592   |           
100    | 2.7630     | 0.4335     | 1.1443       | 1.1852       | 0.1332     | 1.0452       | 1.0478       | 0.8511   | (ADV -0.07)
101    | 2.7564     | 0.4111     | 1.1548       | 1.1904       | 0.1291     | 1.0181       | 1.0368       | 0.8535   |           
102    | 2.7373     | 0.4056     | 1.1486       | 1.1832       | 0.1454     | 1.0232       | 1.0430       | 0.8458   |           
103    | 2.7243     | 0.3883     | 1.1502       | 1.1858       | 0.1440     | 1.0306       | 1.0444       | 0.8982   |           
104    | 2.7557     | 0.4077     | 1.1667       | 1.1813       | 0.1352     | 1.0313       | 1.0542       | 0.8856   |           
105    | 2.7505     | 0.4184     | 1.1442       | 1.1879       | 0.1444     | 1.0554       | 1.0517       | 0.8307   |           
106    | 2.7893     | 0.4162     | 1.1756       | 1.1975       | 0.1549     | 1.0537       | 1.0504       | 0.8693   |           
107    | 2.7688     | 0.4030     | 1.1615       | 1.2043       | 0.1391     | 1.0290       | 1.0752       | 0.8526   |           
108    | 2.7769     | 0.4252     | 1.1532       | 1.1985       | 0.1531     | 1.0388       | 1.0776       | 0.8376   |           
109    | 2.7520     | 0.4121     | 1.1581       | 1.1818       | 0.1408     | 1.0448       | 1.0878       | 0.9216   |           
110    | 2.7754     | 0.4184     | 1.1551       | 1.2020       | 0.1504     | 1.0576       | 1.0851       | 0.7990   |           
111    | 2.7403     | 0.3911     | 1.1513       | 1.1980       | 0.1614     | 1.0317       | 1.0874       | 0.9264   |           
112    | 2.8080     | 0.4344     | 1.1709       | 1.2027       | 0.1455     | 1.0546       | 1.1104       | 0.8988   |           
113    | 2.7716     | 0.4088     | 1.1742       | 1.1886       | 0.1541     | 1.0486       | 1.0777       | 0.7919   |           
114    | 2.7679     | 0.4115     | 1.1703       | 1.1861       | 0.1491     | 1.0409       | 1.0888       | 0.8340   |           
115    | 2.7862     | 0.4151     | 1.1764       | 1.1947       | 0.1386     | 1.0520       | 1.0565       | 0.7950   |           
116    | 2.7336     | 0.3824     | 1.1668       | 1.1844       | 0.1671     | 1.0765       | 1.0842       | 0.8391   |           
117    | 2.8215     | 0.4337     | 1.1780       | 1.2098       | 0.1502     | 1.0452       | 1.0780       | 0.8173   |           
118    | 2.7464     | 0.3947     | 1.1746       | 1.1770       | 0.1472     | 1.0601       | 1.0862       | 0.8245   |           
119    | 2.8030     | 0.4314     | 1.1834       | 1.1882       | 0.1410     | 1.0643       | 1.0640       | 0.8268   | (ADV -0.07)
120    | 2.7562     | 0.4041     | 1.1679       | 1.1841       | 0.1597     | 1.0726       | 1.0792       | 0.8326   |           
121    | 2.8020     | 0.4290     | 1.1731       | 1.2000       | 0.1603     | 1.0872       | 1.0879       | 0.8938   |           
122    | 2.7786     | 0.4093     | 1.1748       | 1.1945       | 0.1918     | 1.0949       | 1.1102       | 0.7954   |           
123    | 2.7214     | 0.3875     | 1.1592       | 1.1746       | 0.1664     | 1.0672       | 1.0787       | 0.8984   |           
124    | 2.7867     | 0.4160     | 1.1733       | 1.1974       | 0.1351     | 1.0660       | 1.0768       | 0.8876   | (ADV -0.07)
125    | 2.7853     | 0.3976     | 1.1914       | 1.1963       | 0.1401     | 1.0713       | 1.0821       | 0.9535   |           
126    | 2.7816     | 0.4201     | 1.1730       | 1.1884       | 0.1424     | 1.0849       | 1.0928       | 0.9430   | (ADV -0.07)
127    | 2.7505     | 0.3819     | 1.1717       | 1.1968       | 0.1403     | 1.1002       | 1.0858       | 0.9794   |           
128    | 2.8056     | 0.4179     | 1.1864       | 1.2013       | 0.1409     | 1.0852       | 1.0927       | 0.9625   | (ADV -0.07)
129    | 2.8010     | 0.4134     | 1.1859       | 1.2017       | 0.1510     | 1.0984       | 1.0891       | 0.8897   |           
130    | 2.8085     | 0.4059     | 1.1946       | 1.2080       | 0.1755     | 1.0975       | 1.0801       | 0.9959   |           
131    | 2.8077     | 0.3988     | 1.2070       | 1.2019       | 0.1544     | 1.1118       | 1.0918       | 0.9838   |           
132    | 2.8132     | 0.4106     | 1.1944       | 1.2083       | 0.1568     | 1.0916       | 1.0674       | 0.9472   |           
133    | 2.8017     | 0.4278     | 1.1818       | 1.1921       | 0.1704     | 1.0885       | 1.0676       | 0.9615   |           
134    | 2.7581     | 0.3857     | 1.1774       | 1.1949       | 0.1642     | 1.0927       | 1.0594       | 0.8632   |           
135    | 2.8229     | 0.4280     | 1.1902       | 1.2048       | 0.1511     | 1.0904       | 1.0564       | 0.9438   |           
136    | 2.7766     | 0.3844     | 1.1879       | 1.2043       | 0.1603     | 1.0801       | 1.0740       | 0.9646   |           
137    | 2.8289     | 0.4190     | 1.1982       | 1.2117       | 0.1496     | 1.1143       | 1.1006       | 0.9538   |           
138    | 2.7767     | 0.3792     | 1.1810       | 1.2164       | 0.1434     | 1.1191       | 1.0916       | 0.9307   |           
139    | 2.8362     | 0.4206     | 1.1922       | 1.2234       | 0.1548     | 1.0999       | 1.0801       | 0.9286   |           
140    | 2.7919     | 0.3974     | 1.1815       | 1.2130       | 0.1366     | 1.0929       | 1.0891       | 0.9224   | (ADV -0.06)
141    | 2.8350     | 0.4071     | 1.2000       | 1.2279       | 0.1537     | 1.0981       | 1.1089       | 0.9790   |           
142    | 2.7684     | 0.3567     | 1.1971       | 1.2146       | 0.1492     | 1.1107       | 1.1003       | 0.8702   |           
143    | 2.7762     | 0.3694     | 1.1903       | 1.2164       | 0.1371     | 1.1154       | 1.0965       | 0.9816   |           
144    | 2.8583     | 0.4219     | 1.2079       | 1.2286       | 0.1544     | 1.0964       | 1.1162       | 0.8436   |           
145    | 2.7923     | 0.3833     | 1.1876       | 1.2214       | 0.1516     | 1.1031       | 1.0889       | 1.0023   |           
146    | 2.7988     | 0.3959     | 1.1907       | 1.2122       | 0.1480     | 1.0925       | 1.0800       | 0.8627   |           
147    | 2.8560     | 0.4358     | 1.1935       | 1.2267       | 0.1555     | 1.1082       | 1.0973       | 0.8816   |           
148    | 2.7861     | 0.3656     | 1.1968       | 1.2237       | 0.1575     | 1.1155       | 1.0863       | 0.8890   |           
149    | 2.8515     | 0.4124     | 1.2095       | 1.2296       | 0.1574     | 1.1101       | 1.0969       | 0.8486   |           
150    | 2.8398     | 0.4102     | 1.2085       | 1.2212       | 0.1535     | 1.1129       | 1.0989       | 0.8622   |           
151    | 2.7847     | 0.3806     | 1.1935       | 1.2106       | 0.1487     | 1.1044       | 1.0847       | 0.9275   |           
152    | 2.8103     | 0.3836     | 1.1963       | 1.2304       | 0.1436     | 1.0803       | 1.0861       | 0.8890   |           
153    | 2.7980     | 0.3799     | 1.1880       | 1.2301       | 0.1888     | 1.0850       | 1.0983       | 0.9359   |           
154    | 2.8174     | 0.3822     | 1.1981       | 1.2370       | 0.1794     | 1.0778       | 1.1134       | 0.9084   |           
155    | 2.8698     | 0.4161     | 1.2076       | 1.2461       | 0.1486     | 1.1087       | 1.1066       | 0.9464   | (ADV -0.06)
156    | 2.8537     | 0.4044     | 1.2067       | 1.2427       | 0.1515     | 1.0965       | 1.1028       | 0.8531   |           
157    | 2.8226     | 0.3996     | 1.1917       | 1.2312       | 0.1387     | 1.1086       | 1.1198       | 0.7905   | (ADV -0.06)
158    | 2.8594     | 0.4087     | 1.2176       | 1.2331       | 0.1476     | 1.1009       | 1.1296       | 0.9092   |           
159    | 2.8186     | 0.3915     | 1.2038       | 1.2233       | 0.1381     | 1.1014       | 1.0938       | 0.8790   |           
160    | 2.7841     | 0.3567     | 1.2017       | 1.2257       | 0.1607     | 1.1160       | 1.1105       | 0.9780   |           
161    | 2.8399     | 0.4116     | 1.2006       | 1.2277       | 0.1529     | 1.1220       | 1.1134       | 0.9079   |           
162    | 2.8012     | 0.3719     | 1.2057       | 1.2236       | 0.1701     | 1.1157       | 1.1103       | 0.8993   |           
163    | 2.8129     | 0.3809     | 1.2123       | 1.2198       | 0.1516     | 1.1222       | 1.1159       | 0.8488   |           
164    | 2.8084     | 0.3715     | 1.2121       | 1.2248       | 0.1504     | 1.1086       | 1.1193       | 0.8896   |           
165    | 2.8293     | 0.3925     | 1.2103       | 1.2266       | 0.1395     | 1.1048       | 1.1047       | 0.9289   | (ADV -0.06)
166    | 2.7888     | 0.3538     | 1.2090       | 1.2260       | 0.1453     | 1.1111       | 1.1137       | 0.8412   |           
167    | 2.8530     | 0.3930     | 1.2042       | 1.2557       | 0.1394     | 1.0963       | 1.1172       | 0.8981   |           
168    | 2.7723     | 0.3488     | 1.1956       | 1.2279       | 0.1531     | 1.1471       | 1.1338       | 0.8663   |           
169    | 2.8036     | 0.3607     | 1.2068       | 1.2360       | 0.1405     | 1.1243       | 1.1414       | 0.8461   | (ADV -0.06)
170    | 2.8487     | 0.4013     | 1.2143       | 1.2331       | 0.1384     | 1.1229       | 1.1183       | 0.8439   | (ADV -0.06)
171    | 2.8186     | 0.3669     | 1.2119       | 1.2398       | 0.1495     | 1.1238       | 1.1296       | 0.8286   |           
172    | 2.8444     | 0.3814     | 1.2280       | 1.2349       | 0.1831     | 1.1277       | 1.1374       | 0.8677   |           
173    | 2.8199     | 0.3652     | 1.2171       | 1.2375       | 0.1568     | 1.1270       | 1.1479       | 0.8197   |           
174    | 2.8282     | 0.3527     | 1.2201       | 1.2554       | 0.1594     | 1.1397       | 1.1657       | 0.8216   |           
175    | 2.7985     | 0.3494     | 1.2095       | 1.2396       | 0.1560     | 1.1318       | 1.1527       | 0.8328   |           
176    | 2.8234     | 0.3697     | 1.2111       | 1.2426       | 0.1566     | 1.1279       | 1.1458       | 0.8046   |           
177    | 2.8393     | 0.3862     | 1.2109       | 1.2423       | 0.1598     | 1.1480       | 1.1439       | 0.8367   |           
178    | 2.8158     | 0.3534     | 1.2143       | 1.2481       | 0.1521     | 1.1307       | 1.1516       | 0.7980   |           
179    | 2.8029     | 0.3495     | 1.2071       | 1.2463       | 0.1574     | 1.1540       | 1.1421       | 0.8355   |           
180    | 2.8106     | 0.3496     | 1.2073       | 1.2536       | 0.1713     | 1.1386       | 1.1484       | 0.8654   |           
181    | 2.8665     | 0.3898     | 1.2122       | 1.2645       | 0.1544     | 1.1327       | 1.1591       | 0.8421   |           
182    | 2.8176     | 0.3468     | 1.2146       | 1.2562       | 0.1593     | 1.1380       | 1.1747       | 0.8692   |           
183    | 2.8777     | 0.3827     | 1.2321       | 1.2628       | 0.1601     | 1.1309       | 1.1428       | 0.7995   |           
184    | 2.8766     | 0.3949     | 1.2202       | 1.2615       | 0.1530     | 1.1414       | 1.1602       | 0.8710   |           
185    | 2.8570     | 0.3802     | 1.2210       | 1.2558       | 0.1538     | 1.1464       | 1.1605       | 0.8469   |           
186    | 2.8436     | 0.3550     | 1.2178       | 1.2708       | 0.1599     | 1.1343       | 1.1983       | 0.9599   |           
187    | 2.8181     | 0.3371     | 1.2155       | 1.2655       | 0.1415     | 1.1646       | 1.1911       | 0.9298   | (ADV -0.05)
188    | 2.8396     | 0.3463     | 1.2381       | 1.2552       | 0.1596     | 1.1627       | 1.1756       | 0.8896   |           
189    | 2.8561     | 0.3493     | 1.2314       | 1.2753       | 0.1500     | 1.1713       | 1.1773       | 0.8929   | (ADV -0.05)
190    | 2.8866     | 0.3666     | 1.2361       | 1.2838       | 0.1384     | 1.1734       | 1.2046       | 0.7909   |           
191    | 2.8438     | 0.3386     | 1.2361       | 1.2692       | 0.1450     | 1.1585       | 1.1767       | 0.7645   |           
192    | 2.8701     | 0.3598     | 1.2409       | 1.2694       | 0.1609     | 1.1687       | 1.1800       | 0.7536   |           
193    | 2.8707     | 0.3584     | 1.2410       | 1.2713       | 0.1650     | 1.1848       | 1.1967       | 0.8312   |           
194    | 2.8352     | 0.3297     | 1.2435       | 1.2620       | 0.1844     | 1.1610       | 1.1995       | 0.8337   |           
195    | 2.8936     | 0.3558     | 1.2466       | 1.2912       | 0.1779     | 1.1999       | 1.2307       | 0.9844   |           
196    | 2.9312     | 0.3824     | 1.2595       | 1.2893       | 0.1565     | 1.1847       | 1.2117       | 0.9905   |           
197    | 2.8694     | 0.3393     | 1.2454       | 1.2847       | 0.1633     | 1.1872       | 1.1907       | 0.8516   |           
198    | 2.8420     | 0.3271     | 1.2446       | 1.2703       | 0.1549     | 1.1881       | 1.1922       | 0.9377   | (ADV -0.05)
199    | 2.8830     | 0.3549     | 1.2662       | 1.2619       | 0.1520     | 1.2064       | 1.1834       | 0.8791   |           
200    | 2.8799     | 0.3512     | 1.2688       | 1.2598       | 0.1815     | 1.2154       | 1.1737       | 0.8251   |           
201    | 2.8795     | 0.3587     | 1.2673       | 1.2535       | 0.1449     | 1.2122       | 1.1723       | 0.8112   |           
202    | 2.8780     | 0.3489     | 1.2709       | 1.2582       | 0.1574     | 1.2115       | 1.1832       | 0.8004   |           
203    | 2.8337     | 0.3044     | 1.2716       | 1.2577       | 0.1576     | 1.2108       | 1.1772       | 0.8534   |           
204    | 2.8573     | 0.3261     | 1.2710       | 1.2601       | 0.1592     | 1.2218       | 1.1800       | 0.8420   |           
205    | 2.8953     | 0.3495     | 1.2732       | 1.2726       | 0.1559     | 1.2242       | 1.1830       | 0.8834   |           
206    | 2.8847     | 0.3482     | 1.2675       | 1.2691       | 0.1578     | 1.2167       | 1.1775       | 0.8897   |           
207    | 2.8957     | 0.3491     | 1.2801       | 1.2665       | 0.1469     | 1.2242       | 1.2024       | 0.8251   | (ADV -0.05)
208    | 2.8635     | 0.3307     | 1.2721       | 1.2606       | 0.1363     | 1.2329       | 1.2135       | 0.8604   | (ADV -0.04)
209    | 2.8789     | 0.3295     | 1.2733       | 1.2761       | 0.1583     | 1.2129       | 1.2129       | 0.7915   |           
210    | 2.9033     | 0.3480     | 1.2819       | 1.2734       | 0.1519     | 1.2404       | 1.2133       | 0.8604   |           
211    | 2.9170     | 0.3554     | 1.2868       | 1.2749       | 0.1448     | 1.2300       | 1.2229       | 0.8315   | (ADV -0.04)
212    | 2.8855     | 0.3230     | 1.2823       | 1.2802       | 0.1464     | 1.2480       | 1.2140       | 0.8645   |           
213    | 2.9130     | 0.3670     | 1.2778       | 1.2683       | 0.1543     | 1.2251       | 1.2098       | 0.8014   |           
214    | 2.8742     | 0.3198     | 1.2769       | 1.2775       | 0.1507     | 1.2278       | 1.2204       | 0.7556   |           
215    | 2.8751     | 0.3178     | 1.2813       | 1.2760       | 0.1324     | 1.2530       | 1.2297       | 0.7388   | (ADV -0.04)
216    | 2.9128     | 0.3439     | 1.2856       | 1.2834       | 0.1444     | 1.2344       | 1.2125       | 0.7924   |           
217    | 2.8963     | 0.3305     | 1.2789       | 1.2868       | 0.1582     | 1.2297       | 1.2099       | 0.8232   |           
218    | 2.9068     | 0.3451     | 1.2794       | 1.2823       | 0.1786     | 1.2570       | 1.2080       | 0.8751   |           
219    | 2.8893     | 0.3162     | 1.2851       | 1.2880       | 0.1397     | 1.2375       | 1.2215       | 0.7427   |           
220    | 2.8812     | 0.3155     | 1.2834       | 1.2822       | 0.1268     | 1.2335       | 1.2336       | 0.7890   | (ADV -0.03)
221    | 2.9262     | 0.3529     | 1.2817       | 1.2916       | 0.1411     | 1.2315       | 1.2272       | 0.8891   |           
222    | 2.8722     | 0.3049     | 1.2854       | 1.2819       | 0.1651     | 1.2413       | 1.2272       | 0.8653   |           
223    | 2.9184     | 0.3416     | 1.2849       | 1.2919       | 0.1411     | 1.2403       | 1.2245       | 0.8085   |           
224    | 2.8770     | 0.2969     | 1.2898       | 1.2904       | 0.1631     | 1.2610       | 1.2461       | 0.8350   |           
225    | 2.9086     | 0.3215     | 1.2930       | 1.2941       | 0.1569     | 1.2727       | 1.2296       | 0.8617   |           
226    | 2.8554     | 0.2762     | 1.2967       | 1.2825       | 0.1622     | 1.2886       | 1.2365       | 0.8312   |           
227    | 2.8885     | 0.3021     | 1.3005       | 1.2859       | 0.1705     | 1.2737       | 1.2252       | 0.8188   |           
228    | 2.9105     | 0.3282     | 1.2927       | 1.2895       | 0.2048     | 1.2780       | 1.2386       | 0.8425   |           
229    | 2.8843     | 0.3020     | 1.2939       | 1.2884       | 0.1343     | 1.2670       | 1.2478       | 0.8516   |           
230    | 2.8990     | 0.3107     | 1.2928       | 1.2956       | 0.1323     | 1.2714       | 1.2595       | 0.9187   | (ADV -0.03)
231    | 2.9184     | 0.3204     | 1.2965       | 1.3015       | 0.1691     | 1.2668       | 1.2480       | 0.8711   |           
232    | 2.9012     | 0.3062     | 1.2993       | 1.2957       | 0.1252     | 1.2835       | 1.2633       | 0.8907   | (ADV -0.03)
233    | 2.9181     | 0.3141     | 1.3008       | 1.3031       | 0.1518     | 1.2752       | 1.2553       | 0.8550   |           
234    | 2.9694     | 0.3629     | 1.3038       | 1.3028       | 0.1188     | 1.2771       | 1.2615       | 0.9094   | (ADV -0.03)
235    | 2.9128     | 0.3086     | 1.3028       | 1.3014       | 0.1206     | 1.2914       | 1.2686       | 0.8610   |           
236    | 2.9104     | 0.3038     | 1.3084       | 1.2982       | 0.1217     | 1.2622       | 1.2636       | 0.8225   | (ADV -0.02)
237    | 2.9047     | 0.3018     | 1.3003       | 1.3025       | 0.1340     | 1.2719       | 1.2607       | 0.8460   |           
238    | 2.8905     | 0.2861     | 1.3018       | 1.3026       | 0.1130     | 1.2735       | 1.2702       | 0.9137   | (ADV -0.02)
239    | 2.9169     | 0.3069     | 1.3015       | 1.3084       | 0.1248     | 1.2806       | 1.2643       | 0.9154   |           
240    | 2.9221     | 0.3107     | 1.3059       | 1.3055       | 0.1177     | 1.2767       | 1.2790       | 0.8420   | (ADV -0.02)
241    | 2.9074     | 0.2963     | 1.2983       | 1.3127       | 0.1239     | 1.2753       | 1.2761       | 0.9048   |           
242    | 2.9310     | 0.3146     | 1.3020       | 1.3144       | 0.1185     | 1.2750       | 1.2720       | 0.9664   |           
243    | 2.8875     | 0.2782     | 1.3002       | 1.3090       | 0.1207     | 1.2764       | 1.2806       | 0.8567   |           
244    | 2.8917     | 0.2864     | 1.2985       | 1.3068       | 0.1152     | 1.2671       | 1.2789       | 0.9550   |           
245    | 2.8771     | 0.2648     | 1.3026       | 1.3097       | 0.1124     | 1.2697       | 1.2801       | 0.7895   |           
246    | 2.9171     | 0.3021     | 1.2995       | 1.3155       | 0.1361     | 1.2855       | 1.2836       | 0.8040   |           
247    | 2.9247     | 0.3045     | 1.3025       | 1.3177       | 0.1092     | 1.2699       | 1.2921       | 0.7254   |           
248    | 2.9046     | 0.2815     | 1.3069       | 1.3163       | 0.1192     | 1.2689       | 1.2879       | 0.8005   |           
249    | 2.9229     | 0.3018     | 1.3032       | 1.3180       | 0.1369     | 1.2764       | 1.2817       | 0.8222   |           
250    | 2.9406     | 0.3115     | 1.3089       | 1.3202       | 0.1269     | 1.2806       | 1.2930       | 0.8447   |           
251    | 2.8791     | 0.2558     | 1.3057       | 1.3176       | 0.1370     | 1.2912       | 1.2989       | 0.8044   |           
252    | 2.9169     | 0.2892     | 1.3091       | 1.3185       | 0.1185     | 1.2860       | 1.2950       | 0.8550   | (ADV -0.02)
253    | 2.8955     | 0.2660     | 1.3120       | 1.3176       | 0.1144     | 1.2939       | 1.3007       | 0.7277   | (ADV -0.02)
254    | 2.9119     | 0.2823     | 1.3112       | 1.3185       | 0.1246     | 1.2893       | 1.2996       | 0.7780   |           
255    | 2.9337     | 0.3006     | 1.3160       | 1.3171       | 0.1385     | 1.2930       | 1.3025       | 0.8093   |           
256    | 2.9375     | 0.3095     | 1.3133       | 1.3147       | 0.1131     | 1.2853       | 1.2890       | 0.8494   |           
257    | 2.9245     | 0.2931     | 1.3132       | 1.3182       | 0.1335     | 1.2970       | 1.2933       | 0.8056   |           
258    | 2.8978     | 0.2656     | 1.3133       | 1.3189       | 0.1218     | 1.2949       | 1.3016       | 0.7935   |           
259    | 2.9022     | 0.2690     | 1.3125       | 1.3208       | 0.1291     | 1.3021       | 1.3091       | 0.8517   |           
260    | 2.9336     | 0.2972     | 1.3153       | 1.3211       | 0.1334     | 1.3033       | 1.3025       | 0.9065   |           
261    | 2.9346     | 0.2869     | 1.3240       | 1.3236       | 0.1342     | 1.2994       | 1.3030       | 0.8459   |           
262    | 2.9376     | 0.2981     | 1.3202       | 1.3193       | 0.1153     | 1.3014       | 1.3030       | 0.7979   | (ADV -0.01)
263    | 2.9125     | 0.2743     | 1.3170       | 1.3212       | 0.1325     | 1.2985       | 1.3097       | 0.8542   |           
264    | 2.9073     | 0.2721     | 1.3127       | 1.3225       | 0.1278     | 1.2956       | 1.3120       | 0.8585   |           
265    | 2.9600     | 0.3197     | 1.3163       | 1.3240       | 0.1197     | 1.2893       | 1.3162       | 0.8377   |           
266    | 2.9142     | 0.2703     | 1.3176       | 1.3264       | 0.1118     | 1.2967       | 1.3164       | 0.8422   |           
267    | 2.9107     | 0.2677     | 1.3142       | 1.3288       | 0.1091     | 1.2908       | 1.3156       | 0.9279   |           
268    | 2.9365     | 0.2925     | 1.3117       | 1.3322       | 0.1100     | 1.2989       | 1.3177       | 0.8612   |           
269    | 2.9044     | 0.2599     | 1.3127       | 1.3318       | 0.1192     | 1.2965       | 1.3209       | 0.9387   |           
270    | 2.9072     | 0.2663     | 1.3127       | 1.3282       | 0.1240     | 1.2884       | 1.3196       | 0.9641   |           
271    | 2.8839     | 0.2418     | 1.3103       | 1.3317       | 0.1385     | 1.2875       | 1.3169       | 0.9719   |           
272    | 2.9127     | 0.2679     | 1.3158       | 1.3289       | 0.1371     | 1.3099       | 1.3061       | 0.9958   |           
273    | 2.9366     | 0.2866     | 1.3187       | 1.3313       | 0.1276     | 1.2868       | 1.3112       | 0.8670   |           
274    | 2.9289     | 0.2781     | 1.3190       | 1.3317       | 0.1127     | 1.2866       | 1.3058       | 0.8514   |           
275    | 2.9330     | 0.2882     | 1.3154       | 1.3294       | 0.1291     | 1.2843       | 1.3128       | 0.8983   |           
276    | 2.8902     | 0.2512     | 1.3142       | 1.3248       | 0.1284     | 1.2983       | 1.3069       | 0.8743   |           
277    | 2.9189     | 0.2698     | 1.3211       | 1.3280       | 0.1205     | 1.2933       | 1.3081       | 0.9121   |           
278    | 2.9425     | 0.2958     | 1.3158       | 1.3309       | 0.1133     | 1.2879       | 1.3126       | 0.8994   |           
279    | 2.9171     | 0.2660     | 1.3197       | 1.3313       | 0.1228     | 1.3007       | 1.3082       | 0.8064   |           
280    | 2.9109     | 0.2585     | 1.3229       | 1.3295       | 0.1169     | 1.3008       | 1.3100       | 0.9539   |           
281    | 2.9798     | 0.3113     | 1.3290       | 1.3395       | 0.1288     | 1.2962       | 1.3193       | 0.9955   |           
282    | 2.9218     | 0.2659     | 1.3242       | 1.3317       | 0.1246     | 1.2924       | 1.3077       | 0.9280   |           
283    | 2.8990     | 0.2516     | 1.3195       | 1.3279       | 0.1108     | 1.2932       | 1.3099       | 0.9262   |           
284    | 2.9260     | 0.2785     | 1.3201       | 1.3274       | 0.1092     | 1.2998       | 1.3030       | 0.9739   | (ADV -0.01)
285    | 2.9281     | 0.2732     | 1.3240       | 1.3309       | 0.1110     | 1.2944       | 1.3023       | 0.9778   |           
286    | 2.9290     | 0.2716     | 1.3246       | 1.3329       | 0.1008     | 1.3008       | 1.3130       | 1.0031   | (ADV -0.01)
287    | 2.9073     | 0.2567     | 1.3188       | 1.3318       | 0.1102     | 1.2945       | 1.3177       | 0.9992   |           
288    | 2.8843     | 0.2347     | 1.3213       | 1.3283       | 0.1167     | 1.2955       | 1.3143       | 0.9023   |           
289    | 2.9528     | 0.2986     | 1.3237       | 1.3304       | 0.0971     | 1.2941       | 1.2977       | 0.9212   | (ADV -0.01)
290    | 2.9382     | 0.2799     | 1.3263       | 1.3320       | 0.1156     | 1.2929       | 1.3107       | 0.9847   |           
291    | 2.9375     | 0.2823     | 1.3243       | 1.3308       | 0.1228     | 1.3083       | 1.3009       | 0.9753   |           
292    | 2.9018     | 0.2576     | 1.3188       | 1.3254       | 0.1065     | 1.2952       | 1.2997       | 0.9435   |           
293    | 2.8890     | 0.2408     | 1.3185       | 1.3297       | 0.0879     | 1.2843       | 1.3013       | 0.9834   |           
294    | 2.8675     | 0.2183     | 1.3218       | 1.3273       | 0.1028     | 1.2973       | 1.3072       | 0.9658   |           
295    | 2.9200     | 0.2680     | 1.3228       | 1.3292       | 0.1177     | 1.3062       | 1.3153       | 0.9430   |           
296    | 2.9070     | 0.2463     | 1.3273       | 1.3334       | 0.1164     | 1.3059       | 1.3100       | 1.0040   |           
297    | 2.9346     | 0.2817     | 1.3246       | 1.3283       | 0.1021     | 1.3081       | 1.3035       | 0.9854   | (ADV -0.01)
298    | 2.9414     | 0.2816     | 1.3287       | 1.3311       | 0.1038     | 1.3089       | 1.3066       | 0.9800   | (ADV -0.01)
299    | 2.9117     | 0.2567     | 1.3231       | 1.3319       | 0.1023     | 1.3156       | 1.3095       | 0.9167   | (ADV -0.01)
300    | 2.8827     | 0.2366     | 1.3233       | 1.3228       | 0.0915     | 1.3066       | 1.3073       | 0.9484   | (ADV -0.01)
301    | 2.9072     | 0.2532     | 1.3275       | 1.3265       | 0.1105     | 1.3079       | 1.3110       | 0.8833   |           
302    | 2.9214     | 0.2634     | 1.3265       | 1.3315       | 0.1155     | 1.3015       | 1.3102       | 0.8748   |           
303    | 2.8965     | 0.2376     | 1.3271       | 1.3318       | 0.1304     | 1.3032       | 1.3181       | 0.8427   |           
304    | 2.9201     | 0.2559     | 1.3277       | 1.3365       | 0.1045     | 1.3086       | 1.3182       | 0.8652   |           
305    | 2.9367     | 0.2787     | 1.3259       | 1.3320       | 0.1132     | 1.3030       | 1.3090       | 0.9270   |           
306    | 2.9230     | 0.2678     | 1.3236       | 1.3317       | 0.0988     | 1.3085       | 1.3111       | 0.8546   |           
307    | 2.8957     | 0.2331     | 1.3295       | 1.3332       | 0.1238     | 1.3235       | 1.3145       | 0.9477   |           
308    | 2.9213     | 0.2652     | 1.3257       | 1.3304       | 0.0980     | 1.3042       | 1.3063       | 0.8902   |           
309    | 2.9134     | 0.2579     | 1.3263       | 1.3292       | 0.0985     | 1.3125       | 1.3054       | 0.8438   |           
310    | 2.9105     | 0.2555     | 1.3270       | 1.3281       | 0.1005     | 1.3141       | 1.3094       | 0.9223   |           
311    | 2.9238     | 0.2665     | 1.3309       | 1.3264       | 0.0996     | 1.3143       | 1.3056       | 0.9358   |           
312    | 2.9094     | 0.2486     | 1.3281       | 1.3327       | 0.1222     | 1.3156       | 1.3153       | 0.9657   |           
313    | 2.9222     | 0.2644     | 1.3266       | 1.3312       | 0.1091     | 1.3030       | 1.3154       | 0.9148   |           
314    | 2.9370     | 0.2790     | 1.3296       | 1.3284       | 0.1136     | 1.3086       | 1.3044       | 0.8789   |           
315    | 2.9195     | 0.2657     | 1.3274       | 1.3265       | 0.1217     | 1.3033       | 1.3166       | 0.8333   |           
316    | 2.9187     | 0.2621     | 1.3254       | 1.3312       | 0.1809     | 1.3023       | 1.3111       | 0.9369   |           
317    | 2.9190     | 0.2611     | 1.3274       | 1.3305       | 0.1284     | 1.3087       | 1.3180       | 0.8483   |           
318    | 2.9280     | 0.2702     | 1.3223       | 1.3355       | 0.1083     | 1.3004       | 1.3136       | 0.8773   |           
319    | 2.9173     | 0.2583     | 1.3250       | 1.3339       | 0.1331     | 1.3038       | 1.3117       | 0.9524   |           
320    | 2.9259     | 0.2642     | 1.3261       | 1.3356       | 0.1267     | 1.3035       | 1.3144       | 0.9562   |           
321    | 2.9408     | 0.2825     | 1.3248       | 1.3336       | 0.1119     | 1.2995       | 1.3145       | 0.9177   |           
322    | 2.8793     | 0.2352     | 1.3179       | 1.3262       | 0.1236     | 1.2973       | 1.3083       | 0.9000   |           
323    | 2.9227     | 0.2627     | 1.3240       | 1.3360       | 0.1132     | 1.3019       | 1.3113       | 0.9115   |           
324    | 2.8801     | 0.2270     | 1.3213       | 1.3318       | 0.1424     | 1.3091       | 1.3114       | 0.9414   |           
325    | 2.8955     | 0.2358     | 1.3256       | 1.3341       | 0.0979     | 1.3116       | 1.3060       | 0.9129   |           
326    | 2.9093     | 0.2444     | 1.3284       | 1.3365       | 0.1077     | 1.3075       | 1.3153       | 0.8939   |           
327    | 2.9127     | 0.2485     | 1.3290       | 1.3352       | 0.1188     | 1.3030       | 1.3119       | 0.9143   |           
328    | 2.9263     | 0.2621     | 1.3273       | 1.3370       | 0.1111     | 1.3098       | 1.3163       | 0.9471   |           
329    | 2.9442     | 0.2862     | 1.3219       | 1.3362       | 0.0987     | 1.3015       | 1.3094       | 1.0054   |           
330    | 2.9039     | 0.2438     | 1.3243       | 1.3358       | 0.1309     | 1.3043       | 1.3155       | 0.9791   |           
331    | 2.8995     | 0.2451     | 1.3196       | 1.3348       | 0.1148     | 1.3010       | 1.3146       | 0.8738   |           
332    | 2.8914     | 0.2326     | 1.3223       | 1.3365       | 0.1180     | 1.3024       | 1.3110       | 0.9115   |           
333    | 2.8691     | 0.2145     | 1.3240       | 1.3306       | 0.1110     | 1.3200       | 1.3175       | 0.8906   |           
334    | 2.8996     | 0.2306     | 1.3289       | 1.3401       | 0.1149     | 1.3169       | 1.3237       | 0.8976   |           
335    | 2.9203     | 0.2542     | 1.3259       | 1.3402       | 0.1052     | 1.2933       | 1.3255       | 0.9531   |           
336    | 2.9156     | 0.2534     | 1.3238       | 1.3384       | 0.1054     | 1.2955       | 1.3134       | 0.9315   |           
337    | 2.9162     | 0.2523     | 1.3269       | 1.3370       | 0.1039     | 1.3016       | 1.3280       | 0.9740   |           
338    | 2.9138     | 0.2489     | 1.3237       | 1.3412       | 0.0914     | 1.3024       | 1.3081       | 0.8624   |           
339    | 2.8737     | 0.2157     | 1.3200       | 1.3380       | 0.1000     | 1.3024       | 1.3138       | 0.8535   |           
340    | 2.8887     | 0.2221     | 1.3266       | 1.3400       | 0.1031     | 1.3048       | 1.3281       | 0.9202   |           
341    | 2.9126     | 0.2491     | 1.3230       | 1.3405       | 0.1006     | 1.2998       | 1.3236       | 0.9688   |           
342    | 2.9074     | 0.2448     | 1.3228       | 1.3398       | 0.1076     | 1.3019       | 1.3155       | 0.9018   |           
343    | 2.9014     | 0.2397     | 1.3247       | 1.3370       | 0.1366     | 1.3137       | 1.3189       | 1.0166   |           
344    | 2.9088     | 0.2460     | 1.3272       | 1.3355       | 0.0948     | 1.3076       | 1.3184       | 0.8871   |           
345    | 2.9570     | 0.2925     | 1.3298       | 1.3347       | 0.1066     | 1.3073       | 1.3160       | 0.9883   |           
346    | 2.9004     | 0.2390     | 1.3290       | 1.3323       | 0.1168     | 1.3121       | 1.3153       | 0.9065   |           
347    | 2.9057     | 0.2457     | 1.3281       | 1.3320       | 0.0883     | 1.3059       | 1.3090       | 0.9416   | (ADV -0.01)
348    | 2.8992     | 0.2332     | 1.3304       | 1.3357       | 0.1285     | 1.3132       | 1.3143       | 0.8780   |           
349    | 2.8888     | 0.2275     | 1.3296       | 1.3317       | 0.1089     | 1.3090       | 1.3114       | 0.8723   |           
350    | 2.9004     | 0.2335     | 1.3325       | 1.3344       | 0.1009     | 1.3089       | 1.3082       | 0.8420   |           
351    | 2.9271     | 0.2627     | 1.3307       | 1.3336       | 0.1000     | 1.3079       | 1.3158       | 0.8750   |           
352    | 2.9387     | 0.2686     | 1.3315       | 1.3386       | 0.1178     | 1.3178       | 1.3089       | 0.9113   |           
353    | 2.9237     | 0.2585     | 1.3240       | 1.3412       | 0.1001     | 1.3040       | 1.3174       | 1.0105   |           
354    | 2.8918     | 0.2313     | 1.3243       | 1.3362       | 0.0904     | 1.3111       | 1.3116       | 0.9410   | (ADV -0.00)
355    | 2.8990     | 0.2387     | 1.3254       | 1.3349       | 0.0777     | 1.3160       | 1.3219       | 0.9607   | (ADV -0.00)
356    | 2.8872     | 0.2253     | 1.3261       | 1.3359       | 0.1089     | 1.3117       | 1.3118       | 0.9631   |           
357    | 2.9111     | 0.2443     | 1.3315       | 1.3352       | 0.0963     | 1.3126       | 1.3071       | 0.9526   |           
358    | 2.8952     | 0.2293     | 1.3343       | 1.3317       | 0.1066     | 1.3245       | 1.3106       | 0.9261   |           
359    | 2.8966     | 0.2257     | 1.3314       | 1.3395       | 0.1093     | 1.3115       | 1.3085       | 0.8878   |           
360    | 2.9074     | 0.2453     | 1.3269       | 1.3352       | 0.1019     | 1.3150       | 1.3139       | 0.8448   |           
361    | 2.9036     | 0.2409     | 1.3294       | 1.3334       | 0.0917     | 1.3211       | 1.3115       | 0.9673   |           
362    | 2.9105     | 0.2479     | 1.3275       | 1.3352       | 0.0963     | 1.3128       | 1.3081       | 0.9005   |           
363    | 2.9277     | 0.2624     | 1.3335       | 1.3318       | 0.0968     | 1.3141       | 1.3105       | 0.9499   |           
364    | 2.9081     | 0.2467     | 1.3297       | 1.3318       | 0.1132     | 1.3132       | 1.3164       | 0.8977   |           
365    | 2.9147     | 0.2541     | 1.3286       | 1.3320       | 0.1156     | 1.3155       | 1.3117       | 0.9489   |           
366    | 2.8819     | 0.2165     | 1.3296       | 1.3358       | 0.0921     | 1.3186       | 1.3194       | 0.8705   |           
367    | 2.9131     | 0.2444     | 1.3327       | 1.3360       | 0.0854     | 1.3101       | 1.3145       | 0.8866   |           
368    | 2.9219     | 0.2559     | 1.3297       | 1.3363       | 0.1030     | 1.3158       | 1.3141       | 0.9428   |           
369    | 2.8891     | 0.2241     | 1.3296       | 1.3355       | 0.0935     | 1.3099       | 1.3231       | 0.9460   |           
370    | 2.9089     | 0.2437     | 1.3295       | 1.3357       | 0.1092     | 1.3127       | 1.3160       | 0.9763   |           
371    | 2.9061     | 0.2396     | 1.3274       | 1.3391       | 0.0943     | 1.3108       | 1.3179       | 0.9616   |           
372    | 2.8975     | 0.2341     | 1.3275       | 1.3359       | 0.0923     | 1.3132       | 1.3195       | 0.9538   |           
373    | 2.9041     | 0.2401     | 1.3279       | 1.3361       | 0.1212     | 1.3126       | 1.3199       | 0.8810   |           
374    | 2.8769     | 0.2187     | 1.3249       | 1.3333       | 0.0975     | 1.3105       | 1.3167       | 0.8734   |           
375    | 2.9067     | 0.2419     | 1.3309       | 1.3339       | 0.0980     | 1.3096       | 1.3142       | 0.8584   |           
376    | 2.9139     | 0.2401     | 1.3378       | 1.3360       | 0.1413     | 1.3151       | 1.3170       | 0.8947   |           
377    | 2.9300     | 0.2665     | 1.3310       | 1.3326       | 0.1064     | 1.3168       | 1.3205       | 0.8498   |           
378    | 2.8955     | 0.2354     | 1.3316       | 1.3286       | 0.1111     | 1.3172       | 1.3134       | 0.8057   |           
379    | 2.9172     | 0.2451     | 1.3369       | 1.3351       | 0.0983     | 1.3138       | 1.3107       | 0.7858   |           
380    | 2.9042     | 0.2410     | 1.3305       | 1.3327       | 0.1145     | 1.3086       | 1.3123       | 0.7896   |           
381    | 2.9178     | 0.2512     | 1.3345       | 1.3321       | 0.1226     | 1.3131       | 1.3127       | 0.8264   |           
382    | 2.8804     | 0.2166     | 1.3299       | 1.3339       | 0.1259     | 1.3056       | 1.3206       | 0.8881   |           
383    | 2.8897     | 0.2300     | 1.3278       | 1.3320       | 0.0970     | 1.3125       | 1.3117       | 0.7927   |           
384    | 2.9023     | 0.2369     | 1.3305       | 1.3350       | 0.0945     | 1.3121       | 1.3210       | 0.8144   |           
385    | 2.9293     | 0.2581     | 1.3351       | 1.3361       | 0.0840     | 1.3179       | 1.3064       | 0.8452   |           
386    | 2.8996     | 0.2282     | 1.3302       | 1.3412       | 0.1020     | 1.3200       | 1.3226       | 0.8224   |           
387    | 2.9075     | 0.2372     | 1.3341       | 1.3362       | 0.1262     | 1.3092       | 1.3174       | 0.8897   |           
388    | 2.8922     | 0.2138     | 1.3319       | 1.3465       | 0.1015     | 1.2971       | 1.3222       | 0.8448   |           
389    | 2.8851     | 0.2172     | 1.3252       | 1.3427       | 0.1407     | 1.3110       | 1.3303       | 0.8345   |           
390    | 2.9061     | 0.2333     | 1.3297       | 1.3431       | 0.1115     | 1.3018       | 1.3280       | 0.8867   |           
391    | 2.8867     | 0.2255     | 1.3229       | 1.3384       | 0.0958     | 1.3148       | 1.3191       | 0.8142   |           
392    | 2.8804     | 0.2132     | 1.3267       | 1.3406       | 0.1025     | 1.3155       | 1.3290       | 0.9239   |           
393    | 2.8876     | 0.2281     | 1.3253       | 1.3342       | 0.1013     | 1.3084       | 1.3143       | 0.8594   |           
394    | 2.8973     | 0.2321     | 1.3256       | 1.3395       | 0.1008     | 1.3043       | 1.3155       | 0.9018   |           
395    | 2.9311     | 0.2650     | 1.3242       | 1.3419       | 0.1027     | 1.3043       | 1.3235       | 0.9082   |           
396    | 2.9014     | 0.2368     | 1.3238       | 1.3408       | 0.0904     | 1.3033       | 1.3282       | 0.9235   |           
397    | 2.9019     | 0.2318     | 1.3279       | 1.3422       | 0.0875     | 1.3047       | 1.3228       | 0.8628   |           
398    | 2.9309     | 0.2624     | 1.3236       | 1.3450       | 0.0990     | 1.3041       | 1.3159       | 0.9445   |           
399    | 2.9076     | 0.2399     | 1.3244       | 1.3434       | 0.1096     | 1.2999       | 1.3313       | 0.9326   |           
400    | 2.9017     | 0.2396     | 1.3207       | 1.3414       | 0.0957     | 1.3097       | 1.3230       | 1.0489   |           
Seed 123456 | Src Acc: 99.0816 | Src MDE: 0.0086 | Tgt Acc: 28.0612 | Tgt MDE: 0.9607
Finished Combo FusionCDAN_2_4. Results saved.
