==========================================
Current Experiment: RTT Combination: ['Dist_mm_2', 'Dist_mm_3', 'Dist_mm_4']
RTT Input Dimension: 3
==========================================
Start Training Seed 42...

Start CDAN+E Training... (Entropy Conditioning Enabled)
Epoch  | Total Loss | Tr Cls     | Tr Dom RSSI  | Tr Dom RTT   | Val T Acc  | Val T Entropy | Test MDE | Test Target Weights
--------------------------------------------------------------------------------------------------------------------------------------------
1      | 6.7319     | 4.0091     | 1.3739       | 1.3488       | 0.4240     | 3.7570       | 1.7391   | 0.3176  , 0.6824   |           
2      | 5.8700     | 3.2868     | 1.3241       | 1.2591       | 0.6385     | 3.6507       | 1.2198   | 0.3345  , 0.6655   |           
3      | 5.2477     | 2.8072     | 1.2622       | 1.1783       | 0.7188     | 3.5058       | 1.1258   | 0.3441  , 0.6559   |           
4      | 4.7799     | 2.4557     | 1.2232       | 1.1010       | 0.8135     | 3.3726       | 1.0076   | 0.3609  , 0.6391   |           
5      | 4.3429     | 2.1543     | 1.1669       | 1.0217       | 0.9229     | 3.1717       | 1.0353   | 0.3784  , 0.6216   |           
6      | 3.9996     | 1.9114     | 1.1230       | 0.9651       | 0.9510     | 3.0444       | 0.9043   | 0.3785  , 0.6215   |           
7      | 3.7441     | 1.7242     | 1.0933       | 0.9266       | 0.9500     | 2.9007       | 0.8330   | 0.3992  , 0.6008   |           
8      | 3.5977     | 1.5810     | 1.0850       | 0.9317       | 0.9552     | 2.7231       | 0.8235   | 0.3981  , 0.6019   |           
9      | 3.4032     | 1.4457     | 1.0436       | 0.9139       | 0.9729     | 2.5643       | 0.8080   | 0.4042  , 0.5958   |           
10     | 3.2584     | 1.3332     | 1.0268       | 0.8983       | 0.9844     | 2.4007       | 0.8150   | 0.4149  , 0.5851   |           
11     | 3.1185     | 1.2240     | 1.0110       | 0.8835       | 0.9750     | 2.2659       | 0.8342   | 0.4193  , 0.5807   | (ADV -0.16)
12     | 3.0201     | 1.1492     | 0.9851       | 0.8859       | 0.9802     | 2.1977       | 0.7939   | 0.4263  , 0.5737   | (ADV -0.12)
13     | 2.9862     | 1.0831     | 0.9951       | 0.9080       | 0.9729     | 2.0429       | 0.8251   | 0.4263  , 0.5737   | (ADV -0.05)
14     | 2.8894     | 1.0213     | 0.9847       | 0.8835       | 0.9750     | 1.9744       | 0.8431   | 0.4447  , 0.5553   | (ADV -0.01)
15     | 2.8736     | 0.9827     | 0.9979       | 0.8930       | 0.9844     | 1.9159       | 0.8106   | 0.4286  , 0.5714   | (ADV 0.03)
16     | 2.8060     | 0.9244     | 0.9970       | 0.8846       | 0.9823     | 1.8517       | 0.8356   | 0.4390  , 0.5610   | (ADV 0.06)
17     | 2.8059     | 0.9119     | 0.9959       | 0.8981       | 0.9844     | 1.7301       | 0.8344   | 0.4358  , 0.5642   | (ADV 0.12)
18     | 2.6840     | 0.8304     | 0.9604       | 0.8932       | 0.9802     | 1.6902       | 0.8678   | 0.4414  , 0.5586   | (ADV 0.14)
19     | 2.6917     | 0.8186     | 0.9673       | 0.9058       | 0.9812     | 1.6469       | 0.8122   | 0.4448  , 0.5552   | (ADV 0.16)
20     | 2.7346     | 0.8341     | 0.9814       | 0.9190       | 0.9792     | 1.6393       | 0.8951   | 0.4505  , 0.5495   | (ADV 0.16)
21     | 2.6455     | 0.7514     | 0.9530       | 0.9411       | 0.9844     | 1.5889       | 0.8432   | 0.4397  , 0.5603   | (ADV 0.19)
22     | 2.6539     | 0.7717     | 0.9481       | 0.9341       | 0.9844     | 1.4971       | 0.8680   | 0.4470  , 0.5530   | (ADV 0.24)
23     | 2.5832     | 0.7124     | 0.9249       | 0.9458       | 0.9812     | 1.4396       | 0.8698   | 0.4550  , 0.5450   | (ADV 0.26)
24     | 2.6070     | 0.7057     | 0.9435       | 0.9579       | 0.9781     | 1.4319       | 0.8390   | 0.4398  , 0.5602   | (ADV 0.26)
25     | 2.5445     | 0.6830     | 0.9210       | 0.9406       | 0.9812     | 1.3838       | 0.8598   | 0.4695  , 0.5305   | (ADV 0.29)
26     | 2.5439     | 0.6706     | 0.9251       | 0.9482       | 0.9823     | 1.3879       | 0.8765   | 0.4507  , 0.5493   |           
27     | 2.4657     | 0.6393     | 0.9055       | 0.9209       | 0.9854     | 1.3283       | 0.8586   | 0.4398  , 0.5602   | (ADV 0.32)
28     | 2.4826     | 0.6336     | 0.9148       | 0.9343       | 0.9792     | 1.2811       | 0.9180   | 0.4490  , 0.5510   | (ADV 0.34)
29     | 2.4877     | 0.6405     | 0.9140       | 0.9332       | 0.9833     | 1.2807       | 0.8108   | 0.4630  , 0.5370   | (ADV 0.34)
30     | 2.4791     | 0.6214     | 0.9187       | 0.9390       | 0.9865     | 1.2796       | 0.8870   | 0.4449  , 0.5551   | (ADV 0.35)
31     | 2.5126     | 0.6289     | 0.9175       | 0.9662       | 0.9583     | 1.2600       | 0.9153   | 0.4620  , 0.5380   |           
32     | 2.4880     | 0.6053     | 0.9396       | 0.9431       | 0.9865     | 1.1937       | 0.8376   | 0.4597  , 0.5403   | (ADV 0.39)
33     | 2.4436     | 0.5715     | 0.9178       | 0.9542       | 0.9667     | 1.1373       | 0.8553   | 0.4763  , 0.5237   | (ADV 0.40)
34     | 2.4909     | 0.5953     | 0.9254       | 0.9702       | 0.9854     | 1.1554       | 0.8334   | 0.4585  , 0.5415   | (ADV 0.41)
35     | 2.4618     | 0.5682     | 0.9383       | 0.9552       | 0.9812     | 1.1508       | 0.8401   | 0.4523  , 0.5477   |           
36     | 2.4530     | 0.5653     | 0.9361       | 0.9516       | 0.9833     | 1.1413       | 0.8255   | 0.4733  , 0.5267   | (ADV 0.41)
37     | 2.4523     | 0.5664     | 0.9339       | 0.9520       | 0.9865     | 1.1155       | 0.7814   | 0.4538  , 0.5462   | (ADV 0.43)
38     | 2.4987     | 0.5763     | 0.9694       | 0.9529       | 0.9792     | 1.1296       | 0.8004   | 0.4525  , 0.5475   |           
39     | 2.4819     | 0.5607     | 0.9494       | 0.9718       | 0.9823     | 1.0808       | 0.8108   | 0.4770  , 0.5230   | (ADV 0.44)
40     | 2.4454     | 0.5438     | 0.9444       | 0.9573       | 0.9854     | 1.0753       | 0.8600   | 0.4720  , 0.5280   | (ADV 0.45)
41     | 2.4322     | 0.5050     | 0.9643       | 0.9629       | 0.9844     | 1.0866       | 0.8255   | 0.4652  , 0.5348   |           
42     | 2.5345     | 0.5934     | 0.9723       | 0.9688       | 0.9802     | 1.0539       | 0.8535   | 0.4834  , 0.5166   | (ADV 0.45)
43     | 2.4611     | 0.5307     | 0.9684       | 0.9620       | 0.9865     | 1.0467       | 0.8660   | 0.4671  , 0.5329   | (ADV 0.46)
44     | 2.4591     | 0.5369     | 0.9638       | 0.9584       | 0.9844     | 0.9928       | 0.7901   | 0.4838  , 0.5162   | (ADV 0.49)
45     | 2.4528     | 0.5137     | 0.9648       | 0.9743       | 0.9833     | 0.9887       | 0.7780   | 0.4607  , 0.5393   | (ADV 0.49)
46     | 2.4639     | 0.5320     | 0.9636       | 0.9683       | 0.9875     | 0.9665       | 0.8104   | 0.4545  , 0.5455   | (ADV 0.50)
47     | 2.4770     | 0.5102     | 0.9788       | 0.9880       | 0.9771     | 0.9211       | 0.8053   | 0.4892  , 0.5108   | (ADV 0.52)
48     | 2.4486     | 0.5048     | 0.9716       | 0.9723       | 0.9875     | 0.9249       | 0.7573   | 0.4753  , 0.5247   | (ADV 0.53)
49     | 2.4778     | 0.5156     | 0.9741       | 0.9882       | 0.9719     | 0.9117       | 0.8027   | 0.4834  , 0.5166   |           
50     | 2.4740     | 0.4995     | 0.9849       | 0.9895       | 0.9854     | 0.9305       | 0.8186   | 0.4950  , 0.5050   |           
51     | 2.4958     | 0.4907     | 0.9805       | 1.0246       | 0.9844     | 0.8367       | 0.7654   | 0.4616  , 0.5384   | (ADV 0.57)
52     | 2.5620     | 0.5234     | 0.9995       | 1.0391       | 0.9802     | 0.8453       | 0.7867   | 0.4705  , 0.5295   |           
53     | 2.5173     | 0.5074     | 0.9932       | 1.0167       | 0.9812     | 0.9096       | 0.7713   | 0.4795  , 0.5205   |           
54     | 2.5106     | 0.5089     | 0.9935       | 1.0082       | 0.9854     | 0.8843       | 0.7782   | 0.4893  , 0.5107   |           
55     | 2.4923     | 0.4913     | 0.9861       | 1.0149       | 0.9833     | 0.8882       | 0.8425   | 0.4862  , 0.5138   |           
56     | 2.5577     | 0.4981     | 1.0105       | 1.0491       | 0.9771     | 0.8824       | 0.8617   | 0.4922  , 0.5078   |           
57     | 2.4829     | 0.4815     | 0.9853       | 1.0162       | 0.9823     | 0.8966       | 0.7591   | 0.4879  , 0.5121   |           
58     | 2.4915     | 0.4838     | 0.9941       | 1.0136       | 0.9854     | 0.8964       | 0.7288   | 0.4829  , 0.5171   |           
59     | 2.5214     | 0.4812     | 1.0040       | 1.0362       | 0.9833     | 0.8578       | 0.7599   | 0.4776  , 0.5224   |           
60     | 2.5095     | 0.4721     | 1.0015       | 1.0359       | 0.9844     | 0.8321       | 0.8040   | 0.4907  , 0.5093   | (ADV 0.57)
61     | 2.5700     | 0.5228     | 1.0026       | 1.0446       | 0.9833     | 0.8473       | 0.7786   | 0.5053  , 0.4947   |           
62     | 2.5142     | 0.4770     | 1.0035       | 1.0336       | 0.9854     | 0.8621       | 0.7747   | 0.5093  , 0.4907   |           
63     | 2.4859     | 0.4604     | 0.9907       | 1.0348       | 0.9885     | 0.7739       | 0.7468   | 0.5017  , 0.4983   | (ADV 0.60)
64     | 2.5339     | 0.4724     | 1.0046       | 1.0569       | 0.9833     | 0.8444       | 0.7337   | 0.4853  , 0.5147   |           
65     | 2.5780     | 0.4794     | 1.0313       | 1.0672       | 0.9760     | 0.8466       | 0.8032   | 0.5048  , 0.4952   |           
66     | 2.5873     | 0.5106     | 1.0374       | 1.0394       | 0.9823     | 0.8239       | 0.7517   | 0.5172  , 0.4828   |           
67     | 2.5278     | 0.4566     | 1.0328       | 1.0384       | 0.9823     | 0.7927       | 0.7312   | 0.4778  , 0.5222   |           
68     | 2.5815     | 0.4633     | 1.0300       | 1.0882       | 0.9833     | 0.7835       | 0.7573   | 0.4974  , 0.5026   |           
69     | 2.6263     | 0.4929     | 1.0498       | 1.0837       | 0.9771     | 0.7943       | 0.7810   | 0.4940  , 0.5060   |           
70     | 2.5494     | 0.4495     | 1.0449       | 1.0550       | 0.9760     | 0.7724       | 0.7599   | 0.4729  , 0.5271   |           
71     | 2.7078     | 0.5401     | 1.0663       | 1.1014       | 0.9812     | 0.8336       | 0.8045   | 0.4848  , 0.5152   |           
72     | 2.6473     | 0.5039     | 1.0496       | 1.0938       | 0.9667     | 0.8005       | 0.8654   | 0.5090  , 0.4910   |           
73     | 2.5889     | 0.4659     | 1.0398       | 1.0832       | 0.9833     | 0.8123       | 0.7843   | 0.4746  , 0.5254   |           
74     | 2.6729     | 0.5286     | 1.0518       | 1.0926       | 0.9812     | 0.7885       | 0.7828   | 0.4763  , 0.5237   |           
75     | 2.6376     | 0.4893     | 1.0529       | 1.0955       | 0.9854     | 0.8118       | 0.8106   | 0.4834  , 0.5166   |           
76     | 2.6233     | 0.4764     | 1.0567       | 1.0901       | 0.9781     | 0.8144       | 0.7792   | 0.4841  , 0.5159   |           
77     | 2.5924     | 0.4468     | 1.0480       | 1.0977       | 0.9854     | 0.7744       | 0.8411   | 0.4970  , 0.5030   |           
78     | 2.6249     | 0.4697     | 1.0600       | 1.0952       | 0.9604     | 0.7620       | 0.8072   | 0.4899  , 0.5101   |           
79     | 2.6571     | 0.4865     | 1.0515       | 1.1192       | 0.9677     | 0.7168       | 0.7714   | 0.4832  , 0.5168   | (ADV 0.61)
80     | 2.6918     | 0.5209     | 1.0501       | 1.1208       | 0.9844     | 0.7446       | 0.7628   | 0.4857  , 0.5143   | (ADV 0.61)
81     | 2.6552     | 0.5028     | 1.0380       | 1.1144       | 0.9823     | 0.7664       | 0.8738   | 0.5099  , 0.4901   |           
82     | 2.6066     | 0.4484     | 1.0481       | 1.1102       | 0.9854     | 0.7207       | 0.8470   | 0.5115  , 0.4885   | (ADV 0.63)
83     | 2.5918     | 0.4243     | 1.0613       | 1.1062       | 0.9854     | 0.7503       | 0.8616   | 0.5009  , 0.4991   |           
84     | 2.7012     | 0.5036     | 1.0946       | 1.1030       | 0.9844     | 0.7488       | 0.8858   | 0.4813  , 0.5187   |           
85     | 2.6555     | 0.4690     | 1.0751       | 1.1113       | 0.9833     | 0.7603       | 0.8351   | 0.4811  , 0.5189   |           
86     | 2.6815     | 0.4750     | 1.0875       | 1.1189       | 0.9625     | 0.7716       | 0.8147   | 0.4897  , 0.5103   |           
87     | 2.6195     | 0.4334     | 1.0817       | 1.1044       | 0.9573     | 0.7778       | 0.7768   | 0.4943  , 0.5057   |           
88     | 2.6731     | 0.4617     | 1.0906       | 1.1207       | 0.9833     | 0.7772       | 0.8147   | 0.4997  , 0.5003   |           
89     | 2.6407     | 0.4503     | 1.0880       | 1.1023       | 0.9719     | 0.7580       | 0.8253   | 0.4946  , 0.5054   |           
90     | 2.7094     | 0.4875     | 1.0955       | 1.1264       | 0.9833     | 0.7604       | 0.8396   | 0.5220  , 0.4780   |           
91     | 2.6888     | 0.4535     | 1.1033       | 1.1320       | 0.9823     | 0.7800       | 0.7978   | 0.5083  , 0.4917   |           
92     | 2.6653     | 0.4621     | 1.0903       | 1.1129       | 0.9833     | 0.7411       | 0.7684   | 0.5024  , 0.4976   |           
93     | 2.6733     | 0.4603     | 1.1006       | 1.1123       | 0.9708     | 0.7359       | 0.8397   | 0.4878  , 0.5122   |           
94     | 2.7464     | 0.5015     | 1.1141       | 1.1307       | 0.9854     | 0.7344       | 0.7996   | 0.5082  , 0.4918   |           
95     | 2.7416     | 0.5004     | 1.1070       | 1.1341       | 0.9844     | 0.7814       | 0.9049   | 0.5166  , 0.4834   |           
96     | 2.7136     | 0.4912     | 1.1025       | 1.1198       | 0.9698     | 0.7653       | 0.8082   | 0.4970  , 0.5030   |           
97     | 2.6518     | 0.4351     | 1.1046       | 1.1121       | 0.9802     | 0.7216       | 0.7905   | 0.5105  , 0.4895   |           
98     | 2.7241     | 0.4740     | 1.1288       | 1.1213       | 0.9812     | 0.7607       | 0.8364   | 0.4842  , 0.5158   |           
99     | 2.7042     | 0.4552     | 1.1212       | 1.1278       | 0.9844     | 0.7129       | 0.8058   | 0.4952  , 0.5048   | (ADV 0.63)
100    | 2.7047     | 0.4635     | 1.1189       | 1.1223       | 0.9792     | 0.7185       | 0.7786   | 0.5150  , 0.4850   |           
101    | 2.6632     | 0.4342     | 1.1133       | 1.1157       | 0.9750     | 0.7379       | 0.8278   | 0.5024  , 0.4976   |           
102    | 2.7277     | 0.4714     | 1.1163       | 1.1400       | 0.9771     | 0.7496       | 0.7976   | 0.5178  , 0.4822   |           
103    | 2.7531     | 0.4887     | 1.1198       | 1.1446       | 0.9792     | 0.6966       | 0.7843   | 0.4966  , 0.5034   | (ADV 0.63)
104    | 2.6886     | 0.4450     | 1.1064       | 1.1372       | 0.9719     | 0.6942       | 0.7258   | 0.5017  , 0.4983   |           
105    | 2.6746     | 0.4428     | 1.1091       | 1.1227       | 0.9760     | 0.6561       | 0.7980   | 0.4961  , 0.5039   | (ADV 0.65)
106    | 2.7471     | 0.4713     | 1.1121       | 1.1637       | 0.9792     | 0.7365       | 0.8281   | 0.5042  , 0.4958   |           
107    | 2.7188     | 0.4375     | 1.1296       | 1.1517       | 0.9750     | 0.7265       | 0.7488   | 0.5173  , 0.4827   |           
108    | 2.7610     | 0.4780     | 1.1349       | 1.1482       | 0.9865     | 0.6931       | 0.7833   | 0.5160  , 0.4840   |           
109    | 2.7163     | 0.4433     | 1.1141       | 1.1589       | 0.9729     | 0.6152       | 0.7998   | 0.5225  , 0.4775   | (ADV 0.67)
110    | 2.7085     | 0.4321     | 1.1160       | 1.1604       | 0.9802     | 0.6989       | 0.7903   | 0.5325  , 0.4675   |           
111    | 2.7048     | 0.4451     | 1.1139       | 1.1458       | 0.9792     | 0.6723       | 0.8675   | 0.5047  , 0.4953   |           
112    | 2.7439     | 0.4573     | 1.1217       | 1.1649       | 0.9812     | 0.7124       | 0.8457   | 0.4997  , 0.5003   |           
113    | 2.7807     | 0.4765     | 1.1375       | 1.1667       | 0.9844     | 0.6958       | 0.8810   | 0.5225  , 0.4775   |           
114    | 2.7741     | 0.4829     | 1.1281       | 1.1631       | 0.9635     | 0.6847       | 0.7888   | 0.5114  , 0.4886   |           
115    | 2.7385     | 0.4433     | 1.1449       | 1.1503       | 0.9875     | 0.6963       | 0.7864   | 0.5101  , 0.4899   |           
116    | 2.7220     | 0.4369     | 1.1240       | 1.1611       | 0.9812     | 0.6830       | 0.7606   | 0.5124  , 0.4876   |           
117    | 2.7018     | 0.4070     | 1.1413       | 1.1535       | 0.9635     | 0.6595       | 0.8586   | 0.5130  , 0.4870   |           
118    | 2.7732     | 0.4466     | 1.1369       | 1.1896       | 0.9740     | 0.7073       | 0.8243   | 0.5050  , 0.4950   |           
119    | 2.7103     | 0.4051     | 1.1318       | 1.1734       | 0.9646     | 0.6466       | 0.7717   | 0.5015  , 0.4985   |           
120    | 2.7953     | 0.4761     | 1.1404       | 1.1788       | 0.9792     | 0.6814       | 0.7607   | 0.5132  , 0.4868   |           
121    | 2.7664     | 0.4662     | 1.1405       | 1.1596       | 0.9729     | 0.6954       | 0.7660   | 0.5193  , 0.4807   |           
122    | 2.7944     | 0.4729     | 1.1479       | 1.1735       | 0.9823     | 0.6399       | 0.7887   | 0.5252  , 0.4748   |           
123    | 2.7575     | 0.4328     | 1.1462       | 1.1786       | 0.9823     | 0.6212       | 0.8021   | 0.5158  , 0.4842   | (ADV 0.67)
124    | 2.7888     | 0.4709     | 1.1424       | 1.1755       | 0.9823     | 0.7049       | 0.8535   | 0.5050  , 0.4950   |           
125    | 2.7708     | 0.4374     | 1.1581       | 1.1753       | 0.9656     | 0.6656       | 0.8451   | 0.5298  , 0.4702   |           
126    | 2.8314     | 0.4962     | 1.1561       | 1.1790       | 0.9677     | 0.6537       | 0.8719   | 0.5202  , 0.4798   |           
127    | 2.7606     | 0.4431     | 1.1540       | 1.1635       | 0.9833     | 0.7338       | 0.8263   | 0.5074  , 0.4926   |           
128    | 2.7795     | 0.4620     | 1.1376       | 1.1799       | 0.9802     | 0.6761       | 0.8907   | 0.5214  , 0.4786   |           
129    | 2.8264     | 0.4921     | 1.1580       | 1.1763       | 0.9885     | 0.7358       | 0.7635   | 0.5266  , 0.4734   |           
130    | 2.7571     | 0.4204     | 1.1654       | 1.1713       | 0.9708     | 0.7066       | 0.8315   | 0.5065  , 0.4935   |           
131    | 2.8827     | 0.5092     | 1.1803       | 1.1932       | 0.9688     | 0.6656       | 0.7455   | 0.5099  , 0.4901   |           
132    | 2.7499     | 0.4405     | 1.1554       | 1.1540       | 0.9792     | 0.6951       | 0.8460   | 0.5106  , 0.4894   |           
133    | 2.7629     | 0.4241     | 1.1703       | 1.1684       | 0.9781     | 0.6373       | 0.7448   | 0.5205  , 0.4795   |           
134    | 2.7996     | 0.4490     | 1.1751       | 1.1755       | 0.9771     | 0.6696       | 0.8139   | 0.5090  , 0.4910   |           
135    | 2.8169     | 0.4675     | 1.1858       | 1.1636       | 0.9656     | 0.6115       | 0.7322   | 0.5149  , 0.4851   |           
136    | 2.8003     | 0.4561     | 1.1658       | 1.1784       | 0.9781     | 0.6246       | 0.7596   | 0.5175  , 0.4825   |           
137    | 2.7957     | 0.4569     | 1.1672       | 1.1716       | 0.9812     | 0.6582       | 0.7838   | 0.5263  , 0.4737   |           
138    | 2.7542     | 0.4249     | 1.1691       | 1.1602       | 0.9812     | 0.6729       | 0.8394   | 0.5029  , 0.4971   |           
139    | 2.7708     | 0.4409     | 1.1517       | 1.1781       | 0.9854     | 0.6263       | 0.7838   | 0.5089  , 0.4911   | (ADV 0.67)
140    | 2.8766     | 0.5064     | 1.1837       | 1.1865       | 0.9677     | 0.6082       | 0.7885   | 0.5105  , 0.4895   |           
141    | 2.8523     | 0.4820     | 1.1947       | 1.1756       | 0.9781     | 0.6417       | 0.8121   | 0.5041  , 0.4959   |           
142    | 2.7662     | 0.4283     | 1.1809       | 1.1569       | 0.9802     | 0.6346       | 0.7942   | 0.5031  , 0.4969   |           
143    | 2.8367     | 0.4792     | 1.1709       | 1.1866       | 0.9812     | 0.6120       | 0.7802   | 0.5289  , 0.4711   | (ADV 0.68)
144    | 2.8042     | 0.4461     | 1.1734       | 1.1848       | 0.9760     | 0.6103       | 0.7852   | 0.5167  , 0.4833   |           
145    | 2.7691     | 0.4202     | 1.1610       | 1.1880       | 0.9781     | 0.6689       | 0.8186   | 0.5421  , 0.4579   |           
146    | 2.7888     | 0.4279     | 1.1803       | 1.1806       | 0.9802     | 0.6548       | 0.8378   | 0.5229  , 0.4771   |           
147    | 2.7991     | 0.4560     | 1.1678       | 1.1753       | 0.9802     | 0.6857       | 0.8211   | 0.5293  , 0.4707   |           
148    | 2.8297     | 0.4421     | 1.2047       | 1.1829       | 0.9812     | 0.6549       | 0.8368   | 0.5274  , 0.4726   |           
149    | 2.8318     | 0.4646     | 1.1802       | 1.1871       | 0.9854     | 0.6441       | 0.8345   | 0.5345  , 0.4655   |           
150    | 2.7951     | 0.4291     | 1.1896       | 1.1764       | 0.9760     | 0.5796       | 0.7755   | 0.5219  , 0.4781   | (ADV 0.69)
151    | 2.8123     | 0.4364     | 1.1959       | 1.1800       | 0.9740     | 0.6375       | 0.7421   | 0.4989  , 0.5011   |           
152    | 2.7951     | 0.4411     | 1.1785       | 1.1755       | 0.9833     | 0.6069       | 0.8114   | 0.5358  , 0.4642   |           
153    | 2.8185     | 0.4322     | 1.2003       | 1.1859       | 0.9792     | 0.6532       | 0.8104   | 0.5239  , 0.4761   |           
154    | 2.8770     | 0.4694     | 1.1983       | 1.2093       | 0.9844     | 0.6731       | 0.8986   | 0.5493  , 0.4507   |           
155    | 2.8031     | 0.4236     | 1.2028       | 1.1767       | 0.9844     | 0.6531       | 0.8074   | 0.5292  , 0.4708   |           
156    | 2.8133     | 0.4325     | 1.2001       | 1.1807       | 0.9781     | 0.6410       | 0.8387   | 0.5412  , 0.4588   |           
157    | 2.8571     | 0.4513     | 1.2030       | 1.2027       | 0.9833     | 0.5679       | 0.7912   | 0.5250  , 0.4750   | (ADV 0.70)
158    | 2.8330     | 0.4477     | 1.2068       | 1.1785       | 0.9812     | 0.5987       | 0.8193   | 0.5252  , 0.4748   |           
159    | 2.8056     | 0.4365     | 1.1877       | 1.1814       | 0.9771     | 0.5889       | 0.7781   | 0.5229  , 0.4771   |           
160    | 2.8210     | 0.4262     | 1.2092       | 1.1855       | 0.9760     | 0.6138       | 0.8122   | 0.5055  , 0.4945   |           
161    | 2.8081     | 0.4136     | 1.2026       | 1.1918       | 0.9740     | 0.5802       | 0.8057   | 0.5186  , 0.4814   |           
162    | 2.8549     | 0.4592     | 1.2031       | 1.1926       | 0.9750     | 0.6012       | 0.7626   | 0.5491  , 0.4509   |           
163    | 2.8221     | 0.4426     | 1.2004       | 1.1790       | 0.9688     | 0.5431       | 0.7424   | 0.5490  , 0.4510   |           
164    | 2.8161     | 0.4228     | 1.2106       | 1.1827       | 0.9750     | 0.6163       | 0.7305   | 0.5057  , 0.4943   |           
165    | 2.8542     | 0.4406     | 1.2254       | 1.1882       | 0.9854     | 0.6553       | 0.7898   | 0.5218  , 0.4782   |           
166    | 2.8271     | 0.4347     | 1.1948       | 1.1976       | 0.9792     | 0.6432       | 0.7631   | 0.5214  , 0.4786   |           
167    | 2.8649     | 0.4617     | 1.2116       | 1.1917       | 0.9833     | 0.6402       | 0.7914   | 0.5249  , 0.4751   |           
168    | 2.8119     | 0.4155     | 1.2172       | 1.1792       | 0.9844     | 0.6723       | 0.7779   | 0.5177  , 0.4823   |           
169    | 2.8454     | 0.4468     | 1.2173       | 1.1812       | 0.9823     | 0.6337       | 0.7665   | 0.5237  , 0.4763   |           
170    | 2.7929     | 0.3992     | 1.2094       | 1.1842       | 0.9812     | 0.6143       | 0.7335   | 0.5321  , 0.4679   |           
171    | 2.8670     | 0.4605     | 1.2179       | 1.1887       | 0.9708     | 0.6407       | 0.8319   | 0.5189  , 0.4811   |           
172    | 2.8857     | 0.4555     | 1.2268       | 1.2034       | 0.9854     | 0.5969       | 0.7769   | 0.5018  , 0.4982   |           
173    | 2.8519     | 0.4392     | 1.2253       | 1.1874       | 0.9792     | 0.6286       | 0.7856   | 0.5415  , 0.4585   |           
174    | 2.8736     | 0.4518     | 1.2219       | 1.1999       | 0.9625     | 0.6349       | 0.8336   | 0.4999  , 0.5001   |           
175    | 2.8109     | 0.4180     | 1.2155       | 1.1774       | 0.9885     | 0.6291       | 0.7785   | 0.5258  , 0.4742   |           
176    | 2.9058     | 0.4886     | 1.2174       | 1.1998       | 0.9823     | 0.6010       | 0.6994   | 0.5221  , 0.4779   |           
177    | 2.8154     | 0.4218     | 1.2094       | 1.1842       | 0.9875     | 0.5846       | 0.7526   | 0.5194  , 0.4806   |           
178    | 2.9105     | 0.4699     | 1.2428       | 1.1977       | 0.9740     | 0.5864       | 0.7417   | 0.5041  , 0.4959   |           
179    | 2.8490     | 0.4252     | 1.2237       | 1.2001       | 0.9583     | 0.5838       | 0.7787   | 0.5155  , 0.4845   |           
180    | 2.7541     | 0.3738     | 1.2038       | 1.1765       | 0.9688     | 0.5778       | 0.7653   | 0.5105  , 0.4895   |           
181    | 2.8416     | 0.4288     | 1.2338       | 1.1790       | 0.9437     | 0.6048       | 0.7695   | 0.5291  , 0.4709   |           
182    | 2.8062     | 0.3981     | 1.2282       | 1.1799       | 0.9719     | 0.5686       | 0.8042   | 0.5090  , 0.4910   |           
183    | 2.8872     | 0.4475     | 1.2410       | 1.1987       | 0.9823     | 0.5740       | 0.7860   | 0.4619  , 0.5381   |           
184    | 2.8328     | 0.4202     | 1.2245       | 1.1881       | 0.9729     | 0.6024       | 0.7883   | 0.5083  , 0.4917   |           
185    | 2.8733     | 0.4544     | 1.2334       | 1.1854       | 0.9865     | 0.5601       | 0.8425   | 0.5156  , 0.4844   | (ADV 0.71)
186    | 2.8730     | 0.4537     | 1.2281       | 1.1912       | 0.9771     | 0.6160       | 0.8415   | 0.5155  , 0.4845   |           
187    | 2.9068     | 0.4501     | 1.2489       | 1.2079       | 0.9708     | 0.5559       | 0.7738   | 0.5256  , 0.4744   |           
188    | 2.8764     | 0.4369     | 1.2497       | 1.1898       | 0.9854     | 0.6497       | 0.8537   | 0.5259  , 0.4741   |           
189    | 2.8246     | 0.4178     | 1.2286       | 1.1781       | 0.9833     | 0.5938       | 0.7925   | 0.5213  , 0.4787   |           
190    | 2.8115     | 0.3948     | 1.2264       | 1.1903       | 0.9781     | 0.6140       | 0.8210   | 0.5249  , 0.4751   |           
191    | 2.8402     | 0.4140     | 1.2191       | 1.2071       | 0.9583     | 0.5795       | 0.8220   | 0.5158  , 0.4842   |           
192    | 2.8397     | 0.4223     | 1.2282       | 1.1891       | 0.9698     | 0.5447       | 0.7663   | 0.5355  , 0.4645   |           
193    | 2.8758     | 0.4227     | 1.2437       | 1.2094       | 0.9833     | 0.6142       | 0.8059   | 0.5263  , 0.4737   |           
194    | 2.8524     | 0.4093     | 1.2381       | 1.2050       | 0.9750     | 0.6398       | 0.8356   | 0.5374  , 0.4626   |           
195    | 2.8814     | 0.4388     | 1.2311       | 1.2114       | 0.9865     | 0.6384       | 0.7822   | 0.5195  , 0.4805   |           
196    | 2.9038     | 0.4534     | 1.2493       | 1.2011       | 0.9781     | 0.5906       | 0.7611   | 0.5304  , 0.4696   |           
197    | 2.8621     | 0.4276     | 1.2278       | 1.2067       | 0.9771     | 0.5818       | 0.7620   | 0.5249  , 0.4751   |           
198    | 2.9150     | 0.4572     | 1.2315       | 1.2263       | 0.9792     | 0.6114       | 0.8521   | 0.5376  , 0.4624   |           
199    | 2.8935     | 0.4390     | 1.2433       | 1.2112       | 0.9698     | 0.6040       | 0.7753   | 0.5500  , 0.4500   |           
200    | 2.8684     | 0.4104     | 1.2406       | 1.2175       | 0.9760     | 0.6282       | 0.7858   | 0.5366  , 0.4634   |           
201    | 2.9463     | 0.4540     | 1.2710       | 1.2213       | 0.9750     | 0.6028       | 0.7898   | 0.5399  , 0.4601   |           
202    | 2.8723     | 0.4173     | 1.2409       | 1.2142       | 0.9833     | 0.6396       | 0.8200   | 0.4889  , 0.5111   |           
203    | 2.8461     | 0.4121     | 1.2271       | 1.2069       | 0.9729     | 0.5667       | 0.7596   | 0.5163  , 0.4837   |           
204    | 2.8392     | 0.4010     | 1.2371       | 1.2011       | 0.9885     | 0.5612       | 0.7529   | 0.5227  , 0.4773   | (ADV 0.71)
205    | 2.8825     | 0.4518     | 1.2375       | 1.1931       | 0.9802     | 0.6220       | 0.7571   | 0.5046  , 0.4954   |           
206    | 2.8610     | 0.4239     | 1.2338       | 1.2032       | 0.9750     | 0.5882       | 0.8046   | 0.5316  , 0.4684   |           
207    | 2.9389     | 0.4551     | 1.2566       | 1.2273       | 0.9688     | 0.6594       | 0.8080   | 0.5302  , 0.4698   |           
208    | 2.8373     | 0.3917     | 1.2274       | 1.2182       | 0.9854     | 0.5178       | 0.7372   | 0.5199  , 0.4801   | (ADV 0.73)
209    | 2.8762     | 0.4304     | 1.2280       | 1.2178       | 0.9771     | 0.5944       | 0.7830   | 0.5362  , 0.4638   |           
210    | 2.9269     | 0.4722     | 1.2340       | 1.2207       | 0.9802     | 0.5845       | 0.7981   | 0.5212  , 0.4788   |           
211    | 2.8579     | 0.4074     | 1.2466       | 1.2038       | 0.9760     | 0.5924       | 0.8562   | 0.5396  , 0.4604   |           
212    | 2.8450     | 0.3997     | 1.2335       | 1.2118       | 0.9812     | 0.6071       | 0.7875   | 0.5507  , 0.4493   |           
213    | 2.8347     | 0.4020     | 1.2294       | 1.2032       | 0.9875     | 0.5580       | 0.7779   | 0.5279  , 0.4721   |           
214    | 2.8732     | 0.4349     | 1.2400       | 1.1984       | 0.9823     | 0.6029       | 0.7482   | 0.5252  , 0.4748   |           
215    | 2.8346     | 0.3890     | 1.2382       | 1.2074       | 0.9583     | 0.5896       | 0.8030   | 0.5355  , 0.4645   |           
216    | 2.8946     | 0.4290     | 1.2567       | 1.2090       | 0.9865     | 0.5914       | 0.7570   | 0.5149  , 0.4851   |           
217    | 2.8709     | 0.4146     | 1.2535       | 1.2029       | 0.9646     | 0.5945       | 0.7907   | 0.5092  , 0.4908   |           
218    | 2.8475     | 0.3936     | 1.2462       | 1.2078       | 0.9740     | 0.6134       | 0.7651   | 0.5260  , 0.4740   |           
219    | 2.8443     | 0.4002     | 1.2525       | 1.1917       | 0.9781     | 0.5633       | 0.7332   | 0.5076  , 0.4924   |           
220    | 2.8695     | 0.4141     | 1.2527       | 1.2027       | 0.9844     | 0.6206       | 0.7704   | 0.5346  , 0.4654   |           
221    | 2.8513     | 0.3949     | 1.2548       | 1.2016       | 0.9865     | 0.5620       | 0.7735   | 0.5332  , 0.4668   |           
222    | 2.8231     | 0.3830     | 1.2392       | 1.2010       | 0.9854     | 0.5781       | 0.7642   | 0.5175  , 0.4825   |           
223    | 2.9219     | 0.4432     | 1.2527       | 1.2260       | 0.9615     | 0.5831       | 0.7729   | 0.5010  , 0.4990   |           
224    | 2.9188     | 0.4299     | 1.2643       | 1.2246       | 0.9490     | 0.6076       | 0.7792   | 0.5226  , 0.4774   |           
225    | 2.8963     | 0.4269     | 1.2490       | 1.2205       | 0.9823     | 0.5764       | 0.7853   | 0.5198  , 0.4802   |           
226    | 2.9403     | 0.4535     | 1.2649       | 1.2219       | 0.9833     | 0.5538       | 0.6930   | 0.5250  , 0.4750   |           
227    | 2.9049     | 0.4357     | 1.2508       | 1.2183       | 0.9844     | 0.5603       | 0.7364   | 0.5672  , 0.4328   |           
228    | 2.8331     | 0.3920     | 1.2355       | 1.2056       | 0.9875     | 0.5569       | 0.7366   | 0.5333  , 0.4667   |           
229    | 2.8736     | 0.4132     | 1.2499       | 1.2104       | 0.9760     | 0.5747       | 0.7826   | 0.5290  , 0.4710   |           
230    | 2.9043     | 0.4342     | 1.2483       | 1.2218       | 0.9552     | 0.5629       | 0.8156   | 0.5099  , 0.4901   |           
231    | 2.8564     | 0.4023     | 1.2507       | 1.2034       | 0.9833     | 0.5309       | 0.7581   | 0.5384  , 0.4616   |           
232    | 2.9048     | 0.4347     | 1.2428       | 1.2273       | 0.9833     | 0.5567       | 0.7543   | 0.5296  , 0.4704   |           
233    | 2.8589     | 0.4118     | 1.2367       | 1.2103       | 0.9802     | 0.5313       | 0.7170   | 0.5222  , 0.4778   |           
234    | 2.8752     | 0.4235     | 1.2425       | 1.2091       | 0.9760     | 0.4968       | 0.7895   | 0.5153  , 0.4847   | (ADV 0.73)
235    | 2.8868     | 0.4239     | 1.2569       | 1.2060       | 0.9760     | 0.5108       | 0.7771   | 0.5354  , 0.4646   |           
236    | 2.9085     | 0.4346     | 1.2457       | 1.2282       | 0.9604     | 0.5751       | 0.7970   | 0.5293  , 0.4707   |           
237    | 2.8890     | 0.4189     | 1.2513       | 1.2188       | 0.9792     | 0.5645       | 0.7882   | 0.5203  , 0.4797   |           
238    | 2.9341     | 0.4508     | 1.2551       | 1.2282       | 0.9823     | 0.5170       | 0.8369   | 0.5336  , 0.4664   |           
239    | 2.8710     | 0.4156     | 1.2471       | 1.2083       | 0.9833     | 0.5278       | 0.8297   | 0.5195  , 0.4805   |           
240    | 2.9068     | 0.4320     | 1.2525       | 1.2223       | 0.9823     | 0.5098       | 0.7195   | 0.5211  , 0.4789   |           
241    | 2.8125     | 0.3641     | 1.2371       | 1.2113       | 0.9740     | 0.5467       | 0.8132   | 0.5196  , 0.4804   |           
242    | 2.8713     | 0.3981     | 1.2503       | 1.2228       | 0.9771     | 0.5447       | 0.7773   | 0.4988  , 0.5012   |           
243    | 2.9141     | 0.4438     | 1.2489       | 1.2215       | 0.9854     | 0.5022       | 0.8069   | 0.5405  , 0.4595   | (ADV 0.73)
244    | 2.8578     | 0.3939     | 1.2484       | 1.2155       | 0.9635     | 0.5375       | 0.8040   | 0.5096  , 0.4904   |           
245    | 2.8640     | 0.4029     | 1.2430       | 1.2181       | 0.9792     | 0.5534       | 0.8466   | 0.5190  , 0.4810   |           
246    | 2.8565     | 0.3836     | 1.2432       | 1.2297       | 0.9667     | 0.5131       | 0.7959   | 0.5112  , 0.4888   |           
247    | 2.9289     | 0.4476     | 1.2462       | 1.2352       | 0.9854     | 0.5085       | 0.8076   | 0.5031  , 0.4969   |           
248    | 2.8362     | 0.3765     | 1.2442       | 1.2155       | 0.9833     | 0.5383       | 0.8161   | 0.4966  , 0.5034   |           
249    | 2.8737     | 0.3952     | 1.2534       | 1.2251       | 0.9802     | 0.5211       | 0.7637   | 0.4970  , 0.5030   |           
250    | 2.9222     | 0.4376     | 1.2464       | 1.2382       | 0.9771     | 0.5279       | 0.7583   | 0.5057  , 0.4943   |           
251    | 2.8920     | 0.3979     | 1.2601       | 1.2340       | 0.9719     | 0.5219       | 0.7609   | 0.4863  , 0.5137   |           
252    | 2.8562     | 0.3791     | 1.2521       | 1.2250       | 0.9792     | 0.5521       | 0.8471   | 0.5163  , 0.4837   |           
253    | 2.9017     | 0.4173     | 1.2556       | 1.2288       | 0.9667     | 0.5026       | 0.8357   | 0.5179  , 0.4821   |           
254    | 2.8488     | 0.3713     | 1.2524       | 1.2251       | 0.9812     | 0.4943       | 0.7930   | 0.5440  , 0.4560   |           
255    | 2.8554     | 0.3807     | 1.2483       | 1.2264       | 0.9875     | 0.4729       | 0.7757   | 0.5408  , 0.4592   | (ADV 0.75)
256    | 2.9174     | 0.4190     | 1.2660       | 1.2324       | 0.9844     | 0.5220       | 0.8047   | 0.5133  , 0.4867   |           
257    | 2.8433     | 0.3680     | 1.2486       | 1.2268       | 0.9740     | 0.5387       | 0.7873   | 0.5422  , 0.4578   |           
258    | 2.9118     | 0.4137     | 1.2739       | 1.2242       | 0.9740     | 0.5715       | 0.8338   | 0.5477  , 0.4523   |           
259    | 2.8715     | 0.4018     | 1.2531       | 1.2165       | 0.9688     | 0.4830       | 0.7195   | 0.5157  , 0.4843   |           
260    | 2.8997     | 0.4139     | 1.2607       | 1.2250       | 0.9771     | 0.5202       | 0.7041   | 0.5442  , 0.4558   |           
261    | 2.8442     | 0.3791     | 1.2430       | 1.2222       | 0.9698     | 0.5613       | 0.8067   | 0.5132  , 0.4868   |           
262    | 2.8560     | 0.3825     | 1.2481       | 1.2254       | 0.9812     | 0.5227       | 0.7138   | 0.5300  , 0.4700   |           
263    | 2.9573     | 0.4641     | 1.2615       | 1.2317       | 0.9823     | 0.5106       | 0.7641   | 0.5300  , 0.4700   |           
264    | 2.8535     | 0.3759     | 1.2514       | 1.2262       | 0.9833     | 0.5363       | 0.7579   | 0.5240  , 0.4760   |           
265    | 2.8733     | 0.3853     | 1.2673       | 1.2207       | 0.9812     | 0.5814       | 0.7851   | 0.5231  , 0.4769   |           
266    | 2.9030     | 0.4181     | 1.2644       | 1.2205       | 0.9854     | 0.5252       | 0.7327   | 0.5232  , 0.4768   |           
267    | 2.9041     | 0.4216     | 1.2548       | 1.2277       | 0.9792     | 0.5567       | 0.7328   | 0.5194  , 0.4806   |           
268    | 2.8875     | 0.3978     | 1.2610       | 1.2287       | 0.9812     | 0.5811       | 0.7511   | 0.5341  , 0.4659   |           
269    | 2.8932     | 0.4143     | 1.2532       | 1.2257       | 0.9812     | 0.4939       | 0.7431   | 0.5267  , 0.4733   |           
270    | 2.8429     | 0.3694     | 1.2537       | 1.2197       | 0.9854     | 0.5369       | 0.8530   | 0.5253  , 0.4747   |           
271    | 2.8442     | 0.3635     | 1.2562       | 1.2246       | 0.9750     | 0.5217       | 0.7645   | 0.5055  , 0.4945   |           
272    | 2.8850     | 0.3997     | 1.2537       | 1.2316       | 0.9740     | 0.4925       | 0.7940   | 0.5159  , 0.4841   |           
273    | 2.8852     | 0.3996     | 1.2587       | 1.2269       | 0.9802     | 0.5160       | 0.7371   | 0.5348  , 0.4652   |           
274    | 2.8855     | 0.3872     | 1.2697       | 1.2286       | 0.9812     | 0.5456       | 0.7627   | 0.5296  , 0.4704   |           
275    | 2.8866     | 0.4028     | 1.2576       | 1.2262       | 0.9865     | 0.5386       | 0.7695   | 0.5173  , 0.4827   |           
276    | 2.8820     | 0.3854     | 1.2609       | 1.2357       | 0.9812     | 0.5298       | 0.8062   | 0.5021  , 0.4979   |           
277    | 2.8888     | 0.4064     | 1.2433       | 1.2390       | 0.9812     | 0.5344       | 0.7817   | 0.5197  , 0.4803   |           
278    | 2.9198     | 0.4332     | 1.2627       | 1.2239       | 0.9865     | 0.5206       | 0.7720   | 0.5290  , 0.4710   |           
279    | 2.9226     | 0.4251     | 1.2568       | 1.2408       | 0.9823     | 0.5250       | 0.7812   | 0.5270  , 0.4730   |           
280    | 2.8948     | 0.4115     | 1.2592       | 1.2241       | 0.9802     | 0.5402       | 0.7875   | 0.5012  , 0.4988   |           
281    | 2.8878     | 0.4081     | 1.2622       | 1.2174       | 0.9844     | 0.5430       | 0.7582   | 0.5390  , 0.4610   |           
282    | 2.8699     | 0.3774     | 1.2630       | 1.2295       | 0.9688     | 0.5351       | 0.7177   | 0.5204  , 0.4796   |           
283    | 2.9180     | 0.4402     | 1.2648       | 1.2130       | 0.9698     | 0.5669       | 0.8910   | 0.5123  , 0.4877   |           
284    | 2.8678     | 0.3925     | 1.2603       | 1.2150       | 0.9802     | 0.4726       | 0.7461   | 0.5365  , 0.4635   |           
285    | 2.9204     | 0.4159     | 1.2641       | 1.2404       | 0.9729     | 0.5995       | 0.9135   | 0.5479  , 0.4521   |           
286    | 2.8992     | 0.4230     | 1.2562       | 1.2200       | 0.9854     | 0.4833       | 0.7892   | 0.5158  , 0.4842   |           
287    | 2.8864     | 0.4014     | 1.2466       | 1.2383       | 0.9802     | 0.5188       | 0.7668   | 0.5116  , 0.4884   |           
288    | 2.8658     | 0.3780     | 1.2632       | 1.2246       | 0.9594     | 0.5532       | 0.7985   | 0.5018  , 0.4982   |           
289    | 2.8699     | 0.3788     | 1.2588       | 1.2324       | 0.9781     | 0.5137       | 0.7794   | 0.5255  , 0.4745   |           
290    | 2.9029     | 0.4170     | 1.2572       | 1.2287       | 0.9802     | 0.5239       | 0.8283   | 0.5057  , 0.4943   |           
291    | 2.8753     | 0.3951     | 1.2580       | 1.2222       | 0.9688     | 0.5497       | 0.8524   | 0.5137  , 0.4863   |           
292    | 2.8885     | 0.3984     | 1.2671       | 1.2230       | 0.9802     | 0.5608       | 0.8142   | 0.5140  , 0.4860   |           
293    | 2.8546     | 0.3834     | 1.2492       | 1.2219       | 0.9802     | 0.5346       | 0.7704   | 0.5162  , 0.4838   |           
294    | 2.8935     | 0.3996     | 1.2621       | 1.2319       | 0.9792     | 0.5169       | 0.7502   | 0.5339  , 0.4661   |           
295    | 2.8771     | 0.3898     | 1.2534       | 1.2339       | 0.9604     | 0.5373       | 0.7972   | 0.5234  , 0.4766   |           
296    | 2.9177     | 0.4138     | 1.2668       | 1.2371       | 0.9750     | 0.5494       | 0.8325   | 0.5328  , 0.4672   |           
297    | 2.8594     | 0.3719     | 1.2583       | 1.2291       | 0.9729     | 0.5471       | 0.8235   | 0.5094  , 0.4906   |           
298    | 2.8784     | 0.3683     | 1.2729       | 1.2373       | 0.9313     | 0.5376       | 0.8038   | 0.5130  , 0.4870   |           
299    | 2.9661     | 0.4533     | 1.2748       | 1.2380       | 0.9844     | 0.4950       | 0.7903   | 0.5242  , 0.4758   |           
300    | 2.9210     | 0.4048     | 1.2807       | 1.2355       | 0.9781     | 0.4972       | 0.7872   | 0.5199  , 0.4801   |           
301    | 2.9272     | 0.4222     | 1.2766       | 1.2284       | 0.9750     | 0.4836       | 0.7301   | 0.4973  , 0.5027   |           
302    | 2.8905     | 0.3930     | 1.2694       | 1.2280       | 0.9844     | 0.5121       | 0.7727   | 0.5025  , 0.4975   |           
303    | 2.8796     | 0.3784     | 1.2748       | 1.2264       | 0.9833     | 0.4670       | 0.7501   | 0.5230  , 0.4770   |           
304    | 2.8578     | 0.3487     | 1.2813       | 1.2279       | 0.9552     | 0.4995       | 0.7708   | 0.5104  , 0.4896   |           
305    | 2.9004     | 0.3882     | 1.2743       | 1.2379       | 0.9812     | 0.4788       | 0.8120   | 0.5205  , 0.4795   |           
306    | 2.9002     | 0.3876     | 1.2704       | 1.2422       | 0.9844     | 0.4983       | 0.8035   | 0.5153  , 0.4847   |           
307    | 2.9112     | 0.4165     | 1.2653       | 1.2294       | 0.9875     | 0.4791       | 0.7740   | 0.5251  , 0.4749   |           
308    | 2.8625     | 0.3730     | 1.2629       | 1.2267       | 0.9792     | 0.4922       | 0.7910   | 0.4923  , 0.5077   |           
309    | 2.8862     | 0.3873     | 1.2699       | 1.2290       | 0.9823     | 0.4637       | 0.7375   | 0.5181  , 0.4819   |           
310    | 2.9029     | 0.3986     | 1.2762       | 1.2281       | 0.9854     | 0.4984       | 0.7161   | 0.5221  , 0.4779   |           
311    | 2.8748     | 0.3637     | 1.2780       | 1.2332       | 0.9833     | 0.4532       | 0.7329   | 0.5321  , 0.4679   | (ADV 0.76)
312    | 2.9033     | 0.4017     | 1.2705       | 1.2311       | 0.9802     | 0.4739       | 0.7808   | 0.5155  , 0.4845   |           
313    | 2.8832     | 0.3629     | 1.2677       | 1.2526       | 0.9875     | 0.5193       | 0.8036   | 0.5232  , 0.4768   |           
314    | 2.9488     | 0.4254     | 1.2761       | 1.2472       | 0.9885     | 0.5030       | 0.8062   | 0.5181  , 0.4819   |           
315    | 2.9060     | 0.4012     | 1.2621       | 1.2427       | 0.9771     | 0.4699       | 0.7706   | 0.5094  , 0.4906   |           
316    | 2.9623     | 0.4356     | 1.2738       | 1.2529       | 0.9823     | 0.5004       | 0.8057   | 0.5224  , 0.4776   |           
317    | 2.8753     | 0.3576     | 1.2705       | 1.2472       | 0.9708     | 0.5406       | 0.8088   | 0.5110  , 0.4890   |           
318    | 2.9635     | 0.4320     | 1.2832       | 1.2484       | 0.9865     | 0.4778       | 0.7603   | 0.5305  , 0.4695   |           
319    | 2.9157     | 0.4067     | 1.2725       | 1.2366       | 0.9823     | 0.5235       | 0.7891   | 0.5133  , 0.4867   |           
320    | 2.9558     | 0.4225     | 1.2808       | 1.2526       | 0.9802     | 0.5078       | 0.7766   | 0.5202  , 0.4798   |           
321    | 2.9314     | 0.4213     | 1.2615       | 1.2487       | 0.9781     | 0.5417       | 0.8169   | 0.5242  , 0.4758   |           
322    | 2.8663     | 0.3560     | 1.2656       | 1.2447       | 0.9719     | 0.5389       | 0.8189   | 0.5005  , 0.4995   |           
323    | 2.8890     | 0.3818     | 1.2664       | 1.2409       | 0.9771     | 0.5304       | 0.8087   | 0.5280  , 0.4720   |           
324    | 2.8807     | 0.3693     | 1.2702       | 1.2412       | 0.9698     | 0.5450       | 0.8223   | 0.5055  , 0.4945   |           
325    | 2.9403     | 0.4118     | 1.2744       | 1.2541       | 0.9844     | 0.4852       | 0.7613   | 0.5227  , 0.4773   |           
326    | 2.9250     | 0.4041     | 1.2764       | 1.2445       | 0.9833     | 0.4998       | 0.7667   | 0.5249  , 0.4751   |           
327    | 2.8702     | 0.3756     | 1.2616       | 1.2331       | 0.9823     | 0.5087       | 0.7762   | 0.5156  , 0.4844   |           
328    | 2.9036     | 0.3889     | 1.2739       | 1.2407       | 0.9812     | 0.5353       | 0.7649   | 0.5301  , 0.4699   |           
329    | 2.8783     | 0.3752     | 1.2693       | 1.2338       | 0.9844     | 0.5090       | 0.8421   | 0.5194  , 0.4806   |           
330    | 2.9089     | 0.3863     | 1.2748       | 1.2478       | 0.9812     | 0.4927       | 0.7987   | 0.5101  , 0.4899   |           
331    | 2.8988     | 0.3855     | 1.2804       | 1.2329       | 0.9698     | 0.5052       | 0.8034   | 0.5140  , 0.4860   |           
332    | 2.8902     | 0.3838     | 1.2751       | 1.2313       | 0.9417     | 0.4743       | 0.7566   | 0.4995  , 0.5005   |           
333    | 2.8992     | 0.3834     | 1.2822       | 1.2337       | 0.9781     | 0.4963       | 0.7454   | 0.5065  , 0.4935   |           
334    | 2.9204     | 0.3966     | 1.2784       | 1.2453       | 0.9823     | 0.4976       | 0.7948   | 0.5204  , 0.4796   |           
335    | 2.9169     | 0.4069     | 1.2804       | 1.2297       | 0.9781     | 0.4942       | 0.8094   | 0.5204  , 0.4796   |           
336    | 2.8940     | 0.3789     | 1.2777       | 1.2374       | 0.9865     | 0.4961       | 0.7518   | 0.5187  , 0.4813   |           
337    | 2.8745     | 0.3627     | 1.2685       | 1.2432       | 0.9781     | 0.4919       | 0.7978   | 0.5131  , 0.4869   |           
338    | 2.9578     | 0.4252     | 1.2890       | 1.2436       | 0.9833     | 0.5228       | 0.7648   | 0.5375  , 0.4625   |           
339    | 2.8440     | 0.3419     | 1.2713       | 1.2308       | 0.9802     | 0.4925       | 0.8000   | 0.5312  , 0.4688   |           
340    | 2.9351     | 0.4021     | 1.2755       | 1.2575       | 0.9875     | 0.4963       | 0.7704   | 0.5183  , 0.4817   |           
341    | 2.9105     | 0.3831     | 1.2702       | 1.2572       | 0.9875     | 0.4650       | 0.7768   | 0.5153  , 0.4847   |           
342    | 2.9219     | 0.3872     | 1.2822       | 1.2525       | 0.9792     | 0.4727       | 0.7420   | 0.5199  , 0.4801   |           
343    | 2.8898     | 0.3631     | 1.2717       | 1.2550       | 0.9833     | 0.4324       | 0.7223   | 0.5390  , 0.4610   | (ADV 0.77)
344    | 2.9471     | 0.4199     | 1.2793       | 1.2478       | 0.9875     | 0.4894       | 0.7673   | 0.5041  , 0.4959   |           
345    | 2.8723     | 0.3566     | 1.2696       | 1.2461       | 0.9750     | 0.4829       | 0.8170   | 0.4988  , 0.5012   |           
346    | 2.8962     | 0.3705     | 1.2785       | 1.2473       | 0.9563     | 0.4855       | 0.7854   | 0.5182  , 0.4818   |           
347    | 2.9203     | 0.3747     | 1.2937       | 1.2518       | 0.9802     | 0.4420       | 0.7984   | 0.5110  , 0.4890   |           
348    | 2.9342     | 0.3985     | 1.2878       | 1.2479       | 0.9708     | 0.4709       | 0.7376   | 0.5184  , 0.4816   |           
349    | 2.8672     | 0.3525     | 1.2792       | 1.2355       | 0.9833     | 0.5010       | 0.7994   | 0.5225  , 0.4775   |           
350    | 2.9238     | 0.3877     | 1.2823       | 1.2538       | 0.9865     | 0.4911       | 0.7275   | 0.4968  , 0.5032   |           
351    | 2.8701     | 0.3530     | 1.2692       | 1.2479       | 0.9604     | 0.4861       | 0.7850   | 0.5091  , 0.4909   |           
352    | 2.8877     | 0.3632     | 1.2868       | 1.2377       | 0.9792     | 0.4560       | 0.7780   | 0.4959  , 0.5041   |           
353    | 2.8600     | 0.3363     | 1.2907       | 1.2330       | 0.9771     | 0.4425       | 0.7858   | 0.5060  , 0.4940   |           
354    | 2.9056     | 0.3760     | 1.2737       | 1.2559       | 0.9802     | 0.4540       | 0.7627   | 0.5126  , 0.4874   |           
355    | 2.9195     | 0.3867     | 1.2894       | 1.2435       | 0.9792     | 0.4699       | 0.7788   | 0.5081  , 0.4919   |           
356    | 2.8974     | 0.3668     | 1.2788       | 1.2518       | 0.9635     | 0.4653       | 0.7941   | 0.4973  , 0.5027   |           
357    | 2.8937     | 0.3540     | 1.2808       | 1.2590       | 0.9771     | 0.4424       | 0.7871   | 0.5209  , 0.4791   |           
358    | 2.9608     | 0.3923     | 1.2955       | 1.2730       | 0.9792     | 0.4954       | 0.7856   | 0.5013  , 0.4987   |           
359    | 2.9480     | 0.3891     | 1.2843       | 1.2746       | 0.9802     | 0.4887       | 0.8090   | 0.5081  , 0.4919   |           
360    | 2.8935     | 0.3593     | 1.2798       | 1.2543       | 0.9844     | 0.4934       | 0.7507   | 0.5202  , 0.4798   |           
361    | 2.9672     | 0.3958     | 1.2924       | 1.2790       | 0.9802     | 0.4676       | 0.7578   | 0.5064  , 0.4936   |           
362    | 2.9972     | 0.4323     | 1.2872       | 1.2777       | 0.9708     | 0.5097       | 0.8299   | 0.5033  , 0.4967   |           
363    | 2.9379     | 0.3994     | 1.2791       | 1.2595       | 0.9812     | 0.4844       | 0.8070   | 0.5228  , 0.4772   |           
364    | 2.9489     | 0.4010     | 1.2896       | 1.2583       | 0.9583     | 0.4728       | 0.7738   | 0.5078  , 0.4922   |           
365    | 2.9217     | 0.3920     | 1.2742       | 1.2556       | 0.9812     | 0.4869       | 0.7871   | 0.5311  , 0.4689   |           
366    | 2.8661     | 0.3589     | 1.2690       | 1.2383       | 0.9771     | 0.4914       | 0.7533   | 0.5064  , 0.4936   |           
367    | 2.8543     | 0.3389     | 1.2715       | 1.2439       | 0.9708     | 0.4756       | 0.7829   | 0.5189  , 0.4811   |           
368    | 2.8768     | 0.3542     | 1.2779       | 1.2447       | 0.9854     | 0.4401       | 0.8005   | 0.5152  , 0.4848   |           
369    | 2.9009     | 0.3761     | 1.2692       | 1.2556       | 0.9792     | 0.4839       | 0.7817   | 0.5108  , 0.4892   |           
370    | 2.8754     | 0.3478     | 1.2779       | 1.2497       | 0.9812     | 0.4837       | 0.7769   | 0.5238  , 0.4762   |           
371    | 2.9017     | 0.3665     | 1.2914       | 1.2437       | 0.9729     | 0.4671       | 0.7405   | 0.5443  , 0.4557   |           
372    | 2.8866     | 0.3642     | 1.2700       | 1.2524       | 0.9781     | 0.4508       | 0.7669   | 0.5276  , 0.4724   |           
373    | 2.8658     | 0.3374     | 1.2753       | 1.2532       | 0.9760     | 0.4961       | 0.7876   | 0.5192  , 0.4808   |           
374    | 2.9043     | 0.3825     | 1.2801       | 1.2417       | 0.9698     | 0.4771       | 0.8020   | 0.5175  , 0.4825   |           
375    | 2.9218     | 0.3840     | 1.2826       | 1.2552       | 0.9865     | 0.4661       | 0.7618   | 0.5070  , 0.4930   |           
376    | 2.9394     | 0.3906     | 1.2839       | 1.2649       | 0.9781     | 0.4315       | 0.7648   | 0.5110  , 0.4890   |           
377    | 2.9508     | 0.3798     | 1.2918       | 1.2792       | 0.9708     | 0.4682       | 0.7949   | 0.5004  , 0.4996   |           
378    | 2.9485     | 0.4078     | 1.2785       | 1.2622       | 0.9844     | 0.4508       | 0.7691   | 0.5090  , 0.4910   |           
379    | 2.9207     | 0.3735     | 1.2776       | 1.2695       | 0.9781     | 0.4274       | 0.7482   | 0.5167  , 0.4833   |           
380    | 2.9317     | 0.3904     | 1.2798       | 1.2614       | 0.9802     | 0.4875       | 0.8292   | 0.5286  , 0.4714   |           
381    | 2.9177     | 0.3747     | 1.2805       | 1.2625       | 0.9854     | 0.4822       | 0.7896   | 0.5267  , 0.4733   |           
382    | 2.9103     | 0.3717     | 1.2781       | 1.2606       | 0.9812     | 0.4619       | 0.7808   | 0.5024  , 0.4976   |           
383    | 2.9069     | 0.3702     | 1.2765       | 1.2602       | 0.9760     | 0.4367       | 0.7565   | 0.5178  , 0.4822   |           
384    | 2.9063     | 0.3531     | 1.2818       | 1.2714       | 0.9625     | 0.4300       | 0.7982   | 0.5110  , 0.4890   |           
385    | 2.9072     | 0.3576     | 1.2842       | 1.2654       | 0.9812     | 0.4438       | 0.7775   | 0.5448  , 0.4552   |           
386    | 2.9752     | 0.4324     | 1.2826       | 1.2602       | 0.9823     | 0.4198       | 0.7376   | 0.5413  , 0.4587   | (ADV 0.77)
387    | 2.9375     | 0.3907     | 1.2837       | 1.2631       | 0.9708     | 0.4615       | 0.7923   | 0.5409  , 0.4591   |           
388    | 2.9387     | 0.3857     | 1.2917       | 1.2614       | 0.9833     | 0.4380       | 0.7396   | 0.5122  , 0.4878   |           
389    | 2.9425     | 0.3996     | 1.2807       | 1.2622       | 0.9802     | 0.4563       | 0.7925   | 0.5327  , 0.4673   |           
390    | 2.9205     | 0.3859     | 1.2727       | 1.2619       | 0.9771     | 0.4487       | 0.7950   | 0.5030  , 0.4970   |           
391    | 2.9208     | 0.3809     | 1.2788       | 1.2611       | 0.9563     | 0.4129       | 0.8210   | 0.4867  , 0.5133   |           
392    | 2.8860     | 0.3512     | 1.2769       | 1.2579       | 0.9656     | 0.4581       | 0.7433   | 0.5025  , 0.4975   |           
393    | 2.9486     | 0.3960     | 1.2801       | 1.2725       | 0.9792     | 0.4421       | 0.7862   | 0.5044  , 0.4956   |           
394    | 2.9363     | 0.3942     | 1.2816       | 1.2605       | 0.9792     | 0.4166       | 0.7839   | 0.5102  , 0.4898   |           
395    | 2.9311     | 0.3968     | 1.2822       | 1.2521       | 0.9812     | 0.4289       | 0.7715   | 0.5181  , 0.4819   |           
396    | 2.9528     | 0.4072     | 1.2757       | 1.2699       | 0.9385     | 0.4384       | 0.8113   | 0.5063  , 0.4937   |           
397    | 2.8725     | 0.3265     | 1.2840       | 1.2620       | 0.9833     | 0.4386       | 0.7706   | 0.5112  , 0.4888   |           
398    | 2.9740     | 0.4057     | 1.2881       | 1.2802       | 0.9771     | 0.4687       | 0.7917   | 0.5245  , 0.4755   |           
399    | 2.9528     | 0.4053     | 1.2856       | 1.2619       | 0.9802     | 0.4853       | 0.7799   | 0.5331  , 0.4669   |           
400    | 2.9210     | 0.3739     | 1.2849       | 1.2623       | 0.9812     | 0.4347       | 0.7987   | 0.5351  , 0.4649   |           
Seed 42 | Src Acc: 97.7551 | Src MDE: 0.0334 | Tgt Acc: 42.1429 | Tgt MDE: 0.7376
Start Training Seed 6767...

Start CDAN+E Training... (Entropy Conditioning Enabled)
Epoch  | Total Loss | Tr Cls     | Tr Dom RSSI  | Tr Dom RTT   | Val T Acc  | Val T Entropy | Test MDE | Test Target Weights
--------------------------------------------------------------------------------------------------------------------------------------------
1      | 6.6100     | 3.8671     | 1.3829       | 1.3600       | 0.5219     | 3.7509       | 1.3761   | 0.6343  , 0.3657   |           
2      | 5.7948     | 3.1763     | 1.3411       | 1.2773       | 0.7677     | 3.6365       | 1.1699   | 0.5978  , 0.4022   |           
3      | 5.2292     | 2.7250     | 1.2989       | 1.2053       | 0.8250     | 3.5045       | 1.1380   | 0.5808  , 0.4192   |           
4      | 4.7760     | 2.3831     | 1.2531       | 1.1397       | 0.8781     | 3.3361       | 1.1442   | 0.5552  , 0.4448   |           
5      | 4.3206     | 2.0456     | 1.2005       | 1.0744       | 0.8844     | 3.1555       | 1.1467   | 0.5500  , 0.4500   |           
6      | 4.0277     | 1.8365     | 1.1628       | 1.0284       | 0.9042     | 2.9964       | 1.1314   | 0.5518  , 0.4482   |           
7      | 3.6965     | 1.6239     | 1.1071       | 0.9654       | 0.9333     | 2.8630       | 1.1019   | 0.5287  , 0.4713   |           
8      | 3.5103     | 1.4782     | 1.0794       | 0.9527       | 0.9302     | 2.6774       | 1.0601   | 0.5194  , 0.4806   |           
9      | 3.3188     | 1.3511     | 1.0537       | 0.9140       | 0.9552     | 2.5770       | 1.0423   | 0.5143  , 0.4857   |           
10     | 3.1318     | 1.2228     | 0.9993       | 0.9097       | 0.9479     | 2.4372       | 1.0097   | 0.5168  , 0.4832   |           
11     | 3.0905     | 1.1708     | 0.9860       | 0.9337       | 0.9604     | 2.2844       | 1.0337   | 0.5128  , 0.4872   | (ADV -0.18)
12     | 2.9647     | 1.0820     | 0.9696       | 0.9132       | 0.9615     | 2.1867       | 0.9513   | 0.5006  , 0.4994   | (ADV -0.13)
13     | 2.8655     | 0.9958     | 0.9513       | 0.9183       | 0.9604     | 2.1177       | 0.9455   | 0.4904  , 0.5096   | (ADV -0.10)
14     | 2.7762     | 0.9380     | 0.9251       | 0.9131       | 0.9667     | 2.0562       | 0.9556   | 0.4981  , 0.5019   | (ADV -0.06)
15     | 2.7095     | 0.8948     | 0.9250       | 0.8897       | 0.9656     | 1.9897       | 0.9358   | 0.4983  , 0.5017   | (ADV -0.03)
16     | 2.7022     | 0.8788     | 0.9326       | 0.8908       | 0.9688     | 1.8553       | 0.9339   | 0.5007  , 0.4993   | (ADV 0.04)
17     | 2.6900     | 0.8503     | 0.9450       | 0.8947       | 0.9688     | 1.8431       | 0.9099   | 0.5061  , 0.4939   | (ADV 0.05)
18     | 2.5331     | 0.7677     | 0.9169       | 0.8486       | 0.9698     | 1.7627       | 0.8927   | 0.4870  , 0.5130   | (ADV 0.09)
19     | 2.6113     | 0.7784     | 0.9383       | 0.8946       | 0.9719     | 1.6505       | 0.9577   | 0.4962  , 0.5038   | (ADV 0.15)
20     | 2.6035     | 0.7636     | 0.9534       | 0.8865       | 0.9760     | 1.5948       | 0.9632   | 0.5078  , 0.4922   | (ADV 0.18)
21     | 2.5212     | 0.7055     | 0.9378       | 0.8779       | 0.9688     | 1.5786       | 0.9604   | 0.4932  , 0.5068   | (ADV 0.18)
22     | 2.4719     | 0.6752     | 0.9247       | 0.8720       | 0.9719     | 1.5166       | 0.9418   | 0.5011  , 0.4989   | (ADV 0.21)
23     | 2.5732     | 0.6985     | 0.9451       | 0.9296       | 0.9688     | 1.5084       | 0.9650   | 0.4959  , 0.5041   | (ADV 0.21)
24     | 2.5762     | 0.7007     | 0.9461       | 0.9294       | 0.9688     | 1.4824       | 0.9404   | 0.4864  , 0.5136   | (ADV 0.23)
25     | 2.4875     | 0.6503     | 0.9164       | 0.9208       | 0.9719     | 1.4039       | 0.9396   | 0.4684  , 0.5316   | (ADV 0.27)
26     | 2.4747     | 0.6335     | 0.9214       | 0.9198       | 0.9656     | 1.4073       | 0.9830   | 0.4696  , 0.5304   |           
27     | 2.5042     | 0.6511     | 0.9042       | 0.9489       | 0.9635     | 1.3480       | 0.9290   | 0.4709  , 0.5291   | (ADV 0.29)
28     | 2.4866     | 0.6336     | 0.9139       | 0.9391       | 0.9729     | 1.2804       | 0.9189   | 0.4755  , 0.5245   | (ADV 0.33)
29     | 2.4812     | 0.6071     | 0.9168       | 0.9574       | 0.9771     | 1.2868       | 0.8879   | 0.4728  , 0.5272   | (ADV 0.33)
30     | 2.4099     | 0.5917     | 0.8856       | 0.9326       | 0.9708     | 1.2343       | 0.8848   | 0.4781  , 0.5219   | (ADV 0.35)
31     | 2.4214     | 0.5949     | 0.8837       | 0.9429       | 0.9740     | 1.2478       | 0.8964   | 0.4747  , 0.5253   |           
32     | 2.3859     | 0.5666     | 0.8791       | 0.9403       | 0.9698     | 1.2015       | 0.9210   | 0.4678  , 0.5322   | (ADV 0.37)
33     | 2.3927     | 0.5580     | 0.8975       | 0.9373       | 0.9719     | 1.1971       | 0.8964   | 0.4938  , 0.5062   | (ADV 0.37)
34     | 2.3642     | 0.5405     | 0.8869       | 0.9368       | 0.9688     | 1.1618       | 0.9232   | 0.4815  , 0.5185   | (ADV 0.39)
35     | 2.4391     | 0.5652     | 0.9014       | 0.9724       | 0.9740     | 1.1235       | 0.9154   | 0.4818  , 0.5182   | (ADV 0.41)
36     | 2.4587     | 0.5677     | 0.9187       | 0.9722       | 0.9719     | 1.0822       | 0.8777   | 0.4937  , 0.5063   | (ADV 0.43)
37     | 2.3594     | 0.5261     | 0.8709       | 0.9623       | 0.9771     | 1.1155       | 0.8655   | 0.4860  , 0.5140   |           
38     | 2.4342     | 0.5572     | 0.9080       | 0.9690       | 0.9750     | 1.0981       | 0.9014   | 0.5011  , 0.4989   |           
39     | 2.3875     | 0.5080     | 0.9072       | 0.9722       | 0.9740     | 1.0904       | 0.8632   | 0.4951  , 0.5049   |           
40     | 2.3736     | 0.5188     | 0.8894       | 0.9654       | 0.9719     | 1.0420       | 0.8326   | 0.4860  , 0.5140   | (ADV 0.45)
41     | 2.4294     | 0.5386     | 0.8983       | 0.9925       | 0.9719     | 1.0314       | 0.9348   | 0.5016  , 0.4984   | (ADV 0.46)
42     | 2.3818     | 0.5195     | 0.8961       | 0.9663       | 0.9740     | 0.9947       | 0.8486   | 0.5166  , 0.4834   | (ADV 0.48)
43     | 2.3717     | 0.5006     | 0.8855       | 0.9856       | 0.9729     | 1.0266       | 0.8909   | 0.5072  , 0.4928   |           
44     | 2.3906     | 0.4887     | 0.9212       | 0.9807       | 0.9719     | 1.0295       | 0.8668   | 0.4997  , 0.5003   |           
45     | 2.4751     | 0.5414     | 0.9182       | 1.0156       | 0.9781     | 0.9423       | 0.7876   | 0.4822  , 0.5178   | (ADV 0.51)
46     | 2.4033     | 0.5023     | 0.9257       | 0.9752       | 0.9708     | 0.9690       | 0.8863   | 0.4977  , 0.5023   |           
47     | 2.4307     | 0.5040     | 0.9335       | 0.9932       | 0.9698     | 0.9364       | 0.8458   | 0.4858  , 0.5142   |           
48     | 2.4087     | 0.4859     | 0.9236       | 0.9992       | 0.9729     | 0.9537       | 0.8675   | 0.5132  , 0.4868   |           
49     | 2.5277     | 0.5516     | 0.9543       | 1.0218       | 0.9802     | 0.8899       | 0.8656   | 0.5044  , 0.4956   | (ADV 0.54)
50     | 2.4196     | 0.4930     | 0.9212       | 1.0053       | 0.9781     | 0.8757       | 0.9183   | 0.5047  , 0.4953   | (ADV 0.54)
51     | 2.4578     | 0.4996     | 0.9457       | 1.0125       | 0.9719     | 0.8929       | 0.7917   | 0.4996  , 0.5004   |           
52     | 2.4471     | 0.4693     | 0.9672       | 1.0107       | 0.9656     | 0.8746       | 0.8851   | 0.5186  , 0.4814   |           
53     | 2.4503     | 0.4844     | 0.9615       | 1.0044       | 0.9750     | 0.8238       | 0.8788   | 0.5014  , 0.4986   | (ADV 0.56)
54     | 2.4512     | 0.4891     | 0.9508       | 1.0113       | 0.9729     | 0.8478       | 0.8532   | 0.4946  , 0.5054   |           
55     | 2.5276     | 0.5202     | 0.9844       | 1.0230       | 0.9740     | 0.8877       | 0.9475   | 0.5065  , 0.4935   |           
56     | 2.5211     | 0.5094     | 0.9777       | 1.0340       | 0.9771     | 0.8510       | 0.8480   | 0.4985  , 0.5015   |           
57     | 2.4969     | 0.4855     | 0.9871       | 1.0243       | 0.9750     | 0.8342       | 0.8025   | 0.4996  , 0.5004   |           
58     | 2.4755     | 0.4851     | 0.9724       | 1.0179       | 0.9729     | 0.7975       | 0.8433   | 0.5231  , 0.4769   | (ADV 0.57)
59     | 2.4986     | 0.4715     | 0.9799       | 1.0472       | 0.9771     | 0.8017       | 0.8328   | 0.5069  , 0.4931   | (ADV 0.58)
60     | 2.4690     | 0.4649     | 0.9602       | 1.0438       | 0.9771     | 0.8747       | 0.8616   | 0.5343  , 0.4657   |           
61     | 2.5140     | 0.4859     | 0.9784       | 1.0497       | 0.9771     | 0.8179       | 0.8836   | 0.5150  , 0.4850   |           
62     | 2.5607     | 0.5019     | 1.0099       | 1.0489       | 0.9760     | 0.8116       | 0.8315   | 0.5181  , 0.4819   |           
63     | 2.4583     | 0.4394     | 0.9730       | 1.0458       | 0.9781     | 0.7930       | 0.7935   | 0.5071  , 0.4929   | (ADV 0.58)
64     | 2.5470     | 0.4849     | 1.0036       | 1.0585       | 0.9729     | 0.7923       | 0.8075   | 0.5122  , 0.4878   |           
65     | 2.5350     | 0.4794     | 0.9938       | 1.0618       | 0.9771     | 0.8142       | 0.8443   | 0.5075  , 0.4925   |           
66     | 2.5403     | 0.4858     | 0.9950       | 1.0595       | 0.9760     | 0.8019       | 0.7985   | 0.5166  , 0.4834   |           
67     | 2.5999     | 0.4901     | 1.0435       | 1.0663       | 0.9740     | 0.7769       | 0.8927   | 0.5148  , 0.4852   | (ADV 0.59)
68     | 2.5283     | 0.4801     | 0.9857       | 1.0624       | 0.9760     | 0.7873       | 0.8176   | 0.5066  , 0.4934   |           
69     | 2.5664     | 0.4881     | 1.0061       | 1.0722       | 0.9760     | 0.7976       | 0.7850   | 0.5092  , 0.4908   |           
70     | 2.5743     | 0.4882     | 1.0184       | 1.0677       | 0.9792     | 0.7911       | 0.8123   | 0.5127  , 0.4873   |           
71     | 2.5319     | 0.4510     | 1.0257       | 1.0552       | 0.9750     | 0.7950       | 0.8196   | 0.4916  , 0.5084   |           
72     | 2.6220     | 0.5067     | 1.0430       | 1.0723       | 0.9729     | 0.7565       | 0.7838   | 0.5253  , 0.4747   | (ADV 0.59)
73     | 2.5653     | 0.4834     | 1.0331       | 1.0487       | 0.9781     | 0.7160       | 0.8320   | 0.5070  , 0.4930   | (ADV 0.62)
74     | 2.6162     | 0.4786     | 1.0477       | 1.0898       | 0.9781     | 0.7422       | 0.8412   | 0.5106  , 0.4894   |           
75     | 2.5728     | 0.4836     | 1.0254       | 1.0639       | 0.9750     | 0.7656       | 0.8210   | 0.5106  , 0.4894   |           
76     | 2.5751     | 0.4765     | 1.0400       | 1.0586       | 0.9771     | 0.7457       | 0.8035   | 0.5064  , 0.4936   |           
77     | 2.5958     | 0.4836     | 1.0364       | 1.0758       | 0.9750     | 0.6992       | 0.8463   | 0.5082  , 0.4918   | (ADV 0.63)
78     | 2.5965     | 0.4840     | 1.0365       | 1.0761       | 0.9729     | 0.7048       | 0.7700   | 0.5139  , 0.4861   |           
79     | 2.6110     | 0.4855     | 1.0433       | 1.0822       | 0.9760     | 0.7360       | 0.8285   | 0.5301  , 0.4699   |           
80     | 2.6098     | 0.4778     | 1.0474       | 1.0846       | 0.9563     | 0.7089       | 0.8073   | 0.4821  , 0.5179   |           
81     | 2.5723     | 0.4689     | 1.0303       | 1.0731       | 0.9719     | 0.6822       | 0.7571   | 0.5197  , 0.4803   | (ADV 0.63)
82     | 2.6819     | 0.5004     | 1.0698       | 1.1117       | 0.9740     | 0.7437       | 0.8352   | 0.5190  , 0.4810   |           
83     | 2.6171     | 0.4763     | 1.0464       | 1.0943       | 0.9688     | 0.7054       | 0.7899   | 0.5025  , 0.4975   |           
84     | 2.5827     | 0.4565     | 1.0359       | 1.0904       | 0.9750     | 0.7166       | 0.7979   | 0.5262  , 0.4738   |           
85     | 2.6008     | 0.4542     | 1.0535       | 1.0932       | 0.9760     | 0.7321       | 0.7814   | 0.4937  , 0.5063   |           
86     | 2.6243     | 0.4877     | 1.0404       | 1.0962       | 0.9760     | 0.7005       | 0.7821   | 0.5019  , 0.4981   |           
87     | 2.5871     | 0.4509     | 1.0464       | 1.0898       | 0.9802     | 0.7196       | 0.8223   | 0.5164  , 0.4836   |           
88     | 2.6054     | 0.4498     | 1.0770       | 1.0786       | 0.9781     | 0.6748       | 0.8697   | 0.4929  , 0.5071   | (ADV 0.64)
89     | 2.6290     | 0.4757     | 1.0655       | 1.0879       | 0.9750     | 0.7276       | 0.8142   | 0.4853  , 0.5147   |           
90     | 2.6992     | 0.5026     | 1.0967       | 1.0999       | 0.9833     | 0.6572       | 0.8274   | 0.4921  , 0.5079   | (ADV 0.65)
91     | 2.6409     | 0.4890     | 1.0693       | 1.0826       | 0.9833     | 0.6383       | 0.7457   | 0.5014  , 0.4986   | (ADV 0.66)
92     | 2.6463     | 0.4747     | 1.0915       | 1.0800       | 0.9802     | 0.6629       | 0.7729   | 0.4846  , 0.5154   |           
93     | 2.6447     | 0.4774     | 1.0903       | 1.0770       | 0.9708     | 0.6463       | 0.7901   | 0.5213  , 0.4787   |           
94     | 2.6248     | 0.4510     | 1.0859       | 1.0879       | 0.9802     | 0.6585       | 0.7873   | 0.4926  , 0.5074   |           
95     | 2.6746     | 0.4695     | 1.1044       | 1.1006       | 0.9760     | 0.6552       | 0.7940   | 0.4921  , 0.5079   |           
96     | 2.6714     | 0.4725     | 1.0998       | 1.0991       | 0.9771     | 0.6536       | 0.8287   | 0.5015  , 0.4985   |           
97     | 2.7193     | 0.5047     | 1.1079       | 1.1068       | 0.9729     | 0.6730       | 0.8256   | 0.4999  , 0.5001   |           
98     | 2.6768     | 0.4841     | 1.0863       | 1.1064       | 0.9594     | 0.6435       | 0.8155   | 0.5118  , 0.4882   |           
99     | 2.6958     | 0.4794     | 1.1011       | 1.1153       | 0.9760     | 0.6351       | 0.7868   | 0.4832  , 0.5168   |           
100    | 2.6897     | 0.4704     | 1.1003       | 1.1190       | 0.9667     | 0.5994       | 0.7428   | 0.4976  , 0.5024   | (ADV 0.67)
101    | 2.7232     | 0.4877     | 1.1240       | 1.1115       | 0.9708     | 0.6528       | 0.7685   | 0.4982  , 0.5018   |           
102    | 2.7256     | 0.4952     | 1.1161       | 1.1144       | 0.9698     | 0.6464       | 0.7902   | 0.5109  , 0.4891   |           
103    | 2.6844     | 0.4699     | 1.0947       | 1.1198       | 0.9750     | 0.6745       | 0.8089   | 0.5087  , 0.4913   |           
104    | 2.6958     | 0.4718     | 1.1087       | 1.1154       | 0.9573     | 0.6556       | 0.8029   | 0.5071  , 0.4929   |           
105    | 2.6930     | 0.4682     | 1.1009       | 1.1239       | 0.9708     | 0.6661       | 0.8664   | 0.5121  , 0.4879   |           
106    | 2.7364     | 0.4846     | 1.1111       | 1.1407       | 0.9708     | 0.6606       | 0.7808   | 0.4964  , 0.5036   |           
107    | 2.7856     | 0.5130     | 1.1338       | 1.1389       | 0.9833     | 0.6630       | 0.7770   | 0.4862  , 0.5138   |           
108    | 2.7539     | 0.5000     | 1.1121       | 1.1418       | 0.9750     | 0.6683       | 0.8110   | 0.4858  , 0.5142   |           
109    | 2.7239     | 0.4629     | 1.1248       | 1.1362       | 0.9323     | 0.6019       | 0.7999   | 0.5271  , 0.4729   |           
110    | 2.7305     | 0.4762     | 1.1348       | 1.1195       | 0.9667     | 0.6272       | 0.8386   | 0.5066  , 0.4934   |           
111    | 2.7090     | 0.4668     | 1.1304       | 1.1117       | 0.9802     | 0.6239       | 0.7862   | 0.5026  , 0.4974   | (ADV 0.67)
112    | 2.6820     | 0.4442     | 1.1028       | 1.1351       | 0.9729     | 0.6461       | 0.7724   | 0.5124  , 0.4876   |           
113    | 2.7297     | 0.4653     | 1.1183       | 1.1460       | 0.9594     | 0.6270       | 0.7898   | 0.4749  , 0.5251   |           
114    | 2.7581     | 0.4642     | 1.1301       | 1.1637       | 0.9760     | 0.6298       | 0.7983   | 0.5064  , 0.4936   |           
115    | 2.7376     | 0.4789     | 1.1171       | 1.1416       | 0.9667     | 0.6485       | 0.7840   | 0.5039  , 0.4961   |           
116    | 2.7853     | 0.4871     | 1.1360       | 1.1623       | 0.9646     | 0.6320       | 0.7659   | 0.5077  , 0.4923   |           
117    | 2.6932     | 0.4311     | 1.1321       | 1.1300       | 0.9729     | 0.6561       | 0.7931   | 0.4991  , 0.5009   |           
118    | 2.8481     | 0.5182     | 1.1447       | 1.1851       | 0.9781     | 0.6431       | 0.7735   | 0.5029  , 0.4971   |           
119    | 2.7507     | 0.4609     | 1.1471       | 1.1427       | 0.9698     | 0.6949       | 0.8389   | 0.4863  , 0.5137   |           
120    | 2.7805     | 0.4730     | 1.1476       | 1.1600       | 0.9781     | 0.6881       | 0.8038   | 0.4883  , 0.5117   |           
121    | 2.7771     | 0.4780     | 1.1516       | 1.1475       | 0.9646     | 0.6837       | 0.8363   | 0.4906  , 0.5094   |           
122    | 2.7621     | 0.4622     | 1.1450       | 1.1549       | 0.9802     | 0.6619       | 0.8320   | 0.4786  , 0.5214   |           
123    | 2.7669     | 0.4641     | 1.1443       | 1.1585       | 0.9750     | 0.6428       | 0.8375   | 0.5076  , 0.4924   |           
124    | 2.7523     | 0.4586     | 1.1415       | 1.1522       | 0.9781     | 0.6191       | 0.8116   | 0.4999  , 0.5001   | (ADV 0.67)
125    | 2.7811     | 0.4741     | 1.1532       | 1.1538       | 0.9792     | 0.6180       | 0.8153   | 0.5271  , 0.4729   | (ADV 0.67)
126    | 2.7594     | 0.4704     | 1.1484       | 1.1407       | 0.9865     | 0.6210       | 0.8277   | 0.4894  , 0.5106   | (ADV 0.68)
127    | 2.7400     | 0.4396     | 1.1541       | 1.1463       | 0.9760     | 0.6203       | 0.8101   | 0.5183  , 0.4817   |           
128    | 2.7971     | 0.4804     | 1.1733       | 1.1434       | 0.9760     | 0.6268       | 0.7950   | 0.5001  , 0.4999   |           
129    | 2.8092     | 0.4889     | 1.1592       | 1.1611       | 0.9740     | 0.6640       | 0.9127   | 0.5250  , 0.4750   |           
130    | 2.7662     | 0.4526     | 1.1546       | 1.1589       | 0.9771     | 0.6289       | 0.7937   | 0.5090  , 0.4910   |           
131    | 2.7945     | 0.4553     | 1.1747       | 1.1645       | 0.9812     | 0.6411       | 0.8199   | 0.4949  , 0.5051   |           
132    | 2.7174     | 0.4222     | 1.1405       | 1.1547       | 0.9760     | 0.6255       | 0.7774   | 0.4940  , 0.5060   |           
133    | 2.7529     | 0.4451     | 1.1498       | 1.1580       | 0.9792     | 0.6537       | 0.8157   | 0.5204  , 0.4796   |           
134    | 2.8027     | 0.4716     | 1.1684       | 1.1627       | 0.9542     | 0.6201       | 0.8514   | 0.5124  , 0.4876   |           
135    | 2.8000     | 0.4764     | 1.1574       | 1.1662       | 0.9521     | 0.6116       | 0.8444   | 0.4814  , 0.5186   |           
136    | 2.7655     | 0.4459     | 1.1548       | 1.1647       | 0.9781     | 0.6329       | 0.7852   | 0.5176  , 0.4824   |           
137    | 2.8307     | 0.4655     | 1.1837       | 1.1815       | 0.9719     | 0.5705       | 0.7849   | 0.5000  , 0.5000   | (ADV 0.69)
138    | 2.7823     | 0.4561     | 1.1695       | 1.1567       | 0.9792     | 0.6422       | 0.8119   | 0.4837  , 0.5163   |           
139    | 2.7993     | 0.4591     | 1.1743       | 1.1659       | 0.9750     | 0.5801       | 0.7570   | 0.5088  , 0.4912   |           
140    | 2.7881     | 0.4526     | 1.1778       | 1.1577       | 0.9740     | 0.5795       | 0.7522   | 0.5179  , 0.4821   |           
141    | 2.7999     | 0.4431     | 1.1833       | 1.1736       | 0.9802     | 0.5538       | 0.8427   | 0.5305  , 0.4695   | (ADV 0.70)
142    | 2.7533     | 0.4352     | 1.1606       | 1.1575       | 0.9688     | 0.6159       | 0.8202   | 0.5103  , 0.4897   |           
143    | 2.8448     | 0.4723     | 1.1932       | 1.1793       | 0.9719     | 0.5985       | 0.8089   | 0.5005  , 0.4995   |           
144    | 2.8350     | 0.4829     | 1.1816       | 1.1705       | 0.9812     | 0.5681       | 0.8149   | 0.5113  , 0.4887   |           
145    | 2.7876     | 0.4561     | 1.1702       | 1.1614       | 0.9708     | 0.5374       | 0.7485   | 0.5092  , 0.4908   |           
146    | 2.8053     | 0.4469     | 1.1858       | 1.1725       | 0.9760     | 0.5604       | 0.7658   | 0.5058  , 0.4942   |           
147    | 2.8465     | 0.4776     | 1.1788       | 1.1901       | 0.9729     | 0.5447       | 0.7366   | 0.5202  , 0.4798   |           
148    | 2.8003     | 0.4306     | 1.1830       | 1.1868       | 0.9802     | 0.5365       | 0.7688   | 0.4940  , 0.5060   | (ADV 0.71)
149    | 2.8218     | 0.4573     | 1.1887       | 1.1759       | 0.9573     | 0.5490       | 0.8275   | 0.4963  , 0.5037   |           
150    | 2.8484     | 0.4778     | 1.1902       | 1.1804       | 0.9760     | 0.5740       | 0.8019   | 0.5128  , 0.4872   |           
151    | 2.8600     | 0.4814     | 1.1892       | 1.1894       | 0.9646     | 0.5772       | 0.8394   | 0.5336  , 0.4664   |           
152    | 2.8178     | 0.4408     | 1.1896       | 1.1875       | 0.9729     | 0.5768       | 0.8027   | 0.5188  , 0.4812   |           
153    | 2.9161     | 0.5083     | 1.2166       | 1.1912       | 0.9667     | 0.5591       | 0.8314   | 0.4967  , 0.5033   |           
154    | 2.8469     | 0.4637     | 1.1962       | 1.1870       | 0.9698     | 0.5726       | 0.8314   | 0.5165  , 0.4835   |           
155    | 2.8876     | 0.4711     | 1.2070       | 1.2095       | 0.9760     | 0.5335       | 0.7988   | 0.5239  , 0.4761   |           
156    | 2.8535     | 0.4620     | 1.2078       | 1.1837       | 0.9688     | 0.5659       | 0.7960   | 0.4963  , 0.5037   |           
157    | 2.8758     | 0.4745     | 1.1893       | 1.2120       | 0.9802     | 0.6063       | 0.7963   | 0.4846  , 0.5154   |           
158    | 2.8389     | 0.4609     | 1.1832       | 1.1948       | 0.9729     | 0.5872       | 0.8199   | 0.4873  , 0.5127   |           
159    | 2.8677     | 0.4645     | 1.2041       | 1.1991       | 0.9698     | 0.5991       | 0.8617   | 0.4862  , 0.5138   |           
160    | 2.8263     | 0.4679     | 1.1808       | 1.1776       | 0.9771     | 0.5452       | 0.8369   | 0.4662  , 0.5338   |           
161    | 2.8354     | 0.4750     | 1.1755       | 1.1850       | 0.9677     | 0.5502       | 0.8559   | 0.4925  , 0.5075   |           
162    | 2.8411     | 0.4611     | 1.1879       | 1.1921       | 0.9781     | 0.5087       | 0.8152   | 0.4939  , 0.5061   | (ADV 0.72)
163    | 2.8115     | 0.4383     | 1.1847       | 1.1885       | 0.9792     | 0.5200       | 0.8324   | 0.4937  , 0.5063   |           
164    | 2.8158     | 0.4330     | 1.1959       | 1.1869       | 0.9646     | 0.5113       | 0.8528   | 0.5232  , 0.4768   |           
165    | 2.8093     | 0.4171     | 1.1937       | 1.1984       | 0.9781     | 0.5169       | 0.8197   | 0.5026  , 0.4974   |           
166    | 2.8143     | 0.4218     | 1.1953       | 1.1973       | 0.9792     | 0.5250       | 0.8806   | 0.4988  , 0.5012   |           
167    | 2.9122     | 0.4950     | 1.2124       | 1.2048       | 0.9740     | 0.5207       | 0.8250   | 0.4924  , 0.5076   |           
168    | 2.8521     | 0.4294     | 1.2016       | 1.2211       | 0.9802     | 0.5216       | 0.8267   | 0.5073  , 0.4927   |           
169    | 2.8573     | 0.4491     | 1.2017       | 1.2065       | 0.9792     | 0.5853       | 0.8519   | 0.4857  , 0.5143   |           
170    | 2.8953     | 0.4766     | 1.1963       | 1.2224       | 0.9740     | 0.5861       | 0.7785   | 0.5140  , 0.4860   |           
171    | 2.8675     | 0.4455     | 1.1879       | 1.2341       | 0.9750     | 0.5471       | 0.8356   | 0.4966  , 0.5034   |           
172    | 2.8856     | 0.4460     | 1.2160       | 1.2236       | 0.9677     | 0.5317       | 0.8132   | 0.5135  , 0.4865   |           
173    | 2.8696     | 0.4400     | 1.2062       | 1.2234       | 0.9719     | 0.5268       | 0.8344   | 0.5324  , 0.4676   |           
174    | 2.8859     | 0.4410     | 1.2304       | 1.2146       | 0.9708     | 0.5153       | 0.8352   | 0.5111  , 0.4889   |           
175    | 2.9050     | 0.4632     | 1.2143       | 1.2275       | 0.9656     | 0.5256       | 0.8444   | 0.4843  , 0.5157   |           
176    | 2.8740     | 0.4271     | 1.2270       | 1.2199       | 0.9719     | 0.5142       | 0.7717   | 0.4976  , 0.5024   |           
177    | 2.8550     | 0.4201     | 1.2145       | 1.2204       | 0.9750     | 0.4959       | 0.7931   | 0.4964  , 0.5036   | (ADV 0.73)
178    | 2.8396     | 0.4236     | 1.2057       | 1.2104       | 0.9750     | 0.5032       | 0.7612   | 0.5012  , 0.4988   |           
179    | 2.8424     | 0.4249     | 1.2124       | 1.2051       | 0.9740     | 0.5014       | 0.8020   | 0.4975  , 0.5025   |           
180    | 2.9017     | 0.4534     | 1.2234       | 1.2249       | 0.9719     | 0.5527       | 0.8414   | 0.4873  , 0.5127   |           
181    | 2.8838     | 0.4482     | 1.2146       | 1.2210       | 0.9771     | 0.5235       | 0.7814   | 0.5038  , 0.4962   |           
182    | 2.8824     | 0.4374     | 1.2194       | 1.2256       | 0.9771     | 0.5041       | 0.7743   | 0.5069  , 0.4931   |           
183    | 2.8445     | 0.4218     | 1.2130       | 1.2097       | 0.9750     | 0.5130       | 0.7844   | 0.5129  , 0.4871   |           
184    | 2.8622     | 0.4223     | 1.2221       | 1.2178       | 0.9688     | 0.4758       | 0.8545   | 0.5029  , 0.4971   | (ADV 0.73)
185    | 2.8482     | 0.4199     | 1.2200       | 1.2083       | 0.9719     | 0.4973       | 0.7877   | 0.5081  , 0.4919   |           
186    | 2.8248     | 0.4072     | 1.1985       | 1.2190       | 0.9844     | 0.4785       | 0.8003   | 0.5047  , 0.4953   | (ADV 0.75)
187    | 2.8637     | 0.4367     | 1.2125       | 1.2145       | 0.9719     | 0.5311       | 0.8239   | 0.4988  , 0.5012   |           
188    | 2.8382     | 0.3995     | 1.2138       | 1.2249       | 0.9750     | 0.5184       | 0.7592   | 0.5066  , 0.4934   |           
189    | 2.8691     | 0.4245     | 1.2126       | 1.2320       | 0.9740     | 0.5183       | 0.7714   | 0.4836  , 0.5164   |           
190    | 2.9017     | 0.4493     | 1.2141       | 1.2383       | 0.9750     | 0.4987       | 0.7460   | 0.5326  , 0.4674   |           
191    | 2.8948     | 0.4177     | 1.2164       | 1.2606       | 0.9667     | 0.4839       | 0.7846   | 0.5253  , 0.4747   |           
192    | 2.8726     | 0.4259     | 1.2014       | 1.2452       | 0.9760     | 0.5046       | 0.7787   | 0.5076  , 0.4924   |           
193    | 2.8827     | 0.4341     | 1.2051       | 1.2435       | 0.9719     | 0.4967       | 0.7890   | 0.5185  , 0.4815   |           
194    | 2.8562     | 0.4254     | 1.2121       | 1.2187       | 0.9740     | 0.4926       | 0.7743   | 0.5154  , 0.4846   |           
195    | 2.8719     | 0.4348     | 1.2134       | 1.2238       | 0.9740     | 0.5324       | 0.7943   | 0.5059  , 0.4941   |           
196    | 2.8701     | 0.4235     | 1.2200       | 1.2266       | 0.9740     | 0.4811       | 0.7935   | 0.5240  , 0.4760   |           
197    | 2.8761     | 0.4265     | 1.2138       | 1.2358       | 0.9802     | 0.4919       | 0.7904   | 0.4927  , 0.5073   |           
198    | 2.8540     | 0.4139     | 1.2142       | 1.2260       | 0.9740     | 0.4963       | 0.8111   | 0.5131  , 0.4869   |           
199    | 2.8429     | 0.4044     | 1.2177       | 1.2208       | 0.9771     | 0.4465       | 0.7708   | 0.5117  , 0.4883   | (ADV 0.75)
200    | 2.8233     | 0.3911     | 1.2090       | 1.2231       | 0.9698     | 0.5138       | 0.7744   | 0.4816  , 0.5184   |           
201    | 2.8476     | 0.4148     | 1.2126       | 1.2202       | 0.9750     | 0.4592       | 0.7972   | 0.5101  , 0.4899   |           
202    | 2.8716     | 0.4314     | 1.2208       | 1.2194       | 0.9771     | 0.4631       | 0.8072   | 0.4808  , 0.5192   |           
203    | 2.8815     | 0.4257     | 1.2266       | 1.2291       | 0.9812     | 0.4548       | 0.8189   | 0.5161  , 0.4839   | (ADV 0.75)
204    | 2.8451     | 0.3996     | 1.2187       | 1.2267       | 0.9771     | 0.4999       | 0.7653   | 0.4812  , 0.5188   |           
205    | 2.8301     | 0.3971     | 1.2185       | 1.2144       | 0.9792     | 0.4619       | 0.7381   | 0.4905  , 0.5095   |           
206    | 2.9170     | 0.4767     | 1.2221       | 1.2182       | 0.9740     | 0.4924       | 0.7932   | 0.4815  , 0.5185   |           
207    | 2.8482     | 0.4106     | 1.2157       | 1.2219       | 0.9677     | 0.5060       | 0.7865   | 0.5070  , 0.4930   |           
208    | 2.8570     | 0.4131     | 1.2240       | 1.2199       | 0.9760     | 0.5172       | 0.7758   | 0.4832  , 0.5168   |           
209    | 2.8948     | 0.4306     | 1.2267       | 1.2375       | 0.9781     | 0.4937       | 0.7707   | 0.4885  , 0.5115   |           
210    | 2.8562     | 0.4064     | 1.2178       | 1.2320       | 0.9771     | 0.4900       | 0.7875   | 0.4720  , 0.5280   |           
211    | 2.8686     | 0.4207     | 1.2331       | 1.2148       | 0.9792     | 0.4458       | 0.7864   | 0.4904  , 0.5096   | (ADV 0.76)
212    | 2.8778     | 0.4319     | 1.2221       | 1.2238       | 0.9667     | 0.5038       | 0.7085   | 0.5020  , 0.4980   |           
213    | 2.8914     | 0.4439     | 1.2236       | 1.2239       | 0.9708     | 0.5374       | 0.8236   | 0.5114  , 0.4886   |           
214    | 2.8469     | 0.4172     | 1.2163       | 1.2134       | 0.9750     | 0.4962       | 0.8372   | 0.5222  , 0.4778   |           
215    | 2.8298     | 0.3998     | 1.2151       | 1.2149       | 0.9708     | 0.5151       | 0.8803   | 0.4744  , 0.5256   |           
216    | 2.9239     | 0.4606     | 1.2318       | 1.2315       | 0.9812     | 0.4847       | 0.7677   | 0.5057  , 0.4943   |           
217    | 2.8612     | 0.4263     | 1.2267       | 1.2083       | 0.9688     | 0.4880       | 0.8325   | 0.5226  , 0.4774   |           
218    | 2.8549     | 0.4255     | 1.2205       | 1.2089       | 0.9812     | 0.4780       | 0.7368   | 0.4844  , 0.5156   |           
219    | 2.8778     | 0.4262     | 1.2334       | 1.2182       | 0.9760     | 0.4565       | 0.7709   | 0.5158  , 0.4842   |           
220    | 2.8401     | 0.4030     | 1.2313       | 1.2058       | 0.9719     | 0.4776       | 0.7480   | 0.5013  , 0.4987   |           
221    | 2.8531     | 0.4086     | 1.2284       | 1.2161       | 0.9729     | 0.4688       | 0.8001   | 0.4955  , 0.5045   |           
222    | 2.8774     | 0.4212     | 1.2356       | 1.2206       | 0.9729     | 0.4525       | 0.7612   | 0.5043  , 0.4957   |           
223    | 2.8718     | 0.4184     | 1.2272       | 1.2262       | 0.9781     | 0.4801       | 0.7526   | 0.4941  , 0.5059   |           
224    | 2.8940     | 0.4179     | 1.2471       | 1.2290       | 0.9688     | 0.4224       | 0.7534   | 0.4957  , 0.5043   | (ADV 0.76)
225    | 2.8415     | 0.3785     | 1.2337       | 1.2293       | 0.9719     | 0.4767       | 0.8041   | 0.5054  , 0.4946   |           
226    | 2.8608     | 0.3980     | 1.2275       | 1.2353       | 0.9688     | 0.4538       | 0.8573   | 0.4912  , 0.5088   |           
227    | 2.9303     | 0.4443     | 1.2432       | 1.2428       | 0.9677     | 0.4735       | 0.7668   | 0.5134  , 0.4866   |           
228    | 2.8710     | 0.4089     | 1.2366       | 1.2254       | 0.9719     | 0.4408       | 0.7354   | 0.5114  , 0.4886   |           
229    | 2.8964     | 0.4253     | 1.2403       | 1.2308       | 0.9771     | 0.4274       | 0.7596   | 0.5005  , 0.4995   | (ADV 0.76)
230    | 2.8432     | 0.4033     | 1.2403       | 1.1997       | 0.9688     | 0.4836       | 0.8339   | 0.5047  , 0.4953   |           
231    | 2.8165     | 0.3841     | 1.2371       | 1.1953       | 0.9771     | 0.4645       | 0.8121   | 0.5293  , 0.4707   |           
232    | 2.8984     | 0.4233     | 1.2448       | 1.2303       | 0.9792     | 0.4362       | 0.7873   | 0.5244  , 0.4756   |           
233    | 2.8465     | 0.4011     | 1.2265       | 1.2188       | 0.9781     | 0.4714       | 0.7297   | 0.5155  , 0.4845   |           
234    | 2.8461     | 0.3899     | 1.2356       | 1.2207       | 0.9781     | 0.4778       | 0.7786   | 0.4918  , 0.5082   |           
235    | 2.8891     | 0.4188     | 1.2401       | 1.2302       | 0.9719     | 0.4769       | 0.7531   | 0.4956  , 0.5044   |           
236    | 2.8708     | 0.3953     | 1.2474       | 1.2281       | 0.9719     | 0.4311       | 0.7581   | 0.5069  , 0.4931   |           
237    | 2.8762     | 0.3981     | 1.2549       | 1.2232       | 0.9719     | 0.4750       | 0.8610   | 0.4828  , 0.5172   |           
238    | 2.8790     | 0.4113     | 1.2490       | 1.2187       | 0.9750     | 0.4457       | 0.7672   | 0.5078  , 0.4922   |           
239    | 2.9091     | 0.4148     | 1.2590       | 1.2353       | 0.9760     | 0.4578       | 0.8019   | 0.4881  , 0.5119   |           
240    | 2.8546     | 0.3872     | 1.2394       | 1.2280       | 0.9625     | 0.4565       | 0.7276   | 0.4960  , 0.5040   |           
241    | 2.8837     | 0.4273     | 1.2342       | 1.2223       | 0.9750     | 0.4499       | 0.7939   | 0.4895  , 0.5105   |           
242    | 2.8244     | 0.3822     | 1.2287       | 1.2135       | 0.9792     | 0.4354       | 0.7269   | 0.5092  , 0.4908   |           
243    | 2.8508     | 0.3948     | 1.2391       | 1.2169       | 0.9719     | 0.4262       | 0.7500   | 0.5160  , 0.4840   |           
244    | 2.8616     | 0.3798     | 1.2561       | 1.2257       | 0.9750     | 0.4158       | 0.7588   | 0.4957  , 0.5043   | (ADV 0.77)
245    | 2.8947     | 0.4104     | 1.2524       | 1.2319       | 0.9750     | 0.4190       | 0.7697   | 0.5155  , 0.4845   |           
246    | 2.8845     | 0.4018     | 1.2435       | 1.2392       | 0.9771     | 0.4395       | 0.7638   | 0.5048  , 0.4952   |           
247    | 2.8948     | 0.4249     | 1.2398       | 1.2300       | 0.9771     | 0.4169       | 0.7113   | 0.5199  , 0.4801   | (ADV 0.77)
248    | 2.8060     | 0.3728     | 1.2293       | 1.2039       | 0.9708     | 0.3828       | 0.7611   | 0.5192  , 0.4808   | (ADV 0.78)
249    | 2.8778     | 0.4110     | 1.2438       | 1.2231       | 0.9771     | 0.4616       | 0.7494   | 0.4970  , 0.5030   |           
250    | 2.8882     | 0.3969     | 1.2552       | 1.2360       | 0.9740     | 0.4458       | 0.7744   | 0.5084  , 0.4916   |           
251    | 2.8956     | 0.4177     | 1.2414       | 1.2365       | 0.9719     | 0.3915       | 0.7243   | 0.5312  , 0.4688   |           
252    | 2.8767     | 0.4194     | 1.2303       | 1.2270       | 0.9688     | 0.4356       | 0.7597   | 0.5335  , 0.4665   |           
253    | 2.8922     | 0.4096     | 1.2474       | 1.2352       | 0.9740     | 0.4345       | 0.7659   | 0.5003  , 0.4997   |           
254    | 2.8904     | 0.4176     | 1.2384       | 1.2344       | 0.9750     | 0.4458       | 0.7577   | 0.5304  , 0.4696   |           
255    | 2.9144     | 0.4328     | 1.2529       | 1.2287       | 0.9688     | 0.3782       | 0.7203   | 0.5264  , 0.4736   | (ADV 0.78)
256    | 2.8617     | 0.3800     | 1.2527       | 1.2290       | 0.9740     | 0.4070       | 0.7690   | 0.5085  , 0.4915   |           
257    | 2.9280     | 0.4278     | 1.2535       | 1.2467       | 0.9708     | 0.4452       | 0.7493   | 0.5201  , 0.4799   |           
258    | 2.8797     | 0.3915     | 1.2502       | 1.2381       | 0.9760     | 0.3909       | 0.7745   | 0.5008  , 0.4992   | (ADV 0.78)
259    | 2.8649     | 0.3874     | 1.2423       | 1.2352       | 0.9708     | 0.4171       | 0.7721   | 0.5005  , 0.4995   |           
260    | 2.9136     | 0.4162     | 1.2484       | 1.2490       | 0.9760     | 0.4523       | 0.7817   | 0.4991  , 0.5009   |           
261    | 2.9240     | 0.4301     | 1.2442       | 1.2497       | 0.9635     | 0.4690       | 0.7223   | 0.5127  , 0.4873   |           
262    | 2.8907     | 0.4070     | 1.2456       | 1.2381       | 0.9781     | 0.4574       | 0.7549   | 0.4982  , 0.5018   |           
263    | 2.9081     | 0.4083     | 1.2668       | 1.2331       | 0.9719     | 0.4595       | 0.7416   | 0.5015  , 0.4985   |           
264    | 2.8869     | 0.3976     | 1.2644       | 1.2249       | 0.9771     | 0.4293       | 0.7934   | 0.5114  , 0.4886   |           
265    | 2.8925     | 0.4090     | 1.2515       | 1.2320       | 0.9688     | 0.4746       | 0.8148   | 0.5262  , 0.4738   |           
266    | 2.8983     | 0.4045     | 1.2449       | 1.2488       | 0.9688     | 0.4278       | 0.7139   | 0.5128  , 0.4872   |           
267    | 2.8932     | 0.3943     | 1.2541       | 1.2447       | 0.9823     | 0.4105       | 0.7719   | 0.5025  , 0.4975   |           
268    | 2.8636     | 0.3924     | 1.2405       | 1.2308       | 0.9760     | 0.4204       | 0.7425   | 0.4904  , 0.5096   |           
269    | 2.8470     | 0.3695     | 1.2432       | 1.2343       | 0.9437     | 0.4667       | 0.7439   | 0.5241  , 0.4759   |           
270    | 2.9340     | 0.4250     | 1.2683       | 1.2407       | 0.9781     | 0.4092       | 0.7181   | 0.4997  , 0.5003   |           
271    | 2.9118     | 0.4032     | 1.2594       | 1.2492       | 0.9677     | 0.4368       | 0.7702   | 0.5058  , 0.4942   |           
272    | 2.8582     | 0.3748     | 1.2480       | 1.2354       | 0.9812     | 0.4286       | 0.7594   | 0.5026  , 0.4974   |           
273    | 2.8998     | 0.4081     | 1.2604       | 1.2312       | 0.9635     | 0.3961       | 0.7229   | 0.5082  , 0.4918   |           
274    | 2.9279     | 0.4092     | 1.2656       | 1.2532       | 0.9698     | 0.4221       | 0.7223   | 0.5198  , 0.4802   |           
275    | 2.8788     | 0.3844     | 1.2573       | 1.2371       | 0.9740     | 0.4287       | 0.7537   | 0.5165  , 0.4835   |           
276    | 2.9750     | 0.4500     | 1.2766       | 1.2485       | 0.9760     | 0.4025       | 0.7066   | 0.5082  , 0.4918   |           
277    | 2.9335     | 0.4356     | 1.2597       | 1.2382       | 0.9719     | 0.4336       | 0.6939   | 0.5120  , 0.4880   |           
278    | 2.8903     | 0.3917     | 1.2555       | 1.2430       | 0.9740     | 0.4319       | 0.7564   | 0.5199  , 0.4801   |           
279    | 2.8636     | 0.3897     | 1.2466       | 1.2273       | 0.9750     | 0.4171       | 0.7787   | 0.5029  , 0.4971   |           
280    | 2.8350     | 0.3582     | 1.2434       | 1.2334       | 0.9688     | 0.4091       | 0.7328   | 0.5400  , 0.4600   |           
281    | 2.8818     | 0.3954     | 1.2528       | 1.2336       | 0.9740     | 0.4588       | 0.8070   | 0.5004  , 0.4996   |           
282    | 2.8758     | 0.3793     | 1.2512       | 1.2453       | 0.9740     | 0.4224       | 0.7399   | 0.5282  , 0.4718   |           
283    | 2.8994     | 0.3952     | 1.2677       | 1.2365       | 0.9750     | 0.4368       | 0.7784   | 0.5421  , 0.4579   |           
284    | 2.8676     | 0.3762     | 1.2629       | 1.2285       | 0.9698     | 0.4466       | 0.8088   | 0.5131  , 0.4869   |           
285    | 2.9097     | 0.4073     | 1.2675       | 1.2349       | 0.9729     | 0.3986       | 0.8013   | 0.5220  , 0.4780   |           
286    | 2.8580     | 0.3755     | 1.2413       | 1.2412       | 0.9719     | 0.4470       | 0.7584   | 0.5035  , 0.4965   |           
287    | 2.8676     | 0.3701     | 1.2561       | 1.2415       | 0.9510     | 0.4160       | 0.6981   | 0.5264  , 0.4736   |           
288    | 2.8494     | 0.3840     | 1.2536       | 1.2118       | 0.9792     | 0.4229       | 0.8264   | 0.5154  , 0.4846   |           
289    | 2.8544     | 0.3606     | 1.2582       | 1.2356       | 0.9781     | 0.3911       | 0.7491   | 0.5188  , 0.4812   | (ADV 0.78)
290    | 2.8960     | 0.3984     | 1.2569       | 1.2407       | 0.9781     | 0.4018       | 0.7861   | 0.5234  , 0.4766   |           
291    | 2.9057     | 0.3964     | 1.2448       | 1.2645       | 0.9698     | 0.4059       | 0.7557   | 0.5372  , 0.4628   |           
292    | 2.8932     | 0.4089     | 1.2518       | 1.2326       | 0.9708     | 0.3910       | 0.7363   | 0.5183  , 0.4817   |           
293    | 2.8412     | 0.3681     | 1.2391       | 1.2340       | 0.9740     | 0.4189       | 0.7207   | 0.5234  , 0.4766   |           
294    | 2.9070     | 0.4039     | 1.2543       | 1.2488       | 0.9760     | 0.4298       | 0.7945   | 0.5124  , 0.4876   |           
295    | 2.8288     | 0.3444     | 1.2510       | 1.2334       | 0.9729     | 0.4295       | 0.7797   | 0.5138  , 0.4862   |           
296    | 2.9166     | 0.4169     | 1.2631       | 1.2365       | 0.9792     | 0.4048       | 0.7074   | 0.5122  , 0.4878   |           
297    | 2.8615     | 0.3626     | 1.2588       | 1.2401       | 0.9708     | 0.4294       | 0.6999   | 0.5287  , 0.4713   |           
298    | 2.8716     | 0.3787     | 1.2601       | 1.2328       | 0.9771     | 0.4043       | 0.8106   | 0.5257  , 0.4743   |           
299    | 2.8593     | 0.3834     | 1.2448       | 1.2311       | 0.9771     | 0.3974       | 0.7726   | 0.4859  , 0.5141   |           
300    | 2.9169     | 0.4156     | 1.2591       | 1.2422       | 0.9667     | 0.3885       | 0.7610   | 0.5269  , 0.4731   |           
301    | 2.8801     | 0.3792     | 1.2482       | 1.2527       | 0.9792     | 0.3634       | 0.7382   | 0.5181  , 0.4819   | (ADV 0.80)
302    | 2.8832     | 0.3746     | 1.2635       | 1.2451       | 0.9729     | 0.3729       | 0.7486   | 0.5071  , 0.4929   |           
303    | 2.9357     | 0.4203     | 1.2668       | 1.2486       | 0.9729     | 0.3894       | 0.7691   | 0.5010  , 0.4990   |           
304    | 2.8368     | 0.3395     | 1.2543       | 1.2430       | 0.9719     | 0.3868       | 0.7251   | 0.5139  , 0.4861   |           
305    | 2.8686     | 0.3685     | 1.2591       | 1.2411       | 0.9792     | 0.3879       | 0.7604   | 0.5078  , 0.4922   |           
306    | 2.8888     | 0.3783     | 1.2627       | 1.2479       | 0.9677     | 0.3954       | 0.7177   | 0.5072  , 0.4928   |           
307    | 2.9284     | 0.4185     | 1.2676       | 1.2423       | 0.9729     | 0.4004       | 0.7508   | 0.5119  , 0.4881   |           
308    | 2.8827     | 0.3816     | 1.2710       | 1.2300       | 0.9792     | 0.4125       | 0.7087   | 0.5074  , 0.4926   |           
309    | 2.8627     | 0.3781     | 1.2547       | 1.2299       | 0.9552     | 0.4325       | 0.7515   | 0.5131  , 0.4869   |           
310    | 2.8826     | 0.3744     | 1.2708       | 1.2374       | 0.9656     | 0.3947       | 0.7547   | 0.5214  , 0.4786   |           
311    | 2.8955     | 0.3909     | 1.2682       | 1.2363       | 0.9760     | 0.4052       | 0.7290   | 0.5042  , 0.4958   |           
312    | 2.8899     | 0.3630     | 1.2919       | 1.2350       | 0.9677     | 0.4127       | 0.7800   | 0.4978  , 0.5022   |           
313    | 2.8778     | 0.3657     | 1.2689       | 1.2431       | 0.9740     | 0.4332       | 0.7524   | 0.4879  , 0.5121   |           
314    | 2.9202     | 0.3955     | 1.2688       | 1.2559       | 0.9656     | 0.4235       | 0.7772   | 0.5057  , 0.4943   |           
315    | 2.9293     | 0.4006     | 1.2821       | 1.2466       | 0.9604     | 0.4122       | 0.7457   | 0.5392  , 0.4608   |           
316    | 2.9041     | 0.4091     | 1.2676       | 1.2274       | 0.9604     | 0.4200       | 0.7128   | 0.5158  , 0.4842   |           
317    | 2.8582     | 0.3730     | 1.2612       | 1.2240       | 0.9688     | 0.4088       | 0.7721   | 0.5304  , 0.4696   |           
318    | 2.8634     | 0.3751     | 1.2678       | 1.2205       | 0.9750     | 0.4370       | 0.7309   | 0.5334  , 0.4666   |           
319    | 2.8749     | 0.3579     | 1.2725       | 1.2446       | 0.9698     | 0.4322       | 0.7401   | 0.5249  , 0.4751   |           
320    | 2.8879     | 0.3805     | 1.2716       | 1.2358       | 0.9708     | 0.3994       | 0.7552   | 0.5158  , 0.4842   |           
321    | 2.9070     | 0.3836     | 1.2744       | 1.2491       | 0.9583     | 0.4207       | 0.7519   | 0.5129  , 0.4871   |           
322    | 2.9126     | 0.3933     | 1.2709       | 1.2484       | 0.9760     | 0.4239       | 0.7587   | 0.5104  , 0.4896   |           
323    | 2.9105     | 0.3989     | 1.2688       | 1.2427       | 0.9708     | 0.4562       | 0.7916   | 0.5083  , 0.4917   |           
324    | 2.8904     | 0.3843     | 1.2692       | 1.2369       | 0.9792     | 0.4274       | 0.7499   | 0.5095  , 0.4905   |           
325    | 2.9095     | 0.3868     | 1.2771       | 1.2456       | 0.9667     | 0.4064       | 0.7925   | 0.5016  , 0.4984   |           
326    | 2.8999     | 0.3947     | 1.2613       | 1.2439       | 0.9656     | 0.4330       | 0.7937   | 0.5151  , 0.4849   |           
327    | 2.8694     | 0.3506     | 1.2642       | 1.2547       | 0.9625     | 0.4137       | 0.7980   | 0.5513  , 0.4487   |           
328    | 2.8828     | 0.3769     | 1.2687       | 1.2372       | 0.9760     | 0.4422       | 0.7389   | 0.4988  , 0.5012   |           
329    | 2.8526     | 0.3379     | 1.2692       | 1.2455       | 0.9708     | 0.4166       | 0.7576   | 0.5292  , 0.4708   |           
330    | 2.9277     | 0.4046     | 1.2721       | 1.2509       | 0.9635     | 0.4308       | 0.7869   | 0.5188  , 0.4812   |           
331    | 2.9182     | 0.3957     | 1.2771       | 1.2454       | 0.9656     | 0.4099       | 0.7532   | 0.5422  , 0.4578   |           
332    | 2.8884     | 0.3803     | 1.2595       | 1.2485       | 0.9740     | 0.4186       | 0.7507   | 0.5426  , 0.4574   |           
333    | 2.9255     | 0.4009     | 1.2738       | 1.2508       | 0.9708     | 0.4366       | 0.7299   | 0.5479  , 0.4521   |           
334    | 2.9246     | 0.3908     | 1.2776       | 1.2562       | 0.9781     | 0.4051       | 0.7370   | 0.5357  , 0.4643   |           
335    | 2.9003     | 0.3686     | 1.2745       | 1.2573       | 0.9708     | 0.4067       | 0.7132   | 0.5436  , 0.4564   |           
336    | 2.9154     | 0.4073     | 1.2703       | 1.2378       | 0.9677     | 0.4260       | 0.8183   | 0.5332  , 0.4668   |           
337    | 2.8811     | 0.3683     | 1.2713       | 1.2415       | 0.9719     | 0.4206       | 0.7155   | 0.5351  , 0.4649   |           
338    | 2.8959     | 0.3778     | 1.2833       | 1.2349       | 0.9760     | 0.4288       | 0.7797   | 0.5329  , 0.4671   |           
339    | 2.9122     | 0.3884     | 1.2750       | 1.2488       | 0.9729     | 0.4196       | 0.8081   | 0.5195  , 0.4805   |           
340    | 2.8818     | 0.3813     | 1.2720       | 1.2286       | 0.9688     | 0.4095       | 0.7653   | 0.5162  , 0.4838   |           
341    | 2.9324     | 0.4129     | 1.2760       | 1.2434       | 0.9760     | 0.3765       | 0.7285   | 0.5331  , 0.4669   |           
342    | 2.9288     | 0.3978     | 1.2723       | 1.2588       | 0.9740     | 0.4100       | 0.7137   | 0.5169  , 0.4831   |           
343    | 2.8610     | 0.3647     | 1.2627       | 1.2336       | 0.9698     | 0.3939       | 0.7232   | 0.5438  , 0.4562   |           
344    | 2.8484     | 0.3314     | 1.2697       | 1.2472       | 0.9667     | 0.4181       | 0.8048   | 0.5248  , 0.4752   |           
345    | 2.8902     | 0.3693     | 1.2800       | 1.2409       | 0.9552     | 0.4039       | 0.7380   | 0.5409  , 0.4591   |           
346    | 2.9054     | 0.3892     | 1.2778       | 1.2384       | 0.9760     | 0.4154       | 0.7725   | 0.5561  , 0.4439   |           
347    | 2.8898     | 0.3657     | 1.2811       | 1.2429       | 0.9688     | 0.4015       | 0.7549   | 0.5478  , 0.4522   |           
348    | 2.8926     | 0.3818     | 1.2727       | 1.2380       | 0.9781     | 0.3920       | 0.7600   | 0.5107  , 0.4893   |           
349    | 2.8731     | 0.3521     | 1.2893       | 1.2316       | 0.9656     | 0.4065       | 0.7430   | 0.5322  , 0.4678   |           
350    | 2.8960     | 0.3885     | 1.2699       | 1.2375       | 0.9667     | 0.4167       | 0.7434   | 0.5316  , 0.4684   |           
351    | 2.8949     | 0.3724     | 1.2777       | 1.2448       | 0.9792     | 0.4413       | 0.7648   | 0.5338  , 0.4662   |           
352    | 2.9339     | 0.4104     | 1.2788       | 1.2446       | 0.9698     | 0.4098       | 0.7783   | 0.5227  , 0.4773   |           
353    | 2.8427     | 0.3438     | 1.2685       | 1.2304       | 0.9771     | 0.3958       | 0.7530   | 0.5388  , 0.4612   |           
354    | 2.9236     | 0.3949     | 1.2726       | 1.2561       | 0.9677     | 0.4220       | 0.7450   | 0.5418  , 0.4582   |           
355    | 2.9014     | 0.3915     | 1.2685       | 1.2414       | 0.9760     | 0.4210       | 0.7275   | 0.5271  , 0.4729   |           
356    | 2.8622     | 0.3573     | 1.2699       | 1.2351       | 0.9750     | 0.4256       | 0.7939   | 0.5486  , 0.4514   |           
357    | 2.9128     | 0.3890     | 1.2737       | 1.2501       | 0.9698     | 0.4217       | 0.7505   | 0.5281  , 0.4719   |           
358    | 2.8612     | 0.3474     | 1.2747       | 1.2392       | 0.9531     | 0.4173       | 0.7835   | 0.5323  , 0.4677   |           
359    | 2.8762     | 0.3715     | 1.2690       | 1.2357       | 0.9729     | 0.4185       | 0.7661   | 0.5113  , 0.4887   |           
360    | 2.9352     | 0.4190     | 1.2715       | 1.2447       | 0.9542     | 0.4458       | 0.7652   | 0.5072  , 0.4928   |           
361    | 2.8754     | 0.3597     | 1.2788       | 1.2369       | 0.9698     | 0.4245       | 0.8096   | 0.5418  , 0.4582   |           
362    | 2.9326     | 0.3909     | 1.2825       | 1.2592       | 0.9760     | 0.3808       | 0.7381   | 0.5169  , 0.4831   |           
363    | 2.9127     | 0.3837     | 1.2753       | 1.2537       | 0.9635     | 0.4396       | 0.7771   | 0.5079  , 0.4921   |           
364    | 2.8768     | 0.3671     | 1.2733       | 1.2364       | 0.9750     | 0.4699       | 0.7821   | 0.5189  , 0.4811   |           
365    | 2.9336     | 0.3905     | 1.2825       | 1.2606       | 0.9771     | 0.4357       | 0.8128   | 0.5007  , 0.4993   |           
366    | 2.8992     | 0.3833     | 1.2733       | 1.2427       | 0.9771     | 0.3933       | 0.7748   | 0.5048  , 0.4952   |           
367    | 2.8895     | 0.3665     | 1.2714       | 1.2516       | 0.9688     | 0.4178       | 0.7513   | 0.5249  , 0.4751   |           
368    | 2.8665     | 0.3585     | 1.2601       | 1.2479       | 0.9698     | 0.4474       | 0.7797   | 0.5048  , 0.4952   |           
369    | 2.8918     | 0.3502     | 1.2794       | 1.2621       | 0.9760     | 0.4066       | 0.7866   | 0.5433  , 0.4567   |           
370    | 2.9180     | 0.3861     | 1.2717       | 1.2602       | 0.9729     | 0.3797       | 0.7545   | 0.5331  , 0.4669   |           
371    | 2.9150     | 0.3790     | 1.2789       | 1.2571       | 0.9740     | 0.4256       | 0.8587   | 0.5301  , 0.4699   |           
372    | 2.9083     | 0.3813     | 1.2794       | 1.2476       | 0.9760     | 0.4172       | 0.7503   | 0.5261  , 0.4739   |           
373    | 2.9162     | 0.3732     | 1.2849       | 1.2581       | 0.9760     | 0.3964       | 0.8067   | 0.5170  , 0.4830   |           
374    | 2.8999     | 0.3667     | 1.2803       | 1.2529       | 0.9719     | 0.4131       | 0.8593   | 0.5359  , 0.4641   |           
375    | 2.9324     | 0.3961     | 1.2792       | 1.2570       | 0.9802     | 0.4496       | 0.7707   | 0.5140  , 0.4860   |           
376    | 2.9251     | 0.3930     | 1.2827       | 1.2494       | 0.9708     | 0.4133       | 0.8105   | 0.5468  , 0.4532   |           
377    | 2.8925     | 0.3713     | 1.2680       | 1.2532       | 0.9812     | 0.4126       | 0.8007   | 0.5249  , 0.4751   |           
378    | 2.8760     | 0.3554     | 1.2796       | 1.2409       | 0.9750     | 0.4306       | 0.7775   | 0.5033  , 0.4967   |           
379    | 2.8401     | 0.3487     | 1.2706       | 1.2208       | 0.9698     | 0.4193       | 0.7775   | 0.5289  , 0.4711   |           
380    | 2.9005     | 0.3627     | 1.2883       | 1.2495       | 0.9760     | 0.4438       | 0.7752   | 0.5130  , 0.4870   |           
381    | 2.9600     | 0.4218     | 1.2931       | 1.2452       | 0.9698     | 0.4351       | 0.8478   | 0.5155  , 0.4845   |           
382    | 2.9095     | 0.3814     | 1.2803       | 1.2477       | 0.9677     | 0.4156       | 0.7581   | 0.4981  , 0.5019   |           
383    | 2.9275     | 0.3905     | 1.2774       | 1.2595       | 0.9625     | 0.4009       | 0.8156   | 0.5091  , 0.4909   |           
384    | 2.8719     | 0.3621     | 1.2728       | 1.2371       | 0.9656     | 0.3961       | 0.7578   | 0.5088  , 0.4912   |           
385    | 2.8880     | 0.3786     | 1.2699       | 1.2396       | 0.9667     | 0.3815       | 0.8087   | 0.5271  , 0.4729   |           
386    | 2.8430     | 0.3360     | 1.2812       | 1.2259       | 0.9573     | 0.4156       | 0.8056   | 0.5341  , 0.4659   |           
387    | 2.9207     | 0.3841     | 1.2887       | 1.2480       | 0.9792     | 0.3708       | 0.7516   | 0.5170  , 0.4830   |           
388    | 2.9363     | 0.3898     | 1.2885       | 1.2580       | 0.9625     | 0.4022       | 0.7809   | 0.5416  , 0.4584   |           
389    | 2.9361     | 0.3949     | 1.2971       | 1.2441       | 0.9688     | 0.3987       | 0.7909   | 0.5109  , 0.4891   |           
390    | 2.8725     | 0.3497     | 1.2836       | 1.2392       | 0.9719     | 0.3628       | 0.7713   | 0.5229  , 0.4771   |           
391    | 2.9220     | 0.3777     | 1.3041       | 1.2402       | 0.9667     | 0.3846       | 0.7807   | 0.5286  , 0.4714   |           
392    | 2.9088     | 0.3650     | 1.3055       | 1.2382       | 0.9625     | 0.3958       | 0.8337   | 0.5062  , 0.4938   |           
393    | 2.9170     | 0.3858     | 1.2943       | 1.2369       | 0.9656     | 0.3981       | 0.7557   | 0.5126  , 0.4874   |           
394    | 2.8884     | 0.3531     | 1.2906       | 1.2447       | 0.9677     | 0.3768       | 0.7506   | 0.5199  , 0.4801   |           
395    | 2.9250     | 0.3660     | 1.2967       | 1.2622       | 0.9594     | 0.3912       | 0.7708   | 0.5210  , 0.4790   |           
396    | 2.9035     | 0.3462     | 1.2980       | 1.2593       | 0.9740     | 0.3696       | 0.7267   | 0.5143  , 0.4857   |           
397    | 2.8909     | 0.3348     | 1.2968       | 1.2593       | 0.9615     | 0.4098       | 0.7439   | 0.5290  , 0.4710   |           
398    | 2.9495     | 0.3919     | 1.3005       | 1.2572       | 0.9490     | 0.3817       | 0.7710   | 0.5237  , 0.4763   |           
399    | 2.9733     | 0.4174     | 1.3008       | 1.2551       | 0.9667     | 0.4098       | 0.7583   | 0.5401  , 0.4599   |           
400    | 2.9176     | 0.3754     | 1.2850       | 1.2573       | 0.9625     | 0.4171       | 0.7112   | 0.5273  , 0.4727   |           
Seed 6767 | Src Acc: 97.2449 | Src MDE: 0.0391 | Tgt Acc: 39.1837 | Tgt MDE: 0.7382
Start Training Seed 123456...

Start CDAN+E Training... (Entropy Conditioning Enabled)
Epoch  | Total Loss | Tr Cls     | Tr Dom RSSI  | Tr Dom RTT   | Val T Acc  | Val T Entropy | Test MDE | Test Target Weights
--------------------------------------------------------------------------------------------------------------------------------------------
1      | 6.6155     | 3.8965     | 1.3680       | 1.3510       | 0.4167     | 3.7386       | 1.5749   | 0.5258  , 0.4742   |           
2      | 5.7736     | 3.1871     | 1.3234       | 1.2631       | 0.6604     | 3.6309       | 1.2440   | 0.4985  , 0.5015   |           
3      | 5.2086     | 2.7360     | 1.2855       | 1.1871       | 0.7458     | 3.4629       | 1.0931   | 0.4975  , 0.5025   |           
4      | 4.7002     | 2.3608     | 1.2346       | 1.1048       | 0.8313     | 3.3081       | 1.0487   | 0.4697  , 0.5303   |           
5      | 4.3151     | 2.0755     | 1.1911       | 1.0486       | 0.8885     | 3.1354       | 1.0160   | 0.4836  , 0.5164   |           
6      | 3.9845     | 1.8333     | 1.1635       | 0.9878       | 0.9156     | 2.9553       | 0.9466   | 0.4834  , 0.5166   |           
7      | 3.6716     | 1.6244     | 1.1048       | 0.9425       | 0.9417     | 2.8069       | 0.9052   | 0.4671  , 0.5329   |           
8      | 3.4041     | 1.4570     | 1.0548       | 0.8923       | 0.9656     | 2.6089       | 0.8673   | 0.4768  , 0.5232   |           
9      | 3.2614     | 1.3400     | 1.0463       | 0.8751       | 0.9615     | 2.4850       | 0.9053   | 0.4858  , 0.5142   |           
10     | 3.1493     | 1.2314     | 1.0407       | 0.8772       | 0.9667     | 2.3222       | 0.8510   | 0.4780  , 0.5220   |           
11     | 3.0248     | 1.1536     | 1.0204       | 0.8508       | 0.9688     | 2.2078       | 0.8638   | 0.4898  , 0.5102   | (ADV -0.14)
12     | 2.8813     | 1.0362     | 0.9846       | 0.8605       | 0.9729     | 2.0870       | 0.8392   | 0.4833  , 0.5167   | (ADV -0.07)
13     | 2.8040     | 1.0010     | 0.9641       | 0.8388       | 0.9729     | 2.0302       | 0.8413   | 0.4635  , 0.5365   | (ADV -0.04)
14     | 2.7482     | 0.9339     | 0.9699       | 0.8444       | 0.9781     | 1.9062       | 0.8657   | 0.4660  , 0.5340   | (ADV 0.03)
15     | 2.6828     | 0.8913     | 0.9381       | 0.8534       | 0.9729     | 1.8452       | 0.8968   | 0.4652  , 0.5348   | (ADV 0.05)
16     | 2.6695     | 0.8534     | 0.9532       | 0.8628       | 0.9760     | 1.8040       | 0.8898   | 0.4587  , 0.5413   | (ADV 0.07)
17     | 2.6556     | 0.8155     | 0.9550       | 0.8851       | 0.9750     | 1.6882       | 0.8818   | 0.4527  , 0.5473   | (ADV 0.13)
18     | 2.5725     | 0.7808     | 0.9325       | 0.8593       | 0.9719     | 1.6352       | 0.8401   | 0.4665  , 0.5335   | (ADV 0.15)
19     | 2.5525     | 0.7496     | 0.9325       | 0.8704       | 0.9708     | 1.5719       | 0.9042   | 0.4708  , 0.5292   | (ADV 0.18)
20     | 2.5572     | 0.7412     | 0.9329       | 0.8832       | 0.9792     | 1.5090       | 0.9551   | 0.4793  , 0.5207   | (ADV 0.22)
21     | 2.5609     | 0.7220     | 0.9364       | 0.9025       | 0.9792     | 1.5231       | 0.8941   | 0.4752  , 0.5248   |           
22     | 2.4637     | 0.6803     | 0.9110       | 0.8724       | 0.9760     | 1.4461       | 0.9087   | 0.4797  , 0.5203   | (ADV 0.25)
23     | 2.5059     | 0.6774     | 0.9303       | 0.8981       | 0.9729     | 1.4086       | 0.8939   | 0.4774  , 0.5226   | (ADV 0.27)
24     | 2.5318     | 0.6806     | 0.9058       | 0.9454       | 0.9760     | 1.4148       | 0.9479   | 0.4928  , 0.5072   | (ADV 0.27)
25     | 2.4975     | 0.6321     | 0.9008       | 0.9646       | 0.9802     | 1.3394       | 0.9138   | 0.4833  , 0.5167   | (ADV 0.31)
26     | 2.5328     | 0.6612     | 0.9002       | 0.9714       | 0.9792     | 1.3179       | 0.8938   | 0.4783  , 0.5217   | (ADV 0.32)
27     | 2.4517     | 0.5930     | 0.9045       | 0.9542       | 0.9771     | 1.2925       | 0.8792   | 0.4746  , 0.5254   | (ADV 0.33)
28     | 2.4436     | 0.6022     | 0.8999       | 0.9415       | 0.9792     | 1.2469       | 0.8887   | 0.4775  , 0.5225   | (ADV 0.36)
29     | 2.4204     | 0.5642     | 0.8981       | 0.9581       | 0.9823     | 1.2250       | 0.8705   | 0.4675  , 0.5325   | (ADV 0.37)
30     | 2.4585     | 0.5612     | 0.9169       | 0.9803       | 0.9812     | 1.1629       | 0.8410   | 0.4584  , 0.5416   | (ADV 0.40)
31     | 2.4278     | 0.5641     | 0.8960       | 0.9677       | 0.9802     | 1.1719       | 0.8697   | 0.4789  , 0.5211   |           
32     | 2.4767     | 0.5686     | 0.9138       | 0.9942       | 0.9823     | 1.1262       | 0.8585   | 0.4746  , 0.5254   | (ADV 0.42)
33     | 2.4426     | 0.5494     | 0.9076       | 0.9856       | 0.9802     | 1.0945       | 0.8354   | 0.4687  , 0.5313   | (ADV 0.43)
34     | 2.3821     | 0.5355     | 0.8733       | 0.9733       | 0.9802     | 1.1168       | 0.9119   | 0.4731  , 0.5269   |           
35     | 2.4030     | 0.5264     | 0.9125       | 0.9641       | 0.9833     | 1.0885       | 0.8794   | 0.4751  , 0.5249   | (ADV 0.44)
36     | 2.4425     | 0.5545     | 0.9135       | 0.9745       | 0.9833     | 1.0803       | 0.8767   | 0.4648  , 0.5352   | (ADV 0.44)
37     | 2.4141     | 0.5406     | 0.8937       | 0.9798       | 0.9760     | 1.0335       | 0.8721   | 0.4797  , 0.5203   | (ADV 0.46)
38     | 2.3434     | 0.5062     | 0.8781       | 0.9591       | 0.9792     | 1.0578       | 0.8703   | 0.4813  , 0.5187   |           
39     | 2.4520     | 0.5559     | 0.9093       | 0.9868       | 0.9823     | 1.0019       | 0.8577   | 0.4654  , 0.5346   | (ADV 0.48)
40     | 2.4547     | 0.5373     | 0.9183       | 0.9991       | 0.9802     | 0.9912       | 0.8685   | 0.4562  , 0.5438   | (ADV 0.48)
41     | 2.3903     | 0.5118     | 0.9004       | 0.9780       | 0.9792     | 0.9775       | 0.8797   | 0.4528  , 0.5472   | (ADV 0.49)
42     | 2.4216     | 0.5336     | 0.9139       | 0.9741       | 0.9760     | 1.0495       | 0.8487   | 0.4693  , 0.5307   |           
43     | 2.2932     | 0.4602     | 0.8735       | 0.9596       | 0.9802     | 0.9752       | 0.8404   | 0.4698  , 0.5302   | (ADV 0.49)
44     | 2.4087     | 0.5034     | 0.9174       | 0.9879       | 0.9802     | 0.9513       | 0.8588   | 0.4860  , 0.5140   | (ADV 0.50)
45     | 2.3573     | 0.4944     | 0.8879       | 0.9750       | 0.9781     | 0.9285       | 0.9141   | 0.4792  , 0.5208   | (ADV 0.51)
46     | 2.4526     | 0.5015     | 0.9422       | 1.0088       | 0.9833     | 0.8997       | 0.9181   | 0.4643  , 0.5357   | (ADV 0.53)
47     | 2.4229     | 0.4873     | 0.9309       | 1.0048       | 0.9781     | 0.9232       | 0.8599   | 0.4666  , 0.5334   |           
48     | 2.4843     | 0.5166     | 0.9613       | 1.0064       | 0.9771     | 0.9669       | 0.8937   | 0.4573  , 0.5427   |           
49     | 2.4524     | 0.4791     | 0.9704       | 1.0029       | 0.9792     | 0.9670       | 0.8920   | 0.4424  , 0.5576   |           
50     | 2.4765     | 0.4968     | 0.9691       | 1.0106       | 0.9823     | 0.9121       | 0.8609   | 0.4657  , 0.5343   |           
51     | 2.5217     | 0.5121     | 0.9711       | 1.0384       | 0.9760     | 0.9131       | 0.8908   | 0.4774  , 0.5226   |           
52     | 2.4930     | 0.5144     | 0.9529       | 1.0257       | 0.9802     | 0.9040       | 0.8414   | 0.4754  , 0.5246   |           
53     | 2.4543     | 0.4809     | 0.9644       | 1.0090       | 0.9781     | 0.8375       | 0.8084   | 0.4595  , 0.5405   | (ADV 0.56)
54     | 2.4577     | 0.4651     | 0.9540       | 1.0386       | 0.9802     | 0.8629       | 0.8040   | 0.4622  , 0.5378   |           
55     | 2.4409     | 0.4520     | 0.9633       | 1.0256       | 0.9729     | 0.8248       | 0.8194   | 0.4784  , 0.5216   | (ADV 0.56)
56     | 2.5209     | 0.5023     | 0.9784       | 1.0402       | 0.9781     | 0.8541       | 0.8323   | 0.4770  , 0.5230   |           
57     | 2.4581     | 0.4655     | 0.9713       | 1.0213       | 0.9823     | 0.8143       | 0.8003   | 0.4697  , 0.5303   | (ADV 0.58)
58     | 2.5236     | 0.4894     | 0.9833       | 1.0509       | 0.9760     | 0.8219       | 0.8286   | 0.4799  , 0.5201   |           
59     | 2.4747     | 0.4517     | 0.9822       | 1.0407       | 0.9760     | 0.8250       | 0.8682   | 0.4692  , 0.5308   |           
60     | 2.5430     | 0.4855     | 0.9971       | 1.0603       | 0.9792     | 0.8151       | 0.8367   | 0.4924  , 0.5076   |           
61     | 2.5745     | 0.5130     | 0.9974       | 1.0641       | 0.9729     | 0.8685       | 0.8034   | 0.4752  , 0.5248   |           
62     | 2.5244     | 0.4822     | 1.0080       | 1.0341       | 0.9865     | 0.7884       | 0.8052   | 0.4809  , 0.5191   | (ADV 0.59)
63     | 2.5464     | 0.4921     | 1.0023       | 1.0520       | 0.9802     | 0.8073       | 0.8455   | 0.5001  , 0.4999   |           
64     | 2.5453     | 0.4493     | 1.0338       | 1.0621       | 0.9823     | 0.7887       | 0.8342   | 0.4630  , 0.5370   |           
65     | 2.5015     | 0.4562     | 0.9914       | 1.0539       | 0.9833     | 0.7544       | 0.8413   | 0.4717  , 0.5283   | (ADV 0.61)
66     | 2.5252     | 0.4379     | 1.0211       | 1.0662       | 0.9792     | 0.7709       | 0.8270   | 0.4757  , 0.5243   |           
67     | 2.5728     | 0.4657     | 1.0393       | 1.0678       | 0.9854     | 0.7172       | 0.8428   | 0.4592  , 0.5408   | (ADV 0.63)
68     | 2.5303     | 0.4379     | 1.0220       | 1.0703       | 0.9792     | 0.7166       | 0.8468   | 0.4639  , 0.5361   |           
69     | 2.5518     | 0.4427     | 1.0335       | 1.0756       | 0.9781     | 0.7760       | 0.8275   | 0.4714  , 0.5286   |           
70     | 2.5348     | 0.4520     | 1.0119       | 1.0710       | 0.9833     | 0.7425       | 0.8582   | 0.4847  , 0.5153   |           
71     | 2.6020     | 0.4854     | 1.0388       | 1.0778       | 0.9792     | 0.7432       | 0.8379   | 0.4692  , 0.5308   |           
72     | 2.5347     | 0.4366     | 1.0103       | 1.0878       | 0.9823     | 0.7309       | 0.8080   | 0.4763  , 0.5237   |           
73     | 2.5668     | 0.4568     | 1.0254       | 1.0846       | 0.9750     | 0.7423       | 0.8513   | 0.4887  , 0.5113   |           
74     | 2.5985     | 0.4713     | 1.0503       | 1.0769       | 0.9771     | 0.7388       | 0.8064   | 0.4816  , 0.5184   |           
75     | 2.6338     | 0.4716     | 1.0705       | 1.0918       | 0.9833     | 0.7434       | 0.8189   | 0.4770  , 0.5230   |           
76     | 2.6044     | 0.4594     | 1.0630       | 1.0820       | 0.9760     | 0.7348       | 0.7830   | 0.4645  , 0.5355   |           
77     | 2.5952     | 0.4703     | 1.0436       | 1.0813       | 0.9750     | 0.7593       | 0.9504   | 0.5046  , 0.4954   |           
78     | 2.5709     | 0.4592     | 1.0372       | 1.0745       | 0.9688     | 0.7351       | 0.8516   | 0.4928  , 0.5072   |           
79     | 2.6055     | 0.4686     | 1.0351       | 1.1018       | 0.9823     | 0.7409       | 0.8388   | 0.4803  , 0.5197   |           
80     | 2.6414     | 0.4681     | 1.0617       | 1.1116       | 0.9823     | 0.7640       | 0.8566   | 0.5030  , 0.4970   |           
81     | 2.6627     | 0.4767     | 1.0643       | 1.1217       | 0.9823     | 0.7855       | 0.9262   | 0.5110  , 0.4890   |           
82     | 2.6793     | 0.4864     | 1.0940       | 1.0989       | 0.9802     | 0.7564       | 0.9320   | 0.5036  , 0.4964   |           
83     | 2.5612     | 0.4176     | 1.0569       | 1.0867       | 0.9677     | 0.7311       | 0.9339   | 0.5002  , 0.4998   |           
84     | 2.6303     | 0.4558     | 1.0660       | 1.1085       | 0.9792     | 0.7607       | 0.8530   | 0.4869  , 0.5131   |           
85     | 2.5891     | 0.4474     | 1.0598       | 1.0818       | 0.9719     | 0.7191       | 0.8439   | 0.4788  , 0.5212   |           
86     | 2.6578     | 0.4772     | 1.0747       | 1.1058       | 0.9719     | 0.6940       | 0.8694   | 0.5076  , 0.4924   |           
87     | 2.6823     | 0.4786     | 1.0999       | 1.1038       | 0.9563     | 0.6891       | 0.7825   | 0.4890  , 0.5110   |           
88     | 2.6459     | 0.4580     | 1.0907       | 1.0972       | 0.9604     | 0.6918       | 0.8085   | 0.4871  , 0.5129   |           
89     | 2.6750     | 0.4842     | 1.0884       | 1.1024       | 0.9802     | 0.6526       | 0.8068   | 0.4759  , 0.5241   | (ADV 0.65)
90     | 2.6688     | 0.4726     | 1.0965       | 1.0998       | 0.9844     | 0.6540       | 0.8480   | 0.4911  , 0.5089   | (ADV 0.66)
91     | 2.6091     | 0.4430     | 1.0765       | 1.0895       | 0.9781     | 0.6584       | 0.8060   | 0.4726  , 0.5274   |           
92     | 2.6691     | 0.4816     | 1.0789       | 1.1086       | 0.9771     | 0.6746       | 0.7707   | 0.4853  , 0.5147   |           
93     | 2.6169     | 0.4354     | 1.0894       | 1.0921       | 0.9812     | 0.6294       | 0.7896   | 0.4910  , 0.5090   | (ADV 0.67)
94     | 2.6649     | 0.4524     | 1.0932       | 1.1194       | 0.9792     | 0.6750       | 0.8609   | 0.5012  , 0.4988   |           
95     | 2.6474     | 0.4520     | 1.0979       | 1.0975       | 0.9615     | 0.6878       | 0.8596   | 0.5048  , 0.4952   |           
96     | 2.6909     | 0.4639     | 1.0985       | 1.1286       | 0.9833     | 0.6825       | 0.8293   | 0.5015  , 0.4985   |           
97     | 2.6818     | 0.4597     | 1.1128       | 1.1092       | 0.9646     | 0.6908       | 0.8961   | 0.5331  , 0.4669   |           
98     | 2.6916     | 0.4580     | 1.1207       | 1.1130       | 0.9667     | 0.7097       | 0.8317   | 0.5126  , 0.4874   |           
99     | 2.6516     | 0.4344     | 1.1025       | 1.1147       | 0.9844     | 0.6773       | 0.8643   | 0.4918  , 0.5082   |           
100    | 2.7470     | 0.4952     | 1.1316       | 1.1202       | 0.9740     | 0.6507       | 0.8173   | 0.4998  , 0.5002   |           
101    | 2.6974     | 0.4585     | 1.1119       | 1.1270       | 0.9812     | 0.6414       | 0.8488   | 0.5091  , 0.4909   |           
102    | 2.7088     | 0.4572     | 1.1208       | 1.1308       | 0.9802     | 0.6653       | 0.8641   | 0.4959  , 0.5041   |           
103    | 2.6976     | 0.4596     | 1.1193       | 1.1187       | 0.9802     | 0.6723       | 0.9388   | 0.5266  , 0.4734   |           
104    | 2.7074     | 0.4515     | 1.1278       | 1.1280       | 0.9792     | 0.6646       | 0.9123   | 0.5063  , 0.4937   |           
105    | 2.7425     | 0.4945     | 1.1267       | 1.1212       | 0.9760     | 0.6647       | 0.8609   | 0.5152  , 0.4848   |           
106    | 2.7398     | 0.4656     | 1.1362       | 1.1379       | 0.9781     | 0.6291       | 0.9268   | 0.5053  , 0.4947   |           
107    | 2.6801     | 0.4556     | 1.1143       | 1.1102       | 0.9792     | 0.6604       | 0.8807   | 0.4973  , 0.5027   |           
108    | 2.7598     | 0.4813     | 1.1426       | 1.1359       | 0.9771     | 0.6316       | 0.8994   | 0.4875  , 0.5125   |           
109    | 2.7700     | 0.4753     | 1.1473       | 1.1474       | 0.9760     | 0.6339       | 0.8936   | 0.4980  , 0.5020   |           
110    | 2.7452     | 0.4700     | 1.1393       | 1.1359       | 0.9760     | 0.6403       | 0.8523   | 0.4767  , 0.5233   |           
111    | 2.6906     | 0.4394     | 1.1163       | 1.1349       | 0.9812     | 0.6585       | 0.9560   | 0.4692  , 0.5308   |           
112    | 2.7656     | 0.4722     | 1.1572       | 1.1361       | 0.9792     | 0.6853       | 0.8925   | 0.4891  , 0.5109   |           
113    | 2.8115     | 0.4778     | 1.1557       | 1.1781       | 0.9708     | 0.6549       | 0.8621   | 0.4756  , 0.5244   |           
114    | 2.7576     | 0.4717     | 1.1438       | 1.1422       | 0.9823     | 0.6281       | 0.8806   | 0.4979  , 0.5021   | (ADV 0.67)
115    | 2.7490     | 0.4616     | 1.1351       | 1.1523       | 0.9833     | 0.6489       | 0.8279   | 0.4977  , 0.5023   |           
116    | 2.7142     | 0.4492     | 1.1324       | 1.1327       | 0.9792     | 0.6410       | 0.8257   | 0.4771  , 0.5229   |           
117    | 2.7651     | 0.4535     | 1.1454       | 1.1662       | 0.9760     | 0.7159       | 0.9099   | 0.5113  , 0.4887   |           
118    | 2.7963     | 0.4870     | 1.1475       | 1.1617       | 0.9656     | 0.6650       | 0.8618   | 0.5051  , 0.4949   |           
119    | 2.7128     | 0.4478     | 1.1324       | 1.1327       | 0.9771     | 0.6188       | 0.9112   | 0.4993  , 0.5007   |           
120    | 2.6987     | 0.4354     | 1.1307       | 1.1326       | 0.9760     | 0.6781       | 0.8530   | 0.5005  , 0.4995   |           
121    | 2.7666     | 0.4933     | 1.1340       | 1.1394       | 0.9667     | 0.6310       | 0.8558   | 0.5086  , 0.4914   |           
122    | 2.8146     | 0.4981     | 1.1400       | 1.1765       | 0.9771     | 0.6318       | 0.8250   | 0.4693  , 0.5307   |           
123    | 2.7055     | 0.4387     | 1.1270       | 1.1399       | 0.9750     | 0.6185       | 0.7557   | 0.4895  , 0.5105   |           
124    | 2.7560     | 0.4628     | 1.1381       | 1.1552       | 0.9760     | 0.6160       | 0.8335   | 0.4989  , 0.5011   |           
125    | 2.7232     | 0.4394     | 1.1362       | 1.1475       | 0.9802     | 0.6239       | 0.8520   | 0.4875  , 0.5125   | (ADV 0.67)
126    | 2.7583     | 0.4599     | 1.1529       | 1.1455       | 0.9833     | 0.6573       | 0.8531   | 0.4829  , 0.5171   |           
127    | 2.7428     | 0.4575     | 1.1224       | 1.1629       | 0.9708     | 0.5830       | 0.8604   | 0.4787  , 0.5213   | (ADV 0.68)
128    | 2.6702     | 0.4089     | 1.1162       | 1.1451       | 0.9812     | 0.5907       | 0.8456   | 0.4770  , 0.5230   | (ADV 0.69)
129    | 2.7716     | 0.4520     | 1.1636       | 1.1561       | 0.9802     | 0.6059       | 0.8599   | 0.4638  , 0.5362   |           
130    | 2.8285     | 0.5157     | 1.1622       | 1.1505       | 0.9729     | 0.6373       | 0.8371   | 0.5222  , 0.4778   |           
131    | 2.8099     | 0.4866     | 1.1501       | 1.1732       | 0.9521     | 0.5878       | 0.8393   | 0.4868  , 0.5132   |           
132    | 2.7073     | 0.4217     | 1.1486       | 1.1370       | 0.9604     | 0.6081       | 0.9415   | 0.4915  , 0.5085   |           
133    | 2.7905     | 0.4616     | 1.1656       | 1.1634       | 0.9708     | 0.6420       | 0.8435   | 0.5088  , 0.4912   |           
134    | 2.7665     | 0.4386     | 1.1531       | 1.1749       | 0.9740     | 0.6048       | 0.9595   | 0.5005  , 0.4995   |           
135    | 2.7707     | 0.4491     | 1.1568       | 1.1648       | 0.9823     | 0.5601       | 0.8190   | 0.4710  , 0.5290   | (ADV 0.70)
136    | 2.7546     | 0.4501     | 1.1364       | 1.1681       | 0.9844     | 0.5621       | 0.8702   | 0.4884  , 0.5116   | (ADV 0.70)
137    | 2.7468     | 0.4258     | 1.1538       | 1.1672       | 0.9802     | 0.6313       | 0.8768   | 0.4974  , 0.5026   |           
138    | 2.7965     | 0.4635     | 1.1653       | 1.1677       | 0.9802     | 0.5749       | 0.8881   | 0.5050  , 0.4950   |           
139    | 2.7659     | 0.4472     | 1.1488       | 1.1699       | 0.9833     | 0.5716       | 0.8946   | 0.4940  , 0.5060   |           
140    | 2.7257     | 0.4101     | 1.1493       | 1.1663       | 0.9865     | 0.5964       | 0.8685   | 0.4985  , 0.5015   |           
141    | 2.8127     | 0.4605     | 1.1706       | 1.1815       | 0.9500     | 0.5961       | 0.8865   | 0.4604  , 0.5396   |           
142    | 2.8067     | 0.4561     | 1.1880       | 1.1625       | 0.9792     | 0.5815       | 0.8806   | 0.5146  , 0.4854   |           
143    | 2.7663     | 0.4375     | 1.1601       | 1.1688       | 0.9802     | 0.5274       | 0.9087   | 0.5013  , 0.4987   | (ADV 0.72)
144    | 2.7945     | 0.4537     | 1.1674       | 1.1734       | 0.9771     | 0.5520       | 0.9046   | 0.4789  , 0.5211   |           
145    | 2.7979     | 0.4479     | 1.1669       | 1.1832       | 0.9833     | 0.5500       | 0.8607   | 0.4865  , 0.5135   |           
146    | 2.7996     | 0.4600     | 1.1623       | 1.1772       | 0.9812     | 0.5345       | 0.8317   | 0.4627  , 0.5373   |           
147    | 2.7099     | 0.3934     | 1.1502       | 1.1664       | 0.9812     | 0.6130       | 0.9314   | 0.4891  , 0.5109   |           
148    | 2.7764     | 0.4481     | 1.1579       | 1.1705       | 0.9750     | 0.5458       | 0.8709   | 0.4880  , 0.5120   |           
149    | 2.8077     | 0.4503     | 1.1703       | 1.1871       | 0.9781     | 0.5601       | 0.8522   | 0.4791  , 0.5209   |           
150    | 2.7863     | 0.4411     | 1.1615       | 1.1838       | 0.9563     | 0.5795       | 0.8551   | 0.4786  , 0.5214   |           
151    | 2.7694     | 0.4267     | 1.1680       | 1.1747       | 0.9479     | 0.6378       | 0.9191   | 0.5076  , 0.4924   |           
152    | 2.7594     | 0.4445     | 1.1510       | 1.1639       | 0.9792     | 0.5721       | 0.8611   | 0.4874  , 0.5126   |           
153    | 2.7951     | 0.4442     | 1.1745       | 1.1763       | 0.9542     | 0.5508       | 0.8707   | 0.4924  , 0.5076   |           
154    | 2.7838     | 0.4377     | 1.1872       | 1.1589       | 0.9760     | 0.5891       | 0.9230   | 0.5254  , 0.4746   |           
155    | 2.7808     | 0.4469     | 1.1707       | 1.1631       | 0.9854     | 0.6013       | 0.8653   | 0.4870  , 0.5130   |           
156    | 2.8586     | 0.4988     | 1.1838       | 1.1760       | 0.9719     | 0.5688       | 0.8228   | 0.4840  , 0.5160   |           
157    | 2.8250     | 0.4656     | 1.1900       | 1.1694       | 0.9760     | 0.5608       | 0.8246   | 0.4938  , 0.5062   |           
158    | 2.7921     | 0.4540     | 1.1764       | 1.1616       | 0.9760     | 0.5734       | 0.8722   | 0.5134  , 0.4866   |           
159    | 2.7965     | 0.4612     | 1.1866       | 1.1487       | 0.9656     | 0.6145       | 0.9073   | 0.5004  , 0.4996   |           
160    | 2.8564     | 0.4905     | 1.1938       | 1.1721       | 0.9771     | 0.5876       | 0.8779   | 0.4763  , 0.5237   |           
161    | 2.8605     | 0.4870     | 1.1992       | 1.1743       | 0.9708     | 0.5625       | 0.8715   | 0.4968  , 0.5032   |           
162    | 2.8098     | 0.4542     | 1.1838       | 1.1718       | 0.9510     | 0.5776       | 0.7910   | 0.4906  , 0.5094   |           
163    | 2.7404     | 0.4201     | 1.1677       | 1.1526       | 0.9667     | 0.6053       | 0.8473   | 0.5059  , 0.4941   |           
164    | 2.7571     | 0.4101     | 1.1912       | 1.1558       | 0.9802     | 0.5613       | 0.8928   | 0.4971  , 0.5029   |           
165    | 2.8146     | 0.4587     | 1.1890       | 1.1669       | 0.9760     | 0.5336       | 0.8472   | 0.4779  , 0.5221   |           
166    | 2.7613     | 0.4281     | 1.1790       | 1.1542       | 0.9708     | 0.5855       | 0.9423   | 0.4933  , 0.5067   |           
167    | 2.8168     | 0.4461     | 1.2090       | 1.1617       | 0.9719     | 0.5288       | 0.9124   | 0.5125  , 0.4875   |           
168    | 2.8583     | 0.4622     | 1.2010       | 1.1950       | 0.9729     | 0.5508       | 0.8918   | 0.4948  , 0.5052   |           
169    | 2.7946     | 0.4305     | 1.1900       | 1.1742       | 0.9750     | 0.5824       | 0.9234   | 0.4894  , 0.5106   |           
170    | 2.8056     | 0.4332     | 1.1998       | 1.1726       | 0.9792     | 0.5075       | 0.9314   | 0.4734  , 0.5266   | (ADV 0.73)
171    | 2.7784     | 0.4247     | 1.1779       | 1.1758       | 0.9479     | 0.5510       | 0.8926   | 0.4847  , 0.5153   |           
172    | 2.8038     | 0.4286     | 1.1971       | 1.1781       | 0.9615     | 0.5875       | 0.8350   | 0.5027  , 0.4973   |           
173    | 2.7960     | 0.4334     | 1.1892       | 1.1735       | 0.9635     | 0.5349       | 0.8742   | 0.4749  , 0.5251   |           
174    | 2.8046     | 0.4151     | 1.1872       | 1.2022       | 0.9698     | 0.5259       | 0.9409   | 0.4786  , 0.5214   |           
175    | 2.8263     | 0.4452     | 1.1848       | 1.1963       | 0.9740     | 0.5489       | 0.9568   | 0.4908  , 0.5092   |           
176    | 2.7885     | 0.4257     | 1.1847       | 1.1782       | 0.9385     | 0.5321       | 0.9102   | 0.4750  , 0.5250   |           
177    | 2.8383     | 0.4492     | 1.1808       | 1.2084       | 0.9719     | 0.5589       | 0.8864   | 0.4845  , 0.5155   |           
178    | 2.8232     | 0.4400     | 1.1869       | 1.1963       | 0.9740     | 0.5887       | 0.9138   | 0.4925  , 0.5075   |           
179    | 2.7645     | 0.4007     | 1.1855       | 1.1783       | 0.9729     | 0.5444       | 0.8551   | 0.4787  , 0.5213   |           
180    | 2.8035     | 0.4086     | 1.2005       | 1.1945       | 0.9719     | 0.5767       | 0.9147   | 0.4798  , 0.5202   |           
181    | 2.7906     | 0.4094     | 1.1979       | 1.1832       | 0.9604     | 0.5333       | 0.8906   | 0.4766  , 0.5234   |           
182    | 2.8032     | 0.4310     | 1.1809       | 1.1914       | 0.9760     | 0.5377       | 0.9146   | 0.4850  , 0.5150   |           
183    | 2.8219     | 0.4546     | 1.1834       | 1.1839       | 0.9656     | 0.6102       | 0.8961   | 0.4690  , 0.5310   |           
184    | 2.7995     | 0.4258     | 1.1857       | 1.1880       | 0.9833     | 0.5461       | 0.8880   | 0.4643  , 0.5357   |           
185    | 2.8609     | 0.4573     | 1.1924       | 1.2113       | 0.9760     | 0.5794       | 0.9305   | 0.4744  , 0.5256   |           
186    | 2.8471     | 0.4408     | 1.2100       | 1.1963       | 0.9656     | 0.5627       | 0.8501   | 0.4808  , 0.5192   |           
187    | 2.8262     | 0.4230     | 1.2047       | 1.1985       | 0.9719     | 0.5752       | 0.8998   | 0.4557  , 0.5443   |           
188    | 2.7754     | 0.3937     | 1.2037       | 1.1781       | 0.9781     | 0.5671       | 0.8949   | 0.4621  , 0.5379   |           
189    | 2.8093     | 0.4224     | 1.1987       | 1.1882       | 0.9708     | 0.5701       | 0.8813   | 0.4517  , 0.5483   |           
190    | 2.8293     | 0.4164     | 1.2028       | 1.2100       | 0.9531     | 0.5561       | 0.8603   | 0.4602  , 0.5398   |           
191    | 2.8653     | 0.4595     | 1.2054       | 1.2004       | 0.9708     | 0.5034       | 0.9076   | 0.4776  , 0.5224   |           
192    | 2.8160     | 0.4351     | 1.1922       | 1.1887       | 0.9625     | 0.5694       | 0.9586   | 0.4750  , 0.5250   |           
193    | 2.8861     | 0.4673     | 1.2100       | 1.2089       | 0.9688     | 0.5274       | 0.8464   | 0.4663  , 0.5337   |           
194    | 2.8022     | 0.4024     | 1.2090       | 1.1909       | 0.9771     | 0.5633       | 0.9549   | 0.4678  , 0.5322   |           
195    | 2.8718     | 0.4609     | 1.2015       | 1.2094       | 0.9677     | 0.5747       | 0.8945   | 0.4597  , 0.5403   |           
196    | 2.8266     | 0.4268     | 1.1906       | 1.2093       | 0.9729     | 0.5420       | 0.9078   | 0.4756  , 0.5244   |           
197    | 2.8622     | 0.4607     | 1.1990       | 1.2024       | 0.9771     | 0.5192       | 0.9119   | 0.4461  , 0.5539   |           
198    | 2.7995     | 0.4255     | 1.1951       | 1.1789       | 0.9802     | 0.5747       | 0.8975   | 0.4617  , 0.5383   |           
199    | 2.8651     | 0.4572     | 1.2110       | 1.1969       | 0.9625     | 0.5553       | 0.8993   | 0.4743  , 0.5257   |           
200    | 2.8108     | 0.4050     | 1.2055       | 1.2003       | 0.9708     | 0.5225       | 0.9223   | 0.4475  , 0.5525   |           
201    | 2.8618     | 0.4358     | 1.2204       | 1.2056       | 0.9375     | 0.5241       | 0.9120   | 0.4548  , 0.5452   |           
202    | 2.8816     | 0.4409     | 1.2237       | 1.2171       | 0.9740     | 0.5877       | 0.9477   | 0.4883  , 0.5117   |           
203    | 2.8912     | 0.4619     | 1.2085       | 1.2209       | 0.9531     | 0.4866       | 0.9085   | 0.5043  , 0.4957   |           
204    | 2.8639     | 0.4429     | 1.2142       | 1.2068       | 0.9781     | 0.5228       | 0.8802   | 0.4671  , 0.5329   |           
205    | 2.8551     | 0.4168     | 1.2148       | 1.2234       | 0.9708     | 0.5725       | 0.8808   | 0.4805  , 0.5195   |           
206    | 2.8133     | 0.3939     | 1.2216       | 1.1978       | 0.9760     | 0.5273       | 0.9429   | 0.4850  , 0.5150   |           
207    | 2.8474     | 0.4230     | 1.2262       | 1.1981       | 0.9802     | 0.5413       | 0.8913   | 0.4866  , 0.5134   |           
208    | 2.8359     | 0.4228     | 1.2026       | 1.2105       | 0.9792     | 0.5554       | 0.8849   | 0.4815  , 0.5185   |           
209    | 2.8193     | 0.4033     | 1.2230       | 1.1931       | 0.9844     | 0.5415       | 0.9186   | 0.5101  , 0.4899   |           
210    | 2.8064     | 0.3964     | 1.2154       | 1.1946       | 0.9729     | 0.5094       | 0.8301   | 0.4894  , 0.5106   |           
211    | 2.8873     | 0.4438     | 1.2347       | 1.2088       | 0.9750     | 0.5648       | 0.8978   | 0.4995  , 0.5005   |           
212    | 2.8497     | 0.4131     | 1.2181       | 1.2185       | 0.9656     | 0.4980       | 0.8605   | 0.4733  , 0.5267   |           
213    | 2.8764     | 0.4298     | 1.2324       | 1.2142       | 0.9781     | 0.5186       | 0.8886   | 0.4798  , 0.5202   |           
214    | 2.8706     | 0.4288     | 1.2218       | 1.2200       | 0.9760     | 0.5494       | 0.8563   | 0.4987  , 0.5013   |           
215    | 2.8597     | 0.4203     | 1.2228       | 1.2166       | 0.9729     | 0.5690       | 0.8682   | 0.4669  , 0.5331   |           
216    | 2.8972     | 0.4666     | 1.2166       | 1.2140       | 0.9646     | 0.5434       | 0.8117   | 0.4937  , 0.5063   |           
217    | 2.8788     | 0.4319     | 1.2220       | 1.2249       | 0.9740     | 0.5673       | 0.8263   | 0.5098  , 0.4902   |           
218    | 2.8907     | 0.4430     | 1.2194       | 1.2284       | 0.9792     | 0.5560       | 0.8758   | 0.5092  , 0.4908   |           
219    | 2.9246     | 0.4538     | 1.2514       | 1.2194       | 0.9677     | 0.5819       | 0.9047   | 0.5113  , 0.4887   |           
220    | 2.8834     | 0.4278     | 1.2297       | 1.2259       | 0.9729     | 0.5491       | 0.8258   | 0.4858  , 0.5142   |           
221    | 2.9127     | 0.4607     | 1.2312       | 1.2209       | 0.9750     | 0.5635       | 0.9332   | 0.4802  , 0.5198   |           
222    | 2.8145     | 0.3784     | 1.2160       | 1.2202       | 0.9781     | 0.5198       | 0.8678   | 0.4890  , 0.5110   |           
223    | 2.8799     | 0.4201     | 1.2190       | 1.2408       | 0.9625     | 0.5670       | 0.8982   | 0.4740  , 0.5260   |           
224    | 2.8825     | 0.4405     | 1.2056       | 1.2365       | 0.9750     | 0.4943       | 0.9511   | 0.4949  , 0.5051   | (ADV 0.73)
225    | 2.8740     | 0.4141     | 1.2172       | 1.2427       | 0.9792     | 0.5108       | 1.0386   | 0.4948  , 0.5052   |           
226    | 2.8851     | 0.4455     | 1.2186       | 1.2211       | 0.9802     | 0.5075       | 0.9915   | 0.4985  , 0.5015   |           
227    | 2.8596     | 0.4276     | 1.1965       | 1.2354       | 0.9760     | 0.4901       | 0.8781   | 0.4936  , 0.5064   | (ADV 0.73)
228    | 2.7796     | 0.3638     | 1.2123       | 1.2035       | 0.9708     | 0.4978       | 0.8715   | 0.4821  , 0.5179   |           
229    | 2.8537     | 0.4187     | 1.2115       | 1.2234       | 0.9719     | 0.5110       | 0.8825   | 0.4823  , 0.5177   |           
230    | 2.8548     | 0.4199     | 1.2222       | 1.2127       | 0.9760     | 0.4832       | 0.9415   | 0.4719  , 0.5281   | (ADV 0.73)
231    | 2.8371     | 0.4110     | 1.2049       | 1.2211       | 0.9760     | 0.5007       | 0.9321   | 0.4796  , 0.5204   |           
232    | 2.8105     | 0.3968     | 1.1979       | 1.2158       | 0.9781     | 0.4827       | 0.8961   | 0.5051  , 0.4949   | (ADV 0.74)
233    | 2.8288     | 0.3949     | 1.2119       | 1.2221       | 0.9760     | 0.5080       | 0.9606   | 0.4970  , 0.5030   |           
234    | 2.8566     | 0.4182     | 1.2074       | 1.2310       | 0.9667     | 0.4958       | 0.8574   | 0.4816  , 0.5184   |           
235    | 2.8394     | 0.3972     | 1.2177       | 1.2245       | 0.9750     | 0.5174       | 0.9505   | 0.5137  , 0.4863   |           
236    | 2.8713     | 0.4209     | 1.2217       | 1.2286       | 0.9719     | 0.5109       | 0.9169   | 0.4881  , 0.5119   |           
237    | 2.8614     | 0.4026     | 1.2144       | 1.2444       | 0.9802     | 0.4818       | 0.8702   | 0.4941  , 0.5059   | (ADV 0.74)
238    | 2.8652     | 0.4455     | 1.1982       | 1.2214       | 0.9781     | 0.5206       | 0.8961   | 0.4961  , 0.5039   |           
239    | 2.8041     | 0.3836     | 1.1992       | 1.2214       | 0.9688     | 0.5006       | 0.8374   | 0.4869  , 0.5131   |           
240    | 2.8576     | 0.4188     | 1.2156       | 1.2232       | 0.9844     | 0.5255       | 0.8780   | 0.5023  , 0.4977   |           
241    | 2.8469     | 0.3923     | 1.2126       | 1.2420       | 0.9750     | 0.4834       | 0.8601   | 0.4735  , 0.5265   |           
242    | 2.8444     | 0.4141     | 1.2049       | 1.2253       | 0.9719     | 0.4872       | 0.8772   | 0.4794  , 0.5206   |           
243    | 2.8428     | 0.4020     | 1.2111       | 1.2296       | 0.9698     | 0.5023       | 0.8153   | 0.4845  , 0.5155   |           
244    | 2.8438     | 0.3992     | 1.2145       | 1.2300       | 0.9615     | 0.5467       | 0.8830   | 0.5002  , 0.4998   |           
245    | 2.8578     | 0.4128     | 1.2199       | 1.2251       | 0.9792     | 0.4986       | 0.8782   | 0.4630  , 0.5370   |           
246    | 2.7840     | 0.3637     | 1.1983       | 1.2220       | 0.9802     | 0.5094       | 0.9062   | 0.4861  , 0.5139   |           
247    | 2.8790     | 0.4363     | 1.2036       | 1.2391       | 0.9667     | 0.4639       | 0.9008   | 0.4864  , 0.5136   |           
248    | 2.8568     | 0.4111     | 1.2040       | 1.2417       | 0.9719     | 0.4677       | 0.8831   | 0.4849  , 0.5151   |           
249    | 2.9246     | 0.4555     | 1.2170       | 1.2521       | 0.9667     | 0.4681       | 0.8811   | 0.5179  , 0.4821   |           
250    | 2.8730     | 0.4208     | 1.2199       | 1.2323       | 0.9646     | 0.5292       | 0.8734   | 0.4929  , 0.5071   |           
251    | 2.8919     | 0.4303     | 1.2191       | 1.2425       | 0.9812     | 0.5338       | 0.8654   | 0.5052  , 0.4948   |           
252    | 2.8147     | 0.3900     | 1.2006       | 1.2242       | 0.9823     | 0.5243       | 0.8756   | 0.4883  , 0.5117   |           
253    | 2.8352     | 0.4164     | 1.1953       | 1.2235       | 0.9698     | 0.4939       | 0.8389   | 0.5257  , 0.4743   |           
254    | 2.8789     | 0.4109     | 1.2173       | 1.2507       | 0.9573     | 0.4984       | 0.8924   | 0.5131  , 0.4869   |           
255    | 2.8488     | 0.3949     | 1.2095       | 1.2444       | 0.9760     | 0.5394       | 0.9236   | 0.5023  , 0.4977   |           
256    | 2.8846     | 0.4325     | 1.2168       | 1.2354       | 0.9656     | 0.5438       | 0.9000   | 0.5118  , 0.4882   |           
257    | 2.9335     | 0.4510     | 1.2400       | 1.2426       | 0.9729     | 0.5237       | 0.9127   | 0.5074  , 0.4926   |           
258    | 2.8564     | 0.3931     | 1.2380       | 1.2252       | 0.9812     | 0.5344       | 0.8859   | 0.5113  , 0.4887   |           
259    | 2.8663     | 0.3968     | 1.2415       | 1.2280       | 0.9646     | 0.5247       | 0.9237   | 0.4975  , 0.5025   |           
260    | 2.9086     | 0.4226     | 1.2405       | 1.2454       | 0.9729     | 0.5153       | 0.9011   | 0.4872  , 0.5128   |           
261    | 2.8331     | 0.3756     | 1.2260       | 1.2315       | 0.9688     | 0.5357       | 0.8586   | 0.5023  , 0.4977   |           
262    | 2.9342     | 0.4398     | 1.2476       | 1.2468       | 0.9708     | 0.4978       | 0.8646   | 0.5107  , 0.4893   |           
263    | 2.9276     | 0.4489     | 1.2483       | 1.2304       | 0.9802     | 0.5012       | 0.8917   | 0.4834  , 0.5166   |           
264    | 2.8641     | 0.4010     | 1.2385       | 1.2246       | 0.9750     | 0.5498       | 0.8834   | 0.5180  , 0.4820   |           
265    | 2.8826     | 0.4088     | 1.2390       | 1.2348       | 0.9552     | 0.5066       | 0.8789   | 0.5126  , 0.4874   |           
266    | 2.8784     | 0.3998     | 1.2468       | 1.2318       | 0.9760     | 0.5171       | 0.9177   | 0.4946  , 0.5054   |           
267    | 2.8781     | 0.4130     | 1.2350       | 1.2301       | 0.9677     | 0.4704       | 0.7812   | 0.4730  , 0.5270   |           
268    | 2.8503     | 0.3781     | 1.2417       | 1.2306       | 0.9750     | 0.4622       | 0.8489   | 0.4875  , 0.5125   | (ADV 0.74)
269    | 2.8775     | 0.4024     | 1.2432       | 1.2320       | 0.9667     | 0.4768       | 0.8348   | 0.5038  , 0.4962   |           
270    | 2.8744     | 0.3937     | 1.2417       | 1.2390       | 0.9688     | 0.4785       | 0.8445   | 0.4963  , 0.5037   |           
271    | 2.9078     | 0.4243     | 1.2464       | 1.2371       | 0.9792     | 0.5033       | 0.8443   | 0.4969  , 0.5031   |           
272    | 2.8843     | 0.4109     | 1.2325       | 1.2408       | 0.9802     | 0.4782       | 0.8627   | 0.5093  , 0.4907   |           
273    | 2.8911     | 0.4127     | 1.2458       | 1.2326       | 0.9771     | 0.5270       | 0.9635   | 0.5070  , 0.4930   |           
274    | 2.8674     | 0.3932     | 1.2366       | 1.2375       | 0.9708     | 0.4760       | 0.8797   | 0.5045  , 0.4955   |           
275    | 2.8822     | 0.4054     | 1.2496       | 1.2272       | 0.9781     | 0.4701       | 0.8493   | 0.4604  , 0.5396   |           
276    | 2.9182     | 0.4255     | 1.2566       | 1.2361       | 0.9802     | 0.4595       | 0.8916   | 0.4880  , 0.5120   | (ADV 0.75)
277    | 2.8974     | 0.4195     | 1.2481       | 1.2299       | 0.9802     | 0.4487       | 0.8974   | 0.5083  , 0.4917   | (ADV 0.76)
278    | 2.8554     | 0.3689     | 1.2504       | 1.2361       | 0.9708     | 0.4676       | 0.8418   | 0.4719  , 0.5281   |           
279    | 2.8965     | 0.4159     | 1.2434       | 1.2372       | 0.9740     | 0.4949       | 0.8699   | 0.4865  , 0.5135   |           
280    | 2.8705     | 0.4024     | 1.2411       | 1.2269       | 0.9760     | 0.5074       | 0.8504   | 0.4944  , 0.5056   |           
281    | 2.8308     | 0.3719     | 1.2317       | 1.2272       | 0.9646     | 0.4833       | 0.8845   | 0.4780  , 0.5220   |           
282    | 2.8953     | 0.4109     | 1.2431       | 1.2413       | 0.9792     | 0.4866       | 0.8576   | 0.5080  , 0.4920   |           
283    | 2.8799     | 0.3894     | 1.2540       | 1.2366       | 0.9750     | 0.4708       | 0.8103   | 0.4920  , 0.5080   |           
284    | 2.8961     | 0.4100     | 1.2432       | 1.2429       | 0.9802     | 0.4991       | 0.8845   | 0.4756  , 0.5244   |           
285    | 2.9063     | 0.4186     | 1.2474       | 1.2403       | 0.9656     | 0.4871       | 0.9123   | 0.4721  , 0.5279   |           
286    | 2.9296     | 0.4230     | 1.2526       | 1.2540       | 0.9792     | 0.5010       | 0.8328   | 0.5144  , 0.4856   |           
287    | 2.8472     | 0.3746     | 1.2339       | 1.2388       | 0.9708     | 0.4944       | 0.7957   | 0.4830  , 0.5170   |           
288    | 2.8790     | 0.3896     | 1.2458       | 1.2436       | 0.9740     | 0.4858       | 0.8360   | 0.5104  , 0.4896   |           
289    | 2.9005     | 0.4066     | 1.2546       | 1.2393       | 0.9625     | 0.4754       | 0.8306   | 0.4819  , 0.5181   |           
290    | 2.8849     | 0.3924     | 1.2533       | 1.2392       | 0.9708     | 0.4972       | 0.8481   | 0.4905  , 0.5095   |           
291    | 2.8486     | 0.3820     | 1.2334       | 1.2332       | 0.9771     | 0.5075       | 0.8615   | 0.4837  , 0.5163   |           
292    | 2.8216     | 0.3388     | 1.2487       | 1.2342       | 0.9698     | 0.4706       | 0.8278   | 0.4847  , 0.5153   |           
293    | 2.8490     | 0.3664     | 1.2444       | 1.2381       | 0.9583     | 0.4442       | 0.8543   | 0.4907  , 0.5093   |           
294    | 2.8594     | 0.3622     | 1.2599       | 1.2373       | 0.9542     | 0.5072       | 0.8368   | 0.5000  , 0.5000   |           
295    | 2.8898     | 0.3976     | 1.2512       | 1.2411       | 0.9729     | 0.4657       | 0.8673   | 0.4868  , 0.5132   |           
296    | 2.8904     | 0.3900     | 1.2641       | 1.2364       | 0.9781     | 0.4479       | 0.8690   | 0.4924  , 0.5076   |           
297    | 2.8546     | 0.3672     | 1.2552       | 1.2322       | 0.9740     | 0.4593       | 0.8774   | 0.4890  , 0.5110   |           
298    | 2.8685     | 0.3795     | 1.2461       | 1.2428       | 0.9552     | 0.4815       | 0.9311   | 0.4881  , 0.5119   |           
299    | 2.9043     | 0.4034     | 1.2518       | 1.2492       | 0.9781     | 0.4364       | 0.9079   | 0.5034  , 0.4966   | (ADV 0.76)
300    | 2.8780     | 0.3788     | 1.2474       | 1.2518       | 0.9781     | 0.4771       | 0.8718   | 0.4753  , 0.5247   |           
301    | 2.9582     | 0.4282     | 1.2731       | 1.2569       | 0.9802     | 0.4586       | 0.8753   | 0.4754  , 0.5246   |           
302    | 2.8849     | 0.3994     | 1.2531       | 1.2323       | 0.9844     | 0.4252       | 0.8311   | 0.4801  , 0.5199   | (ADV 0.77)
303    | 2.9104     | 0.4012     | 1.2809       | 1.2284       | 0.9760     | 0.4586       | 0.8706   | 0.4928  , 0.5072   |           
304    | 2.8700     | 0.3891     | 1.2487       | 1.2322       | 0.9833     | 0.4134       | 0.8347   | 0.5135  , 0.4865   | (ADV 0.78)
305    | 2.8993     | 0.3901     | 1.2776       | 1.2316       | 0.9750     | 0.4651       | 0.8629   | 0.5146  , 0.4854   |           
306    | 2.8569     | 0.3645     | 1.2538       | 1.2385       | 0.9823     | 0.4718       | 0.8750   | 0.4963  , 0.5037   |           
307    | 2.8717     | 0.3755     | 1.2555       | 1.2406       | 0.9823     | 0.4522       | 0.8772   | 0.5039  , 0.4961   |           
308    | 2.8933     | 0.3889     | 1.2612       | 1.2432       | 0.9750     | 0.4640       | 0.8491   | 0.5173  , 0.4827   |           
309    | 2.8793     | 0.3957     | 1.2461       | 1.2375       | 0.9781     | 0.4873       | 0.8368   | 0.4963  , 0.5037   |           
310    | 2.8829     | 0.3889     | 1.2499       | 1.2442       | 0.9781     | 0.4735       | 0.8566   | 0.4804  , 0.5196   |           
311    | 2.8699     | 0.3903     | 1.2442       | 1.2354       | 0.9573     | 0.4946       | 0.8452   | 0.4755  , 0.5245   |           
312    | 2.9140     | 0.4106     | 1.2424       | 1.2611       | 0.9792     | 0.4591       | 0.8549   | 0.4973  , 0.5027   |           
313    | 2.9147     | 0.3965     | 1.2585       | 1.2597       | 0.9708     | 0.4519       | 0.8430   | 0.4973  , 0.5027   |           
314    | 2.9115     | 0.3811     | 1.2666       | 1.2638       | 0.9792     | 0.4563       | 0.8668   | 0.4979  , 0.5021   |           
315    | 2.9276     | 0.4200     | 1.2442       | 1.2634       | 0.9812     | 0.4535       | 0.8494   | 0.5025  , 0.4975   |           
316    | 2.8313     | 0.3457     | 1.2391       | 1.2465       | 0.9750     | 0.4757       | 0.8837   | 0.5071  , 0.4929   |           
317    | 2.8212     | 0.3335     | 1.2380       | 1.2497       | 0.9792     | 0.4686       | 0.8606   | 0.4694  , 0.5306   |           
318    | 2.9175     | 0.3977     | 1.2455       | 1.2743       | 0.9563     | 0.4760       | 0.8477   | 0.4929  , 0.5071   |           
319    | 2.8395     | 0.3491     | 1.2479       | 1.2425       | 0.9760     | 0.4514       | 0.8717   | 0.4975  , 0.5025   |           
320    | 2.8844     | 0.3575     | 1.2587       | 1.2682       | 0.9667     | 0.4976       | 0.8694   | 0.5033  , 0.4967   |           
321    | 2.8750     | 0.3564     | 1.2582       | 1.2604       | 0.9812     | 0.4673       | 0.9065   | 0.4739  , 0.5261   |           
322    | 2.9275     | 0.4076     | 1.2542       | 1.2657       | 0.9781     | 0.4716       | 0.8042   | 0.4776  , 0.5224   |           
323    | 2.9014     | 0.3879     | 1.2484       | 1.2651       | 0.9802     | 0.5013       | 0.8714   | 0.4876  , 0.5124   |           
324    | 2.9091     | 0.4053     | 1.2553       | 1.2485       | 0.9823     | 0.4288       | 0.9026   | 0.4933  , 0.5067   |           
325    | 2.8581     | 0.3631     | 1.2460       | 1.2490       | 0.9771     | 0.4375       | 0.8476   | 0.4842  , 0.5158   |           
326    | 2.8812     | 0.3829     | 1.2450       | 1.2533       | 0.9802     | 0.4201       | 0.8600   | 0.4647  , 0.5353   |           
327    | 2.9108     | 0.4008     | 1.2499       | 1.2601       | 0.9771     | 0.4507       | 0.8472   | 0.5055  , 0.4945   |           
328    | 2.8576     | 0.3770     | 1.2413       | 1.2393       | 0.9448     | 0.4298       | 0.8416   | 0.4864  , 0.5136   |           
329    | 2.8758     | 0.3836     | 1.2495       | 1.2427       | 0.9802     | 0.4547       | 0.8893   | 0.4892  , 0.5108   |           
330    | 2.8317     | 0.3568     | 1.2411       | 1.2338       | 0.9781     | 0.4600       | 0.8595   | 0.5022  , 0.4978   |           
331    | 2.8752     | 0.3639     | 1.2581       | 1.2532       | 0.9760     | 0.4653       | 0.8702   | 0.4941  , 0.5059   |           
332    | 2.8522     | 0.3515     | 1.2569       | 1.2439       | 0.9750     | 0.4394       | 0.8552   | 0.5054  , 0.4946   |           
333    | 2.8971     | 0.3802     | 1.2649       | 1.2520       | 0.9812     | 0.4683       | 0.8709   | 0.4664  , 0.5336   |           
334    | 2.8640     | 0.3612     | 1.2476       | 1.2552       | 0.9729     | 0.4559       | 0.8623   | 0.4959  , 0.5041   |           
335    | 2.8328     | 0.3471     | 1.2481       | 1.2376       | 0.9781     | 0.4234       | 0.8532   | 0.5090  , 0.4910   |           
336    | 2.8870     | 0.3832     | 1.2549       | 1.2489       | 0.9833     | 0.4814       | 0.8786   | 0.4800  , 0.5200   |           
337    | 2.9321     | 0.4128     | 1.2590       | 1.2604       | 0.9740     | 0.4714       | 0.8422   | 0.4896  , 0.5104   |           
338    | 2.8911     | 0.3806     | 1.2619       | 1.2486       | 0.9823     | 0.4522       | 0.8739   | 0.4977  , 0.5023   |           
339    | 2.8593     | 0.3514     | 1.2694       | 1.2385       | 0.9667     | 0.4640       | 0.7620   | 0.4943  , 0.5057   |           
340    | 2.8909     | 0.3805     | 1.2608       | 1.2496       | 0.9760     | 0.4649       | 0.8456   | 0.4881  , 0.5119   |           
341    | 2.9720     | 0.4436     | 1.2722       | 1.2562       | 0.9719     | 0.4914       | 0.9557   | 0.4861  , 0.5139   |           
342    | 2.8872     | 0.3815     | 1.2590       | 1.2467       | 0.9698     | 0.4673       | 0.8271   | 0.4860  , 0.5140   |           
343    | 2.8856     | 0.3541     | 1.2720       | 1.2595       | 0.9760     | 0.4526       | 0.8402   | 0.4902  , 0.5098   |           
344    | 2.9213     | 0.3859     | 1.2697       | 1.2657       | 0.9760     | 0.4719       | 0.8654   | 0.4977  , 0.5023   |           
345    | 2.9079     | 0.3922     | 1.2682       | 1.2475       | 0.9708     | 0.4484       | 0.9016   | 0.5154  , 0.4846   |           
346    | 2.8835     | 0.3637     | 1.2679       | 1.2519       | 0.9740     | 0.4174       | 0.9079   | 0.5135  , 0.4865   |           
347    | 2.9014     | 0.3674     | 1.2722       | 1.2617       | 0.9760     | 0.4577       | 0.8714   | 0.4855  , 0.5145   |           
348    | 2.9129     | 0.3868     | 1.2718       | 1.2543       | 0.9750     | 0.4574       | 0.8690   | 0.5128  , 0.4872   |           
349    | 2.9320     | 0.4054     | 1.2697       | 1.2569       | 0.9802     | 0.4236       | 0.8864   | 0.5205  , 0.4795   |           
350    | 2.8761     | 0.3477     | 1.2685       | 1.2599       | 0.9719     | 0.4403       | 0.8494   | 0.5108  , 0.4892   |           
351    | 2.8736     | 0.3621     | 1.2630       | 1.2486       | 0.9448     | 0.4621       | 0.8485   | 0.5140  , 0.4860   |           
352    | 2.9073     | 0.3990     | 1.2652       | 1.2432       | 0.9708     | 0.4832       | 0.8827   | 0.5079  , 0.4921   |           
353    | 2.8592     | 0.3379     | 1.2669       | 1.2544       | 0.9604     | 0.4467       | 0.9075   | 0.5198  , 0.4802   |           
354    | 2.9112     | 0.3840     | 1.2645       | 1.2626       | 0.9802     | 0.4677       | 0.8303   | 0.5234  , 0.4766   |           
355    | 2.9107     | 0.3711     | 1.2645       | 1.2751       | 0.9698     | 0.4740       | 0.8697   | 0.5279  , 0.4721   |           
356    | 2.9042     | 0.3669     | 1.2668       | 1.2706       | 0.9677     | 0.4554       | 0.8707   | 0.5349  , 0.4651   |           
357    | 2.9351     | 0.4011     | 1.2701       | 1.2638       | 0.9646     | 0.4469       | 0.8240   | 0.5285  , 0.4715   |           
358    | 2.8785     | 0.3551     | 1.2535       | 1.2698       | 0.9646     | 0.4227       | 0.8438   | 0.4896  , 0.5104   |           
359    | 2.9420     | 0.3998     | 1.2621       | 1.2801       | 0.9552     | 0.4198       | 0.7854   | 0.5034  , 0.4966   |           
360    | 2.9103     | 0.3807     | 1.2581       | 1.2715       | 0.9792     | 0.4324       | 0.8045   | 0.4904  , 0.5096   |           
361    | 2.9106     | 0.3657     | 1.2672       | 1.2777       | 0.9594     | 0.4474       | 0.8282   | 0.5240  , 0.4760   |           
362    | 2.9218     | 0.3755     | 1.2740       | 1.2722       | 0.9781     | 0.3990       | 0.8262   | 0.5011  , 0.4989   | (ADV 0.78)
363    | 2.9398     | 0.4047     | 1.2690       | 1.2661       | 0.9760     | 0.4629       | 0.8412   | 0.5029  , 0.4971   |           
364    | 2.8955     | 0.3754     | 1.2528       | 1.2674       | 0.9781     | 0.4769       | 0.8105   | 0.5199  , 0.4801   |           
365    | 2.9171     | 0.3740     | 1.2704       | 1.2727       | 0.9740     | 0.4673       | 0.8695   | 0.5222  , 0.4778   |           
366    | 2.9040     | 0.3722     | 1.2675       | 1.2644       | 0.9781     | 0.4493       | 0.8769   | 0.5258  , 0.4742   |           
367    | 2.9044     | 0.3650     | 1.2808       | 1.2585       | 0.9760     | 0.4609       | 0.7967   | 0.5169  , 0.4831   |           
368    | 2.9110     | 0.3797     | 1.2644       | 1.2670       | 0.9677     | 0.4395       | 0.7741   | 0.5055  , 0.4945   |           
369    | 2.8980     | 0.3550     | 1.2649       | 1.2782       | 0.9760     | 0.4529       | 0.7823   | 0.5041  , 0.4959   |           
370    | 2.8846     | 0.3473     | 1.2728       | 1.2645       | 0.9708     | 0.4534       | 0.8321   | 0.5041  , 0.4959   |           
371    | 2.9123     | 0.3751     | 1.2691       | 1.2681       | 0.9615     | 0.4789       | 0.8381   | 0.5087  , 0.4913   |           
372    | 2.8553     | 0.3287     | 1.2670       | 1.2596       | 0.9729     | 0.4572       | 0.8116   | 0.5113  , 0.4887   |           
373    | 2.9077     | 0.3725     | 1.2654       | 1.2698       | 0.9812     | 0.4459       | 0.8031   | 0.4987  , 0.5013   |           
374    | 2.8852     | 0.3530     | 1.2651       | 1.2672       | 0.9771     | 0.5172       | 0.8452   | 0.5000  , 0.5000   |           
375    | 2.8965     | 0.3390     | 1.2817       | 1.2759       | 0.9583     | 0.4632       | 0.8015   | 0.5183  , 0.4817   |           
376    | 2.9026     | 0.3542     | 1.2755       | 1.2728       | 0.9771     | 0.4631       | 0.8230   | 0.5241  , 0.4759   |           
377    | 2.8823     | 0.3394     | 1.2724       | 1.2705       | 0.9698     | 0.4688       | 0.8579   | 0.5175  , 0.4825   |           
378    | 2.8733     | 0.3193     | 1.2791       | 1.2749       | 0.9792     | 0.4275       | 0.7988   | 0.5253  , 0.4747   |           
379    | 2.8795     | 0.3463     | 1.2753       | 1.2580       | 0.9646     | 0.4395       | 0.8291   | 0.5312  , 0.4688   |           
380    | 2.9154     | 0.3694     | 1.2738       | 1.2722       | 0.9771     | 0.4522       | 0.8300   | 0.5286  , 0.4714   |           
381    | 2.9042     | 0.3506     | 1.2779       | 1.2757       | 0.9750     | 0.4758       | 0.8594   | 0.5105  , 0.4895   |           
382    | 2.9164     | 0.3607     | 1.2741       | 1.2816       | 0.9771     | 0.4638       | 0.8221   | 0.5270  , 0.4730   |           
383    | 2.9543     | 0.3847     | 1.2851       | 1.2845       | 0.9750     | 0.4523       | 0.8531   | 0.5018  , 0.4982   |           
384    | 2.9362     | 0.3929     | 1.2693       | 1.2740       | 0.9833     | 0.4622       | 0.8734   | 0.5110  , 0.4890   |           
385    | 2.9172     | 0.3615     | 1.2756       | 1.2801       | 0.9781     | 0.4354       | 0.8384   | 0.5325  , 0.4675   |           
386    | 2.8836     | 0.3437     | 1.2687       | 1.2712       | 0.9760     | 0.4893       | 0.8133   | 0.5210  , 0.4790   |           
387    | 2.9031     | 0.3565     | 1.2725       | 1.2741       | 0.9760     | 0.4737       | 0.8466   | 0.5191  , 0.4809   |           
388    | 2.8999     | 0.3417     | 1.2773       | 1.2808       | 0.9781     | 0.4653       | 0.7987   | 0.5308  , 0.4692   |           
389    | 2.9088     | 0.3521     | 1.2790       | 1.2778       | 0.9771     | 0.4895       | 0.9301   | 0.5236  , 0.4764   |           
390    | 2.8960     | 0.3434     | 1.2711       | 1.2815       | 0.9708     | 0.4690       | 0.9200   | 0.5316  , 0.4684   |           
391    | 2.9564     | 0.3963     | 1.2739       | 1.2861       | 0.9750     | 0.4562       | 0.8574   | 0.5301  , 0.4699   |           
392    | 2.9711     | 0.4125     | 1.2784       | 1.2802       | 0.9760     | 0.4990       | 0.8263   | 0.5447  , 0.4553   |           
393    | 2.9458     | 0.3898     | 1.2738       | 1.2822       | 0.9740     | 0.5464       | 0.8433   | 0.5400  , 0.4600   |           
394    | 2.9303     | 0.3709     | 1.2768       | 1.2826       | 0.9552     | 0.4867       | 0.7945   | 0.5398  , 0.4602   |           
395    | 2.9097     | 0.3756     | 1.2663       | 1.2678       | 0.9729     | 0.4610       | 0.8044   | 0.5381  , 0.4619   |           
396    | 2.9396     | 0.3833     | 1.2791       | 1.2772       | 0.9688     | 0.5204       | 0.8381   | 0.5622  , 0.4378   |           
397    | 2.9061     | 0.3515     | 1.2785       | 1.2760       | 0.9750     | 0.4796       | 0.8035   | 0.5454  , 0.4546   |           
398    | 2.9375     | 0.3802     | 1.2837       | 1.2735       | 0.9531     | 0.4850       | 0.9165   | 0.5301  , 0.4699   |           
399    | 2.8901     | 0.3316     | 1.2775       | 1.2810       | 0.9781     | 0.4790       | 0.8873   | 0.5357  , 0.4643   |           
400    | 2.9104     | 0.3563     | 1.2787       | 1.2755       | 0.9750     | 0.4903       | 0.8029   | 0.5072  , 0.4928   |           
Seed 123456 | Src Acc: 97.4490 | Src MDE: 0.0424 | Tgt Acc: 34.4898 | Tgt MDE: 0.8262
Finished Combo FusionCDAN_2_3_4. Results saved.
