Mode: Fusion | Features: RSSI(4) + RTT(2)
Model Input Dimension: 6
cuda
Start Training Seed 42...
Epoch  | Total Loss | l_sc       | l_dc       | l_tc       | l_ca       | val_l_sc     | val_l_dc     | Save        | Test MDE | Score  
---------------------------------------------------------------------------------------------------------------------------------------
1      | 11.1078    | 3.6770     | 2.8215     | 3.8008     | 0.8085     | 3.2998       | 3.8011       |             | 3.0446   | 7.101  
2      | 9.9278     | 3.1835     | 2.7348     | 3.7692     | 0.2403     | 2.9032       | 3.7622       |             | 2.0554   | 6.665  
3      | 9.3740     | 2.8975     | 2.6827     | 3.6753     | 0.1184     | 2.6201       | 3.5665       |             | 1.8668   | 6.187  
4      | 8.8699     | 2.7179     | 2.6327     | 3.4480     | 0.0713     | 2.4670       | 3.3633       |             | 1.8949   | 5.830  
5      | 8.3991     | 2.5714     | 2.5754     | 3.1903     | 0.0621     | 2.3010       | 3.1307       |             | 1.9406   | 5.432  
6      | 7.8953     | 2.4127     | 2.5016     | 2.9358     | 0.0451     | 2.1441       | 2.8088       |             | 1.8344   | 4.953  
7      | 7.2921     | 2.2740     | 2.4130     | 2.5738     | 0.0312     | 2.0658       | 2.5241       |             | 1.9340   | 4.590  
8      | 6.6813     | 2.2169     | 2.3260     | 2.1100     | 0.0283     | 1.9518       | 2.0737       |             | 2.5096   | 4.026  
9      | 5.9139     | 2.1500     | 2.2228     | 1.5187     | 0.0224     | 1.8922       | 1.4648       |             | 2.6902   | 3.357  
10     | 5.0364     | 2.0183     | 2.0904     | 0.9064     | 0.0212     | 1.7946       | 1.0790       |             | 2.7853   | 2.874  
11     | 4.3732     | 1.8161     | 1.9418     | 0.5949     | 0.0203     | 1.7218       | 0.9261       |             | 2.9181   | 2.648  
12     | 3.7074     | 1.5551     | 1.7126     | 0.4238     | 0.0161     | 1.5866       | 0.6307       |             | 2.9082   | 2.217  
13     | 3.4869     | 1.4592     | 1.6114     | 0.3949     | 0.0213     | 1.7918       | 0.5098       |             | 2.9247   | 2.302  
14     | 3.2348     | 1.3384     | 1.4764     | 0.3965     | 0.0236     | 1.4964       | 0.5209       |             | 2.9098   | 2.017  
15     | 2.8253     | 1.1794     | 1.3414     | 0.2926     | 0.0119     | 1.0262       | 0.6848       |             | 2.8884   | 1.711  
16     | 2.4021     | 0.9864     | 1.1538     | 0.2503     | 0.0116     | 0.9774       | 0.5850       |             | 2.8442   | 1.562  
17     | 2.2884     | 0.9277     | 1.1027     | 0.2364     | 0.0216     | 0.7455       | 0.7073       |             | 2.9059   | 1.453  
18     | 1.9203     | 0.7930     | 0.9242     | 0.1904     | 0.0127     | 0.7309       | 0.5873       |             | 2.8501   | 1.318  
19     | 1.8250     | 0.7607     | 0.8811     | 0.1746     | 0.0087     | 0.9196       | 0.3887       |             | 2.8698   | 1.308  
20     | 1.5730     | 0.6553     | 0.7596     | 0.1493     | 0.0088     | 0.6441       | 0.6620       |             | 2.8489   | 1.306  
21     | 1.5219     | 0.6266     | 0.7401     | 0.1452     | 0.0099     | 0.6272       | 0.4739       |             | 2.7669   | 1.101  
22     | 1.3100     | 0.5748     | 0.6071     | 0.1173     | 0.0108     | 0.6910       | 0.4787       |             | 2.8684   | 1.170  
23     | 1.2842     | 0.5257     | 0.6043     | 0.1409     | 0.0133     | 0.5842       | 0.4401       |             | 2.8867   | 1.024  
24     | 1.1947     | 0.5259     | 0.5430     | 0.1167     | 0.0091     | 0.7560       | 0.3883       |             | 2.8268   | 1.144  
25     | 1.0570     | 0.4525     | 0.4871     | 0.1069     | 0.0104     | 0.7356       | 0.3340       |             | 2.6672   | 1.070  
26     | 1.0848     | 0.4508     | 0.5000     | 0.1203     | 0.0136     | 0.6278       | 0.4035       |             | 2.6880   | 1.031  
27     | 1.0200     | 0.4532     | 0.4655     | 0.0931     | 0.0081     | 0.4421       | 0.6096       |             | 2.7452   | 1.052  
28     | 1.0587     | 0.4595     | 0.4417     | 0.1456     | 0.0118     | 0.4049       | 0.6131       |             | 2.6936   | 1.018  
29     | 0.9193     | 0.4173     | 0.3990     | 0.0946     | 0.0084     | 0.5954       | 0.3864       |             | 2.7307   | 0.982  
30     | 0.8543     | 0.3727     | 0.3824     | 0.0899     | 0.0093     | 0.5312       | 0.3669       |             | 2.7540   | 0.898  
31     | 0.7779     | 0.3508     | 0.3345     | 0.0814     | 0.0112     | 0.4206       | 0.3715       |             | 2.8467   | 0.792  
32     | 0.7720     | 0.3442     | 0.3427     | 0.0775     | 0.0075     | 0.5265       | 0.3239       |             | 2.7094   | 0.850  
33     | 0.6982     | 0.3117     | 0.3113     | 0.0686     | 0.0066     | 0.5647       | 0.2846       |             | 2.8527   | 0.849  
34     | 0.6547     | 0.3012     | 0.2821     | 0.0640     | 0.0073     | 0.3711       | 0.3537       |             | 2.8305   | 0.725  
35     | 0.7536     | 0.3418     | 0.3156     | 0.0863     | 0.0098     | 0.6519       | 0.2108       |             | 2.8401   | 0.863  
36     | 0.6474     | 0.2997     | 0.2714     | 0.0693     | 0.0069     | 0.3032       | 0.5349       |             | 2.7393   | 0.838  
37     | 0.6181     | 0.2909     | 0.2541     | 0.0623     | 0.0108     | 0.5370       | 0.3612       |             | 2.8556   | 0.898  
38     | 0.6560     | 0.3225     | 0.2673     | 0.0599     | 0.0063     | 0.3120       | 0.4712       |             | 2.7360   | 0.783  
39     | 0.6248     | 0.2972     | 0.2450     | 0.0742     | 0.0084     | 0.3504       | 0.3583       |             | 2.8454   | 0.709  
40     | 0.6337     | 0.2860     | 0.2711     | 0.0631     | 0.0134     | 0.1896       | 0.5099       |             | 2.8266   | 0.700  
41     | 0.5006     | 0.2246     | 0.2229     | 0.0471     | 0.0059     | 0.5362       | 0.1939       |             | 2.8465   | 0.730  
42     | 0.5312     | 0.2605     | 0.2156     | 0.0468     | 0.0083     | 0.5077       | 0.2724       |             | 2.7247   | 0.780  
43     | 0.4739     | 0.2324     | 0.1937     | 0.0453     | 0.0026     | 0.3757       | 0.2928       |             | 2.7949   | 0.669  
44     | 0.4845     | 0.2425     | 0.1923     | 0.0458     | 0.0039     | 0.2340       | 0.7740       |             | 2.0656   | 1.008  
45     | 0.5105     | 0.2545     | 0.1987     | 0.0522     | 0.0051     | 0.3413       | 0.3134       |             | 2.8627   | 0.655  
46     | 0.4450     | 0.2203     | 0.1764     | 0.0405     | 0.0079     | 0.5553       | 0.2137       |             | 2.8470   | 0.769  
47     | 0.4005     | 0.2073     | 0.1561     | 0.0336     | 0.0035     | 0.2439       | 0.4218       |             | 2.8294   | 0.666  
48     | 0.4108     | 0.2008     | 0.1737     | 0.0309     | 0.0055     | 0.3289       | 0.3233       |             | 2.8103   | 0.652  
49     | 0.3998     | 0.1854     | 0.1638     | 0.0460     | 0.0046     | 0.4144       | 0.3974       |             | 2.7998   | 0.812  
50     | 0.4394     | 0.2111     | 0.1695     | 0.0557     | 0.0031     | 0.3708       | 0.2539       |             | 2.8480   | 0.625  
51     | 0.4242     | 0.1923     | 0.1756     | 0.0531     | 0.0032     | 0.4669       | 0.3048       |             | 2.8491   | 0.772  
52     | 0.4554     | 0.2127     | 0.1818     | 0.0527     | 0.0082     | 0.3670       | 0.3459       |             | 2.6946   | 0.713  
53     | 0.4429     | 0.2162     | 0.1798     | 0.0433     | 0.0036     | 0.5193       | 0.2055       |             | 2.7757   | 0.725  
54     | 0.4337     | 0.2186     | 0.1687     | 0.0375     | 0.0089     | 0.2739       | 0.5271       |             | 2.6917   | 0.801  
55     | 0.3948     | 0.1876     | 0.1598     | 0.0418     | 0.0056     | 0.3668       | 0.2413       |             | 2.7479   | 0.608  
56     | 0.3627     | 0.1832     | 0.1458     | 0.0293     | 0.0044     | 0.2768       | 0.3144       |             | 2.7651   | 0.591  
57     | 0.4148     | 0.2048     | 0.1539     | 0.0501     | 0.0060     | 0.3505       | 0.2497       |             | 2.7198   | 0.600  
58     | 0.3815     | 0.1788     | 0.1618     | 0.0366     | 0.0043     | 0.4411       | 0.2247       |             | 2.7230   | 0.666  
59     | 0.3217     | 0.1615     | 0.1262     | 0.0290     | 0.0050     | 0.3826       | 0.2141       |             | 2.7124   | 0.597  
60     | 0.3533     | 0.1613     | 0.1505     | 0.0383     | 0.0032     | 0.5084       | 0.1588       |             | 2.7479   | 0.667  
61     | 0.3496     | 0.1656     | 0.1433     | 0.0357     | 0.0050     | 0.2314       | 0.4154       |             | 2.7627   | 0.647  
62     | 0.3516     | 0.1693     | 0.1432     | 0.0359     | 0.0032     | 0.4624       | 0.1701       |             | 2.8141   | 0.632  
63     | 0.3869     | 0.1778     | 0.1635     | 0.0377     | 0.0078     | 0.4656       | 0.2451       |             | 2.7102   | 0.711  
64     | 0.3851     | 0.1846     | 0.1601     | 0.0361     | 0.0042     | 0.4997       | 0.2217       |             | 2.7723   | 0.721  
65     | 0.3923     | 0.1788     | 0.1741     | 0.0350     | 0.0044     | 0.4013       | 0.3013       |             | 2.7283   | 0.703  
66     | 0.3892     | 0.1722     | 0.1798     | 0.0328     | 0.0044     | 0.3459       | 0.3137       |             | 2.7034   | 0.660  
67     | 0.4270     | 0.1678     | 0.2063     | 0.0478     | 0.0052     | 0.3603       | 0.3130       |             | 2.6995   | 0.673  
68     | 0.4520     | 0.1680     | 0.2357     | 0.0439     | 0.0044     | 0.5223       | 0.2763       |             | 2.7142   | 0.799  
69     | 0.4834     | 0.1748     | 0.2469     | 0.0462     | 0.0154     | 0.4986       | 0.2148       |             | 2.7312   | 0.713  
70     | 0.4793     | 0.1416     | 0.2818     | 0.0512     | 0.0048     | 0.3204       | 0.3781       |             | 2.7320   | 0.698  
71     | 0.5512     | 0.1924     | 0.3072     | 0.0475     | 0.0042     | 0.5595       | 0.1689       |             | 2.7089   | 0.728  
72     | 0.5935     | 0.1775     | 0.3681     | 0.0412     | 0.0066     | 0.6590       | 0.4068       |             | 2.7385   | 1.066  
73     | 0.6583     | 0.1714     | 0.4114     | 0.0655     | 0.0101     | 0.4214       | 0.2707       |             | 2.7233   | 0.692  
74     | 0.6940     | 0.2169     | 0.4125     | 0.0572     | 0.0075     | 0.3057       | 0.3963       |             | 2.7217   | 0.702  
75     | 0.7295     | 0.2311     | 0.4308     | 0.0569     | 0.0107     | 0.4331       | 0.3358       |             | 2.9235   | 0.769  
76     | 0.7367     | 0.2019     | 0.4571     | 0.0667     | 0.0109     | 0.5866       | 0.1907       |             | 2.7371   | 0.777  
77     | 0.8202     | 0.2107     | 0.5054     | 0.0871     | 0.0171     | 0.4128       | 0.3226       |             | 2.5783   | 0.735  
78     | 0.7434     | 0.1937     | 0.4813     | 0.0566     | 0.0118     | 0.5839       | 0.3320       |             | 2.7784   | 0.916  
79     | 0.9409     | 0.2400     | 0.5831     | 0.0994     | 0.0184     | 0.4513       | 0.4481       |             | 2.5425   | 0.899  
80     | 1.1116     | 0.2742     | 0.6823     | 0.1293     | 0.0258     | 0.3978       | 0.4086       |             | 2.7089   | 0.806  
81     | 1.0427     | 0.2401     | 0.6899     | 0.0923     | 0.0204     | 0.3666       | 0.4136       |             | 2.6867   | 0.780  
82     | 1.0485     | 0.2672     | 0.6676     | 0.0942     | 0.0196     | 0.6214       | 0.2554       |             | 2.6206   | 0.877  
83     | 1.0311     | 0.2481     | 0.6586     | 0.0975     | 0.0269     | 0.5328       | 0.2942       |             | 2.8092   | 0.827  
84     | 0.9305     | 0.2514     | 0.5743     | 0.0867     | 0.0181     | 0.2559       | 0.7006       |             | 2.5525   | 0.956  
85     | 0.8098     | 0.1797     | 0.5295     | 0.0819     | 0.0187     | 0.2743       | 0.5195       |             | 2.6542   | 0.794  
86     | 0.9369     | 0.2858     | 0.5562     | 0.0768     | 0.0181     | 0.4674       | 0.3130       |             | 2.6874   | 0.780  
87     | 0.9017     | 0.2423     | 0.5355     | 0.1017     | 0.0222     | 0.4151       | 0.3122       |             | 2.6460   | 0.727  
88     | 0.8081     | 0.2448     | 0.4685     | 0.0784     | 0.0165     | 0.3274       | 0.3720       |             | 2.5994   | 0.699  
89     | 0.7365     | 0.1972     | 0.4474     | 0.0791     | 0.0129     | 0.2725       | 0.5442       |             | 2.7128   | 0.817  
90     | 0.7406     | 0.2177     | 0.4343     | 0.0765     | 0.0121     | 0.4713       | 0.3752       |             | 2.6193   | 0.847  
91     | 0.7603     | 0.2303     | 0.4346     | 0.0803     | 0.0150     | 0.5430       | 0.2802       |             | 2.6703   | 0.823  
92     | 0.7834     | 0.2233     | 0.4625     | 0.0798     | 0.0177     | 0.4925       | 0.2314       |             | 2.6366   | 0.724  
93     | 0.7298     | 0.2051     | 0.4502     | 0.0620     | 0.0125     | 0.4215       | 0.3543       |             | 2.5623   | 0.776  
94     | 0.7486     | 0.1945     | 0.4798     | 0.0622     | 0.0122     | 0.3997       | 0.3248       |             | 2.6557   | 0.724  
95     | 1.0345     | 0.2625     | 0.6590     | 0.0924     | 0.0207     | 0.3870       | 0.4307       |             | 2.8251   | 0.818  
96     | 1.0955     | 0.2377     | 0.7278     | 0.1026     | 0.0274     | 0.4092       | 0.4487       |             | 2.6142   | 0.858  
97     | 1.1872     | 0.2462     | 0.8018     | 0.1107     | 0.0285     | 0.6862       | 0.1914       |             | 2.7669   | 0.878  
98     | 1.3327     | 0.2971     | 0.8648     | 0.1371     | 0.0336     | 0.3074       | 0.4249       |             | 2.3585   | 0.732  
99     | 1.1562     | 0.2647     | 0.7317     | 0.1228     | 0.0371     | 0.3126       | 0.2445       |             | 2.5281   | 0.557  
100    | 0.9826     | 0.2390     | 0.6233     | 0.0974     | 0.0228     | 0.2777       | 0.3771       |             | 2.4817   | 0.655  
101    | 0.9774     | 0.2118     | 0.6349     | 0.0987     | 0.0319     | 0.3638       | 0.3212       |             | 2.5171   | 0.685  
102    | 1.0845     | 0.2852     | 0.6761     | 0.1023     | 0.0209     | 0.3751       | 0.3979       |             | 2.5624   | 0.773  
103    | 0.8270     | 0.2214     | 0.4981     | 0.0833     | 0.0242     | 0.4316       | 0.2652       |             | 2.5118   | 0.697  
104    | 0.8334     | 0.2451     | 0.4897     | 0.0771     | 0.0215     | 0.3741       | 0.2983       |             | 2.5169   | 0.672  
105    | 0.7854     | 0.2207     | 0.4547     | 0.0880     | 0.0220     | 0.2369       | 0.3375       |             | 2.5355   | 0.574  
106    | 0.7459     | 0.2302     | 0.4236     | 0.0758     | 0.0162     | 0.4178       | 0.2481       |             | 2.6187   | 0.666  
107    | 0.7054     | 0.1961     | 0.3945     | 0.0926     | 0.0220     | 0.1959       | 0.4662       |             | 2.2050   | 0.662  
108    | 0.6715     | 0.1807     | 0.3874     | 0.0865     | 0.0168     | 0.5085       | 0.2112       |             | 2.5439   | 0.720  
109    | 0.6462     | 0.1965     | 0.3666     | 0.0717     | 0.0114     | 0.2633       | 0.4300       |             | 2.5271   | 0.693  
110    | 0.5725     | 0.1821     | 0.3192     | 0.0608     | 0.0104     | 0.4932       | 0.2641       |             | 2.5748   | 0.757  
111    | 0.6505     | 0.2092     | 0.3435     | 0.0795     | 0.0184     | 0.3454       | 0.3139       |             | 2.6816   | 0.659  
112    | 0.6322     | 0.2095     | 0.3299     | 0.0772     | 0.0157     | 0.2521       | 0.3650       |             | 2.4645   | 0.617  
113    | 0.5686     | 0.1691     | 0.3150     | 0.0714     | 0.0131     | 0.2140       | 0.2247       |             | 2.5621   | 0.439  
114    | 0.5795     | 0.1771     | 0.3232     | 0.0659     | 0.0133     | 0.4311       | 0.2191       |             | 2.7678   | 0.650  
115    | 0.6284     | 0.1911     | 0.3482     | 0.0772     | 0.0119     | 0.2363       | 0.4140       |             | 2.4234   | 0.650  
116    | 0.6131     | 0.1811     | 0.3387     | 0.0788     | 0.0145     | 0.3646       | 0.2540       |             | 2.6320   | 0.619  
117    | 0.6119     | 0.1705     | 0.3424     | 0.0832     | 0.0157     | 0.4529       | 0.2410       |             | 2.4808   | 0.694  
118    | 0.6477     | 0.2059     | 0.3521     | 0.0742     | 0.0156     | 0.2238       | 0.4051       |             | 2.6355   | 0.629  
119    | 0.6667     | 0.2108     | 0.3475     | 0.0892     | 0.0192     | 0.2827       | 0.3199       |             | 2.5320   | 0.603  
120    | 0.6679     | 0.1979     | 0.3609     | 0.0961     | 0.0129     | 0.3949       | 0.1888       |             | 2.6111   | 0.584  
121    | 0.6100     | 0.1771     | 0.3430     | 0.0763     | 0.0136     | 0.3722       | 0.2263       |             | 2.7787   | 0.599  
122    | 0.7544     | 0.2064     | 0.4267     | 0.0960     | 0.0252     | 0.2016       | 0.4011       |             | 2.4329   | 0.603  
123    | 0.8123     | 0.2149     | 0.4838     | 0.0954     | 0.0181     | 0.3475       | 0.2958       |             | 2.5098   | 0.643  
124    | 0.9764     | 0.2403     | 0.5841     | 0.1206     | 0.0314     | 0.3846       | 0.2777       |             | 2.3208   | 0.662  
125    | 0.8857     | 0.2377     | 0.4990     | 0.1085     | 0.0405     | 0.2868       | 0.2595       |             | 2.7360   | 0.546  
126    | 0.9436     | 0.2243     | 0.5614     | 0.1229     | 0.0349     | 0.4034       | 0.2381       |             | 2.7406   | 0.641  
127    | 1.0765     | 0.2719     | 0.6368     | 0.1333     | 0.0343     | 0.3427       | 0.3391       |             | 2.6066   | 0.682  
128    | 1.1755     | 0.2993     | 0.7039     | 0.1359     | 0.0365     | 0.2553       | 0.3439       |             | 2.6657   | 0.599  
129    | 1.2140     | 0.2570     | 0.7632     | 0.1585     | 0.0353     | 0.2297       | 0.3663       |             | 2.3204   | 0.596  
130    | 1.2280     | 0.2589     | 0.7602     | 0.1668     | 0.0421     | 0.3244       | 0.3019       |             | 2.3901   | 0.626  
131    | 1.3005     | 0.2886     | 0.8073     | 0.1739     | 0.0307     | 0.3372       | 0.2900       |             | 2.3171   | 0.627  
132    | 1.2094     | 0.3036     | 0.7444     | 0.1287     | 0.0326     | 0.2986       | 0.1703       |             | 2.4686   | 0.469  
133    | 1.1869     | 0.2766     | 0.7370     | 0.1396     | 0.0336     | 0.2212       | 0.2877       |             | 2.3767   | 0.509  
134    | 1.1642     | 0.2500     | 0.7248     | 0.1524     | 0.0371     | 0.3267       | 0.4458       |             | 2.2430   | 0.773  
135    | 1.4023     | 0.3307     | 0.8581     | 0.1734     | 0.0400     | 0.3243       | 0.2773       |             | 2.3632   | 0.602  
136    | 1.4525     | 0.3612     | 0.8278     | 0.2015     | 0.0619     | 0.1910       | 0.3806       |             | 2.4862   | 0.572  
137    | 1.3458     | 0.3277     | 0.8088     | 0.1624     | 0.0469     | 0.3045       | 0.3643       |             | 2.4162   | 0.669  
138    | 1.3022     | 0.2720     | 0.8206     | 0.1711     | 0.0386     | 0.2840       | 0.2717       |             | 2.7855   | 0.556  
139    | 1.4186     | 0.3452     | 0.8200     | 0.1958     | 0.0576     | 0.4063       | 0.2228       |             | 2.3231   | 0.629  
140    | 1.1530     | 0.2760     | 0.6790     | 0.1506     | 0.0475     | 0.2832       | 0.1904       |             | 2.5924   | 0.474  
141    | 1.2773     | 0.2588     | 0.7621     | 0.1983     | 0.0581     | 0.2457       | 0.3402       |             | 2.2183   | 0.586  
142    | 1.3474     | 0.2701     | 0.8400     | 0.1955     | 0.0419     | 0.1851       | 0.3660       |             | 2.3042   | 0.551  
143    | 1.4670     | 0.3033     | 0.9083     | 0.1962     | 0.0592     | 0.3472       | 0.3386       |             | 2.2815   | 0.686  
144    | 1.6664     | 0.3389     | 0.9996     | 0.2628     | 0.0652     | 0.2263       | 0.3579       |             | 2.1244   | 0.584  
145    | 1.6332     | 0.3620     | 0.9822     | 0.2278     | 0.0613     | 0.1709       | 0.2844       |             | 1.9658   | 0.455  
146    | 1.4860     | 0.3292     | 0.9053     | 0.1959     | 0.0555     | 0.1397       | 0.2822       |             | 2.0730   | 0.422  
147    | 1.3052     | 0.2910     | 0.7889     | 0.1827     | 0.0426     | 0.1598       | 0.3479       |             | 2.2720   | 0.508  
148    | 1.4206     | 0.2728     | 0.9072     | 0.1951     | 0.0454     | 0.2692       | 0.3268       |             | 2.2678   | 0.596  
149    | 1.5975     | 0.2961     | 1.0173     | 0.2336     | 0.0505     | 0.2694       | 0.4622       |             | 2.2337   | 0.732  
150    | 1.7950     | 0.3889     | 1.0862     | 0.2595     | 0.0604     | 0.1880       | 0.3938       |             | 2.1472   | 0.582  
151    | 1.6591     | 0.2982     | 1.0412     | 0.2603     | 0.0594     | 0.1640       | 0.3086       |             | 1.9132   | 0.473  
152    | 1.6263     | 0.3336     | 1.0110     | 0.2329     | 0.0487     | 0.1741       | 0.2983       |             | 2.0810   | 0.472  
153    | 1.5608     | 0.3320     | 0.9202     | 0.2547     | 0.0539     | 0.1222       | 0.4215       |             | 2.0504   | 0.544  
154    | 1.5684     | 0.2615     | 0.9821     | 0.2630     | 0.0618     | 0.1254       | 0.3428       |             | 2.0140   | 0.468  
155    | 1.5327     | 0.2797     | 0.9677     | 0.2113     | 0.0739     | 0.2305       | 0.2633       |             | 2.0121   | 0.494  
156    | 1.5274     | 0.3391     | 0.9162     | 0.2099     | 0.0622     | 0.1554       | 0.2676       |             | 1.9761   | 0.423  
157    | 1.5783     | 0.3144     | 0.9874     | 0.2203     | 0.0562     | 0.2121       | 0.3612       |             | 2.1460   | 0.573  
158    | 1.7414     | 0.3434     | 1.0978     | 0.2302     | 0.0700     | 0.1853       | 0.2720       |             | 2.3550   | 0.457  
159    | 1.6012     | 0.3057     | 1.0166     | 0.2301     | 0.0488     | 0.2387       | 0.3139       |             | 2.1586   | 0.553  
160    | 1.5699     | 0.2955     | 0.9977     | 0.2412     | 0.0355     | 0.1563       | 0.3479       |             | 1.9108   | 0.504  
161    | 1.5715     | 0.2939     | 0.9973     | 0.2390     | 0.0413     | 0.1901       | 0.3343       |             | 1.7222   | 0.524  
162    | 1.8850     | 0.3259     | 1.2059     | 0.2946     | 0.0586     | 0.1841       | 0.3117       |             | 1.6937   | 0.496  
163    | 1.8027     | 0.3186     | 1.1557     | 0.2740     | 0.0545     | 0.2064       | 0.2728       |             | 1.8741   | 0.479  
164    | 1.5947     | 0.3168     | 1.0240     | 0.2179     | 0.0360     | 0.1396       | 0.2738       |             | 1.8424   | 0.413  
165    | 1.8311     | 0.3331     | 1.1514     | 0.2914     | 0.0552     | 0.2025       | 0.2632       |             | 1.7892   | 0.466  
166    | 1.7739     | 0.3437     | 1.1153     | 0.2696     | 0.0452     | 0.1016       | 0.2811       |             | 1.7152   | 0.383  
167    | 1.8395     | 0.3467     | 1.1682     | 0.2670     | 0.0576     | 0.0898       | 0.2830       |             | 1.7913   | 0.373  
168    | 1.8174     | 0.3042     | 1.1738     | 0.2804     | 0.0591     | 0.1106       | 0.2006       |             | 1.7646   | 0.311  
169    | 1.8487     | 0.3127     | 1.2130     | 0.2685     | 0.0545     | 0.1557       | 0.2007       |             | 1.7686   | 0.356  
170    | 1.7508     | 0.3361     | 1.1346     | 0.2346     | 0.0456     | 0.1603       | 0.1831       |             | 1.7652   | 0.343  
171    | 1.6659     | 0.2638     | 1.0992     | 0.2555     | 0.0474     | 0.1176       | 0.1897       |             | 1.5874   | 0.307  
172    | 1.5617     | 0.2641     | 1.0210     | 0.2355     | 0.0411     | 0.1171       | 0.1886       |             | 1.5793   | 0.306  
173    | 1.7841     | 0.2867     | 1.1683     | 0.2727     | 0.0564     | 0.1269       | 0.2394       |             | 1.5355   | 0.366  
174    | 2.0713     | 0.2820     | 1.4051     | 0.3359     | 0.0482     | 0.1745       | 0.2646       |             | 1.4320   | 0.439  
175    | 2.0046     | 0.3421     | 1.3376     | 0.2762     | 0.0486     | 0.1224       | 0.2023       |             | 1.5176   | 0.325  
176    | 1.9013     | 0.3176     | 1.2646     | 0.2736     | 0.0455     | 0.0975       | 0.2289       |             | 1.5258   | 0.326  
177    | 1.6245     | 0.2679     | 1.0890     | 0.2313     | 0.0363     | 0.1410       | 0.2297       |             | 1.4235   | 0.371  
178    | 1.8241     | 0.3000     | 1.2040     | 0.2887     | 0.0313     | 0.1147       | 0.2536       |             | 1.4614   | 0.368  
179    | 2.0475     | 0.3488     | 1.3599     | 0.2742     | 0.0645     | 0.1841       | 0.2416       |             | 1.5347   | 0.426  
180    | 2.1005     | 0.3049     | 1.4521     | 0.2922     | 0.0514     | 0.1561       | 0.2098       |             | 1.4724   | 0.366  
181    | 2.3123     | 0.3911     | 1.5674     | 0.2973     | 0.0566     | 0.1086       | 0.2654       |             | 1.5358   | 0.374  
182    | 2.1342     | 0.3252     | 1.4758     | 0.2890     | 0.0442     | 0.1608       | 0.2040       |             | 1.6419   | 0.365  
183    | 2.0331     | 0.3095     | 1.3874     | 0.2778     | 0.0583     | 0.1107       | 0.2564       |             | 1.5164   | 0.367  
184    | 1.8495     | 0.2807     | 1.2549     | 0.2704     | 0.0435     | 0.1280       | 0.2081       |             | 1.5362   | 0.336  
185    | 1.6318     | 0.2326     | 1.1160     | 0.2426     | 0.0405     | 0.1444       | 0.1938       |             | 1.6645   | 0.338  
186    | 1.7091     | 0.2718     | 1.1543     | 0.2454     | 0.0375     | 0.1232       | 0.2138       |             | 1.5449   | 0.337  
187    | 1.7342     | 0.2638     | 1.1918     | 0.2473     | 0.0313     | 0.1062       | 0.2163       |             | 1.4550   | 0.323  
188    | 1.7785     | 0.3218     | 1.1654     | 0.2549     | 0.0365     | 0.1174       | 0.1981       |             | 1.4613   | 0.316  
189    | 1.7413     | 0.2984     | 1.1522     | 0.2586     | 0.0321     | 0.1812       | 0.1994       |             | 1.4574   | 0.381  
190    | 1.8120     | 0.2605     | 1.2761     | 0.2368     | 0.0386     | 0.1480       | 0.2396       |             | 1.3754   | 0.388  
191    | 1.9648     | 0.2948     | 1.3560     | 0.2775     | 0.0365     | 0.1478       | 0.2678       |             | 1.5105   | 0.416  
192    | 1.9084     | 0.3243     | 1.2825     | 0.2715     | 0.0300     | 0.1591       | 0.1874       |             | 1.3432   | 0.346  
193    | 1.7006     | 0.2718     | 1.1653     | 0.2301     | 0.0334     | 0.1210       | 0.1528       |             | 1.3243   | 0.274  
194    | 1.6720     | 0.2587     | 1.1430     | 0.2324     | 0.0379     | 0.1788       | 0.1647       |             | 1.3855   | 0.344  
195    | 1.7687     | 0.2751     | 1.2117     | 0.2461     | 0.0358     | 0.0972       | 0.1851       |             | 1.4235   | 0.282  
196    | 1.9055     | 0.2735     | 1.3415     | 0.2578     | 0.0326     | 0.1253       | 0.2330       |             | 1.3674   | 0.358  
197    | 2.0641     | 0.3283     | 1.4084     | 0.2806     | 0.0468     | 0.1379       | 0.2728       |             | 1.3301   | 0.411  
198    | 1.9974     | 0.2799     | 1.3871     | 0.2876     | 0.0428     | 0.1259       | 0.2424       |             | 1.3456   | 0.368  
199    | 1.9346     | 0.3335     | 1.2718     | 0.2776     | 0.0518     | 0.0792       | 0.2280       |             | 1.2934   | 0.307  
200    | 1.9434     | 0.2749     | 1.3616     | 0.2604     | 0.0465     | 0.1145       | 0.2385       |             | 1.2758   | 0.353  
201    | 2.1087     | 0.3061     | 1.4869     | 0.2720     | 0.0438     | 0.1398       | 0.1819       |             | 1.2958   | 0.322  
202    | 1.9565     | 0.2702     | 1.3656     | 0.2775     | 0.0432     | 0.1374       | 0.1762       |             | 1.3596   | 0.314  
203    | 1.8907     | 0.2784     | 1.3227     | 0.2458     | 0.0437     | 0.1396       | 0.2011       |             | 1.3226   | 0.341  
204    | 1.9775     | 0.3064     | 1.3690     | 0.2692     | 0.0328     | 0.1181       | 0.2071       |             | 1.2548   | 0.325  
205    | 2.0776     | 0.2941     | 1.4825     | 0.2707     | 0.0303     | 0.0891       | 0.2182       |             | 1.2918   | 0.307  
206    | 2.0813     | 0.2932     | 1.4887     | 0.2724     | 0.0269     | 0.1006       | 0.2322       |             | 1.1114   | 0.333  
207    | 2.1972     | 0.2788     | 1.5964     | 0.2904     | 0.0315     | 0.1257       | 0.2300       |             | 1.0886   | 0.356  
208    | 2.0799     | 0.2653     | 1.4998     | 0.2794     | 0.0355     | 0.1594       | 0.1743       |             | 1.1137   | 0.334  
209    | 2.1548     | 0.2861     | 1.5787     | 0.2574     | 0.0327     | 0.2005       | 0.1766       |             | 1.0962   | 0.377  
210    | 2.1900     | 0.2835     | 1.5776     | 0.2976     | 0.0312     | 0.1611       | 0.2454       |             | 1.1524   | 0.406  
211    | 2.0431     | 0.2604     | 1.4807     | 0.2728     | 0.0291     | 0.0755       | 0.2257       |             | 1.1287   | 0.301  
212    | 2.3159     | 0.2777     | 1.7272     | 0.2773     | 0.0336     | 0.0949       | 0.2259       |             | 1.1478   | 0.321  
213    | 2.3444     | 0.3105     | 1.7132     | 0.2820     | 0.0387     | 0.1110       | 0.1959       |             | 1.2649   | 0.307  
214    | 2.4211     | 0.3405     | 1.7484     | 0.2971     | 0.0351     | 0.0843       | 0.2259       |             | 1.2347   | 0.310  
215    | 2.4373     | 0.3260     | 1.7771     | 0.3040     | 0.0302     | 0.1310       | 0.2528       |             | 1.2029   | 0.384  
216    | 2.2859     | 0.2881     | 1.6730     | 0.2943     | 0.0306     | 0.1221       | 0.1630       |             | 1.1868   | 0.285  
217    | 2.1151     | 0.2759     | 1.5543     | 0.2608     | 0.0242     | 0.1341       | 0.2249       |             | 1.1902   | 0.359  
218    | 2.3360     | 0.3238     | 1.7082     | 0.2777     | 0.0263     | 0.1162       | 0.2170       |             | 1.1817   | 0.333  
219    | 2.4463     | 0.3322     | 1.7996     | 0.2839     | 0.0307     | 0.1008       | 0.2163       |             | 1.1193   | 0.317  
220    | 2.3962     | 0.2809     | 1.7651     | 0.3112     | 0.0391     | 0.1347       | 0.2051       |             | 1.2844   | 0.340  
221    | 2.4777     | 0.2995     | 1.8701     | 0.2665     | 0.0416     | 0.1293       | 0.1906       |             | 1.2748   | 0.320  
222    | 2.7016     | 0.3318     | 2.0352     | 0.2967     | 0.0379     | 0.1505       | 0.2253       |             | 1.2162   | 0.376  
223    | 2.5106     | 0.3142     | 1.8666     | 0.2918     | 0.0379     | 0.1762       | 0.2353       |             | 1.1485   | 0.411  
224    | 2.5196     | 0.3264     | 1.8948     | 0.2703     | 0.0282     | 0.1446       | 0.2138       |             | 1.1181   | 0.358  
225    | 2.7261     | 0.3290     | 2.0477     | 0.3066     | 0.0427     | 0.0919       | 0.2097       |             | 1.1761   | 0.302  
226    | 2.5029     | 0.3009     | 1.8952     | 0.2717     | 0.0352     | 0.1494       | 0.1974       |             | 1.1792   | 0.347  
227    | 2.1893     | 0.2661     | 1.6466     | 0.2438     | 0.0328     | 0.0979       | 0.1780       |             | 1.1097   | 0.276  
228    | 2.3133     | 0.3247     | 1.7150     | 0.2423     | 0.0313     | 0.1112       | 0.1813       |             | 1.1469   | 0.293  
229    | 2.2533     | 0.3360     | 1.6408     | 0.2479     | 0.0286     | 0.0622       | 0.1694       |             | 1.0358   | 0.232  
230    | 2.0706     | 0.2777     | 1.5343     | 0.2298     | 0.0287     | 0.1043       | 0.1643       |             | 1.1158   | 0.269  
231    | 2.1664     | 0.2653     | 1.6328     | 0.2343     | 0.0340     | 0.1009       | 0.1655       |             | 1.0730   | 0.266  
232    | 2.0956     | 0.2025     | 1.6409     | 0.2202     | 0.0321     | 0.1054       | 0.1934       |             | 1.0863   | 0.299  
233    | 2.6453     | 0.3448     | 2.0077     | 0.2597     | 0.0330     | 0.1339       | 0.1944       |             | 1.1255   | 0.328  
234    | 2.4150     | 0.3224     | 1.7922     | 0.2587     | 0.0416     | 0.1185       | 0.2020       |             | 1.1170   | 0.320  
235    | 2.2652     | 0.2554     | 1.7661     | 0.2232     | 0.0205     | 0.0993       | 0.1516       |             | 1.0953   | 0.251  
236    | 2.4681     | 0.2962     | 1.8703     | 0.2642     | 0.0373     | 0.1414       | 0.1669       |             | 1.1751   | 0.308  
237    | 2.4222     | 0.2979     | 1.8435     | 0.2502     | 0.0306     | 0.1172       | 0.1303       |             | 1.1296   | 0.248  
238    | 2.2803     | 0.2855     | 1.7071     | 0.2662     | 0.0215     | 0.1612       | 0.1597       |             | 1.2004   | 0.321  
239    | 2.5024     | 0.3361     | 1.8592     | 0.2794     | 0.0276     | 0.0901       | 0.2064       |             | 1.1626   | 0.296  
240    | 2.3651     | 0.2452     | 1.8176     | 0.2778     | 0.0246     | 0.1182       | 0.2638       |             | 1.2995   | 0.382  
241    | 2.5756     | 0.2827     | 1.9581     | 0.3029     | 0.0319     | 0.1394       | 0.1930       |             | 1.2355   | 0.332  
242    | 2.3532     | 0.2696     | 1.7716     | 0.2836     | 0.0285     | 0.0922       | 0.2148       |             | 1.2019   | 0.307  
243    | 2.4282     | 0.2874     | 1.8071     | 0.2919     | 0.0418     | 0.1419       | 0.2861       |             | 1.1821   | 0.428  
244    | 2.8360     | 0.4165     | 2.0601     | 0.3173     | 0.0421     | 0.1027       | 0.2607       |             | 1.2036   | 0.363  
245    | 2.4769     | 0.3276     | 1.8216     | 0.2896     | 0.0381     | 0.1105       | 0.2569       |             | 1.2314   | 0.367  
246    | 2.5586     | 0.3043     | 1.9139     | 0.3091     | 0.0312     | 0.0877       | 0.2160       |             | 1.2338   | 0.304  
247    | 2.3823     | 0.2654     | 1.8111     | 0.2768     | 0.0291     | 0.1330       | 0.1610       |             | 1.1801   | 0.294  
248    | 2.3889     | 0.2769     | 1.8531     | 0.2350     | 0.0240     | 0.1089       | 0.1816       |             | 1.1541   | 0.291  
249    | 2.6669     | 0.3200     | 2.0393     | 0.2839     | 0.0237     | 0.1400       | 0.2179       |             | 1.1439   | 0.358  
250    | 2.4153     | 0.2663     | 1.8399     | 0.2777     | 0.0314     | 0.1217       | 0.1782       |             | 1.0495   | 0.300  
251    | 2.2653     | 0.2544     | 1.7443     | 0.2433     | 0.0233     | 0.1031       | 0.1662       |             | 1.0174   | 0.269  
252    | 2.3879     | 0.2722     | 1.8427     | 0.2454     | 0.0276     | 0.1010       | 0.2048       |             | 1.0310   | 0.306  
253    | 2.3010     | 0.2735     | 1.7610     | 0.2414     | 0.0251     | 0.1311       | 0.1956       |             | 1.0188   | 0.327  
254    | 2.2337     | 0.3191     | 1.6711     | 0.2261     | 0.0174     | 0.1126       | 0.1557       |             | 1.0362   | 0.268  
255    | 2.2823     | 0.2594     | 1.7471     | 0.2417     | 0.0342     | 0.0873       | 0.1731       |             | 1.0046   | 0.260  
256    | 2.3038     | 0.2670     | 1.7527     | 0.2468     | 0.0373     | 0.1353       | 0.1836       |             | 1.0624   | 0.319  
257    | 2.3061     | 0.3238     | 1.7192     | 0.2348     | 0.0282     | 0.1438       | 0.1678       |             | 1.1093   | 0.312  
258    | 2.2159     | 0.2954     | 1.6689     | 0.2257     | 0.0260     | 0.1218       | 0.1464       |             | 1.0372   | 0.268  
259    | 2.3128     | 0.2601     | 1.7932     | 0.2225     | 0.0369     | 0.1267       | 0.1605       |             | 1.1332   | 0.287  
260    | 2.3063     | 0.2952     | 1.7452     | 0.2330     | 0.0329     | 0.1501       | 0.1394       |             | 1.1364   | 0.289  
261    | 2.4170     | 0.2663     | 1.8617     | 0.2556     | 0.0334     | 0.1838       | 0.1903       |             | 1.2498   | 0.374  
262    | 2.5339     | 0.2875     | 1.9494     | 0.2676     | 0.0293     | 0.1232       | 0.1765       |             | 1.1252   | 0.300  
263    | 2.3298     | 0.2533     | 1.8238     | 0.2299     | 0.0228     | 0.1054       | 0.1524       |             | 1.0861   | 0.258  
264    | 2.4448     | 0.3313     | 1.8546     | 0.2350     | 0.0239     | 0.1014       | 0.1801       |             | 1.1146   | 0.282  
265    | 2.5082     | 0.2807     | 1.9162     | 0.2796     | 0.0317     | 0.1682       | 0.1888       |             | 1.0781   | 0.357  
266    | 2.2863     | 0.2729     | 1.7747     | 0.2153     | 0.0234     | 0.1058       | 0.1319       |             | 1.0566   | 0.238  
267    | 2.0884     | 0.2857     | 1.5753     | 0.2028     | 0.0246     | 0.1060       | 0.1291       |             | 1.1108   | 0.235  
268    | 2.1843     | 0.2801     | 1.6728     | 0.2051     | 0.0264     | 0.0807       | 0.1555       |             | 1.1131   | 0.236  
269    | 2.1673     | 0.2716     | 1.6624     | 0.2104     | 0.0229     | 0.0913       | 0.1512       |             | 1.1387   | 0.242  
270    | 2.0903     | 0.2405     | 1.5977     | 0.2218     | 0.0303     | 0.1141       | 0.1395       |             | 1.0983   | 0.254  
271    | 2.2275     | 0.3234     | 1.6646     | 0.2102     | 0.0293     | 0.1058       | 0.1599       |             | 1.1026   | 0.266  
272    | 2.3733     | 0.2329     | 1.8532     | 0.2574     | 0.0298     | 0.1070       | 0.1613       |             | 1.0776   | 0.268  
273    | 2.6669     | 0.2842     | 2.0769     | 0.2657     | 0.0401     | 0.1120       | 0.2047       |             | 1.1073   | 0.317  
274    | 2.3451     | 0.2666     | 1.8140     | 0.2377     | 0.0268     | 0.0671       | 0.1902       |             | 1.0990   | 0.257  
275    | 2.3782     | 0.2884     | 1.8219     | 0.2436     | 0.0243     | 0.0978       | 0.1997       |             | 1.1299   | 0.298  
276    | 2.3304     | 0.2753     | 1.8013     | 0.2277     | 0.0261     | 0.1220       | 0.1518       |             | 1.1672   | 0.274  
277    | 2.1919     | 0.2172     | 1.7305     | 0.2153     | 0.0290     | 0.1749       | 0.1571       |             | 1.2411   | 0.332  
278    | 2.5108     | 0.3053     | 1.9088     | 0.2662     | 0.0306     | 0.1206       | 0.1782       |             | 1.1875   | 0.299  
279    | 2.3916     | 0.2726     | 1.8509     | 0.2485     | 0.0196     | 0.1116       | 0.1507       |             | 1.1538   | 0.262  
280    | 2.1113     | 0.2275     | 1.6607     | 0.1941     | 0.0291     | 0.0956       | 0.1211       |             | 1.1789   | 0.217  
281    | 2.3308     | 0.3277     | 1.7568     | 0.2208     | 0.0255     | 0.1292       | 0.1147       |             | 1.1566   | 0.244  
282    | 2.3548     | 0.2820     | 1.8057     | 0.2364     | 0.0307     | 0.1103       | 0.1505       |             | 1.1142   | 0.261  
283    | 2.3930     | 0.2641     | 1.8767     | 0.2305     | 0.0216     | 0.1573       | 0.1509       |             | 1.1389   | 0.308  
284    | 2.3850     | 0.2839     | 1.8502     | 0.2186     | 0.0323     | 0.1686       | 0.1860       |             | 1.1498   | 0.355  
285    | 2.3632     | 0.2971     | 1.7995     | 0.2419     | 0.0247     | 0.1370       | 0.1661       |             | 1.1014   | 0.303  
286    | 2.2427     | 0.2870     | 1.7253     | 0.2043     | 0.0262     | 0.1122       | 0.1921       |             | 1.1457   | 0.304  
287    | 2.3177     | 0.2499     | 1.7823     | 0.2532     | 0.0323     | 0.1220       | 0.1783       |             | 1.0987   | 0.300  
288    | 2.3313     | 0.2525     | 1.8046     | 0.2524     | 0.0219     | 0.1269       | 0.1437       |             | 1.1501   | 0.271  
289    | 2.3659     | 0.2724     | 1.8313     | 0.2380     | 0.0241     | 0.1578       | 0.1787       |             | 1.1122   | 0.337  
290    | 2.4085     | 0.3012     | 1.8297     | 0.2522     | 0.0255     | 0.0984       | 0.1742       |             | 1.1684   | 0.273  
291    | 2.5394     | 0.3355     | 1.9164     | 0.2653     | 0.0222     | 0.1731       | 0.2127       |             | 1.1475   | 0.386  
292    | 2.6396     | 0.3217     | 2.0157     | 0.2765     | 0.0257     | 0.1424       | 0.1792       |             | 1.1122   | 0.322  
293    | 2.4679     | 0.2934     | 1.9148     | 0.2371     | 0.0226     | 0.1212       | 0.1502       |             | 1.0618   | 0.271  
294    | 2.3098     | 0.2536     | 1.7776     | 0.2501     | 0.0286     | 0.0971       | 0.1665       |             | 1.0851   | 0.264  
295    | 2.5300     | 0.3056     | 1.9517     | 0.2494     | 0.0233     | 0.1202       | 0.2129       |             | 1.0868   | 0.333  
296    | 2.6197     | 0.3080     | 2.0276     | 0.2455     | 0.0386     | 0.1126       | 0.1981       |             | 1.1005   | 0.311  
297    | 2.7612     | 0.3477     | 2.0998     | 0.2779     | 0.0358     | 0.1251       | 0.1807       |             | 1.0922   | 0.306  
298    | 2.4994     | 0.3017     | 1.9244     | 0.2465     | 0.0268     | 0.1214       | 0.1548       |             | 1.0602   | 0.276  
299    | 2.5329     | 0.3182     | 1.9512     | 0.2398     | 0.0237     | 0.1577       | 0.1686       |             | 1.0663   | 0.326  
300    | 2.4644     | 0.2845     | 1.8997     | 0.2462     | 0.0341     | 0.1122       | 0.1361       |             | 1.0809   | 0.248  
301    | 2.3764     | 0.3003     | 1.8177     | 0.2272     | 0.0312     | 0.1508       | 0.1154       | (saved)     | 1.1371   | 0.266  
302    | 2.3587     | 0.2471     | 1.8810     | 0.2075     | 0.0230     | 0.0971       | 0.1134       | (saved)     | 1.1107   | 0.210  
303    | 2.3485     | 0.2935     | 1.8215     | 0.2062     | 0.0272     | 0.1035       | 0.1501       |             | 1.0938   | 0.254  
304    | 2.3760     | 0.3034     | 1.7961     | 0.2473     | 0.0292     | 0.1657       | 0.1702       |             | 1.1522   | 0.336  
305    | 2.4664     | 0.3525     | 1.8643     | 0.2249     | 0.0247     | 0.1123       | 0.1376       |             | 1.0336   | 0.250  
306    | 2.2901     | 0.2887     | 1.7651     | 0.2125     | 0.0239     | 0.0962       | 0.1243       |             | 1.0136   | 0.221  
307    | 2.2879     | 0.2648     | 1.7764     | 0.2220     | 0.0248     | 0.0810       | 0.1575       |             | 1.0555   | 0.239  
308    | 2.2155     | 0.2480     | 1.7290     | 0.2156     | 0.0229     | 0.0873       | 0.1560       |             | 1.0659   | 0.243  
309    | 2.5539     | 0.2803     | 1.9852     | 0.2550     | 0.0334     | 0.1585       | 0.1846       |             | 1.0679   | 0.343  
310    | 2.4242     | 0.2751     | 1.8803     | 0.2358     | 0.0329     | 0.1283       | 0.1808       |             | 1.1361   | 0.309  
311    | 2.6476     | 0.3415     | 2.0453     | 0.2299     | 0.0310     | 0.1339       | 0.1341       |             | 1.2057   | 0.268  
312    | 2.5453     | 0.3033     | 1.9825     | 0.2344     | 0.0251     | 0.1228       | 0.1353       |             | 1.1694   | 0.258  
313    | 2.3970     | 0.2499     | 1.9070     | 0.2142     | 0.0259     | 0.0927       | 0.1791       |             | 1.1853   | 0.272  
314    | 2.5054     | 0.2800     | 1.9466     | 0.2376     | 0.0412     | 0.0986       | 0.2161       |             | 1.1703   | 0.315  
315    | 2.5245     | 0.2709     | 1.9720     | 0.2561     | 0.0254     | 0.1385       | 0.2226       |             | 1.1515   | 0.361  
316    | 2.6721     | 0.3378     | 2.0265     | 0.2705     | 0.0373     | 0.0792       | 0.1979       |             | 1.1151   | 0.277  
317    | 2.4003     | 0.3320     | 1.8160     | 0.2299     | 0.0225     | 0.1061       | 0.1584       |             | 1.0855   | 0.264  
318    | 2.5734     | 0.3079     | 2.0183     | 0.2189     | 0.0284     | 0.1180       | 0.1385       |             | 1.1879   | 0.257  
319    | 2.4865     | 0.2747     | 1.9659     | 0.2251     | 0.0208     | 0.1455       | 0.1740       |             | 1.1842   | 0.320  
320    | 2.6127     | 0.2840     | 2.0383     | 0.2552     | 0.0351     | 0.1321       | 0.1770       |             | 1.3233   | 0.309  
321    | 2.7925     | 0.3332     | 2.1292     | 0.2800     | 0.0501     | 0.0974       | 0.2046       |             | 1.2099   | 0.302  
322    | 2.7130     | 0.3279     | 2.0955     | 0.2640     | 0.0256     | 0.1065       | 0.1897       |             | 1.2407   | 0.296  
323    | 2.6652     | 0.2980     | 2.0626     | 0.2722     | 0.0324     | 0.1386       | 0.1753       |             | 1.2515   | 0.314  
324    | 2.7615     | 0.3555     | 2.1132     | 0.2608     | 0.0320     | 0.1191       | 0.1727       |             | 1.3386   | 0.292  
325    | 2.6498     | 0.3228     | 2.0483     | 0.2442     | 0.0345     | 0.2186       | 0.2085       |             | 1.3221   | 0.427  
326    | 2.6642     | 0.3442     | 2.0447     | 0.2391     | 0.0362     | 0.1022       | 0.1961       |             | 1.3423   | 0.298  
327    | 2.4668     | 0.2939     | 1.8926     | 0.2473     | 0.0330     | 0.0937       | 0.1746       |             | 1.3722   | 0.268  
328    | 2.6343     | 0.3268     | 2.0421     | 0.2363     | 0.0291     | 0.1224       | 0.1721       |             | 1.4213   | 0.294  
329    | 2.6854     | 0.3722     | 2.0570     | 0.2303     | 0.0258     | 0.1727       | 0.1540       |             | 1.4649   | 0.327  
330    | 2.5349     | 0.2940     | 1.9960     | 0.2209     | 0.0241     | 0.1610       | 0.1576       |             | 1.4930   | 0.319  
331    | 2.6322     | 0.3199     | 2.0616     | 0.2219     | 0.0287     | 0.1300       | 0.1714       |             | 1.3667   | 0.301  
332    | 2.4960     | 0.2720     | 1.9731     | 0.2292     | 0.0218     | 0.1516       | 0.1805       |             | 1.3011   | 0.332  
333    | 2.5078     | 0.2948     | 1.9706     | 0.2194     | 0.0230     | 0.1256       | 0.1321       |             | 1.2377   | 0.258  
334    | 2.3276     | 0.2585     | 1.8562     | 0.1944     | 0.0185     | 0.1262       | 0.1452       |             | 1.2474   | 0.271  
335    | 2.3614     | 0.3285     | 1.7941     | 0.2078     | 0.0310     | 0.1413       | 0.1376       |             | 1.2546   | 0.279  
336    | 2.3431     | 0.2512     | 1.8846     | 0.1871     | 0.0203     | 0.1115       | 0.1330       |             | 1.2650   | 0.245  
337    | 2.4299     | 0.2644     | 1.9648     | 0.1793     | 0.0213     | 0.1276       | 0.1345       |             | 1.2843   | 0.262  
338    | 2.4184     | 0.2393     | 1.9416     | 0.2184     | 0.0191     | 0.1222       | 0.1533       |             | 1.2197   | 0.275  
339    | 2.3102     | 0.2505     | 1.8379     | 0.2037     | 0.0181     | 0.1581       | 0.1445       |             | 1.2171   | 0.303  
340    | 2.4008     | 0.2623     | 1.9105     | 0.2076     | 0.0204     | 0.1393       | 0.1148       |             | 1.2215   | 0.254  
341    | 2.4630     | 0.2615     | 1.9797     | 0.1979     | 0.0240     | 0.1221       | 0.1203       |             | 1.2969   | 0.242  
342    | 2.6708     | 0.3438     | 2.0830     | 0.2121     | 0.0319     | 0.1155       | 0.1475       |             | 1.3231   | 0.263  
343    | 2.6720     | 0.3024     | 2.1000     | 0.2439     | 0.0257     | 0.1860       | 0.2089       |             | 1.3080   | 0.395  
344    | 2.5580     | 0.2762     | 2.0195     | 0.2335     | 0.0288     | 0.1093       | 0.1435       |             | 1.1896   | 0.253  
345    | 2.5526     | 0.2284     | 2.0869     | 0.2043     | 0.0329     | 0.1494       | 0.1405       |             | 1.1871   | 0.290  
346    | 2.7103     | 0.3612     | 2.1092     | 0.2175     | 0.0225     | 0.1226       | 0.1362       |             | 1.0656   | 0.259  
347    | 2.4724     | 0.2960     | 1.9596     | 0.1895     | 0.0273     | 0.1313       | 0.1493       |             | 1.0624   | 0.281  
348    | 2.4753     | 0.2833     | 1.9626     | 0.2017     | 0.0277     | 0.1507       | 0.1668       |             | 1.0692   | 0.317  
349    | 2.6031     | 0.3004     | 2.0355     | 0.2396     | 0.0276     | 0.1797       | 0.1778       |             | 1.0985   | 0.358  
350    | 2.6947     | 0.2922     | 2.1081     | 0.2590     | 0.0354     | 0.1936       | 0.1811       |             | 1.1297   | 0.375  
351    | 2.8683     | 0.3734     | 2.2191     | 0.2391     | 0.0367     | 0.2203       | 0.2079       |             | 1.1040   | 0.428  
352    | 2.7712     | 0.3735     | 2.0940     | 0.2586     | 0.0451     | 0.1365       | 0.1585       |             | 1.0967   | 0.295  
353    | 2.5678     | 0.2589     | 2.0369     | 0.2363     | 0.0357     | 0.1718       | 0.1583       |             | 1.0760   | 0.330  
354    | 2.5263     | 0.3390     | 1.9267     | 0.2256     | 0.0350     | 0.1221       | 0.1304       |             | 1.0308   | 0.253  
355    | 2.3958     | 0.2518     | 1.9267     | 0.1853     | 0.0320     | 0.1116       | 0.1138       |             | 1.0332   | 0.225  
356    | 2.4492     | 0.2614     | 1.9558     | 0.2092     | 0.0228     | 0.1283       | 0.1078       |             | 1.0374   | 0.236  
357    | 2.6665     | 0.3539     | 2.0669     | 0.2153     | 0.0303     | 0.1288       | 0.1758       |             | 1.1293   | 0.305  
358    | 2.6521     | 0.2851     | 2.1066     | 0.2347     | 0.0258     | 0.1094       | 0.1794       |             | 1.0907   | 0.289  
359    | 2.5066     | 0.3101     | 1.9617     | 0.2108     | 0.0241     | 0.1113       | 0.1640       |             | 1.0767   | 0.275  
360    | 2.4634     | 0.2346     | 1.9846     | 0.2159     | 0.0283     | 0.1334       | 0.1344       |             | 1.0581   | 0.268  
361    | 2.5206     | 0.3048     | 1.9828     | 0.2103     | 0.0227     | 0.0885       | 0.1354       |             | 1.0134   | 0.224  
362    | 2.3478     | 0.2199     | 1.9070     | 0.2025     | 0.0184     | 0.0974       | 0.1494       |             | 1.0325   | 0.247  
363    | 2.5270     | 0.2965     | 2.0061     | 0.1958     | 0.0286     | 0.1226       | 0.1513       |             | 1.0692   | 0.274  
364    | 2.5152     | 0.3003     | 1.9930     | 0.1988     | 0.0231     | 0.0815       | 0.1415       |             | 1.0713   | 0.223  
365    | 2.4770     | 0.2720     | 1.9778     | 0.2025     | 0.0247     | 0.0717       | 0.1301       | (saved)     | 1.0532   | 0.202  
366    | 2.6111     | 0.2215     | 2.1428     | 0.2221     | 0.0247     | 0.1195       | 0.1393       |             | 1.1010   | 0.259  
367    | 2.9054     | 0.3614     | 2.2838     | 0.2213     | 0.0389     | 0.1588       | 0.1435       |             | 1.0477   | 0.302  
368    | 2.6729     | 0.3243     | 2.0948     | 0.2293     | 0.0245     | 0.1204       | 0.1663       |             | 1.0468   | 0.287  
369    | 2.6067     | 0.3033     | 2.0478     | 0.2266     | 0.0289     | 0.1287       | 0.1496       |             | 1.0912   | 0.278  
370    | 2.4767     | 0.2522     | 1.9623     | 0.2312     | 0.0309     | 0.1172       | 0.1368       |             | 1.0476   | 0.254  
371    | 2.4479     | 0.2970     | 1.9178     | 0.2101     | 0.0230     | 0.1109       | 0.1353       |             | 1.1183   | 0.246  
372    | 2.3071     | 0.2436     | 1.8370     | 0.2024     | 0.0242     | 0.0919       | 0.1158       |             | 1.0384   | 0.208  
373    | 2.4514     | 0.2438     | 1.9640     | 0.2170     | 0.0266     | 0.1055       | 0.1193       |             | 0.9981   | 0.225  
374    | 2.5643     | 0.3225     | 2.0089     | 0.2037     | 0.0292     | 0.0998       | 0.1488       |             | 1.0437   | 0.249  
375    | 2.3396     | 0.2224     | 1.8889     | 0.2051     | 0.0232     | 0.0623       | 0.1527       |             | 1.0165   | 0.215  
376    | 2.4476     | 0.2779     | 1.9409     | 0.2070     | 0.0218     | 0.0789       | 0.1319       |             | 1.1455   | 0.211  
377    | 2.6318     | 0.2987     | 2.1005     | 0.2065     | 0.0260     | 0.1308       | 0.1446       |             | 1.0676   | 0.275  
378    | 2.5910     | 0.3025     | 2.0404     | 0.2215     | 0.0267     | 0.1111       | 0.1262       |             | 1.0617   | 0.237  
379    | 2.3813     | 0.2592     | 1.9000     | 0.2030     | 0.0191     | 0.1154       | 0.1236       |             | 1.0299   | 0.239  
380    | 2.4671     | 0.2663     | 1.9871     | 0.1925     | 0.0213     | 0.0921       | 0.1494       |             | 1.0254   | 0.242  
381    | 2.3643     | 0.2909     | 1.8432     | 0.2016     | 0.0286     | 0.0959       | 0.1380       |             | 1.1017   | 0.234  
382    | 2.2214     | 0.2509     | 1.7558     | 0.1937     | 0.0211     | 0.0791       | 0.1258       |             | 1.0810   | 0.205  
383    | 2.5223     | 0.2743     | 2.0002     | 0.2201     | 0.0276     | 0.1307       | 0.1203       |             | 1.1016   | 0.251  
384    | 2.5645     | 0.2724     | 2.0413     | 0.2214     | 0.0295     | 0.1459       | 0.1640       |             | 1.0945   | 0.310  
385    | 2.4664     | 0.3010     | 1.9189     | 0.2229     | 0.0236     | 0.0806       | 0.1371       |             | 1.1057   | 0.218  
386    | 2.5080     | 0.2853     | 1.9965     | 0.1979     | 0.0282     | 0.1409       | 0.1502       |             | 1.1617   | 0.291  
387    | 2.4048     | 0.2895     | 1.8650     | 0.2232     | 0.0272     | 0.0828       | 0.1480       |             | 1.1327   | 0.231  
388    | 2.3443     | 0.2322     | 1.8821     | 0.2087     | 0.0213     | 0.1025       | 0.1212       |             | 1.0671   | 0.224  
389    | 2.4961     | 0.3208     | 1.9539     | 0.1943     | 0.0271     | 0.1320       | 0.1161       |             | 1.0247   | 0.248  
390    | 2.3606     | 0.2080     | 1.9355     | 0.1934     | 0.0237     | 0.0785       | 0.1172       | (saved)     | 1.0438   | 0.196  
391    | 2.5458     | 0.2598     | 2.0680     | 0.1940     | 0.0240     | 0.0785       | 0.1089       | (saved)     | 1.0490   | 0.187  
392    | 2.5482     | 0.2656     | 2.0717     | 0.1815     | 0.0294     | 0.0902       | 0.1205       |             | 1.1285   | 0.211  
393    | 2.5036     | 0.3139     | 1.9774     | 0.1854     | 0.0268     | 0.0984       | 0.1527       |             | 1.1022   | 0.251  
394    | 2.6497     | 0.3007     | 2.1125     | 0.2105     | 0.0260     | 0.1174       | 0.1720       |             | 1.1520   | 0.289  
395    | 2.7171     | 0.3176     | 2.1641     | 0.2048     | 0.0306     | 0.1425       | 0.1140       |             | 1.1423   | 0.256  
396    | 2.4803     | 0.2735     | 1.9895     | 0.1926     | 0.0247     | 0.1194       | 0.1105       |             | 1.1792   | 0.230  
397    | 2.2846     | 0.2024     | 1.8721     | 0.1854     | 0.0246     | 0.0814       | 0.1177       |             | 1.1325   | 0.199  
398    | 2.3613     | 0.2177     | 1.9259     | 0.1902     | 0.0275     | 0.0968       | 0.1242       |             | 1.0875   | 0.221  
399    | 2.4068     | 0.3160     | 1.8809     | 0.1790     | 0.0308     | 0.1041       | 0.1336       |             | 1.0444   | 0.238  
400    | 2.3766     | 0.2735     | 1.8922     | 0.1921     | 0.0187     | 0.1174       | 0.1462       |             | 1.0264   | 0.264  
401    | 2.6539     | 0.3127     | 2.1229     | 0.1904     | 0.0279     | 0.1419       | 0.1329       |             | 1.0312   | 0.275  
402    | 2.6614     | 0.3148     | 2.0953     | 0.2219     | 0.0293     | 0.1160       | 0.1428       |             | 1.1025   | 0.259  
403    | 2.6309     | 0.2690     | 2.1153     | 0.2122     | 0.0344     | 0.1222       | 0.1528       |             | 1.1573   | 0.275  
404    | 2.5443     | 0.2965     | 2.0032     | 0.2069     | 0.0377     | 0.1038       | 0.1311       |             | 1.0818   | 0.235  
405    | 2.5509     | 0.2786     | 2.0504     | 0.1930     | 0.0289     | 0.1235       | 0.1144       |             | 1.0836   | 0.238  
406    | 2.4599     | 0.3080     | 1.9591     | 0.1724     | 0.0205     | 0.0778       | 0.1036       | (saved)     | 1.0473   | 0.181  
407    | 2.5023     | 0.2623     | 2.0268     | 0.1861     | 0.0270     | 0.0662       | 0.1408       |             | 1.1074   | 0.207  
408    | 2.5036     | 0.2605     | 2.0248     | 0.1982     | 0.0200     | 0.0656       | 0.1265       |             | 1.0837   | 0.192  
409    | 2.5843     | 0.3160     | 2.0331     | 0.2058     | 0.0294     | 0.0926       | 0.1300       |             | 1.1053   | 0.223  
410    | 2.3631     | 0.2676     | 1.8695     | 0.1911     | 0.0349     | 0.1137       | 0.1362       |             | 1.1416   | 0.250  
411    | 2.4469     | 0.3005     | 1.9120     | 0.2067     | 0.0277     | 0.1079       | 0.1228       |             | 1.1336   | 0.231  
412    | 2.4047     | 0.2571     | 1.9449     | 0.1826     | 0.0201     | 0.0856       | 0.1300       |             | 1.1664   | 0.216  
413    | 2.4379     | 0.2716     | 1.9494     | 0.1893     | 0.0276     | 0.1172       | 0.1129       |             | 1.2121   | 0.230  
414    | 2.4266     | 0.2878     | 1.9298     | 0.1840     | 0.0249     | 0.0764       | 0.1292       |             | 1.1575   | 0.206  
415    | 2.5227     | 0.2647     | 2.0394     | 0.1907     | 0.0279     | 0.1306       | 0.1389       |             | 1.1838   | 0.270  
416    | 2.7327     | 0.3025     | 2.1855     | 0.2093     | 0.0354     | 0.0990       | 0.1305       |             | 1.1791   | 0.229  
417    | 2.6390     | 0.3253     | 2.0704     | 0.2089     | 0.0344     | 0.1062       | 0.1404       |             | 1.2036   | 0.247  
418    | 2.5263     | 0.2463     | 2.0485     | 0.2062     | 0.0253     | 0.1096       | 0.1604       |             | 1.1958   | 0.270  
419    | 2.5481     | 0.2926     | 1.9900     | 0.2336     | 0.0319     | 0.1019       | 0.1161       |             | 1.1838   | 0.218  
420    | 2.3578     | 0.2144     | 1.9156     | 0.1992     | 0.0287     | 0.0934       | 0.1022       |             | 1.1400   | 0.196  
421    | 2.5406     | 0.2810     | 2.0505     | 0.1853     | 0.0238     | 0.0642       | 0.1268       |             | 1.2041   | 0.191  
422    | 2.6148     | 0.3011     | 2.0993     | 0.1884     | 0.0260     | 0.1293       | 0.1130       |             | 1.2058   | 0.242  
423    | 2.4885     | 0.2761     | 2.0286     | 0.1614     | 0.0223     | 0.1673       | 0.0926       |             | 1.1438   | 0.260  
424    | 2.6053     | 0.3183     | 2.0835     | 0.1763     | 0.0272     | 0.1162       | 0.1126       |             | 1.2101   | 0.229  
425    | 2.5067     | 0.3013     | 1.9987     | 0.1861     | 0.0207     | 0.1024       | 0.1550       |             | 1.1981   | 0.257  
426    | 2.6243     | 0.3233     | 2.0878     | 0.1925     | 0.0207     | 0.1702       | 0.1520       |             | 1.1594   | 0.322  
427    | 2.5175     | 0.2791     | 2.0313     | 0.1846     | 0.0226     | 0.1008       | 0.1206       |             | 1.0865   | 0.221  
428    | 2.4150     | 0.2916     | 1.9214     | 0.1806     | 0.0213     | 0.1311       | 0.1292       |             | 1.0669   | 0.260  
429    | 2.4663     | 0.3177     | 1.9208     | 0.1999     | 0.0278     | 0.1017       | 0.1332       |             | 1.0428   | 0.235  
430    | 2.3336     | 0.2495     | 1.8866     | 0.1735     | 0.0240     | 0.1105       | 0.1672       |             | 1.0710   | 0.278  
431    | 2.3820     | 0.2750     | 1.9122     | 0.1740     | 0.0208     | 0.1001       | 0.1222       |             | 1.1144   | 0.222  
432    | 2.4904     | 0.2883     | 1.9922     | 0.1857     | 0.0241     | 0.0777       | 0.1274       |             | 1.1107   | 0.205  
433    | 2.4910     | 0.2512     | 2.0273     | 0.1881     | 0.0244     | 0.0966       | 0.1286       |             | 1.0452   | 0.225  
434    | 2.6469     | 0.2702     | 2.1383     | 0.2058     | 0.0326     | 0.1046       | 0.1282       |             | 1.0725   | 0.233  
435    | 2.5829     | 0.2687     | 2.0851     | 0.1983     | 0.0308     | 0.0820       | 0.1380       |             | 1.0427   | 0.220  
436    | 2.3736     | 0.2269     | 1.9434     | 0.1854     | 0.0179     | 0.1191       | 0.1167       |             | 1.0608   | 0.236  
437    | 2.3756     | 0.2505     | 1.9153     | 0.1858     | 0.0240     | 0.0836       | 0.0879       | (saved)     | 1.0691   | 0.171  
438    | 2.4056     | 0.2400     | 1.9596     | 0.1817     | 0.0242     | 0.0982       | 0.1051       |             | 1.0670   | 0.203  
439    | 2.3242     | 0.2667     | 1.8534     | 0.1803     | 0.0238     | 0.1094       | 0.1276       |             | 1.0492   | 0.237  
440    | 2.3323     | 0.2891     | 1.8510     | 0.1726     | 0.0196     | 0.1294       | 0.1457       |             | 1.0130   | 0.275  
441    | 2.2835     | 0.2600     | 1.8245     | 0.1713     | 0.0278     | 0.1130       | 0.1375       |             | 0.9943   | 0.250  
442    | 2.2658     | 0.2443     | 1.8251     | 0.1743     | 0.0221     | 0.1094       | 0.1184       |             | 1.0461   | 0.228  
443    | 2.3787     | 0.2627     | 1.9005     | 0.1886     | 0.0270     | 0.0984       | 0.1277       |             | 1.0530   | 0.226  
444    | 2.2779     | 0.2918     | 1.7818     | 0.1823     | 0.0220     | 0.0996       | 0.1057       |             | 1.0275   | 0.205  
445    | 2.1993     | 0.2254     | 1.7811     | 0.1733     | 0.0195     | 0.0790       | 0.0970       |             | 1.0759   | 0.176  
446    | 2.1877     | 0.2131     | 1.7837     | 0.1704     | 0.0206     | 0.0815       | 0.0850       | (saved)     | 1.0399   | 0.166  
447    | 2.2311     | 0.2216     | 1.8206     | 0.1709     | 0.0180     | 0.0857       | 0.1015       |             | 1.0543   | 0.187  
448    | 2.3849     | 0.2052     | 1.9903     | 0.1651     | 0.0244     | 0.1024       | 0.1193       |             | 1.0687   | 0.222  
449    | 2.3570     | 0.2650     | 1.8879     | 0.1810     | 0.0231     | 0.0865       | 0.1237       |             | 1.0377   | 0.210  
450    | 2.4487     | 0.2996     | 1.9523     | 0.1726     | 0.0242     | 0.1049       | 0.1162       |             | 1.0217   | 0.221  
451    | 2.5657     | 0.3511     | 2.0143     | 0.1763     | 0.0241     | 0.0880       | 0.1369       |             | 1.0264   | 0.225  
452    | 2.6816     | 0.3450     | 2.1058     | 0.2012     | 0.0296     | 0.1065       | 0.1572       |             | 1.0357   | 0.264  
453    | 2.5031     | 0.2804     | 2.0233     | 0.1801     | 0.0192     | 0.0929       | 0.1115       |             | 1.0758   | 0.204  
454    | 2.3427     | 0.2854     | 1.8576     | 0.1749     | 0.0247     | 0.1054       | 0.1254       |             | 1.0478   | 0.231  
455    | 2.2754     | 0.2307     | 1.8360     | 0.1823     | 0.0265     | 0.0881       | 0.1195       |             | 1.0482   | 0.208  
456    | 2.2754     | 0.2003     | 1.8805     | 0.1731     | 0.0216     | 0.1346       | 0.0856       |             | 1.0466   | 0.220  
457    | 2.4364     | 0.2380     | 1.9975     | 0.1752     | 0.0257     | 0.1375       | 0.1188       |             | 1.0488   | 0.256  
458    | 2.3744     | 0.2970     | 1.8661     | 0.1806     | 0.0307     | 0.0848       | 0.1111       |             | 1.0787   | 0.196  
459    | 2.4292     | 0.2703     | 1.9430     | 0.1866     | 0.0292     | 0.1100       | 0.1233       |             | 1.0637   | 0.233  
460    | 2.3532     | 0.2793     | 1.8659     | 0.1769     | 0.0312     | 0.1152       | 0.1040       |             | 1.0728   | 0.219  
461    | 2.3363     | 0.2698     | 1.8530     | 0.1781     | 0.0353     | 0.0932       | 0.1261       |             | 1.0946   | 0.219  
462    | 2.3648     | 0.2771     | 1.8759     | 0.1844     | 0.0275     | 0.1044       | 0.1219       |             | 1.0803   | 0.226  
463    | 2.5684     | 0.3259     | 2.0199     | 0.1926     | 0.0300     | 0.1350       | 0.1560       |             | 1.0617   | 0.291  
464    | 2.5272     | 0.3026     | 2.0055     | 0.1949     | 0.0242     | 0.0897       | 0.1030       |             | 1.0548   | 0.193  
465    | 2.6384     | 0.2427     | 2.1820     | 0.1907     | 0.0230     | 0.1129       | 0.1155       |             | 1.1118   | 0.228  
466    | 2.8038     | 0.3735     | 2.1816     | 0.2183     | 0.0305     | 0.1564       | 0.1755       |             | 1.1816   | 0.332  
467    | 2.7012     | 0.3335     | 2.1055     | 0.2252     | 0.0370     | 0.1430       | 0.1617       |             | 1.1073   | 0.305  
468    | 2.5804     | 0.3243     | 2.0277     | 0.2019     | 0.0264     | 0.1191       | 0.1289       |             | 1.0383   | 0.248  
469    | 2.6119     | 0.2798     | 2.1027     | 0.2034     | 0.0260     | 0.1826       | 0.1199       |             | 1.0287   | 0.303  
470    | 2.4292     | 0.2819     | 1.9221     | 0.2003     | 0.0249     | 0.1001       | 0.1214       |             | 1.0265   | 0.221  
471    | 2.4623     | 0.2375     | 2.0159     | 0.1844     | 0.0246     | 0.0952       | 0.1730       |             | 1.0852   | 0.268  
472    | 2.5509     | 0.3248     | 2.0134     | 0.1795     | 0.0332     | 0.1380       | 0.1263       |             | 1.1146   | 0.264  
473    | 2.3683     | 0.2730     | 1.9057     | 0.1658     | 0.0238     | 0.0845       | 0.1163       |             | 1.0789   | 0.201  
474    | 2.5104     | 0.2757     | 2.0176     | 0.1825     | 0.0346     | 0.1393       | 0.1213       |             | 1.0353   | 0.261  
475    | 2.5559     | 0.2787     | 2.0713     | 0.1798     | 0.0261     | 0.1094       | 0.1287       |             | 1.0641   | 0.238  
476    | 2.4133     | 0.2568     | 1.9603     | 0.1749     | 0.0213     | 0.1829       | 0.1301       |             | 1.0332   | 0.313  
477    | 2.5596     | 0.3346     | 1.9915     | 0.1978     | 0.0356     | 0.1141       | 0.1483       |             | 1.0452   | 0.262  
478    | 2.5392     | 0.2654     | 2.0392     | 0.2063     | 0.0283     | 0.1153       | 0.1472       |             | 1.0850   | 0.263  
479    | 2.5364     | 0.3242     | 1.9811     | 0.1987     | 0.0324     | 0.0973       | 0.1529       |             | 1.0465   | 0.250  
480    | 2.5069     | 0.2762     | 1.9928     | 0.2098     | 0.0281     | 0.1057       | 0.1424       |             | 1.0934   | 0.248  
481    | 2.4557     | 0.2515     | 1.9891     | 0.1861     | 0.0290     | 0.1455       | 0.1046       |             | 1.0544   | 0.250  
482    | 2.3955     | 0.2846     | 1.9223     | 0.1637     | 0.0250     | 0.1627       | 0.0888       |             | 1.0510   | 0.251  
483    | 2.3460     | 0.2142     | 1.9372     | 0.1692     | 0.0253     | 0.1706       | 0.0922       |             | 1.0851   | 0.263  
484    | 2.2275     | 0.2691     | 1.7846     | 0.1490     | 0.0248     | 0.1000       | 0.0928       |             | 1.0571   | 0.193  
485    | 2.4789     | 0.3255     | 1.9710     | 0.1542     | 0.0282     | 0.1392       | 0.0904       |             | 1.0337   | 0.230  
486    | 2.5444     | 0.2686     | 2.0997     | 0.1564     | 0.0198     | 0.1532       | 0.1091       |             | 1.0203   | 0.262  
487    | 2.7016     | 0.3395     | 2.1488     | 0.1838     | 0.0296     | 0.1399       | 0.1050       |             | 1.0691   | 0.245  
488    | 2.4801     | 0.2999     | 1.9916     | 0.1691     | 0.0195     | 0.0721       | 0.0966       |             | 1.0505   | 0.169  
489    | 2.5885     | 0.3250     | 2.0608     | 0.1716     | 0.0310     | 0.0971       | 0.1012       |             | 1.0939   | 0.198  
490    | 2.5444     | 0.2985     | 2.0284     | 0.1854     | 0.0321     | 0.0935       | 0.1180       |             | 1.0877   | 0.211  
491    | 2.3093     | 0.2326     | 1.8757     | 0.1711     | 0.0300     | 0.1001       | 0.0963       |             | 1.0975   | 0.196  
492    | 2.4513     | 0.1843     | 2.0679     | 0.1709     | 0.0282     | 0.0976       | 0.1021       |             | 1.1506   | 0.200  
493    | 2.4426     | 0.2268     | 1.9963     | 0.1851     | 0.0343     | 0.1140       | 0.1047       |             | 1.1459   | 0.219  
494    | 2.6233     | 0.2833     | 2.1169     | 0.1825     | 0.0406     | 0.0885       | 0.1277       |             | 1.1364   | 0.216  
495    | 2.4103     | 0.2678     | 1.9352     | 0.1737     | 0.0337     | 0.0902       | 0.1157       |             | 1.0605   | 0.206  
496    | 2.3615     | 0.2396     | 1.9356     | 0.1616     | 0.0246     | 0.0964       | 0.1010       |             | 1.0493   | 0.197  
497    | 2.4383     | 0.2475     | 1.9868     | 0.1774     | 0.0266     | 0.1378       | 0.0986       |             | 1.0625   | 0.236  
498    | 2.5277     | 0.2545     | 2.0803     | 0.1675     | 0.0253     | 0.1324       | 0.1071       |             | 1.0147   | 0.240  
499    | 2.4091     | 0.2817     | 1.9557     | 0.1505     | 0.0212     | 0.1133       | 0.1083       |             | 1.0485   | 0.222  
500    | 2.5434     | 0.3060     | 2.0545     | 0.1606     | 0.0223     | 0.1182       | 0.0855       |             | 1.0249   | 0.204  
Seed 42 | Src Acc: 96.3265 | Src MDE: 0.0541 | Tgt Acc: 33.5714 | Tgt MDE: 1.0399
cuda
Start Training Seed 6767...
Epoch  | Total Loss | l_sc       | l_dc       | l_tc       | l_ca       | val_l_sc     | val_l_dc     | Save        | Test MDE | Score  
---------------------------------------------------------------------------------------------------------------------------------------
1      | 10.8236    | 3.6718     | 2.7939     | 3.7957     | 0.5623     | 3.3808       | 3.7814       |             | 2.9349   | 7.162  
2      | 9.8938     | 3.2096     | 2.7212     | 3.7525     | 0.2105     | 3.0183       | 3.7094       |             | 2.0839   | 6.728  
3      | 9.3554     | 2.9468     | 2.6543     | 3.6464     | 0.1078     | 2.8206       | 3.5282       |             | 2.1674   | 6.349  
4      | 8.8360     | 2.7303     | 2.5882     | 3.4251     | 0.0924     | 2.6179       | 3.2557       |             | 2.0611   | 5.874  
5      | 8.3415     | 2.6088     | 2.5148     | 3.1487     | 0.0692     | 2.4464       | 2.9010       |             | 2.0924   | 5.347  
6      | 7.7496     | 2.5382     | 2.4399     | 2.7077     | 0.0639     | 2.3465       | 2.4090       |             | 2.3010   | 4.756  
7      | 7.0094     | 2.4261     | 2.3621     | 2.1840     | 0.0371     | 2.2646       | 2.0198       |             | 2.4952   | 4.284  
8      | 6.2455     | 2.3197     | 2.2484     | 1.6391     | 0.0383     | 2.2082       | 1.3949       |             | 2.6887   | 3.603  
9      | 5.3781     | 2.2556     | 2.1504     | 0.9513     | 0.0207     | 2.2896       | 1.0222       |             | 2.7578   | 3.312  
10     | 4.5406     | 2.0315     | 1.9566     | 0.5349     | 0.0177     | 2.1847       | 0.5537       |             | 2.7772   | 2.738  
11     | 4.0396     | 1.8547     | 1.7872     | 0.3825     | 0.0152     | 1.7560       | 0.7339       |             | 2.7508   | 2.490  
12     | 3.6375     | 1.6604     | 1.6472     | 0.3202     | 0.0096     | 1.5541       | 0.9176       |             | 2.7036   | 2.472  
13     | 3.1993     | 1.4689     | 1.4725     | 0.2490     | 0.0089     | 1.4331       | 0.7981       |             | 2.7127   | 2.231  
14     | 2.8432     | 1.3138     | 1.2964     | 0.2243     | 0.0087     | 1.1751       | 0.8928       |             | 2.7227   | 2.068  
15     | 2.5745     | 1.1753     | 1.1681     | 0.2243     | 0.0068     | 1.1818       | 0.6210       |             | 2.7068   | 1.803  
16     | 2.3101     | 1.0516     | 1.0735     | 0.1767     | 0.0084     | 1.0447       | 0.5267       |             | 2.7352   | 1.571  
17     | 2.1630     | 0.9891     | 0.9852     | 0.1811     | 0.0076     | 1.0153       | 0.5562       |             | 2.7296   | 1.571  
18     | 1.8025     | 0.8325     | 0.8258     | 0.1325     | 0.0117     | 0.9333       | 0.4818       |             | 2.7204   | 1.415  
19     | 1.6611     | 0.7547     | 0.7550     | 0.1444     | 0.0070     | 1.0631       | 0.3267       |             | 2.7310   | 1.390  
20     | 1.6217     | 0.7720     | 0.7075     | 0.1355     | 0.0067     | 0.7426       | 0.4990       |             | 2.7164   | 1.242  
21     | 1.3890     | 0.6048     | 0.6510     | 0.1265     | 0.0067     | 0.9092       | 0.3169       |             | 2.8391   | 1.226  
22     | 1.2718     | 0.5801     | 0.5822     | 0.1015     | 0.0079     | 0.9273       | 0.3113       |             | 2.7271   | 1.239  
23     | 1.2602     | 0.5744     | 0.5683     | 0.1117     | 0.0059     | 0.9255       | 0.3856       |             | 2.5839   | 1.311  
24     | 1.1027     | 0.5074     | 0.5068     | 0.0836     | 0.0048     | 0.7015       | 0.3283       |             | 2.7963   | 1.030  
25     | 1.1196     | 0.5016     | 0.5062     | 0.0973     | 0.0146     | 0.7674       | 0.2437       |             | 2.7932   | 1.011  
26     | 1.0202     | 0.4596     | 0.4473     | 0.1065     | 0.0068     | 0.7670       | 0.3645       |             | 2.5967   | 1.131  
27     | 1.0058     | 0.4797     | 0.4432     | 0.0745     | 0.0084     | 0.8407       | 0.2419       |             | 2.7408   | 1.083  
28     | 0.8157     | 0.3858     | 0.3543     | 0.0690     | 0.0066     | 0.6363       | 0.3004       |             | 2.8183   | 0.937  
29     | 0.7979     | 0.3975     | 0.3297     | 0.0670     | 0.0037     | 0.7588       | 0.3740       |             | 2.6707   | 1.133  
30     | 0.8230     | 0.3710     | 0.3580     | 0.0821     | 0.0118     | 0.4793       | 0.4615       |             | 2.8064   | 0.941  
31     | 0.7761     | 0.3550     | 0.3370     | 0.0792     | 0.0049     | 0.4879       | 0.4835       |             | 2.6722   | 0.971  
32     | 0.7382     | 0.3589     | 0.3017     | 0.0710     | 0.0066     | 0.5221       | 0.3136       |             | 2.6917   | 0.836  
33     | 0.6719     | 0.3133     | 0.2867     | 0.0680     | 0.0039     | 0.4386       | 0.3297       |             | 2.6767   | 0.768  
34     | 0.6539     | 0.3365     | 0.2509     | 0.0624     | 0.0041     | 0.2731       | 0.5902       |             | 2.5486   | 0.863  
35     | 0.5670     | 0.2846     | 0.2349     | 0.0442     | 0.0032     | 0.6351       | 0.1972       |             | 2.7860   | 0.832  
36     | 0.5286     | 0.2894     | 0.1987     | 0.0376     | 0.0029     | 0.7592       | 0.1621       |             | 2.7077   | 0.921  
37     | 0.6234     | 0.3207     | 0.2569     | 0.0419     | 0.0039     | 0.5151       | 0.2658       |             | 2.6800   | 0.781  
38     | 0.5850     | 0.2824     | 0.2507     | 0.0462     | 0.0056     | 0.4839       | 0.3631       |             | 2.6308   | 0.847  
39     | 0.5860     | 0.2888     | 0.2421     | 0.0511     | 0.0040     | 0.8681       | 0.1412       |             | 2.7068   | 1.009  
40     | 0.5270     | 0.2682     | 0.2003     | 0.0522     | 0.0063     | 0.4628       | 0.3477       |             | 2.7383   | 0.811  
41     | 0.5849     | 0.2874     | 0.2432     | 0.0472     | 0.0071     | 0.5693       | 0.1590       |             | 2.7017   | 0.728  
42     | 0.4624     | 0.2455     | 0.1860     | 0.0275     | 0.0033     | 0.4656       | 0.3476       |             | 2.6835   | 0.813  
43     | 0.4928     | 0.2487     | 0.2012     | 0.0379     | 0.0050     | 0.6678       | 0.1805       |             | 2.7003   | 0.848  
44     | 0.5413     | 0.2814     | 0.2080     | 0.0472     | 0.0046     | 0.4109       | 0.2520       |             | 2.7106   | 0.663  
45     | 0.4580     | 0.2172     | 0.1839     | 0.0459     | 0.0110     | 0.4720       | 0.2429       |             | 2.6819   | 0.715  
46     | 0.5121     | 0.2391     | 0.2090     | 0.0563     | 0.0076     | 0.3492       | 0.3881       |             | 2.6108   | 0.737  
47     | 0.4528     | 0.2331     | 0.1767     | 0.0394     | 0.0036     | 0.6607       | 0.3021       |             | 2.6323   | 0.963  
48     | 0.4276     | 0.2212     | 0.1759     | 0.0279     | 0.0026     | 0.2317       | 0.8724       |             | 2.4369   | 1.104  
49     | 0.4290     | 0.2188     | 0.1662     | 0.0408     | 0.0032     | 0.3563       | 0.3133       |             | 2.6835   | 0.670  
50     | 0.4082     | 0.2032     | 0.1638     | 0.0370     | 0.0042     | 0.3957       | 0.2520       |             | 2.6666   | 0.648  
51     | 0.3960     | 0.1956     | 0.1676     | 0.0280     | 0.0047     | 0.3499       | 0.3878       |             | 2.6893   | 0.738  
52     | 0.4353     | 0.2095     | 0.1757     | 0.0448     | 0.0053     | 0.6520       | 0.2305       |             | 2.6732   | 0.883  
53     | 0.4903     | 0.2201     | 0.2111     | 0.0524     | 0.0068     | 0.6266       | 0.3078       |             | 2.8170   | 0.934  
54     | 0.4332     | 0.2151     | 0.1716     | 0.0353     | 0.0112     | 0.4965       | 0.2861       |             | 2.6802   | 0.783  
55     | 0.3941     | 0.1973     | 0.1602     | 0.0326     | 0.0041     | 0.4243       | 0.3192       |             | 2.6357   | 0.743  
56     | 0.4507     | 0.1977     | 0.2199     | 0.0298     | 0.0033     | 0.6109       | 0.2437       |             | 2.6702   | 0.855  
57     | 0.5208     | 0.1980     | 0.2815     | 0.0355     | 0.0058     | 0.4150       | 0.3964       |             | 2.6142   | 0.811  
58     | 0.6727     | 0.2404     | 0.3812     | 0.0424     | 0.0087     | 0.8128       | 0.1872       |             | 2.6775   | 1.000  
59     | 0.7926     | 0.2534     | 0.4867     | 0.0439     | 0.0087     | 0.8507       | 0.2180       |             | 2.6763   | 1.069  
60     | 0.9138     | 0.2582     | 0.5736     | 0.0629     | 0.0191     | 0.2893       | 0.6698       |             | 2.4740   | 0.959  
61     | 0.9700     | 0.2572     | 0.6297     | 0.0716     | 0.0116     | 0.6677       | 0.3754       |             | 2.6237   | 1.043  
62     | 0.8419     | 0.2594     | 0.5162     | 0.0579     | 0.0085     | 0.2081       | 1.0860       |             | 2.1457   | 1.294  
63     | 0.8417     | 0.2508     | 0.5035     | 0.0778     | 0.0096     | 0.4941       | 0.4554       |             | 2.5552   | 0.949  
64     | 0.8162     | 0.2709     | 0.4740     | 0.0620     | 0.0092     | 0.5518       | 0.3043       |             | 2.6408   | 0.856  
65     | 0.8569     | 0.2656     | 0.5217     | 0.0594     | 0.0103     | 0.2476       | 0.4585       |             | 2.5862   | 0.706  
66     | 0.8417     | 0.2474     | 0.5047     | 0.0767     | 0.0130     | 0.4497       | 0.3106       |             | 2.6168   | 0.760  
67     | 0.7970     | 0.2599     | 0.4434     | 0.0538     | 0.0398     | 0.6435       | 0.4551       |             | 2.7835   | 1.099  
68     | 0.7601     | 0.2442     | 0.4487     | 0.0520     | 0.0151     | 0.3395       | 0.5227       |             | 2.6316   | 0.862  
69     | 0.8565     | 0.2377     | 0.5170     | 0.0879     | 0.0140     | 0.2907       | 0.5094       |             | 2.6073   | 0.800  
70     | 0.9254     | 0.2437     | 0.5844     | 0.0766     | 0.0207     | 0.6346       | 0.2663       |             | 2.7468   | 0.901  
71     | 0.8611     | 0.2390     | 0.5383     | 0.0732     | 0.0106     | 0.6601       | 0.1847       |             | 2.7105   | 0.845  
72     | 0.8158     | 0.2290     | 0.5132     | 0.0629     | 0.0106     | 0.3838       | 0.3358       |             | 2.6859   | 0.720  
73     | 0.9194     | 0.2525     | 0.5700     | 0.0862     | 0.0106     | 0.2891       | 0.5700       |             | 2.4311   | 0.859  
74     | 0.8797     | 0.2668     | 0.5396     | 0.0613     | 0.0119     | 0.2920       | 0.4179       |             | 2.6774   | 0.710  
75     | 1.1849     | 0.2751     | 0.7096     | 0.1836     | 0.0167     | 0.3519       | 0.4419       |             | 2.4441   | 0.794  
76     | 1.0099     | 0.2808     | 0.6084     | 0.0979     | 0.0227     | 0.3854       | 0.3058       |             | 2.5759   | 0.691  
77     | 0.9466     | 0.2812     | 0.5746     | 0.0803     | 0.0106     | 0.4254       | 0.3332       |             | 2.3782   | 0.759  
78     | 0.7846     | 0.2233     | 0.4899     | 0.0608     | 0.0107     | 0.4939       | 0.2746       |             | 2.5639   | 0.769  
79     | 0.7940     | 0.2316     | 0.4830     | 0.0682     | 0.0111     | 0.2770       | 0.4441       |             | 2.3853   | 0.721  
80     | 0.7728     | 0.2391     | 0.4556     | 0.0660     | 0.0121     | 0.4704       | 0.3167       |             | 2.5163   | 0.787  
81     | 0.7112     | 0.2567     | 0.3728     | 0.0700     | 0.0117     | 0.1958       | 0.6036       |             | 2.2665   | 0.799  
82     | 0.6045     | 0.2003     | 0.3364     | 0.0587     | 0.0092     | 0.5263       | 0.2609       |             | 2.4964   | 0.787  
83     | 0.6171     | 0.2211     | 0.3408     | 0.0489     | 0.0063     | 0.4058       | 0.3333       |             | 2.4921   | 0.739  
84     | 0.6281     | 0.2123     | 0.3521     | 0.0545     | 0.0092     | 0.5909       | 0.2122       |             | 2.5406   | 0.803  
85     | 0.5493     | 0.1699     | 0.3211     | 0.0513     | 0.0069     | 0.4691       | 0.2866       |             | 2.5925   | 0.756  
86     | 0.6427     | 0.2102     | 0.3715     | 0.0534     | 0.0075     | 0.4711       | 0.3499       |             | 2.3341   | 0.821  
87     | 0.6672     | 0.1890     | 0.4060     | 0.0628     | 0.0094     | 0.2580       | 0.4077       |             | 2.3962   | 0.666  
88     | 0.9311     | 0.2767     | 0.5368     | 0.0958     | 0.0219     | 0.8105       | 0.1594       |             | 2.6548   | 0.970  
89     | 0.7241     | 0.2291     | 0.4140     | 0.0650     | 0.0160     | 0.6734       | 0.1481       |             | 2.5440   | 0.822  
90     | 0.6610     | 0.2245     | 0.3524     | 0.0698     | 0.0143     | 0.3101       | 0.3521       |             | 2.4845   | 0.662  
91     | 0.6124     | 0.2086     | 0.3151     | 0.0708     | 0.0179     | 0.4523       | 0.1968       |             | 2.6305   | 0.649  
92     | 0.5648     | 0.1964     | 0.3093     | 0.0483     | 0.0108     | 0.3388       | 0.3258       |             | 2.6496   | 0.665  
93     | 0.5491     | 0.1859     | 0.2965     | 0.0582     | 0.0085     | 0.2532       | 0.3992       |             | 2.5293   | 0.652  
94     | 0.4933     | 0.1741     | 0.2621     | 0.0480     | 0.0090     | 0.6230       | 0.2071       |             | 2.6748   | 0.830  
95     | 0.5489     | 0.2022     | 0.2747     | 0.0608     | 0.0113     | 0.2210       | 0.4095       |             | 2.5089   | 0.631  
96     | 0.5431     | 0.2124     | 0.2678     | 0.0511     | 0.0119     | 0.4213       | 0.3074       |             | 2.5910   | 0.729  
97     | 0.5771     | 0.2200     | 0.2962     | 0.0525     | 0.0085     | 0.2087       | 0.5177       |             | 2.3935   | 0.726  
98     | 0.4531     | 0.1725     | 0.2336     | 0.0377     | 0.0093     | 0.3749       | 0.4182       |             | 2.3659   | 0.793  
99     | 0.4961     | 0.1829     | 0.2456     | 0.0493     | 0.0184     | 0.4468       | 0.2847       |             | 2.5709   | 0.732  
100    | 0.4296     | 0.1722     | 0.2123     | 0.0378     | 0.0073     | 0.3692       | 0.2300       |             | 2.6357   | 0.599  
101    | 0.4140     | 0.1494     | 0.2086     | 0.0441     | 0.0120     | 0.3721       | 0.2903       |             | 2.5860   | 0.662  
102    | 0.4004     | 0.1558     | 0.2032     | 0.0357     | 0.0058     | 0.6621       | 0.2521       |             | 2.6721   | 0.914  
103    | 0.4952     | 0.1893     | 0.2499     | 0.0445     | 0.0116     | 0.6086       | 0.2124       |             | 2.6668   | 0.821  
104    | 0.4619     | 0.1774     | 0.2236     | 0.0508     | 0.0101     | 0.4762       | 0.1782       |             | 2.6792   | 0.654  
105    | 0.4344     | 0.1749     | 0.2069     | 0.0440     | 0.0086     | 0.3443       | 0.3800       |             | 2.4002   | 0.724  
106    | 0.4859     | 0.1575     | 0.2658     | 0.0566     | 0.0060     | 0.2524       | 0.3341       |             | 2.5194   | 0.587  
107    | 0.6714     | 0.2315     | 0.3547     | 0.0727     | 0.0126     | 0.3252       | 0.4680       |             | 2.2814   | 0.793  
108    | 0.5981     | 0.2309     | 0.3071     | 0.0492     | 0.0108     | 0.3733       | 0.3539       |             | 2.5836   | 0.727  
109    | 0.6576     | 0.2083     | 0.3615     | 0.0719     | 0.0158     | 0.7714       | 0.2239       |             | 2.5141   | 0.995  
110    | 0.6540     | 0.1939     | 0.3742     | 0.0664     | 0.0195     | 0.2997       | 0.4880       |             | 2.4359   | 0.788  
111    | 0.9444     | 0.2625     | 0.5606     | 0.1027     | 0.0187     | 0.4016       | 0.4645       |             | 2.5430   | 0.866  
112    | 0.9637     | 0.2767     | 0.5631     | 0.1055     | 0.0184     | 0.3584       | 0.4254       |             | 2.4496   | 0.784  
113    | 1.1277     | 0.2673     | 0.6783     | 0.1476     | 0.0346     | 0.5685       | 0.2423       |             | 2.6594   | 0.811  
114    | 0.8994     | 0.2442     | 0.5368     | 0.0910     | 0.0274     | 0.4366       | 0.4461       |             | 2.3407   | 0.883  
115    | 0.8197     | 0.2514     | 0.4458     | 0.1010     | 0.0214     | 0.5977       | 0.2065       |             | 2.6203   | 0.804  
116    | 0.6237     | 0.1961     | 0.3326     | 0.0706     | 0.0243     | 0.4630       | 0.2355       |             | 2.5728   | 0.699  
117    | 0.5732     | 0.2030     | 0.2851     | 0.0728     | 0.0124     | 0.4128       | 0.2769       |             | 2.5265   | 0.690  
118    | 0.5807     | 0.1964     | 0.2899     | 0.0763     | 0.0181     | 0.4389       | 0.2517       |             | 2.5894   | 0.691  
119    | 0.5409     | 0.1857     | 0.2861     | 0.0548     | 0.0143     | 0.3941       | 0.2304       |             | 2.6029   | 0.624  
120    | 0.6330     | 0.2183     | 0.3298     | 0.0730     | 0.0120     | 0.3738       | 0.2674       |             | 2.5724   | 0.641  
121    | 0.6813     | 0.2312     | 0.3160     | 0.1069     | 0.0272     | 0.3211       | 0.2388       |             | 2.4960   | 0.560  
122    | 0.6031     | 0.2132     | 0.3059     | 0.0664     | 0.0177     | 0.7383       | 0.1266       |             | 2.6609   | 0.865  
123    | 0.7362     | 0.2665     | 0.3703     | 0.0881     | 0.0113     | 0.3383       | 0.3969       |             | 2.2073   | 0.735  
124    | 0.6230     | 0.2257     | 0.3233     | 0.0614     | 0.0125     | 0.3418       | 0.2977       |             | 2.4843   | 0.639  
125    | 0.7541     | 0.2364     | 0.4020     | 0.0967     | 0.0190     | 0.5582       | 0.1998       |             | 2.5821   | 0.758  
126    | 0.7986     | 0.2574     | 0.4450     | 0.0707     | 0.0254     | 0.5379       | 0.2690       |             | 2.5849   | 0.807  
127    | 0.7895     | 0.2592     | 0.4167     | 0.0897     | 0.0240     | 0.2767       | 0.3673       |             | 2.4260   | 0.644  
128    | 0.9619     | 0.2841     | 0.5162     | 0.1238     | 0.0378     | 0.4812       | 0.2222       |             | 2.5699   | 0.703  
129    | 0.8792     | 0.2447     | 0.5018     | 0.1042     | 0.0285     | 0.3566       | 0.3379       |             | 2.5473   | 0.695  
130    | 1.0734     | 0.2659     | 0.6246     | 0.1453     | 0.0375     | 0.5066       | 0.2572       |             | 2.5618   | 0.764  
131    | 1.0215     | 0.2766     | 0.5883     | 0.1276     | 0.0289     | 0.3530       | 0.2887       |             | 2.4880   | 0.642  
132    | 0.9764     | 0.2965     | 0.5365     | 0.1137     | 0.0298     | 0.3073       | 0.3346       |             | 2.5118   | 0.642  
133    | 1.0250     | 0.2571     | 0.6050     | 0.1287     | 0.0342     | 0.4013       | 0.2606       |             | 2.5830   | 0.662  
134    | 1.4109     | 0.3255     | 0.8489     | 0.1887     | 0.0478     | 0.4103       | 0.4780       |             | 2.3690   | 0.888  
135    | 1.4485     | 0.3625     | 0.8439     | 0.1961     | 0.0459     | 0.3266       | 0.3159       |             | 2.4467   | 0.643  
136    | 1.0369     | 0.2970     | 0.5638     | 0.1466     | 0.0294     | 0.3975       | 0.3436       |             | 2.4716   | 0.741  
137    | 0.9179     | 0.2804     | 0.4994     | 0.1085     | 0.0296     | 0.5362       | 0.2609       |             | 2.4191   | 0.797  
138    | 0.8926     | 0.2422     | 0.5121     | 0.1136     | 0.0247     | 0.5005       | 0.3208       |             | 2.4985   | 0.821  
139    | 0.9932     | 0.2710     | 0.5582     | 0.1302     | 0.0339     | 0.3533       | 0.4129       |             | 2.5187   | 0.766  
140    | 0.9769     | 0.2540     | 0.5713     | 0.1193     | 0.0323     | 0.5171       | 0.2707       |             | 2.5180   | 0.788  
141    | 1.2206     | 0.2977     | 0.7224     | 0.1440     | 0.0565     | 0.5485       | 0.2872       |             | 2.5231   | 0.836  
142    | 1.2955     | 0.3188     | 0.7652     | 0.1568     | 0.0547     | 0.2721       | 0.4255       |             | 2.1570   | 0.698  
143    | 1.4545     | 0.3933     | 0.8121     | 0.1825     | 0.0666     | 0.4054       | 0.2987       |             | 2.3048   | 0.704  
144    | 1.1882     | 0.3039     | 0.6644     | 0.1758     | 0.0441     | 0.4550       | 0.1690       |             | 2.4843   | 0.624  
145    | 1.0535     | 0.2670     | 0.5917     | 0.1534     | 0.0415     | 0.2965       | 0.2641       |             | 2.2725   | 0.561  
146    | 0.9779     | 0.2975     | 0.5126     | 0.1340     | 0.0338     | 0.4087       | 0.2145       |             | 2.4168   | 0.623  
147    | 0.9435     | 0.2534     | 0.5169     | 0.1458     | 0.0274     | 0.2547       | 0.3392       |             | 2.2499   | 0.594  
148    | 0.9328     | 0.2631     | 0.4857     | 0.1464     | 0.0375     | 0.3656       | 0.2475       |             | 2.4557   | 0.613  
149    | 0.8328     | 0.2285     | 0.4597     | 0.1126     | 0.0320     | 0.3189       | 0.2185       |             | 2.4104   | 0.537  
150    | 1.0090     | 0.2380     | 0.5806     | 0.1440     | 0.0464     | 0.3938       | 0.2790       |             | 2.3970   | 0.673  
151    | 1.3237     | 0.3200     | 0.7851     | 0.1680     | 0.0506     | 0.3261       | 0.2785       |             | 2.5300   | 0.605  
152    | 1.4016     | 0.3554     | 0.8219     | 0.1860     | 0.0384     | 0.2421       | 0.3435       |             | 2.3130   | 0.586  
153    | 1.0357     | 0.2504     | 0.5849     | 0.1724     | 0.0280     | 0.4088       | 0.1668       |             | 2.5121   | 0.576  
154    | 0.9916     | 0.2563     | 0.5714     | 0.1284     | 0.0355     | 0.2898       | 0.2773       |             | 2.4228   | 0.567  
155    | 1.2501     | 0.3145     | 0.7131     | 0.1786     | 0.0439     | 0.3186       | 0.2906       |             | 2.4587   | 0.609  
156    | 1.3078     | 0.3263     | 0.7690     | 0.1748     | 0.0376     | 0.2580       | 0.2696       |             | 2.4146   | 0.528  
157    | 1.2328     | 0.3016     | 0.7245     | 0.1734     | 0.0332     | 0.3836       | 0.2203       |             | 2.3531   | 0.604  
158    | 1.2070     | 0.2864     | 0.6991     | 0.1800     | 0.0415     | 0.2428       | 0.3143       |             | 2.1576   | 0.557  
159    | 1.3493     | 0.3024     | 0.7794     | 0.2311     | 0.0364     | 0.2687       | 0.2374       |             | 1.9146   | 0.506  
160    | 1.3730     | 0.2802     | 0.8203     | 0.2332     | 0.0393     | 0.2498       | 0.2686       |             | 1.9978   | 0.518  
161    | 1.2475     | 0.2563     | 0.7459     | 0.2076     | 0.0377     | 0.2393       | 0.1914       |             | 2.0004   | 0.431  
162    | 1.2524     | 0.3087     | 0.7198     | 0.1858     | 0.0382     | 0.2251       | 0.2262       |             | 2.1553   | 0.451  
163    | 1.3644     | 0.2881     | 0.8193     | 0.2245     | 0.0325     | 0.2702       | 0.2756       |             | 2.1587   | 0.546  
164    | 1.5789     | 0.3473     | 0.9342     | 0.2472     | 0.0501     | 0.2053       | 0.2270       |             | 2.0384   | 0.432  
165    | 1.6378     | 0.3652     | 0.9407     | 0.2582     | 0.0737     | 0.2292       | 0.2579       |             | 2.0849   | 0.487  
166    | 1.6718     | 0.3976     | 0.9586     | 0.2646     | 0.0509     | 0.3186       | 0.2588       |             | 2.0130   | 0.577  
167    | 1.8054     | 0.3530     | 1.0964     | 0.3018     | 0.0542     | 0.2014       | 0.2756       |             | 1.6951   | 0.477  
168    | 1.8437     | 0.3148     | 1.1493     | 0.3118     | 0.0678     | 0.2074       | 0.2299       |             | 1.7638   | 0.437  
169    | 2.0073     | 0.3763     | 1.2597     | 0.3056     | 0.0656     | 0.2437       | 0.2629       |             | 1.7978   | 0.507  
170    | 2.2200     | 0.3936     | 1.4161     | 0.3365     | 0.0739     | 0.1830       | 0.2668       |             | 1.7803   | 0.450  
171    | 1.9472     | 0.2902     | 1.2622     | 0.3303     | 0.0646     | 0.1581       | 0.2019       |             | 1.6891   | 0.360  
172    | 1.8860     | 0.3260     | 1.2062     | 0.2939     | 0.0599     | 0.1705       | 0.2064       |             | 1.7976   | 0.377  
173    | 2.0020     | 0.3604     | 1.2680     | 0.3143     | 0.0594     | 0.2035       | 0.1707       |             | 1.7848   | 0.374  
174    | 1.9771     | 0.3689     | 1.2500     | 0.2811     | 0.0770     | 0.1840       | 0.1938       |             | 1.8463   | 0.378  
175    | 1.9046     | 0.3570     | 1.1969     | 0.2822     | 0.0685     | 0.2182       | 0.1802       |             | 1.8251   | 0.398  
176    | 1.9089     | 0.3534     | 1.2416     | 0.2725     | 0.0414     | 0.1904       | 0.1667       |             | 1.6781   | 0.357  
177    | 1.7998     | 0.3092     | 1.1696     | 0.2772     | 0.0439     | 0.1594       | 0.1808       |             | 1.5874   | 0.340  
178    | 1.9352     | 0.3526     | 1.2466     | 0.2937     | 0.0423     | 0.1868       | 0.2347       |             | 1.6255   | 0.421  
179    | 1.7275     | 0.3193     | 1.1247     | 0.2415     | 0.0420     | 0.1730       | 0.1800       |             | 1.6249   | 0.353  
180    | 1.6709     | 0.3433     | 1.0508     | 0.2415     | 0.0353     | 0.1984       | 0.1303       |             | 1.6142   | 0.329  
181    | 1.7486     | 0.3199     | 1.1424     | 0.2394     | 0.0470     | 0.1869       | 0.1979       |             | 1.5521   | 0.385  
182    | 1.7801     | 0.2716     | 1.2059     | 0.2545     | 0.0481     | 0.1915       | 0.1143       |             | 1.5903   | 0.306  
183    | 1.9451     | 0.3240     | 1.3200     | 0.2540     | 0.0471     | 0.2279       | 0.1556       |             | 1.6118   | 0.383  
184    | 1.9507     | 0.3431     | 1.2997     | 0.2592     | 0.0487     | 0.1817       | 0.1695       |             | 1.6452   | 0.351  
185    | 1.9415     | 0.3762     | 1.2581     | 0.2678     | 0.0394     | 0.1628       | 0.1608       |             | 1.5628   | 0.324  
186    | 1.7493     | 0.3035     | 1.1586     | 0.2431     | 0.0442     | 0.2028       | 0.1543       |             | 1.5395   | 0.357  
187    | 1.7216     | 0.2772     | 1.1513     | 0.2463     | 0.0468     | 0.2166       | 0.1688       |             | 1.4803   | 0.385  
188    | 1.7273     | 0.3156     | 1.1128     | 0.2618     | 0.0371     | 0.1829       | 0.2244       |             | 1.4957   | 0.407  
189    | 1.7605     | 0.2910     | 1.1624     | 0.2644     | 0.0428     | 0.1962       | 0.1690       |             | 1.4838   | 0.365  
190    | 1.9635     | 0.3604     | 1.2779     | 0.2755     | 0.0497     | 0.1815       | 0.1906       |             | 1.4299   | 0.372  
191    | 2.0556     | 0.3617     | 1.3627     | 0.2906     | 0.0405     | 0.2099       | 0.2228       |             | 1.4607   | 0.433  
192    | 1.8867     | 0.3170     | 1.2555     | 0.2778     | 0.0364     | 0.2639       | 0.1854       |             | 1.4920   | 0.449  
193    | 2.0267     | 0.3083     | 1.3848     | 0.2980     | 0.0356     | 0.2674       | 0.2614       |             | 1.5922   | 0.529  
194    | 1.9003     | 0.2825     | 1.2964     | 0.2811     | 0.0403     | 0.2068       | 0.2106       |             | 1.4557   | 0.417  
195    | 2.1651     | 0.3283     | 1.4878     | 0.3107     | 0.0383     | 0.1942       | 0.2092       |             | 1.4089   | 0.403  
196    | 2.2043     | 0.3004     | 1.5565     | 0.3063     | 0.0411     | 0.1886       | 0.2017       |             | 1.3949   | 0.390  
197    | 2.0559     | 0.3203     | 1.4091     | 0.2881     | 0.0385     | 0.2149       | 0.2070       |             | 1.4443   | 0.422  
198    | 2.2294     | 0.3653     | 1.4758     | 0.3407     | 0.0477     | 0.1711       | 0.2636       |             | 1.3640   | 0.435  
199    | 2.0909     | 0.3325     | 1.4144     | 0.2909     | 0.0532     | 0.1912       | 0.1441       |             | 1.2941   | 0.335  
200    | 1.9479     | 0.2796     | 1.3404     | 0.2811     | 0.0467     | 0.1832       | 0.1539       |             | 1.4488   | 0.337  
201    | 1.8400     | 0.3046     | 1.2427     | 0.2588     | 0.0340     | 0.2060       | 0.1810       |             | 1.4053   | 0.387  
202    | 1.9266     | 0.3206     | 1.3173     | 0.2566     | 0.0321     | 0.1880       | 0.1399       |             | 1.2489   | 0.328  
203    | 1.8871     | 0.3426     | 1.2489     | 0.2604     | 0.0352     | 0.2055       | 0.1249       |             | 1.2057   | 0.330  
204    | 1.8087     | 0.3437     | 1.1840     | 0.2373     | 0.0436     | 0.2328       | 0.1515       |             | 1.2110   | 0.384  
205    | 1.9136     | 0.2817     | 1.3207     | 0.2726     | 0.0387     | 0.2353       | 0.1299       |             | 1.2380   | 0.365  
206    | 1.9872     | 0.3719     | 1.3255     | 0.2548     | 0.0349     | 0.1929       | 0.1649       |             | 1.1563   | 0.358  
207    | 1.8458     | 0.2638     | 1.2875     | 0.2586     | 0.0359     | 0.1653       | 0.1285       |             | 1.1901   | 0.294  
208    | 1.6602     | 0.2558     | 1.1476     | 0.2282     | 0.0285     | 0.1987       | 0.1639       |             | 1.2016   | 0.363  
209    | 2.0585     | 0.3202     | 1.4316     | 0.2615     | 0.0452     | 0.1819       | 0.1816       |             | 1.2333   | 0.364  
210    | 2.0489     | 0.3187     | 1.4178     | 0.2707     | 0.0417     | 0.1934       | 0.1308       |             | 1.3163   | 0.324  
211    | 2.0451     | 0.2936     | 1.4613     | 0.2511     | 0.0391     | 0.2062       | 0.1441       |             | 1.3114   | 0.350  
212    | 1.9624     | 0.3262     | 1.3436     | 0.2615     | 0.0310     | 0.2034       | 0.1411       |             | 1.2029   | 0.345  
213    | 2.2076     | 0.3514     | 1.5610     | 0.2600     | 0.0352     | 0.2101       | 0.1229       |             | 1.2145   | 0.333  
214    | 2.3491     | 0.3407     | 1.6889     | 0.2778     | 0.0416     | 0.2282       | 0.2044       |             | 1.2928   | 0.433  
215    | 2.2220     | 0.3013     | 1.5847     | 0.2985     | 0.0375     | 0.2123       | 0.1660       |             | 1.2297   | 0.378  
216    | 2.2039     | 0.3148     | 1.5479     | 0.2977     | 0.0435     | 0.1871       | 0.2228       |             | 1.1703   | 0.410  
217    | 2.0864     | 0.3156     | 1.4632     | 0.2704     | 0.0373     | 0.2074       | 0.1753       |             | 1.2310   | 0.383  
218    | 2.1575     | 0.2941     | 1.5164     | 0.2958     | 0.0512     | 0.2029       | 0.1608       |             | 1.1878   | 0.364  
219    | 2.0462     | 0.3299     | 1.3918     | 0.2736     | 0.0508     | 0.2122       | 0.1702       |             | 1.2551   | 0.382  
220    | 2.0778     | 0.3130     | 1.4464     | 0.2622     | 0.0563     | 0.2084       | 0.1574       |             | 1.2969   | 0.366  
221    | 1.9348     | 0.3069     | 1.3389     | 0.2404     | 0.0486     | 0.2260       | 0.1842       |             | 1.2802   | 0.410  
222    | 1.8437     | 0.2913     | 1.2671     | 0.2510     | 0.0344     | 0.1729       | 0.1573       |             | 1.2593   | 0.330  
223    | 1.8535     | 0.2871     | 1.2716     | 0.2571     | 0.0378     | 0.2335       | 0.2273       |             | 1.2788   | 0.461  
224    | 2.0431     | 0.2936     | 1.4399     | 0.2762     | 0.0334     | 0.1968       | 0.1944       |             | 1.2168   | 0.391  
225    | 2.0196     | 0.3277     | 1.4077     | 0.2498     | 0.0343     | 0.1879       | 0.1460       |             | 1.1804   | 0.334  
226    | 1.9755     | 0.2791     | 1.4328     | 0.2353     | 0.0283     | 0.1781       | 0.1427       |             | 1.2680   | 0.321  
227    | 2.0991     | 0.3068     | 1.5147     | 0.2472     | 0.0304     | 0.1857       | 0.1685       |             | 1.3750   | 0.354  
228    | 2.2558     | 0.3348     | 1.6098     | 0.2743     | 0.0369     | 0.1443       | 0.1694       |             | 1.2216   | 0.314  
229    | 2.1541     | 0.2784     | 1.5863     | 0.2641     | 0.0254     | 0.2016       | 0.1627       |             | 1.2917   | 0.364  
230    | 2.0871     | 0.3365     | 1.4688     | 0.2552     | 0.0266     | 0.1906       | 0.1886       |             | 1.3634   | 0.379  
231    | 1.9253     | 0.2785     | 1.3574     | 0.2628     | 0.0265     | 0.1679       | 0.1445       |             | 1.2236   | 0.312  
232    | 2.0566     | 0.2726     | 1.5263     | 0.2300     | 0.0277     | 0.1523       | 0.1626       |             | 1.0993   | 0.315  
233    | 2.2766     | 0.3219     | 1.6494     | 0.2730     | 0.0323     | 0.1506       | 0.1621       |             | 1.1494   | 0.313  
234    | 2.3713     | 0.3309     | 1.7190     | 0.2806     | 0.0408     | 0.1922       | 0.1931       |             | 1.1410   | 0.385  
235    | 2.1901     | 0.3271     | 1.5662     | 0.2684     | 0.0285     | 0.1609       | 0.1592       |             | 1.0955   | 0.320  
236    | 2.3059     | 0.3286     | 1.6895     | 0.2625     | 0.0254     | 0.1662       | 0.1609       |             | 1.1222   | 0.327  
237    | 2.0862     | 0.3233     | 1.5070     | 0.2239     | 0.0320     | 0.1727       | 0.1127       |             | 1.2284   | 0.285  
238    | 1.9803     | 0.2543     | 1.4480     | 0.2490     | 0.0290     | 0.1693       | 0.1513       |             | 1.1244   | 0.321  
239    | 2.1380     | 0.2993     | 1.5440     | 0.2706     | 0.0241     | 0.2016       | 0.1610       |             | 1.2022   | 0.363  
240    | 1.9373     | 0.2550     | 1.4169     | 0.2411     | 0.0243     | 0.1954       | 0.1624       |             | 1.1945   | 0.358  
241    | 2.1832     | 0.3399     | 1.5572     | 0.2544     | 0.0317     | 0.1820       | 0.1492       |             | 1.2045   | 0.331  
242    | 2.2184     | 0.3005     | 1.6103     | 0.2687     | 0.0390     | 0.1745       | 0.1705       |             | 1.2045   | 0.345  
243    | 2.1578     | 0.3332     | 1.5454     | 0.2353     | 0.0439     | 0.2008       | 0.1271       |             | 1.2483   | 0.328  
244    | 2.3394     | 0.3504     | 1.7102     | 0.2458     | 0.0329     | 0.1927       | 0.1759       |             | 1.2026   | 0.369  
245    | 2.3932     | 0.3599     | 1.7183     | 0.2762     | 0.0387     | 0.1837       | 0.1547       |             | 1.0656   | 0.338  
246    | 2.1495     | 0.3070     | 1.5746     | 0.2454     | 0.0225     | 0.1633       | 0.1851       |             | 1.0178   | 0.348  
247    | 2.1359     | 0.3105     | 1.5206     | 0.2736     | 0.0312     | 0.1967       | 0.1784       |             | 0.9244   | 0.375  
248    | 2.1906     | 0.3199     | 1.5972     | 0.2457     | 0.0278     | 0.2038       | 0.1435       |             | 0.9426   | 0.347  
249    | 2.1248     | 0.2533     | 1.6105     | 0.2340     | 0.0270     | 0.1966       | 0.1164       |             | 0.9540   | 0.313  
250    | 2.1358     | 0.2666     | 1.5936     | 0.2507     | 0.0250     | 0.1880       | 0.1491       |             | 1.0246   | 0.337  
251    | 2.1469     | 0.2939     | 1.5428     | 0.2605     | 0.0497     | 0.1760       | 0.1237       |             | 1.0486   | 0.300  
252    | 2.1425     | 0.2603     | 1.5723     | 0.2555     | 0.0544     | 0.2244       | 0.1342       |             | 0.9652   | 0.359  
253    | 2.7380     | 0.3514     | 1.9960     | 0.3492     | 0.0413     | 0.2145       | 0.2305       |             | 1.0243   | 0.445  
254    | 2.4782     | 0.2934     | 1.8501     | 0.2973     | 0.0374     | 0.2320       | 0.1803       |             | 0.9968   | 0.412  
255    | 2.5358     | 0.3348     | 1.8969     | 0.2702     | 0.0340     | 0.2001       | 0.1809       |             | 0.9348   | 0.381  
256    | 2.4103     | 0.3122     | 1.8097     | 0.2627     | 0.0257     | 0.2030       | 0.1856       |             | 0.9987   | 0.389  
257    | 2.3699     | 0.3079     | 1.7568     | 0.2747     | 0.0305     | 0.1622       | 0.1663       |             | 0.9520   | 0.328  
258    | 2.7172     | 0.3854     | 1.9885     | 0.3077     | 0.0355     | 0.2748       | 0.1935       |             | 0.8892   | 0.468  
259    | 2.6641     | 0.3820     | 1.9556     | 0.2901     | 0.0364     | 0.1647       | 0.1787       |             | 0.7972   | 0.343  
260    | 2.5093     | 0.3222     | 1.8700     | 0.2929     | 0.0242     | 0.2112       | 0.1645       |             | 0.7882   | 0.376  
261    | 2.4502     | 0.3119     | 1.8269     | 0.2859     | 0.0254     | 0.1915       | 0.1915       |             | 0.8495   | 0.383  
262    | 2.4583     | 0.3278     | 1.8360     | 0.2714     | 0.0231     | 0.2142       | 0.2151       |             | 0.8651   | 0.429  
263    | 2.6787     | 0.3830     | 1.9942     | 0.2761     | 0.0254     | 0.2538       | 0.1910       |             | 0.8871   | 0.445  
264    | 2.7689     | 0.3329     | 2.1177     | 0.2912     | 0.0271     | 0.2497       | 0.1967       |             | 0.8960   | 0.446  
265    | 2.7396     | 0.3345     | 2.0731     | 0.2918     | 0.0401     | 0.2567       | 0.2103       |             | 0.9735   | 0.467  
266    | 2.9469     | 0.4082     | 2.2007     | 0.2999     | 0.0380     | 0.2427       | 0.1773       |             | 1.0652   | 0.420  
267    | 2.7013     | 0.3532     | 2.0450     | 0.2680     | 0.0351     | 0.2495       | 0.1490       |             | 1.1254   | 0.399  
268    | 2.8501     | 0.4295     | 2.0740     | 0.3001     | 0.0466     | 0.1920       | 0.1504       |             | 1.0408   | 0.342  
269    | 2.6696     | 0.3550     | 1.9881     | 0.2745     | 0.0520     | 0.2110       | 0.1738       |             | 1.0624   | 0.385  
270    | 2.6602     | 0.2836     | 2.0776     | 0.2701     | 0.0288     | 0.2069       | 0.2013       |             | 1.0606   | 0.408  
271    | 2.7499     | 0.3759     | 2.0641     | 0.2774     | 0.0326     | 0.1921       | 0.1772       |             | 0.9570   | 0.369  
272    | 2.6037     | 0.3590     | 1.9357     | 0.2782     | 0.0307     | 0.1835       | 0.2144       |             | 0.9855   | 0.398  
273    | 2.6716     | 0.3154     | 2.0383     | 0.2889     | 0.0289     | 0.1864       | 0.1872       |             | 0.9890   | 0.374  
274    | 2.7217     | 0.3361     | 2.0414     | 0.3067     | 0.0375     | 0.2516       | 0.2215       |             | 1.0551   | 0.473  
275    | 2.9298     | 0.3431     | 2.2181     | 0.3269     | 0.0417     | 0.2497       | 0.2915       |             | 1.1336   | 0.541  
276    | 2.9877     | 0.4236     | 2.1815     | 0.3404     | 0.0421     | 0.2544       | 0.2549       |             | 1.0711   | 0.509  
277    | 2.7853     | 0.3626     | 2.0794     | 0.3110     | 0.0324     | 0.2679       | 0.2037       |             | 1.0362   | 0.472  
278    | 2.9490     | 0.4276     | 2.1731     | 0.3155     | 0.0328     | 0.2174       | 0.2331       |             | 0.9457   | 0.450  
279    | 2.7089     | 0.3651     | 2.0067     | 0.3035     | 0.0336     | 0.1881       | 0.2324       |             | 0.9767   | 0.420  
280    | 2.4937     | 0.3017     | 1.8760     | 0.2847     | 0.0312     | 0.1790       | 0.1827       |             | 0.9088   | 0.362  
281    | 2.4216     | 0.2869     | 1.8533     | 0.2534     | 0.0280     | 0.2795       | 0.1665       |             | 0.9036   | 0.446  
282    | 2.4730     | 0.3619     | 1.8445     | 0.2371     | 0.0295     | 0.1862       | 0.1588       |             | 0.8224   | 0.345  
283    | 2.5414     | 0.3356     | 1.9187     | 0.2539     | 0.0332     | 0.2009       | 0.1563       |             | 0.8426   | 0.357  
284    | 2.5762     | 0.3119     | 2.0181     | 0.2234     | 0.0228     | 0.1657       | 0.2197       |             | 0.9181   | 0.385  
285    | 2.5308     | 0.2720     | 1.9644     | 0.2723     | 0.0221     | 0.2202       | 0.1680       |             | 0.8382   | 0.388  
286    | 2.4049     | 0.3605     | 1.7865     | 0.2322     | 0.0256     | 0.1866       | 0.1635       |             | 0.9126   | 0.350  
287    | 2.5037     | 0.2961     | 1.9163     | 0.2659     | 0.0254     | 0.2085       | 0.1767       |             | 0.9279   | 0.385  
288    | 2.6714     | 0.3374     | 2.0609     | 0.2461     | 0.0269     | 0.2174       | 0.1528       |             | 0.9168   | 0.370  
289    | 2.7454     | 0.4073     | 2.0371     | 0.2760     | 0.0250     | 0.1737       | 0.1901       |             | 0.9734   | 0.364  
290    | 2.6959     | 0.3849     | 2.0096     | 0.2696     | 0.0319     | 0.1848       | 0.1623       |             | 0.9237   | 0.347  
291    | 2.6462     | 0.3336     | 2.0258     | 0.2581     | 0.0287     | 0.2308       | 0.1570       |             | 0.9144   | 0.388  
292    | 2.5833     | 0.3314     | 1.9727     | 0.2528     | 0.0265     | 0.2049       | 0.1917       |             | 0.9682   | 0.397  
293    | 2.6120     | 0.3773     | 1.9322     | 0.2696     | 0.0329     | 0.1485       | 0.2179       |             | 0.9307   | 0.366  
294    | 2.5898     | 0.3504     | 1.9382     | 0.2582     | 0.0430     | 0.1564       | 0.1914       |             | 0.9942   | 0.348  
295    | 2.6345     | 0.3541     | 1.9838     | 0.2660     | 0.0307     | 0.1768       | 0.1778       |             | 0.9052   | 0.355  
296    | 2.4361     | 0.3482     | 1.8212     | 0.2430     | 0.0237     | 0.1667       | 0.1582       |             | 0.8827   | 0.325  
297    | 2.5271     | 0.3618     | 1.8769     | 0.2642     | 0.0242     | 0.1731       | 0.1846       |             | 1.0245   | 0.358  
298    | 2.4266     | 0.3267     | 1.8354     | 0.2374     | 0.0271     | 0.1621       | 0.1722       |             | 0.9001   | 0.334  
299    | 2.3775     | 0.3207     | 1.8230     | 0.2143     | 0.0194     | 0.1738       | 0.1547       |             | 0.8613   | 0.329  
300    | 2.3222     | 0.2766     | 1.8065     | 0.2198     | 0.0192     | 0.1456       | 0.1617       |             | 0.8742   | 0.307  
301    | 2.6479     | 0.3383     | 2.0125     | 0.2639     | 0.0332     | 0.1478       | 0.1514       | (saved)     | 0.9402   | 0.299  
302    | 2.4002     | 0.2814     | 1.8721     | 0.2281     | 0.0185     | 0.1452       | 0.1521       | (saved)     | 0.9241   | 0.297  
303    | 2.5377     | 0.2800     | 1.9620     | 0.2698     | 0.0259     | 0.2019       | 0.1628       |             | 0.8746   | 0.365  
304    | 2.4597     | 0.3119     | 1.8719     | 0.2513     | 0.0246     | 0.2088       | 0.1383       |             | 0.9048   | 0.347  
305    | 2.5867     | 0.3569     | 1.9636     | 0.2512     | 0.0150     | 0.2094       | 0.1374       |             | 0.8388   | 0.347  
306    | 2.3791     | 0.2657     | 1.8571     | 0.2366     | 0.0197     | 0.1970       | 0.1372       |             | 0.9168   | 0.334  
307    | 2.3597     | 0.3239     | 1.7853     | 0.2306     | 0.0200     | 0.2006       | 0.1592       |             | 0.8880   | 0.360  
308    | 2.3793     | 0.3393     | 1.7774     | 0.2351     | 0.0275     | 0.1999       | 0.1266       |             | 0.8453   | 0.327  
309    | 2.2463     | 0.2519     | 1.7281     | 0.2450     | 0.0212     | 0.1549       | 0.1730       |             | 0.8899   | 0.328  
310    | 2.3378     | 0.3094     | 1.7729     | 0.2353     | 0.0202     | 0.1573       | 0.1868       |             | 0.9578   | 0.344  
311    | 2.3938     | 0.3089     | 1.8168     | 0.2407     | 0.0273     | 0.1786       | 0.1221       |             | 0.9252   | 0.301  
312    | 2.5079     | 0.3160     | 1.9062     | 0.2553     | 0.0304     | 0.1814       | 0.1593       |             | 1.0412   | 0.341  
313    | 2.4740     | 0.3292     | 1.8580     | 0.2606     | 0.0262     | 0.1650       | 0.1423       |             | 0.9131   | 0.307  
314    | 2.3208     | 0.2838     | 1.7741     | 0.2381     | 0.0247     | 0.1608       | 0.1568       |             | 0.9506   | 0.318  
315    | 2.4949     | 0.3519     | 1.8600     | 0.2436     | 0.0394     | 0.1810       | 0.1737       |             | 0.8478   | 0.355  
316    | 2.2067     | 0.2231     | 1.7407     | 0.2134     | 0.0295     | 0.2107       | 0.1377       |             | 0.8632   | 0.348  
317    | 2.3506     | 0.3289     | 1.7876     | 0.2048     | 0.0292     | 0.2278       | 0.1185       |             | 0.9031   | 0.346  
318    | 2.7142     | 0.2926     | 2.1390     | 0.2531     | 0.0295     | 0.2720       | 0.2046       |             | 0.9310   | 0.477  
319    | 2.5896     | 0.3690     | 1.9422     | 0.2503     | 0.0281     | 0.2160       | 0.1605       |             | 0.8452   | 0.376  
320    | 2.4371     | 0.3036     | 1.8624     | 0.2442     | 0.0268     | 0.2439       | 0.1460       |             | 0.8521   | 0.390  
321    | 2.3680     | 0.2652     | 1.8304     | 0.2450     | 0.0275     | 0.2360       | 0.1610       |             | 0.8789   | 0.397  
322    | 2.3109     | 0.3058     | 1.7487     | 0.2299     | 0.0266     | 0.2257       | 0.1741       |             | 0.8951   | 0.400  
323    | 2.3093     | 0.2939     | 1.7343     | 0.2509     | 0.0303     | 0.2014       | 0.1350       |             | 0.9060   | 0.336  
324    | 2.2653     | 0.2580     | 1.7502     | 0.2337     | 0.0234     | 0.1994       | 0.1660       |             | 0.9683   | 0.365  
325    | 2.3434     | 0.2885     | 1.7893     | 0.2399     | 0.0256     | 0.2069       | 0.1722       |             | 1.0247   | 0.379  
326    | 2.3039     | 0.2986     | 1.7649     | 0.2158     | 0.0246     | 0.2123       | 0.1280       |             | 0.9762   | 0.340  
327    | 2.2176     | 0.2694     | 1.6918     | 0.2287     | 0.0277     | 0.1892       | 0.1427       |             | 1.0618   | 0.332  
328    | 2.3484     | 0.3423     | 1.7352     | 0.2466     | 0.0243     | 0.1640       | 0.1492       |             | 1.0112   | 0.313  
329    | 2.3736     | 0.2894     | 1.8359     | 0.2246     | 0.0237     | 0.1506       | 0.1711       |             | 1.0320   | 0.322  
330    | 2.5459     | 0.3371     | 1.9197     | 0.2520     | 0.0371     | 0.2019       | 0.1732       |             | 0.9691   | 0.375  
331    | 2.4604     | 0.2657     | 1.9083     | 0.2614     | 0.0251     | 0.1946       | 0.1659       |             | 0.8929   | 0.360  
332    | 2.4275     | 0.3108     | 1.8429     | 0.2444     | 0.0294     | 0.2130       | 0.1384       |             | 0.9311   | 0.351  
333    | 2.3908     | 0.3620     | 1.7628     | 0.2399     | 0.0261     | 0.2030       | 0.1473       |             | 0.8576   | 0.350  
334    | 2.4211     | 0.3107     | 1.8398     | 0.2402     | 0.0304     | 0.2325       | 0.1859       |             | 0.9202   | 0.418  
335    | 2.2987     | 0.3115     | 1.7209     | 0.2413     | 0.0250     | 0.1954       | 0.1752       |             | 0.8891   | 0.371  
336    | 2.4919     | 0.3938     | 1.8120     | 0.2549     | 0.0312     | 0.1734       | 0.2056       |             | 1.0744   | 0.379  
337    | 2.6788     | 0.3293     | 2.0445     | 0.2777     | 0.0273     | 0.2035       | 0.1828       |             | 1.1308   | 0.386  
338    | 2.6502     | 0.3660     | 1.9927     | 0.2696     | 0.0218     | 0.1693       | 0.1620       |             | 0.9380   | 0.331  
339    | 2.4309     | 0.3325     | 1.8386     | 0.2355     | 0.0243     | 0.1924       | 0.1696       |             | 1.0092   | 0.362  
340    | 2.3792     | 0.3351     | 1.7687     | 0.2442     | 0.0311     | 0.2024       | 0.1431       |             | 0.9812   | 0.346  
341    | 2.1657     | 0.2605     | 1.6531     | 0.2282     | 0.0240     | 0.2067       | 0.1336       |             | 0.9510   | 0.340  
342    | 2.2956     | 0.2998     | 1.7286     | 0.2349     | 0.0323     | 0.2520       | 0.1493       |             | 0.9611   | 0.401  
343    | 2.3199     | 0.3062     | 1.7604     | 0.2285     | 0.0248     | 0.2266       | 0.1710       |             | 0.9659   | 0.398  
344    | 2.4050     | 0.3408     | 1.8198     | 0.2196     | 0.0248     | 0.2260       | 0.1313       |             | 0.8983   | 0.357  
345    | 2.2968     | 0.3486     | 1.7180     | 0.2035     | 0.0267     | 0.1793       | 0.1326       |             | 0.8459   | 0.312  
346    | 2.1984     | 0.2586     | 1.7009     | 0.2180     | 0.0209     | 0.2340       | 0.1569       |             | 0.9255   | 0.391  
347    | 2.3184     | 0.3312     | 1.7278     | 0.2360     | 0.0235     | 0.2514       | 0.1288       |             | 0.8956   | 0.380  
348    | 2.1987     | 0.3515     | 1.6032     | 0.2130     | 0.0309     | 0.2064       | 0.1498       |             | 0.8526   | 0.356  
349    | 2.2994     | 0.3307     | 1.7223     | 0.2161     | 0.0304     | 0.1948       | 0.1458       |             | 0.8332   | 0.341  
350    | 2.4375     | 0.3805     | 1.7931     | 0.2361     | 0.0278     | 0.2039       | 0.1593       |             | 0.8703   | 0.363  
351    | 2.3542     | 0.2697     | 1.8161     | 0.2482     | 0.0202     | 0.1757       | 0.1284       |             | 0.9016   | 0.304  
352    | 2.3379     | 0.2798     | 1.7938     | 0.2397     | 0.0246     | 0.2493       | 0.1165       |             | 0.8609   | 0.366  
353    | 2.1503     | 0.2743     | 1.6523     | 0.2019     | 0.0219     | 0.1775       | 0.1053       | (saved)     | 0.8349   | 0.283  
354    | 2.3143     | 0.2714     | 1.8056     | 0.2145     | 0.0228     | 0.1866       | 0.1172       |             | 0.8275   | 0.304  
355    | 2.6060     | 0.3071     | 2.0598     | 0.2165     | 0.0226     | 0.1403       | 0.1438       |             | 0.7832   | 0.284  
356    | 2.5061     | 0.3568     | 1.8974     | 0.2285     | 0.0234     | 0.1748       | 0.1322       |             | 0.8225   | 0.307  
357    | 2.5689     | 0.3185     | 1.9736     | 0.2453     | 0.0314     | 0.2004       | 0.1903       |             | 0.8718   | 0.391  
358    | 2.5769     | 0.3062     | 1.9830     | 0.2556     | 0.0321     | 0.2064       | 0.1288       |             | 0.8845   | 0.335  
359    | 2.6651     | 0.3656     | 2.0146     | 0.2560     | 0.0289     | 0.2576       | 0.1360       |             | 0.8280   | 0.394  
360    | 2.5740     | 0.3198     | 1.9847     | 0.2485     | 0.0211     | 0.2239       | 0.1074       |             | 0.7965   | 0.331  
361    | 2.4457     | 0.2792     | 1.9239     | 0.2198     | 0.0229     | 0.2432       | 0.1684       |             | 0.8875   | 0.412  
362    | 2.4816     | 0.3592     | 1.8620     | 0.2280     | 0.0324     | 0.2470       | 0.1496       |             | 0.8212   | 0.397  
363    | 2.4192     | 0.2898     | 1.8704     | 0.2367     | 0.0224     | 0.2131       | 0.1758       |             | 0.8912   | 0.389  
364    | 2.4582     | 0.2713     | 1.9321     | 0.2265     | 0.0283     | 0.2783       | 0.1637       |             | 0.9979   | 0.442  
365    | 2.8049     | 0.3578     | 2.1551     | 0.2561     | 0.0359     | 0.2562       | 0.1819       |             | 0.9508   | 0.438  
366    | 2.7995     | 0.3784     | 2.1177     | 0.2724     | 0.0309     | 0.2646       | 0.2184       |             | 1.0167   | 0.483  
367    | 2.7029     | 0.3775     | 2.0262     | 0.2716     | 0.0276     | 0.2659       | 0.1961       |             | 0.9795   | 0.462  
368    | 2.6768     | 0.4111     | 1.9792     | 0.2557     | 0.0308     | 0.2723       | 0.1500       |             | 0.9314   | 0.422  
369    | 2.5265     | 0.3540     | 1.9046     | 0.2337     | 0.0341     | 0.2077       | 0.1390       |             | 0.9244   | 0.347  
370    | 2.6500     | 0.3338     | 2.0486     | 0.2341     | 0.0335     | 0.2282       | 0.1633       |             | 0.8626   | 0.391  
371    | 2.5757     | 0.3609     | 1.9244     | 0.2547     | 0.0357     | 0.1794       | 0.1331       |             | 0.8459   | 0.313  
372    | 2.4502     | 0.3306     | 1.8519     | 0.2405     | 0.0272     | 0.1663       | 0.1438       |             | 0.8905   | 0.310  
373    | 2.5336     | 0.3027     | 1.9254     | 0.2725     | 0.0330     | 0.2206       | 0.1721       |             | 0.8654   | 0.393  
374    | 2.5872     | 0.3199     | 1.9704     | 0.2689     | 0.0280     | 0.2036       | 0.1499       |             | 0.8671   | 0.354  
375    | 2.5059     | 0.3256     | 1.8828     | 0.2730     | 0.0246     | 0.2136       | 0.1466       |             | 0.8404   | 0.360  
376    | 2.4023     | 0.2612     | 1.8875     | 0.2307     | 0.0229     | 0.2191       | 0.1227       |             | 0.8414   | 0.342  
377    | 2.4601     | 0.3255     | 1.8817     | 0.2303     | 0.0226     | 0.2592       | 0.1433       |             | 0.8857   | 0.402  
378    | 2.3996     | 0.3013     | 1.8414     | 0.2299     | 0.0271     | 0.2009       | 0.1535       |             | 0.8607   | 0.354  
379    | 2.3639     | 0.2854     | 1.8447     | 0.2121     | 0.0216     | 0.2120       | 0.1344       |             | 0.8273   | 0.346  
380    | 2.3743     | 0.3234     | 1.7999     | 0.2212     | 0.0298     | 0.1939       | 0.1354       |             | 0.8011   | 0.329  
381    | 2.6476     | 0.3236     | 2.0375     | 0.2587     | 0.0278     | 0.2356       | 0.1567       |             | 0.9154   | 0.392  
382    | 2.7612     | 0.3470     | 2.1046     | 0.2723     | 0.0374     | 0.1893       | 0.2285       |             | 0.8801   | 0.418  
383    | 2.5640     | 0.2855     | 1.9877     | 0.2683     | 0.0224     | 0.2005       | 0.1638       |             | 0.8340   | 0.364  
384    | 2.4845     | 0.3199     | 1.9214     | 0.2204     | 0.0229     | 0.1843       | 0.1671       |             | 0.8221   | 0.351  
385    | 2.4559     | 0.3162     | 1.8603     | 0.2501     | 0.0294     | 0.2147       | 0.1941       |             | 0.9060   | 0.409  
386    | 2.2888     | 0.2953     | 1.7551     | 0.2088     | 0.0295     | 0.1999       | 0.1078       |             | 0.8104   | 0.308  
387    | 2.3300     | 0.3214     | 1.7578     | 0.2233     | 0.0276     | 0.2418       | 0.1797       |             | 0.8563   | 0.421  
388    | 2.2923     | 0.2958     | 1.7504     | 0.2252     | 0.0209     | 0.2268       | 0.1479       |             | 0.7997   | 0.375  
389    | 2.3951     | 0.3173     | 1.8424     | 0.2148     | 0.0205     | 0.2493       | 0.1543       |             | 0.7993   | 0.404  
390    | 2.7694     | 0.3617     | 2.1272     | 0.2473     | 0.0332     | 0.2169       | 0.1509       |             | 0.8638   | 0.368  
391    | 2.6238     | 0.3261     | 2.0476     | 0.2250     | 0.0251     | 0.2235       | 0.1290       |             | 0.7714   | 0.352  
392    | 2.4970     | 0.2616     | 1.9946     | 0.2218     | 0.0190     | 0.2247       | 0.1385       |             | 0.8699   | 0.363  
393    | 2.5379     | 0.2825     | 2.0047     | 0.2295     | 0.0213     | 0.2536       | 0.1258       |             | 0.8959   | 0.379  
394    | 2.4855     | 0.3186     | 1.9325     | 0.2098     | 0.0247     | 0.2014       | 0.1202       |             | 0.9099   | 0.322  
395    | 2.2525     | 0.2322     | 1.7888     | 0.1998     | 0.0316     | 0.2466       | 0.1148       |             | 0.8682   | 0.361  
396    | 2.5802     | 0.3185     | 2.0105     | 0.2157     | 0.0355     | 0.2124       | 0.1456       |             | 1.0070   | 0.358  
397    | 2.5860     | 0.3233     | 2.0042     | 0.2278     | 0.0308     | 0.2412       | 0.1698       |             | 0.9096   | 0.411  
398    | 2.6359     | 0.2948     | 2.0883     | 0.2308     | 0.0220     | 0.2154       | 0.2105       |             | 0.8378   | 0.426  
399    | 2.2887     | 0.2704     | 1.7851     | 0.2089     | 0.0243     | 0.1661       | 0.1523       |             | 0.8786   | 0.318  
400    | 2.2979     | 0.3373     | 1.7213     | 0.2110     | 0.0284     | 0.1678       | 0.1671       |             | 0.8935   | 0.335  
401    | 2.3141     | 0.2613     | 1.8269     | 0.1959     | 0.0300     | 0.1875       | 0.1494       |             | 0.8731   | 0.337  
402    | 2.2684     | 0.2629     | 1.7444     | 0.2260     | 0.0351     | 0.1932       | 0.1621       |             | 0.8537   | 0.355  
403    | 2.2571     | 0.2590     | 1.7627     | 0.2147     | 0.0207     | 0.2101       | 0.1477       |             | 0.9051   | 0.358  
404    | 2.4446     | 0.2880     | 1.9097     | 0.2243     | 0.0226     | 0.2005       | 0.1493       |             | 0.9176   | 0.350  
405    | 2.3650     | 0.2656     | 1.8546     | 0.2119     | 0.0329     | 0.2008       | 0.1426       |             | 0.9246   | 0.343  
406    | 2.4372     | 0.3020     | 1.8899     | 0.2076     | 0.0376     | 0.1806       | 0.1389       |             | 0.9612   | 0.319  
407    | 2.4453     | 0.2755     | 1.9284     | 0.2162     | 0.0252     | 0.1802       | 0.1564       |             | 0.8902   | 0.337  
408    | 2.3701     | 0.2334     | 1.8711     | 0.2413     | 0.0243     | 0.1978       | 0.1622       |             | 0.9190   | 0.360  
409    | 2.3163     | 0.3070     | 1.7683     | 0.2198     | 0.0212     | 0.2074       | 0.1735       |             | 0.8919   | 0.381  
410    | 2.2732     | 0.2675     | 1.7600     | 0.2201     | 0.0257     | 0.1924       | 0.1250       |             | 0.8668   | 0.317  
411    | 2.1509     | 0.2353     | 1.6956     | 0.1999     | 0.0200     | 0.2087       | 0.1336       |             | 0.9109   | 0.342  
412    | 2.3930     | 0.2935     | 1.8655     | 0.1960     | 0.0380     | 0.2294       | 0.1567       |             | 0.8903   | 0.386  
413    | 2.4683     | 0.2431     | 1.9617     | 0.2387     | 0.0247     | 0.2146       | 0.1699       |             | 0.9528   | 0.384  
414    | 2.3946     | 0.3181     | 1.8072     | 0.2414     | 0.0279     | 0.1996       | 0.1205       |             | 0.9042   | 0.320  
415    | 2.1224     | 0.2348     | 1.6621     | 0.1996     | 0.0259     | 0.2129       | 0.1370       |             | 0.9686   | 0.350  
416    | 2.1895     | 0.2619     | 1.6941     | 0.2078     | 0.0258     | 0.2041       | 0.1146       |             | 0.9404   | 0.319  
417    | 2.3489     | 0.3063     | 1.7974     | 0.2043     | 0.0409     | 0.2296       | 0.1386       |             | 0.9399   | 0.368  
418    | 2.5799     | 0.3052     | 1.9916     | 0.2323     | 0.0508     | 0.2420       | 0.1594       |             | 1.0028   | 0.401  
419    | 2.6057     | 0.3294     | 2.0052     | 0.2369     | 0.0341     | 0.2734       | 0.1809       |             | 1.0137   | 0.454  
420    | 2.9251     | 0.4400     | 2.1688     | 0.2612     | 0.0551     | 0.2683       | 0.1410       |             | 0.9095   | 0.409  
421    | 2.4770     | 0.2869     | 1.9153     | 0.2412     | 0.0336     | 0.2579       | 0.1616       |             | 0.9192   | 0.420  
422    | 2.5365     | 0.3548     | 1.9157     | 0.2354     | 0.0306     | 0.2379       | 0.1633       |             | 0.9487   | 0.401  
423    | 2.5169     | 0.3777     | 1.9064     | 0.1962     | 0.0366     | 0.2539       | 0.1212       |             | 0.9408   | 0.375  
424    | 2.4433     | 0.3013     | 1.9020     | 0.2146     | 0.0254     | 0.2617       | 0.1548       |             | 0.9483   | 0.416  
425    | 2.4199     | 0.3108     | 1.8680     | 0.2183     | 0.0228     | 0.2185       | 0.1343       |             | 0.9961   | 0.353  
426    | 2.3764     | 0.3189     | 1.8005     | 0.2108     | 0.0461     | 0.2290       | 0.1081       |             | 1.0334   | 0.337  
427    | 2.3942     | 0.3352     | 1.7981     | 0.2266     | 0.0344     | 0.2347       | 0.1215       |             | 1.0195   | 0.356  
428    | 2.4614     | 0.3188     | 1.9051     | 0.2066     | 0.0309     | 0.2171       | 0.1495       |             | 1.0535   | 0.367  
429    | 2.4950     | 0.2821     | 1.9666     | 0.2191     | 0.0272     | 0.2294       | 0.1446       |             | 1.0783   | 0.374  
430    | 2.8442     | 0.3953     | 2.1878     | 0.2301     | 0.0310     | 0.1749       | 0.1345       |             | 0.9766   | 0.309  
431    | 2.4367     | 0.3298     | 1.8799     | 0.2044     | 0.0227     | 0.1782       | 0.1241       |             | 0.9437   | 0.302  
432    | 2.4203     | 0.3285     | 1.8693     | 0.1970     | 0.0255     | 0.1983       | 0.1418       |             | 0.9709   | 0.340  
433    | 2.6415     | 0.3350     | 2.0591     | 0.2211     | 0.0263     | 0.2211       | 0.1883       |             | 1.0353   | 0.409  
434    | 2.7707     | 0.4037     | 2.0708     | 0.2548     | 0.0413     | 0.2193       | 0.1476       |             | 1.0470   | 0.367  
435    | 2.4939     | 0.3191     | 1.9173     | 0.2239     | 0.0335     | 0.2687       | 0.1636       |             | 1.0295   | 0.432  
436    | 2.5218     | 0.3252     | 1.9346     | 0.2347     | 0.0273     | 0.2313       | 0.1388       |             | 0.9998   | 0.370  
437    | 2.4706     | 0.3002     | 1.9185     | 0.2165     | 0.0353     | 0.2088       | 0.1332       |             | 1.0037   | 0.342  
438    | 2.3622     | 0.2811     | 1.8349     | 0.2171     | 0.0291     | 0.1721       | 0.1252       |             | 1.0074   | 0.297  
439    | 2.3846     | 0.3120     | 1.8421     | 0.2095     | 0.0210     | 0.2222       | 0.1505       |             | 0.9803   | 0.373  
440    | 2.4589     | 0.3190     | 1.8957     | 0.2159     | 0.0283     | 0.1985       | 0.1388       |             | 1.0255   | 0.337  
441    | 2.7935     | 0.2481     | 2.2556     | 0.2587     | 0.0311     | 0.2057       | 0.1813       |             | 1.0451   | 0.387  
442    | 2.9775     | 0.3703     | 2.3178     | 0.2532     | 0.0361     | 0.1985       | 0.1934       |             | 0.9828   | 0.392  
443    | 2.7605     | 0.2976     | 2.1758     | 0.2584     | 0.0288     | 0.1976       | 0.1579       |             | 0.9483   | 0.356  
444    | 2.6431     | 0.3558     | 2.0223     | 0.2300     | 0.0350     | 0.1998       | 0.1291       |             | 0.9169   | 0.329  
445    | 2.6169     | 0.3144     | 2.0262     | 0.2347     | 0.0417     | 0.2197       | 0.1595       |             | 0.9555   | 0.379  
446    | 2.5991     | 0.3562     | 1.9764     | 0.2218     | 0.0448     | 0.2345       | 0.1210       |             | 0.9231   | 0.356  
447    | 2.4004     | 0.2900     | 1.8827     | 0.1947     | 0.0330     | 0.2011       | 0.1175       |             | 0.9814   | 0.319  
448    | 2.5949     | 0.3525     | 2.0048     | 0.2063     | 0.0314     | 0.1941       | 0.1219       |             | 1.0094   | 0.316  
449    | 2.4913     | 0.3112     | 1.9304     | 0.2254     | 0.0243     | 0.2425       | 0.1477       |             | 0.9849   | 0.390  
450    | 2.4687     | 0.3479     | 1.8627     | 0.2216     | 0.0365     | 0.2239       | 0.1388       |             | 0.9669   | 0.363  
451    | 2.4821     | 0.2936     | 1.9458     | 0.2150     | 0.0276     | 0.1886       | 0.1413       |             | 0.9873   | 0.330  
452    | 2.6990     | 0.3715     | 2.0730     | 0.2262     | 0.0283     | 0.1860       | 0.1504       |             | 0.8722   | 0.336  
453    | 2.7692     | 0.2866     | 2.2157     | 0.2412     | 0.0257     | 0.1848       | 0.1551       |             | 0.8996   | 0.340  
454    | 2.7431     | 0.3805     | 2.1062     | 0.2313     | 0.0252     | 0.2211       | 0.1714       |             | 0.9074   | 0.392  
455    | 2.7223     | 0.4213     | 2.0454     | 0.2230     | 0.0326     | 0.2030       | 0.1582       |             | 0.9066   | 0.361  
456    | 2.5065     | 0.2972     | 1.9421     | 0.2404     | 0.0268     | 0.2109       | 0.1305       |             | 0.8986   | 0.341  
457    | 2.7915     | 0.3815     | 2.1496     | 0.2304     | 0.0300     | 0.2492       | 0.1462       |             | 0.9016   | 0.395  
458    | 2.6948     | 0.3440     | 2.0880     | 0.2337     | 0.0290     | 0.1953       | 0.1557       |             | 0.9052   | 0.351  
459    | 2.7769     | 0.3835     | 2.1316     | 0.2273     | 0.0346     | 0.2126       | 0.1596       |             | 0.9259   | 0.372  
460    | 2.8312     | 0.3532     | 2.1933     | 0.2420     | 0.0426     | 0.2290       | 0.1818       |             | 0.8354   | 0.411  
461    | 2.6724     | 0.3293     | 2.0623     | 0.2399     | 0.0409     | 0.2001       | 0.1921       |             | 0.9436   | 0.392  
462    | 2.6466     | 0.3171     | 2.0662     | 0.2289     | 0.0344     | 0.2260       | 0.1941       |             | 0.8934   | 0.420  
463    | 2.8211     | 0.3731     | 2.1641     | 0.2512     | 0.0327     | 0.1938       | 0.1745       |             | 0.9035   | 0.368  
464    | 2.6082     | 0.3096     | 2.0219     | 0.2447     | 0.0320     | 0.1913       | 0.1806       |             | 0.9313   | 0.372  
465    | 2.4213     | 0.2977     | 1.8863     | 0.2169     | 0.0204     | 0.1855       | 0.1372       |             | 0.9190   | 0.323  
466    | 2.3920     | 0.2722     | 1.8807     | 0.2141     | 0.0249     | 0.1939       | 0.1227       |             | 0.9237   | 0.317  
467    | 2.6220     | 0.3474     | 2.0294     | 0.2105     | 0.0348     | 0.1542       | 0.1384       |             | 0.9410   | 0.293  
468    | 2.7382     | 0.3654     | 2.1000     | 0.2308     | 0.0420     | 0.1463       | 0.1750       |             | 0.9254   | 0.321  
469    | 2.4792     | 0.3065     | 1.9131     | 0.2304     | 0.0292     | 0.1564       | 0.1624       |             | 0.9445   | 0.319  
470    | 2.4925     | 0.2856     | 1.9602     | 0.2216     | 0.0252     | 0.1876       | 0.1355       |             | 0.8575   | 0.323  
471    | 2.4626     | 0.2640     | 1.9826     | 0.1920     | 0.0240     | 0.2148       | 0.1283       |             | 0.8430   | 0.343  
472    | 2.3079     | 0.2911     | 1.7936     | 0.1931     | 0.0300     | 0.2168       | 0.1081       |             | 0.8425   | 0.325  
473    | 2.3321     | 0.3055     | 1.8115     | 0.1898     | 0.0253     | 0.1965       | 0.1237       |             | 0.8648   | 0.320  
474    | 2.3770     | 0.2538     | 1.8861     | 0.2151     | 0.0220     | 0.2668       | 0.1046       |             | 0.8781   | 0.371  
475    | 2.5056     | 0.3474     | 1.9184     | 0.2124     | 0.0274     | 0.2259       | 0.1420       |             | 0.9020   | 0.368  
476    | 2.4950     | 0.3299     | 1.9223     | 0.2162     | 0.0265     | 0.2109       | 0.1312       |             | 0.8802   | 0.342  
477    | 2.8289     | 0.3734     | 2.1873     | 0.2311     | 0.0371     | 0.1767       | 0.1728       |             | 0.8702   | 0.349  
478    | 2.7705     | 0.3614     | 2.1254     | 0.2451     | 0.0386     | 0.2011       | 0.1452       |             | 0.8920   | 0.346  
479    | 2.4163     | 0.2956     | 1.8585     | 0.2298     | 0.0324     | 0.2607       | 0.1312       |             | 0.8967   | 0.392  
480    | 2.4322     | 0.2668     | 1.9134     | 0.2179     | 0.0341     | 0.1916       | 0.1389       |             | 0.8969   | 0.330  
481    | 2.3040     | 0.2774     | 1.7970     | 0.2014     | 0.0283     | 0.2179       | 0.1478       |             | 0.8884   | 0.366  
482    | 2.4675     | 0.2665     | 1.9683     | 0.2028     | 0.0300     | 0.2368       | 0.1653       |             | 0.9146   | 0.402  
483    | 2.6884     | 0.3227     | 2.1236     | 0.2094     | 0.0327     | 0.2449       | 0.1448       |             | 0.9094   | 0.390  
484    | 2.7731     | 0.3494     | 2.1704     | 0.2232     | 0.0302     | 0.2064       | 0.1416       |             | 0.9298   | 0.348  
485    | 2.7431     | 0.2354     | 2.2309     | 0.2312     | 0.0456     | 0.1956       | 0.1715       |             | 1.0762   | 0.367  
486    | 2.9108     | 0.3852     | 2.2580     | 0.2335     | 0.0341     | 0.1896       | 0.1258       |             | 0.9990   | 0.315  
487    | 2.7743     | 0.3745     | 2.1396     | 0.2229     | 0.0373     | 0.2589       | 0.1690       |             | 0.9632   | 0.428  
488    | 2.6656     | 0.2836     | 2.1239     | 0.2323     | 0.0258     | 0.2208       | 0.1645       |             | 0.9387   | 0.385  
489    | 2.4428     | 0.2569     | 1.9637     | 0.2022     | 0.0199     | 0.2395       | 0.1626       |             | 0.9141   | 0.402  
490    | 2.7299     | 0.3256     | 2.1261     | 0.2487     | 0.0294     | 0.2732       | 0.1346       |             | 0.9475   | 0.408  
491    | 2.4538     | 0.2844     | 1.9376     | 0.2081     | 0.0236     | 0.2451       | 0.1547       |             | 0.8959   | 0.400  
492    | 2.4897     | 0.2816     | 1.9578     | 0.2214     | 0.0289     | 0.2485       | 0.1633       |             | 0.8931   | 0.412  
493    | 2.5393     | 0.3128     | 1.9877     | 0.2131     | 0.0257     | 0.2321       | 0.1455       |             | 0.9474   | 0.378  
494    | 2.6431     | 0.2817     | 2.1271     | 0.2117     | 0.0226     | 0.2234       | 0.1663       |             | 0.9387   | 0.390  
495    | 2.7160     | 0.3247     | 2.1240     | 0.2324     | 0.0348     | 0.2134       | 0.1366       |             | 0.9546   | 0.350  
496    | 2.7736     | 0.3477     | 2.1851     | 0.2106     | 0.0303     | 0.2342       | 0.1502       |             | 0.9656   | 0.384  
497    | 2.7077     | 0.3563     | 2.0828     | 0.2331     | 0.0355     | 0.2519       | 0.1249       |             | 0.9588   | 0.377  
498    | 2.4880     | 0.2875     | 1.9706     | 0.2065     | 0.0235     | 0.2015       | 0.1317       |             | 0.9947   | 0.333  
499    | 2.4618     | 0.2723     | 1.9652     | 0.2013     | 0.0229     | 0.2276       | 0.1337       |             | 1.0797   | 0.361  
500    | 2.5942     | 0.3814     | 1.9639     | 0.2086     | 0.0403     | 0.2425       | 0.1105       |             | 0.9241   | 0.353  
Seed 6767 | Src Acc: 96.6327 | Src MDE: 0.0806 | Tgt Acc: 41.3265 | Tgt MDE: 0.8349
cuda
Start Training Seed 123456...
Epoch  | Total Loss | l_sc       | l_dc       | l_tc       | l_ca       | val_l_sc     | val_l_dc     | Save        | Test MDE | Score  
---------------------------------------------------------------------------------------------------------------------------------------
1      | 10.8770    | 3.6415     | 2.8077     | 3.7789     | 0.6489     | 3.2764       | 3.7631       |             | 3.4327   | 7.040  
2      | 9.8934     | 3.1992     | 2.7141     | 3.7437     | 0.2364     | 2.9588       | 3.7124       |             | 2.2620   | 6.671  
3      | 9.3840     | 2.9357     | 2.6550     | 3.6775     | 0.1157     | 2.7249       | 3.6157       |             | 1.9989   | 6.341  
4      | 8.8903     | 2.6976     | 2.5825     | 3.5305     | 0.0798     | 2.5398       | 3.4101       |             | 2.0382   | 5.950  
5      | 8.4144     | 2.5867     | 2.5111     | 3.2558     | 0.0607     | 2.3575       | 3.0663       |             | 2.3130   | 5.424  
6      | 7.7949     | 2.4481     | 2.4156     | 2.8764     | 0.0548     | 2.2629       | 2.6504       |             | 2.3441   | 4.913  
7      | 7.2221     | 2.3883     | 2.3161     | 2.4657     | 0.0520     | 2.1225       | 2.2342       |             | 2.4482   | 4.357  
8      | 6.6250     | 2.2364     | 2.2151     | 2.1279     | 0.0455     | 2.0143       | 2.0217       |             | 2.5820   | 4.036  
9      | 5.9766     | 2.1203     | 2.0880     | 1.7307     | 0.0376     | 1.9251       | 1.5779       |             | 2.7367   | 3.503  
10     | 5.2363     | 1.9517     | 1.9694     | 1.2809     | 0.0344     | 1.6983       | 1.2768       |             | 2.8382   | 2.975  
11     | 4.6399     | 1.8161     | 1.8314     | 0.9588     | 0.0336     | 1.5491       | 1.1138       |             | 2.8871   | 2.663  
12     | 3.8263     | 1.5712     | 1.6199     | 0.6071     | 0.0281     | 1.3596       | 0.8316       |             | 2.8290   | 2.191  
13     | 3.4280     | 1.4460     | 1.4886     | 0.4623     | 0.0311     | 1.2167       | 0.6783       |             | 2.8356   | 1.895  
14     | 3.0356     | 1.2722     | 1.3666     | 0.3788     | 0.0181     | 1.0591       | 0.7094       |             | 2.8384   | 1.769  
15     | 2.7171     | 1.1379     | 1.2379     | 0.3210     | 0.0204     | 0.9806       | 0.5015       |             | 2.8560   | 1.482  
16     | 2.3510     | 0.9993     | 1.0682     | 0.2680     | 0.0155     | 0.8522       | 0.4470       |             | 2.8233   | 1.299  
17     | 2.1367     | 0.9220     | 0.9822     | 0.2190     | 0.0134     | 0.6366       | 0.6056       |             | 2.7848   | 1.242  
18     | 1.8981     | 0.7990     | 0.8619     | 0.2234     | 0.0138     | 0.7065       | 0.4627       |             | 2.8136   | 1.169  
19     | 1.7760     | 0.7384     | 0.8153     | 0.2056     | 0.0167     | 0.6553       | 0.4421       |             | 2.7981   | 1.097  
20     | 1.6121     | 0.6926     | 0.7302     | 0.1755     | 0.0139     | 0.7342       | 0.3340       |             | 2.8140   | 1.068  
21     | 1.5027     | 0.6257     | 0.6853     | 0.1790     | 0.0127     | 0.5784       | 0.4185       |             | 2.8222   | 0.997  
22     | 1.3243     | 0.5862     | 0.5886     | 0.1372     | 0.0123     | 0.5008       | 0.3447       |             | 2.8151   | 0.845  
23     | 1.1363     | 0.4779     | 0.5305     | 0.1189     | 0.0090     | 0.4428       | 0.3713       |             | 2.8060   | 0.814  
24     | 1.1711     | 0.4969     | 0.5239     | 0.1376     | 0.0127     | 0.4193       | 0.3831       |             | 2.7793   | 0.802  
25     | 1.0877     | 0.4667     | 0.4832     | 0.1218     | 0.0160     | 0.4485       | 0.3768       |             | 2.7971   | 0.825  
26     | 1.0048     | 0.4421     | 0.4483     | 0.1027     | 0.0117     | 0.4256       | 0.3730       |             | 2.7781   | 0.799  
27     | 0.9461     | 0.4115     | 0.4308     | 0.0933     | 0.0105     | 0.4093       | 0.2992       |             | 2.7933   | 0.709  
28     | 0.8996     | 0.3913     | 0.3944     | 0.1006     | 0.0132     | 0.4406       | 0.3303       |             | 2.8061   | 0.771  
29     | 0.8052     | 0.3467     | 0.3626     | 0.0825     | 0.0134     | 0.3479       | 0.2756       |             | 2.8201   | 0.623  
30     | 0.8636     | 0.3692     | 0.3882     | 0.0904     | 0.0158     | 0.3445       | 0.4189       |             | 2.7845   | 0.763  
31     | 0.7934     | 0.3299     | 0.3561     | 0.0889     | 0.0186     | 0.3605       | 0.3179       |             | 2.8048   | 0.678  
32     | 0.7673     | 0.3399     | 0.3207     | 0.0939     | 0.0127     | 0.3072       | 0.3320       |             | 2.7746   | 0.639  
33     | 0.6468     | 0.2897     | 0.2801     | 0.0688     | 0.0081     | 0.2911       | 0.4034       |             | 2.7175   | 0.694  
34     | 0.6484     | 0.2878     | 0.2800     | 0.0716     | 0.0090     | 0.3418       | 0.2554       |             | 2.8028   | 0.597  
35     | 0.6786     | 0.2910     | 0.2818     | 0.0938     | 0.0121     | 0.2740       | 0.3099       |             | 2.7929   | 0.584  
36     | 0.6965     | 0.3142     | 0.2945     | 0.0767     | 0.0111     | 0.3187       | 0.2294       |             | 2.8055   | 0.548  
37     | 0.5884     | 0.2605     | 0.2529     | 0.0645     | 0.0105     | 0.3516       | 0.2064       |             | 2.8162   | 0.558  
38     | 0.5422     | 0.2459     | 0.2264     | 0.0623     | 0.0076     | 0.3162       | 0.1939       |             | 2.7932   | 0.510  
39     | 0.6477     | 0.3034     | 0.2538     | 0.0798     | 0.0108     | 0.3896       | 0.2480       |             | 2.8093   | 0.638  
40     | 0.5260     | 0.2410     | 0.2214     | 0.0548     | 0.0087     | 0.1921       | 0.3793       |             | 2.6894   | 0.571  
41     | 0.5568     | 0.2523     | 0.2242     | 0.0723     | 0.0080     | 0.2968       | 0.2834       |             | 2.7656   | 0.580  
42     | 0.5259     | 0.2481     | 0.2048     | 0.0646     | 0.0084     | 0.2566       | 0.2912       |             | 2.7243   | 0.548  
43     | 0.5357     | 0.2600     | 0.1992     | 0.0656     | 0.0109     | 0.2971       | 0.2335       |             | 2.7632   | 0.531  
44     | 0.4616     | 0.2199     | 0.1819     | 0.0518     | 0.0080     | 0.4740       | 0.1533       |             | 2.7633   | 0.627  
45     | 0.5427     | 0.2528     | 0.2140     | 0.0657     | 0.0103     | 0.4011       | 0.2432       |             | 2.7409   | 0.644  
46     | 0.5628     | 0.2753     | 0.2130     | 0.0671     | 0.0073     | 0.2697       | 0.3543       |             | 2.7898   | 0.624  
47     | 0.4694     | 0.2325     | 0.1763     | 0.0518     | 0.0088     | 0.3797       | 0.1882       |             | 2.8032   | 0.568  
48     | 0.4796     | 0.2346     | 0.1725     | 0.0583     | 0.0142     | 0.2006       | 0.2513       |             | 2.7601   | 0.452  
49     | 0.4653     | 0.2419     | 0.1631     | 0.0514     | 0.0088     | 0.2458       | 0.1957       |             | 2.7871   | 0.442  
50     | 0.4513     | 0.2264     | 0.1656     | 0.0490     | 0.0103     | 0.3270       | 0.3074       |             | 2.7807   | 0.634  
51     | 0.4179     | 0.1955     | 0.1669     | 0.0461     | 0.0094     | 0.2984       | 0.2104       |             | 2.7765   | 0.509  
52     | 0.4175     | 0.1915     | 0.1557     | 0.0577     | 0.0126     | 0.2858       | 0.4107       |             | 2.6624   | 0.697  
53     | 0.3891     | 0.1899     | 0.1448     | 0.0471     | 0.0074     | 0.3852       | 0.1730       |             | 2.8022   | 0.558  
54     | 0.4055     | 0.1959     | 0.1569     | 0.0447     | 0.0081     | 0.1762       | 0.3034       |             | 2.6736   | 0.480  
55     | 0.3523     | 0.1675     | 0.1385     | 0.0410     | 0.0053     | 0.2878       | 0.2401       |             | 2.7866   | 0.528  
56     | 0.4008     | 0.1760     | 0.1514     | 0.0643     | 0.0092     | 0.3251       | 0.1847       |             | 2.7926   | 0.510  
57     | 0.4077     | 0.1964     | 0.1446     | 0.0530     | 0.0138     | 0.4871       | 0.2014       |             | 2.8209   | 0.688  
58     | 0.4250     | 0.1919     | 0.1648     | 0.0545     | 0.0138     | 0.2093       | 0.2872       |             | 2.7603   | 0.497  
59     | 0.3833     | 0.1823     | 0.1525     | 0.0411     | 0.0075     | 0.3152       | 0.1749       |             | 2.7749   | 0.490  
60     | 0.4170     | 0.1958     | 0.1606     | 0.0493     | 0.0114     | 0.3235       | 0.2285       |             | 2.7505   | 0.552  
61     | 0.4151     | 0.1985     | 0.1535     | 0.0497     | 0.0134     | 0.1690       | 0.3489       |             | 2.6887   | 0.518  
62     | 0.3660     | 0.1692     | 0.1438     | 0.0470     | 0.0060     | 0.2579       | 0.2322       |             | 2.8071   | 0.490  
63     | 0.4259     | 0.1941     | 0.1631     | 0.0565     | 0.0122     | 0.2511       | 0.1936       |             | 2.7960   | 0.445  
64     | 0.4434     | 0.1988     | 0.1747     | 0.0577     | 0.0122     | 0.3946       | 0.1494       |             | 2.8128   | 0.544  
65     | 0.3768     | 0.1884     | 0.1421     | 0.0361     | 0.0102     | 0.2539       | 0.2245       |             | 2.8103   | 0.478  
66     | 0.3609     | 0.1831     | 0.1333     | 0.0388     | 0.0057     | 0.3178       | 0.2117       |             | 2.7857   | 0.530  
67     | 0.3474     | 0.1473     | 0.1503     | 0.0417     | 0.0081     | 0.2494       | 0.1720       |             | 2.8169   | 0.421  
68     | 0.4455     | 0.1937     | 0.1899     | 0.0525     | 0.0094     | 0.2062       | 0.2829       |             | 2.5485   | 0.489  
69     | 0.3726     | 0.1512     | 0.1701     | 0.0401     | 0.0113     | 0.3087       | 0.1971       |             | 2.8156   | 0.506  
70     | 0.4741     | 0.1752     | 0.2331     | 0.0552     | 0.0105     | 0.2626       | 0.2418       |             | 2.8190   | 0.504  
71     | 0.5774     | 0.2090     | 0.2973     | 0.0601     | 0.0110     | 0.5999       | 0.1671       |             | 2.8918   | 0.767  
72     | 0.6857     | 0.2194     | 0.3948     | 0.0554     | 0.0161     | 0.1899       | 0.3935       |             | 2.6029   | 0.583  
73     | 0.7944     | 0.2045     | 0.4967     | 0.0770     | 0.0163     | 0.2100       | 0.3286       |             | 2.7285   | 0.539  
74     | 0.7987     | 0.2295     | 0.5013     | 0.0562     | 0.0117     | 0.2545       | 0.2618       |             | 2.7392   | 0.516  
75     | 0.9256     | 0.2311     | 0.5823     | 0.0936     | 0.0186     | 0.3906       | 0.2170       |             | 2.7434   | 0.608  
76     | 1.2457     | 0.2922     | 0.8239     | 0.1083     | 0.0212     | 0.3419       | 0.2739       |             | 2.7240   | 0.616  
77     | 1.2276     | 0.3002     | 0.7781     | 0.1235     | 0.0257     | 0.4668       | 0.3350       |             | 2.7149   | 0.802  
78     | 1.0679     | 0.2695     | 0.6778     | 0.0987     | 0.0219     | 0.3067       | 0.2912       |             | 2.6401   | 0.598  
79     | 1.0465     | 0.2394     | 0.6754     | 0.1069     | 0.0247     | 0.5023       | 0.2401       |             | 2.7234   | 0.742  
80     | 1.0247     | 0.2569     | 0.6482     | 0.0980     | 0.0216     | 0.3821       | 0.2735       |             | 2.6643   | 0.656  
81     | 0.8984     | 0.2262     | 0.5638     | 0.0896     | 0.0187     | 0.3742       | 0.1838       |             | 2.7252   | 0.558  
82     | 1.0126     | 0.2393     | 0.6460     | 0.1097     | 0.0177     | 0.3490       | 0.2548       |             | 2.5892   | 0.604  
83     | 1.1855     | 0.2851     | 0.7509     | 0.1251     | 0.0244     | 0.2418       | 0.3134       |             | 2.5022   | 0.555  
84     | 1.1276     | 0.2717     | 0.7179     | 0.1109     | 0.0271     | 0.2859       | 0.3029       |             | 2.6639   | 0.589  
85     | 1.2619     | 0.3078     | 0.8104     | 0.1144     | 0.0293     | 0.3863       | 0.2773       |             | 2.6884   | 0.664  
86     | 1.4596     | 0.3034     | 0.9863     | 0.1364     | 0.0335     | 0.4718       | 0.2854       |             | 2.7469   | 0.757  
87     | 1.5622     | 0.3355     | 1.0372     | 0.1439     | 0.0456     | 0.4056       | 0.2988       |             | 2.8542   | 0.704  
88     | 1.5231     | 0.3334     | 1.0074     | 0.1548     | 0.0275     | 0.4698       | 0.2193       |             | 2.8229   | 0.689  
89     | 1.3343     | 0.2819     | 0.8917     | 0.1336     | 0.0270     | 0.3279       | 0.3084       |             | 2.8033   | 0.636  
90     | 1.3660     | 0.2992     | 0.8997     | 0.1394     | 0.0277     | 0.3710       | 0.2103       |             | 2.7806   | 0.581  
91     | 1.2956     | 0.3030     | 0.8357     | 0.1248     | 0.0321     | 0.2830       | 0.2254       |             | 2.6868   | 0.508  
92     | 1.2349     | 0.2883     | 0.7594     | 0.1575     | 0.0297     | 0.4658       | 0.1774       |             | 2.7810   | 0.643  
93     | 1.1339     | 0.2504     | 0.7253     | 0.1219     | 0.0364     | 0.3803       | 0.1656       |             | 2.8279   | 0.546  
94     | 1.1559     | 0.2778     | 0.7389     | 0.1114     | 0.0278     | 0.3594       | 0.1417       |             | 2.7508   | 0.501  
95     | 1.1243     | 0.2588     | 0.7160     | 0.1171     | 0.0324     | 0.2890       | 0.2168       |             | 2.7576   | 0.506  
96     | 1.0110     | 0.2652     | 0.6171     | 0.1061     | 0.0227     | 0.4343       | 0.1664       |             | 2.7384   | 0.601  
97     | 1.0016     | 0.2493     | 0.6064     | 0.1191     | 0.0267     | 0.2434       | 0.2048       |             | 2.5777   | 0.448  
98     | 1.0184     | 0.2681     | 0.6184     | 0.1161     | 0.0158     | 0.3434       | 0.1945       |             | 2.7700   | 0.538  
99     | 1.1439     | 0.2706     | 0.6894     | 0.1491     | 0.0348     | 0.2453       | 0.3411       |             | 2.4283   | 0.586  
100    | 1.0383     | 0.2735     | 0.6158     | 0.1204     | 0.0286     | 0.2319       | 0.2666       |             | 2.5814   | 0.498  
101    | 0.8960     | 0.2243     | 0.5486     | 0.1034     | 0.0196     | 0.2676       | 0.3427       |             | 2.6221   | 0.610  
102    | 0.9826     | 0.2494     | 0.5738     | 0.1319     | 0.0275     | 0.3317       | 0.1324       |             | 2.8003   | 0.464  
103    | 1.1798     | 0.2815     | 0.7256     | 0.1387     | 0.0340     | 0.2484       | 0.2368       |             | 2.7907   | 0.485  
104    | 1.2899     | 0.3290     | 0.7864     | 0.1452     | 0.0292     | 0.2386       | 0.2195       |             | 2.6296   | 0.458  
105    | 1.1504     | 0.2647     | 0.7241     | 0.1291     | 0.0325     | 0.3183       | 0.1418       |             | 2.6813   | 0.460  
106    | 1.0765     | 0.2383     | 0.6896     | 0.1215     | 0.0271     | 0.2738       | 0.2138       |             | 2.6911   | 0.488  
107    | 1.2227     | 0.2776     | 0.7823     | 0.1354     | 0.0273     | 0.3763       | 0.1869       |             | 2.6232   | 0.563  
108    | 1.2756     | 0.2858     | 0.7873     | 0.1605     | 0.0420     | 0.3669       | 0.1811       |             | 2.4865   | 0.548  
109    | 1.2265     | 0.2805     | 0.7620     | 0.1632     | 0.0208     | 0.2120       | 0.2698       |             | 2.3071   | 0.482  
110    | 1.2434     | 0.2838     | 0.7740     | 0.1642     | 0.0215     | 0.2467       | 0.2379       |             | 2.2611   | 0.485  
111    | 1.1413     | 0.2656     | 0.6834     | 0.1683     | 0.0241     | 0.1961       | 0.1932       |             | 2.2308   | 0.389  
112    | 1.0489     | 0.2300     | 0.6554     | 0.1427     | 0.0208     | 0.2047       | 0.2396       |             | 2.2530   | 0.444  
113    | 1.1053     | 0.2446     | 0.6771     | 0.1437     | 0.0400     | 0.1823       | 0.1982       |             | 2.2140   | 0.380  
114    | 1.1749     | 0.2532     | 0.6978     | 0.1752     | 0.0488     | 0.1825       | 0.1728       |             | 2.1171   | 0.355  
115    | 1.2598     | 0.2826     | 0.7710     | 0.1621     | 0.0441     | 0.2385       | 0.1328       |             | 2.2217   | 0.371  
116    | 1.2377     | 0.2624     | 0.7663     | 0.1713     | 0.0377     | 0.3350       | 0.1690       |             | 2.1621   | 0.504  
117    | 1.1364     | 0.2507     | 0.6929     | 0.1666     | 0.0262     | 0.2110       | 0.2025       |             | 2.1638   | 0.413  
118    | 1.2796     | 0.3070     | 0.7718     | 0.1583     | 0.0424     | 0.2141       | 0.1787       |             | 2.1936   | 0.393  
119    | 1.3153     | 0.2732     | 0.8036     | 0.1852     | 0.0534     | 0.2763       | 0.1121       |             | 2.2426   | 0.388  
120    | 1.0706     | 0.2052     | 0.6726     | 0.1514     | 0.0414     | 0.1958       | 0.1277       |             | 2.2729   | 0.324  
121    | 1.2445     | 0.2593     | 0.7670     | 0.1685     | 0.0496     | 0.1805       | 0.1897       |             | 2.0262   | 0.370  
122    | 1.2275     | 0.2295     | 0.7580     | 0.1929     | 0.0471     | 0.2170       | 0.1402       |             | 2.0894   | 0.357  
123    | 1.1761     | 0.2297     | 0.7379     | 0.1683     | 0.0401     | 0.2387       | 0.2163       |             | 2.0347   | 0.455  
124    | 1.3552     | 0.2960     | 0.8157     | 0.1920     | 0.0515     | 0.1818       | 0.1229       |             | 2.0027   | 0.305  
125    | 1.4558     | 0.2920     | 0.9058     | 0.2007     | 0.0573     | 0.2145       | 0.1561       |             | 2.0168   | 0.371  
126    | 1.4297     | 0.2883     | 0.8718     | 0.2124     | 0.0572     | 0.2487       | 0.1707       |             | 2.0818   | 0.419  
127    | 1.3440     | 0.2485     | 0.8744     | 0.1878     | 0.0333     | 0.2197       | 0.1428       |             | 2.0834   | 0.363  
128    | 1.5630     | 0.3609     | 0.9254     | 0.2214     | 0.0553     | 0.1759       | 0.2228       |             | 2.0190   | 0.399  
129    | 1.4528     | 0.2924     | 0.8875     | 0.2127     | 0.0601     | 0.1905       | 0.2121       |             | 2.0171   | 0.403  
130    | 1.6394     | 0.3349     | 1.0112     | 0.2267     | 0.0666     | 0.2025       | 0.2725       |             | 2.0513   | 0.475  
131    | 1.6458     | 0.3218     | 1.0226     | 0.2428     | 0.0586     | 0.1794       | 0.2846       |             | 1.9201   | 0.464  
132    | 1.8199     | 0.3023     | 1.1998     | 0.2545     | 0.0633     | 0.3005       | 0.2427       |             | 1.9882   | 0.543  
133    | 2.0118     | 0.3738     | 1.3228     | 0.2563     | 0.0589     | 0.2332       | 0.2068       |             | 1.9696   | 0.440  
134    | 2.0479     | 0.3630     | 1.3461     | 0.2663     | 0.0725     | 0.2493       | 0.2114       |             | 2.0717   | 0.461  
135    | 1.8934     | 0.3395     | 1.2284     | 0.2620     | 0.0635     | 0.2316       | 0.2283       |             | 1.6542   | 0.460  
136    | 1.9477     | 0.3909     | 1.2213     | 0.2681     | 0.0675     | 0.2457       | 0.1724       |             | 1.9026   | 0.418  
137    | 1.7823     | 0.3269     | 1.1498     | 0.2491     | 0.0565     | 0.1793       | 0.1831       |             | 1.5868   | 0.362  
138    | 1.9030     | 0.3490     | 1.2421     | 0.2623     | 0.0495     | 0.1930       | 0.1622       |             | 1.4646   | 0.355  
139    | 1.7901     | 0.3141     | 1.1646     | 0.2672     | 0.0442     | 0.1737       | 0.2661       |             | 1.5116   | 0.440  
140    | 1.6972     | 0.2767     | 1.1350     | 0.2542     | 0.0313     | 0.2047       | 0.1593       |             | 1.5146   | 0.364  
141    | 1.7483     | 0.2708     | 1.1834     | 0.2500     | 0.0442     | 0.2272       | 0.1651       |             | 1.6030   | 0.392  
142    | 1.7665     | 0.2809     | 1.1894     | 0.2579     | 0.0383     | 0.2000       | 0.1433       |             | 1.6111   | 0.343  
143    | 1.6692     | 0.2751     | 1.1344     | 0.2240     | 0.0358     | 0.2149       | 0.1496       |             | 1.5613   | 0.365  
144    | 1.8215     | 0.3104     | 1.1916     | 0.2664     | 0.0531     | 0.2050       | 0.1439       |             | 1.5456   | 0.349  
145    | 1.6951     | 0.2796     | 1.1263     | 0.2363     | 0.0528     | 0.2306       | 0.1453       |             | 1.5122   | 0.376  
146    | 1.6696     | 0.2627     | 1.1278     | 0.2254     | 0.0539     | 0.1948       | 0.1326       |             | 1.5758   | 0.327  
147    | 1.5480     | 0.2743     | 1.0302     | 0.2042     | 0.0394     | 0.1943       | 0.1506       |             | 1.5420   | 0.345  
148    | 1.5614     | 0.2597     | 1.0349     | 0.2155     | 0.0512     | 0.1760       | 0.1638       |             | 1.5759   | 0.340  
149    | 1.5490     | 0.2242     | 1.0833     | 0.2038     | 0.0377     | 0.1429       | 0.1337       |             | 1.4645   | 0.277  
150    | 1.7240     | 0.2813     | 1.1730     | 0.2231     | 0.0466     | 0.1427       | 0.1619       |             | 1.5384   | 0.305  
151    | 1.7318     | 0.2745     | 1.1783     | 0.2450     | 0.0340     | 0.1924       | 0.1544       |             | 1.4601   | 0.347  
152    | 1.8332     | 0.2842     | 1.2531     | 0.2598     | 0.0361     | 0.1845       | 0.1612       |             | 1.4649   | 0.346  
153    | 1.7905     | 0.3004     | 1.2141     | 0.2372     | 0.0387     | 0.1638       | 0.2083       |             | 1.2100   | 0.372  
154    | 1.9194     | 0.3061     | 1.3031     | 0.2748     | 0.0354     | 0.1674       | 0.1780       |             | 1.2123   | 0.345  
155    | 2.0532     | 0.3117     | 1.4292     | 0.2749     | 0.0374     | 0.2501       | 0.1661       |             | 1.3192   | 0.416  
156    | 1.9708     | 0.2897     | 1.3844     | 0.2555     | 0.0412     | 0.2019       | 0.1575       |             | 1.3491   | 0.359  
157    | 1.9523     | 0.2938     | 1.3736     | 0.2470     | 0.0379     | 0.1754       | 0.1202       |             | 1.3885   | 0.296  
158    | 2.1254     | 0.2970     | 1.5142     | 0.2797     | 0.0345     | 0.1577       | 0.1689       |             | 1.4441   | 0.327  
159    | 1.9246     | 0.3214     | 1.3277     | 0.2304     | 0.0452     | 0.1819       | 0.1560       |             | 1.4270   | 0.338  
160    | 2.0369     | 0.3144     | 1.4318     | 0.2544     | 0.0363     | 0.1685       | 0.1640       |             | 1.5046   | 0.333  
161    | 2.0802     | 0.3280     | 1.4187     | 0.2951     | 0.0383     | 0.1998       | 0.2049       |             | 1.4177   | 0.405  
162    | 2.1945     | 0.3285     | 1.5166     | 0.3052     | 0.0441     | 0.1577       | 0.2023       |             | 1.5115   | 0.360  
163    | 1.9737     | 0.2805     | 1.4101     | 0.2593     | 0.0237     | 0.1776       | 0.1695       |             | 1.3954   | 0.347  
164    | 2.1033     | 0.3043     | 1.4825     | 0.2737     | 0.0427     | 0.1686       | 0.1858       |             | 1.4097   | 0.354  
165    | 2.1868     | 0.3102     | 1.5579     | 0.2900     | 0.0287     | 0.1555       | 0.2252       |             | 1.3293   | 0.381  
166    | 2.1892     | 0.3015     | 1.5652     | 0.2861     | 0.0363     | 0.1906       | 0.1797       |             | 1.4516   | 0.370  
167    | 2.3106     | 0.3658     | 1.6454     | 0.2694     | 0.0299     | 0.2065       | 0.1657       |             | 1.2658   | 0.372  
168    | 2.2344     | 0.3257     | 1.6087     | 0.2669     | 0.0331     | 0.2153       | 0.2744       |             | 1.3067   | 0.490  
169    | 2.2067     | 0.2890     | 1.5824     | 0.2997     | 0.0356     | 0.2076       | 0.2494       |             | 1.2651   | 0.457  
170    | 2.3756     | 0.3028     | 1.7413     | 0.2991     | 0.0323     | 0.1621       | 0.1975       |             | 1.2566   | 0.360  
171    | 2.2583     | 0.3389     | 1.6147     | 0.2656     | 0.0391     | 0.1737       | 0.1617       |             | 1.1912   | 0.335  
172    | 2.1205     | 0.2546     | 1.5909     | 0.2470     | 0.0280     | 0.1723       | 0.1591       |             | 1.1976   | 0.331  
173    | 2.3729     | 0.3739     | 1.7037     | 0.2641     | 0.0311     | 0.1474       | 0.1909       |             | 1.1717   | 0.338  
174    | 2.2742     | 0.3104     | 1.6556     | 0.2742     | 0.0341     | 0.1489       | 0.1416       |             | 1.1733   | 0.290  
175    | 2.4180     | 0.3305     | 1.7806     | 0.2742     | 0.0327     | 0.1305       | 0.2064       |             | 1.1508   | 0.337  
176    | 2.3673     | 0.3146     | 1.7396     | 0.2770     | 0.0361     | 0.1502       | 0.1794       |             | 1.1539   | 0.330  
177    | 2.2580     | 0.2821     | 1.6730     | 0.2632     | 0.0398     | 0.1788       | 0.1686       |             | 1.1390   | 0.347  
178    | 2.3149     | 0.3267     | 1.6866     | 0.2657     | 0.0359     | 0.1664       | 0.1554       |             | 1.1646   | 0.322  
179    | 2.3463     | 0.2912     | 1.7600     | 0.2584     | 0.0367     | 0.1458       | 0.1835       |             | 1.1489   | 0.329  
180    | 2.4631     | 0.3265     | 1.8155     | 0.2897     | 0.0315     | 0.1861       | 0.1644       |             | 1.1648   | 0.350  
181    | 2.6869     | 0.3274     | 2.0036     | 0.3221     | 0.0338     | 0.1427       | 0.1922       |             | 1.0396   | 0.335  
182    | 2.6669     | 0.3423     | 2.0115     | 0.2828     | 0.0302     | 0.1395       | 0.1834       |             | 1.0230   | 0.323  
183    | 2.7680     | 0.3826     | 2.0337     | 0.3178     | 0.0339     | 0.1484       | 0.2006       |             | 0.9752   | 0.349  
184    | 2.5679     | 0.2909     | 1.9540     | 0.2937     | 0.0293     | 0.1836       | 0.1699       |             | 1.0207   | 0.354  
185    | 2.4343     | 0.3391     | 1.7989     | 0.2664     | 0.0299     | 0.1803       | 0.2358       |             | 1.0394   | 0.416  
186    | 2.5380     | 0.3116     | 1.9050     | 0.2968     | 0.0247     | 0.1698       | 0.2534       |             | 1.0123   | 0.423  
187    | 2.5953     | 0.3442     | 1.9262     | 0.2935     | 0.0314     | 0.1566       | 0.1810       |             | 0.9798   | 0.338  
188    | 2.4967     | 0.2872     | 1.9125     | 0.2664     | 0.0306     | 0.1868       | 0.1826       |             | 0.9609   | 0.369  
189    | 2.6313     | 0.3549     | 1.9607     | 0.2890     | 0.0266     | 0.1727       | 0.1723       |             | 1.0025   | 0.345  
190    | 2.5073     | 0.2900     | 1.9121     | 0.2803     | 0.0249     | 0.1770       | 0.1758       |             | 0.9621   | 0.353  
191    | 2.4447     | 0.3039     | 1.8434     | 0.2717     | 0.0258     | 0.1737       | 0.1440       |             | 0.9943   | 0.318  
192    | 2.3886     | 0.2736     | 1.8487     | 0.2413     | 0.0249     | 0.1693       | 0.1896       |             | 0.9437   | 0.359  
193    | 2.4040     | 0.2829     | 1.8201     | 0.2718     | 0.0291     | 0.1529       | 0.1661       |             | 0.9998   | 0.319  
194    | 2.4578     | 0.2919     | 1.8755     | 0.2685     | 0.0219     | 0.1524       | 0.1498       |             | 0.9449   | 0.302  
195    | 2.3518     | 0.3022     | 1.7902     | 0.2379     | 0.0215     | 0.1597       | 0.1453       |             | 0.9531   | 0.305  
196    | 2.5026     | 0.2912     | 1.9423     | 0.2405     | 0.0285     | 0.1593       | 0.1488       |             | 1.0214   | 0.308  
197    | 2.6967     | 0.3634     | 2.0550     | 0.2522     | 0.0260     | 0.1997       | 0.1631       |             | 0.9431   | 0.363  
198    | 2.7900     | 0.3414     | 2.1363     | 0.2839     | 0.0284     | 0.1625       | 0.1737       |             | 0.9974   | 0.336  
199    | 2.6706     | 0.3580     | 2.0210     | 0.2741     | 0.0175     | 0.1793       | 0.1664       |             | 1.0259   | 0.346  
200    | 2.4868     | 0.3244     | 1.8834     | 0.2569     | 0.0221     | 0.1553       | 0.1633       |             | 1.0634   | 0.319  
201    | 2.6666     | 0.3727     | 1.9867     | 0.2802     | 0.0269     | 0.1846       | 0.1828       |             | 1.0518   | 0.367  
202    | 2.5136     | 0.2722     | 1.9375     | 0.2737     | 0.0302     | 0.1628       | 0.2152       |             | 1.0593   | 0.378  
203    | 2.6260     | 0.3057     | 2.0129     | 0.2785     | 0.0290     | 0.1151       | 0.1810       |             | 1.0515   | 0.296  
204    | 2.4618     | 0.3198     | 1.8657     | 0.2507     | 0.0256     | 0.1475       | 0.1833       |             | 0.9875   | 0.331  
205    | 2.4399     | 0.2832     | 1.8522     | 0.2790     | 0.0256     | 0.1536       | 0.1456       |             | 0.9571   | 0.299  
206    | 2.5463     | 0.3400     | 1.9141     | 0.2648     | 0.0274     | 0.2357       | 0.2044       |             | 1.0273   | 0.440  
207    | 2.5928     | 0.3000     | 1.9837     | 0.2813     | 0.0278     | 0.1634       | 0.2035       |             | 1.1232   | 0.367  
208    | 2.5752     | 0.2989     | 1.9680     | 0.2685     | 0.0398     | 0.1970       | 0.1872       |             | 1.0291   | 0.384  
209    | 2.6275     | 0.3407     | 1.9918     | 0.2623     | 0.0327     | 0.1582       | 0.1932       |             | 1.0043   | 0.351  
210    | 2.6151     | 0.3216     | 1.9720     | 0.2829     | 0.0386     | 0.1524       | 0.1589       |             | 0.9974   | 0.311  
211    | 2.3706     | 0.2716     | 1.8281     | 0.2425     | 0.0285     | 0.1600       | 0.1442       |             | 0.9737   | 0.304  
212    | 2.6338     | 0.3241     | 2.0080     | 0.2695     | 0.0322     | 0.1586       | 0.1282       |             | 1.0029   | 0.287  
213    | 2.4793     | 0.2964     | 1.8903     | 0.2663     | 0.0264     | 0.1552       | 0.1430       |             | 1.0072   | 0.298  
214    | 2.4583     | 0.3051     | 1.8812     | 0.2456     | 0.0265     | 0.1572       | 0.1375       |             | 0.9772   | 0.295  
215    | 2.4219     | 0.2763     | 1.8662     | 0.2529     | 0.0265     | 0.1736       | 0.1531       |             | 0.9334   | 0.327  
216    | 2.6586     | 0.3359     | 2.0413     | 0.2591     | 0.0223     | 0.2379       | 0.1354       |             | 0.9441   | 0.373  
217    | 2.7426     | 0.3067     | 2.1319     | 0.2794     | 0.0246     | 0.1598       | 0.1782       |             | 0.9824   | 0.338  
218    | 2.5162     | 0.2764     | 1.9548     | 0.2633     | 0.0218     | 0.1771       | 0.1607       |             | 0.9811   | 0.338  
219    | 2.4048     | 0.2568     | 1.8875     | 0.2460     | 0.0145     | 0.1923       | 0.1509       |             | 0.9786   | 0.343  
220    | 2.5839     | 0.3342     | 1.9667     | 0.2602     | 0.0228     | 0.1680       | 0.1753       |             | 0.9778   | 0.343  
221    | 2.5736     | 0.2766     | 2.0107     | 0.2611     | 0.0251     | 0.1559       | 0.1671       |             | 0.9981   | 0.323  
222    | 2.5760     | 0.2981     | 2.0110     | 0.2463     | 0.0207     | 0.1231       | 0.1699       |             | 0.9811   | 0.293  
223    | 2.6146     | 0.3309     | 2.0026     | 0.2519     | 0.0292     | 0.1680       | 0.1973       |             | 0.8596   | 0.365  
224    | 2.5947     | 0.2541     | 2.0379     | 0.2705     | 0.0321     | 0.1607       | 0.1371       |             | 0.8882   | 0.298  
225    | 2.5348     | 0.3762     | 1.9030     | 0.2261     | 0.0296     | 0.1639       | 0.1729       |             | 1.0684   | 0.337  
226    | 2.4589     | 0.2899     | 1.8816     | 0.2606     | 0.0267     | 0.1381       | 0.1512       |             | 0.9956   | 0.289  
227    | 2.3765     | 0.2946     | 1.8223     | 0.2302     | 0.0294     | 0.1647       | 0.1371       |             | 0.9707   | 0.302  
228    | 2.3844     | 0.3450     | 1.8095     | 0.2080     | 0.0219     | 0.1769       | 0.1301       |             | 1.0103   | 0.307  
229    | 2.5216     | 0.3393     | 1.9155     | 0.2419     | 0.0248     | 0.1523       | 0.1229       |             | 0.9828   | 0.275  
230    | 2.4544     | 0.3152     | 1.9061     | 0.2024     | 0.0307     | 0.1555       | 0.1250       |             | 1.0018   | 0.280  
231    | 2.6465     | 0.3153     | 2.0686     | 0.2381     | 0.0245     | 0.1647       | 0.1423       |             | 0.9822   | 0.307  
232    | 2.4395     | 0.2638     | 1.9270     | 0.2256     | 0.0231     | 0.1526       | 0.1327       |             | 0.9888   | 0.285  
233    | 2.4280     | 0.3174     | 1.8628     | 0.2210     | 0.0268     | 0.1577       | 0.1629       |             | 0.9735   | 0.321  
234    | 2.5628     | 0.3350     | 1.9621     | 0.2380     | 0.0277     | 0.1461       | 0.1590       |             | 0.9277   | 0.305  
235    | 2.4663     | 0.2879     | 1.9327     | 0.2258     | 0.0199     | 0.2012       | 0.1473       |             | 0.8868   | 0.349  
236    | 2.4487     | 0.2919     | 1.9216     | 0.2160     | 0.0192     | 0.1787       | 0.1501       |             | 0.9548   | 0.329  
237    | 2.6303     | 0.3533     | 2.0085     | 0.2436     | 0.0249     | 0.1542       | 0.1458       |             | 0.8792   | 0.300  
238    | 2.3798     | 0.2684     | 1.8596     | 0.2277     | 0.0242     | 0.1356       | 0.1403       |             | 0.8877   | 0.276  
239    | 2.5501     | 0.2369     | 2.0379     | 0.2471     | 0.0281     | 0.1614       | 0.1356       |             | 0.9092   | 0.297  
240    | 2.6739     | 0.3232     | 2.0794     | 0.2455     | 0.0258     | 0.1745       | 0.1593       |             | 0.9735   | 0.334  
241    | 2.5299     | 0.2823     | 1.9865     | 0.2376     | 0.0235     | 0.1376       | 0.1695       |             | 1.0369   | 0.307  
242    | 2.7031     | 0.3018     | 2.1032     | 0.2708     | 0.0274     | 0.1731       | 0.1669       |             | 1.0853   | 0.340  
243    | 2.5363     | 0.3156     | 1.9551     | 0.2386     | 0.0270     | 0.0998       | 0.1456       |             | 1.0090   | 0.245  
244    | 2.5919     | 0.2703     | 2.0507     | 0.2370     | 0.0339     | 0.1351       | 0.1185       |             | 0.9845   | 0.254  
245    | 2.4896     | 0.2759     | 1.9721     | 0.2156     | 0.0260     | 0.1562       | 0.1278       |             | 0.9853   | 0.284  
246    | 2.6017     | 0.3343     | 2.0029     | 0.2355     | 0.0289     | 0.1613       | 0.1771       |             | 0.9841   | 0.338  
247    | 2.7055     | 0.3058     | 2.1308     | 0.2451     | 0.0238     | 0.1380       | 0.1226       |             | 0.9843   | 0.261  
248    | 2.8363     | 0.3344     | 2.2082     | 0.2618     | 0.0319     | 0.1449       | 0.1669       |             | 1.0015   | 0.312  
249    | 2.8357     | 0.3387     | 2.2071     | 0.2608     | 0.0290     | 0.1440       | 0.1627       |             | 0.9991   | 0.307  
250    | 2.8323     | 0.3025     | 2.1943     | 0.3052     | 0.0303     | 0.1575       | 0.1999       |             | 1.0853   | 0.357  
251    | 3.1557     | 0.3700     | 2.4488     | 0.3020     | 0.0350     | 0.1678       | 0.1810       |             | 1.1168   | 0.349  
252    | 2.9398     | 0.3252     | 2.2996     | 0.2806     | 0.0344     | 0.1611       | 0.1791       |             | 1.1282   | 0.340  
253    | 2.9797     | 0.4190     | 2.2230     | 0.2961     | 0.0415     | 0.2234       | 0.1808       |             | 1.1304   | 0.404  
254    | 3.1836     | 0.3607     | 2.4833     | 0.3026     | 0.0370     | 0.2530       | 0.1649       |             | 1.1034   | 0.418  
255    | 3.1348     | 0.3855     | 2.3938     | 0.3100     | 0.0454     | 0.1611       | 0.1965       |             | 1.0773   | 0.358  
256    | 2.7605     | 0.3133     | 2.1552     | 0.2641     | 0.0278     | 0.2466       | 0.1643       |             | 0.9898   | 0.411  
257    | 2.5915     | 0.2577     | 2.0535     | 0.2546     | 0.0256     | 0.1722       | 0.1747       |             | 1.0184   | 0.347  
258    | 2.8270     | 0.3413     | 2.1960     | 0.2607     | 0.0290     | 0.1750       | 0.1520       |             | 0.9534   | 0.327  
259    | 2.7789     | 0.3143     | 2.1991     | 0.2383     | 0.0271     | 0.2020       | 0.1934       |             | 0.9106   | 0.395  
260    | 2.8964     | 0.3125     | 2.2868     | 0.2698     | 0.0272     | 0.1849       | 0.1468       |             | 0.9312   | 0.332  
261    | 2.7355     | 0.2943     | 2.1761     | 0.2429     | 0.0222     | 0.1628       | 0.1873       |             | 0.9197   | 0.350  
262    | 2.7990     | 0.3061     | 2.1987     | 0.2668     | 0.0274     | 0.2218       | 0.1577       |             | 0.8753   | 0.380  
263    | 2.6266     | 0.3230     | 2.0322     | 0.2442     | 0.0272     | 0.1721       | 0.1481       |             | 0.8813   | 0.320  
264    | 2.6700     | 0.3022     | 2.1079     | 0.2409     | 0.0190     | 0.1473       | 0.1369       |             | 0.9875   | 0.284  
265    | 2.5934     | 0.3681     | 1.9668     | 0.2320     | 0.0265     | 0.1564       | 0.1438       |             | 1.0233   | 0.300  
266    | 2.4096     | 0.2829     | 1.8950     | 0.2115     | 0.0202     | 0.1647       | 0.1472       |             | 0.9521   | 0.312  
267    | 2.5361     | 0.3106     | 1.9903     | 0.2141     | 0.0210     | 0.1514       | 0.1509       |             | 0.9842   | 0.302  
268    | 2.4748     | 0.2906     | 1.9580     | 0.2050     | 0.0213     | 0.1356       | 0.1289       |             | 0.9463   | 0.264  
269    | 2.5539     | 0.2875     | 2.0355     | 0.2145     | 0.0164     | 0.1364       | 0.1425       |             | 0.9460   | 0.279  
270    | 2.4817     | 0.2560     | 2.0037     | 0.2010     | 0.0210     | 0.1793       | 0.1162       |             | 0.9440   | 0.295  
271    | 2.7486     | 0.3823     | 2.1043     | 0.2281     | 0.0339     | 0.1810       | 0.1516       |             | 0.9728   | 0.333  
272    | 2.5610     | 0.3266     | 1.9835     | 0.2273     | 0.0237     | 0.1478       | 0.1280       |             | 0.9539   | 0.276  
273    | 2.4969     | 0.2872     | 1.9387     | 0.2467     | 0.0242     | 0.1452       | 0.1321       |             | 0.9489   | 0.277  
274    | 2.4247     | 0.3400     | 1.8422     | 0.2120     | 0.0305     | 0.1614       | 0.1305       |             | 0.9325   | 0.292  
275    | 2.3266     | 0.2549     | 1.8599     | 0.1879     | 0.0240     | 0.1440       | 0.1408       |             | 0.9150   | 0.285  
276    | 2.5062     | 0.2740     | 1.9705     | 0.2352     | 0.0265     | 0.1425       | 0.1564       |             | 0.9380   | 0.299  
277    | 2.6341     | 0.3154     | 2.0821     | 0.2118     | 0.0249     | 0.1638       | 0.1215       |             | 0.9379   | 0.285  
278    | 2.5338     | 0.2529     | 2.0396     | 0.2112     | 0.0300     | 0.1418       | 0.1261       |             | 0.9349   | 0.268  
279    | 2.6041     | 0.3116     | 2.0788     | 0.1980     | 0.0157     | 0.1700       | 0.1095       |             | 0.9485   | 0.280  
280    | 2.6403     | 0.2657     | 2.1120     | 0.2382     | 0.0243     | 0.1406       | 0.1647       |             | 0.9897   | 0.305  
281    | 2.7265     | 0.3441     | 2.1351     | 0.2211     | 0.0261     | 0.1469       | 0.1498       |             | 1.0422   | 0.297  
282    | 2.6764     | 0.3472     | 2.0802     | 0.2263     | 0.0227     | 0.1546       | 0.1573       |             | 1.0288   | 0.312  
283    | 2.5687     | 0.3494     | 1.9716     | 0.2173     | 0.0305     | 0.1814       | 0.1623       |             | 1.0197   | 0.344  
284    | 2.5664     | 0.3156     | 2.0084     | 0.2226     | 0.0198     | 0.1338       | 0.1396       |             | 1.0209   | 0.273  
285    | 2.5230     | 0.2618     | 2.0259     | 0.2132     | 0.0221     | 0.1350       | 0.1531       |             | 1.0469   | 0.288  
286    | 2.4294     | 0.1980     | 2.0107     | 0.1984     | 0.0224     | 0.1586       | 0.1568       |             | 1.0226   | 0.315  
287    | 2.5760     | 0.3087     | 2.0195     | 0.2143     | 0.0335     | 0.1553       | 0.1530       |             | 1.0548   | 0.308  
288    | 2.6765     | 0.3124     | 2.1152     | 0.2223     | 0.0265     | 0.1860       | 0.1598       |             | 1.0567   | 0.346  
289    | 2.4493     | 0.2606     | 1.9596     | 0.2076     | 0.0215     | 0.1480       | 0.1309       |             | 1.0510   | 0.279  
290    | 2.4923     | 0.3170     | 1.9515     | 0.1994     | 0.0245     | 0.1478       | 0.1390       |             | 1.0521   | 0.287  
291    | 2.4156     | 0.2730     | 1.9106     | 0.2078     | 0.0242     | 0.1448       | 0.1029       |             | 0.9888   | 0.248  
292    | 2.3775     | 0.2726     | 1.8758     | 0.2089     | 0.0203     | 0.1617       | 0.0967       |             | 1.0054   | 0.258  
293    | 2.5918     | 0.2864     | 2.0673     | 0.2153     | 0.0228     | 0.1230       | 0.1068       |             | 1.0146   | 0.230  
294    | 2.7661     | 0.3071     | 2.2136     | 0.2235     | 0.0219     | 0.1187       | 0.1556       |             | 1.0586   | 0.274  
295    | 2.7262     | 0.3196     | 2.1372     | 0.2453     | 0.0241     | 0.1370       | 0.1316       |             | 1.0549   | 0.269  
296    | 2.6283     | 0.2614     | 2.1105     | 0.2304     | 0.0261     | 0.1247       | 0.1134       |             | 1.0701   | 0.238  
297    | 2.3808     | 0.2794     | 1.8831     | 0.1949     | 0.0234     | 0.1150       | 0.1018       |             | 1.0645   | 0.217  
298    | 2.3711     | 0.2485     | 1.9234     | 0.1795     | 0.0198     | 0.1308       | 0.1275       |             | 1.0649   | 0.258  
299    | 2.4121     | 0.3025     | 1.9063     | 0.1798     | 0.0235     | 0.1410       | 0.1196       |             | 1.0454   | 0.261  
300    | 2.3048     | 0.2506     | 1.8485     | 0.1792     | 0.0264     | 0.1599       | 0.1165       |             | 1.0846   | 0.276  
301    | 2.3945     | 0.2708     | 1.9246     | 0.1725     | 0.0265     | 0.1373       | 0.1081       | (saved)     | 1.0721   | 0.245  
302    | 2.4544     | 0.2641     | 1.9489     | 0.2205     | 0.0210     | 0.1424       | 0.1664       |             | 1.0781   | 0.309  
303    | 2.6989     | 0.3023     | 2.1313     | 0.2365     | 0.0288     | 0.1947       | 0.1613       |             | 1.0746   | 0.356  
304    | 2.7620     | 0.3180     | 2.1605     | 0.2500     | 0.0334     | 0.1371       | 0.1798       |             | 1.0431   | 0.317  
305    | 2.5591     | 0.2855     | 1.9865     | 0.2498     | 0.0373     | 0.1430       | 0.1368       |             | 1.1047   | 0.280  
306    | 2.5233     | 0.2694     | 2.0165     | 0.2123     | 0.0252     | 0.1436       | 0.1481       |             | 1.0031   | 0.292  
307    | 2.6221     | 0.2905     | 2.0981     | 0.2061     | 0.0275     | 0.1595       | 0.1468       |             | 1.0400   | 0.306  
308    | 2.6377     | 0.2710     | 2.1263     | 0.2219     | 0.0185     | 0.1401       | 0.1164       |             | 1.0428   | 0.256  
309    | 2.4386     | 0.3180     | 1.8994     | 0.1969     | 0.0244     | 0.1387       | 0.1190       |             | 1.0189   | 0.258  
310    | 2.5541     | 0.3169     | 2.0409     | 0.1731     | 0.0232     | 0.1832       | 0.1237       |             | 1.0041   | 0.307  
311    | 2.4507     | 0.2447     | 1.9831     | 0.1959     | 0.0270     | 0.1445       | 0.1170       |             | 1.0029   | 0.262  
312    | 2.3473     | 0.2820     | 1.8780     | 0.1675     | 0.0198     | 0.1861       | 0.1120       |             | 0.9790   | 0.298  
313    | 2.3494     | 0.2065     | 1.9383     | 0.1867     | 0.0180     | 0.1299       | 0.1312       |             | 0.9748   | 0.261  
314    | 2.5153     | 0.2445     | 2.0561     | 0.1953     | 0.0193     | 0.1374       | 0.1101       |             | 0.9692   | 0.247  
315    | 2.6158     | 0.2772     | 2.1321     | 0.1875     | 0.0191     | 0.1525       | 0.1218       |             | 0.9270   | 0.274  
316    | 2.6174     | 0.2745     | 2.1172     | 0.2001     | 0.0256     | 0.1890       | 0.1159       |             | 0.9757   | 0.305  
317    | 2.4624     | 0.2064     | 2.0406     | 0.1913     | 0.0242     | 0.1795       | 0.0956       |             | 0.9714   | 0.275  
318    | 2.5028     | 0.2203     | 2.0843     | 0.1817     | 0.0165     | 0.2503       | 0.1171       |             | 0.9816   | 0.367  
319    | 2.4859     | 0.3142     | 1.9725     | 0.1749     | 0.0243     | 0.2118       | 0.1052       |             | 0.9765   | 0.317  
320    | 2.5310     | 0.2456     | 2.0675     | 0.1954     | 0.0225     | 0.1899       | 0.1101       |             | 0.9785   | 0.300  
321    | 2.4884     | 0.2538     | 2.0000     | 0.2059     | 0.0287     | 0.1820       | 0.1341       |             | 1.0090   | 0.316  
322    | 2.5964     | 0.2661     | 2.0893     | 0.2154     | 0.0255     | 0.1593       | 0.1286       |             | 0.9909   | 0.288  
323    | 2.4733     | 0.3006     | 1.9624     | 0.1877     | 0.0227     | 0.1619       | 0.1276       |             | 1.0031   | 0.290  
324    | 2.4511     | 0.2304     | 1.9863     | 0.2099     | 0.0245     | 0.1579       | 0.0928       |             | 1.0303   | 0.251  
325    | 2.4828     | 0.2540     | 2.0486     | 0.1635     | 0.0168     | 0.1572       | 0.0847       | (saved)     | 1.0421   | 0.242  
326    | 2.6777     | 0.3040     | 2.1313     | 0.2150     | 0.0275     | 0.1422       | 0.1255       |             | 1.0088   | 0.268  
327    | 2.5581     | 0.3038     | 2.0338     | 0.1917     | 0.0288     | 0.1475       | 0.1022       |             | 1.0210   | 0.250  
328    | 2.4796     | 0.2540     | 2.0403     | 0.1607     | 0.0247     | 0.1626       | 0.0935       |             | 0.9925   | 0.256  
329    | 2.5891     | 0.3025     | 2.0819     | 0.1829     | 0.0219     | 0.1199       | 0.1001       | (saved)     | 1.0174   | 0.220  
330    | 2.6086     | 0.3122     | 2.0787     | 0.1948     | 0.0229     | 0.1407       | 0.1050       |             | 0.9942   | 0.246  
331    | 2.4878     | 0.2897     | 2.0044     | 0.1706     | 0.0231     | 0.1516       | 0.1214       |             | 0.9536   | 0.273  
332    | 2.6234     | 0.2789     | 2.1129     | 0.2099     | 0.0216     | 0.2544       | 0.1068       |             | 0.9712   | 0.361  
333    | 2.5819     | 0.2988     | 2.0805     | 0.1787     | 0.0239     | 0.1386       | 0.1133       |             | 0.9512   | 0.252  
334    | 2.5884     | 0.2911     | 2.0631     | 0.1993     | 0.0349     | 0.1769       | 0.1101       |             | 0.9997   | 0.287  
335    | 2.5946     | 0.2669     | 2.1089     | 0.1942     | 0.0247     | 0.1863       | 0.1196       |             | 1.0835   | 0.306  
336    | 2.7218     | 0.2277     | 2.2572     | 0.2145     | 0.0224     | 0.1303       | 0.1165       |             | 1.1138   | 0.247  
337    | 2.9479     | 0.3349     | 2.3480     | 0.2336     | 0.0313     | 0.1628       | 0.1340       |             | 1.0949   | 0.297  
338    | 2.7870     | 0.2958     | 2.2388     | 0.2242     | 0.0281     | 0.1704       | 0.1428       |             | 1.0011   | 0.313  
339    | 2.7687     | 0.2965     | 2.2247     | 0.2242     | 0.0232     | 0.1807       | 0.1389       |             | 1.0202   | 0.320  
340    | 2.7860     | 0.2742     | 2.2688     | 0.2128     | 0.0302     | 0.1411       | 0.1230       |             | 1.0351   | 0.264  
341    | 2.7699     | 0.2890     | 2.2544     | 0.2039     | 0.0226     | 0.1837       | 0.1259       |             | 1.0023   | 0.310  
342    | 2.8631     | 0.3027     | 2.3073     | 0.2234     | 0.0297     | 0.2082       | 0.1433       |             | 1.0666   | 0.352  
343    | 3.0254     | 0.3603     | 2.3501     | 0.2813     | 0.0338     | 0.1801       | 0.1585       |             | 1.0881   | 0.339  
344    | 2.7604     | 0.2526     | 2.2564     | 0.2275     | 0.0239     | 0.1361       | 0.1423       |             | 1.0316   | 0.278  
345    | 2.5853     | 0.2494     | 2.1310     | 0.1855     | 0.0194     | 0.1383       | 0.1201       |             | 1.0709   | 0.258  
346    | 2.5725     | 0.2461     | 2.0962     | 0.2021     | 0.0281     | 0.1422       | 0.1150       |             | 1.0379   | 0.257  
347    | 2.6381     | 0.3005     | 2.1071     | 0.2065     | 0.0241     | 0.1742       | 0.1218       |             | 1.0457   | 0.296  
348    | 2.7148     | 0.2785     | 2.2073     | 0.2058     | 0.0233     | 0.1522       | 0.1189       |             | 0.9958   | 0.271  
349    | 2.6188     | 0.2377     | 2.1506     | 0.2115     | 0.0190     | 0.1477       | 0.0855       |             | 1.0010   | 0.233  
350    | 2.4977     | 0.2603     | 2.0503     | 0.1677     | 0.0193     | 0.1393       | 0.0943       |             | 1.0313   | 0.234  
351    | 2.6265     | 0.2832     | 2.1197     | 0.1967     | 0.0269     | 0.2024       | 0.1089       |             | 0.9467   | 0.311  
352    | 2.6031     | 0.2742     | 2.1109     | 0.1873     | 0.0307     | 0.1250       | 0.1063       |             | 0.9343   | 0.231  
353    | 2.7171     | 0.2907     | 2.2120     | 0.1939     | 0.0204     | 0.1679       | 0.1106       |             | 1.0518   | 0.279  
354    | 2.7122     | 0.2707     | 2.2190     | 0.1967     | 0.0258     | 0.1690       | 0.0973       |             | 1.0397   | 0.266  
355    | 2.7559     | 0.3340     | 2.2019     | 0.1934     | 0.0266     | 0.1641       | 0.1277       |             | 1.0679   | 0.292  
356    | 2.7123     | 0.3047     | 2.1901     | 0.1972     | 0.0203     | 0.1473       | 0.1244       |             | 1.0514   | 0.272  
357    | 2.5521     | 0.2309     | 2.1101     | 0.1870     | 0.0241     | 0.1513       | 0.1339       |             | 1.1086   | 0.285  
358    | 2.6780     | 0.3020     | 2.1361     | 0.2114     | 0.0286     | 0.1560       | 0.0920       |             | 1.0674   | 0.248  
359    | 2.6592     | 0.2992     | 2.1403     | 0.1878     | 0.0319     | 0.1271       | 0.1118       |             | 1.0813   | 0.239  
360    | 2.6868     | 0.2575     | 2.2178     | 0.1885     | 0.0229     | 0.1760       | 0.1144       |             | 1.0792   | 0.290  
361    | 2.6660     | 0.2311     | 2.2082     | 0.2003     | 0.0264     | 0.1181       | 0.1044       |             | 1.0782   | 0.222  
362    | 2.5902     | 0.2883     | 2.0951     | 0.1819     | 0.0249     | 0.1452       | 0.0888       |             | 1.0873   | 0.234  
363    | 2.4795     | 0.2294     | 2.0530     | 0.1696     | 0.0275     | 0.1359       | 0.0860       |             | 1.1233   | 0.222  
364    | 2.6325     | 0.2687     | 2.1626     | 0.1785     | 0.0227     | 0.1449       | 0.0976       |             | 1.1282   | 0.243  
365    | 2.6910     | 0.2891     | 2.1893     | 0.1793     | 0.0332     | 0.1646       | 0.1076       |             | 1.0847   | 0.272  
366    | 2.6485     | 0.2671     | 2.1705     | 0.1848     | 0.0261     | 0.1890       | 0.1404       |             | 1.0678   | 0.329  
367    | 2.6360     | 0.2719     | 2.1524     | 0.1924     | 0.0193     | 0.1449       | 0.1027       |             | 1.0553   | 0.248  
368    | 2.7312     | 0.3878     | 2.1553     | 0.1689     | 0.0192     | 0.1685       | 0.0874       |             | 1.0402   | 0.256  
369    | 2.5855     | 0.2517     | 2.1438     | 0.1689     | 0.0209     | 0.1341       | 0.1143       |             | 1.0441   | 0.248  
370    | 2.5125     | 0.2474     | 2.0522     | 0.1862     | 0.0267     | 0.1279       | 0.1018       |             | 1.0471   | 0.230  
371    | 2.5345     | 0.3196     | 2.0371     | 0.1579     | 0.0198     | 0.1439       | 0.1190       |             | 1.0280   | 0.263  
372    | 2.4590     | 0.2293     | 2.0430     | 0.1654     | 0.0213     | 0.1558       | 0.1022       |             | 0.9753   | 0.258  
373    | 2.4631     | 0.2461     | 2.0248     | 0.1699     | 0.0222     | 0.1563       | 0.1109       |             | 0.9684   | 0.267  
374    | 2.4270     | 0.2386     | 2.0056     | 0.1658     | 0.0170     | 0.1667       | 0.0923       |             | 0.9925   | 0.259  
375    | 2.3903     | 0.2535     | 1.9761     | 0.1470     | 0.0137     | 0.1430       | 0.0871       |             | 1.0068   | 0.230  
376    | 2.4507     | 0.2746     | 1.9917     | 0.1663     | 0.0182     | 0.1505       | 0.0825       |             | 0.9899   | 0.233  
377    | 2.3946     | 0.2603     | 1.9511     | 0.1652     | 0.0180     | 0.1655       | 0.0999       |             | 1.0087   | 0.265  
378    | 2.4597     | 0.2650     | 1.9883     | 0.1847     | 0.0218     | 0.1416       | 0.1099       |             | 0.9986   | 0.252  
379    | 2.3991     | 0.2490     | 1.9680     | 0.1629     | 0.0192     | 0.1324       | 0.1053       |             | 0.9791   | 0.238  
380    | 2.3351     | 0.2046     | 1.9494     | 0.1580     | 0.0230     | 0.1317       | 0.0953       |             | 0.9891   | 0.227  
381    | 2.6083     | 0.2789     | 2.1209     | 0.1900     | 0.0185     | 0.1706       | 0.1093       |             | 0.9965   | 0.280  
382    | 2.5604     | 0.2833     | 2.0699     | 0.1857     | 0.0215     | 0.1744       | 0.0961       |             | 0.9904   | 0.270  
383    | 2.4111     | 0.2746     | 1.9263     | 0.1793     | 0.0309     | 0.1301       | 0.0927       |             | 0.9914   | 0.223  
384    | 2.3244     | 0.2363     | 1.9070     | 0.1615     | 0.0195     | 0.1402       | 0.1143       |             | 0.9751   | 0.254  
385    | 2.3602     | 0.2787     | 1.9015     | 0.1573     | 0.0227     | 0.1642       | 0.0900       |             | 0.9671   | 0.254  
386    | 2.3768     | 0.2215     | 1.9714     | 0.1652     | 0.0186     | 0.1525       | 0.1243       |             | 0.9672   | 0.277  
387    | 2.3510     | 0.2490     | 1.9327     | 0.1466     | 0.0228     | 0.1900       | 0.0868       |             | 0.9988   | 0.277  
388    | 2.3579     | 0.2246     | 1.9567     | 0.1510     | 0.0256     | 0.1643       | 0.0825       |             | 0.9793   | 0.247  
389    | 2.4766     | 0.2540     | 2.0289     | 0.1709     | 0.0228     | 0.1594       | 0.1104       |             | 1.0245   | 0.270  
390    | 2.4669     | 0.2416     | 2.0493     | 0.1565     | 0.0195     | 0.1767       | 0.0910       |             | 1.0126   | 0.268  
391    | 2.4245     | 0.2551     | 1.9914     | 0.1571     | 0.0209     | 0.1392       | 0.0885       |             | 0.9980   | 0.228  
392    | 2.2459     | 0.2310     | 1.8557     | 0.1411     | 0.0181     | 0.1321       | 0.0927       |             | 0.9569   | 0.225  
393    | 2.2753     | 0.2250     | 1.8907     | 0.1421     | 0.0175     | 0.1532       | 0.0831       |             | 0.9799   | 0.236  
394    | 2.3813     | 0.2227     | 1.9808     | 0.1598     | 0.0179     | 0.1738       | 0.1035       |             | 0.9563   | 0.277  
395    | 2.3126     | 0.2676     | 1.8692     | 0.1516     | 0.0242     | 0.1643       | 0.0721       |             | 0.9566   | 0.236  
396    | 2.3124     | 0.2431     | 1.8996     | 0.1538     | 0.0158     | 0.1503       | 0.1129       |             | 0.9894   | 0.263  
397    | 2.4215     | 0.2527     | 1.9866     | 0.1583     | 0.0238     | 0.1507       | 0.0862       |             | 0.9672   | 0.237  
398    | 2.3047     | 0.2341     | 1.8962     | 0.1560     | 0.0184     | 0.1636       | 0.1284       |             | 0.9183   | 0.292  
399    | 2.6835     | 0.3155     | 2.1597     | 0.1877     | 0.0206     | 0.1887       | 0.1130       |             | 0.9527   | 0.302  
400    | 2.5207     | 0.2553     | 2.0326     | 0.2101     | 0.0227     | 0.1681       | 0.1439       |             | 1.0006   | 0.312  
401    | 2.5362     | 0.2496     | 2.0553     | 0.2022     | 0.0291     | 0.1453       | 0.1512       |             | 0.9126   | 0.297  
402    | 2.7033     | 0.3155     | 2.1641     | 0.1935     | 0.0303     | 0.1570       | 0.1626       |             | 0.9855   | 0.320  
403    | 2.5538     | 0.3426     | 1.9912     | 0.1943     | 0.0257     | 0.1673       | 0.1308       |             | 0.9621   | 0.298  
404    | 2.5118     | 0.3098     | 1.9847     | 0.1900     | 0.0273     | 0.1545       | 0.1513       |             | 0.9443   | 0.306  
405    | 2.6077     | 0.2952     | 2.0697     | 0.2160     | 0.0268     | 0.2111       | 0.1279       |             | 0.8991   | 0.339  
406    | 2.4791     | 0.2479     | 2.0053     | 0.2000     | 0.0259     | 0.1726       | 0.1329       |             | 1.0154   | 0.305  
407    | 2.8016     | 0.2750     | 2.3059     | 0.1931     | 0.0276     | 0.1953       | 0.1001       |             | 1.0084   | 0.295  
408    | 2.7412     | 0.3163     | 2.1908     | 0.2044     | 0.0298     | 0.1394       | 0.0943       |             | 1.0071   | 0.234  
409    | 2.5116     | 0.2542     | 2.0643     | 0.1684     | 0.0248     | 0.1541       | 0.0872       |             | 0.9866   | 0.241  
410    | 2.6969     | 0.3092     | 2.1862     | 0.1791     | 0.0225     | 0.1598       | 0.1106       |             | 1.0296   | 0.270  
411    | 2.6877     | 0.2706     | 2.1908     | 0.1948     | 0.0315     | 0.2047       | 0.1213       |             | 1.1049   | 0.326  
412    | 2.7778     | 0.2909     | 2.2552     | 0.2055     | 0.0262     | 0.1800       | 0.1713       |             | 1.1082   | 0.351  
413    | 2.6189     | 0.2946     | 2.1142     | 0.1833     | 0.0267     | 0.1458       | 0.1035       |             | 1.0834   | 0.249  
414    | 2.5225     | 0.2925     | 2.0355     | 0.1742     | 0.0203     | 0.1361       | 0.1287       |             | 1.0604   | 0.265  
415    | 2.4144     | 0.2650     | 1.9547     | 0.1761     | 0.0187     | 0.1269       | 0.1343       |             | 1.0623   | 0.261  
416    | 2.4889     | 0.2775     | 2.0073     | 0.1830     | 0.0210     | 0.1070       | 0.1215       |             | 1.0600   | 0.228  
417    | 2.4159     | 0.2023     | 2.0043     | 0.1901     | 0.0192     | 0.1413       | 0.1368       |             | 1.0112   | 0.278  
418    | 2.3123     | 0.1947     | 1.9265     | 0.1695     | 0.0216     | 0.1533       | 0.0861       |             | 1.0265   | 0.239  
419    | 2.4824     | 0.2354     | 2.0531     | 0.1668     | 0.0272     | 0.1807       | 0.0862       |             | 1.0674   | 0.267  
420    | 2.6086     | 0.2709     | 2.1424     | 0.1720     | 0.0233     | 0.1795       | 0.1267       |             | 1.0182   | 0.306  
421    | 2.4488     | 0.2518     | 2.0153     | 0.1637     | 0.0180     | 0.1890       | 0.0894       |             | 1.0397   | 0.278  
422    | 2.5433     | 0.2570     | 2.1211     | 0.1463     | 0.0189     | 0.1637       | 0.1033       |             | 1.0449   | 0.267  
423    | 2.6564     | 0.2982     | 2.1887     | 0.1486     | 0.0209     | 0.1665       | 0.1076       |             | 1.0826   | 0.274  
424    | 2.4967     | 0.2307     | 2.0699     | 0.1676     | 0.0284     | 0.1808       | 0.0904       |             | 1.0627   | 0.271  
425    | 2.4217     | 0.2351     | 2.0066     | 0.1599     | 0.0201     | 0.1615       | 0.0949       |             | 1.0862   | 0.256  
426    | 2.5611     | 0.2982     | 2.0782     | 0.1634     | 0.0214     | 0.1189       | 0.1088       |             | 1.0702   | 0.228  
427    | 2.5198     | 0.2510     | 2.0867     | 0.1595     | 0.0226     | 0.1299       | 0.1357       |             | 0.9959   | 0.266  
428    | 2.5693     | 0.2411     | 2.1305     | 0.1693     | 0.0284     | 0.1295       | 0.1237       |             | 1.0228   | 0.253  
429    | 2.4825     | 0.2512     | 2.0367     | 0.1716     | 0.0230     | 0.1563       | 0.0905       |             | 1.0290   | 0.247  
430    | 2.5121     | 0.2509     | 2.0674     | 0.1665     | 0.0273     | 0.1901       | 0.1097       |             | 1.0485   | 0.300  
431    | 2.6745     | 0.2463     | 2.2130     | 0.1904     | 0.0248     | 0.1917       | 0.1194       |             | 1.0699   | 0.311  
432    | 2.5334     | 0.2381     | 2.0802     | 0.1927     | 0.0224     | 0.1670       | 0.1173       |             | 1.0152   | 0.284  
433    | 2.5628     | 0.2740     | 2.0750     | 0.1854     | 0.0284     | 0.1759       | 0.1125       |             | 1.0110   | 0.288  
434    | 2.5000     | 0.2551     | 2.0464     | 0.1732     | 0.0252     | 0.1542       | 0.1200       |             | 1.0190   | 0.274  
435    | 2.4779     | 0.2613     | 2.0292     | 0.1615     | 0.0259     | 0.1631       | 0.1140       |             | 1.0046   | 0.277  
436    | 2.5262     | 0.2769     | 2.0490     | 0.1737     | 0.0266     | 0.1908       | 0.0993       |             | 1.0594   | 0.290  
437    | 2.4827     | 0.2645     | 2.0386     | 0.1590     | 0.0206     | 0.1665       | 0.0762       |             | 1.0484   | 0.243  
438    | 2.4331     | 0.2099     | 2.0497     | 0.1481     | 0.0255     | 0.1675       | 0.0808       |             | 1.0299   | 0.248  
439    | 2.4741     | 0.3051     | 1.9985     | 0.1470     | 0.0235     | 0.1664       | 0.0862       |             | 1.0566   | 0.253  
440    | 2.5110     | 0.3710     | 1.9650     | 0.1521     | 0.0229     | 0.1590       | 0.0773       |             | 1.0258   | 0.236  
441    | 2.3521     | 0.1989     | 1.9839     | 0.1538     | 0.0155     | 0.1816       | 0.0869       |             | 1.0310   | 0.268  
442    | 2.5093     | 0.2383     | 2.0798     | 0.1707     | 0.0205     | 0.1414       | 0.1139       |             | 1.0048   | 0.255  
443    | 2.5881     | 0.2659     | 2.1410     | 0.1611     | 0.0201     | 0.1493       | 0.1145       |             | 0.9923   | 0.264  
444    | 2.4536     | 0.2479     | 2.0119     | 0.1709     | 0.0230     | 0.1824       | 0.0926       |             | 0.9994   | 0.275  
445    | 2.3621     | 0.2382     | 1.9359     | 0.1694     | 0.0185     | 0.2159       | 0.1035       |             | 0.9863   | 0.319  
446    | 2.3394     | 0.2867     | 1.8754     | 0.1554     | 0.0219     | 0.1942       | 0.0997       |             | 1.0003   | 0.294  
447    | 2.1903     | 0.2309     | 1.7914     | 0.1412     | 0.0268     | 0.1770       | 0.0840       |             | 1.0051   | 0.261  
448    | 2.2929     | 0.2090     | 1.9218     | 0.1439     | 0.0182     | 0.1539       | 0.0920       |             | 0.9754   | 0.246  
449    | 2.3269     | 0.2431     | 1.9197     | 0.1452     | 0.0190     | 0.1572       | 0.0844       |             | 0.9867   | 0.242  
450    | 2.4253     | 0.3006     | 1.9606     | 0.1384     | 0.0257     | 0.1672       | 0.0784       |             | 0.9948   | 0.246  
451    | 2.3660     | 0.2531     | 1.9318     | 0.1579     | 0.0232     | 0.1595       | 0.1111       |             | 1.0149   | 0.271  
452    | 2.3686     | 0.2815     | 1.9152     | 0.1497     | 0.0221     | 0.1574       | 0.0904       |             | 0.9961   | 0.248  
453    | 2.2965     | 0.2320     | 1.8980     | 0.1439     | 0.0226     | 0.1876       | 0.0828       |             | 1.0120   | 0.270  
454    | 2.4701     | 0.2509     | 2.0307     | 0.1626     | 0.0258     | 0.1741       | 0.0886       |             | 1.0342   | 0.263  
455    | 2.4551     | 0.2440     | 2.0239     | 0.1601     | 0.0271     | 0.2190       | 0.0852       |             | 1.0264   | 0.304  
456    | 2.3370     | 0.2321     | 1.9167     | 0.1604     | 0.0277     | 0.1544       | 0.0859       |             | 0.9899   | 0.240  
457    | 2.4453     | 0.2198     | 2.0588     | 0.1501     | 0.0166     | 0.1613       | 0.0867       |             | 1.0419   | 0.248  
458    | 2.5870     | 0.3005     | 2.0814     | 0.1810     | 0.0241     | 0.1333       | 0.0983       |             | 0.9913   | 0.232  
459    | 2.5613     | 0.3137     | 2.0546     | 0.1712     | 0.0217     | 0.1541       | 0.0874       |             | 1.0210   | 0.241  
460    | 2.4357     | 0.2777     | 1.9819     | 0.1512     | 0.0249     | 0.1400       | 0.1000       |             | 0.9975   | 0.240  
461    | 2.4504     | 0.2631     | 1.9863     | 0.1725     | 0.0285     | 0.1401       | 0.0898       |             | 1.0177   | 0.230  
462    | 2.3915     | 0.2575     | 1.9667     | 0.1490     | 0.0183     | 0.1514       | 0.0686       |             | 1.0151   | 0.220  
463    | 2.3630     | 0.2289     | 1.9725     | 0.1431     | 0.0185     | 0.2021       | 0.0781       |             | 1.0261   | 0.280  
464    | 2.3039     | 0.1927     | 1.9537     | 0.1367     | 0.0208     | 0.1823       | 0.0712       |             | 0.9977   | 0.253  
465    | 2.5366     | 0.2500     | 2.1011     | 0.1644     | 0.0210     | 0.1604       | 0.0769       |             | 1.0043   | 0.237  
466    | 2.5162     | 0.2695     | 2.0476     | 0.1713     | 0.0278     | 0.1856       | 0.0822       |             | 1.0239   | 0.268  
467    | 2.5393     | 0.3101     | 2.0467     | 0.1612     | 0.0213     | 0.1546       | 0.1101       |             | 1.0169   | 0.265  
468    | 2.4896     | 0.2748     | 2.0118     | 0.1774     | 0.0257     | 0.1848       | 0.1168       |             | 1.0335   | 0.302  
469    | 2.4246     | 0.2256     | 1.9979     | 0.1770     | 0.0241     | 0.1701       | 0.1152       |             | 1.0289   | 0.285  
470    | 2.4616     | 0.2739     | 1.9961     | 0.1668     | 0.0249     | 0.1939       | 0.1037       |             | 1.0351   | 0.298  
471    | 2.5320     | 0.2622     | 2.0938     | 0.1542     | 0.0219     | 0.1944       | 0.1064       |             | 1.0237   | 0.301  
472    | 2.4150     | 0.2383     | 1.9778     | 0.1772     | 0.0216     | 0.1918       | 0.1163       |             | 1.0278   | 0.308  
473    | 2.4977     | 0.3056     | 2.0039     | 0.1628     | 0.0254     | 0.2100       | 0.1100       |             | 1.0134   | 0.320  
474    | 2.6376     | 0.2717     | 2.1681     | 0.1697     | 0.0280     | 0.1926       | 0.1055       |             | 1.0448   | 0.298  
475    | 2.7072     | 0.3214     | 2.1988     | 0.1654     | 0.0216     | 0.1896       | 0.1421       |             | 1.0092   | 0.332  
476    | 2.5522     | 0.2183     | 2.1220     | 0.1884     | 0.0233     | 0.1741       | 0.1260       |             | 1.0381   | 0.300  
477    | 2.4403     | 0.2791     | 1.9654     | 0.1644     | 0.0313     | 0.1789       | 0.0969       |             | 1.0332   | 0.276  
478    | 2.3912     | 0.2275     | 1.9875     | 0.1583     | 0.0178     | 0.1737       | 0.0862       |             | 1.0063   | 0.260  
479    | 2.3099     | 0.2201     | 1.9176     | 0.1539     | 0.0183     | 0.1623       | 0.0948       |             | 1.0260   | 0.257  
480    | 2.4004     | 0.2435     | 1.9799     | 0.1582     | 0.0187     | 0.1643       | 0.0764       |             | 1.0298   | 0.241  
481    | 2.5065     | 0.2476     | 2.0795     | 0.1567     | 0.0226     | 0.1420       | 0.0889       |             | 1.0048   | 0.231  
482    | 2.5288     | 0.2588     | 2.0838     | 0.1620     | 0.0242     | 0.1578       | 0.1024       |             | 1.0214   | 0.260  
483    | 2.2371     | 0.2075     | 1.8728     | 0.1414     | 0.0154     | 0.1734       | 0.0776       |             | 1.0332   | 0.251  
484    | 2.3258     | 0.2296     | 1.9283     | 0.1499     | 0.0181     | 0.1636       | 0.0892       |             | 1.0380   | 0.253  
485    | 2.3719     | 0.2573     | 1.9493     | 0.1429     | 0.0223     | 0.1805       | 0.0846       |             | 1.0480   | 0.265  
486    | 2.6725     | 0.3529     | 2.1518     | 0.1447     | 0.0231     | 0.1676       | 0.0870       |             | 1.0174   | 0.255  
487    | 2.7914     | 0.3606     | 2.2492     | 0.1621     | 0.0195     | 0.1745       | 0.0996       |             | 1.0254   | 0.274  
488    | 2.5732     | 0.2729     | 2.1063     | 0.1731     | 0.0210     | 0.1715       | 0.0824       |             | 1.0145   | 0.254  
489    | 2.4272     | 0.2190     | 2.0220     | 0.1650     | 0.0211     | 0.1640       | 0.0888       |             | 0.9870   | 0.253  
490    | 2.5616     | 0.2157     | 2.1448     | 0.1764     | 0.0247     | 0.1818       | 0.0892       |             | 1.0137   | 0.271  
491    | 2.6852     | 0.2463     | 2.2472     | 0.1709     | 0.0208     | 0.1664       | 0.0919       |             | 1.0419   | 0.258  
492    | 2.6239     | 0.2384     | 2.1920     | 0.1705     | 0.0231     | 0.1823       | 0.0761       |             | 1.0430   | 0.258  
493    | 2.5414     | 0.2700     | 2.0990     | 0.1477     | 0.0247     | 0.1499       | 0.0652       | (saved)     | 1.0489   | 0.215  
494    | 2.5215     | 0.2736     | 2.0812     | 0.1454     | 0.0213     | 0.1328       | 0.0768       | (saved)     | 1.0357   | 0.210  
495    | 2.3889     | 0.2482     | 1.9728     | 0.1529     | 0.0150     | 0.1379       | 0.0985       |             | 1.0362   | 0.236  
496    | 2.2622     | 0.2282     | 1.8636     | 0.1499     | 0.0205     | 0.1918       | 0.0997       |             | 1.0201   | 0.291  
497    | 2.4147     | 0.2453     | 1.9991     | 0.1522     | 0.0182     | 0.1739       | 0.0899       |             | 0.9951   | 0.264  
498    | 2.3758     | 0.2402     | 1.9528     | 0.1584     | 0.0244     | 0.1656       | 0.0804       |             | 1.0244   | 0.246  
499    | 2.6988     | 0.3270     | 2.1801     | 0.1643     | 0.0273     | 0.1626       | 0.1063       |             | 1.0193   | 0.269  
500    | 2.6124     | 0.2760     | 2.1398     | 0.1716     | 0.0250     | 0.2416       | 0.0779       |             | 1.0446   | 0.320  
Seed 123456 | Src Acc: 97.8571 | Src MDE: 0.0388 | Tgt Acc: 35.0000 | Tgt MDE: 1.0357
Finished Combo Fusion_DAFI_1_4. Results saved.
