Mode: Fusion | Features: RSSI(4) + RTT(2)
Model Input Dimension: 6
cuda
Start Training Seed 42...
Epoch  | Total Loss | l_sc       | l_dc       | l_tc       | l_ca       | val_l_sc     | val_l_dc     | Save        | Test MDE | Score  
---------------------------------------------------------------------------------------------------------------------------------------
1      | 10.9175    | 3.6468     | 2.8063     | 3.7961     | 0.6683     | 3.2857       | 3.7876       |             | 3.3329   | 7.073  
2      | 9.9177     | 3.1804     | 2.7303     | 3.7528     | 0.2542     | 2.9100       | 3.7351       |             | 2.8282   | 6.645  
3      | 9.3833     | 2.9207     | 2.6740     | 3.6272     | 0.1614     | 2.6404       | 3.5604       |             | 2.3467   | 6.201  
4      | 8.8736     | 2.7309     | 2.6281     | 3.4178     | 0.0969     | 2.5254       | 3.3729       |             | 2.3242   | 5.898  
5      | 8.3860     | 2.6079     | 2.5694     | 3.1242     | 0.0845     | 2.3736       | 3.0754       |             | 2.5624   | 5.449  
6      | 7.7280     | 2.4753     | 2.4999     | 2.6956     | 0.0572     | 2.2760       | 2.6696       |             | 2.6036   | 4.946  
7      | 7.0551     | 2.3897     | 2.4156     | 2.2117     | 0.0381     | 2.2889       | 2.0540       |             | 2.8738   | 4.343  
8      | 6.2953     | 2.3642     | 2.3151     | 1.5625     | 0.0534     | 2.1205       | 1.7969       |             | 3.0224   | 3.917  
9      | 5.5148     | 2.1919     | 2.1843     | 1.1206     | 0.0180     | 2.1943       | 1.3701       |             | 3.0187   | 3.564  
10     | 4.8249     | 1.9885     | 2.0380     | 0.7752     | 0.0233     | 1.8291       | 1.1269       |             | 3.0496   | 2.956  
11     | 4.2694     | 1.8094     | 1.8656     | 0.5741     | 0.0203     | 1.7830       | 0.9366       |             | 3.0426   | 2.720  
12     | 3.6604     | 1.5406     | 1.6676     | 0.4364     | 0.0157     | 1.6234       | 0.7477       |             | 3.0585   | 2.371  
13     | 3.4469     | 1.4515     | 1.5845     | 0.3954     | 0.0156     | 1.6299       | 0.5335       |             | 3.0569   | 2.163  
14     | 3.0286     | 1.3125     | 1.3925     | 0.3067     | 0.0169     | 1.2303       | 0.6675       |             | 3.0356   | 1.898  
15     | 2.7113     | 1.1352     | 1.2506     | 0.2987     | 0.0268     | 1.1114       | 0.7291       |             | 3.0400   | 1.840  
16     | 2.4540     | 1.0175     | 1.1372     | 0.2838     | 0.0156     | 1.0110       | 0.6242       |             | 3.0338   | 1.635  
17     | 2.1344     | 0.9184     | 1.0135     | 0.1884     | 0.0142     | 0.9103       | 0.6056       |             | 3.0056   | 1.516  
18     | 1.9203     | 0.7738     | 0.9251     | 0.2089     | 0.0124     | 0.8253       | 0.6039       |             | 3.1642   | 1.429  
19     | 1.7763     | 0.7517     | 0.8355     | 0.1718     | 0.0173     | 0.7438       | 0.5319       |             | 3.0149   | 1.276  
20     | 1.5055     | 0.6342     | 0.7204     | 0.1413     | 0.0096     | 0.5496       | 0.6783       |             | 3.0021   | 1.228  
21     | 1.5194     | 0.5995     | 0.7119     | 0.1906     | 0.0174     | 0.9081       | 0.3289       |             | 3.0074   | 1.237  
22     | 1.3845     | 0.5745     | 0.6399     | 0.1578     | 0.0123     | 0.5772       | 0.4743       |             | 2.9789   | 1.052  
23     | 1.2191     | 0.4916     | 0.5814     | 0.1340     | 0.0122     | 0.4628       | 0.6545       |             | 3.0003   | 1.117  
24     | 1.1434     | 0.4746     | 0.5432     | 0.1164     | 0.0091     | 0.5503       | 0.6219       |             | 2.9866   | 1.172  
25     | 1.0640     | 0.4488     | 0.4827     | 0.1216     | 0.0108     | 0.7015       | 0.2984       |             | 3.0181   | 1.000  
26     | 1.0063     | 0.4146     | 0.4603     | 0.1217     | 0.0096     | 0.6366       | 0.3629       |             | 3.0126   | 1.000  
27     | 0.9610     | 0.4222     | 0.4331     | 0.0958     | 0.0099     | 0.5043       | 0.5873       |             | 2.9774   | 1.092  
28     | 0.9154     | 0.3716     | 0.4189     | 0.1163     | 0.0086     | 0.5929       | 0.3323       |             | 3.0121   | 0.925  
29     | 0.8391     | 0.3633     | 0.3745     | 0.0901     | 0.0112     | 0.7103       | 0.2697       |             | 3.0148   | 0.980  
30     | 0.7756     | 0.3222     | 0.3654     | 0.0774     | 0.0107     | 0.4492       | 0.3627       |             | 3.0157   | 0.812  
31     | 0.7325     | 0.3125     | 0.3216     | 0.0900     | 0.0084     | 0.6963       | 0.2425       |             | 2.9992   | 0.939  
32     | 0.7614     | 0.3224     | 0.3347     | 0.0944     | 0.0099     | 0.3981       | 0.3867       |             | 2.9728   | 0.785  
33     | 0.7091     | 0.2921     | 0.3144     | 0.0893     | 0.0134     | 0.5519       | 0.2836       |             | 3.0174   | 0.835  
34     | 0.6531     | 0.2887     | 0.2806     | 0.0718     | 0.0120     | 0.5474       | 0.2553       |             | 3.0464   | 0.803  
35     | 0.6944     | 0.2895     | 0.3076     | 0.0833     | 0.0141     | 0.3891       | 0.4010       |             | 3.1653   | 0.790  
36     | 0.6046     | 0.2584     | 0.2670     | 0.0729     | 0.0064     | 0.3642       | 0.3746       |             | 3.0207   | 0.739  
37     | 0.5884     | 0.2757     | 0.2488     | 0.0557     | 0.0083     | 0.4765       | 0.3142       |             | 3.0530   | 0.791  
38     | 0.6762     | 0.2970     | 0.2799     | 0.0757     | 0.0236     | 0.3362       | 0.5241       |             | 2.9505   | 0.860  
39     | 0.5902     | 0.2704     | 0.2388     | 0.0705     | 0.0105     | 0.3657       | 0.3591       |             | 2.9652   | 0.725  
40     | 0.5816     | 0.2504     | 0.2483     | 0.0735     | 0.0094     | 0.3782       | 0.4297       |             | 3.2315   | 0.808  
41     | 0.5917     | 0.2488     | 0.2604     | 0.0760     | 0.0065     | 0.3247       | 0.4051       |             | 3.1686   | 0.730  
42     | 0.5645     | 0.2567     | 0.2386     | 0.0590     | 0.0102     | 0.3997       | 0.3972       |             | 2.9466   | 0.797  
43     | 0.4744     | 0.2252     | 0.1986     | 0.0466     | 0.0039     | 0.3803       | 0.2958       |             | 3.0346   | 0.676  
44     | 0.5018     | 0.2341     | 0.2070     | 0.0528     | 0.0079     | 0.3746       | 0.3130       |             | 2.9546   | 0.688  
45     | 0.5725     | 0.2643     | 0.2306     | 0.0697     | 0.0079     | 0.4251       | 0.2432       |             | 3.0058   | 0.668  
46     | 0.4526     | 0.2076     | 0.1912     | 0.0452     | 0.0086     | 0.4204       | 0.2472       |             | 3.0022   | 0.668  
47     | 0.4049     | 0.1893     | 0.1634     | 0.0463     | 0.0060     | 0.3692       | 0.3491       |             | 2.9601   | 0.718  
48     | 0.4016     | 0.1781     | 0.1690     | 0.0482     | 0.0064     | 0.3547       | 0.2198       |             | 3.0051   | 0.574  
49     | 0.4136     | 0.1799     | 0.1794     | 0.0459     | 0.0084     | 0.4114       | 0.2687       |             | 2.9843   | 0.680  
50     | 0.4268     | 0.1784     | 0.1883     | 0.0503     | 0.0098     | 0.5298       | 0.1958       |             | 2.9952   | 0.726  
51     | 0.4021     | 0.1721     | 0.1790     | 0.0457     | 0.0053     | 0.4031       | 0.2516       |             | 2.9672   | 0.655  
52     | 0.4092     | 0.1754     | 0.1752     | 0.0515     | 0.0072     | 0.4123       | 0.2373       |             | 2.9695   | 0.650  
53     | 0.3870     | 0.1629     | 0.1734     | 0.0427     | 0.0081     | 0.3082       | 0.2836       |             | 2.9634   | 0.592  
54     | 0.4488     | 0.1978     | 0.1893     | 0.0534     | 0.0083     | 0.5137       | 0.2168       |             | 2.9387   | 0.731  
55     | 0.4316     | 0.1897     | 0.1799     | 0.0557     | 0.0063     | 0.3101       | 0.3651       |             | 3.0055   | 0.675  
56     | 0.3768     | 0.1642     | 0.1587     | 0.0472     | 0.0068     | 0.3187       | 0.2548       |             | 2.9951   | 0.574  
57     | 0.4009     | 0.1823     | 0.1715     | 0.0397     | 0.0075     | 0.2130       | 0.4108       |             | 2.9262   | 0.624  
58     | 0.3753     | 0.1550     | 0.1751     | 0.0379     | 0.0072     | 0.6382       | 0.1663       |             | 3.0114   | 0.805  
59     | 0.3884     | 0.1616     | 0.1785     | 0.0428     | 0.0055     | 0.4291       | 0.2733       |             | 2.9661   | 0.702  
60     | 0.3989     | 0.1373     | 0.1885     | 0.0662     | 0.0069     | 0.4457       | 0.2634       |             | 3.0073   | 0.709  
61     | 0.3715     | 0.1535     | 0.1757     | 0.0360     | 0.0062     | 0.2627       | 0.2604       |             | 2.9711   | 0.523  
62     | 0.3876     | 0.1586     | 0.1875     | 0.0338     | 0.0077     | 0.3527       | 0.2550       |             | 2.9652   | 0.608  
63     | 0.4099     | 0.1649     | 0.1895     | 0.0506     | 0.0049     | 0.6473       | 0.2674       |             | 2.9832   | 0.915  
64     | 0.4774     | 0.1682     | 0.2442     | 0.0569     | 0.0081     | 0.7423       | 0.1549       |             | 3.0393   | 0.897  
65     | 0.4813     | 0.1764     | 0.2475     | 0.0467     | 0.0107     | 0.4639       | 0.3022       |             | 3.1081   | 0.766  
66     | 0.4795     | 0.1612     | 0.2473     | 0.0582     | 0.0129     | 0.3278       | 0.3451       |             | 2.9741   | 0.673  
67     | 0.5581     | 0.1529     | 0.3298     | 0.0627     | 0.0128     | 0.2117       | 0.5013       |             | 2.9221   | 0.713  
68     | 0.5839     | 0.1690     | 0.3430     | 0.0613     | 0.0107     | 0.5752       | 0.2470       |             | 2.9830   | 0.822  
69     | 0.5702     | 0.1681     | 0.3318     | 0.0580     | 0.0123     | 0.6705       | 0.1741       |             | 3.1735   | 0.845  
70     | 0.4966     | 0.1261     | 0.3027     | 0.0563     | 0.0115     | 0.4996       | 0.2186       |             | 3.0242   | 0.718  
71     | 0.5451     | 0.1721     | 0.3072     | 0.0562     | 0.0096     | 0.4301       | 0.2534       |             | 2.9527   | 0.684  
72     | 0.6248     | 0.1701     | 0.3860     | 0.0583     | 0.0105     | 0.3290       | 0.3709       |             | 2.9797   | 0.700  
73     | 0.6274     | 0.1705     | 0.3669     | 0.0706     | 0.0193     | 0.2637       | 0.4762       |             | 2.8742   | 0.740  
74     | 0.5776     | 0.1734     | 0.3264     | 0.0604     | 0.0173     | 0.3622       | 0.2647       |             | 3.1737   | 0.627  
75     | 0.7190     | 0.2257     | 0.3953     | 0.0796     | 0.0183     | 0.3723       | 0.2963       |             | 3.1475   | 0.669  
76     | 0.6654     | 0.1988     | 0.3710     | 0.0809     | 0.0147     | 0.4016       | 0.2718       |             | 2.9610   | 0.673  
77     | 0.5844     | 0.2039     | 0.3081     | 0.0590     | 0.0134     | 0.3102       | 0.3639       |             | 2.9404   | 0.674  
78     | 0.5515     | 0.1518     | 0.3370     | 0.0526     | 0.0101     | 0.3391       | 0.2551       |             | 3.0194   | 0.594  
79     | 0.5753     | 0.1694     | 0.3255     | 0.0620     | 0.0184     | 0.2508       | 0.2748       |             | 2.9798   | 0.526  
80     | 0.6121     | 0.2016     | 0.3183     | 0.0808     | 0.0114     | 0.2007       | 0.4266       |             | 2.7828   | 0.627  
81     | 0.5459     | 0.1743     | 0.2911     | 0.0682     | 0.0124     | 0.3095       | 0.2407       |             | 2.9256   | 0.550  
82     | 0.5354     | 0.1817     | 0.2824     | 0.0605     | 0.0108     | 0.5408       | 0.2677       |             | 2.9866   | 0.809  
83     | 0.5203     | 0.1619     | 0.2994     | 0.0459     | 0.0131     | 0.3143       | 0.2775       |             | 3.0066   | 0.592  
84     | 0.5286     | 0.1488     | 0.3102     | 0.0533     | 0.0163     | 0.3157       | 0.3668       |             | 2.9644   | 0.682  
85     | 0.6215     | 0.1579     | 0.3680     | 0.0772     | 0.0184     | 0.2125       | 0.3571       |             | 2.8773   | 0.570  
86     | 0.6910     | 0.2147     | 0.3865     | 0.0746     | 0.0151     | 0.1637       | 0.2763       |             | 2.9991   | 0.440  
87     | 0.7440     | 0.2060     | 0.4338     | 0.0860     | 0.0181     | 0.1913       | 0.4226       |             | 2.7875   | 0.614  
88     | 0.8081     | 0.2104     | 0.4967     | 0.0846     | 0.0163     | 0.3604       | 0.2149       |             | 3.0178   | 0.575  
89     | 0.7830     | 0.2130     | 0.4720     | 0.0824     | 0.0155     | 0.2071       | 0.4251       |             | 2.7180   | 0.632  
90     | 0.6635     | 0.1778     | 0.4005     | 0.0707     | 0.0144     | 0.3171       | 0.2364       |             | 3.0003   | 0.554  
91     | 0.7309     | 0.1882     | 0.4206     | 0.0910     | 0.0311     | 0.3203       | 0.2371       |             | 3.0013   | 0.557  
92     | 0.8163     | 0.1969     | 0.5040     | 0.0955     | 0.0200     | 0.2658       | 0.2810       |             | 2.9708   | 0.547  
93     | 0.8285     | 0.2044     | 0.5059     | 0.0909     | 0.0273     | 0.1975       | 0.3718       |             | 2.8040   | 0.569  
94     | 0.8507     | 0.2000     | 0.5125     | 0.1132     | 0.0251     | 0.3968       | 0.1989       |             | 2.9380   | 0.596  
95     | 0.9649     | 0.2427     | 0.5812     | 0.1156     | 0.0254     | 0.1554       | 0.5082       |             | 2.7102   | 0.664  
96     | 0.8616     | 0.2247     | 0.5034     | 0.1032     | 0.0303     | 0.5071       | 0.1987       |             | 3.0843   | 0.706  
97     | 0.7227     | 0.1761     | 0.4425     | 0.0842     | 0.0200     | 0.2553       | 0.2866       |             | 2.9361   | 0.542  
98     | 0.7616     | 0.1867     | 0.4675     | 0.0835     | 0.0240     | 0.1147       | 0.4817       |             | 2.5675   | 0.596  
99     | 0.8975     | 0.1990     | 0.5561     | 0.1124     | 0.0300     | 0.2710       | 0.2993       |             | 2.8489   | 0.570  
100    | 0.9528     | 0.2530     | 0.5736     | 0.1040     | 0.0221     | 0.1811       | 0.5761       |             | 2.5620   | 0.757  
101    | 0.8053     | 0.1921     | 0.4787     | 0.1073     | 0.0273     | 0.3012       | 0.2519       |             | 2.8820   | 0.553  
102    | 0.7435     | 0.2184     | 0.4260     | 0.0749     | 0.0242     | 0.2261       | 0.3494       |             | 2.8992   | 0.575  
103    | 0.7374     | 0.1964     | 0.4324     | 0.0866     | 0.0221     | 0.1862       | 0.5364       |             | 2.8041   | 0.723  
104    | 0.7609     | 0.2114     | 0.4384     | 0.0867     | 0.0244     | 0.4637       | 0.3073       |             | 2.8853   | 0.771  
105    | 0.6202     | 0.1848     | 0.3395     | 0.0794     | 0.0167     | 0.2233       | 0.3790       |             | 2.9405   | 0.602  
106    | 0.6366     | 0.2133     | 0.3229     | 0.0856     | 0.0148     | 0.3410       | 0.2251       |             | 2.9546   | 0.566  
107    | 0.5088     | 0.1605     | 0.2685     | 0.0590     | 0.0209     | 0.2683       | 0.2510       |             | 2.9589   | 0.519  
108    | 0.5326     | 0.1641     | 0.2916     | 0.0592     | 0.0178     | 0.1715       | 0.3643       |             | 2.8123   | 0.536  
109    | 0.5043     | 0.1588     | 0.2709     | 0.0586     | 0.0160     | 0.4241       | 0.1664       |             | 2.9966   | 0.590  
110    | 0.5713     | 0.1798     | 0.3146     | 0.0646     | 0.0124     | 0.1798       | 0.3131       |             | 2.9303   | 0.493  
111    | 0.6561     | 0.1971     | 0.3629     | 0.0854     | 0.0108     | 0.3305       | 0.2533       |             | 2.9099   | 0.584  
112    | 0.5836     | 0.1793     | 0.3274     | 0.0632     | 0.0137     | 0.2084       | 0.2874       |             | 2.9891   | 0.496  
113    | 0.6075     | 0.1660     | 0.3450     | 0.0722     | 0.0243     | 0.2630       | 0.2377       |             | 2.9116   | 0.501  
114    | 0.6485     | 0.1811     | 0.3801     | 0.0697     | 0.0177     | 0.2289       | 0.2800       |             | 2.9380   | 0.509  
115    | 0.6316     | 0.1697     | 0.3725     | 0.0728     | 0.0165     | 0.2201       | 0.2964       |             | 2.8819   | 0.516  
116    | 0.7730     | 0.2112     | 0.4375     | 0.1039     | 0.0204     | 0.2450       | 0.2101       |             | 2.9680   | 0.455  
117    | 0.7383     | 0.1850     | 0.4314     | 0.1016     | 0.0202     | 0.2670       | 0.3275       |             | 3.0255   | 0.595  
118    | 0.8735     | 0.2227     | 0.5010     | 0.1165     | 0.0333     | 0.1490       | 0.4782       |             | 2.7275   | 0.627  
119    | 0.9194     | 0.2340     | 0.5512     | 0.1033     | 0.0308     | 0.1997       | 0.2549       |             | 2.8762   | 0.455  
120    | 0.9789     | 0.2410     | 0.5785     | 0.1069     | 0.0525     | 0.3042       | 0.2205       |             | 2.9607   | 0.525  
121    | 1.1759     | 0.2697     | 0.7220     | 0.1535     | 0.0308     | 0.3122       | 0.3577       |             | 2.6360   | 0.670  
122    | 1.4451     | 0.3192     | 0.8883     | 0.1889     | 0.0486     | 0.1558       | 0.4162       |             | 2.5595   | 0.572  
123    | 1.3466     | 0.3104     | 0.8420     | 0.1566     | 0.0375     | 0.3666       | 0.2641       |             | 2.9656   | 0.631  
124    | 1.2484     | 0.2935     | 0.7753     | 0.1543     | 0.0253     | 0.2783       | 0.3195       |             | 2.9067   | 0.598  
125    | 1.2808     | 0.2835     | 0.8092     | 0.1503     | 0.0378     | 0.1992       | 0.3051       |             | 2.7208   | 0.504  
126    | 1.0730     | 0.2321     | 0.6663     | 0.1445     | 0.0300     | 0.2856       | 0.3304       |             | 2.6113   | 0.616  
127    | 1.0899     | 0.2603     | 0.6458     | 0.1527     | 0.0311     | 0.3089       | 0.2778       |             | 2.7463   | 0.587  
128    | 1.0228     | 0.2348     | 0.6047     | 0.1467     | 0.0367     | 0.1676       | 0.3352       |             | 2.7669   | 0.503  
129    | 0.9369     | 0.1974     | 0.5617     | 0.1307     | 0.0471     | 0.2511       | 0.2696       |             | 2.7412   | 0.521  
130    | 1.1552     | 0.2698     | 0.6959     | 0.1481     | 0.0415     | 0.5292       | 0.2226       |             | 2.9305   | 0.752  
131    | 1.1969     | 0.2425     | 0.7403     | 0.1766     | 0.0375     | 0.4064       | 0.2655       |             | 2.7836   | 0.672  
132    | 1.2907     | 0.2949     | 0.7567     | 0.1996     | 0.0394     | 0.4020       | 0.3270       |             | 2.6476   | 0.729  
133    | 1.2165     | 0.2514     | 0.7272     | 0.1862     | 0.0516     | 0.4139       | 0.3404       |             | 2.8132   | 0.754  
134    | 0.9952     | 0.2179     | 0.5858     | 0.1604     | 0.0312     | 0.1800       | 0.2739       |             | 2.8320   | 0.454  
135    | 0.9824     | 0.2590     | 0.5567     | 0.1356     | 0.0311     | 0.2633       | 0.2587       |             | 2.9135   | 0.522  
136    | 0.9358     | 0.2608     | 0.4933     | 0.1475     | 0.0342     | 0.3153       | 0.2209       |             | 2.9106   | 0.536  
137    | 0.8031     | 0.2406     | 0.4383     | 0.1019     | 0.0223     | 0.2109       | 0.3536       |             | 2.7402   | 0.565  
138    | 0.9887     | 0.2298     | 0.5602     | 0.1625     | 0.0362     | 0.2549       | 0.2604       |             | 2.8477   | 0.515  
139    | 1.0235     | 0.2324     | 0.5932     | 0.1524     | 0.0456     | 0.1974       | 0.2864       |             | 2.8279   | 0.484  
140    | 1.1193     | 0.2667     | 0.6887     | 0.1273     | 0.0366     | 0.5040       | 0.2326       |             | 2.8335   | 0.737  
141    | 1.3136     | 0.2993     | 0.7641     | 0.1870     | 0.0632     | 0.2201       | 0.3244       |             | 2.5247   | 0.545  
142    | 1.0116     | 0.2068     | 0.6443     | 0.1210     | 0.0394     | 0.2659       | 0.2815       |             | 2.8667   | 0.547  
143    | 1.2440     | 0.2446     | 0.7948     | 0.1733     | 0.0313     | 0.2679       | 0.3507       |             | 2.7580   | 0.619  
144    | 1.3951     | 0.2910     | 0.8844     | 0.1826     | 0.0371     | 0.3092       | 0.2615       |             | 2.6562   | 0.571  
145    | 1.3784     | 0.2920     | 0.8418     | 0.1952     | 0.0493     | 0.2239       | 0.3063       |             | 2.7768   | 0.530  
146    | 1.3902     | 0.3150     | 0.8281     | 0.2106     | 0.0364     | 0.1912       | 0.3241       |             | 2.5805   | 0.515  
147    | 1.4009     | 0.2866     | 0.8351     | 0.2236     | 0.0555     | 0.1529       | 0.3027       |             | 2.6294   | 0.456  
148    | 1.2028     | 0.2429     | 0.7045     | 0.1984     | 0.0571     | 0.2031       | 0.2621       |             | 2.7155   | 0.465  
149    | 1.0726     | 0.2303     | 0.6478     | 0.1609     | 0.0336     | 0.1728       | 0.2625       |             | 2.6525   | 0.435  
150    | 1.0220     | 0.2128     | 0.6123     | 0.1594     | 0.0375     | 0.2341       | 0.2349       |             | 2.7475   | 0.469  
151    | 1.0107     | 0.2338     | 0.5984     | 0.1440     | 0.0345     | 0.2067       | 0.2567       |             | 2.6647   | 0.463  
152    | 1.1482     | 0.2403     | 0.6822     | 0.1816     | 0.0441     | 0.1225       | 0.4454       |             | 2.5101   | 0.568  
153    | 1.2120     | 0.2638     | 0.7415     | 0.1758     | 0.0308     | 0.1201       | 0.2589       |             | 2.6127   | 0.379  
154    | 1.1609     | 0.2321     | 0.7163     | 0.1819     | 0.0306     | 0.1396       | 0.2594       |             | 2.6828   | 0.399  
155    | 1.1284     | 0.2576     | 0.6683     | 0.1638     | 0.0388     | 0.1678       | 0.3076       |             | 2.5326   | 0.475  
156    | 1.1356     | 0.2684     | 0.6708     | 0.1559     | 0.0405     | 0.0790       | 0.3379       |             | 2.4587   | 0.417  
157    | 1.1647     | 0.2233     | 0.7124     | 0.1909     | 0.0381     | 0.3042       | 0.2385       |             | 2.6122   | 0.543  
158    | 1.1941     | 0.2515     | 0.7115     | 0.1779     | 0.0532     | 0.1200       | 0.3361       |             | 2.4589   | 0.456  
159    | 1.1351     | 0.2234     | 0.6629     | 0.1998     | 0.0489     | 0.1160       | 0.3308       |             | 2.4677   | 0.447  
160    | 1.2805     | 0.2499     | 0.7577     | 0.2227     | 0.0502     | 0.1368       | 0.2833       |             | 2.4701   | 0.420  
161    | 1.0675     | 0.2321     | 0.6156     | 0.1842     | 0.0356     | 0.1878       | 0.1956       |             | 2.5975   | 0.383  
162    | 0.9952     | 0.2046     | 0.5889     | 0.1668     | 0.0348     | 0.1602       | 0.1994       |             | 2.6022   | 0.360  
163    | 1.0859     | 0.2312     | 0.6518     | 0.1651     | 0.0378     | 0.1196       | 0.2852       |             | 2.6386   | 0.405  
164    | 1.1837     | 0.2455     | 0.7190     | 0.1684     | 0.0508     | 0.1574       | 0.2183       |             | 2.4289   | 0.376  
165    | 1.4902     | 0.3041     | 0.9087     | 0.2222     | 0.0552     | 0.1605       | 0.2661       |             | 2.2447   | 0.427  
166    | 1.5662     | 0.2701     | 0.9926     | 0.2436     | 0.0599     | 0.2904       | 0.2938       |             | 2.1872   | 0.584  
167    | 1.4845     | 0.2767     | 0.9426     | 0.2207     | 0.0446     | 0.1522       | 0.2496       |             | 2.1547   | 0.402  
168    | 1.5145     | 0.2642     | 0.9418     | 0.2545     | 0.0541     | 0.2333       | 0.2532       |             | 2.0508   | 0.487  
169    | 1.4447     | 0.2831     | 0.9031     | 0.2155     | 0.0430     | 0.1953       | 0.2992       |             | 2.0928   | 0.495  
170    | 1.4391     | 0.3292     | 0.8617     | 0.2105     | 0.0377     | 0.1547       | 0.2564       |             | 1.9622   | 0.411  
171    | 1.5482     | 0.3056     | 0.9841     | 0.2249     | 0.0336     | 0.1258       | 0.3706       |             | 1.9406   | 0.496  
172    | 1.6445     | 0.2919     | 1.0805     | 0.2287     | 0.0434     | 0.1223       | 0.2239       |             | 1.9082   | 0.346  
173    | 1.4790     | 0.2366     | 0.9531     | 0.2493     | 0.0401     | 0.1014       | 0.2674       |             | 1.9128   | 0.369  
174    | 1.4880     | 0.2682     | 0.9492     | 0.2207     | 0.0499     | 0.1874       | 0.2486       |             | 1.9881   | 0.436  
175    | 1.5231     | 0.2596     | 0.9932     | 0.2208     | 0.0496     | 0.0827       | 0.2039       |             | 1.8780   | 0.287  
176    | 1.4040     | 0.2529     | 0.9065     | 0.2049     | 0.0397     | 0.0950       | 0.2274       |             | 1.8111   | 0.322  
177    | 1.4414     | 0.2580     | 0.9197     | 0.2236     | 0.0400     | 0.1362       | 0.2851       |             | 1.5617   | 0.421  
178    | 1.6395     | 0.2506     | 1.0832     | 0.2605     | 0.0453     | 0.2688       | 0.2613       |             | 1.6999   | 0.530  
179    | 1.8191     | 0.3046     | 1.1838     | 0.2793     | 0.0514     | 0.1088       | 0.2629       |             | 1.6384   | 0.372  
180    | 1.7653     | 0.2988     | 1.1687     | 0.2467     | 0.0510     | 0.1099       | 0.2367       |             | 1.7362   | 0.347  
181    | 1.9062     | 0.3379     | 1.2675     | 0.2517     | 0.0491     | 0.1065       | 0.1995       |             | 1.8111   | 0.306  
182    | 1.8374     | 0.3052     | 1.2087     | 0.2674     | 0.0561     | 0.1546       | 0.2119       |             | 1.7795   | 0.366  
183    | 1.8485     | 0.3344     | 1.1989     | 0.2652     | 0.0500     | 0.1250       | 0.2162       |             | 1.7159   | 0.341  
184    | 1.8270     | 0.2983     | 1.2074     | 0.2663     | 0.0550     | 0.1268       | 0.2308       |             | 1.7168   | 0.358  
185    | 1.7121     | 0.2742     | 1.1247     | 0.2523     | 0.0609     | 0.1440       | 0.1923       |             | 1.8209   | 0.336  
186    | 1.7008     | 0.2964     | 1.1095     | 0.2470     | 0.0478     | 0.0873       | 0.2450       |             | 1.7373   | 0.332  
187    | 1.6840     | 0.2366     | 1.1657     | 0.2378     | 0.0439     | 0.0829       | 0.2392       |             | 1.6801   | 0.322  
188    | 1.8520     | 0.2715     | 1.2864     | 0.2550     | 0.0391     | 0.0917       | 0.2532       |             | 1.6715   | 0.345  
189    | 1.7774     | 0.2532     | 1.2486     | 0.2385     | 0.0371     | 0.0799       | 0.2187       |             | 1.7040   | 0.299  
190    | 1.6871     | 0.2369     | 1.1566     | 0.2386     | 0.0550     | 0.1035       | 0.2669       |             | 1.8546   | 0.370  
191    | 1.6691     | 0.2234     | 1.1593     | 0.2378     | 0.0486     | 0.0813       | 0.2357       |             | 1.6369   | 0.317  
192    | 2.0846     | 0.2968     | 1.4255     | 0.3042     | 0.0581     | 0.1131       | 0.2511       |             | 1.4637   | 0.364  
193    | 2.0008     | 0.2884     | 1.3523     | 0.2971     | 0.0630     | 0.0934       | 0.2244       |             | 1.5700   | 0.318  
194    | 1.9888     | 0.3130     | 1.3753     | 0.2528     | 0.0476     | 0.1225       | 0.2801       |             | 1.6819   | 0.403  
195    | 2.0903     | 0.3058     | 1.4488     | 0.2909     | 0.0449     | 0.1241       | 0.2247       |             | 1.7409   | 0.349  
196    | 1.9035     | 0.2408     | 1.3801     | 0.2510     | 0.0315     | 0.1021       | 0.2601       |             | 1.6282   | 0.362  
197    | 2.1559     | 0.3110     | 1.4841     | 0.3018     | 0.0591     | 0.1478       | 0.2120       |             | 1.7049   | 0.360  
198    | 1.8649     | 0.2577     | 1.2876     | 0.2674     | 0.0522     | 0.1299       | 0.1848       |             | 1.7215   | 0.315  
199    | 1.9166     | 0.3374     | 1.2544     | 0.2597     | 0.0652     | 0.0724       | 0.1668       |             | 1.6102   | 0.239  
200    | 1.7884     | 0.2640     | 1.2030     | 0.2625     | 0.0589     | 0.0969       | 0.1990       |             | 1.5227   | 0.296  
201    | 1.8595     | 0.2812     | 1.2642     | 0.2664     | 0.0477     | 0.1650       | 0.1828       |             | 1.5959   | 0.348  
202    | 1.8028     | 0.2449     | 1.2798     | 0.2376     | 0.0405     | 0.1012       | 0.1665       |             | 1.6337   | 0.268  
203    | 1.9993     | 0.2822     | 1.4300     | 0.2482     | 0.0390     | 0.1087       | 0.2115       |             | 1.6619   | 0.320  
204    | 2.0350     | 0.3207     | 1.4172     | 0.2603     | 0.0369     | 0.1001       | 0.1950       |             | 1.5439   | 0.295  
205    | 1.7532     | 0.2233     | 1.2458     | 0.2461     | 0.0380     | 0.1088       | 0.1525       |             | 1.6023   | 0.261  
206    | 1.8206     | 0.2753     | 1.2783     | 0.2315     | 0.0355     | 0.0999       | 0.1442       |             | 1.5480   | 0.244  
207    | 1.7348     | 0.2446     | 1.2152     | 0.2213     | 0.0537     | 0.1097       | 0.1429       |             | 1.5885   | 0.253  
208    | 1.7395     | 0.2160     | 1.2360     | 0.2485     | 0.0391     | 0.1203       | 0.1629       |             | 1.5708   | 0.283  
209    | 1.9974     | 0.2545     | 1.4448     | 0.2583     | 0.0399     | 0.1059       | 0.2149       |             | 1.5324   | 0.321  
210    | 1.9706     | 0.2746     | 1.3879     | 0.2583     | 0.0499     | 0.1147       | 0.1803       |             | 1.5943   | 0.295  
211    | 1.9340     | 0.2946     | 1.3634     | 0.2402     | 0.0357     | 0.1243       | 0.1775       |             | 1.6046   | 0.302  
212    | 1.8012     | 0.2446     | 1.2597     | 0.2602     | 0.0367     | 0.1671       | 0.1474       |             | 1.6438   | 0.315  
213    | 1.9221     | 0.2742     | 1.3543     | 0.2493     | 0.0442     | 0.0973       | 0.1558       |             | 1.6561   | 0.253  
214    | 1.7853     | 0.2811     | 1.2298     | 0.2295     | 0.0449     | 0.1187       | 0.1560       |             | 1.6197   | 0.275  
215    | 1.7860     | 0.2653     | 1.2480     | 0.2266     | 0.0461     | 0.1125       | 0.1407       |             | 1.5616   | 0.253  
216    | 1.7242     | 0.1856     | 1.2760     | 0.2276     | 0.0350     | 0.1432       | 0.1375       |             | 1.5101   | 0.281  
217    | 1.7485     | 0.2536     | 1.2197     | 0.2324     | 0.0428     | 0.1511       | 0.1589       |             | 1.6145   | 0.310  
218    | 1.7775     | 0.2650     | 1.2374     | 0.2278     | 0.0472     | 0.1085       | 0.1587       |             | 1.6384   | 0.267  
219    | 2.0132     | 0.3277     | 1.3567     | 0.2760     | 0.0529     | 0.0958       | 0.2101       |             | 1.6232   | 0.306  
220    | 1.9389     | 0.2491     | 1.3606     | 0.2747     | 0.0545     | 0.1126       | 0.1632       |             | 1.5202   | 0.276  
221    | 1.7976     | 0.2976     | 1.2397     | 0.2194     | 0.0409     | 0.0923       | 0.1785       |             | 1.4969   | 0.271  
222    | 1.7682     | 0.2455     | 1.2433     | 0.2308     | 0.0486     | 0.0652       | 0.1579       |             | 1.5813   | 0.223  
223    | 1.9835     | 0.2503     | 1.4224     | 0.2571     | 0.0536     | 0.0762       | 0.1955       |             | 1.4202   | 0.272  
224    | 1.8055     | 0.3153     | 1.2225     | 0.2338     | 0.0339     | 0.0738       | 0.2026       |             | 1.5453   | 0.276  
225    | 1.6603     | 0.2425     | 1.1512     | 0.2300     | 0.0366     | 0.0889       | 0.1346       |             | 1.5012   | 0.223  
226    | 1.7341     | 0.2680     | 1.1955     | 0.2316     | 0.0390     | 0.1094       | 0.1496       |             | 1.4489   | 0.259  
227    | 1.6799     | 0.2250     | 1.2168     | 0.2111     | 0.0269     | 0.1088       | 0.1432       |             | 1.4838   | 0.252  
228    | 1.8587     | 0.2510     | 1.3369     | 0.2298     | 0.0410     | 0.1386       | 0.1668       |             | 1.5295   | 0.305  
229    | 1.8508     | 0.2760     | 1.3182     | 0.2103     | 0.0462     | 0.0971       | 0.1358       |             | 1.4800   | 0.233  
230    | 1.8379     | 0.2712     | 1.3167     | 0.2164     | 0.0336     | 0.1000       | 0.1659       |             | 1.3133   | 0.266  
231    | 2.0313     | 0.2547     | 1.5150     | 0.2225     | 0.0391     | 0.1243       | 0.1711       |             | 1.3418   | 0.295  
232    | 1.9728     | 0.2398     | 1.4730     | 0.2173     | 0.0428     | 0.1072       | 0.1673       |             | 1.4429   | 0.274  
233    | 2.1485     | 0.2673     | 1.5792     | 0.2614     | 0.0406     | 0.0739       | 0.2123       |             | 1.4502   | 0.286  
234    | 2.0682     | 0.3005     | 1.4941     | 0.2327     | 0.0409     | 0.0866       | 0.1814       |             | 1.3638   | 0.268  
235    | 2.0894     | 0.2658     | 1.5430     | 0.2428     | 0.0378     | 0.0909       | 0.1521       |             | 1.4001   | 0.243  
236    | 1.9341     | 0.2530     | 1.3880     | 0.2558     | 0.0374     | 0.1347       | 0.2056       |             | 1.6439   | 0.340  
237    | 2.0408     | 0.3223     | 1.4186     | 0.2669     | 0.0329     | 0.0714       | 0.1992       |             | 1.5264   | 0.271  
238    | 2.0355     | 0.2782     | 1.4598     | 0.2540     | 0.0434     | 0.0604       | 0.1877       |             | 1.4224   | 0.248  
239    | 1.9410     | 0.2923     | 1.3767     | 0.2369     | 0.0350     | 0.0777       | 0.1885       |             | 1.3430   | 0.266  
240    | 1.8235     | 0.2124     | 1.3244     | 0.2417     | 0.0451     | 0.0866       | 0.1775       |             | 1.1860   | 0.264  
241    | 1.8949     | 0.2518     | 1.3547     | 0.2494     | 0.0390     | 0.0820       | 0.1387       |             | 1.2611   | 0.221  
242    | 1.9481     | 0.2639     | 1.4030     | 0.2402     | 0.0411     | 0.0879       | 0.1507       |             | 1.2612   | 0.239  
243    | 2.0248     | 0.2417     | 1.5121     | 0.2324     | 0.0387     | 0.0899       | 0.1794       |             | 1.3853   | 0.269  
244    | 2.0320     | 0.3048     | 1.4405     | 0.2453     | 0.0415     | 0.0916       | 0.2027       |             | 1.4522   | 0.294  
245    | 1.8807     | 0.2931     | 1.3206     | 0.2380     | 0.0290     | 0.1144       | 0.1341       |             | 1.4632   | 0.248  
246    | 1.8127     | 0.2802     | 1.2576     | 0.2316     | 0.0433     | 0.1183       | 0.1749       |             | 1.4529   | 0.293  
247    | 2.0600     | 0.2649     | 1.4853     | 0.2691     | 0.0406     | 0.0802       | 0.1675       |             | 1.4726   | 0.248  
248    | 1.9583     | 0.2708     | 1.4225     | 0.2279     | 0.0372     | 0.0943       | 0.1337       |             | 1.2709   | 0.228  
249    | 1.8937     | 0.2574     | 1.3883     | 0.2128     | 0.0352     | 0.1138       | 0.1728       |             | 1.1439   | 0.287  
250    | 2.1422     | 0.2649     | 1.5675     | 0.2638     | 0.0459     | 0.1198       | 0.2311       |             | 1.1363   | 0.351  
251    | 2.0730     | 0.2849     | 1.4968     | 0.2560     | 0.0354     | 0.0791       | 0.1912       |             | 1.0582   | 0.270  
252    | 2.1277     | 0.2411     | 1.5721     | 0.2833     | 0.0312     | 0.0965       | 0.2152       |             | 1.1113   | 0.312  
253    | 2.2326     | 0.2928     | 1.6376     | 0.2695     | 0.0326     | 0.1217       | 0.2223       |             | 1.1138   | 0.344  
254    | 2.1151     | 0.2926     | 1.5293     | 0.2691     | 0.0241     | 0.1130       | 0.2709       |             | 1.0451   | 0.384  
255    | 2.3544     | 0.3444     | 1.6673     | 0.3026     | 0.0401     | 0.1544       | 0.2233       |             | 1.1129   | 0.378  
256    | 2.3055     | 0.2676     | 1.7025     | 0.2981     | 0.0373     | 0.1083       | 0.2680       |             | 1.1607   | 0.376  
257    | 2.1718     | 0.3087     | 1.5656     | 0.2621     | 0.0354     | 0.0846       | 0.2140       |             | 1.0329   | 0.299  
258    | 2.1528     | 0.2569     | 1.5829     | 0.2756     | 0.0375     | 0.0980       | 0.2149       |             | 1.2335   | 0.313  
259    | 2.2496     | 0.2647     | 1.6985     | 0.2506     | 0.0358     | 0.0782       | 0.2127       |             | 1.2274   | 0.291  
260    | 2.1230     | 0.2850     | 1.5468     | 0.2484     | 0.0429     | 0.0627       | 0.1778       |             | 1.0021   | 0.241  
261    | 2.3178     | 0.2959     | 1.7383     | 0.2473     | 0.0362     | 0.1047       | 0.1677       |             | 0.9300   | 0.272  
262    | 2.3539     | 0.2806     | 1.7769     | 0.2581     | 0.0383     | 0.0760       | 0.1891       |             | 0.9484   | 0.265  
263    | 2.3430     | 0.2829     | 1.7487     | 0.2773     | 0.0341     | 0.1003       | 0.1655       |             | 1.0502   | 0.266  
264    | 2.3887     | 0.3410     | 1.7484     | 0.2563     | 0.0430     | 0.0904       | 0.2225       |             | 1.0512   | 0.313  
265    | 2.3474     | 0.3077     | 1.7385     | 0.2648     | 0.0365     | 0.1498       | 0.2171       |             | 1.2418   | 0.367  
266    | 2.3992     | 0.3720     | 1.7064     | 0.2895     | 0.0314     | 0.0873       | 0.1881       |             | 1.1976   | 0.275  
267    | 2.3038     | 0.3221     | 1.6727     | 0.2781     | 0.0309     | 0.0944       | 0.1902       |             | 1.1826   | 0.285  
268    | 2.4295     | 0.2947     | 1.8092     | 0.2888     | 0.0368     | 0.1041       | 0.2488       |             | 1.1193   | 0.353  
269    | 2.4875     | 0.2995     | 1.8549     | 0.3028     | 0.0303     | 0.1437       | 0.2613       |             | 1.1954   | 0.405  
270    | 2.5397     | 0.3373     | 1.8720     | 0.3003     | 0.0301     | 0.0975       | 0.2658       |             | 1.1598   | 0.363  
271    | 2.3764     | 0.3051     | 1.7554     | 0.2727     | 0.0432     | 0.0955       | 0.1941       |             | 1.0565   | 0.290  
272    | 2.1239     | 0.2362     | 1.6170     | 0.2443     | 0.0264     | 0.0969       | 0.2006       |             | 1.0044   | 0.297  
273    | 2.6065     | 0.3629     | 1.9125     | 0.2954     | 0.0357     | 0.1107       | 0.2408       |             | 0.9635   | 0.351  
274    | 2.6629     | 0.3863     | 1.9701     | 0.2784     | 0.0281     | 0.0970       | 0.2556       |             | 0.9854   | 0.353  
275    | 2.6575     | 0.3281     | 2.0062     | 0.2978     | 0.0254     | 0.1491       | 0.2428       |             | 1.0036   | 0.392  
276    | 2.4714     | 0.3257     | 1.8229     | 0.2896     | 0.0331     | 0.0985       | 0.1915       |             | 0.9767   | 0.290  
277    | 2.3992     | 0.2441     | 1.8276     | 0.2957     | 0.0318     | 0.1092       | 0.2318       |             | 1.0279   | 0.341  
278    | 2.6243     | 0.3518     | 1.9422     | 0.2944     | 0.0359     | 0.0872       | 0.2291       |             | 1.1091   | 0.316  
279    | 2.6638     | 0.2590     | 2.0786     | 0.2956     | 0.0306     | 0.0855       | 0.2347       |             | 1.1758   | 0.320  
280    | 2.4797     | 0.2960     | 1.9006     | 0.2503     | 0.0329     | 0.1206       | 0.1612       |             | 1.2560   | 0.282  
281    | 2.5158     | 0.3097     | 1.9084     | 0.2682     | 0.0295     | 0.1324       | 0.2044       |             | 1.2712   | 0.337  
282    | 2.3472     | 0.2297     | 1.8062     | 0.2750     | 0.0363     | 0.0873       | 0.1870       |             | 1.3127   | 0.274  
283    | 2.3860     | 0.3084     | 1.8008     | 0.2516     | 0.0252     | 0.0939       | 0.2340       |             | 1.1857   | 0.328  
284    | 2.5582     | 0.2919     | 1.9705     | 0.2717     | 0.0241     | 0.0797       | 0.2255       |             | 1.1888   | 0.305  
285    | 2.4970     | 0.3060     | 1.8708     | 0.2867     | 0.0334     | 0.1053       | 0.2198       |             | 1.1482   | 0.325  
286    | 2.6069     | 0.2997     | 1.9736     | 0.2970     | 0.0366     | 0.1900       | 0.2675       |             | 1.1514   | 0.457  
287    | 3.0878     | 0.3739     | 2.3439     | 0.3309     | 0.0390     | 0.1013       | 0.2437       |             | 1.1880   | 0.345  
288    | 2.7190     | 0.2988     | 2.0989     | 0.2843     | 0.0371     | 0.1065       | 0.2158       |             | 1.2111   | 0.322  
289    | 2.8060     | 0.3384     | 2.1635     | 0.2719     | 0.0323     | 0.1887       | 0.2369       |             | 1.1786   | 0.426  
290    | 2.7941     | 0.3648     | 2.0994     | 0.2882     | 0.0417     | 0.1075       | 0.1701       |             | 1.3333   | 0.278  
291    | 2.8178     | 0.3902     | 2.0978     | 0.2888     | 0.0410     | 0.1238       | 0.2186       |             | 1.2668   | 0.342  
292    | 2.7070     | 0.3144     | 2.0711     | 0.2889     | 0.0327     | 0.1358       | 0.2663       |             | 1.0905   | 0.402  
293    | 2.8393     | 0.3089     | 2.1810     | 0.3116     | 0.0378     | 0.0898       | 0.2504       |             | 1.0363   | 0.340  
294    | 2.8482     | 0.3327     | 2.1829     | 0.2999     | 0.0326     | 0.0954       | 0.2581       |             | 1.0664   | 0.353  
295    | 2.9202     | 0.4139     | 2.1786     | 0.2915     | 0.0361     | 0.0633       | 0.2376       |             | 0.9595   | 0.301  
296    | 2.6660     | 0.3400     | 2.0299     | 0.2675     | 0.0286     | 0.0838       | 0.2431       |             | 1.0181   | 0.327  
297    | 2.6815     | 0.3010     | 2.0725     | 0.2805     | 0.0275     | 0.0815       | 0.2154       |             | 0.9493   | 0.297  
298    | 2.5856     | 0.3039     | 1.9947     | 0.2625     | 0.0246     | 0.1200       | 0.2094       |             | 0.9283   | 0.329  
299    | 2.4148     | 0.3090     | 1.8331     | 0.2500     | 0.0227     | 0.1291       | 0.2148       |             | 0.8976   | 0.344  
300    | 2.6228     | 0.3340     | 1.9756     | 0.2852     | 0.0280     | 0.1017       | 0.2359       |             | 0.9938   | 0.338  
301    | 2.5167     | 0.3197     | 1.9337     | 0.2370     | 0.0263     | 0.1120       | 0.1813       | (saved)     | 1.0168   | 0.293  
302    | 2.4609     | 0.3149     | 1.8602     | 0.2566     | 0.0292     | 0.0589       | 0.1687       | (saved)     | 0.9698   | 0.228  
303    | 2.4732     | 0.2856     | 1.9121     | 0.2440     | 0.0315     | 0.0739       | 0.1639       |             | 0.9221   | 0.238  
304    | 2.4971     | 0.2996     | 1.9238     | 0.2451     | 0.0286     | 0.0552       | 0.1873       |             | 0.9120   | 0.242  
305    | 2.5040     | 0.2939     | 1.9021     | 0.2742     | 0.0338     | 0.0924       | 0.1636       |             | 1.0004   | 0.256  
306    | 2.4352     | 0.2764     | 1.8849     | 0.2467     | 0.0272     | 0.0742       | 0.1747       |             | 0.8721   | 0.249  
307    | 2.3506     | 0.2698     | 1.8165     | 0.2350     | 0.0293     | 0.0755       | 0.1534       |             | 0.9744   | 0.229  
308    | 2.4612     | 0.3085     | 1.8959     | 0.2228     | 0.0339     | 0.0851       | 0.1367       | (saved)     | 1.0178   | 0.222  
309    | 2.5356     | 0.3248     | 1.9161     | 0.2573     | 0.0374     | 0.0956       | 0.1495       |             | 1.0198   | 0.245  
310    | 2.3970     | 0.2614     | 1.8657     | 0.2342     | 0.0358     | 0.0978       | 0.1559       |             | 0.9992   | 0.254  
311    | 2.5778     | 0.3305     | 1.9855     | 0.2287     | 0.0331     | 0.1028       | 0.1214       |             | 1.0333   | 0.224  
312    | 2.5839     | 0.3210     | 1.9727     | 0.2566     | 0.0336     | 0.0661       | 0.1789       |             | 1.0287   | 0.245  
313    | 2.4186     | 0.2927     | 1.8625     | 0.2344     | 0.0290     | 0.0814       | 0.1547       |             | 0.9923   | 0.236  
314    | 2.4468     | 0.3003     | 1.8646     | 0.2490     | 0.0329     | 0.0845       | 0.1342       | (saved)     | 1.0021   | 0.219  
315    | 2.2831     | 0.2797     | 1.7503     | 0.2165     | 0.0365     | 0.0830       | 0.1331       | (saved)     | 0.9601   | 0.216  
316    | 2.3680     | 0.2832     | 1.8341     | 0.2237     | 0.0270     | 0.0877       | 0.1597       |             | 0.9033   | 0.247  
317    | 2.4387     | 0.3422     | 1.8466     | 0.2216     | 0.0284     | 0.0812       | 0.1688       |             | 0.9082   | 0.250  
318    | 2.5712     | 0.3209     | 1.9619     | 0.2548     | 0.0336     | 0.0857       | 0.1379       |             | 0.8878   | 0.224  
319    | 2.4805     | 0.3154     | 1.8930     | 0.2409     | 0.0312     | 0.0982       | 0.1880       |             | 0.8864   | 0.286  
320    | 2.5693     | 0.3181     | 1.9817     | 0.2416     | 0.0279     | 0.0965       | 0.1580       |             | 0.9438   | 0.254  
321    | 2.6621     | 0.3214     | 2.0444     | 0.2612     | 0.0351     | 0.0896       | 0.2055       |             | 0.9282   | 0.295  
322    | 2.6002     | 0.3086     | 2.0200     | 0.2459     | 0.0258     | 0.0971       | 0.1662       |             | 1.0407   | 0.263  
323    | 2.3316     | 0.2788     | 1.8185     | 0.2040     | 0.0303     | 0.0847       | 0.1854       |             | 1.0224   | 0.270  
324    | 2.4791     | 0.3394     | 1.8698     | 0.2398     | 0.0301     | 0.1164       | 0.1590       |             | 1.1478   | 0.275  
325    | 2.6611     | 0.2673     | 2.0809     | 0.2779     | 0.0350     | 0.1214       | 0.2525       |             | 1.1749   | 0.374  
326    | 2.7890     | 0.2993     | 2.1766     | 0.2797     | 0.0334     | 0.1134       | 0.1947       |             | 1.2322   | 0.308  
327    | 2.7816     | 0.3311     | 2.1553     | 0.2659     | 0.0293     | 0.0717       | 0.1816       |             | 1.1410   | 0.253  
328    | 2.4770     | 0.2917     | 1.9147     | 0.2434     | 0.0271     | 0.0698       | 0.1629       |             | 1.0975   | 0.233  
329    | 2.3597     | 0.2861     | 1.8383     | 0.2082     | 0.0273     | 0.0723       | 0.1517       |             | 1.1252   | 0.224  
330    | 2.2915     | 0.2893     | 1.7646     | 0.2011     | 0.0364     | 0.0848       | 0.1331       |             | 1.1732   | 0.218  
331    | 2.3012     | 0.2725     | 1.7986     | 0.1995     | 0.0306     | 0.0740       | 0.1286       | (saved)     | 1.1942   | 0.203  
332    | 2.1936     | 0.2610     | 1.6986     | 0.2093     | 0.0246     | 0.0845       | 0.1421       |             | 1.1882   | 0.227  
333    | 2.4126     | 0.3251     | 1.8415     | 0.2157     | 0.0303     | 0.0683       | 0.1739       |             | 1.1441   | 0.242  
334    | 2.3226     | 0.2805     | 1.7997     | 0.2171     | 0.0253     | 0.0710       | 0.1428       |             | 1.1287   | 0.214  
335    | 2.4101     | 0.3099     | 1.8415     | 0.2292     | 0.0295     | 0.0836       | 0.2054       |             | 1.1066   | 0.289  
336    | 2.2742     | 0.2604     | 1.7530     | 0.2252     | 0.0355     | 0.0974       | 0.1665       |             | 1.1084   | 0.264  
337    | 2.3009     | 0.2388     | 1.8127     | 0.2233     | 0.0262     | 0.0808       | 0.1650       |             | 1.1090   | 0.246  
338    | 2.4106     | 0.3159     | 1.8550     | 0.2141     | 0.0256     | 0.0661       | 0.1652       |             | 1.1014   | 0.231  
339    | 2.4886     | 0.2703     | 1.9483     | 0.2407     | 0.0293     | 0.0805       | 0.1893       |             | 1.0563   | 0.270  
340    | 2.4327     | 0.2668     | 1.9031     | 0.2423     | 0.0205     | 0.0818       | 0.1549       |             | 1.1180   | 0.237  
341    | 2.2092     | 0.2184     | 1.7602     | 0.2102     | 0.0203     | 0.1032       | 0.1620       |             | 1.0565   | 0.265  
342    | 2.4744     | 0.2868     | 1.9351     | 0.2290     | 0.0235     | 0.0985       | 0.1425       |             | 1.0381   | 0.241  
343    | 2.4620     | 0.2937     | 1.9001     | 0.2390     | 0.0293     | 0.1176       | 0.1706       |             | 1.1513   | 0.288  
344    | 2.3778     | 0.2744     | 1.8477     | 0.2290     | 0.0268     | 0.0773       | 0.1371       |             | 1.1109   | 0.214  
345    | 2.2870     | 0.2259     | 1.8147     | 0.2221     | 0.0242     | 0.0877       | 0.1182       |             | 1.0920   | 0.206  
346    | 2.3229     | 0.2721     | 1.8040     | 0.2160     | 0.0308     | 0.0991       | 0.1464       |             | 1.1865   | 0.245  
347    | 2.3017     | 0.2902     | 1.7769     | 0.2108     | 0.0238     | 0.0911       | 0.1719       |             | 1.1285   | 0.263  
348    | 2.5246     | 0.2813     | 1.9636     | 0.2488     | 0.0310     | 0.0934       | 0.2006       |             | 1.1340   | 0.294  
349    | 2.7147     | 0.3565     | 2.0618     | 0.2657     | 0.0306     | 0.0974       | 0.2082       |             | 1.1032   | 0.306  
350    | 2.3683     | 0.2293     | 1.8565     | 0.2616     | 0.0209     | 0.1218       | 0.1805       |             | 1.3219   | 0.302  
351    | 2.7460     | 0.4042     | 2.0270     | 0.2810     | 0.0338     | 0.1041       | 0.2372       |             | 1.2937   | 0.341  
352    | 2.7071     | 0.2998     | 2.1181     | 0.2556     | 0.0336     | 0.0989       | 0.1761       |             | 1.2975   | 0.275  
353    | 2.4798     | 0.2301     | 1.9688     | 0.2465     | 0.0344     | 0.0815       | 0.1667       |             | 1.1726   | 0.248  
354    | 2.5848     | 0.2664     | 2.0374     | 0.2536     | 0.0273     | 0.1337       | 0.2218       |             | 1.2628   | 0.355  
355    | 2.6995     | 0.3049     | 2.1068     | 0.2550     | 0.0328     | 0.1442       | 0.1749       |             | 1.2571   | 0.319  
356    | 2.5874     | 0.3151     | 2.0278     | 0.2186     | 0.0260     | 0.1041       | 0.1793       |             | 1.1905   | 0.283  
357    | 2.7867     | 0.3638     | 2.1457     | 0.2515     | 0.0256     | 0.1076       | 0.2055       |             | 1.0964   | 0.313  
358    | 2.5640     | 0.3483     | 1.9488     | 0.2384     | 0.0285     | 0.0924       | 0.2025       |             | 1.1475   | 0.295  
359    | 2.5094     | 0.2884     | 1.9632     | 0.2334     | 0.0243     | 0.0654       | 0.1919       |             | 1.1397   | 0.257  
360    | 2.5195     | 0.2374     | 2.0225     | 0.2306     | 0.0291     | 0.1046       | 0.1664       |             | 1.0669   | 0.271  
361    | 2.6331     | 0.3519     | 2.0189     | 0.2376     | 0.0248     | 0.0897       | 0.1763       |             | 1.2211   | 0.266  
362    | 2.6835     | 0.2705     | 2.1466     | 0.2411     | 0.0252     | 0.1142       | 0.1950       |             | 1.2968   | 0.309  
363    | 2.5280     | 0.2917     | 1.9746     | 0.2186     | 0.0431     | 0.1055       | 0.1677       |             | 1.3417   | 0.273  
364    | 2.5098     | 0.2827     | 1.9719     | 0.2240     | 0.0311     | 0.1111       | 0.2376       |             | 1.2252   | 0.349  
365    | 2.6568     | 0.3160     | 2.0480     | 0.2555     | 0.0373     | 0.0949       | 0.1971       |             | 1.1486   | 0.292  
366    | 2.5493     | 0.2634     | 2.0047     | 0.2495     | 0.0317     | 0.1140       | 0.2274       |             | 1.2607   | 0.341  
367    | 2.7486     | 0.2840     | 2.1733     | 0.2521     | 0.0392     | 0.1026       | 0.1970       |             | 1.2296   | 0.300  
368    | 2.7966     | 0.3046     | 2.1894     | 0.2686     | 0.0339     | 0.0886       | 0.2394       |             | 1.1784   | 0.328  
369    | 2.8199     | 0.3381     | 2.1935     | 0.2573     | 0.0310     | 0.0885       | 0.1682       |             | 1.0960   | 0.257  
370    | 2.8275     | 0.3294     | 2.1925     | 0.2732     | 0.0324     | 0.1007       | 0.1849       |             | 1.1569   | 0.286  
371    | 2.6338     | 0.3032     | 2.0464     | 0.2506     | 0.0337     | 0.1262       | 0.1709       |             | 1.1455   | 0.297  
372    | 2.6239     | 0.2788     | 2.0852     | 0.2286     | 0.0312     | 0.0751       | 0.1607       |             | 1.1079   | 0.236  
373    | 2.4297     | 0.2316     | 1.9487     | 0.2203     | 0.0291     | 0.1043       | 0.1564       |             | 1.1551   | 0.261  
374    | 2.5779     | 0.3406     | 2.0049     | 0.2060     | 0.0264     | 0.1639       | 0.1327       |             | 1.1582   | 0.297  
375    | 2.4434     | 0.2957     | 1.8902     | 0.2347     | 0.0228     | 0.1180       | 0.1759       |             | 1.2191   | 0.294  
376    | 2.4872     | 0.2481     | 1.9687     | 0.2451     | 0.0253     | 0.0851       | 0.1550       |             | 1.1815   | 0.240  
377    | 2.5237     | 0.2889     | 1.9884     | 0.2162     | 0.0302     | 0.0863       | 0.1470       |             | 1.1760   | 0.233  
378    | 2.5257     | 0.2733     | 2.0232     | 0.2036     | 0.0256     | 0.0616       | 0.1226       | (saved)     | 1.1775   | 0.184  
379    | 2.4005     | 0.2125     | 1.9727     | 0.1931     | 0.0223     | 0.2575       | 0.1573       |             | 1.1935   | 0.415  
380    | 2.5248     | 0.2805     | 1.9876     | 0.2313     | 0.0255     | 0.1482       | 0.1665       |             | 1.1687   | 0.315  
381    | 2.5124     | 0.2865     | 1.9801     | 0.2089     | 0.0369     | 0.0694       | 0.1488       |             | 1.1882   | 0.218  
382    | 2.4198     | 0.2754     | 1.9192     | 0.2067     | 0.0184     | 0.0925       | 0.1370       |             | 1.2092   | 0.230  
383    | 2.4946     | 0.2579     | 1.9787     | 0.2205     | 0.0375     | 0.0847       | 0.1696       |             | 1.2958   | 0.254  
384    | 2.6263     | 0.2967     | 2.0596     | 0.2377     | 0.0322     | 0.0673       | 0.1700       |             | 1.2048   | 0.237  
385    | 2.6528     | 0.3297     | 2.0827     | 0.2157     | 0.0247     | 0.0702       | 0.1667       |             | 1.1079   | 0.237  
386    | 2.6548     | 0.2607     | 2.1087     | 0.2459     | 0.0396     | 0.0585       | 0.1799       |             | 1.1009   | 0.238  
387    | 2.6653     | 0.3151     | 2.0826     | 0.2272     | 0.0404     | 0.1186       | 0.1185       |             | 1.1862   | 0.237  
388    | 2.4151     | 0.2355     | 1.9529     | 0.1982     | 0.0284     | 0.0808       | 0.1436       |             | 1.1514   | 0.224  
389    | 2.5166     | 0.3315     | 1.9475     | 0.2043     | 0.0332     | 0.0988       | 0.1541       |             | 1.1614   | 0.253  
390    | 2.4492     | 0.2267     | 1.9702     | 0.2255     | 0.0268     | 0.0755       | 0.1599       |             | 1.2105   | 0.235  
391    | 2.4090     | 0.2645     | 1.9182     | 0.2004     | 0.0258     | 0.0883       | 0.1207       |             | 1.1038   | 0.209  
392    | 2.4067     | 0.2806     | 1.8940     | 0.2031     | 0.0290     | 0.0611       | 0.1467       |             | 1.1959   | 0.208  
393    | 2.4461     | 0.3492     | 1.8742     | 0.1963     | 0.0264     | 0.0604       | 0.1334       |             | 1.1853   | 0.194  
394    | 2.3877     | 0.2589     | 1.9013     | 0.1986     | 0.0289     | 0.1045       | 0.1398       |             | 1.1387   | 0.244  
395    | 2.4316     | 0.2723     | 1.9240     | 0.2052     | 0.0302     | 0.0907       | 0.1192       |             | 1.1809   | 0.210  
396    | 2.3213     | 0.2256     | 1.8654     | 0.2067     | 0.0236     | 0.1007       | 0.1129       |             | 1.1963   | 0.214  
397    | 2.3776     | 0.2158     | 1.9307     | 0.2034     | 0.0277     | 0.1166       | 0.1205       |             | 1.2284   | 0.237  
398    | 2.5512     | 0.2746     | 2.0351     | 0.2058     | 0.0357     | 0.0736       | 0.1094       | (saved)     | 1.1780   | 0.183  
399    | 2.4817     | 0.2767     | 1.9796     | 0.2005     | 0.0249     | 0.0794       | 0.1247       |             | 1.1572   | 0.204  
400    | 2.4891     | 0.2715     | 1.9759     | 0.2097     | 0.0319     | 0.1190       | 0.1495       |             | 1.1170   | 0.268  
401    | 2.6094     | 0.3107     | 2.0688     | 0.2065     | 0.0233     | 0.0836       | 0.1346       |             | 1.1122   | 0.218  
402    | 2.5379     | 0.3049     | 1.9922     | 0.2103     | 0.0305     | 0.0676       | 0.1120       | (saved)     | 1.1253   | 0.180  
403    | 2.4587     | 0.2271     | 2.0001     | 0.2077     | 0.0238     | 0.0779       | 0.1506       |             | 1.1046   | 0.229  
404    | 2.6103     | 0.2425     | 2.1001     | 0.2362     | 0.0315     | 0.0643       | 0.1730       |             | 1.1548   | 0.237  
405    | 2.7042     | 0.2930     | 2.1486     | 0.2282     | 0.0343     | 0.0706       | 0.1608       |             | 1.2552   | 0.231  
406    | 2.4865     | 0.2616     | 1.9722     | 0.2137     | 0.0391     | 0.0863       | 0.1576       |             | 1.2025   | 0.244  
407    | 2.5487     | 0.3229     | 1.9555     | 0.2280     | 0.0424     | 0.0844       | 0.1505       |             | 1.1750   | 0.235  
408    | 2.5133     | 0.2966     | 1.9585     | 0.2268     | 0.0314     | 0.0991       | 0.1722       |             | 1.2647   | 0.271  
409    | 2.3933     | 0.3170     | 1.8364     | 0.2107     | 0.0292     | 0.0776       | 0.1691       |             | 1.2725   | 0.247  
410    | 2.3380     | 0.2724     | 1.8455     | 0.1924     | 0.0277     | 0.0856       | 0.1349       |             | 1.2166   | 0.220  
411    | 2.4899     | 0.2880     | 1.9601     | 0.2143     | 0.0275     | 0.0928       | 0.1203       |             | 1.1803   | 0.213  
412    | 2.4517     | 0.2388     | 1.9872     | 0.2066     | 0.0191     | 0.0807       | 0.1212       |             | 1.2180   | 0.202  
413    | 2.4889     | 0.2767     | 1.9720     | 0.2141     | 0.0261     | 0.0810       | 0.1280       |             | 1.2589   | 0.209  
414    | 2.4671     | 0.2456     | 2.0059     | 0.1896     | 0.0260     | 0.1056       | 0.1459       |             | 1.2479   | 0.252  
415    | 2.7143     | 0.3196     | 2.1541     | 0.2142     | 0.0265     | 0.0905       | 0.1316       |             | 1.2784   | 0.222  
416    | 2.7049     | 0.3015     | 2.1733     | 0.2021     | 0.0280     | 0.1065       | 0.1664       |             | 1.2248   | 0.273  
417    | 2.7180     | 0.2928     | 2.1717     | 0.2245     | 0.0289     | 0.1116       | 0.1908       |             | 1.1722   | 0.302  
418    | 2.4263     | 0.2738     | 1.9100     | 0.2162     | 0.0263     | 0.0895       | 0.1379       |             | 1.1871   | 0.227  
419    | 2.2972     | 0.2948     | 1.7910     | 0.1883     | 0.0231     | 0.0848       | 0.1100       |             | 1.1612   | 0.195  
420    | 2.1323     | 0.2371     | 1.7039     | 0.1690     | 0.0223     | 0.0780       | 0.1328       |             | 1.1758   | 0.211  
421    | 2.2388     | 0.3138     | 1.7279     | 0.1739     | 0.0232     | 0.0777       | 0.1098       |             | 1.1899   | 0.188  
422    | 2.1697     | 0.2229     | 1.7548     | 0.1674     | 0.0247     | 0.0935       | 0.1360       |             | 1.1635   | 0.229  
423    | 2.2933     | 0.2488     | 1.8481     | 0.1769     | 0.0194     | 0.1027       | 0.1204       |             | 1.1678   | 0.223  
424    | 2.3579     | 0.3066     | 1.8434     | 0.1834     | 0.0245     | 0.0899       | 0.1118       |             | 1.1998   | 0.202  
425    | 2.3034     | 0.2820     | 1.8151     | 0.1826     | 0.0238     | 0.0911       | 0.1344       |             | 1.2198   | 0.226  
426    | 2.2866     | 0.2571     | 1.8253     | 0.1828     | 0.0214     | 0.0874       | 0.1504       |             | 1.2183   | 0.238  
427    | 2.2639     | 0.2508     | 1.8146     | 0.1776     | 0.0209     | 0.0662       | 0.1287       |             | 1.1817   | 0.195  
428    | 2.2071     | 0.2349     | 1.7759     | 0.1749     | 0.0214     | 0.0964       | 0.1425       |             | 1.1725   | 0.239  
429    | 2.3535     | 0.2469     | 1.8663     | 0.2154     | 0.0249     | 0.0878       | 0.1506       |             | 1.2230   | 0.238  
430    | 2.3389     | 0.2338     | 1.8891     | 0.1966     | 0.0194     | 0.1195       | 0.1533       |             | 1.1393   | 0.273  
431    | 2.3621     | 0.1992     | 1.9367     | 0.2057     | 0.0205     | 0.1036       | 0.1759       |             | 1.1601   | 0.279  
432    | 2.6287     | 0.2773     | 2.1034     | 0.2161     | 0.0320     | 0.0838       | 0.1658       |             | 1.2198   | 0.250  
433    | 2.5563     | 0.2557     | 2.0527     | 0.2232     | 0.0247     | 0.0775       | 0.1636       |             | 1.2242   | 0.241  
434    | 2.4462     | 0.2487     | 1.9816     | 0.1929     | 0.0231     | 0.1096       | 0.1455       |             | 1.2121   | 0.255  
435    | 2.3862     | 0.2492     | 1.9126     | 0.1884     | 0.0359     | 0.0891       | 0.0987       |             | 1.2130   | 0.188  
436    | 2.3162     | 0.2605     | 1.8442     | 0.1834     | 0.0281     | 0.0949       | 0.1198       |             | 1.1986   | 0.215  
437    | 2.4122     | 0.2928     | 1.8870     | 0.2030     | 0.0294     | 0.1010       | 0.1128       |             | 1.1825   | 0.214  
438    | 2.2815     | 0.2450     | 1.8197     | 0.1889     | 0.0279     | 0.0953       | 0.1111       |             | 1.1760   | 0.206  
439    | 2.5002     | 0.2803     | 1.9941     | 0.1926     | 0.0331     | 0.1381       | 0.1273       |             | 1.2372   | 0.265  
440    | 2.5271     | 0.2566     | 2.0609     | 0.1845     | 0.0251     | 0.0939       | 0.1509       |             | 1.1838   | 0.245  
441    | 2.4695     | 0.2732     | 1.9887     | 0.1881     | 0.0195     | 0.0783       | 0.1384       |             | 1.1691   | 0.217  
442    | 2.3288     | 0.2112     | 1.9087     | 0.1809     | 0.0280     | 0.0976       | 0.1271       |             | 1.1348   | 0.225  
443    | 2.3018     | 0.2364     | 1.8721     | 0.1632     | 0.0301     | 0.1488       | 0.1307       |             | 1.1394   | 0.279  
444    | 2.3706     | 0.2801     | 1.8950     | 0.1718     | 0.0236     | 0.1272       | 0.0872       |             | 1.1641   | 0.214  
445    | 2.2713     | 0.2580     | 1.8303     | 0.1646     | 0.0184     | 0.0972       | 0.1235       |             | 1.1866   | 0.221  
446    | 2.3482     | 0.2631     | 1.8865     | 0.1767     | 0.0218     | 0.0895       | 0.1246       |             | 1.2106   | 0.214  
447    | 2.4383     | 0.2146     | 2.0175     | 0.1776     | 0.0287     | 0.1001       | 0.1233       |             | 1.1984   | 0.223  
448    | 2.4124     | 0.2361     | 1.9636     | 0.1866     | 0.0262     | 0.0816       | 0.1404       |             | 1.1541   | 0.222  
449    | 2.4990     | 0.3045     | 1.9821     | 0.1862     | 0.0261     | 0.0847       | 0.1498       |             | 1.2190   | 0.235  
450    | 2.4084     | 0.2769     | 1.9095     | 0.1881     | 0.0339     | 0.1049       | 0.1352       |             | 1.1280   | 0.240  
451    | 2.3466     | 0.2783     | 1.8655     | 0.1783     | 0.0245     | 0.0861       | 0.1168       |             | 1.1329   | 0.203  
452    | 2.2857     | 0.2611     | 1.8229     | 0.1818     | 0.0199     | 0.1140       | 0.1045       |             | 1.1590   | 0.218  
453    | 2.2495     | 0.2834     | 1.7596     | 0.1808     | 0.0256     | 0.1253       | 0.0963       |             | 1.1660   | 0.222  
454    | 2.2078     | 0.2316     | 1.7738     | 0.1803     | 0.0221     | 0.0982       | 0.0860       |             | 1.1579   | 0.184  
455    | 2.3352     | 0.3069     | 1.8192     | 0.1837     | 0.0254     | 0.0988       | 0.1144       |             | 1.2399   | 0.213  
456    | 2.3352     | 0.2379     | 1.8897     | 0.1864     | 0.0213     | 0.0760       | 0.0965       | (saved)     | 1.1406   | 0.172  
457    | 2.3463     | 0.2683     | 1.8594     | 0.1908     | 0.0278     | 0.0810       | 0.1042       |             | 1.1396   | 0.185  
458    | 2.3873     | 0.2984     | 1.8962     | 0.1663     | 0.0264     | 0.0880       | 0.1129       |             | 1.1572   | 0.201  
459    | 2.4988     | 0.2785     | 2.0116     | 0.1838     | 0.0249     | 0.0792       | 0.1323       |             | 1.1584   | 0.211  
460    | 2.4481     | 0.2912     | 1.9540     | 0.1750     | 0.0279     | 0.1064       | 0.1077       |             | 1.1406   | 0.214  
461    | 2.3556     | 0.3155     | 1.8417     | 0.1720     | 0.0264     | 0.0729       | 0.1178       |             | 1.1324   | 0.191  
462    | 2.4299     | 0.2774     | 1.9323     | 0.1903     | 0.0300     | 0.0946       | 0.1166       |             | 1.1563   | 0.211  
463    | 2.5185     | 0.3026     | 1.9670     | 0.2085     | 0.0405     | 0.1016       | 0.1037       |             | 1.1668   | 0.205  
464    | 2.4168     | 0.2850     | 1.9146     | 0.1843     | 0.0329     | 0.0743       | 0.1147       |             | 1.1927   | 0.189  
465    | 2.3255     | 0.2297     | 1.8657     | 0.1984     | 0.0317     | 0.1365       | 0.1213       |             | 1.2237   | 0.258  
466    | 2.4871     | 0.2869     | 1.9822     | 0.1920     | 0.0259     | 0.0774       | 0.1546       |             | 1.2607   | 0.232  
467    | 2.6314     | 0.3493     | 2.0459     | 0.2105     | 0.0257     | 0.0925       | 0.1434       |             | 1.1546   | 0.236  
468    | 2.4830     | 0.3182     | 1.9213     | 0.2155     | 0.0280     | 0.0940       | 0.1328       |             | 1.1629   | 0.227  
469    | 2.4731     | 0.1996     | 2.0297     | 0.2145     | 0.0293     | 0.0895       | 0.1667       |             | 1.1475   | 0.256  
470    | 2.5495     | 0.2363     | 2.0718     | 0.2100     | 0.0314     | 0.0983       | 0.1435       |             | 1.2991   | 0.242  
471    | 2.5976     | 0.2123     | 2.1355     | 0.2051     | 0.0448     | 0.1040       | 0.1207       |             | 1.1334   | 0.225  
472    | 2.6243     | 0.3032     | 2.0974     | 0.1899     | 0.0338     | 0.0677       | 0.1243       |             | 1.1702   | 0.192  
473    | 2.5161     | 0.2711     | 2.0325     | 0.1930     | 0.0195     | 0.0555       | 0.1176       |             | 1.1402   | 0.173  
474    | 2.4993     | 0.2808     | 2.0140     | 0.1847     | 0.0198     | 0.0788       | 0.1144       |             | 1.1055   | 0.193  
475    | 2.3822     | 0.2847     | 1.9022     | 0.1691     | 0.0263     | 0.0624       | 0.1097       | (saved)     | 1.1494   | 0.172  
476    | 2.2102     | 0.2095     | 1.8215     | 0.1596     | 0.0196     | 0.0870       | 0.1030       |             | 1.1507   | 0.190  
477    | 2.3206     | 0.2870     | 1.8251     | 0.1872     | 0.0213     | 0.0971       | 0.1337       |             | 1.1090   | 0.231  
478    | 2.4082     | 0.2628     | 1.9453     | 0.1763     | 0.0237     | 0.0783       | 0.1218       |             | 1.1285   | 0.200  
479    | 2.3326     | 0.2780     | 1.8355     | 0.1839     | 0.0352     | 0.0631       | 0.1180       |             | 1.1504   | 0.181  
480    | 2.3746     | 0.2583     | 1.9092     | 0.1749     | 0.0322     | 0.0592       | 0.1149       |             | 1.1513   | 0.174  
481    | 2.3251     | 0.2169     | 1.9039     | 0.1791     | 0.0252     | 0.0640       | 0.1197       |             | 1.1505   | 0.184  
482    | 2.4037     | 0.2737     | 1.9234     | 0.1803     | 0.0263     | 0.0802       | 0.0967       |             | 1.1216   | 0.177  
483    | 2.2357     | 0.1945     | 1.8442     | 0.1770     | 0.0201     | 0.0763       | 0.0990       |             | 1.1418   | 0.175  
484    | 2.2652     | 0.2657     | 1.7840     | 0.1853     | 0.0302     | 0.0638       | 0.0977       | (saved)     | 1.1496   | 0.161  
485    | 2.2114     | 0.2428     | 1.7643     | 0.1774     | 0.0269     | 0.0638       | 0.1038       |             | 1.1394   | 0.168  
486    | 2.1680     | 0.2290     | 1.7588     | 0.1565     | 0.0236     | 0.0632       | 0.1028       |             | 1.1474   | 0.166  
487    | 2.2831     | 0.2683     | 1.8197     | 0.1694     | 0.0256     | 0.0830       | 0.1004       |             | 1.1338   | 0.183  
488    | 2.3830     | 0.3419     | 1.8475     | 0.1678     | 0.0258     | 0.0744       | 0.0973       |             | 1.1194   | 0.172  
489    | 2.3878     | 0.3118     | 1.8895     | 0.1578     | 0.0287     | 0.0901       | 0.0860       |             | 1.1364   | 0.176  
490    | 2.3223     | 0.2797     | 1.8462     | 0.1760     | 0.0204     | 0.0750       | 0.1215       |             | 1.1309   | 0.196  
491    | 2.3435     | 0.2349     | 1.8944     | 0.1862     | 0.0280     | 0.0639       | 0.0922       | (saved)     | 1.1646   | 0.156  
492    | 2.3124     | 0.2100     | 1.9173     | 0.1651     | 0.0200     | 0.0557       | 0.0958       | (saved)     | 1.1743   | 0.152  
493    | 2.4859     | 0.2193     | 2.0239     | 0.2239     | 0.0188     | 0.0536       | 0.1435       |             | 1.1606   | 0.197  
494    | 2.5039     | 0.2838     | 1.9894     | 0.2060     | 0.0247     | 0.0563       | 0.1168       |             | 1.1436   | 0.173  
495    | 2.6014     | 0.3473     | 2.0098     | 0.2130     | 0.0313     | 0.0652       | 0.1384       |             | 1.1075   | 0.204  
496    | 2.4658     | 0.2454     | 1.9689     | 0.2277     | 0.0238     | 0.0806       | 0.1278       |             | 1.1475   | 0.208  
497    | 2.4015     | 0.2761     | 1.9281     | 0.1766     | 0.0207     | 0.0761       | 0.1105       |             | 1.1251   | 0.187  
498    | 2.4181     | 0.2247     | 1.9747     | 0.1877     | 0.0309     | 0.0591       | 0.0941       |             | 1.1982   | 0.153  
499    | 2.4924     | 0.2769     | 2.0209     | 0.1669     | 0.0277     | 0.0497       | 0.0921       | (saved)     | 1.1846   | 0.142  
500    | 2.4048     | 0.2451     | 1.9708     | 0.1708     | 0.0181     | 0.0413       | 0.1016       |             | 1.1910   | 0.143  
Seed 42 | Src Acc: 97.2449 | Src MDE: 0.0579 | Tgt Acc: 37.2449 | Tgt MDE: 1.1846
cuda
Start Training Seed 6767...
Epoch  | Total Loss | l_sc       | l_dc       | l_tc       | l_ca       | val_l_sc     | val_l_dc     | Save        | Test MDE | Score  
---------------------------------------------------------------------------------------------------------------------------------------
1      | 10.8318    | 3.6309     | 2.7999     | 3.7981     | 0.6030     | 3.2797       | 3.7807       |             | 3.0486   | 7.060  
2      | 9.8482     | 3.1726     | 2.7238     | 3.7496     | 0.2023     | 2.9563       | 3.7022       |             | 2.4688   | 6.658  
3      | 9.3300     | 2.9375     | 2.6622     | 3.6264     | 0.1039     | 2.7171       | 3.4854       |             | 2.3302   | 6.203  
4      | 8.7822     | 2.7169     | 2.5847     | 3.3922     | 0.0884     | 2.5432       | 3.2191       |             | 2.3672   | 5.762  
5      | 8.2639     | 2.6400     | 2.5099     | 3.0386     | 0.0754     | 2.3827       | 2.8928       |             | 2.2598   | 5.275  
6      | 7.6271     | 2.4841     | 2.4267     | 2.6475     | 0.0688     | 2.2429       | 2.5494       |             | 2.2595   | 4.792  
7      | 6.9703     | 2.3583     | 2.3333     | 2.2259     | 0.0528     | 2.1505       | 2.2427       |             | 2.3675   | 4.393  
8      | 6.1128     | 2.2783     | 2.2203     | 1.5850     | 0.0292     | 2.0763       | 1.5587       |             | 2.3958   | 3.635  
9      | 5.3041     | 2.1537     | 2.1089     | 1.0124     | 0.0290     | 1.9752       | 1.1288       |             | 2.3178   | 3.104  
10     | 4.4994     | 1.9196     | 1.9402     | 0.6188     | 0.0208     | 1.8030       | 0.8403       |             | 2.2659   | 2.643  
11     | 4.0796     | 1.7662     | 1.7754     | 0.5227     | 0.0153     | 1.5837       | 0.8706       |             | 2.2924   | 2.454  
12     | 3.6088     | 1.5708     | 1.6535     | 0.3760     | 0.0085     | 1.3693       | 0.8355       |             | 2.3568   | 2.205  
13     | 3.2040     | 1.3936     | 1.4964     | 0.2945     | 0.0196     | 1.1456       | 1.0025       |             | 2.3210   | 2.148  
14     | 2.7263     | 1.1679     | 1.3283     | 0.2135     | 0.0166     | 0.9836       | 0.9439       |             | 2.3266   | 1.927  
15     | 2.5132     | 1.0903     | 1.1820     | 0.2250     | 0.0159     | 0.9910       | 0.6748       |             | 2.3276   | 1.666  
16     | 2.2479     | 0.9310     | 1.0787     | 0.2246     | 0.0136     | 0.8944       | 0.5740       |             | 2.3215   | 1.468  
17     | 1.9850     | 0.8716     | 0.9344     | 0.1593     | 0.0197     | 0.9178       | 0.4326       |             | 2.3195   | 1.350  
18     | 1.7356     | 0.7412     | 0.8417     | 0.1423     | 0.0104     | 0.9149       | 0.4381       |             | 2.3251   | 1.353  
19     | 1.5280     | 0.6428     | 0.7535     | 0.1240     | 0.0077     | 0.8493       | 0.3378       |             | 2.3308   | 1.187  
20     | 1.4996     | 0.6368     | 0.7108     | 0.1364     | 0.0156     | 0.6814       | 0.4123       |             | 2.3179   | 1.094  
21     | 1.3058     | 0.5108     | 0.6539     | 0.1295     | 0.0116     | 0.5780       | 0.4339       |             | 2.3244   | 1.012  
22     | 1.1812     | 0.5089     | 0.5750     | 0.0893     | 0.0079     | 0.7181       | 0.3647       |             | 2.3054   | 1.083  
23     | 1.1571     | 0.4807     | 0.5505     | 0.1116     | 0.0144     | 0.5636       | 0.5769       |             | 2.1773   | 1.141  
24     | 1.0258     | 0.4232     | 0.4977     | 0.0965     | 0.0084     | 0.5172       | 0.3633       |             | 2.2346   | 0.880  
25     | 1.0499     | 0.4280     | 0.5220     | 0.0886     | 0.0113     | 0.5975       | 0.3135       |             | 2.2667   | 0.911  
26     | 1.0048     | 0.3903     | 0.5034     | 0.1035     | 0.0075     | 0.4349       | 0.3601       |             | 2.2513   | 0.795  
27     | 0.9815     | 0.4071     | 0.4739     | 0.0873     | 0.0133     | 0.5741       | 0.3278       |             | 2.3116   | 0.902  
28     | 0.8461     | 0.3573     | 0.4179     | 0.0668     | 0.0041     | 0.4599       | 0.3215       |             | 2.2904   | 0.781  
29     | 0.7520     | 0.3108     | 0.3662     | 0.0656     | 0.0095     | 0.5238       | 0.3053       |             | 2.2188   | 0.829  
30     | 0.7540     | 0.2905     | 0.3983     | 0.0585     | 0.0067     | 0.4336       | 0.3139       |             | 2.2272   | 0.747  
31     | 0.7973     | 0.3050     | 0.4089     | 0.0757     | 0.0077     | 0.4494       | 0.3252       |             | 2.2284   | 0.775  
32     | 0.7633     | 0.3048     | 0.3959     | 0.0598     | 0.0027     | 0.5537       | 0.3012       |             | 2.2460   | 0.855  
33     | 0.6534     | 0.2575     | 0.3396     | 0.0528     | 0.0036     | 0.4307       | 0.4124       |             | 2.2364   | 0.843  
34     | 0.6901     | 0.2802     | 0.3545     | 0.0518     | 0.0037     | 0.3086       | 0.5371       |             | 2.2094   | 0.846  
35     | 0.6505     | 0.2515     | 0.3361     | 0.0552     | 0.0077     | 0.5075       | 0.2533       |             | 2.2707   | 0.761  
36     | 0.6012     | 0.2637     | 0.2879     | 0.0408     | 0.0088     | 0.3707       | 0.3738       |             | 2.2353   | 0.745  
37     | 0.5997     | 0.2445     | 0.3033     | 0.0463     | 0.0056     | 0.3788       | 0.3116       |             | 2.2357   | 0.690  
38     | 0.5902     | 0.2234     | 0.3044     | 0.0558     | 0.0066     | 0.5622       | 0.2602       |             | 2.2282   | 0.822  
39     | 0.5948     | 0.2486     | 0.2963     | 0.0437     | 0.0062     | 0.5211       | 0.2463       |             | 2.2313   | 0.767  
40     | 0.5224     | 0.2028     | 0.2722     | 0.0442     | 0.0032     | 0.4671       | 0.2639       |             | 2.2245   | 0.731  
41     | 0.6674     | 0.2735     | 0.3377     | 0.0490     | 0.0072     | 0.5137       | 0.2726       |             | 2.2824   | 0.786  
42     | 0.5528     | 0.2306     | 0.2680     | 0.0499     | 0.0043     | 0.4114       | 0.2854       |             | 2.2174   | 0.697  
43     | 0.5778     | 0.2201     | 0.2962     | 0.0508     | 0.0108     | 0.5106       | 0.2348       |             | 2.2352   | 0.745  
44     | 0.5950     | 0.2281     | 0.2970     | 0.0593     | 0.0106     | 0.3561       | 0.4001       |             | 2.1862   | 0.756  
45     | 0.5235     | 0.1991     | 0.2638     | 0.0457     | 0.0149     | 0.5601       | 0.2291       |             | 2.2392   | 0.789  
46     | 0.5443     | 0.2199     | 0.2661     | 0.0502     | 0.0080     | 0.3019       | 0.4027       |             | 2.1338   | 0.705  
47     | 0.5180     | 0.2124     | 0.2453     | 0.0501     | 0.0102     | 0.2744       | 0.7409       |             | 2.1334   | 1.015  
48     | 0.5225     | 0.2201     | 0.2477     | 0.0464     | 0.0083     | 0.4498       | 0.3790       |             | 2.2173   | 0.829  
49     | 0.4997     | 0.1885     | 0.2594     | 0.0397     | 0.0120     | 0.3600       | 0.3305       |             | 2.1559   | 0.690  
50     | 0.5055     | 0.2023     | 0.2498     | 0.0430     | 0.0104     | 0.4656       | 0.2559       |             | 2.1808   | 0.721  
51     | 0.4783     | 0.1783     | 0.2515     | 0.0425     | 0.0060     | 0.4306       | 0.3566       |             | 2.1999   | 0.787  
52     | 0.5002     | 0.1922     | 0.2664     | 0.0351     | 0.0065     | 0.7538       | 0.1348       |             | 2.2408   | 0.889  
53     | 0.5622     | 0.1989     | 0.3169     | 0.0390     | 0.0074     | 0.2866       | 0.5515       |             | 2.1092   | 0.838  
54     | 0.5378     | 0.1771     | 0.3109     | 0.0428     | 0.0070     | 0.5600       | 0.3398       |             | 2.2249   | 0.900  
55     | 0.5871     | 0.1826     | 0.3515     | 0.0407     | 0.0123     | 0.3518       | 0.4705       |             | 2.2071   | 0.822  
56     | 0.5790     | 0.1886     | 0.3438     | 0.0378     | 0.0088     | 0.3738       | 0.3251       |             | 2.2125   | 0.699  
57     | 0.6095     | 0.1832     | 0.3708     | 0.0498     | 0.0056     | 0.3178       | 0.4658       |             | 2.1683   | 0.784  
58     | 0.8074     | 0.2526     | 0.4740     | 0.0697     | 0.0111     | 0.6824       | 0.2320       |             | 2.2217   | 0.914  
59     | 0.6832     | 0.2288     | 0.3932     | 0.0497     | 0.0115     | 0.5509       | 0.2853       |             | 2.2183   | 0.836  
60     | 0.6656     | 0.2018     | 0.3970     | 0.0515     | 0.0152     | 0.3097       | 0.4241       |             | 2.2079   | 0.734  
61     | 0.7089     | 0.2094     | 0.4275     | 0.0628     | 0.0093     | 0.3768       | 0.5012       |             | 1.9769   | 0.878  
62     | 0.6572     | 0.2049     | 0.3950     | 0.0491     | 0.0083     | 0.2235       | 0.6009       |             | 2.0515   | 0.824  
63     | 0.7155     | 0.1940     | 0.4270     | 0.0782     | 0.0162     | 0.4626       | 0.4251       |             | 2.1025   | 0.888  
64     | 0.7401     | 0.2426     | 0.4100     | 0.0749     | 0.0126     | 0.4273       | 0.4555       |             | 2.1471   | 0.883  
65     | 0.6115     | 0.1935     | 0.3623     | 0.0435     | 0.0123     | 0.5023       | 0.2401       |             | 2.2341   | 0.742  
66     | 0.6635     | 0.2052     | 0.3844     | 0.0606     | 0.0134     | 0.5470       | 0.2664       |             | 2.2333   | 0.813  
67     | 0.7027     | 0.1978     | 0.4321     | 0.0572     | 0.0156     | 0.3245       | 0.4087       |             | 2.2183   | 0.733  
68     | 0.6416     | 0.1921     | 0.3865     | 0.0496     | 0.0135     | 0.3654       | 0.5182       |             | 2.1422   | 0.884  
69     | 0.7008     | 0.1884     | 0.4339     | 0.0645     | 0.0140     | 0.4741       | 0.2837       |             | 2.2182   | 0.758  
70     | 0.7902     | 0.2256     | 0.4860     | 0.0647     | 0.0140     | 0.4161       | 0.4522       |             | 2.2011   | 0.868  
71     | 0.7066     | 0.1995     | 0.4290     | 0.0657     | 0.0124     | 0.3430       | 0.3351       |             | 2.2143   | 0.678  
72     | 0.6391     | 0.1844     | 0.3877     | 0.0575     | 0.0094     | 0.3246       | 0.3216       |             | 2.1392   | 0.646  
73     | 0.6256     | 0.2027     | 0.3566     | 0.0594     | 0.0069     | 0.5071       | 0.2846       |             | 2.1635   | 0.792  
74     | 0.7030     | 0.2041     | 0.4237     | 0.0647     | 0.0105     | 0.4414       | 0.3098       |             | 2.1389   | 0.751  
75     | 0.6525     | 0.1771     | 0.4160     | 0.0515     | 0.0079     | 0.5215       | 0.3670       |             | 2.1648   | 0.889  
76     | 0.7721     | 0.2260     | 0.4636     | 0.0726     | 0.0099     | 0.3948       | 0.4134       |             | 2.0643   | 0.808  
77     | 0.7504     | 0.2290     | 0.4478     | 0.0584     | 0.0151     | 0.5169       | 0.3150       |             | 2.2058   | 0.832  
78     | 0.6723     | 0.1977     | 0.3956     | 0.0701     | 0.0089     | 0.5825       | 0.2388       |             | 2.1776   | 0.821  
79     | 0.6480     | 0.2013     | 0.3790     | 0.0537     | 0.0140     | 0.5312       | 0.2159       |             | 2.2159   | 0.747  
80     | 0.7423     | 0.2296     | 0.4270     | 0.0682     | 0.0175     | 0.3955       | 0.3145       |             | 2.1784   | 0.710  
81     | 0.7192     | 0.1994     | 0.4325     | 0.0654     | 0.0219     | 0.3638       | 0.3596       |             | 2.0605   | 0.723  
82     | 0.7176     | 0.1892     | 0.4367     | 0.0710     | 0.0206     | 0.4458       | 0.2350       |             | 2.0674   | 0.681  
83     | 0.6709     | 0.1825     | 0.4112     | 0.0625     | 0.0148     | 0.3029       | 0.3180       |             | 2.1127   | 0.621  
84     | 0.7872     | 0.1900     | 0.4986     | 0.0785     | 0.0201     | 0.5639       | 0.3209       |             | 2.1504   | 0.885  
85     | 0.8856     | 0.2046     | 0.5832     | 0.0833     | 0.0145     | 0.6066       | 0.2606       |             | 2.2014   | 0.867  
86     | 0.8690     | 0.2344     | 0.5493     | 0.0672     | 0.0181     | 0.2646       | 0.4040       |             | 2.1209   | 0.669  
87     | 0.8640     | 0.2407     | 0.5203     | 0.0803     | 0.0227     | 0.4425       | 0.3700       |             | 2.1710   | 0.813  
88     | 0.7976     | 0.2261     | 0.4693     | 0.0880     | 0.0142     | 0.5481       | 0.2378       |             | 2.2222   | 0.786  
89     | 0.7097     | 0.1963     | 0.4357     | 0.0589     | 0.0188     | 0.3189       | 0.3943       |             | 2.1498   | 0.713  
90     | 1.0032     | 0.2608     | 0.6201     | 0.1003     | 0.0219     | 0.2157       | 0.5248       |             | 1.9863   | 0.741  
91     | 0.9730     | 0.2454     | 0.6039     | 0.1016     | 0.0221     | 0.5589       | 0.2917       |             | 2.1463   | 0.851  
92     | 1.0455     | 0.2477     | 0.6574     | 0.1160     | 0.0243     | 0.6665       | 0.2469       |             | 2.1199   | 0.913  
93     | 1.0106     | 0.2524     | 0.6236     | 0.1136     | 0.0210     | 0.3383       | 0.2661       |             | 2.1543   | 0.604  
94     | 0.8397     | 0.2385     | 0.5150     | 0.0679     | 0.0183     | 0.4595       | 0.3321       |             | 2.0127   | 0.792  
95     | 0.8513     | 0.2130     | 0.5401     | 0.0797     | 0.0184     | 0.4684       | 0.3529       |             | 2.1474   | 0.821  
96     | 0.8112     | 0.2483     | 0.4819     | 0.0665     | 0.0145     | 0.3822       | 0.3559       |             | 2.1970   | 0.738  
97     | 1.0655     | 0.2726     | 0.6742     | 0.1064     | 0.0123     | 0.3343       | 0.5905       |             | 1.9560   | 0.925  
98     | 1.0177     | 0.2449     | 0.6429     | 0.1074     | 0.0225     | 0.3689       | 0.3650       |             | 2.1893   | 0.734  
99     | 1.2310     | 0.2863     | 0.7860     | 0.1191     | 0.0395     | 0.4964       | 0.2996       |             | 2.1770   | 0.796  
100    | 1.0532     | 0.2291     | 0.6909     | 0.1080     | 0.0253     | 0.5152       | 0.3319       |             | 2.2176   | 0.847  
101    | 1.0388     | 0.2457     | 0.6537     | 0.1124     | 0.0271     | 0.3392       | 0.3164       |             | 2.0709   | 0.656  
102    | 0.8549     | 0.2134     | 0.5286     | 0.0894     | 0.0235     | 0.4741       | 0.2317       |             | 2.1068   | 0.706  
103    | 0.9233     | 0.2551     | 0.5663     | 0.0840     | 0.0179     | 0.3287       | 0.2446       |             | 2.1106   | 0.573  
104    | 0.7182     | 0.1885     | 0.4297     | 0.0818     | 0.0182     | 0.3476       | 0.2360       |             | 2.1616   | 0.584  
105    | 0.8017     | 0.2080     | 0.5035     | 0.0757     | 0.0144     | 0.3867       | 0.2471       |             | 2.0859   | 0.634  
106    | 0.9807     | 0.2245     | 0.6263     | 0.1068     | 0.0232     | 0.5218       | 0.2350       |             | 1.9764   | 0.757  
107    | 1.1096     | 0.2781     | 0.7015     | 0.1028     | 0.0271     | 0.2531       | 0.3646       |             | 1.8796   | 0.618  
108    | 1.4317     | 0.3062     | 0.9497     | 0.1481     | 0.0277     | 0.3377       | 0.3646       |             | 1.9373   | 0.702  
109    | 1.5953     | 0.3093     | 1.0753     | 0.1740     | 0.0365     | 0.3827       | 0.2827       |             | 1.9223   | 0.665  
110    | 1.4046     | 0.2864     | 0.8961     | 0.1749     | 0.0473     | 0.3547       | 0.3589       |             | 1.9681   | 0.714  
111    | 1.2692     | 0.2927     | 0.7817     | 0.1470     | 0.0477     | 0.3194       | 0.2657       |             | 1.9947   | 0.585  
112    | 1.1230     | 0.2642     | 0.6950     | 0.1292     | 0.0346     | 0.3257       | 0.1987       |             | 2.0179   | 0.524  
113    | 1.1215     | 0.2391     | 0.7023     | 0.1488     | 0.0313     | 0.3363       | 0.2840       |             | 1.9453   | 0.620  
114    | 1.2343     | 0.2522     | 0.7869     | 0.1453     | 0.0499     | 0.3211       | 0.2001       |             | 2.0713   | 0.521  
115    | 1.1298     | 0.2596     | 0.6733     | 0.1586     | 0.0383     | 0.3353       | 0.2754       |             | 1.8874   | 0.611  
116    | 0.9167     | 0.2283     | 0.5524     | 0.1102     | 0.0258     | 0.3625       | 0.2060       |             | 2.0676   | 0.568  
117    | 1.0407     | 0.2205     | 0.6566     | 0.1264     | 0.0372     | 0.4208       | 0.2350       |             | 2.0259   | 0.656  
118    | 1.1706     | 0.2660     | 0.7406     | 0.1375     | 0.0265     | 0.3626       | 0.2224       |             | 2.0503   | 0.585  
119    | 1.2603     | 0.3052     | 0.7728     | 0.1504     | 0.0319     | 0.3383       | 0.2439       |             | 2.0549   | 0.582  
120    | 1.2125     | 0.2817     | 0.7385     | 0.1592     | 0.0330     | 0.3224       | 0.2263       |             | 2.0143   | 0.549  
121    | 1.0629     | 0.2429     | 0.6784     | 0.1148     | 0.0267     | 0.2470       | 0.2382       |             | 2.0062   | 0.485  
122    | 1.1697     | 0.2541     | 0.7096     | 0.1647     | 0.0413     | 0.3321       | 0.2453       |             | 1.9499   | 0.577  
123    | 1.1329     | 0.2983     | 0.6381     | 0.1597     | 0.0368     | 0.2938       | 0.2667       |             | 1.9516   | 0.561  
124    | 1.0416     | 0.2626     | 0.6217     | 0.1260     | 0.0312     | 0.2835       | 0.2396       |             | 2.0748   | 0.523  
125    | 0.9071     | 0.2607     | 0.5163     | 0.1084     | 0.0218     | 0.2181       | 0.2980       |             | 2.0343   | 0.516  
126    | 0.9782     | 0.2552     | 0.5822     | 0.1188     | 0.0220     | 0.2200       | 0.3147       |             | 2.0153   | 0.535  
127    | 1.0439     | 0.2593     | 0.6292     | 0.1224     | 0.0329     | 0.2349       | 0.2250       |             | 1.9847   | 0.460  
128    | 1.1910     | 0.2449     | 0.7619     | 0.1435     | 0.0407     | 0.5190       | 0.1831       |             | 1.9584   | 0.702  
129    | 1.2190     | 0.2673     | 0.7639     | 0.1573     | 0.0306     | 0.3821       | 0.1558       |             | 2.0682   | 0.538  
130    | 1.1789     | 0.2640     | 0.7429     | 0.1433     | 0.0287     | 0.3116       | 0.2570       |             | 1.8993   | 0.569  
131    | 1.0753     | 0.2424     | 0.6680     | 0.1366     | 0.0283     | 0.2611       | 0.4233       |             | 1.7694   | 0.684  
132    | 1.1717     | 0.2789     | 0.7233     | 0.1363     | 0.0332     | 0.2802       | 0.3454       |             | 1.7941   | 0.626  
133    | 1.3563     | 0.3219     | 0.8226     | 0.1733     | 0.0385     | 0.4274       | 0.1805       |             | 2.0688   | 0.608  
134    | 1.3673     | 0.3085     | 0.8236     | 0.1887     | 0.0465     | 0.4067       | 0.3143       |             | 2.0189   | 0.721  
135    | 1.5874     | 0.3588     | 0.9802     | 0.1997     | 0.0487     | 0.2956       | 0.3677       |             | 1.8228   | 0.663  
136    | 1.4778     | 0.3434     | 0.8517     | 0.2203     | 0.0623     | 0.2061       | 0.5256       |             | 1.6940   | 0.732  
137    | 1.6480     | 0.3204     | 0.9783     | 0.2890     | 0.0603     | 0.2234       | 0.3588       |             | 1.8231   | 0.582  
138    | 1.7552     | 0.3414     | 1.0985     | 0.2383     | 0.0769     | 0.2787       | 0.3184       |             | 1.7616   | 0.597  
139    | 1.7264     | 0.3103     | 1.1270     | 0.2246     | 0.0645     | 0.3672       | 0.2746       |             | 2.0917   | 0.642  
140    | 1.7682     | 0.3546     | 1.1119     | 0.2328     | 0.0688     | 0.4232       | 0.3167       |             | 2.0397   | 0.740  
141    | 1.6861     | 0.3499     | 1.0610     | 0.2106     | 0.0645     | 0.2352       | 0.2748       |             | 1.8750   | 0.510  
142    | 1.4373     | 0.3027     | 0.8875     | 0.1867     | 0.0604     | 0.1828       | 0.3282       |             | 1.7812   | 0.511  
143    | 1.4604     | 0.2926     | 0.8949     | 0.2232     | 0.0498     | 0.2254       | 0.2260       |             | 1.9242   | 0.451  
144    | 1.3107     | 0.2572     | 0.8079     | 0.1983     | 0.0473     | 0.2255       | 0.2197       |             | 1.8710   | 0.445  
145    | 1.2590     | 0.2423     | 0.7967     | 0.1824     | 0.0376     | 0.2050       | 0.2622       |             | 1.7954   | 0.467  
146    | 1.5041     | 0.3010     | 0.9463     | 0.2253     | 0.0316     | 0.3058       | 0.2655       |             | 1.7830   | 0.571  
147    | 1.5953     | 0.2782     | 1.0568     | 0.2160     | 0.0443     | 0.2583       | 0.2108       |             | 1.8746   | 0.469  
148    | 1.7554     | 0.3156     | 1.1425     | 0.2317     | 0.0655     | 0.2248       | 0.2554       |             | 1.6867   | 0.480  
149    | 1.4497     | 0.2760     | 0.9400     | 0.1856     | 0.0481     | 0.1875       | 0.3891       |             | 1.6364   | 0.577  
150    | 1.4354     | 0.2808     | 0.9094     | 0.1877     | 0.0574     | 0.2472       | 0.1865       |             | 1.7402   | 0.434  
151    | 1.3751     | 0.2805     | 0.8696     | 0.1846     | 0.0404     | 0.2391       | 0.1966       |             | 1.6942   | 0.436  
152    | 1.3000     | 0.2998     | 0.7923     | 0.1709     | 0.0370     | 0.2764       | 0.2164       |             | 1.7182   | 0.493  
153    | 1.2579     | 0.2481     | 0.7963     | 0.1690     | 0.0445     | 0.2532       | 0.1620       |             | 1.7990   | 0.415  
154    | 1.2485     | 0.2461     | 0.7967     | 0.1725     | 0.0332     | 0.1973       | 0.1910       |             | 1.7238   | 0.388  
155    | 1.3321     | 0.2512     | 0.8571     | 0.1899     | 0.0338     | 0.2079       | 0.3007       |             | 1.5076   | 0.509  
156    | 1.4556     | 0.3283     | 0.8810     | 0.2015     | 0.0447     | 0.2490       | 0.2237       |             | 1.5286   | 0.473  
157    | 1.4229     | 0.2966     | 0.8819     | 0.2044     | 0.0400     | 0.2142       | 0.2070       |             | 1.7275   | 0.421  
158    | 1.4954     | 0.2907     | 0.9544     | 0.2069     | 0.0435     | 0.2637       | 0.2183       |             | 1.5801   | 0.482  
159    | 1.5143     | 0.2729     | 0.9908     | 0.2159     | 0.0347     | 0.2402       | 0.2462       |             | 1.3647   | 0.486  
160    | 1.5308     | 0.2712     | 0.9629     | 0.2327     | 0.0641     | 0.2267       | 0.2903       |             | 1.3976   | 0.517  
161    | 1.4328     | 0.2434     | 0.9215     | 0.2319     | 0.0359     | 0.2727       | 0.2014       |             | 1.3185   | 0.474  
162    | 1.4582     | 0.2854     | 0.9240     | 0.2114     | 0.0375     | 0.2072       | 0.3123       |             | 1.4573   | 0.519  
163    | 1.6484     | 0.2808     | 1.0725     | 0.2455     | 0.0495     | 0.2001       | 0.2117       |             | 1.4730   | 0.412  
164    | 1.7029     | 0.3447     | 1.0751     | 0.2407     | 0.0425     | 0.2700       | 0.1608       |             | 1.5133   | 0.431  
165    | 1.5809     | 0.2980     | 1.0494     | 0.1894     | 0.0441     | 0.1766       | 0.2202       |             | 1.4668   | 0.397  
166    | 1.6268     | 0.3476     | 1.0382     | 0.1991     | 0.0418     | 0.3108       | 0.1387       |             | 1.5662   | 0.449  
167    | 1.5852     | 0.2889     | 1.0449     | 0.2240     | 0.0275     | 0.2070       | 0.2225       |             | 1.3908   | 0.429  
168    | 1.6760     | 0.2840     | 1.1160     | 0.2361     | 0.0400     | 0.2051       | 0.2162       |             | 1.4738   | 0.421  
169    | 1.6108     | 0.2838     | 1.0638     | 0.2174     | 0.0458     | 0.2530       | 0.1715       |             | 1.5005   | 0.424  
170    | 1.5870     | 0.3095     | 1.0300     | 0.2085     | 0.0389     | 0.2021       | 0.2901       |             | 1.4915   | 0.492  
171    | 1.6160     | 0.2730     | 1.0807     | 0.2248     | 0.0375     | 0.1828       | 0.2026       |             | 1.4143   | 0.385  
172    | 1.6212     | 0.3094     | 1.0818     | 0.2034     | 0.0266     | 0.1952       | 0.2844       |             | 1.3906   | 0.480  
173    | 1.5977     | 0.3330     | 1.0104     | 0.2182     | 0.0361     | 0.2481       | 0.1682       |             | 1.4175   | 0.416  
174    | 1.5742     | 0.2972     | 1.0191     | 0.2154     | 0.0425     | 0.2164       | 0.1894       |             | 1.4589   | 0.406  
175    | 1.7815     | 0.3146     | 1.1619     | 0.2575     | 0.0475     | 0.4305       | 0.1923       |             | 1.4157   | 0.623  
176    | 1.9237     | 0.3132     | 1.2937     | 0.2724     | 0.0443     | 0.2706       | 0.3071       |             | 1.3872   | 0.578  
177    | 1.9753     | 0.3017     | 1.3457     | 0.2752     | 0.0527     | 0.2968       | 0.2110       |             | 1.4236   | 0.508  
178    | 1.9068     | 0.3107     | 1.2764     | 0.2827     | 0.0371     | 0.2464       | 0.2047       |             | 1.4004   | 0.451  
179    | 1.7375     | 0.3118     | 1.1358     | 0.2508     | 0.0391     | 0.2375       | 0.2041       |             | 1.5142   | 0.442  
180    | 1.6697     | 0.2862     | 1.1049     | 0.2433     | 0.0354     | 0.2169       | 0.2403       |             | 1.3539   | 0.457  
181    | 1.6627     | 0.2745     | 1.1157     | 0.2366     | 0.0359     | 0.2371       | 0.2447       |             | 1.3295   | 0.482  
182    | 1.6606     | 0.2510     | 1.1258     | 0.2456     | 0.0382     | 0.2494       | 0.2034       |             | 1.2952   | 0.453  
183    | 1.7155     | 0.3130     | 1.1203     | 0.2447     | 0.0375     | 0.2267       | 0.2120       |             | 1.3849   | 0.439  
184    | 1.5226     | 0.2910     | 0.9860     | 0.2114     | 0.0343     | 0.2577       | 0.2101       |             | 1.3359   | 0.468  
185    | 1.7222     | 0.3190     | 1.1090     | 0.2567     | 0.0376     | 0.3097       | 0.2293       |             | 1.3175   | 0.539  
186    | 1.7910     | 0.3292     | 1.1793     | 0.2525     | 0.0300     | 0.1897       | 0.2594       |             | 1.1531   | 0.449  
187    | 2.1157     | 0.3164     | 1.4545     | 0.3024     | 0.0424     | 0.2605       | 0.2161       |             | 1.1953   | 0.477  
188    | 2.1142     | 0.3610     | 1.4343     | 0.2858     | 0.0332     | 0.2143       | 0.1843       |             | 1.2277   | 0.399  
189    | 1.9545     | 0.3099     | 1.3470     | 0.2727     | 0.0249     | 0.1595       | 0.2402       |             | 1.0906   | 0.400  
190    | 1.8723     | 0.2939     | 1.2465     | 0.2981     | 0.0338     | 0.1606       | 0.2489       |             | 1.1731   | 0.410  
191    | 1.8920     | 0.2803     | 1.3036     | 0.2734     | 0.0347     | 0.1788       | 0.1829       |             | 1.1699   | 0.362  
192    | 2.1062     | 0.3418     | 1.4574     | 0.2785     | 0.0285     | 0.2118       | 0.2679       |             | 1.1737   | 0.480  
193    | 2.1523     | 0.2909     | 1.5223     | 0.3036     | 0.0355     | 0.2520       | 0.1826       |             | 1.2881   | 0.435  
194    | 1.9705     | 0.2884     | 1.3803     | 0.2747     | 0.0271     | 0.1858       | 0.1970       |             | 1.2549   | 0.383  
195    | 2.2394     | 0.3334     | 1.5856     | 0.2890     | 0.0314     | 0.2125       | 0.2165       |             | 1.2791   | 0.429  
196    | 2.3301     | 0.3336     | 1.6387     | 0.3250     | 0.0327     | 0.1908       | 0.1930       |             | 1.2588   | 0.384  
197    | 2.2557     | 0.3193     | 1.5997     | 0.3025     | 0.0342     | 0.1880       | 0.2062       |             | 1.2349   | 0.394  
198    | 2.3857     | 0.3500     | 1.7052     | 0.3010     | 0.0296     | 0.1892       | 0.2154       |             | 0.9889   | 0.405  
199    | 2.5195     | 0.3480     | 1.8452     | 0.2973     | 0.0289     | 0.2172       | 0.1908       |             | 1.0247   | 0.408  
200    | 2.5643     | 0.3587     | 1.8560     | 0.3144     | 0.0352     | 0.2005       | 0.2108       |             | 1.0353   | 0.411  
201    | 2.6068     | 0.3133     | 1.9727     | 0.3008     | 0.0200     | 0.2010       | 0.2111       |             | 0.9675   | 0.412  
202    | 2.4159     | 0.3296     | 1.7681     | 0.2942     | 0.0240     | 0.1721       | 0.1827       |             | 0.9456   | 0.355  
203    | 2.2727     | 0.2558     | 1.6908     | 0.3001     | 0.0259     | 0.2121       | 0.1628       |             | 0.9660   | 0.375  
204    | 2.5536     | 0.4171     | 1.8142     | 0.2919     | 0.0303     | 0.1973       | 0.2096       |             | 1.0253   | 0.407  
205    | 2.3070     | 0.3095     | 1.6857     | 0.2844     | 0.0274     | 0.1814       | 0.1799       |             | 0.9851   | 0.361  
206    | 2.3975     | 0.3636     | 1.6989     | 0.3016     | 0.0333     | 0.1950       | 0.1699       |             | 0.9768   | 0.365  
207    | 2.3278     | 0.2854     | 1.7196     | 0.2977     | 0.0251     | 0.1940       | 0.1458       |             | 0.9489   | 0.340  
208    | 2.5767     | 0.3179     | 1.8965     | 0.3221     | 0.0402     | 0.2160       | 0.1771       |             | 1.0224   | 0.393  
209    | 2.6119     | 0.4176     | 1.8668     | 0.2947     | 0.0327     | 0.1812       | 0.1706       |             | 1.0229   | 0.352  
210    | 2.5902     | 0.3025     | 1.9546     | 0.3117     | 0.0213     | 0.1891       | 0.1947       |             | 1.0060   | 0.384  
211    | 2.6019     | 0.3065     | 1.9524     | 0.3201     | 0.0230     | 0.2233       | 0.1624       |             | 0.9741   | 0.386  
212    | 2.3986     | 0.3275     | 1.7716     | 0.2707     | 0.0287     | 0.2065       | 0.1883       |             | 0.9430   | 0.395  
213    | 2.5806     | 0.3580     | 1.9134     | 0.2843     | 0.0249     | 0.1640       | 0.1715       |             | 1.0057   | 0.336  
214    | 2.1731     | 0.2589     | 1.6466     | 0.2455     | 0.0221     | 0.1611       | 0.1440       |             | 1.0321   | 0.305  
215    | 2.2293     | 0.2525     | 1.6984     | 0.2498     | 0.0286     | 0.1905       | 0.1722       |             | 1.0237   | 0.363  
216    | 2.3178     | 0.3083     | 1.7411     | 0.2425     | 0.0260     | 0.1692       | 0.1691       |             | 0.9759   | 0.338  
217    | 2.3454     | 0.2844     | 1.7719     | 0.2597     | 0.0295     | 0.1685       | 0.1598       |             | 0.9380   | 0.328  
218    | 2.3703     | 0.3071     | 1.7699     | 0.2654     | 0.0279     | 0.1667       | 0.1829       |             | 0.9288   | 0.350  
219    | 2.4744     | 0.2939     | 1.8598     | 0.2888     | 0.0319     | 0.1756       | 0.1993       |             | 0.9655   | 0.375  
220    | 2.5902     | 0.3331     | 1.9471     | 0.2814     | 0.0285     | 0.1827       | 0.1635       |             | 0.9885   | 0.346  
221    | 2.4495     | 0.3043     | 1.8669     | 0.2506     | 0.0278     | 0.2020       | 0.1426       |             | 1.0048   | 0.345  
222    | 2.3852     | 0.2751     | 1.8038     | 0.2712     | 0.0351     | 0.1652       | 0.1590       |             | 1.0198   | 0.324  
223    | 2.3830     | 0.2779     | 1.8104     | 0.2674     | 0.0274     | 0.1666       | 0.1722       |             | 1.0062   | 0.339  
224    | 2.5730     | 0.3228     | 1.9219     | 0.2945     | 0.0338     | 0.1825       | 0.2421       |             | 1.0978   | 0.425  
225    | 2.6909     | 0.3368     | 2.0313     | 0.2977     | 0.0250     | 0.2014       | 0.1866       |             | 1.0162   | 0.388  
226    | 2.4212     | 0.3424     | 1.7663     | 0.2818     | 0.0307     | 0.1827       | 0.1954       |             | 1.0067   | 0.378  
227    | 2.2557     | 0.2884     | 1.6717     | 0.2593     | 0.0364     | 0.2092       | 0.1701       |             | 0.9979   | 0.379  
228    | 2.3046     | 0.2993     | 1.7013     | 0.2702     | 0.0338     | 0.2589       | 0.1983       |             | 1.0679   | 0.457  
229    | 2.4498     | 0.3210     | 1.8167     | 0.2770     | 0.0352     | 0.2370       | 0.2109       |             | 1.0815   | 0.448  
230    | 2.2808     | 0.2716     | 1.7095     | 0.2729     | 0.0268     | 0.1721       | 0.1802       |             | 1.0789   | 0.352  
231    | 2.2579     | 0.2762     | 1.6913     | 0.2540     | 0.0365     | 0.1929       | 0.1663       |             | 1.0832   | 0.359  
232    | 2.1081     | 0.2711     | 1.5806     | 0.2277     | 0.0288     | 0.1692       | 0.1251       |             | 1.0500   | 0.294  
233    | 2.1501     | 0.2859     | 1.6169     | 0.2255     | 0.0218     | 0.2170       | 0.1244       |             | 1.1099   | 0.341  
234    | 2.1859     | 0.2894     | 1.6700     | 0.2022     | 0.0244     | 0.1804       | 0.1475       |             | 1.1570   | 0.328  
235    | 2.3506     | 0.2891     | 1.7710     | 0.2612     | 0.0293     | 0.1697       | 0.1513       |             | 1.1289   | 0.321  
236    | 2.2519     | 0.3127     | 1.6760     | 0.2363     | 0.0270     | 0.1521       | 0.1546       |             | 1.0613   | 0.307  
237    | 2.1728     | 0.2883     | 1.6154     | 0.2478     | 0.0214     | 0.1823       | 0.1554       |             | 1.0637   | 0.338  
238    | 2.1321     | 0.2607     | 1.5991     | 0.2414     | 0.0309     | 0.2507       | 0.1929       |             | 1.0470   | 0.444  
239    | 2.4386     | 0.3470     | 1.7764     | 0.2796     | 0.0356     | 0.2398       | 0.1993       |             | 1.0483   | 0.439  
240    | 2.4751     | 0.3376     | 1.8074     | 0.2953     | 0.0348     | 0.2239       | 0.1894       |             | 1.0873   | 0.413  
241    | 2.3549     | 0.3531     | 1.7259     | 0.2441     | 0.0319     | 0.1970       | 0.1843       |             | 1.0185   | 0.381  
242    | 2.6808     | 0.3329     | 2.0223     | 0.2960     | 0.0295     | 0.2291       | 0.2016       |             | 1.0204   | 0.431  
243    | 2.6240     | 0.3105     | 1.9977     | 0.2866     | 0.0291     | 0.1817       | 0.1767       |             | 0.9741   | 0.358  
244    | 2.4377     | 0.3206     | 1.8540     | 0.2333     | 0.0298     | 0.1629       | 0.1550       |             | 1.0092   | 0.318  
245    | 2.3685     | 0.2775     | 1.8193     | 0.2442     | 0.0275     | 0.1937       | 0.1628       |             | 1.1014   | 0.357  
246    | 2.2568     | 0.2653     | 1.7346     | 0.2275     | 0.0295     | 0.1668       | 0.1582       |             | 1.0318   | 0.325  
247    | 2.3677     | 0.3134     | 1.7870     | 0.2347     | 0.0326     | 0.1733       | 0.1541       |             | 1.1193   | 0.327  
248    | 2.4006     | 0.3445     | 1.7849     | 0.2434     | 0.0278     | 0.1924       | 0.1482       |             | 1.1151   | 0.341  
249    | 2.3273     | 0.2932     | 1.7582     | 0.2454     | 0.0306     | 0.2557       | 0.1528       |             | 1.0911   | 0.409  
250    | 2.3796     | 0.3002     | 1.7936     | 0.2545     | 0.0314     | 0.2377       | 0.1821       |             | 1.0747   | 0.420  
251    | 2.4209     | 0.3288     | 1.8035     | 0.2589     | 0.0297     | 0.2196       | 0.1504       |             | 0.9493   | 0.370  
252    | 2.1414     | 0.2841     | 1.5951     | 0.2347     | 0.0275     | 0.2383       | 0.1321       |             | 0.9437   | 0.370  
253    | 2.3970     | 0.3446     | 1.7915     | 0.2345     | 0.0264     | 0.2119       | 0.1783       |             | 0.9042   | 0.390  
254    | 2.5018     | 0.3282     | 1.8855     | 0.2576     | 0.0306     | 0.2152       | 0.1783       |             | 0.9914   | 0.393  
255    | 2.4607     | 0.3200     | 1.8472     | 0.2652     | 0.0283     | 0.1963       | 0.1125       |             | 0.9614   | 0.309  
256    | 2.4933     | 0.3400     | 1.8646     | 0.2620     | 0.0267     | 0.2165       | 0.1815       |             | 1.0449   | 0.398  
257    | 2.4830     | 0.3177     | 1.8671     | 0.2695     | 0.0287     | 0.1813       | 0.1683       |             | 1.0107   | 0.350  
258    | 2.3309     | 0.3352     | 1.7364     | 0.2375     | 0.0218     | 0.2019       | 0.1348       |             | 1.0611   | 0.337  
259    | 2.4422     | 0.3356     | 1.8445     | 0.2319     | 0.0302     | 0.1939       | 0.1626       |             | 1.0877   | 0.357  
260    | 2.3903     | 0.3050     | 1.8149     | 0.2363     | 0.0341     | 0.2137       | 0.1574       |             | 1.0577   | 0.371  
261    | 2.3888     | 0.2801     | 1.8055     | 0.2573     | 0.0460     | 0.2149       | 0.1686       |             | 1.1484   | 0.384  
262    | 2.4389     | 0.3092     | 1.8419     | 0.2377     | 0.0501     | 0.2313       | 0.1403       |             | 1.1938   | 0.372  
263    | 2.7164     | 0.3423     | 2.0673     | 0.2750     | 0.0319     | 0.2553       | 0.1953       |             | 1.2926   | 0.451  
264    | 2.4936     | 0.3188     | 1.8751     | 0.2676     | 0.0321     | 0.3278       | 0.1948       |             | 1.3506   | 0.523  
265    | 2.4730     | 0.3270     | 1.8602     | 0.2475     | 0.0383     | 0.1782       | 0.1396       |             | 1.2888   | 0.318  
266    | 2.3650     | 0.3239     | 1.7865     | 0.2291     | 0.0255     | 0.2260       | 0.1660       |             | 1.2263   | 0.392  
267    | 2.3390     | 0.2850     | 1.7932     | 0.2330     | 0.0277     | 0.1920       | 0.1450       |             | 1.2562   | 0.337  
268    | 2.3442     | 0.3078     | 1.7635     | 0.2351     | 0.0378     | 0.1567       | 0.1302       |             | 1.1208   | 0.287  
269    | 2.2366     | 0.3012     | 1.6874     | 0.2234     | 0.0246     | 0.1877       | 0.1194       |             | 1.0304   | 0.307  
270    | 2.3037     | 0.2671     | 1.7799     | 0.2348     | 0.0220     | 0.1931       | 0.1685       |             | 1.0748   | 0.362  
271    | 2.3289     | 0.3213     | 1.7584     | 0.2246     | 0.0247     | 0.2153       | 0.1419       |             | 1.0337   | 0.357  
272    | 2.3952     | 0.3190     | 1.8098     | 0.2410     | 0.0254     | 0.2200       | 0.1609       |             | 1.0662   | 0.381  
273    | 2.3478     | 0.2782     | 1.7811     | 0.2645     | 0.0239     | 0.2052       | 0.1522       |             | 1.0306   | 0.357  
274    | 2.2758     | 0.2831     | 1.7043     | 0.2625     | 0.0258     | 0.1721       | 0.1535       |             | 1.1340   | 0.326  
275    | 2.0725     | 0.2823     | 1.5757     | 0.1969     | 0.0177     | 0.1715       | 0.1426       |             | 1.1395   | 0.314  
276    | 2.0170     | 0.2804     | 1.5105     | 0.2014     | 0.0247     | 0.1815       | 0.1359       |             | 1.1146   | 0.317  
277    | 2.1914     | 0.2975     | 1.6482     | 0.2153     | 0.0304     | 0.1785       | 0.1550       |             | 1.1903   | 0.334  
278    | 2.0930     | 0.2892     | 1.5480     | 0.2187     | 0.0371     | 0.2123       | 0.1469       |             | 1.1533   | 0.359  
279    | 2.1157     | 0.2883     | 1.5859     | 0.2162     | 0.0253     | 0.1839       | 0.1255       |             | 1.1835   | 0.309  
280    | 1.8836     | 0.2864     | 1.3690     | 0.1954     | 0.0329     | 0.1782       | 0.1611       |             | 1.1370   | 0.339  
281    | 2.1159     | 0.2942     | 1.5759     | 0.2192     | 0.0266     | 0.2358       | 0.1526       |             | 1.1184   | 0.388  
282    | 2.1072     | 0.2815     | 1.5820     | 0.2172     | 0.0265     | 0.2001       | 0.1548       |             | 1.1590   | 0.355  
283    | 2.1485     | 0.2946     | 1.5976     | 0.2285     | 0.0279     | 0.1883       | 0.1666       |             | 1.1291   | 0.355  
284    | 2.0073     | 0.2499     | 1.5207     | 0.2116     | 0.0250     | 0.1984       | 0.1298       |             | 1.1104   | 0.328  
285    | 2.1264     | 0.2669     | 1.6047     | 0.2297     | 0.0251     | 0.2018       | 0.1323       |             | 1.1057   | 0.334  
286    | 2.0627     | 0.2890     | 1.5466     | 0.2062     | 0.0209     | 0.1932       | 0.1186       |             | 1.0947   | 0.312  
287    | 1.9280     | 0.2360     | 1.4530     | 0.2085     | 0.0305     | 0.2080       | 0.1479       |             | 1.1563   | 0.356  
288    | 2.0395     | 0.2912     | 1.4958     | 0.2192     | 0.0333     | 0.1961       | 0.1430       |             | 1.1406   | 0.339  
289    | 2.0510     | 0.2575     | 1.5178     | 0.2440     | 0.0317     | 0.1837       | 0.1563       |             | 1.1253   | 0.340  
290    | 1.9820     | 0.2579     | 1.4682     | 0.2174     | 0.0384     | 0.2340       | 0.1392       |             | 1.0685   | 0.373  
291    | 1.9560     | 0.2498     | 1.4654     | 0.2161     | 0.0246     | 0.2087       | 0.1448       |             | 1.1050   | 0.353  
292    | 2.1225     | 0.3051     | 1.5683     | 0.2260     | 0.0231     | 0.2141       | 0.1594       |             | 1.0413   | 0.374  
293    | 2.0449     | 0.2730     | 1.5075     | 0.2374     | 0.0270     | 0.1789       | 0.1702       |             | 1.1207   | 0.349  
294    | 2.2052     | 0.3309     | 1.6274     | 0.2211     | 0.0257     | 0.2077       | 0.1468       |             | 1.0347   | 0.354  
295    | 2.3816     | 0.3120     | 1.8168     | 0.2305     | 0.0223     | 0.1901       | 0.1294       |             | 0.9883   | 0.319  
296    | 2.4001     | 0.3730     | 1.7836     | 0.2187     | 0.0248     | 0.2161       | 0.1418       |             | 0.9891   | 0.358  
297    | 2.1041     | 0.2842     | 1.5996     | 0.1971     | 0.0233     | 0.1866       | 0.1322       |             | 1.0164   | 0.319  
298    | 2.0738     | 0.2595     | 1.5898     | 0.2024     | 0.0220     | 0.1713       | 0.0890       |             | 1.0548   | 0.260  
299    | 2.2491     | 0.3261     | 1.6882     | 0.2092     | 0.0256     | 0.2056       | 0.1254       |             | 1.0471   | 0.331  
300    | 2.2448     | 0.2609     | 1.7357     | 0.2226     | 0.0255     | 0.1752       | 0.1290       |             | 1.0464   | 0.304  
301    | 2.1620     | 0.3098     | 1.6170     | 0.2076     | 0.0276     | 0.1731       | 0.1469       | (saved)     | 1.0857   | 0.320  
302    | 2.2425     | 0.3105     | 1.6660     | 0.2354     | 0.0306     | 0.1681       | 0.1480       | (saved)     | 1.0969   | 0.316  
303    | 2.2412     | 0.2766     | 1.7177     | 0.2242     | 0.0227     | 0.2176       | 0.1120       |             | 1.0456   | 0.330  
304    | 2.1144     | 0.3049     | 1.5604     | 0.2223     | 0.0269     | 0.2078       | 0.1368       |             | 1.0108   | 0.345  
305    | 2.1554     | 0.3446     | 1.5768     | 0.2062     | 0.0278     | 0.1780       | 0.1245       | (saved)     | 1.0080   | 0.302  
306    | 2.0326     | 0.2333     | 1.5709     | 0.2071     | 0.0213     | 0.2082       | 0.1220       |             | 1.0230   | 0.330  
307    | 2.1559     | 0.3167     | 1.5918     | 0.2198     | 0.0276     | 0.2258       | 0.1464       |             | 1.0855   | 0.372  
308    | 2.2800     | 0.3560     | 1.6395     | 0.2458     | 0.0387     | 0.2076       | 0.1610       |             | 1.1020   | 0.369  
309    | 2.1833     | 0.2536     | 1.6610     | 0.2280     | 0.0406     | 0.2087       | 0.1405       |             | 1.1400   | 0.349  
310    | 2.0918     | 0.2804     | 1.5686     | 0.2068     | 0.0360     | 0.2012       | 0.1319       |             | 1.1433   | 0.333  
311    | 2.1677     | 0.3261     | 1.5950     | 0.2201     | 0.0265     | 0.2067       | 0.1358       |             | 1.1297   | 0.343  
312    | 2.0379     | 0.2858     | 1.5156     | 0.2048     | 0.0317     | 0.2440       | 0.1141       |             | 1.1240   | 0.358  
313    | 2.2401     | 0.3077     | 1.6969     | 0.2078     | 0.0278     | 0.2266       | 0.1419       |             | 1.0238   | 0.368  
314    | 2.1283     | 0.2940     | 1.5930     | 0.2113     | 0.0301     | 0.2100       | 0.1236       |             | 1.0199   | 0.334  
315    | 2.1097     | 0.2970     | 1.5676     | 0.2074     | 0.0378     | 0.2074       | 0.1419       |             | 1.0825   | 0.349  
316    | 2.2263     | 0.2834     | 1.6701     | 0.2342     | 0.0387     | 0.2547       | 0.1455       |             | 1.1287   | 0.400  
317    | 2.2285     | 0.3118     | 1.6605     | 0.2155     | 0.0408     | 0.2357       | 0.1374       |             | 1.1050   | 0.373  
318    | 2.1585     | 0.2239     | 1.6868     | 0.2122     | 0.0357     | 0.2302       | 0.1336       |             | 1.0365   | 0.364  
319    | 2.4519     | 0.3750     | 1.8151     | 0.2227     | 0.0391     | 0.2227       | 0.1387       |             | 0.9459   | 0.361  
320    | 2.2915     | 0.2856     | 1.7741     | 0.2113     | 0.0206     | 0.1905       | 0.1345       |             | 0.9934   | 0.325  
321    | 2.1093     | 0.2633     | 1.6012     | 0.2183     | 0.0266     | 0.1995       | 0.1089       |             | 0.9841   | 0.308  
322    | 2.1740     | 0.2969     | 1.6481     | 0.1968     | 0.0323     | 0.2096       | 0.1195       |             | 1.0311   | 0.329  
323    | 2.1907     | 0.2810     | 1.6710     | 0.2172     | 0.0215     | 0.2229       | 0.1042       |             | 0.9933   | 0.327  
324    | 2.1933     | 0.2674     | 1.6790     | 0.2222     | 0.0247     | 0.2084       | 0.1249       |             | 0.9973   | 0.333  
325    | 2.1281     | 0.2562     | 1.6360     | 0.2081     | 0.0279     | 0.2498       | 0.1354       |             | 0.9743   | 0.385  
326    | 2.3426     | 0.2992     | 1.7860     | 0.2345     | 0.0230     | 0.2936       | 0.1529       |             | 1.0175   | 0.447  
327    | 2.0363     | 0.2523     | 1.5242     | 0.2278     | 0.0320     | 0.2507       | 0.1280       |             | 0.9673   | 0.379  
328    | 2.1937     | 0.3326     | 1.6045     | 0.2195     | 0.0371     | 0.2248       | 0.1533       |             | 0.9646   | 0.378  
329    | 2.1590     | 0.3009     | 1.6375     | 0.1987     | 0.0218     | 0.2220       | 0.1599       |             | 1.0342   | 0.382  
330    | 2.0856     | 0.3176     | 1.5559     | 0.1926     | 0.0194     | 0.1835       | 0.1265       |             | 1.0844   | 0.310  
331    | 2.0092     | 0.2451     | 1.5387     | 0.2009     | 0.0246     | 0.2382       | 0.0928       |             | 1.0429   | 0.331  
332    | 2.1320     | 0.3054     | 1.6007     | 0.1985     | 0.0274     | 0.1753       | 0.1131       | (saved)     | 1.0009   | 0.288  
333    | 2.3571     | 0.2966     | 1.7898     | 0.2436     | 0.0270     | 0.1897       | 0.1104       |             | 1.0130   | 0.300  
334    | 2.1978     | 0.2876     | 1.7061     | 0.1811     | 0.0230     | 0.1923       | 0.1118       |             | 1.0410   | 0.304  
335    | 2.4139     | 0.3235     | 1.8406     | 0.2231     | 0.0267     | 0.1520       | 0.1356       | (saved)     | 1.0368   | 0.288  
336    | 2.4729     | 0.3536     | 1.8940     | 0.1982     | 0.0271     | 0.2114       | 0.1561       |             | 1.1051   | 0.368  
337    | 2.3069     | 0.2862     | 1.7730     | 0.2197     | 0.0280     | 0.1765       | 0.1315       |             | 1.0481   | 0.308  
338    | 2.4650     | 0.3242     | 1.8885     | 0.2320     | 0.0204     | 0.1817       | 0.1631       |             | 1.0067   | 0.345  
339    | 2.2954     | 0.2441     | 1.8040     | 0.2213     | 0.0259     | 0.2263       | 0.1222       |             | 0.9730   | 0.348  
340    | 2.2267     | 0.2938     | 1.6956     | 0.2145     | 0.0228     | 0.2168       | 0.1159       |             | 0.9684   | 0.333  
341    | 2.2314     | 0.2410     | 1.7404     | 0.2229     | 0.0271     | 0.1717       | 0.1458       |             | 1.0114   | 0.317  
342    | 2.2278     | 0.2609     | 1.7224     | 0.2146     | 0.0299     | 0.1895       | 0.1195       |             | 0.9888   | 0.309  
343    | 2.2426     | 0.3188     | 1.7080     | 0.1959     | 0.0199     | 0.1834       | 0.1241       |             | 1.0503   | 0.308  
344    | 2.4592     | 0.3510     | 1.8756     | 0.2092     | 0.0234     | 0.1984       | 0.1388       |             | 0.9665   | 0.337  
345    | 2.2844     | 0.3094     | 1.7170     | 0.2275     | 0.0305     | 0.2150       | 0.1094       |             | 0.9939   | 0.324  
346    | 2.3199     | 0.2358     | 1.8313     | 0.2323     | 0.0205     | 0.1866       | 0.1030       |             | 1.0260   | 0.290  
347    | 2.3145     | 0.3141     | 1.7628     | 0.2126     | 0.0250     | 0.1849       | 0.1160       |             | 0.9756   | 0.301  
348    | 2.2782     | 0.3067     | 1.7120     | 0.2316     | 0.0279     | 0.1628       | 0.1087       | (saved)     | 1.0329   | 0.271  
349    | 2.1648     | 0.3057     | 1.6394     | 0.1979     | 0.0218     | 0.1722       | 0.1219       |             | 0.9711   | 0.294  
350    | 2.2075     | 0.2859     | 1.6947     | 0.2068     | 0.0201     | 0.1592       | 0.0974       | (saved)     | 0.9039   | 0.257  
351    | 2.1255     | 0.3078     | 1.5986     | 0.1971     | 0.0220     | 0.1726       | 0.1258       |             | 0.9414   | 0.298  
352    | 2.2484     | 0.2780     | 1.7438     | 0.2083     | 0.0182     | 0.1888       | 0.0843       |             | 0.9217   | 0.273  
353    | 2.3053     | 0.2682     | 1.7962     | 0.2159     | 0.0250     | 0.2170       | 0.1344       |             | 0.9464   | 0.351  
354    | 2.2545     | 0.2525     | 1.7744     | 0.2052     | 0.0224     | 0.1945       | 0.1195       |             | 0.9773   | 0.314  
355    | 2.3480     | 0.2850     | 1.8106     | 0.2223     | 0.0301     | 0.2064       | 0.0986       |             | 1.0272   | 0.305  
356    | 2.2757     | 0.3119     | 1.7333     | 0.2043     | 0.0262     | 0.2057       | 0.0944       |             | 1.0243   | 0.300  
357    | 2.1517     | 0.2860     | 1.6717     | 0.1722     | 0.0218     | 0.2147       | 0.1046       |             | 1.0487   | 0.319  
358    | 2.1669     | 0.2892     | 1.6640     | 0.1836     | 0.0301     | 0.1951       | 0.1019       |             | 1.0316   | 0.297  
359    | 2.1944     | 0.3110     | 1.6709     | 0.1890     | 0.0235     | 0.1862       | 0.1231       |             | 1.0422   | 0.309  
360    | 2.1606     | 0.2647     | 1.6498     | 0.2192     | 0.0269     | 0.2257       | 0.1004       |             | 0.9967   | 0.326  
361    | 2.0683     | 0.2276     | 1.6233     | 0.1891     | 0.0283     | 0.1879       | 0.1266       |             | 1.0082   | 0.314  
362    | 2.0657     | 0.2688     | 1.5680     | 0.1969     | 0.0320     | 0.2038       | 0.1185       |             | 0.9939   | 0.322  
363    | 2.1924     | 0.2946     | 1.6521     | 0.2158     | 0.0299     | 0.1884       | 0.1143       |             | 1.0398   | 0.303  
364    | 2.1841     | 0.2574     | 1.6841     | 0.2148     | 0.0279     | 0.2327       | 0.1174       |             | 0.9960   | 0.350  
365    | 2.1670     | 0.2841     | 1.6615     | 0.1929     | 0.0285     | 0.1755       | 0.0990       |             | 0.9748   | 0.275  
366    | 2.1806     | 0.3127     | 1.6390     | 0.1917     | 0.0371     | 0.1947       | 0.1024       |             | 0.9711   | 0.297  
367    | 2.0962     | 0.3037     | 1.5755     | 0.1922     | 0.0247     | 0.2024       | 0.0934       |             | 1.0065   | 0.296  
368    | 1.9857     | 0.3098     | 1.4703     | 0.1820     | 0.0236     | 0.2243       | 0.1415       |             | 1.0023   | 0.366  
369    | 1.9483     | 0.2469     | 1.5014     | 0.1776     | 0.0224     | 0.2077       | 0.1135       |             | 1.0105   | 0.321  
370    | 2.0084     | 0.2446     | 1.5298     | 0.1994     | 0.0346     | 0.1935       | 0.1094       |             | 1.0069   | 0.303  
371    | 1.9856     | 0.2385     | 1.5224     | 0.1900     | 0.0346     | 0.2139       | 0.1022       |             | 0.9918   | 0.316  
372    | 2.0401     | 0.2779     | 1.5367     | 0.1945     | 0.0310     | 0.1827       | 0.1189       |             | 0.9984   | 0.302  
373    | 2.1250     | 0.2318     | 1.6485     | 0.2192     | 0.0256     | 0.2003       | 0.1208       |             | 1.0195   | 0.321  
374    | 2.1516     | 0.2390     | 1.6833     | 0.2052     | 0.0242     | 0.2225       | 0.1633       |             | 1.0668   | 0.386  
375    | 2.2701     | 0.3167     | 1.6880     | 0.2334     | 0.0320     | 0.2034       | 0.1243       |             | 1.0737   | 0.328  
376    | 2.0744     | 0.2722     | 1.5763     | 0.1955     | 0.0303     | 0.1860       | 0.1141       |             | 1.0962   | 0.300  
377    | 2.1812     | 0.3201     | 1.6208     | 0.2039     | 0.0364     | 0.2084       | 0.1180       |             | 0.9966   | 0.326  
378    | 1.8692     | 0.1971     | 1.4705     | 0.1812     | 0.0204     | 0.1794       | 0.0861       |             | 0.9885   | 0.266  
379    | 1.8735     | 0.2324     | 1.4432     | 0.1772     | 0.0208     | 0.1600       | 0.0994       |             | 0.9850   | 0.259  
380    | 1.8388     | 0.2346     | 1.4121     | 0.1692     | 0.0229     | 0.1643       | 0.0988       |             | 0.9715   | 0.263  
381    | 1.9310     | 0.2454     | 1.4679     | 0.1827     | 0.0350     | 0.1783       | 0.0863       |             | 1.0116   | 0.265  
382    | 1.9563     | 0.2354     | 1.5299     | 0.1678     | 0.0232     | 0.2066       | 0.1286       |             | 0.9210   | 0.335  
383    | 2.2198     | 0.2924     | 1.7003     | 0.2066     | 0.0205     | 0.2287       | 0.1216       |             | 0.9988   | 0.350  
384    | 1.9772     | 0.2541     | 1.4898     | 0.2108     | 0.0225     | 0.1989       | 0.1233       |             | 0.9877   | 0.322  
385    | 2.2332     | 0.2612     | 1.7243     | 0.2241     | 0.0236     | 0.1803       | 0.1773       |             | 0.9901   | 0.358  
386    | 2.1169     | 0.2606     | 1.6276     | 0.2050     | 0.0237     | 0.2205       | 0.1559       |             | 1.0001   | 0.376  
387    | 2.1384     | 0.2736     | 1.6388     | 0.2034     | 0.0226     | 0.1838       | 0.1246       |             | 0.9150   | 0.308  
388    | 1.9066     | 0.1766     | 1.5148     | 0.1939     | 0.0213     | 0.2044       | 0.1109       |             | 0.8559   | 0.315  
389    | 2.0859     | 0.2900     | 1.5736     | 0.1977     | 0.0246     | 0.1861       | 0.1169       |             | 0.9267   | 0.303  
390    | 2.3206     | 0.3048     | 1.7699     | 0.2133     | 0.0326     | 0.1960       | 0.1029       |             | 0.8757   | 0.299  
391    | 2.1723     | 0.2895     | 1.6637     | 0.1887     | 0.0304     | 0.2155       | 0.1100       |             | 0.9412   | 0.325  
392    | 2.0211     | 0.2042     | 1.5993     | 0.1967     | 0.0209     | 0.1961       | 0.1157       |             | 0.9026   | 0.312  
393    | 2.1461     | 0.2758     | 1.6297     | 0.2082     | 0.0324     | 0.1491       | 0.1167       |             | 0.8999   | 0.266  
394    | 2.1594     | 0.2458     | 1.6792     | 0.2085     | 0.0259     | 0.1575       | 0.0893       | (saved)     | 0.8682   | 0.247  
395    | 2.0892     | 0.2319     | 1.6333     | 0.1985     | 0.0256     | 0.1853       | 0.1038       |             | 0.9024   | 0.289  
396    | 2.2291     | 0.3056     | 1.7034     | 0.1937     | 0.0265     | 0.1961       | 0.1109       |             | 0.9283   | 0.307  
397    | 2.3134     | 0.2930     | 1.7951     | 0.2029     | 0.0224     | 0.2083       | 0.1304       |             | 0.9394   | 0.339  
398    | 2.3035     | 0.2725     | 1.7931     | 0.2148     | 0.0232     | 0.2568       | 0.1506       |             | 0.9385   | 0.407  
399    | 2.2317     | 0.2898     | 1.6901     | 0.2225     | 0.0293     | 0.2072       | 0.1462       |             | 0.9243   | 0.353  
400    | 2.2476     | 0.3336     | 1.6770     | 0.2132     | 0.0238     | 0.1978       | 0.1195       |             | 0.9242   | 0.317  
401    | 2.0549     | 0.2706     | 1.5543     | 0.2004     | 0.0297     | 0.1666       | 0.1005       |             | 0.9072   | 0.267  
402    | 2.2989     | 0.2475     | 1.8066     | 0.2233     | 0.0215     | 0.2688       | 0.1237       |             | 0.9491   | 0.393  
403    | 2.4296     | 0.2682     | 1.8923     | 0.2442     | 0.0249     | 0.2263       | 0.1841       |             | 1.0514   | 0.410  
404    | 2.2842     | 0.2933     | 1.7042     | 0.2569     | 0.0298     | 0.1871       | 0.1422       |             | 1.0304   | 0.329  
405    | 2.2120     | 0.2907     | 1.6309     | 0.2510     | 0.0393     | 0.2240       | 0.1501       |             | 1.0236   | 0.374  
406    | 2.1031     | 0.2594     | 1.5928     | 0.2174     | 0.0335     | 0.2140       | 0.1985       |             | 1.0040   | 0.412  
407    | 2.0946     | 0.2906     | 1.5528     | 0.2207     | 0.0304     | 0.2328       | 0.1481       |             | 1.0102   | 0.381  
408    | 2.0989     | 0.2322     | 1.6207     | 0.2158     | 0.0301     | 0.1761       | 0.1405       |             | 0.9932   | 0.317  
409    | 2.0467     | 0.2867     | 1.5599     | 0.1800     | 0.0202     | 0.2328       | 0.1458       |             | 0.9833   | 0.379  
410    | 2.0944     | 0.2228     | 1.6725     | 0.1767     | 0.0224     | 0.2510       | 0.1043       |             | 0.9800   | 0.355  
411    | 2.2272     | 0.2331     | 1.7776     | 0.1904     | 0.0261     | 0.2392       | 0.1370       |             | 1.0705   | 0.376  
412    | 2.1766     | 0.2789     | 1.6607     | 0.1983     | 0.0388     | 0.2270       | 0.1656       |             | 1.0458   | 0.393  
413    | 2.1652     | 0.2534     | 1.6581     | 0.2189     | 0.0348     | 0.2299       | 0.1690       |             | 0.9575   | 0.399  
414    | 2.3167     | 0.3362     | 1.7143     | 0.2348     | 0.0314     | 0.2512       | 0.1385       |             | 0.9708   | 0.390  
415    | 2.0989     | 0.2558     | 1.5926     | 0.2277     | 0.0229     | 0.1768       | 0.1496       |             | 0.9397   | 0.326  
416    | 2.2130     | 0.2829     | 1.6723     | 0.2256     | 0.0321     | 0.2621       | 0.1495       |             | 1.0422   | 0.412  
417    | 2.2426     | 0.3135     | 1.6867     | 0.2105     | 0.0320     | 0.2555       | 0.1432       |             | 1.0639   | 0.399  
418    | 2.1934     | 0.2903     | 1.6290     | 0.2358     | 0.0383     | 0.2094       | 0.1390       |             | 1.1004   | 0.348  
419    | 2.2628     | 0.3209     | 1.6727     | 0.2404     | 0.0288     | 0.2088       | 0.1398       |             | 1.0102   | 0.349  
420    | 2.2643     | 0.2837     | 1.7487     | 0.2116     | 0.0203     | 0.2254       | 0.1229       |             | 1.0160   | 0.348  
421    | 2.3816     | 0.3014     | 1.8294     | 0.2293     | 0.0216     | 0.1931       | 0.1282       |             | 0.9998   | 0.321  
422    | 2.2654     | 0.2812     | 1.7390     | 0.2136     | 0.0315     | 0.1993       | 0.1144       |             | 1.0571   | 0.314  
423    | 2.2311     | 0.2736     | 1.7333     | 0.1949     | 0.0293     | 0.2142       | 0.1202       |             | 1.0608   | 0.334  
424    | 2.2514     | 0.2392     | 1.7629     | 0.2215     | 0.0278     | 0.2091       | 0.1523       |             | 1.0174   | 0.361  
425    | 2.3175     | 0.2619     | 1.8216     | 0.2086     | 0.0254     | 0.1981       | 0.1209       |             | 1.0038   | 0.319  
426    | 2.1413     | 0.2556     | 1.6493     | 0.2062     | 0.0302     | 0.2607       | 0.1261       |             | 1.0019   | 0.387  
427    | 2.2459     | 0.2591     | 1.7685     | 0.1907     | 0.0276     | 0.2335       | 0.1112       |             | 1.0007   | 0.345  
428    | 2.1028     | 0.2159     | 1.6838     | 0.1804     | 0.0228     | 0.2593       | 0.1078       |             | 0.9675   | 0.367  
429    | 2.2237     | 0.2644     | 1.7372     | 0.1899     | 0.0323     | 0.2151       | 0.1090       |             | 0.9805   | 0.324  
430    | 2.4022     | 0.2925     | 1.8623     | 0.2150     | 0.0324     | 0.2493       | 0.1277       |             | 1.0985   | 0.377  
431    | 2.5780     | 0.3470     | 1.9882     | 0.2146     | 0.0282     | 0.2692       | 0.1698       |             | 1.0431   | 0.439  
432    | 2.7610     | 0.3281     | 2.1567     | 0.2398     | 0.0364     | 0.2436       | 0.1426       |             | 1.1522   | 0.386  
433    | 2.4997     | 0.2970     | 1.9534     | 0.2268     | 0.0226     | 0.2142       | 0.1334       |             | 1.0572   | 0.348  
434    | 2.5719     | 0.3372     | 1.9799     | 0.2322     | 0.0227     | 0.2524       | 0.1211       |             | 0.9369   | 0.373  
435    | 2.2353     | 0.2440     | 1.7685     | 0.1991     | 0.0237     | 0.2737       | 0.1217       |             | 0.8790   | 0.395  
436    | 2.1529     | 0.2542     | 1.6629     | 0.2102     | 0.0256     | 0.2114       | 0.1129       |             | 0.9242   | 0.324  
437    | 2.2080     | 0.2952     | 1.6895     | 0.1919     | 0.0313     | 0.2238       | 0.1245       |             | 0.9536   | 0.348  
438    | 2.1782     | 0.2868     | 1.6746     | 0.1929     | 0.0240     | 0.2053       | 0.1009       |             | 0.9655   | 0.306  
439    | 2.0702     | 0.2991     | 1.5537     | 0.1935     | 0.0240     | 0.2027       | 0.1131       |             | 0.9856   | 0.316  
440    | 2.0566     | 0.2481     | 1.5900     | 0.1978     | 0.0207     | 0.1663       | 0.1256       |             | 0.9752   | 0.292  
441    | 2.0162     | 0.2040     | 1.5979     | 0.1909     | 0.0234     | 0.1613       | 0.1305       |             | 0.9403   | 0.292  
442    | 2.1527     | 0.2531     | 1.6679     | 0.2093     | 0.0224     | 0.1607       | 0.1573       |             | 0.9856   | 0.318  
443    | 2.1520     | 0.2109     | 1.7167     | 0.2004     | 0.0240     | 0.1713       | 0.1720       |             | 0.9340   | 0.343  
444    | 2.1279     | 0.2672     | 1.6489     | 0.1910     | 0.0209     | 0.1900       | 0.1456       |             | 0.8925   | 0.336  
445    | 2.1758     | 0.2462     | 1.6893     | 0.2174     | 0.0230     | 0.1789       | 0.1407       |             | 0.9012   | 0.320  
446    | 2.1407     | 0.3151     | 1.6029     | 0.1962     | 0.0266     | 0.2025       | 0.1189       |             | 0.9568   | 0.321  
447    | 1.9968     | 0.2522     | 1.5372     | 0.1829     | 0.0245     | 0.1981       | 0.1317       |             | 0.9250   | 0.330  
448    | 2.0149     | 0.2650     | 1.5326     | 0.1950     | 0.0223     | 0.1735       | 0.1231       |             | 0.9543   | 0.297  
449    | 2.1771     | 0.2736     | 1.6690     | 0.2042     | 0.0303     | 0.1969       | 0.1233       |             | 0.9815   | 0.320  
450    | 2.0617     | 0.2244     | 1.6156     | 0.1968     | 0.0249     | 0.2209       | 0.1073       |             | 0.9895   | 0.328  
451    | 2.0708     | 0.2514     | 1.6046     | 0.1870     | 0.0277     | 0.2283       | 0.1124       |             | 0.9921   | 0.341  
452    | 2.0718     | 0.2975     | 1.5536     | 0.1887     | 0.0321     | 0.2285       | 0.1125       |             | 0.9123   | 0.341  
453    | 2.1657     | 0.2485     | 1.6990     | 0.1979     | 0.0202     | 0.2176       | 0.1244       |             | 1.0501   | 0.342  
454    | 2.3726     | 0.3444     | 1.8229     | 0.1814     | 0.0238     | 0.2469       | 0.1098       |             | 1.0196   | 0.357  
455    | 2.3760     | 0.3211     | 1.8053     | 0.2097     | 0.0400     | 0.2717       | 0.1199       |             | 1.0547   | 0.392  
456    | 2.2298     | 0.2542     | 1.7477     | 0.1997     | 0.0282     | 0.2330       | 0.1390       |             | 1.0460   | 0.372  
457    | 2.2224     | 0.2970     | 1.6798     | 0.2117     | 0.0338     | 0.2167       | 0.1532       |             | 1.0245   | 0.370  
458    | 2.1014     | 0.2402     | 1.6375     | 0.1958     | 0.0279     | 0.2090       | 0.1338       |             | 1.0102   | 0.343  
459    | 2.2067     | 0.3223     | 1.6624     | 0.1917     | 0.0302     | 0.1848       | 0.1664       |             | 1.0008   | 0.351  
460    | 2.2048     | 0.2319     | 1.7468     | 0.1994     | 0.0267     | 0.2121       | 0.1530       |             | 0.9670   | 0.365  
461    | 2.4776     | 0.2837     | 1.9443     | 0.2228     | 0.0268     | 0.2114       | 0.2087       |             | 1.0283   | 0.420  
462    | 2.3268     | 0.2943     | 1.7903     | 0.2156     | 0.0266     | 0.2326       | 0.1345       |             | 1.1102   | 0.367  
463    | 2.3154     | 0.2680     | 1.7973     | 0.2079     | 0.0423     | 0.1945       | 0.1151       |             | 1.0886   | 0.310  
464    | 2.3504     | 0.2910     | 1.8160     | 0.2118     | 0.0316     | 0.2427       | 0.1727       |             | 1.0892   | 0.415  
465    | 2.2959     | 0.2871     | 1.7800     | 0.1998     | 0.0290     | 0.2794       | 0.1177       |             | 1.0928   | 0.397  
466    | 2.1794     | 0.2298     | 1.7155     | 0.2131     | 0.0210     | 0.2593       | 0.1434       |             | 1.0508   | 0.403  
467    | 2.2322     | 0.2710     | 1.7303     | 0.2036     | 0.0273     | 0.2463       | 0.1147       |             | 0.9932   | 0.361  
468    | 2.3030     | 0.2951     | 1.7674     | 0.2181     | 0.0223     | 0.1717       | 0.1043       |             | 0.9859   | 0.276  
469    | 2.2902     | 0.2505     | 1.8078     | 0.2067     | 0.0253     | 0.1781       | 0.1393       |             | 0.9763   | 0.317  
470    | 2.3289     | 0.3084     | 1.7915     | 0.2083     | 0.0206     | 0.2097       | 0.1247       |             | 1.0157   | 0.334  
471    | 2.1840     | 0.2414     | 1.7265     | 0.1932     | 0.0229     | 0.2044       | 0.1187       |             | 0.9666   | 0.323  
472    | 2.1182     | 0.2704     | 1.6302     | 0.1931     | 0.0244     | 0.1959       | 0.1112       |             | 0.9588   | 0.307  
473    | 2.2357     | 0.3031     | 1.7233     | 0.1884     | 0.0209     | 0.2064       | 0.1131       |             | 0.9415   | 0.320  
474    | 2.1482     | 0.2585     | 1.6724     | 0.1951     | 0.0223     | 0.2610       | 0.1027       |             | 0.9778   | 0.364  
475    | 2.1885     | 0.2989     | 1.6679     | 0.1895     | 0.0322     | 0.2376       | 0.1580       |             | 0.9932   | 0.396  
476    | 1.9871     | 0.2462     | 1.5050     | 0.2074     | 0.0285     | 0.2080       | 0.1431       |             | 1.0543   | 0.351  
477    | 2.0713     | 0.2709     | 1.5773     | 0.1908     | 0.0323     | 0.2148       | 0.1355       |             | 0.9985   | 0.350  
478    | 2.2156     | 0.2882     | 1.6951     | 0.2065     | 0.0258     | 0.2019       | 0.1596       |             | 0.9992   | 0.362  
479    | 2.2435     | 0.2870     | 1.7035     | 0.2222     | 0.0308     | 0.3338       | 0.1391       |             | 1.0904   | 0.473  
480    | 2.1728     | 0.2452     | 1.6822     | 0.2156     | 0.0299     | 0.1726       | 0.1297       |             | 1.0501   | 0.302  
481    | 1.9686     | 0.2641     | 1.5046     | 0.1767     | 0.0233     | 0.1818       | 0.1125       |             | 1.0011   | 0.294  
482    | 2.1457     | 0.2374     | 1.7103     | 0.1776     | 0.0205     | 0.2400       | 0.1342       |             | 1.0156   | 0.374  
483    | 2.1963     | 0.2948     | 1.6912     | 0.1810     | 0.0293     | 0.2210       | 0.1153       |             | 0.9926   | 0.336  
484    | 2.0738     | 0.2779     | 1.5941     | 0.1737     | 0.0281     | 0.2370       | 0.1174       |             | 1.0493   | 0.354  
485    | 2.2523     | 0.2362     | 1.7975     | 0.1989     | 0.0197     | 0.2136       | 0.1309       |             | 1.0487   | 0.345  
486    | 2.3565     | 0.2589     | 1.8649     | 0.2050     | 0.0278     | 0.2523       | 0.1337       |             | 1.0754   | 0.386  
487    | 2.5523     | 0.3589     | 1.9563     | 0.2105     | 0.0267     | 0.2258       | 0.1468       |             | 1.1903   | 0.373  
488    | 2.2926     | 0.3068     | 1.7253     | 0.2263     | 0.0341     | 0.2086       | 0.1813       |             | 1.1198   | 0.390  
489    | 2.3743     | 0.2830     | 1.8385     | 0.2240     | 0.0289     | 0.1808       | 0.1391       |             | 1.0598   | 0.320  
490    | 2.3254     | 0.2705     | 1.7970     | 0.2224     | 0.0354     | 0.2305       | 0.1497       |             | 1.0882   | 0.380  
491    | 2.2531     | 0.2416     | 1.7746     | 0.2094     | 0.0275     | 0.2066       | 0.1386       |             | 1.1340   | 0.345  
492    | 2.3602     | 0.2939     | 1.8107     | 0.2143     | 0.0412     | 0.2216       | 0.1406       |             | 1.1176   | 0.362  
493    | 2.2437     | 0.2581     | 1.7539     | 0.2046     | 0.0271     | 0.2425       | 0.1542       |             | 1.0738   | 0.397  
494    | 2.1767     | 0.2748     | 1.6803     | 0.1999     | 0.0218     | 0.2548       | 0.1247       |             | 1.0275   | 0.379  
495    | 2.0793     | 0.2652     | 1.5882     | 0.1974     | 0.0286     | 0.2164       | 0.1272       |             | 0.9765   | 0.344  
496    | 1.9883     | 0.2738     | 1.5029     | 0.1875     | 0.0242     | 0.2018       | 0.1183       |             | 0.9678   | 0.320  
497    | 2.0120     | 0.2448     | 1.5597     | 0.1844     | 0.0231     | 0.2441       | 0.0994       |             | 0.9571   | 0.344  
498    | 2.0087     | 0.2107     | 1.5960     | 0.1768     | 0.0253     | 0.2165       | 0.0943       |             | 0.9507   | 0.311  
499    | 1.9551     | 0.2184     | 1.5489     | 0.1601     | 0.0276     | 0.2421       | 0.1021       |             | 0.9547   | 0.344  
500    | 2.1460     | 0.3106     | 1.6360     | 0.1720     | 0.0274     | 0.2513       | 0.1498       |             | 1.0144   | 0.401  
Seed 6767 | Src Acc: 97.5510 | Src MDE: 0.0374 | Tgt Acc: 40.8163 | Tgt MDE: 0.8682
cuda
Start Training Seed 123456...
Epoch  | Total Loss | l_sc       | l_dc       | l_tc       | l_ca       | val_l_sc     | val_l_dc     | Save        | Test MDE | Score  
---------------------------------------------------------------------------------------------------------------------------------------
1      | 10.8938    | 3.6666     | 2.8160     | 3.7768     | 0.6344     | 3.2799       | 3.7754       |             | 3.1634   | 7.055  
2      | 9.8676     | 3.1892     | 2.7197     | 3.7323     | 0.2264     | 2.9311       | 3.7082       |             | 2.7193   | 6.639  
3      | 9.3461     | 2.9242     | 2.6618     | 3.6308     | 0.1294     | 2.7262       | 3.5909       |             | 2.5811   | 6.317  
4      | 8.8300     | 2.7169     | 2.5900     | 3.4435     | 0.0796     | 2.5518       | 3.3766       |             | 2.5149   | 5.928  
5      | 8.3793     | 2.5977     | 2.5249     | 3.1859     | 0.0708     | 2.3791       | 3.0900       |             | 2.5130   | 5.469  
6      | 7.7748     | 2.4624     | 2.4491     | 2.8077     | 0.0555     | 2.3499       | 2.6003       |             | 2.5610   | 4.950  
7      | 7.1502     | 2.4322     | 2.3437     | 2.3265     | 0.0479     | 2.2433       | 2.1177       |             | 2.5369   | 4.361  
8      | 6.4041     | 2.2800     | 2.2236     | 1.8642     | 0.0363     | 2.1643       | 1.7706       |             | 2.5193   | 3.935  
9      | 5.7649     | 2.1798     | 2.0858     | 1.4609     | 0.0384     | 2.0840       | 1.3579       |             | 2.5537   | 3.442  
10     | 4.9997     | 2.0155     | 1.9314     | 1.0095     | 0.0433     | 1.9441       | 1.0461       |             | 2.6530   | 2.990  
11     | 4.3689     | 1.8922     | 1.7901     | 0.6582     | 0.0284     | 1.7335       | 0.9441       |             | 2.6325   | 2.678  
12     | 3.6692     | 1.6139     | 1.5838     | 0.4433     | 0.0283     | 1.5489       | 0.7879       |             | 2.6369   | 2.337  
13     | 3.3060     | 1.4868     | 1.4257     | 0.3619     | 0.0315     | 1.3694       | 0.7443       |             | 2.6420   | 2.114  
14     | 2.9929     | 1.3233     | 1.3087     | 0.3367     | 0.0242     | 1.3220       | 0.4816       |             | 2.6340   | 1.804  
15     | 2.6841     | 1.1846     | 1.1820     | 0.2965     | 0.0210     | 1.2121       | 0.5283       |             | 2.6390   | 1.740  
16     | 2.3399     | 1.0393     | 1.0427     | 0.2436     | 0.0143     | 1.1046       | 0.4681       |             | 2.6467   | 1.573  
17     | 2.1044     | 0.9701     | 0.9320     | 0.1847     | 0.0175     | 0.8170       | 0.6221       |             | 2.6259   | 1.439  
18     | 1.9624     | 0.8502     | 0.8676     | 0.2262     | 0.0183     | 0.8622       | 0.5583       |             | 2.5965   | 1.420  
19     | 1.7823     | 0.7749     | 0.7791     | 0.2070     | 0.0212     | 0.8224       | 0.4765       |             | 2.6148   | 1.299  
20     | 1.6506     | 0.7317     | 0.7445     | 0.1573     | 0.0170     | 1.0803       | 0.2587       |             | 2.6059   | 1.339  
21     | 1.4981     | 0.6572     | 0.6629     | 0.1611     | 0.0169     | 0.6128       | 0.6226       |             | 2.6300   | 1.235  
22     | 1.3657     | 0.6094     | 0.6108     | 0.1283     | 0.0172     | 0.7470       | 0.4117       |             | 2.6296   | 1.159  
23     | 1.1499     | 0.5054     | 0.5205     | 0.1135     | 0.0105     | 0.6296       | 0.3488       |             | 2.6263   | 0.978  
24     | 1.1286     | 0.5092     | 0.4890     | 0.1181     | 0.0123     | 0.5073       | 0.3856       |             | 2.6122   | 0.893  
25     | 1.0389     | 0.4677     | 0.4553     | 0.1039     | 0.0120     | 0.7430       | 0.2754       |             | 2.6417   | 1.018  
26     | 0.9528     | 0.4266     | 0.4312     | 0.0850     | 0.0100     | 0.4987       | 0.3173       |             | 2.6316   | 0.816  
27     | 0.8819     | 0.3959     | 0.3819     | 0.0941     | 0.0100     | 0.5392       | 0.3138       |             | 2.6350   | 0.853  
28     | 0.8744     | 0.3898     | 0.3893     | 0.0865     | 0.0088     | 0.8008       | 0.1908       |             | 2.6276   | 0.992  
29     | 0.8001     | 0.3346     | 0.3619     | 0.0911     | 0.0124     | 0.4801       | 0.3055       |             | 2.6334   | 0.786  
30     | 0.8385     | 0.3571     | 0.3957     | 0.0759     | 0.0098     | 0.3148       | 0.4542       |             | 2.5758   | 0.769  
31     | 0.8008     | 0.3407     | 0.3560     | 0.0872     | 0.0170     | 0.5892       | 0.2029       |             | 2.6288   | 0.792  
32     | 0.7754     | 0.3258     | 0.3618     | 0.0729     | 0.0148     | 0.4187       | 0.3619       |             | 2.5656   | 0.781  
33     | 0.6880     | 0.2881     | 0.3033     | 0.0845     | 0.0121     | 0.6093       | 0.1997       |             | 2.6400   | 0.809  
34     | 0.6603     | 0.2907     | 0.2902     | 0.0676     | 0.0118     | 0.4719       | 0.2975       |             | 2.6295   | 0.769  
35     | 0.6384     | 0.2832     | 0.2797     | 0.0685     | 0.0071     | 0.4414       | 0.2415       |             | 2.6162   | 0.683  
36     | 0.6573     | 0.2995     | 0.2943     | 0.0574     | 0.0061     | 0.2808       | 0.4493       |             | 2.5549   | 0.730  
37     | 0.5723     | 0.2477     | 0.2629     | 0.0569     | 0.0048     | 0.5047       | 0.2254       |             | 2.6139   | 0.730  
38     | 0.5408     | 0.2345     | 0.2431     | 0.0557     | 0.0075     | 0.3756       | 0.3029       |             | 2.6352   | 0.679  
39     | 0.6150     | 0.2828     | 0.2598     | 0.0602     | 0.0122     | 0.5871       | 0.2452       |             | 2.6421   | 0.832  
40     | 0.5213     | 0.2253     | 0.2338     | 0.0525     | 0.0097     | 0.2731       | 0.3397       |             | 2.6114   | 0.613  
41     | 0.5649     | 0.2287     | 0.2669     | 0.0616     | 0.0077     | 0.5033       | 0.2028       |             | 2.6228   | 0.706  
42     | 0.5333     | 0.2342     | 0.2363     | 0.0530     | 0.0098     | 0.2578       | 0.3848       |             | 2.5800   | 0.643  
43     | 0.5164     | 0.2234     | 0.2120     | 0.0523     | 0.0288     | 0.3056       | 0.3135       |             | 2.5919   | 0.619  
44     | 0.5029     | 0.2299     | 0.2097     | 0.0553     | 0.0080     | 0.6576       | 0.1395       |             | 2.6443   | 0.797  
45     | 0.5121     | 0.2439     | 0.2105     | 0.0469     | 0.0108     | 0.3220       | 0.2996       |             | 2.5945   | 0.622  
46     | 0.5380     | 0.2441     | 0.2306     | 0.0557     | 0.0076     | 0.2996       | 0.3483       |             | 2.5956   | 0.648  
47     | 0.5397     | 0.2345     | 0.2177     | 0.0779     | 0.0095     | 0.3427       | 0.3077       |             | 2.5889   | 0.650  
48     | 0.4708     | 0.2099     | 0.1979     | 0.0479     | 0.0151     | 0.3623       | 0.2514       |             | 2.6201   | 0.614  
49     | 0.5345     | 0.2427     | 0.2371     | 0.0493     | 0.0054     | 0.3236       | 0.2707       |             | 2.6062   | 0.594  
50     | 0.4662     | 0.2113     | 0.2081     | 0.0385     | 0.0082     | 0.3399       | 0.2881       |             | 2.6122   | 0.628  
51     | 0.4741     | 0.1842     | 0.2199     | 0.0579     | 0.0121     | 0.2908       | 0.3394       |             | 2.4882   | 0.630  
52     | 0.4786     | 0.2082     | 0.1999     | 0.0549     | 0.0155     | 0.3166       | 0.3069       |             | 2.5869   | 0.623  
53     | 0.4484     | 0.1963     | 0.1996     | 0.0470     | 0.0054     | 0.4815       | 0.2060       |             | 2.6322   | 0.688  
54     | 0.4371     | 0.1919     | 0.1989     | 0.0385     | 0.0077     | 0.3015       | 0.2990       |             | 2.5462   | 0.601  
55     | 0.4046     | 0.1717     | 0.1813     | 0.0426     | 0.0090     | 0.2598       | 0.2849       |             | 2.5511   | 0.545  
56     | 0.4068     | 0.1787     | 0.1788     | 0.0431     | 0.0063     | 0.4742       | 0.1785       |             | 2.6355   | 0.653  
57     | 0.4198     | 0.1808     | 0.1898     | 0.0367     | 0.0125     | 0.4202       | 0.1924       |             | 2.6190   | 0.613  
58     | 0.4440     | 0.1815     | 0.2008     | 0.0573     | 0.0044     | 0.4023       | 0.2388       |             | 2.5890   | 0.641  
59     | 0.4426     | 0.1842     | 0.2106     | 0.0436     | 0.0043     | 0.4686       | 0.2078       |             | 2.6065   | 0.676  
60     | 0.4740     | 0.1844     | 0.2246     | 0.0534     | 0.0116     | 0.5934       | 0.1858       |             | 2.5758   | 0.779  
61     | 0.4899     | 0.1872     | 0.2499     | 0.0437     | 0.0090     | 0.3476       | 0.3736       |             | 2.5384   | 0.721  
62     | 0.4946     | 0.1654     | 0.2773     | 0.0448     | 0.0072     | 0.4740       | 0.2470       |             | 2.5899   | 0.721  
63     | 0.5780     | 0.2045     | 0.3115     | 0.0502     | 0.0118     | 0.2880       | 0.4492       |             | 2.5680   | 0.737  
64     | 0.6673     | 0.2070     | 0.3790     | 0.0652     | 0.0161     | 0.4290       | 0.2460       |             | 2.6652   | 0.675  
65     | 0.6234     | 0.1869     | 0.3555     | 0.0663     | 0.0146     | 0.4374       | 0.2638       |             | 2.6147   | 0.701  
66     | 0.6776     | 0.2057     | 0.3951     | 0.0672     | 0.0096     | 0.5288       | 0.2615       |             | 2.6426   | 0.790  
67     | 0.5907     | 0.1651     | 0.3506     | 0.0588     | 0.0161     | 0.3342       | 0.2883       |             | 2.6347   | 0.622  
68     | 0.7267     | 0.2250     | 0.4222     | 0.0635     | 0.0161     | 0.3076       | 0.4271       |             | 2.4450   | 0.735  
69     | 0.7519     | 0.2034     | 0.4530     | 0.0690     | 0.0264     | 0.3663       | 0.2693       |             | 2.5788   | 0.636  
70     | 0.8630     | 0.2147     | 0.5453     | 0.0823     | 0.0206     | 0.4536       | 0.2256       |             | 2.6957   | 0.679  
71     | 1.0011     | 0.2813     | 0.6139     | 0.0909     | 0.0150     | 0.7624       | 0.1664       |             | 2.6740   | 0.929  
72     | 1.0006     | 0.2599     | 0.6381     | 0.0852     | 0.0174     | 0.3529       | 0.3371       |             | 2.5693   | 0.690  
73     | 0.8104     | 0.2145     | 0.5094     | 0.0759     | 0.0107     | 0.4235       | 0.2397       |             | 2.6432   | 0.663  
74     | 0.7331     | 0.2135     | 0.4528     | 0.0575     | 0.0093     | 0.3029       | 0.3438       |             | 2.5762   | 0.647  
75     | 0.7680     | 0.1850     | 0.4855     | 0.0804     | 0.0171     | 0.4097       | 0.2881       |             | 2.6632   | 0.698  
76     | 0.8344     | 0.2514     | 0.4930     | 0.0756     | 0.0143     | 0.4567       | 0.1813       |             | 2.6958   | 0.638  
77     | 0.8463     | 0.2285     | 0.5257     | 0.0745     | 0.0176     | 0.5875       | 0.1956       |             | 2.6831   | 0.783  
78     | 0.9364     | 0.2416     | 0.5984     | 0.0789     | 0.0175     | 0.2934       | 0.3666       |             | 2.6464   | 0.660  
79     | 0.9110     | 0.2198     | 0.5842     | 0.0859     | 0.0212     | 0.4370       | 0.2504       |             | 2.6665   | 0.687  
80     | 1.0600     | 0.2393     | 0.7043     | 0.0959     | 0.0205     | 0.5156       | 0.1843       |             | 2.6716   | 0.700  
81     | 1.0859     | 0.2317     | 0.7132     | 0.1114     | 0.0296     | 0.3110       | 0.2550       |             | 2.6519   | 0.566  
82     | 0.9808     | 0.2351     | 0.6246     | 0.0910     | 0.0301     | 0.3127       | 0.4825       |             | 2.4287   | 0.795  
83     | 1.0088     | 0.2546     | 0.6108     | 0.1058     | 0.0376     | 0.3856       | 0.2869       |             | 2.5426   | 0.673  
84     | 0.9341     | 0.2329     | 0.5830     | 0.0972     | 0.0209     | 0.4645       | 0.2288       |             | 2.6577   | 0.693  
85     | 1.1345     | 0.2902     | 0.7179     | 0.0948     | 0.0316     | 0.5313       | 0.2132       |             | 2.6789   | 0.744  
86     | 1.0738     | 0.2699     | 0.6784     | 0.0961     | 0.0294     | 0.3770       | 0.2799       |             | 2.6760   | 0.657  
87     | 0.8765     | 0.2179     | 0.5544     | 0.0872     | 0.0170     | 0.4543       | 0.1942       |             | 2.6407   | 0.648  
88     | 0.9742     | 0.2489     | 0.5887     | 0.1126     | 0.0239     | 0.2192       | 0.3774       |             | 2.4985   | 0.597  
89     | 0.7576     | 0.1915     | 0.4647     | 0.0850     | 0.0164     | 0.4278       | 0.2793       |             | 2.6210   | 0.707  
90     | 0.8965     | 0.1930     | 0.5901     | 0.0958     | 0.0175     | 0.6394       | 0.1788       |             | 2.7388   | 0.818  
91     | 1.0743     | 0.2443     | 0.6998     | 0.0988     | 0.0313     | 0.4331       | 0.2642       |             | 2.6562   | 0.697  
92     | 1.1941     | 0.2751     | 0.7835     | 0.1029     | 0.0325     | 0.6609       | 0.2288       |             | 2.7384   | 0.890  
93     | 1.2274     | 0.2751     | 0.7990     | 0.1146     | 0.0387     | 0.3865       | 0.2479       |             | 2.6780   | 0.634  
94     | 1.0897     | 0.2616     | 0.6864     | 0.1156     | 0.0260     | 0.6074       | 0.1948       |             | 2.7431   | 0.802  
95     | 1.0209     | 0.2525     | 0.6470     | 0.0993     | 0.0221     | 0.4604       | 0.2885       |             | 2.6798   | 0.749  
96     | 1.0307     | 0.2526     | 0.6559     | 0.0981     | 0.0241     | 0.3064       | 0.2623       |             | 2.6742   | 0.569  
97     | 0.9048     | 0.2023     | 0.5875     | 0.0950     | 0.0201     | 0.2626       | 0.2733       |             | 2.6340   | 0.536  
98     | 1.1312     | 0.2662     | 0.7106     | 0.1294     | 0.0250     | 0.4995       | 0.1961       |             | 2.7045   | 0.696  
99     | 1.0271     | 0.2487     | 0.6328     | 0.1090     | 0.0367     | 0.4115       | 0.2034       |             | 2.7098   | 0.615  
100    | 0.9739     | 0.2629     | 0.5908     | 0.0934     | 0.0267     | 0.3133       | 0.2913       |             | 2.6290   | 0.605  
101    | 0.8535     | 0.2223     | 0.5251     | 0.0859     | 0.0203     | 0.3163       | 0.2195       |             | 2.6096   | 0.536  
102    | 0.8615     | 0.2248     | 0.5220     | 0.0895     | 0.0252     | 0.3893       | 0.2923       |             | 2.7018   | 0.682  
103    | 0.9351     | 0.2531     | 0.5471     | 0.1034     | 0.0316     | 0.3188       | 0.3125       |             | 2.6611   | 0.631  
104    | 0.9772     | 0.2613     | 0.5826     | 0.0983     | 0.0351     | 0.3355       | 0.3003       |             | 2.6907   | 0.636  
105    | 0.9010     | 0.2281     | 0.5417     | 0.1070     | 0.0242     | 0.4524       | 0.2233       |             | 2.7084   | 0.676  
106    | 0.9276     | 0.2264     | 0.5851     | 0.0881     | 0.0279     | 0.3599       | 0.2960       |             | 2.5486   | 0.656  
107    | 1.0099     | 0.2500     | 0.6093     | 0.1228     | 0.0278     | 0.3181       | 0.2473       |             | 2.6909   | 0.565  
108    | 0.8631     | 0.2112     | 0.5190     | 0.0952     | 0.0377     | 0.3479       | 0.3263       |             | 2.6045   | 0.674  
109    | 0.8874     | 0.2323     | 0.5154     | 0.1061     | 0.0336     | 0.3177       | 0.3334       |             | 2.5341   | 0.651  
110    | 0.9051     | 0.2207     | 0.5600     | 0.0985     | 0.0259     | 0.3555       | 0.2511       |             | 2.6656   | 0.607  
111    | 1.0248     | 0.2347     | 0.6208     | 0.1329     | 0.0364     | 0.4845       | 0.2181       |             | 2.7794   | 0.703  
112    | 1.0173     | 0.2310     | 0.6309     | 0.1170     | 0.0384     | 0.2515       | 0.2826       |             | 2.6349   | 0.534  
113    | 0.9348     | 0.2213     | 0.5709     | 0.1100     | 0.0325     | 0.4373       | 0.2098       |             | 2.7122   | 0.647  
114    | 0.9380     | 0.2114     | 0.5797     | 0.1141     | 0.0329     | 0.1852       | 0.3096       |             | 2.5868   | 0.495  
115    | 0.9036     | 0.2297     | 0.5337     | 0.1191     | 0.0210     | 0.3108       | 0.2631       |             | 2.6680   | 0.574  
116    | 0.8208     | 0.2052     | 0.4903     | 0.1016     | 0.0237     | 0.3220       | 0.1918       |             | 2.7148   | 0.514  
117    | 0.8826     | 0.2086     | 0.5266     | 0.1126     | 0.0348     | 0.2314       | 0.2725       |             | 2.5378   | 0.504  
118    | 0.9140     | 0.2537     | 0.5284     | 0.0965     | 0.0354     | 0.2406       | 0.1731       |             | 2.7067   | 0.414  
119    | 0.8442     | 0.1983     | 0.5096     | 0.1052     | 0.0310     | 0.3530       | 0.2630       |             | 2.6758   | 0.616  
120    | 1.0000     | 0.2098     | 0.6309     | 0.1228     | 0.0365     | 0.2983       | 0.3113       |             | 2.7168   | 0.610  
121    | 1.2313     | 0.2549     | 0.7885     | 0.1467     | 0.0412     | 0.5337       | 0.2233       |             | 2.7448   | 0.757  
122    | 1.1864     | 0.2540     | 0.7600     | 0.1328     | 0.0396     | 0.3416       | 0.2992       |             | 2.6122   | 0.641  
123    | 1.0152     | 0.2523     | 0.6058     | 0.1232     | 0.0338     | 0.2430       | 0.2953       |             | 2.7288   | 0.538  
124    | 0.9602     | 0.2425     | 0.5639     | 0.1235     | 0.0304     | 0.4678       | 0.2312       |             | 2.7135   | 0.699  
125    | 0.9725     | 0.2528     | 0.5657     | 0.1103     | 0.0436     | 0.2962       | 0.2805       |             | 2.6141   | 0.577  
126    | 0.8481     | 0.2357     | 0.4835     | 0.1036     | 0.0252     | 0.3802       | 0.2062       |             | 2.7052   | 0.586  
127    | 0.7553     | 0.2054     | 0.4252     | 0.0967     | 0.0281     | 0.2918       | 0.2537       |             | 2.6128   | 0.546  
128    | 0.8064     | 0.2102     | 0.4591     | 0.1108     | 0.0264     | 0.2803       | 0.2530       |             | 2.6850   | 0.533  
129    | 0.9045     | 0.2499     | 0.5033     | 0.1245     | 0.0268     | 0.2032       | 0.4006       |             | 2.5695   | 0.604  
130    | 0.9345     | 0.2440     | 0.5414     | 0.1192     | 0.0299     | 0.3010       | 0.1818       |             | 2.5489   | 0.483  
131    | 0.9233     | 0.2487     | 0.5295     | 0.1084     | 0.0367     | 0.1908       | 0.4993       |             | 2.4647   | 0.690  
132    | 0.8945     | 0.2179     | 0.5228     | 0.1197     | 0.0340     | 0.4048       | 0.2521       |             | 2.5469   | 0.657  
133    | 0.8966     | 0.2480     | 0.4989     | 0.1111     | 0.0387     | 0.5214       | 0.1887       |             | 2.7683   | 0.710  
134    | 0.8598     | 0.2500     | 0.4768     | 0.0962     | 0.0368     | 0.2466       | 0.2780       |             | 2.6766   | 0.525  
135    | 0.7773     | 0.1924     | 0.4485     | 0.1015     | 0.0349     | 0.3142       | 0.2126       |             | 2.6795   | 0.527  
136    | 0.8834     | 0.2716     | 0.4836     | 0.0997     | 0.0284     | 0.3641       | 0.2700       |             | 2.5429   | 0.634  
137    | 0.9063     | 0.2392     | 0.5042     | 0.1284     | 0.0345     | 0.5195       | 0.1256       |             | 2.7076   | 0.645  
138    | 0.8426     | 0.2474     | 0.4602     | 0.1043     | 0.0307     | 0.2310       | 0.2599       |             | 2.6753   | 0.491  
139    | 0.8438     | 0.2215     | 0.4719     | 0.1128     | 0.0376     | 0.3702       | 0.2618       |             | 2.6876   | 0.632  
140    | 0.7778     | 0.2156     | 0.4400     | 0.0939     | 0.0282     | 0.6272       | 0.1500       |             | 2.7192   | 0.777  
141    | 0.7929     | 0.2147     | 0.4723     | 0.0801     | 0.0258     | 0.3123       | 0.2260       |             | 2.6432   | 0.538  
142    | 0.9029     | 0.2196     | 0.5152     | 0.1249     | 0.0432     | 0.2961       | 0.2495       |             | 2.5340   | 0.546  
143    | 0.9378     | 0.2443     | 0.5426     | 0.1208     | 0.0301     | 0.2708       | 0.2284       |             | 2.6701   | 0.499  
144    | 1.1348     | 0.2826     | 0.6364     | 0.1659     | 0.0499     | 0.2294       | 0.3690       |             | 2.5398   | 0.598  
145    | 0.9315     | 0.2073     | 0.5772     | 0.1193     | 0.0276     | 0.3355       | 0.2758       |             | 2.6210   | 0.611  
146    | 1.0641     | 0.2370     | 0.6645     | 0.1318     | 0.0307     | 0.2654       | 0.2813       |             | 2.4841   | 0.547  
147    | 1.1038     | 0.2549     | 0.6722     | 0.1409     | 0.0358     | 0.3250       | 0.1792       |             | 2.5809   | 0.504  
148    | 1.0330     | 0.2368     | 0.6211     | 0.1406     | 0.0346     | 0.2472       | 0.3422       |             | 2.4942   | 0.589  
149    | 1.1284     | 0.2616     | 0.6687     | 0.1509     | 0.0473     | 0.2540       | 0.3021       |             | 2.3070   | 0.556  
150    | 1.2817     | 0.2935     | 0.7517     | 0.1784     | 0.0582     | 0.2438       | 0.3303       |             | 2.3540   | 0.574  
151    | 1.3746     | 0.2661     | 0.8496     | 0.2009     | 0.0581     | 0.2409       | 0.3510       |             | 2.1966   | 0.592  
152    | 1.3312     | 0.2423     | 0.8067     | 0.2227     | 0.0595     | 0.2268       | 0.2913       |             | 2.1104   | 0.518  
153    | 1.3865     | 0.2794     | 0.8625     | 0.1965     | 0.0482     | 0.2879       | 0.2913       |             | 2.1715   | 0.579  
154    | 1.3715     | 0.2840     | 0.8250     | 0.2100     | 0.0525     | 0.3538       | 0.1961       |             | 2.1860   | 0.550  
155    | 1.1654     | 0.2385     | 0.7048     | 0.1726     | 0.0495     | 0.2301       | 0.2197       |             | 2.1919   | 0.450  
156    | 1.2245     | 0.2610     | 0.7438     | 0.1699     | 0.0497     | 0.3473       | 0.1907       |             | 2.1922   | 0.538  
157    | 1.3425     | 0.2919     | 0.8139     | 0.1947     | 0.0419     | 0.1796       | 0.2692       |             | 2.1466   | 0.449  
158    | 1.3075     | 0.2662     | 0.8080     | 0.1941     | 0.0392     | 0.2237       | 0.2161       |             | 2.1160   | 0.440  
159    | 1.2319     | 0.2634     | 0.7301     | 0.1933     | 0.0451     | 0.1625       | 0.3147       |             | 1.9992   | 0.477  
160    | 1.5126     | 0.3022     | 0.9275     | 0.2330     | 0.0499     | 0.1986       | 0.2954       |             | 2.0867   | 0.494  
161    | 1.5413     | 0.2963     | 0.9465     | 0.2434     | 0.0552     | 0.1669       | 0.3164       |             | 1.8176   | 0.483  
162    | 1.6414     | 0.2598     | 1.0688     | 0.2529     | 0.0599     | 0.1901       | 0.2115       |             | 1.9456   | 0.402  
163    | 1.6554     | 0.2935     | 1.0681     | 0.2494     | 0.0445     | 0.2042       | 0.1855       |             | 1.9036   | 0.390  
164    | 1.6413     | 0.2729     | 1.0897     | 0.2316     | 0.0470     | 0.1691       | 0.1964       |             | 1.9747   | 0.365  
165    | 1.7675     | 0.3027     | 1.1566     | 0.2596     | 0.0486     | 0.2053       | 0.2109       |             | 1.9402   | 0.416  
166    | 1.6273     | 0.2547     | 1.0898     | 0.2318     | 0.0509     | 0.1624       | 0.2409       |             | 1.8476   | 0.403  
167    | 1.8633     | 0.3100     | 1.2510     | 0.2480     | 0.0543     | 0.2050       | 0.2170       |             | 1.7894   | 0.422  
168    | 1.8112     | 0.3140     | 1.2094     | 0.2379     | 0.0499     | 0.1902       | 0.2010       |             | 1.7523   | 0.391  
169    | 1.8739     | 0.3153     | 1.2288     | 0.2638     | 0.0659     | 0.1843       | 0.2108       |             | 1.8488   | 0.395  
170    | 1.8249     | 0.3095     | 1.2140     | 0.2544     | 0.0470     | 0.1514       | 0.2039       |             | 1.7452   | 0.355  
171    | 1.7243     | 0.2820     | 1.1621     | 0.2422     | 0.0381     | 0.1886       | 0.1688       |             | 1.7798   | 0.357  
172    | 1.8782     | 0.2705     | 1.2784     | 0.2815     | 0.0478     | 0.1998       | 0.1691       |             | 1.7782   | 0.369  
173    | 2.3021     | 0.3904     | 1.5375     | 0.3226     | 0.0516     | 0.2407       | 0.2116       |             | 1.5065   | 0.452  
174    | 2.2333     | 0.3005     | 1.5636     | 0.3175     | 0.0517     | 0.1961       | 0.2277       |             | 1.6359   | 0.424  
175    | 2.3060     | 0.3349     | 1.6148     | 0.2984     | 0.0579     | 0.1599       | 0.2497       |             | 1.5640   | 0.410  
176    | 2.2581     | 0.3061     | 1.5978     | 0.2946     | 0.0595     | 0.1589       | 0.2393       |             | 1.5729   | 0.398  
177    | 2.1360     | 0.3206     | 1.4710     | 0.2866     | 0.0578     | 0.1813       | 0.2149       |             | 1.4757   | 0.396  
178    | 1.8375     | 0.3090     | 1.2313     | 0.2500     | 0.0473     | 0.1942       | 0.2082       |             | 1.4935   | 0.402  
179    | 1.8773     | 0.2461     | 1.3017     | 0.2778     | 0.0516     | 0.1467       | 0.1764       |             | 1.3954   | 0.323  
180    | 1.9215     | 0.2963     | 1.3253     | 0.2478     | 0.0521     | 0.1649       | 0.2071       |             | 1.4373   | 0.372  
181    | 2.0048     | 0.2929     | 1.4020     | 0.2663     | 0.0435     | 0.2030       | 0.2302       |             | 1.4862   | 0.433  
182    | 2.1140     | 0.3080     | 1.4826     | 0.2778     | 0.0456     | 0.2017       | 0.1633       |             | 1.3979   | 0.365  
183    | 2.2225     | 0.3242     | 1.5849     | 0.2677     | 0.0456     | 0.1887       | 0.1765       |             | 1.3749   | 0.365  
184    | 2.2953     | 0.3279     | 1.6312     | 0.2874     | 0.0488     | 0.1913       | 0.1718       |             | 1.3020   | 0.363  
185    | 1.9382     | 0.2425     | 1.4248     | 0.2417     | 0.0293     | 0.1773       | 0.1545       |             | 1.2506   | 0.332  
186    | 1.9196     | 0.2550     | 1.3851     | 0.2433     | 0.0363     | 0.2147       | 0.1486       |             | 1.2489   | 0.363  
187    | 2.1958     | 0.3156     | 1.5729     | 0.2585     | 0.0487     | 0.1799       | 0.2054       |             | 1.2377   | 0.385  
188    | 2.2090     | 0.2596     | 1.6060     | 0.2977     | 0.0458     | 0.1922       | 0.1695       |             | 1.2892   | 0.362  
189    | 2.1234     | 0.2897     | 1.5146     | 0.2769     | 0.0423     | 0.1860       | 0.2183       |             | 1.3082   | 0.404  
190    | 2.0517     | 0.2771     | 1.4713     | 0.2568     | 0.0466     | 0.1489       | 0.1822       |             | 1.3301   | 0.331  
191    | 2.1229     | 0.2815     | 1.5427     | 0.2556     | 0.0431     | 0.1817       | 0.1939       |             | 1.4114   | 0.376  
192    | 2.0242     | 0.2537     | 1.4953     | 0.2381     | 0.0370     | 0.1632       | 0.1244       |             | 1.3456   | 0.288  
193    | 1.9929     | 0.2503     | 1.4541     | 0.2462     | 0.0423     | 0.2262       | 0.1180       |             | 1.3112   | 0.344  
194    | 1.7613     | 0.2653     | 1.2320     | 0.2337     | 0.0304     | 0.1877       | 0.1402       |             | 1.3357   | 0.328  
195    | 1.8313     | 0.2975     | 1.2955     | 0.2027     | 0.0356     | 0.2234       | 0.1421       |             | 1.3492   | 0.365  
196    | 2.0306     | 0.2812     | 1.4779     | 0.2350     | 0.0365     | 0.2238       | 0.1812       |             | 1.3603   | 0.405  
197    | 1.9766     | 0.2871     | 1.4086     | 0.2307     | 0.0502     | 0.1743       | 0.1466       |             | 1.2963   | 0.321  
198    | 2.0919     | 0.3104     | 1.5150     | 0.2354     | 0.0311     | 0.1928       | 0.1583       |             | 1.3791   | 0.351  
199    | 1.9262     | 0.2945     | 1.3604     | 0.2399     | 0.0314     | 0.2077       | 0.1622       |             | 1.4032   | 0.370  
200    | 2.1914     | 0.2801     | 1.5958     | 0.2829     | 0.0327     | 0.1631       | 0.1735       |             | 1.2157   | 0.337  
201    | 2.1748     | 0.2902     | 1.5719     | 0.2607     | 0.0521     | 0.1712       | 0.1237       |             | 1.2058   | 0.295  
202    | 1.8682     | 0.2639     | 1.3249     | 0.2427     | 0.0368     | 0.1828       | 0.1270       |             | 1.2381   | 0.310  
203    | 1.9419     | 0.2525     | 1.4209     | 0.2340     | 0.0345     | 0.1552       | 0.1528       |             | 1.2719   | 0.308  
204    | 1.9938     | 0.3079     | 1.4354     | 0.2234     | 0.0270     | 0.2404       | 0.1179       |             | 1.2036   | 0.358  
205    | 1.9363     | 0.2778     | 1.3891     | 0.2417     | 0.0277     | 0.1628       | 0.1555       |             | 1.2305   | 0.318  
206    | 1.8165     | 0.3028     | 1.2535     | 0.2307     | 0.0296     | 0.2227       | 0.1129       |             | 1.3937   | 0.336  
207    | 1.8022     | 0.2701     | 1.2628     | 0.2312     | 0.0380     | 0.1871       | 0.1704       |             | 1.3549   | 0.357  
208    | 1.7758     | 0.2924     | 1.2023     | 0.2491     | 0.0320     | 0.1937       | 0.1717       |             | 1.2323   | 0.365  
209    | 1.8503     | 0.2802     | 1.2960     | 0.2461     | 0.0279     | 0.2318       | 0.1403       |             | 1.2475   | 0.372  
210    | 2.0162     | 0.2815     | 1.4547     | 0.2492     | 0.0309     | 0.1938       | 0.1470       |             | 1.1814   | 0.341  
211    | 2.0368     | 0.2893     | 1.4854     | 0.2231     | 0.0389     | 0.1439       | 0.1260       |             | 1.1941   | 0.270  
212    | 2.0455     | 0.2931     | 1.4779     | 0.2372     | 0.0373     | 0.1699       | 0.1074       |             | 1.1993   | 0.277  
213    | 2.1259     | 0.2929     | 1.5429     | 0.2600     | 0.0301     | 0.1767       | 0.1454       |             | 1.1787   | 0.322  
214    | 2.0520     | 0.2966     | 1.4934     | 0.2351     | 0.0269     | 0.1718       | 0.1253       |             | 1.1999   | 0.297  
215    | 2.0174     | 0.2526     | 1.4977     | 0.2322     | 0.0349     | 0.1685       | 0.1595       |             | 1.2221   | 0.328  
216    | 2.0186     | 0.2729     | 1.4742     | 0.2279     | 0.0437     | 0.1733       | 0.1259       |             | 1.2038   | 0.299  
217    | 1.8733     | 0.2497     | 1.3356     | 0.2474     | 0.0405     | 0.1477       | 0.1356       |             | 1.2561   | 0.283  
218    | 1.8193     | 0.2407     | 1.3254     | 0.2201     | 0.0330     | 0.1561       | 0.1680       |             | 1.3303   | 0.324  
219    | 1.9390     | 0.2603     | 1.4298     | 0.2149     | 0.0341     | 0.2188       | 0.1528       |             | 1.3380   | 0.372  
220    | 1.9137     | 0.2734     | 1.3817     | 0.2235     | 0.0351     | 0.1299       | 0.1370       |             | 1.2756   | 0.267  
221    | 1.7972     | 0.2560     | 1.3037     | 0.2074     | 0.0301     | 0.1288       | 0.1231       |             | 1.2923   | 0.252  
222    | 1.6780     | 0.2180     | 1.2242     | 0.2064     | 0.0295     | 0.1374       | 0.1287       |             | 1.3116   | 0.266  
223    | 1.8373     | 0.3392     | 1.2500     | 0.2142     | 0.0340     | 0.1655       | 0.1752       |             | 1.2975   | 0.341  
224    | 1.7283     | 0.2101     | 1.2364     | 0.2542     | 0.0276     | 0.1476       | 0.1620       |             | 1.2667   | 0.310  
225    | 1.6454     | 0.2531     | 1.1520     | 0.2198     | 0.0205     | 0.1854       | 0.1138       |             | 1.2755   | 0.299  
226    | 1.7278     | 0.2138     | 1.2676     | 0.2198     | 0.0266     | 0.1788       | 0.1482       |             | 1.2697   | 0.327  
227    | 1.6590     | 0.2681     | 1.1577     | 0.2068     | 0.0264     | 0.1844       | 0.0932       |             | 1.2419   | 0.278  
228    | 1.5350     | 0.2448     | 1.0811     | 0.1887     | 0.0204     | 0.1602       | 0.1215       |             | 1.2113   | 0.282  
229    | 1.6088     | 0.2315     | 1.1528     | 0.2013     | 0.0232     | 0.2120       | 0.1330       |             | 1.2564   | 0.345  
230    | 1.6881     | 0.2510     | 1.2114     | 0.2049     | 0.0208     | 0.1822       | 0.1065       |             | 1.2235   | 0.289  
231    | 1.8565     | 0.2125     | 1.4017     | 0.2167     | 0.0256     | 0.1971       | 0.1787       |             | 1.2008   | 0.376  
232    | 2.2475     | 0.3162     | 1.6305     | 0.2690     | 0.0318     | 0.2086       | 0.1940       |             | 1.1062   | 0.403  
233    | 2.2949     | 0.3196     | 1.6618     | 0.2779     | 0.0356     | 0.1865       | 0.1661       |             | 1.1704   | 0.353  
234    | 2.1372     | 0.2805     | 1.5764     | 0.2564     | 0.0239     | 0.1897       | 0.1815       |             | 1.1506   | 0.371  
235    | 2.2167     | 0.2949     | 1.6414     | 0.2485     | 0.0318     | 0.2127       | 0.1768       |             | 1.1894   | 0.389  
236    | 2.1947     | 0.2553     | 1.6712     | 0.2354     | 0.0328     | 0.1665       | 0.1510       |             | 1.1330   | 0.318  
237    | 2.2024     | 0.3055     | 1.5984     | 0.2563     | 0.0423     | 0.1903       | 0.1622       |             | 1.1151   | 0.352  
238    | 2.2231     | 0.2646     | 1.6833     | 0.2444     | 0.0309     | 0.1966       | 0.1874       |             | 1.1097   | 0.384  
239    | 2.2599     | 0.2967     | 1.6607     | 0.2697     | 0.0328     | 0.1928       | 0.1887       |             | 1.0832   | 0.381  
240    | 2.0241     | 0.3025     | 1.4547     | 0.2326     | 0.0343     | 0.1630       | 0.1427       |             | 1.0893   | 0.306  
241    | 2.1079     | 0.2922     | 1.5371     | 0.2436     | 0.0350     | 0.1699       | 0.1561       |             | 1.0654   | 0.326  
242    | 2.2512     | 0.2826     | 1.6704     | 0.2621     | 0.0360     | 0.2092       | 0.1703       |             | 1.1970   | 0.379  
243    | 2.1220     | 0.2924     | 1.5574     | 0.2308     | 0.0413     | 0.1611       | 0.1234       |             | 1.2104   | 0.284  
244    | 1.9023     | 0.2131     | 1.4608     | 0.2088     | 0.0196     | 0.1707       | 0.1408       |             | 1.1440   | 0.311  
245    | 1.9342     | 0.2497     | 1.4602     | 0.2003     | 0.0240     | 0.1873       | 0.1020       |             | 1.2474   | 0.289  
246    | 1.9603     | 0.3070     | 1.4096     | 0.2155     | 0.0282     | 0.1507       | 0.1439       |             | 1.2133   | 0.295  
247    | 1.8014     | 0.2755     | 1.3061     | 0.1919     | 0.0278     | 0.1315       | 0.1415       |             | 1.1359   | 0.273  
248    | 1.8450     | 0.2573     | 1.3497     | 0.2116     | 0.0265     | 0.1697       | 0.1135       |             | 1.0160   | 0.283  
249    | 1.8848     | 0.2574     | 1.3821     | 0.2224     | 0.0228     | 0.1753       | 0.1187       |             | 1.0215   | 0.294  
250    | 1.8942     | 0.2503     | 1.3903     | 0.2268     | 0.0268     | 0.1362       | 0.1208       |             | 1.0319   | 0.257  
251    | 2.0901     | 0.2794     | 1.5454     | 0.2375     | 0.0278     | 0.1837       | 0.1110       |             | 1.0786   | 0.295  
252    | 2.0829     | 0.2947     | 1.5317     | 0.2283     | 0.0281     | 0.1876       | 0.1919       |             | 1.0887   | 0.380  
253    | 2.0025     | 0.2852     | 1.4290     | 0.2483     | 0.0400     | 0.1619       | 0.1430       |             | 1.0336   | 0.305  
254    | 1.8716     | 0.2455     | 1.3749     | 0.2260     | 0.0252     | 0.1873       | 0.1463       |             | 0.9919   | 0.334  
255    | 1.9981     | 0.2639     | 1.4756     | 0.2295     | 0.0291     | 0.1584       | 0.1891       |             | 1.0412   | 0.348  
256    | 2.0810     | 0.2769     | 1.5393     | 0.2397     | 0.0252     | 0.2303       | 0.1568       |             | 1.0776   | 0.387  
257    | 2.0299     | 0.2705     | 1.5030     | 0.2327     | 0.0237     | 0.1679       | 0.2017       |             | 1.0923   | 0.370  
258    | 2.1037     | 0.2609     | 1.5717     | 0.2358     | 0.0352     | 0.1750       | 0.1626       |             | 1.1609   | 0.338  
259    | 2.0899     | 0.2776     | 1.5526     | 0.2267     | 0.0330     | 0.1642       | 0.1251       |             | 1.1456   | 0.289  
260    | 1.8184     | 0.2422     | 1.3519     | 0.2018     | 0.0225     | 0.1393       | 0.1395       |             | 1.0340   | 0.279  
261    | 1.8182     | 0.2135     | 1.3819     | 0.1942     | 0.0285     | 0.1388       | 0.1335       |             | 1.0602   | 0.272  
262    | 2.0704     | 0.2487     | 1.5682     | 0.2258     | 0.0277     | 0.1660       | 0.1456       |             | 1.1155   | 0.312  
263    | 2.0103     | 0.2757     | 1.4846     | 0.2152     | 0.0348     | 0.1862       | 0.1114       |             | 1.0623   | 0.298  
264    | 2.0259     | 0.2272     | 1.5560     | 0.2190     | 0.0237     | 0.2603       | 0.0986       |             | 1.0557   | 0.359  
265    | 2.1268     | 0.2971     | 1.5898     | 0.2103     | 0.0295     | 0.1608       | 0.1402       |             | 1.0827   | 0.301  
266    | 2.0654     | 0.2447     | 1.5655     | 0.2210     | 0.0343     | 0.1885       | 0.1168       |             | 1.0961   | 0.305  
267    | 2.1548     | 0.2471     | 1.6544     | 0.2273     | 0.0260     | 0.1980       | 0.1008       |             | 1.0800   | 0.299  
268    | 2.0724     | 0.2876     | 1.5627     | 0.1960     | 0.0261     | 0.1806       | 0.1125       |             | 1.1001   | 0.293  
269    | 2.0724     | 0.2681     | 1.5493     | 0.2298     | 0.0252     | 0.1813       | 0.1626       |             | 1.0534   | 0.344  
270    | 2.1301     | 0.2391     | 1.6303     | 0.2337     | 0.0270     | 0.1951       | 0.1273       |             | 1.0798   | 0.322  
271    | 2.1731     | 0.2887     | 1.6293     | 0.2226     | 0.0325     | 0.1655       | 0.1381       |             | 1.0781   | 0.304  
272    | 2.0029     | 0.2390     | 1.4891     | 0.2386     | 0.0362     | 0.1361       | 0.1504       |             | 1.0952   | 0.287  
273    | 2.2002     | 0.2589     | 1.6522     | 0.2552     | 0.0340     | 0.1672       | 0.1833       |             | 1.1816   | 0.351  
274    | 2.1950     | 0.2967     | 1.6660     | 0.2078     | 0.0244     | 0.1873       | 0.1384       |             | 1.1035   | 0.326  
275    | 2.0142     | 0.2836     | 1.4952     | 0.2050     | 0.0304     | 0.2048       | 0.1062       |             | 1.0829   | 0.311  
276    | 2.0737     | 0.2888     | 1.5244     | 0.2296     | 0.0310     | 0.1448       | 0.1488       |             | 1.1803   | 0.294  
277    | 2.0515     | 0.3020     | 1.5045     | 0.2158     | 0.0290     | 0.1522       | 0.1372       |             | 1.2273   | 0.289  
278    | 2.0239     | 0.2667     | 1.4952     | 0.2309     | 0.0312     | 0.1603       | 0.1680       |             | 1.1904   | 0.328  
279    | 2.1141     | 0.2557     | 1.5845     | 0.2520     | 0.0220     | 0.1999       | 0.1366       |             | 1.1814   | 0.336  
280    | 2.0354     | 0.2714     | 1.5165     | 0.2229     | 0.0246     | 0.1416       | 0.1705       |             | 1.2301   | 0.312  
281    | 2.0519     | 0.2358     | 1.5696     | 0.2257     | 0.0208     | 0.1791       | 0.1938       |             | 1.1793   | 0.373  
282    | 2.1136     | 0.2893     | 1.5716     | 0.2219     | 0.0309     | 0.1908       | 0.1238       |             | 1.1339   | 0.315  
283    | 2.0179     | 0.3066     | 1.4818     | 0.2035     | 0.0259     | 0.1951       | 0.1391       |             | 1.1569   | 0.334  
284    | 2.0253     | 0.2295     | 1.5241     | 0.2374     | 0.0343     | 0.2212       | 0.1664       |             | 1.1528   | 0.388  
285    | 2.0443     | 0.2437     | 1.5564     | 0.2205     | 0.0237     | 0.1932       | 0.1178       |             | 1.2395   | 0.311  
286    | 1.9149     | 0.2324     | 1.4655     | 0.1941     | 0.0229     | 0.1689       | 0.1362       |             | 1.1954   | 0.305  
287    | 1.8954     | 0.2360     | 1.4417     | 0.1972     | 0.0204     | 0.1686       | 0.1445       |             | 1.2158   | 0.313  
288    | 1.8887     | 0.2440     | 1.4191     | 0.2031     | 0.0225     | 0.1324       | 0.1621       |             | 1.2026   | 0.295  
289    | 2.1142     | 0.2766     | 1.5819     | 0.2288     | 0.0268     | 0.1476       | 0.1975       |             | 1.1036   | 0.345  
290    | 2.0390     | 0.2778     | 1.5262     | 0.2108     | 0.0242     | 0.2196       | 0.1569       |             | 1.1962   | 0.376  
291    | 2.0482     | 0.2344     | 1.5715     | 0.2164     | 0.0258     | 0.1658       | 0.1511       |             | 1.1645   | 0.317  
292    | 2.0913     | 0.2877     | 1.5324     | 0.2450     | 0.0262     | 0.1561       | 0.1407       |             | 1.1924   | 0.297  
293    | 2.0715     | 0.2565     | 1.5491     | 0.2407     | 0.0251     | 0.1371       | 0.1569       |             | 1.1604   | 0.294  
294    | 2.0573     | 0.2643     | 1.5556     | 0.2126     | 0.0248     | 0.1791       | 0.1464       |             | 1.1596   | 0.325  
295    | 2.1495     | 0.2986     | 1.5926     | 0.2275     | 0.0309     | 0.1642       | 0.1529       |             | 1.1890   | 0.317  
296    | 2.0763     | 0.2623     | 1.5615     | 0.2190     | 0.0336     | 0.1831       | 0.1469       |             | 1.2216   | 0.330  
297    | 2.1851     | 0.2905     | 1.6551     | 0.2098     | 0.0298     | 0.2135       | 0.1413       |             | 1.1586   | 0.355  
298    | 2.1307     | 0.2636     | 1.6273     | 0.2104     | 0.0294     | 0.1886       | 0.1266       |             | 1.1396   | 0.315  
299    | 2.1516     | 0.3210     | 1.5832     | 0.2174     | 0.0299     | 0.1568       | 0.1133       |             | 1.1438   | 0.270  
300    | 1.8141     | 0.2019     | 1.4089     | 0.1740     | 0.0293     | 0.1625       | 0.1147       |             | 1.0991   | 0.277  
301    | 1.9104     | 0.2620     | 1.4246     | 0.1974     | 0.0264     | 0.1583       | 0.1204       | (saved)     | 1.1414   | 0.279  
302    | 1.9441     | 0.2514     | 1.4490     | 0.2130     | 0.0307     | 0.1634       | 0.1741       |             | 1.1930   | 0.337  
303    | 2.0841     | 0.2702     | 1.5588     | 0.2247     | 0.0304     | 0.1710       | 0.1503       |             | 1.1661   | 0.321  
304    | 1.9682     | 0.2305     | 1.5135     | 0.1975     | 0.0267     | 0.1644       | 0.1568       |             | 1.1459   | 0.321  
305    | 2.1308     | 0.2421     | 1.6292     | 0.2230     | 0.0365     | 0.1973       | 0.1701       |             | 1.3473   | 0.367  
306    | 2.0981     | 0.2355     | 1.5826     | 0.2446     | 0.0354     | 0.1571       | 0.2054       |             | 1.3068   | 0.363  
307    | 2.2040     | 0.3133     | 1.6120     | 0.2436     | 0.0351     | 0.2248       | 0.1708       |             | 1.3163   | 0.396  
308    | 2.1243     | 0.2606     | 1.5967     | 0.2313     | 0.0356     | 0.1976       | 0.1312       |             | 1.2041   | 0.329  
309    | 2.1621     | 0.3295     | 1.5695     | 0.2356     | 0.0275     | 0.1760       | 0.1299       |             | 1.2298   | 0.306  
310    | 2.0492     | 0.2727     | 1.5254     | 0.2248     | 0.0262     | 0.2342       | 0.1355       |             | 1.2251   | 0.370  
311    | 2.0071     | 0.2278     | 1.5299     | 0.2236     | 0.0258     | 0.2153       | 0.1275       |             | 1.0686   | 0.343  
312    | 1.9151     | 0.2590     | 1.4287     | 0.2072     | 0.0201     | 0.2141       | 0.1161       |             | 1.0683   | 0.330  
313    | 1.8509     | 0.2210     | 1.3991     | 0.1929     | 0.0378     | 0.2225       | 0.1106       |             | 1.0805   | 0.333  
314    | 1.9928     | 0.2292     | 1.5444     | 0.1992     | 0.0201     | 0.2389       | 0.1121       |             | 1.0784   | 0.351  
315    | 2.2590     | 0.3261     | 1.6930     | 0.2088     | 0.0310     | 0.1691       | 0.1399       |             | 1.0753   | 0.309  
316    | 2.4496     | 0.2858     | 1.8920     | 0.2456     | 0.0261     | 0.2012       | 0.1559       |             | 0.9914   | 0.357  
317    | 2.2482     | 0.2783     | 1.6993     | 0.2398     | 0.0308     | 0.1921       | 0.1345       |             | 1.0200   | 0.327  
318    | 2.0615     | 0.2666     | 1.5599     | 0.2049     | 0.0302     | 0.1753       | 0.0843       | (saved)     | 1.0482   | 0.260  
319    | 1.9586     | 0.2589     | 1.4823     | 0.1853     | 0.0322     | 0.2217       | 0.1211       |             | 1.0671   | 0.343  
320    | 1.9311     | 0.1995     | 1.4988     | 0.1998     | 0.0329     | 0.1993       | 0.1117       |             | 1.0759   | 0.311  
321    | 1.7892     | 0.2129     | 1.3873     | 0.1675     | 0.0214     | 0.1871       | 0.0959       |             | 1.0826   | 0.283  
322    | 1.8911     | 0.2546     | 1.4402     | 0.1766     | 0.0197     | 0.1925       | 0.0937       |             | 1.0274   | 0.286  
323    | 1.8410     | 0.2466     | 1.3910     | 0.1781     | 0.0253     | 0.1877       | 0.0899       |             | 1.0676   | 0.278  
324    | 1.9518     | 0.2071     | 1.5125     | 0.1923     | 0.0399     | 0.2375       | 0.1151       |             | 1.0469   | 0.353  
325    | 1.9110     | 0.2394     | 1.4259     | 0.2068     | 0.0389     | 0.1932       | 0.1153       |             | 1.0590   | 0.308  
326    | 1.8797     | 0.2306     | 1.4115     | 0.1975     | 0.0401     | 0.1778       | 0.1096       |             | 1.0500   | 0.287  
327    | 1.8979     | 0.2530     | 1.4041     | 0.2050     | 0.0358     | 0.1879       | 0.1038       |             | 1.0636   | 0.292  
328    | 1.9649     | 0.2695     | 1.4693     | 0.1983     | 0.0279     | 0.1871       | 0.0850       |             | 1.0658   | 0.272  
329    | 1.8642     | 0.2552     | 1.3946     | 0.1867     | 0.0278     | 0.1891       | 0.1210       |             | 1.0684   | 0.310  
330    | 1.8759     | 0.2913     | 1.3641     | 0.1902     | 0.0302     | 0.2034       | 0.1272       |             | 1.0332   | 0.331  
331    | 1.7252     | 0.2197     | 1.3155     | 0.1656     | 0.0245     | 0.1721       | 0.0930       |             | 1.0500   | 0.265  
332    | 1.8294     | 0.2217     | 1.3938     | 0.1860     | 0.0279     | 0.1639       | 0.1245       |             | 1.0667   | 0.288  
333    | 1.8639     | 0.2582     | 1.4087     | 0.1710     | 0.0260     | 0.1705       | 0.1220       |             | 1.0838   | 0.293  
334    | 1.9781     | 0.2582     | 1.4849     | 0.2068     | 0.0283     | 0.1675       | 0.1152       |             | 1.0750   | 0.283  
335    | 2.1533     | 0.2632     | 1.6229     | 0.2342     | 0.0330     | 0.2200       | 0.1187       |             | 1.2250   | 0.339  
336    | 2.1305     | 0.2746     | 1.6343     | 0.1981     | 0.0236     | 0.1787       | 0.1070       |             | 1.1332   | 0.286  
337    | 2.1670     | 0.3052     | 1.6287     | 0.2088     | 0.0243     | 0.2061       | 0.1102       |             | 1.0677   | 0.316  
338    | 1.8762     | 0.2312     | 1.4360     | 0.1844     | 0.0246     | 0.2360       | 0.0932       |             | 1.0273   | 0.329  
339    | 1.9494     | 0.2438     | 1.4866     | 0.1895     | 0.0295     | 0.1888       | 0.1198       |             | 1.0018   | 0.309  
340    | 2.1337     | 0.3036     | 1.5968     | 0.2058     | 0.0274     | 0.1749       | 0.1154       |             | 1.0364   | 0.290  
341    | 2.0116     | 0.2460     | 1.5344     | 0.2092     | 0.0220     | 0.1923       | 0.1756       |             | 1.0281   | 0.368  
342    | 1.9134     | 0.2721     | 1.4150     | 0.2031     | 0.0231     | 0.2188       | 0.1060       |             | 1.0491   | 0.325  
343    | 1.9176     | 0.2528     | 1.4460     | 0.1985     | 0.0203     | 0.2361       | 0.1524       |             | 1.0424   | 0.388  
344    | 1.8479     | 0.2279     | 1.4085     | 0.1935     | 0.0180     | 0.1649       | 0.1323       |             | 1.0459   | 0.297  
345    | 1.8975     | 0.2266     | 1.4447     | 0.2025     | 0.0236     | 0.2357       | 0.1508       |             | 1.0710   | 0.386  
346    | 1.9542     | 0.2396     | 1.4894     | 0.2006     | 0.0247     | 0.2165       | 0.1634       |             | 1.0517   | 0.380  
347    | 1.9873     | 0.2761     | 1.4764     | 0.2090     | 0.0258     | 0.1975       | 0.1182       |             | 1.0538   | 0.316  
348    | 1.8199     | 0.2348     | 1.3837     | 0.1811     | 0.0203     | 0.1934       | 0.1078       |             | 1.0944   | 0.301  
349    | 1.9925     | 0.2495     | 1.5061     | 0.2140     | 0.0228     | 0.1891       | 0.1326       |             | 1.0787   | 0.322  
350    | 1.9158     | 0.2827     | 1.4127     | 0.1974     | 0.0231     | 0.1984       | 0.1381       |             | 1.0653   | 0.337  
351    | 1.8525     | 0.2628     | 1.3881     | 0.1766     | 0.0251     | 0.1613       | 0.1214       |             | 1.0797   | 0.283  
352    | 1.8437     | 0.2264     | 1.3905     | 0.2026     | 0.0243     | 0.1666       | 0.1237       |             | 1.0702   | 0.290  
353    | 1.8153     | 0.2508     | 1.3512     | 0.1852     | 0.0282     | 0.2488       | 0.1197       |             | 1.0928   | 0.369  
354    | 1.6784     | 0.1915     | 1.2751     | 0.1912     | 0.0206     | 0.1807       | 0.1134       |             | 1.1373   | 0.294  
355    | 1.8133     | 0.2758     | 1.3355     | 0.1758     | 0.0263     | 0.1637       | 0.1069       |             | 1.1378   | 0.271  
356    | 1.7025     | 0.2469     | 1.2610     | 0.1741     | 0.0205     | 0.1748       | 0.1109       |             | 1.1196   | 0.286  
357    | 1.6871     | 0.1806     | 1.2959     | 0.1903     | 0.0202     | 0.1461       | 0.1429       |             | 1.1172   | 0.289  
358    | 1.8295     | 0.2382     | 1.3752     | 0.1891     | 0.0270     | 0.2424       | 0.1134       |             | 1.1185   | 0.356  
359    | 1.9948     | 0.3027     | 1.4646     | 0.2007     | 0.0268     | 0.2017       | 0.1123       |             | 1.0531   | 0.314  
360    | 1.9157     | 0.2321     | 1.4794     | 0.1792     | 0.0251     | 0.2040       | 0.1128       |             | 1.0090   | 0.317  
361    | 1.9303     | 0.2048     | 1.4956     | 0.2051     | 0.0249     | 0.2074       | 0.1236       |             | 1.0596   | 0.331  
362    | 2.0231     | 0.3145     | 1.4922     | 0.1931     | 0.0233     | 0.2228       | 0.1027       |             | 1.0421   | 0.326  
363    | 1.9126     | 0.2207     | 1.4762     | 0.1900     | 0.0257     | 0.2106       | 0.1223       |             | 1.0620   | 0.333  
364    | 1.9505     | 0.2366     | 1.4769     | 0.2132     | 0.0238     | 0.1656       | 0.1204       |             | 1.0736   | 0.286  
365    | 2.0290     | 0.2836     | 1.5324     | 0.1949     | 0.0180     | 0.1908       | 0.1033       |             | 1.0601   | 0.294  
366    | 1.8346     | 0.2347     | 1.3913     | 0.1853     | 0.0234     | 0.1576       | 0.1061       |             | 1.0630   | 0.264  
367    | 1.8407     | 0.2239     | 1.3851     | 0.2072     | 0.0244     | 0.1462       | 0.1004       | (saved)     | 1.0580   | 0.247  
368    | 2.0025     | 0.2984     | 1.5023     | 0.1798     | 0.0221     | 0.1513       | 0.1238       |             | 1.0710   | 0.275  
369    | 1.9616     | 0.2049     | 1.5276     | 0.2087     | 0.0204     | 0.1581       | 0.1077       |             | 1.1084   | 0.266  
370    | 1.9889     | 0.3039     | 1.4655     | 0.1946     | 0.0249     | 0.1888       | 0.1318       |             | 1.1087   | 0.321  
371    | 1.8868     | 0.2642     | 1.3911     | 0.2080     | 0.0236     | 0.1905       | 0.1169       |             | 1.1421   | 0.307  
372    | 1.9738     | 0.2276     | 1.5123     | 0.2115     | 0.0225     | 0.1695       | 0.1060       |             | 1.2194   | 0.275  
373    | 1.9791     | 0.2345     | 1.5128     | 0.2017     | 0.0302     | 0.1597       | 0.1143       |             | 1.1811   | 0.274  
374    | 1.9851     | 0.2157     | 1.5462     | 0.2031     | 0.0201     | 0.1495       | 0.1150       |             | 1.1929   | 0.265  
375    | 1.9454     | 0.2316     | 1.4958     | 0.1986     | 0.0194     | 0.1250       | 0.1396       |             | 1.1901   | 0.265  
376    | 2.1532     | 0.2543     | 1.6626     | 0.2136     | 0.0227     | 0.1506       | 0.1013       |             | 1.1735   | 0.252  
377    | 2.0628     | 0.2389     | 1.5988     | 0.2054     | 0.0197     | 0.1659       | 0.1189       |             | 1.1243   | 0.285  
378    | 2.0418     | 0.2574     | 1.5550     | 0.2014     | 0.0280     | 0.1836       | 0.1220       |             | 1.2044   | 0.306  
379    | 2.1410     | 0.2552     | 1.6479     | 0.2063     | 0.0315     | 0.2705       | 0.1206       |             | 1.1607   | 0.391  
380    | 2.1242     | 0.3037     | 1.5787     | 0.2103     | 0.0314     | 0.1756       | 0.1201       |             | 1.1361   | 0.296  
381    | 2.1800     | 0.2758     | 1.6736     | 0.2097     | 0.0209     | 0.1878       | 0.1108       |             | 1.1570   | 0.299  
382    | 2.1451     | 0.2473     | 1.6481     | 0.2194     | 0.0303     | 0.1955       | 0.1406       |             | 1.1642   | 0.336  
383    | 2.1004     | 0.2957     | 1.5435     | 0.2272     | 0.0340     | 0.2037       | 0.1141       |             | 1.0187   | 0.318  
384    | 2.1246     | 0.2536     | 1.6300     | 0.2126     | 0.0283     | 0.1653       | 0.1309       |             | 1.1444   | 0.296  
385    | 2.2053     | 0.2838     | 1.6786     | 0.2130     | 0.0299     | 0.2036       | 0.1338       |             | 1.1668   | 0.337  
386    | 2.0811     | 0.2654     | 1.5593     | 0.2242     | 0.0321     | 0.2165       | 0.1522       |             | 1.1536   | 0.369  
387    | 1.9803     | 0.2935     | 1.4792     | 0.1815     | 0.0261     | 0.1883       | 0.1404       |             | 1.1965   | 0.329  
388    | 1.8975     | 0.2977     | 1.4009     | 0.1655     | 0.0334     | 0.1944       | 0.0963       |             | 1.1756   | 0.291  
389    | 2.0005     | 0.2378     | 1.5283     | 0.2042     | 0.0302     | 0.1985       | 0.1226       |             | 1.1877   | 0.321  
390    | 1.9271     | 0.2537     | 1.4594     | 0.1812     | 0.0328     | 0.1843       | 0.1246       |             | 1.1779   | 0.309  
391    | 2.0101     | 0.2363     | 1.5596     | 0.1873     | 0.0269     | 0.1983       | 0.1072       |             | 1.2061   | 0.305  
392    | 1.9968     | 0.2614     | 1.5417     | 0.1730     | 0.0207     | 0.1530       | 0.1130       |             | 1.1806   | 0.266  
393    | 2.0164     | 0.2146     | 1.5721     | 0.1959     | 0.0337     | 0.1911       | 0.1227       |             | 1.1958   | 0.314  
394    | 2.0123     | 0.2749     | 1.5211     | 0.1892     | 0.0272     | 0.1929       | 0.1201       |             | 1.1790   | 0.313  
395    | 1.9750     | 0.2163     | 1.5500     | 0.1800     | 0.0288     | 0.2117       | 0.1005       |             | 1.1300   | 0.312  
396    | 2.0614     | 0.2405     | 1.6240     | 0.1738     | 0.0230     | 0.2444       | 0.1258       |             | 1.1299   | 0.370  
397    | 2.1437     | 0.2673     | 1.6417     | 0.2124     | 0.0222     | 0.2398       | 0.1352       |             | 1.1861   | 0.375  
398    | 2.1440     | 0.3070     | 1.6175     | 0.1917     | 0.0278     | 0.2802       | 0.1559       |             | 1.1721   | 0.436  
399    | 2.3217     | 0.2901     | 1.7984     | 0.2051     | 0.0280     | 0.2388       | 0.0946       |             | 1.1491   | 0.333  
400    | 2.0219     | 0.2302     | 1.5765     | 0.1892     | 0.0259     | 0.1902       | 0.1355       |             | 1.1708   | 0.326  
401    | 2.1296     | 0.2817     | 1.6074     | 0.2146     | 0.0259     | 0.2145       | 0.1146       |             | 1.1804   | 0.329  
402    | 1.9847     | 0.2802     | 1.4808     | 0.1945     | 0.0292     | 0.2194       | 0.1020       |             | 1.1776   | 0.321  
403    | 2.1161     | 0.3025     | 1.5889     | 0.1893     | 0.0353     | 0.2047       | 0.1109       |             | 1.1448   | 0.316  
404    | 1.8912     | 0.2646     | 1.4116     | 0.1866     | 0.0285     | 0.1750       | 0.1087       |             | 1.1737   | 0.284  
405    | 2.0683     | 0.2991     | 1.5258     | 0.2070     | 0.0364     | 0.1833       | 0.1172       |             | 1.1363   | 0.301  
406    | 1.8629     | 0.2505     | 1.4152     | 0.1732     | 0.0239     | 0.1793       | 0.1062       |             | 1.1204   | 0.286  
407    | 1.9069     | 0.2515     | 1.4269     | 0.2017     | 0.0269     | 0.1486       | 0.1227       |             | 1.1463   | 0.271  
408    | 1.8542     | 0.2757     | 1.3691     | 0.1827     | 0.0267     | 0.1506       | 0.1088       |             | 1.2349   | 0.259  
409    | 1.8843     | 0.2370     | 1.4466     | 0.1773     | 0.0234     | 0.1686       | 0.0937       |             | 1.2924   | 0.262  
410    | 2.0182     | 0.2878     | 1.5124     | 0.1891     | 0.0288     | 0.2078       | 0.1075       |             | 1.2301   | 0.315  
411    | 2.0693     | 0.2605     | 1.6034     | 0.1778     | 0.0277     | 0.2261       | 0.1174       |             | 1.2238   | 0.344  
412    | 1.9883     | 0.2498     | 1.5333     | 0.1806     | 0.0246     | 0.1802       | 0.0810       |             | 1.2281   | 0.261  
413    | 1.8494     | 0.2418     | 1.4121     | 0.1622     | 0.0334     | 0.1697       | 0.0745       | (saved)     | 1.2506   | 0.244  
414    | 1.9284     | 0.2550     | 1.4726     | 0.1695     | 0.0313     | 0.1821       | 0.0973       |             | 1.2434   | 0.279  
415    | 2.0074     | 0.2473     | 1.5505     | 0.1818     | 0.0279     | 0.1812       | 0.0915       |             | 1.2365   | 0.273  
416    | 2.1253     | 0.2967     | 1.6197     | 0.1834     | 0.0255     | 0.2101       | 0.1015       |             | 1.2276   | 0.312  
417    | 1.9602     | 0.2284     | 1.5174     | 0.1855     | 0.0289     | 0.2141       | 0.0734       |             | 1.2317   | 0.288  
418    | 1.9155     | 0.2743     | 1.4294     | 0.1871     | 0.0247     | 0.1959       | 0.0840       |             | 1.2332   | 0.280  
419    | 2.2237     | 0.2695     | 1.7169     | 0.2018     | 0.0355     | 0.2017       | 0.1201       |             | 1.2586   | 0.322  
420    | 2.1774     | 0.2952     | 1.6646     | 0.1891     | 0.0285     | 0.1723       | 0.1013       |             | 1.2524   | 0.274  
421    | 1.9400     | 0.2358     | 1.4870     | 0.1951     | 0.0222     | 0.1738       | 0.0995       |             | 1.1839   | 0.273  
422    | 1.9852     | 0.2720     | 1.5053     | 0.1859     | 0.0220     | 0.2000       | 0.1142       |             | 1.1517   | 0.314  
423    | 1.9866     | 0.2438     | 1.5312     | 0.1845     | 0.0270     | 0.2288       | 0.1397       |             | 1.1484   | 0.369  
424    | 2.0988     | 0.2920     | 1.5571     | 0.2097     | 0.0400     | 0.1943       | 0.0997       |             | 1.1524   | 0.294  
425    | 1.9002     | 0.2315     | 1.4560     | 0.1880     | 0.0247     | 0.1840       | 0.1132       |             | 1.2770   | 0.297  
426    | 2.2668     | 0.2878     | 1.7551     | 0.1955     | 0.0283     | 0.2013       | 0.1232       |             | 1.3498   | 0.324  
427    | 2.2610     | 0.2602     | 1.7498     | 0.2187     | 0.0322     | 0.1869       | 0.1403       |             | 1.3226   | 0.327  
428    | 2.2797     | 0.2966     | 1.7172     | 0.2332     | 0.0326     | 0.2045       | 0.1443       |             | 1.2586   | 0.349  
429    | 2.3197     | 0.2466     | 1.7979     | 0.2367     | 0.0385     | 0.2210       | 0.1252       |             | 1.1806   | 0.346  
430    | 2.1216     | 0.2608     | 1.6245     | 0.2030     | 0.0333     | 0.1945       | 0.1246       |             | 1.1850   | 0.319  
431    | 2.1878     | 0.2775     | 1.6625     | 0.2082     | 0.0395     | 0.1706       | 0.1047       |             | 1.1642   | 0.275  
432    | 2.1363     | 0.2644     | 1.6372     | 0.2062     | 0.0284     | 0.1666       | 0.1081       |             | 1.2379   | 0.275  
433    | 2.5223     | 0.3551     | 1.9053     | 0.2284     | 0.0336     | 0.1812       | 0.1212       |             | 1.2636   | 0.302  
434    | 2.3930     | 0.3105     | 1.8386     | 0.2024     | 0.0415     | 0.2272       | 0.1070       |             | 1.3285   | 0.334  
435    | 2.1258     | 0.2549     | 1.6469     | 0.1934     | 0.0306     | 0.2176       | 0.0832       |             | 1.3179   | 0.301  
436    | 2.2073     | 0.3407     | 1.6365     | 0.1965     | 0.0336     | 0.2335       | 0.1110       |             | 1.3003   | 0.345  
437    | 2.1592     | 0.2557     | 1.6779     | 0.2003     | 0.0253     | 0.1632       | 0.1236       |             | 1.3303   | 0.287  
438    | 2.2202     | 0.2806     | 1.7270     | 0.1887     | 0.0240     | 0.3103       | 0.1448       |             | 1.2910   | 0.455  
439    | 2.5694     | 0.3702     | 1.9537     | 0.2079     | 0.0376     | 0.2409       | 0.1521       |             | 1.2297   | 0.393  
440    | 2.6818     | 0.3409     | 2.0527     | 0.2444     | 0.0437     | 0.1962       | 0.1735       |             | 1.2009   | 0.370  
441    | 2.4939     | 0.3085     | 1.8954     | 0.2431     | 0.0469     | 0.2108       | 0.1151       |             | 1.1867   | 0.326  
442    | 2.4620     | 0.3005     | 1.8894     | 0.2348     | 0.0373     | 0.2002       | 0.1339       |             | 1.1350   | 0.334  
443    | 2.4134     | 0.3026     | 1.8828     | 0.1972     | 0.0308     | 0.2402       | 0.1614       |             | 1.0923   | 0.402  
444    | 2.3744     | 0.2719     | 1.8557     | 0.2087     | 0.0381     | 0.2800       | 0.1206       |             | 1.1441   | 0.401  
445    | 2.3642     | 0.3338     | 1.8029     | 0.1902     | 0.0373     | 0.1828       | 0.1062       |             | 1.1065   | 0.289  
446    | 2.2023     | 0.2792     | 1.7160     | 0.1819     | 0.0253     | 0.1588       | 0.1516       |             | 1.1643   | 0.310  
447    | 2.1778     | 0.2621     | 1.6827     | 0.2006     | 0.0324     | 0.1853       | 0.1432       |             | 1.1335   | 0.328  
448    | 2.1240     | 0.2526     | 1.6417     | 0.2064     | 0.0233     | 0.1744       | 0.1407       |             | 1.1380   | 0.315  
449    | 2.1953     | 0.2699     | 1.6771     | 0.2151     | 0.0332     | 0.1804       | 0.1291       |             | 1.1557   | 0.309  
450    | 2.3363     | 0.2831     | 1.8036     | 0.2186     | 0.0309     | 0.2014       | 0.1455       |             | 1.2529   | 0.347  
451    | 2.2055     | 0.2810     | 1.6600     | 0.2330     | 0.0316     | 0.1838       | 0.1377       |             | 1.1796   | 0.321  
452    | 2.2206     | 0.2575     | 1.7215     | 0.2175     | 0.0241     | 0.1782       | 0.1469       |             | 1.1568   | 0.325  
453    | 2.1543     | 0.2327     | 1.6425     | 0.2469     | 0.0322     | 0.2120       | 0.1427       |             | 1.1064   | 0.355  
454    | 2.1262     | 0.2847     | 1.6054     | 0.2099     | 0.0263     | 0.1594       | 0.1367       |             | 1.1204   | 0.296  
455    | 2.2545     | 0.2636     | 1.7195     | 0.2428     | 0.0286     | 0.1821       | 0.1402       |             | 1.1201   | 0.322  
456    | 2.1936     | 0.2753     | 1.6513     | 0.2387     | 0.0283     | 0.1526       | 0.1389       |             | 1.1910   | 0.291  
457    | 2.0756     | 0.2394     | 1.6254     | 0.1896     | 0.0211     | 0.1714       | 0.0999       |             | 1.1043   | 0.271  
458    | 2.2255     | 0.2997     | 1.7079     | 0.1920     | 0.0260     | 0.1713       | 0.1313       |             | 1.1803   | 0.303  
459    | 2.1941     | 0.3191     | 1.6400     | 0.2108     | 0.0243     | 0.1806       | 0.1069       |             | 1.1839   | 0.288  
460    | 2.0546     | 0.3295     | 1.5052     | 0.1879     | 0.0321     | 0.1568       | 0.1096       |             | 1.1926   | 0.266  
461    | 1.8879     | 0.2353     | 1.4652     | 0.1685     | 0.0188     | 0.1576       | 0.1033       |             | 1.1751   | 0.261  
462    | 1.9008     | 0.2463     | 1.4604     | 0.1706     | 0.0235     | 0.1673       | 0.1098       |             | 1.1689   | 0.277  
463    | 2.1669     | 0.2403     | 1.6963     | 0.2030     | 0.0273     | 0.1656       | 0.1565       |             | 1.1651   | 0.322  
464    | 2.2941     | 0.2315     | 1.8340     | 0.2075     | 0.0211     | 0.1803       | 0.1609       |             | 1.1350   | 0.341  
465    | 2.4996     | 0.2775     | 1.9491     | 0.2368     | 0.0362     | 0.1905       | 0.1246       |             | 1.2362   | 0.315  
466    | 2.2575     | 0.2843     | 1.7285     | 0.2047     | 0.0399     | 0.1985       | 0.1255       |             | 1.1901   | 0.324  
467    | 2.2160     | 0.2824     | 1.7134     | 0.1871     | 0.0332     | 0.1902       | 0.1199       |             | 1.2255   | 0.310  
468    | 2.0914     | 0.2700     | 1.6055     | 0.1843     | 0.0317     | 0.2237       | 0.0992       |             | 1.2166   | 0.323  
469    | 1.9802     | 0.2316     | 1.5209     | 0.1980     | 0.0298     | 0.1726       | 0.1081       |             | 1.1936   | 0.281  
470    | 1.8877     | 0.2475     | 1.4312     | 0.1760     | 0.0331     | 0.1565       | 0.1041       |             | 1.1463   | 0.261  
471    | 2.0461     | 0.2588     | 1.5642     | 0.1928     | 0.0302     | 0.1867       | 0.1243       |             | 1.1342   | 0.311  
472    | 2.0303     | 0.2512     | 1.5635     | 0.1844     | 0.0311     | 0.1727       | 0.0947       |             | 1.0987   | 0.267  
473    | 2.2113     | 0.3006     | 1.6865     | 0.1944     | 0.0299     | 0.1678       | 0.1111       |             | 1.1960   | 0.279  
474    | 2.1601     | 0.2429     | 1.6890     | 0.1958     | 0.0324     | 0.1672       | 0.1380       |             | 1.1917   | 0.305  
475    | 2.2190     | 0.2763     | 1.6880     | 0.2165     | 0.0382     | 0.1700       | 0.1140       |             | 1.2196   | 0.284  
476    | 2.1082     | 0.2339     | 1.6590     | 0.1917     | 0.0235     | 0.1823       | 0.1606       |             | 1.2547   | 0.343  
477    | 2.2731     | 0.2839     | 1.7445     | 0.2061     | 0.0387     | 0.2019       | 0.1599       |             | 1.1603   | 0.362  
478    | 2.1763     | 0.2566     | 1.6602     | 0.2208     | 0.0387     | 0.1850       | 0.1404       |             | 1.1595   | 0.325  
479    | 2.0878     | 0.2278     | 1.6198     | 0.2090     | 0.0312     | 0.2217       | 0.1290       |             | 1.1653   | 0.351  
480    | 2.1218     | 0.2730     | 1.6195     | 0.1976     | 0.0316     | 0.2459       | 0.1348       |             | 1.1510   | 0.381  
481    | 2.2134     | 0.2367     | 1.7487     | 0.1932     | 0.0348     | 0.1808       | 0.1113       |             | 1.2855   | 0.292  
482    | 2.1913     | 0.2507     | 1.7079     | 0.2006     | 0.0321     | 0.1736       | 0.1019       |             | 1.2138   | 0.276  
483    | 2.1968     | 0.2884     | 1.6765     | 0.2035     | 0.0285     | 0.1873       | 0.0924       |             | 1.2515   | 0.280  
484    | 2.0728     | 0.2476     | 1.6277     | 0.1755     | 0.0221     | 0.1445       | 0.1025       |             | 1.2259   | 0.247  
485    | 2.1769     | 0.2823     | 1.6908     | 0.1787     | 0.0251     | 0.2017       | 0.1307       |             | 1.1891   | 0.332  
486    | 2.2978     | 0.3239     | 1.7382     | 0.1993     | 0.0364     | 0.2093       | 0.1130       |             | 1.2126   | 0.322  
487    | 2.0843     | 0.2657     | 1.5857     | 0.2007     | 0.0322     | 0.1591       | 0.1305       |             | 1.1977   | 0.290  
488    | 2.0236     | 0.2617     | 1.5406     | 0.1949     | 0.0265     | 0.1792       | 0.1050       |             | 1.1467   | 0.284  
489    | 1.9130     | 0.2278     | 1.4733     | 0.1895     | 0.0225     | 0.1711       | 0.0901       |             | 1.1834   | 0.261  
490    | 2.0990     | 0.2606     | 1.6359     | 0.1795     | 0.0230     | 0.1643       | 0.1077       |             | 1.1629   | 0.272  
491    | 2.0063     | 0.2106     | 1.6064     | 0.1687     | 0.0206     | 0.2204       | 0.0776       |             | 1.1999   | 0.298  
492    | 2.1998     | 0.2578     | 1.7346     | 0.1780     | 0.0293     | 0.2070       | 0.1087       |             | 1.2243   | 0.316  
493    | 2.0754     | 0.2740     | 1.5817     | 0.1897     | 0.0301     | 0.2099       | 0.1178       |             | 1.1996   | 0.328  
494    | 2.0342     | 0.2489     | 1.5784     | 0.1719     | 0.0350     | 0.1732       | 0.1162       |             | 1.1328   | 0.289  
495    | 2.0383     | 0.2171     | 1.6021     | 0.1871     | 0.0320     | 0.2023       | 0.0892       |             | 1.0971   | 0.291  
496    | 2.1011     | 0.2771     | 1.6182     | 0.1710     | 0.0348     | 0.1831       | 0.0940       |             | 1.1128   | 0.277  
497    | 2.0793     | 0.2797     | 1.5785     | 0.1879     | 0.0332     | 0.1614       | 0.1064       |             | 1.1121   | 0.268  
498    | 1.9719     | 0.2059     | 1.5506     | 0.1829     | 0.0325     | 0.1762       | 0.0937       |             | 1.1123   | 0.270  
499    | 2.2238     | 0.2922     | 1.7183     | 0.1772     | 0.0362     | 0.1680       | 0.1107       |             | 1.1814   | 0.279  
500    | 2.2314     | 0.2923     | 1.7276     | 0.1747     | 0.0368     | 0.2210       | 0.0985       |             | 1.1467   | 0.320  
Seed 123456 | Src Acc: 97.6531 | Src MDE: 0.0272 | Tgt Acc: 31.7347 | Tgt MDE: 1.2506
Finished Combo Fusion_DAFI_1_2. Results saved.
