==========================================
Current Experiment: RTT Combination: ['Dist_mm_1', 'Dist_mm_4']
RTT Input Dimension: 2
==========================================
Start Training Seed 42...

Start CDAN+E Training... (Entropy Conditioning Enabled)
Epoch  | Total Loss | Tr Cls     | Tr Dom RSSI  | Tr Dom RTT   | Val T Acc  | Val T Entropy | Test MDE
------------------------------------------------------------------------------------------------------------------------
1      | 6.2535     | 3.5252     | 1.3615       | 1.3668       | 0.5094     | 3.7673       | 1.4082   |           
2      | 5.4420     | 2.8673     | 1.2848       | 1.2899       | 0.6979     | 3.6533       | 1.0016   |           
3      | 4.9249     | 2.4828     | 1.2069       | 1.2352       | 0.8146     | 3.5578       | 0.8123   |           
4      | 4.5157     | 2.1677     | 1.1450       | 1.2030       | 0.8500     | 3.4193       | 0.7084   |           
5      | 4.2014     | 1.9363     | 1.0920       | 1.1730       | 0.8875     | 3.2770       | 0.7702   |           
6      | 3.9688     | 1.6972     | 1.0879       | 1.1837       | 0.9052     | 3.1512       | 0.8290   |           
7      | 3.8036     | 1.5434     | 1.0704       | 1.1898       | 0.9396     | 2.9968       | 0.8223   |           
8      | 3.7191     | 1.4217     | 1.0868       | 1.2106       | 0.9500     | 2.8896       | 0.8655   |           
9      | 3.6058     | 1.3003     | 1.0866       | 1.2189       | 0.9469     | 2.7907       | 0.9157   |           
10     | 3.4647     | 1.1903     | 1.0558       | 1.2187       | 0.9583     | 2.6072       | 0.8830   |           
11     | 3.3736     | 1.1233     | 1.0460       | 1.2044       | 0.9625     | 2.4848       | 0.8500   | (ADV -0.28)
12     | 3.4291     | 1.1968     | 1.0250       | 1.2074       | 0.9563     | 2.3740       | 0.9033   | (ADV -0.23)
13     | 3.3744     | 1.1479     | 1.0187       | 1.2078       | 0.9604     | 2.2499       | 0.9053   | (ADV -0.16)
14     | 3.2561     | 1.0690     | 1.0032       | 1.1840       | 0.9583     | 2.1083       | 0.8701   | (ADV -0.10)
15     | 3.1953     | 1.0385     | 0.9838       | 1.1731       | 0.9698     | 2.0264       | 0.8638   | (ADV -0.04)
16     | 3.1185     | 0.9665     | 0.9834       | 1.1687       | 0.9625     | 1.9586       | 0.9142   | (ADV -0.02)
17     | 3.0413     | 0.9057     | 0.9850       | 1.1507       | 0.9646     | 1.8588       | 0.9076   | (ADV 0.04)
18     | 3.0333     | 0.9116     | 0.9790       | 1.1427       | 0.9646     | 1.7762       | 0.9643   | (ADV 0.08)
19     | 3.0335     | 0.8979     | 0.9899       | 1.1457       | 0.9677     | 1.7672       | 0.9244   | (ADV 0.08)
20     | 2.9188     | 0.8381     | 0.9572       | 1.1236       | 0.9698     | 1.6491       | 0.9316   | (ADV 0.15)
21     | 2.9679     | 0.8449     | 0.9824       | 1.1406       | 0.9656     | 1.5740       | 0.9344   | (ADV 0.18)
22     | 2.8834     | 0.8114     | 0.9549       | 1.1171       | 0.9635     | 1.5870       | 0.9336   |           
23     | 2.8151     | 0.7781     | 0.9302       | 1.1068       | 0.9708     | 1.5373       | 0.8984   | (ADV 0.20)
24     | 2.7763     | 0.7330     | 0.9450       | 1.0983       | 0.9667     | 1.5290       | 0.8672   |           
25     | 2.7669     | 0.7262     | 0.9476       | 1.0931       | 0.9740     | 1.4696       | 0.9061   | (ADV 0.24)
26     | 2.7718     | 0.7271     | 0.9449       | 1.0997       | 0.9740     | 1.4281       | 0.9148   | (ADV 0.26)
27     | 2.7457     | 0.7222     | 0.9321       | 1.0915       | 0.9729     | 1.3830       | 0.9435   | (ADV 0.28)
28     | 2.7284     | 0.6803     | 0.9546       | 1.0935       | 0.9698     | 1.3758       | 0.8950   | (ADV 0.28)
29     | 2.7808     | 0.7151     | 0.9541       | 1.1116       | 0.9708     | 1.3281       | 0.9356   | (ADV 0.31)
30     | 2.7133     | 0.6863     | 0.9430       | 1.0839       | 0.9698     | 1.2793       | 0.9538   | (ADV 0.33)
31     | 2.7047     | 0.6664     | 0.9445       | 1.0938       | 0.9708     | 1.2558       | 0.8760   | (ADV 0.34)
32     | 2.6831     | 0.6458     | 0.9521       | 1.0852       | 0.9729     | 1.2319       | 0.9313   | (ADV 0.36)
33     | 2.6754     | 0.6353     | 0.9571       | 1.0830       | 0.9729     | 1.2143       | 0.9143   | (ADV 0.37)
34     | 2.7485     | 0.6740     | 0.9775       | 1.0970       | 0.9677     | 1.1797       | 0.8955   | (ADV 0.38)
35     | 2.7350     | 0.6751     | 0.9650       | 1.0949       | 0.9750     | 1.1994       | 0.9069   |           
36     | 2.5823     | 0.5837     | 0.9379       | 1.0607       | 0.9792     | 1.1283       | 0.9082   | (ADV 0.41)
37     | 2.6992     | 0.6412     | 0.9630       | 1.0951       | 0.9688     | 1.1606       | 0.8984   |           
38     | 2.6406     | 0.6054     | 0.9558       | 1.0794       | 0.9708     | 1.1271       | 0.8446   |           
39     | 2.6115     | 0.5859     | 0.9420       | 1.0836       | 0.9771     | 1.1046       | 0.9019   | (ADV 0.42)
40     | 2.6676     | 0.6043     | 0.9630       | 1.1002       | 0.9771     | 1.0660       | 0.9141   | (ADV 0.44)
41     | 2.6063     | 0.5707     | 0.9553       | 1.0803       | 0.9740     | 1.0941       | 0.8757   |           
42     | 2.5870     | 0.5662     | 0.9350       | 1.0857       | 0.9729     | 1.0741       | 0.9033   |           
43     | 2.6676     | 0.5940     | 0.9711       | 1.1025       | 0.9719     | 1.1115       | 0.8594   |           
44     | 2.6627     | 0.5874     | 0.9772       | 1.0982       | 0.9740     | 1.0288       | 0.8646   | (ADV 0.46)
45     | 2.6916     | 0.6175     | 0.9747       | 1.0994       | 0.9740     | 0.9942       | 0.8830   | (ADV 0.48)
46     | 2.6464     | 0.5858     | 0.9739       | 1.0867       | 0.9781     | 1.0135       | 0.8645   |           
47     | 2.6955     | 0.5796     | 1.0089       | 1.1070       | 0.9760     | 0.9901       | 0.8579   | (ADV 0.48)
48     | 2.7434     | 0.6024     | 1.0359       | 1.1051       | 0.9760     | 0.9874       | 0.8832   | (ADV 0.48)
49     | 2.6902     | 0.5482     | 1.0296       | 1.1125       | 0.9740     | 0.9835       | 0.8090   |           
50     | 2.6611     | 0.5465     | 1.0310       | 1.0836       | 0.9771     | 0.9591       | 0.8615   | (ADV 0.50)
51     | 2.7595     | 0.6047     | 1.0467       | 1.1081       | 0.9729     | 0.9758       | 0.7921   |           
52     | 2.7276     | 0.5828     | 1.0311       | 1.1137       | 0.9781     | 0.9229       | 0.8337   | (ADV 0.52)
53     | 2.6366     | 0.5329     | 1.0092       | 1.0945       | 0.9729     | 0.8935       | 0.8510   | (ADV 0.53)
54     | 2.6954     | 0.5548     | 1.0292       | 1.1113       | 0.9750     | 0.8958       | 0.8296   | (ADV 0.53)
55     | 2.6609     | 0.5304     | 1.0058       | 1.1248       | 0.9750     | 0.8613       | 0.8232   | (ADV 0.54)
56     | 2.6312     | 0.5210     | 0.9991       | 1.1110       | 0.9812     | 0.9000       | 0.8480   |           
57     | 2.7484     | 0.5859     | 1.0286       | 1.1340       | 0.9719     | 0.9532       | 0.8359   |           
58     | 2.6926     | 0.5503     | 1.0201       | 1.1222       | 0.9740     | 0.8911       | 0.8446   |           
59     | 2.6300     | 0.5155     | 1.0003       | 1.1142       | 0.9750     | 0.8590       | 0.8219   | (ADV 0.55)
60     | 2.7329     | 0.5631     | 1.0266       | 1.1432       | 0.9760     | 0.8901       | 0.8274   |           
61     | 2.7272     | 0.5599     | 1.0275       | 1.1397       | 0.9781     | 0.8983       | 0.7967   |           
62     | 2.6716     | 0.5225     | 1.0123       | 1.1368       | 0.9760     | 0.8718       | 0.7791   |           
63     | 2.6913     | 0.5150     | 1.0299       | 1.1464       | 0.9771     | 0.8711       | 0.9210   |           
64     | 2.6965     | 0.5378     | 1.0194       | 1.1393       | 0.9802     | 0.8468       | 0.7744   | (ADV 0.56)
65     | 2.6432     | 0.5084     | 0.9874       | 1.1474       | 0.9760     | 0.8273       | 0.8326   | (ADV 0.56)
66     | 2.6922     | 0.5238     | 1.0310       | 1.1374       | 0.9729     | 0.8472       | 0.8268   |           
67     | 2.7552     | 0.5383     | 1.0627       | 1.1542       | 0.9771     | 0.8578       | 0.7958   |           
68     | 2.6588     | 0.4938     | 1.0266       | 1.1384       | 0.9760     | 0.8111       | 0.8839   | (ADV 0.57)
69     | 2.7201     | 0.5357     | 1.0455       | 1.1389       | 0.9771     | 0.8197       | 0.8616   |           
70     | 2.7182     | 0.5153     | 1.0565       | 1.1464       | 0.9802     | 0.8204       | 0.8551   |           
71     | 2.7669     | 0.5414     | 1.0494       | 1.1761       | 0.9750     | 0.8258       | 0.8363   |           
72     | 2.6431     | 0.4683     | 1.0370       | 1.1379       | 0.9771     | 0.7654       | 0.8469   | (ADV 0.59)
73     | 2.6619     | 0.4905     | 1.0441       | 1.1272       | 0.9823     | 0.8337       | 0.8276   |           
74     | 2.7076     | 0.4993     | 1.0584       | 1.1500       | 0.9781     | 0.8058       | 0.8842   |           
75     | 2.7420     | 0.5134     | 1.0680       | 1.1607       | 0.9792     | 0.7610       | 0.8869   | (ADV 0.60)
76     | 2.7053     | 0.5021     | 1.0620       | 1.1412       | 0.9760     | 0.8258       | 0.8859   |           
77     | 2.7286     | 0.5057     | 1.0729       | 1.1500       | 0.9781     | 0.8103       | 0.9290   |           
78     | 2.8269     | 0.5687     | 1.0862       | 1.1721       | 0.9771     | 0.7766       | 0.9609   |           
79     | 2.7234     | 0.5149     | 1.0698       | 1.1387       | 0.9750     | 0.8215       | 0.8857   |           
80     | 2.7579     | 0.5173     | 1.0950       | 1.1457       | 0.9771     | 0.7588       | 0.8878   |           
81     | 2.8094     | 0.5320     | 1.1081       | 1.1693       | 0.9760     | 0.7672       | 0.9319   |           
82     | 2.7700     | 0.5064     | 1.1007       | 1.1629       | 0.9740     | 0.8440       | 0.8237   |           
83     | 2.7896     | 0.5242     | 1.1066       | 1.1588       | 0.9729     | 0.7795       | 0.9018   |           
84     | 2.7330     | 0.4905     | 1.0907       | 1.1518       | 0.9760     | 0.7641       | 0.8870   |           
85     | 2.7496     | 0.5167     | 1.0873       | 1.1456       | 0.9760     | 0.6979       | 0.8498   | (ADV 0.63)
86     | 2.7764     | 0.5175     | 1.1005       | 1.1584       | 0.9729     | 0.7752       | 0.8661   |           
87     | 2.7580     | 0.4955     | 1.1058       | 1.1567       | 0.9760     | 0.7562       | 0.8364   |           
88     | 2.7294     | 0.4780     | 1.0905       | 1.1610       | 0.9750     | 0.7206       | 0.8334   |           
89     | 2.7883     | 0.5117     | 1.1069       | 1.1696       | 0.9781     | 0.7043       | 0.8767   |           
90     | 2.7564     | 0.4980     | 1.0913       | 1.1672       | 0.9760     | 0.7021       | 0.8197   |           
91     | 2.7103     | 0.4682     | 1.1013       | 1.1409       | 0.9729     | 0.7320       | 0.8430   |           
92     | 2.7654     | 0.4960     | 1.1123       | 1.1572       | 0.9760     | 0.7254       | 0.8527   |           
93     | 2.7578     | 0.4788     | 1.1249       | 1.1541       | 0.9792     | 0.6760       | 0.9335   | (ADV 0.64)
94     | 2.7568     | 0.4958     | 1.1088       | 1.1522       | 0.9760     | 0.7214       | 0.8103   |           
95     | 2.7220     | 0.4669     | 1.1077       | 1.1474       | 0.9792     | 0.6782       | 0.8969   |           
96     | 2.7066     | 0.4407     | 1.1129       | 1.1530       | 0.9792     | 0.7032       | 0.8817   |           
97     | 2.8229     | 0.5096     | 1.1235       | 1.1898       | 0.9802     | 0.7021       | 0.8735   |           
98     | 2.7884     | 0.5209     | 1.1113       | 1.1562       | 0.9781     | 0.7211       | 0.8305   |           
99     | 2.7313     | 0.4779     | 1.0924       | 1.1610       | 0.9771     | 0.7361       | 0.8856   |           
100    | 2.8340     | 0.5384     | 1.1159       | 1.1796       | 0.9760     | 0.7250       | 0.8358   |           
101    | 2.7323     | 0.4600     | 1.0993       | 1.1730       | 0.9750     | 0.6930       | 0.8199   |           
102    | 2.7173     | 0.4520     | 1.0993       | 1.1660       | 0.9729     | 0.7118       | 0.7998   |           
103    | 2.7278     | 0.4683     | 1.0968       | 1.1627       | 0.9760     | 0.6984       | 0.8297   |           
104    | 2.7278     | 0.4727     | 1.1085       | 1.1466       | 0.9760     | 0.6465       | 0.9249   | (ADV 0.65)
105    | 2.7243     | 0.4583     | 1.0989       | 1.1672       | 0.9760     | 0.6704       | 0.8805   |           
106    | 2.7737     | 0.4887     | 1.1266       | 1.1585       | 0.9760     | 0.6737       | 0.8963   |           
107    | 2.7917     | 0.4601     | 1.1495       | 1.1821       | 0.9760     | 0.6917       | 0.9058   |           
108    | 2.7696     | 0.4824     | 1.1172       | 1.1699       | 0.9740     | 0.6649       | 0.8197   |           
109    | 2.8356     | 0.5271     | 1.1276       | 1.1809       | 0.9792     | 0.6681       | 0.8777   |           
110    | 2.7740     | 0.4753     | 1.1309       | 1.1679       | 0.9792     | 0.7128       | 0.8695   |           
111    | 2.7601     | 0.4750     | 1.1083       | 1.1767       | 0.9750     | 0.6648       | 0.8510   |           
112    | 2.7385     | 0.4560     | 1.1265       | 1.1560       | 0.9781     | 0.6359       | 0.8009   | (ADV 0.66)
113    | 2.7489     | 0.4595     | 1.1344       | 1.1551       | 0.9719     | 0.7027       | 0.8129   |           
114    | 2.7842     | 0.4831     | 1.1297       | 1.1714       | 0.9729     | 0.6359       | 0.8075   |           
115    | 2.7834     | 0.4567     | 1.1350       | 1.1917       | 0.9792     | 0.6375       | 0.7819   | (ADV 0.66)
116    | 2.7797     | 0.4832     | 1.1385       | 1.1580       | 0.9719     | 0.6735       | 0.8884   |           
117    | 2.7307     | 0.4548     | 1.1195       | 1.1564       | 0.9781     | 0.6728       | 0.8814   |           
118    | 2.7247     | 0.4306     | 1.1286       | 1.1655       | 0.9792     | 0.7010       | 0.7977   |           
119    | 2.7105     | 0.4242     | 1.1191       | 1.1672       | 0.9781     | 0.6960       | 0.9651   |           
120    | 2.7591     | 0.4656     | 1.1439       | 1.1496       | 0.9812     | 0.6044       | 0.8121   | (ADV 0.68)
121    | 2.7730     | 0.4647     | 1.1431       | 1.1652       | 0.9750     | 0.6423       | 0.7704   |           
122    | 2.7570     | 0.4480     | 1.1262       | 1.1829       | 0.9771     | 0.6360       | 0.8078   |           
123    | 2.8380     | 0.4892     | 1.1485       | 1.2003       | 0.9760     | 0.6882       | 0.7723   |           
124    | 2.7744     | 0.4669     | 1.1360       | 1.1716       | 0.9802     | 0.6354       | 0.8332   |           
125    | 2.7389     | 0.4416     | 1.1142       | 1.1830       | 0.9740     | 0.6353       | 0.8687   |           
126    | 2.7569     | 0.4542     | 1.1240       | 1.1788       | 0.9740     | 0.6484       | 0.8430   |           
127    | 2.7548     | 0.4396     | 1.1345       | 1.1807       | 0.9802     | 0.6431       | 0.8955   |           
128    | 2.7869     | 0.4664     | 1.1357       | 1.1848       | 0.9812     | 0.6527       | 0.8569   |           
129    | 2.7949     | 0.4641     | 1.1464       | 1.1844       | 0.9781     | 0.6061       | 0.8248   |           
130    | 2.7918     | 0.4558     | 1.1588       | 1.1772       | 0.9760     | 0.6463       | 0.8174   |           
131    | 2.8001     | 0.4440     | 1.1629       | 1.1933       | 0.9719     | 0.6563       | 0.8383   |           
132    | 2.7444     | 0.4183     | 1.1442       | 1.1819       | 0.9771     | 0.6231       | 0.8839   |           
133    | 2.7725     | 0.4508     | 1.1261       | 1.1956       | 0.9812     | 0.5924       | 0.8884   | (ADV 0.69)
134    | 2.7852     | 0.4514     | 1.1528       | 1.1810       | 0.9573     | 0.6384       | 0.8814   |           
135    | 2.8188     | 0.4713     | 1.1653       | 1.1821       | 0.9750     | 0.5943       | 0.8850   |           
136    | 2.8300     | 0.4867     | 1.1467       | 1.1966       | 0.9781     | 0.6594       | 0.8398   |           
137    | 2.8193     | 0.4706     | 1.1512       | 1.1975       | 0.9740     | 0.6802       | 0.7978   |           
138    | 2.8499     | 0.5054     | 1.1582       | 1.1863       | 0.9781     | 0.6243       | 0.9079   |           
139    | 2.8369     | 0.4712     | 1.1497       | 1.2159       | 0.9792     | 0.6331       | 0.8393   |           
140    | 2.8746     | 0.5123     | 1.1609       | 1.2014       | 0.9792     | 0.5830       | 0.7723   | (ADV 0.69)
141    | 2.7822     | 0.4491     | 1.1417       | 1.1914       | 0.9823     | 0.6402       | 0.8586   |           
142    | 2.7216     | 0.4162     | 1.1408       | 1.1646       | 0.9802     | 0.5898       | 0.8268   |           
143    | 2.8370     | 0.4673     | 1.1609       | 1.2088       | 0.9781     | 0.5508       | 0.8255   | (ADV 0.70)
144    | 2.7816     | 0.4366     | 1.1627       | 1.1823       | 0.9750     | 0.6367       | 0.8284   |           
145    | 2.7563     | 0.4034     | 1.1600       | 1.1928       | 0.9729     | 0.6121       | 0.7755   |           
146    | 2.7906     | 0.4232     | 1.1710       | 1.1964       | 0.9802     | 0.5912       | 0.7771   |           
147    | 2.8419     | 0.4569     | 1.1848       | 1.2003       | 0.9750     | 0.6127       | 0.8622   |           
148    | 2.8217     | 0.4564     | 1.1763       | 1.1889       | 0.9812     | 0.5916       | 0.8709   |           
149    | 2.8453     | 0.4623     | 1.1781       | 1.2049       | 0.9750     | 0.6129       | 0.8503   |           
150    | 2.8070     | 0.4350     | 1.1780       | 1.1940       | 0.9760     | 0.5984       | 0.8363   |           
151    | 2.8491     | 0.4624     | 1.1773       | 1.2093       | 0.9802     | 0.6356       | 0.9515   |           
152    | 2.8044     | 0.4247     | 1.1847       | 1.1950       | 0.9812     | 0.6103       | 0.9250   |           
153    | 2.8564     | 0.4722     | 1.1800       | 1.2042       | 0.9823     | 0.6122       | 0.8913   |           
154    | 2.8329     | 0.4540     | 1.1822       | 1.1967       | 0.9750     | 0.5925       | 0.9024   |           
155    | 2.7970     | 0.4228     | 1.1768       | 1.1974       | 0.9792     | 0.5846       | 0.8962   |           
156    | 2.7909     | 0.4216     | 1.1788       | 1.1906       | 0.9760     | 0.5624       | 0.8680   |           
157    | 2.8155     | 0.4319     | 1.1852       | 1.1984       | 0.9729     | 0.6259       | 0.8779   |           
158    | 2.8679     | 0.4662     | 1.1934       | 1.2084       | 0.9812     | 0.5863       | 0.8868   |           
159    | 2.8117     | 0.4292     | 1.2008       | 1.1817       | 0.9792     | 0.5729       | 0.9262   |           
160    | 2.8482     | 0.4559     | 1.1971       | 1.1952       | 0.9740     | 0.5065       | 0.9858   | (ADV 0.72)
161    | 2.8550     | 0.4434     | 1.2123       | 1.1994       | 0.9760     | 0.5895       | 0.9024   |           
162    | 2.8476     | 0.4616     | 1.1826       | 1.2034       | 0.9760     | 0.5745       | 0.9249   |           
163    | 2.8281     | 0.4237     | 1.1990       | 1.2054       | 0.9750     | 0.5441       | 0.8979   |           
164    | 2.7858     | 0.4297     | 1.1588       | 1.1974       | 0.9781     | 0.5353       | 0.9620   |           
165    | 2.8387     | 0.4494     | 1.1891       | 1.2002       | 0.9760     | 0.5826       | 0.9362   |           
166    | 2.7641     | 0.4008     | 1.1779       | 1.1854       | 0.9792     | 0.5409       | 0.9147   |           
167    | 2.8014     | 0.4259     | 1.1821       | 1.1933       | 0.9833     | 0.5589       | 0.9165   |           
168    | 2.8584     | 0.4488     | 1.1987       | 1.2109       | 0.9802     | 0.5729       | 0.8187   |           
169    | 2.8191     | 0.4312     | 1.1799       | 1.2080       | 0.9812     | 0.5694       | 0.8955   |           
170    | 2.8401     | 0.4378     | 1.1879       | 1.2144       | 0.9750     | 0.5360       | 0.9348   |           
171    | 2.8595     | 0.4541     | 1.1998       | 1.2056       | 0.9740     | 0.5687       | 0.8070   |           
172    | 2.8778     | 0.4486     | 1.2081       | 1.2211       | 0.9740     | 0.5497       | 0.8465   |           
173    | 2.8565     | 0.4404     | 1.1964       | 1.2197       | 0.9781     | 0.5919       | 0.9188   |           
174    | 2.7952     | 0.3987     | 1.1871       | 1.2095       | 0.9792     | 0.5613       | 0.8465   |           
175    | 2.8469     | 0.4382     | 1.1947       | 1.2139       | 0.9781     | 0.5389       | 0.8518   |           
176    | 2.8397     | 0.4176     | 1.2058       | 1.2164       | 0.9792     | 0.5693       | 0.8309   |           
177    | 2.8665     | 0.4322     | 1.2051       | 1.2293       | 0.9812     | 0.5620       | 0.8351   |           
178    | 2.8627     | 0.4321     | 1.2050       | 1.2257       | 0.9781     | 0.5463       | 0.8693   |           
179    | 2.8052     | 0.4125     | 1.1847       | 1.2080       | 0.9792     | 0.5596       | 0.8675   |           
180    | 2.8305     | 0.4342     | 1.1795       | 1.2168       | 0.9781     | 0.5788       | 0.8911   |           
181    | 2.8416     | 0.4507     | 1.1841       | 1.2068       | 0.9792     | 0.5399       | 0.8417   |           
182    | 2.8822     | 0.4716     | 1.1976       | 1.2130       | 0.9802     | 0.5520       | 0.8670   |           
183    | 2.8674     | 0.4478     | 1.1965       | 1.2230       | 0.9792     | 0.5215       | 0.8469   |           
184    | 2.8567     | 0.4548     | 1.1936       | 1.2083       | 0.9771     | 0.5555       | 0.9079   |           
185    | 2.8373     | 0.4372     | 1.2023       | 1.1977       | 0.9771     | 0.5332       | 0.8527   |           
186    | 2.8171     | 0.4043     | 1.1954       | 1.2174       | 0.9792     | 0.5739       | 0.8538   |           
187    | 2.8664     | 0.4347     | 1.2078       | 1.2239       | 0.9781     | 0.5316       | 0.8525   |           
188    | 2.8542     | 0.4421     | 1.2122       | 1.1999       | 0.9781     | 0.5768       | 0.8552   |           
189    | 2.8347     | 0.4150     | 1.1986       | 1.2211       | 0.9719     | 0.5418       | 0.8867   |           
190    | 2.8322     | 0.4187     | 1.2093       | 1.2043       | 0.9781     | 0.5228       | 0.8345   |           
191    | 2.7963     | 0.3961     | 1.1995       | 1.2007       | 0.9802     | 0.5414       | 0.9182   |           
192    | 2.8512     | 0.4378     | 1.2000       | 1.2135       | 0.9771     | 0.5529       | 0.9148   |           
193    | 2.8690     | 0.4461     | 1.2025       | 1.2204       | 0.9812     | 0.5305       | 0.8276   |           
194    | 2.8151     | 0.4135     | 1.2088       | 1.1928       | 0.9792     | 0.5275       | 0.8685   |           
195    | 2.8487     | 0.4251     | 1.2111       | 1.2124       | 0.9760     | 0.5479       | 0.8412   |           
196    | 2.8579     | 0.4302     | 1.1931       | 1.2345       | 0.9833     | 0.5281       | 0.8743   |           
197    | 2.8351     | 0.4573     | 1.1757       | 1.2021       | 0.9792     | 0.4931       | 0.8782   | (ADV 0.73)
198    | 2.7665     | 0.3833     | 1.1768       | 1.2063       | 0.9802     | 0.4858       | 0.8508   | (ADV 0.74)
199    | 2.8366     | 0.4150     | 1.2024       | 1.2193       | 0.9802     | 0.5508       | 0.8289   |           
200    | 2.8080     | 0.4028     | 1.1991       | 1.2061       | 0.9823     | 0.5486       | 0.9124   |           
201    | 2.8302     | 0.4055     | 1.2017       | 1.2229       | 0.9792     | 0.5525       | 0.7905   |           
202    | 2.8306     | 0.4017     | 1.1913       | 1.2376       | 0.9812     | 0.4988       | 0.8227   |           
203    | 2.8222     | 0.4065     | 1.1974       | 1.2183       | 0.9833     | 0.5213       | 0.7735   |           
204    | 2.9084     | 0.4647     | 1.2272       | 1.2165       | 0.9802     | 0.5363       | 0.8403   |           
205    | 2.8127     | 0.4014     | 1.1881       | 1.2232       | 0.9760     | 0.5193       | 0.8301   |           
206    | 2.8850     | 0.4313     | 1.2196       | 1.2342       | 0.9781     | 0.5351       | 0.7663   |           
207    | 2.8471     | 0.4217     | 1.1908       | 1.2346       | 0.9771     | 0.5186       | 0.8509   |           
208    | 2.7932     | 0.3897     | 1.1804       | 1.2230       | 0.9781     | 0.5058       | 0.8688   |           
209    | 2.8627     | 0.4259     | 1.2033       | 1.2334       | 0.9833     | 0.5616       | 0.9047   |           
210    | 2.8077     | 0.3895     | 1.2076       | 1.2105       | 0.9750     | 0.4901       | 0.8393   |           
211    | 2.8076     | 0.3999     | 1.2054       | 1.2022       | 0.9792     | 0.5327       | 0.8907   |           
212    | 2.8958     | 0.4375     | 1.2328       | 1.2255       | 0.9792     | 0.5021       | 0.8890   |           
213    | 2.8276     | 0.3934     | 1.2082       | 1.2260       | 0.9740     | 0.4951       | 0.8391   |           
214    | 2.8663     | 0.4287     | 1.2163       | 1.2213       | 0.9740     | 0.5595       | 0.9653   |           
215    | 2.8601     | 0.4208     | 1.2163       | 1.2230       | 0.9792     | 0.5104       | 0.9844   |           
216    | 2.8468     | 0.4127     | 1.2170       | 1.2171       | 0.9802     | 0.5073       | 0.9471   |           
217    | 2.8762     | 0.4314     | 1.2229       | 1.2219       | 0.9792     | 0.5108       | 0.8517   |           
218    | 2.8871     | 0.4293     | 1.2349       | 1.2228       | 0.9812     | 0.5418       | 0.8998   |           
219    | 2.8342     | 0.3894     | 1.2223       | 1.2225       | 0.9740     | 0.5566       | 0.9118   |           
220    | 2.8737     | 0.4284     | 1.2338       | 1.2115       | 0.9823     | 0.5648       | 0.9272   |           
221    | 2.8379     | 0.3943     | 1.2096       | 1.2341       | 0.9792     | 0.4830       | 0.9830   | (ADV 0.74)
222    | 2.8460     | 0.3988     | 1.2188       | 1.2284       | 0.9812     | 0.5262       | 0.8715   |           
223    | 2.8388     | 0.4063     | 1.2113       | 1.2212       | 0.9812     | 0.4799       | 0.8773   | (ADV 0.74)
224    | 2.8820     | 0.4257     | 1.2378       | 1.2185       | 0.9802     | 0.5165       | 0.8920   |           
225    | 2.9067     | 0.4503     | 1.2201       | 1.2362       | 0.9771     | 0.4945       | 0.8247   |           
226    | 2.8815     | 0.4371     | 1.2235       | 1.2209       | 0.9792     | 0.5309       | 0.8912   |           
227    | 2.8175     | 0.3795     | 1.1972       | 1.2407       | 0.9792     | 0.5144       | 0.9131   |           
228    | 2.8272     | 0.3968     | 1.2120       | 1.2184       | 0.9771     | 0.5163       | 0.8901   |           
229    | 2.8970     | 0.4044     | 1.2394       | 1.2531       | 0.9812     | 0.5379       | 0.8753   |           
230    | 2.8328     | 0.3983     | 1.2172       | 1.2172       | 0.9781     | 0.5161       | 0.8183   |           
231    | 2.8995     | 0.4184     | 1.2294       | 1.2516       | 0.9760     | 0.4973       | 0.8056   |           
232    | 2.8257     | 0.3986     | 1.2078       | 1.2193       | 0.9802     | 0.4969       | 0.8850   |           
233    | 2.8544     | 0.4187     | 1.2163       | 1.2194       | 0.9823     | 0.4720       | 0.8298   | (ADV 0.75)
234    | 2.8747     | 0.4227     | 1.2223       | 1.2296       | 0.9760     | 0.4545       | 0.8524   | (ADV 0.75)
235    | 2.8194     | 0.3876     | 1.2086       | 1.2233       | 0.9781     | 0.4809       | 0.8691   |           
236    | 2.8399     | 0.3931     | 1.2178       | 1.2291       | 0.9802     | 0.4796       | 0.8941   |           
237    | 2.8612     | 0.4009     | 1.2402       | 1.2201       | 0.9781     | 0.4824       | 0.9068   |           
238    | 2.8653     | 0.4237     | 1.2100       | 1.2316       | 0.9781     | 0.4627       | 0.9102   |           
239    | 2.8432     | 0.3972     | 1.2171       | 1.2288       | 0.9781     | 0.4997       | 0.8587   |           
240    | 2.8444     | 0.4058     | 1.2131       | 1.2255       | 0.9812     | 0.5492       | 0.8710   |           
241    | 2.8143     | 0.3772     | 1.2184       | 1.2187       | 0.9771     | 0.5449       | 0.7883   |           
242    | 2.8510     | 0.4062     | 1.2085       | 1.2363       | 0.9802     | 0.4917       | 0.9203   |           
243    | 2.8421     | 0.3949     | 1.2134       | 1.2338       | 0.9812     | 0.4535       | 0.8642   | (ADV 0.75)
244    | 2.8346     | 0.3815     | 1.2162       | 1.2368       | 0.9812     | 0.5002       | 0.8703   |           
245    | 2.8268     | 0.3900     | 1.2168       | 1.2200       | 0.9771     | 0.5262       | 0.7377   |           
246    | 2.8394     | 0.3972     | 1.2162       | 1.2260       | 0.9802     | 0.5032       | 0.8562   |           
247    | 2.8565     | 0.4029     | 1.2143       | 1.2392       | 0.9802     | 0.4899       | 0.9451   |           
248    | 2.8439     | 0.4013     | 1.2103       | 1.2322       | 0.9802     | 0.4793       | 0.8803   |           
249    | 2.8445     | 0.4047     | 1.2128       | 1.2270       | 0.9823     | 0.5089       | 0.9838   |           
250    | 2.8385     | 0.3746     | 1.2208       | 1.2431       | 0.9802     | 0.4829       | 0.8446   |           
251    | 2.8127     | 0.3733     | 1.2180       | 1.2213       | 0.9792     | 0.4968       | 0.7625   |           
252    | 2.8179     | 0.3700     | 1.2186       | 1.2293       | 0.9875     | 0.5086       | 0.8648   |           
253    | 2.8267     | 0.3697     | 1.2333       | 1.2236       | 0.9771     | 0.4745       | 0.9323   |           
254    | 2.8111     | 0.3700     | 1.2118       | 1.2293       | 0.9781     | 0.4962       | 0.9099   |           
255    | 2.8414     | 0.3920     | 1.2237       | 1.2256       | 0.9802     | 0.4859       | 0.9482   |           
256    | 2.8241     | 0.3771     | 1.2115       | 1.2354       | 0.9823     | 0.4653       | 0.8605   |           
257    | 2.8408     | 0.3902     | 1.2179       | 1.2327       | 0.9792     | 0.5032       | 0.7630   |           
258    | 2.8485     | 0.3983     | 1.2200       | 1.2301       | 0.9792     | 0.4477       | 0.8662   | (ADV 0.76)
259    | 2.8553     | 0.3836     | 1.2224       | 1.2493       | 0.9792     | 0.4708       | 0.9358   |           
260    | 2.8964     | 0.4318     | 1.2193       | 1.2452       | 0.9792     | 0.4326       | 0.8787   | (ADV 0.76)
261    | 2.7979     | 0.3789     | 1.2047       | 1.2142       | 0.9802     | 0.4706       | 0.9522   |           
262    | 2.8266     | 0.3679     | 1.2252       | 1.2334       | 0.9833     | 0.4902       | 0.9138   |           
263    | 2.8310     | 0.3778     | 1.2144       | 1.2387       | 0.9802     | 0.4466       | 0.9087   |           
264    | 2.8302     | 0.3872     | 1.2203       | 1.2227       | 0.9781     | 0.4884       | 0.9393   |           
265    | 2.8212     | 0.3773     | 1.2312       | 1.2128       | 0.9812     | 0.5017       | 0.9698   |           
266    | 2.9132     | 0.4409     | 1.2383       | 1.2340       | 0.9781     | 0.4840       | 0.9766   |           
267    | 2.8714     | 0.3926     | 1.2389       | 1.2399       | 0.9802     | 0.4932       | 0.9386   |           
268    | 2.8937     | 0.4368     | 1.2236       | 1.2333       | 0.9802     | 0.5378       | 0.9156   |           
269    | 2.8583     | 0.3894     | 1.2245       | 1.2443       | 0.9792     | 0.4918       | 0.8570   |           
270    | 2.8652     | 0.4016     | 1.2326       | 1.2310       | 0.9875     | 0.4582       | 0.9545   |           
271    | 2.8546     | 0.3941     | 1.2270       | 1.2335       | 0.9802     | 0.4825       | 0.9197   |           
272    | 2.8604     | 0.4003     | 1.2188       | 1.2413       | 0.9812     | 0.4627       | 0.9574   |           
273    | 2.8687     | 0.3771     | 1.2584       | 1.2332       | 0.9823     | 0.4627       | 0.9315   |           
274    | 2.8660     | 0.4014     | 1.2268       | 1.2378       | 0.9792     | 0.5010       | 0.8247   |           
275    | 2.8822     | 0.4150     | 1.2380       | 1.2292       | 0.9833     | 0.4560       | 0.9361   |           
276    | 2.8282     | 0.3659     | 1.2456       | 1.2167       | 0.9802     | 0.4833       | 0.9362   |           
277    | 2.8137     | 0.3761     | 1.2113       | 1.2264       | 0.9771     | 0.4518       | 0.8615   |           
278    | 2.8169     | 0.3728     | 1.2137       | 1.2304       | 0.9792     | 0.4770       | 0.9574   |           
279    | 2.8444     | 0.3828     | 1.2283       | 1.2333       | 0.9781     | 0.4705       | 0.9066   |           
280    | 2.8212     | 0.3763     | 1.2259       | 1.2190       | 0.9771     | 0.5017       | 0.9394   |           
281    | 2.8831     | 0.3831     | 1.2500       | 1.2500       | 0.9812     | 0.4628       | 0.8371   |           
282    | 2.8571     | 0.3891     | 1.2288       | 1.2392       | 0.9792     | 0.4715       | 0.8818   |           
283    | 2.8363     | 0.3712     | 1.2334       | 1.2317       | 0.9781     | 0.4490       | 0.9004   |           
284    | 2.8441     | 0.3905     | 1.2347       | 1.2189       | 0.9802     | 0.5058       | 0.9311   |           
285    | 2.8290     | 0.3713     | 1.2376       | 1.2201       | 0.9792     | 0.4678       | 0.9433   |           
286    | 2.7976     | 0.3361     | 1.2292       | 1.2323       | 0.9760     | 0.4720       | 0.8821   |           
287    | 2.7929     | 0.3482     | 1.2225       | 1.2223       | 0.9781     | 0.4419       | 0.8992   |           
288    | 2.8050     | 0.3552     | 1.2311       | 1.2187       | 0.9844     | 0.5049       | 0.9229   |           
289    | 2.8990     | 0.4131     | 1.2417       | 1.2443       | 0.9792     | 0.4734       | 0.8947   |           
290    | 2.8497     | 0.3806     | 1.2332       | 1.2359       | 0.9802     | 0.4612       | 0.8625   |           
291    | 2.9112     | 0.4157     | 1.2584       | 1.2371       | 0.9844     | 0.4554       | 0.8387   |           
292    | 2.8222     | 0.3709     | 1.2332       | 1.2181       | 0.9823     | 0.4820       | 0.9263   |           
293    | 2.8658     | 0.3864     | 1.2303       | 1.2491       | 0.9771     | 0.4698       | 0.9451   |           
294    | 2.8782     | 0.3901     | 1.2343       | 1.2538       | 0.9792     | 0.4615       | 0.8802   |           
295    | 2.8469     | 0.3654     | 1.2368       | 1.2446       | 0.9823     | 0.4617       | 0.8324   |           
296    | 2.8932     | 0.4028     | 1.2525       | 1.2379       | 0.9802     | 0.4783       | 0.8440   |           
297    | 2.8653     | 0.3890     | 1.2273       | 1.2490       | 0.9750     | 0.4459       | 0.9459   |           
298    | 2.8687     | 0.3945     | 1.2263       | 1.2479       | 0.9792     | 0.4369       | 0.8550   |           
299    | 2.8561     | 0.3791     | 1.2414       | 1.2355       | 0.9802     | 0.4876       | 0.8946   |           
300    | 2.8082     | 0.3673     | 1.2271       | 1.2139       | 0.9792     | 0.4811       | 0.8843   |           
301    | 2.8599     | 0.3877     | 1.2333       | 1.2389       | 0.9771     | 0.4644       | 0.9154   |           
302    | 2.8187     | 0.3557     | 1.2345       | 1.2286       | 0.9760     | 0.4753       | 0.9383   |           
303    | 2.8444     | 0.3733     | 1.2348       | 1.2363       | 0.9833     | 0.4692       | 0.9339   |           
304    | 2.8554     | 0.3726     | 1.2467       | 1.2361       | 0.9781     | 0.4568       | 0.9022   |           
305    | 2.7843     | 0.3424     | 1.2294       | 1.2126       | 0.9781     | 0.4641       | 0.9573   |           
306    | 2.9219     | 0.4201     | 1.2555       | 1.2464       | 0.9823     | 0.4623       | 0.8714   |           
307    | 2.8851     | 0.4129     | 1.2359       | 1.2363       | 0.9812     | 0.4686       | 0.9111   |           
308    | 2.8646     | 0.4019     | 1.2351       | 1.2276       | 0.9771     | 0.4875       | 0.9645   |           
309    | 2.8927     | 0.3929     | 1.2619       | 1.2379       | 0.9781     | 0.4550       | 0.9386   |           
310    | 2.8998     | 0.3944     | 1.2477       | 1.2578       | 0.9823     | 0.4374       | 0.8883   | (ADV 0.76)
311    | 2.8474     | 0.3633     | 1.2357       | 1.2484       | 0.9802     | 0.4461       | 0.8790   |           
312    | 2.8425     | 0.3634     | 1.2401       | 1.2390       | 0.9812     | 0.4600       | 0.9273   |           
313    | 2.8403     | 0.3772     | 1.2340       | 1.2291       | 0.9792     | 0.4693       | 0.9328   |           
314    | 2.8696     | 0.3857     | 1.2421       | 1.2418       | 0.9802     | 0.4714       | 0.9781   |           
315    | 2.8586     | 0.3740     | 1.2423       | 1.2423       | 0.9802     | 0.4458       | 0.9360   |           
316    | 2.8196     | 0.3668     | 1.2359       | 1.2169       | 0.9802     | 0.4929       | 0.8801   |           
317    | 2.8538     | 0.3762     | 1.2442       | 1.2333       | 0.9792     | 0.4544       | 0.9113   |           
318    | 2.8415     | 0.3646     | 1.2563       | 1.2206       | 0.9802     | 0.4643       | 0.9588   |           
319    | 2.8346     | 0.3677     | 1.2423       | 1.2246       | 0.9750     | 0.4262       | 0.9061   |           
320    | 2.8859     | 0.3886     | 1.2544       | 1.2429       | 0.9792     | 0.4504       | 0.9172   |           
321    | 2.8798     | 0.3901     | 1.2545       | 1.2352       | 0.9823     | 0.4413       | 0.9129   |           
322    | 2.8381     | 0.3775     | 1.2321       | 1.2285       | 0.9802     | 0.4561       | 0.8425   |           
323    | 2.8742     | 0.4036     | 1.2370       | 1.2336       | 0.9771     | 0.4879       | 0.9337   |           
324    | 2.8691     | 0.3743     | 1.2509       | 1.2439       | 0.9792     | 0.4567       | 0.9228   |           
325    | 2.8497     | 0.3783     | 1.2391       | 1.2323       | 0.9812     | 0.4137       | 0.9427   | (ADV 0.77)
326    | 2.8485     | 0.3734     | 1.2449       | 1.2302       | 0.9812     | 0.4568       | 0.8910   |           
327    | 2.8170     | 0.3699     | 1.2351       | 1.2121       | 0.9812     | 0.4626       | 0.9145   |           
328    | 2.9029     | 0.4062     | 1.2582       | 1.2385       | 0.9802     | 0.4621       | 0.9671   |           
329    | 2.8380     | 0.3610     | 1.2405       | 1.2366       | 0.9823     | 0.4710       | 0.9100   |           
330    | 2.8808     | 0.3870     | 1.2426       | 1.2512       | 0.9802     | 0.4878       | 0.8641   |           
331    | 2.8487     | 0.3650     | 1.2540       | 1.2297       | 0.9854     | 0.4407       | 0.8311   |           
332    | 2.8441     | 0.3712     | 1.2358       | 1.2371       | 0.9885     | 0.4361       | 0.8794   |           
333    | 2.8625     | 0.3589     | 1.2521       | 1.2515       | 0.9760     | 0.4130       | 0.9282   |           
334    | 2.8935     | 0.3976     | 1.2461       | 1.2498       | 0.9823     | 0.4502       | 0.9836   |           
335    | 2.8401     | 0.3524     | 1.2410       | 1.2467       | 0.9792     | 0.4369       | 0.8162   |           
336    | 2.8226     | 0.3545     | 1.2491       | 1.2190       | 0.9792     | 0.4308       | 0.8332   |           
337    | 2.8887     | 0.3960     | 1.2505       | 1.2422       | 0.9833     | 0.4538       | 0.8554   |           
338    | 2.8883     | 0.3956     | 1.2489       | 1.2437       | 0.9802     | 0.4521       | 0.9394   |           
339    | 2.8229     | 0.3666     | 1.2261       | 1.2302       | 0.9812     | 0.4626       | 0.9072   |           
340    | 2.8446     | 0.3581     | 1.2459       | 1.2406       | 0.9854     | 0.4398       | 0.9344   |           
341    | 2.8307     | 0.3318     | 1.2484       | 1.2505       | 0.9844     | 0.4460       | 0.8967   |           
342    | 2.8872     | 0.3984     | 1.2550       | 1.2338       | 0.9760     | 0.4411       | 0.9351   |           
343    | 2.8173     | 0.3638     | 1.2300       | 1.2236       | 0.9802     | 0.5175       | 0.9604   |           
344    | 2.8940     | 0.3837     | 1.2518       | 1.2585       | 0.9844     | 0.4696       | 0.9648   |           
345    | 2.8576     | 0.3613     | 1.2545       | 1.2417       | 0.9812     | 0.4481       | 0.9181   |           
346    | 2.8049     | 0.3379     | 1.2321       | 1.2349       | 0.9812     | 0.4654       | 0.9955   |           
347    | 2.8545     | 0.3457     | 1.2663       | 1.2425       | 0.9812     | 0.4688       | 0.8475   |           
348    | 2.8416     | 0.3361     | 1.2649       | 1.2407       | 0.9833     | 0.4639       | 0.9200   |           
349    | 2.8177     | 0.3491     | 1.2484       | 1.2202       | 0.9802     | 0.5160       | 0.9783   |           
350    | 2.9117     | 0.3930     | 1.2708       | 1.2479       | 0.9844     | 0.4766       | 0.8377   |           
351    | 2.8671     | 0.3758     | 1.2525       | 1.2389       | 0.9812     | 0.4415       | 0.9157   |           
352    | 2.8781     | 0.3762     | 1.2453       | 1.2566       | 0.9875     | 0.4391       | 0.9225   |           
353    | 2.8590     | 0.3609     | 1.2540       | 1.2441       | 0.9812     | 0.4617       | 0.9107   |           
354    | 2.8353     | 0.3453     | 1.2490       | 1.2410       | 0.9823     | 0.4893       | 0.7891   |           
355    | 2.8329     | 0.3563     | 1.2479       | 1.2287       | 0.9844     | 0.5135       | 0.9088   |           
356    | 2.8758     | 0.3698     | 1.2546       | 1.2513       | 0.9833     | 0.4652       | 0.9484   |           
357    | 2.8757     | 0.3664     | 1.2561       | 1.2532       | 0.9812     | 0.5107       | 0.9580   |           
358    | 2.8172     | 0.3293     | 1.2431       | 1.2448       | 0.9812     | 0.4839       | 0.9630   |           
359    | 2.8559     | 0.3369     | 1.2774       | 1.2417       | 0.9802     | 0.4467       | 0.8688   |           
360    | 2.8538     | 0.3560     | 1.2641       | 1.2337       | 0.9812     | 0.4825       | 1.0227   |           
361    | 2.8489     | 0.3505     | 1.2526       | 1.2458       | 0.9792     | 0.4756       | 0.9239   |           
362    | 2.8099     | 0.3286     | 1.2553       | 1.2260       | 0.9833     | 0.4508       | 0.8731   |           
363    | 2.8916     | 0.3713     | 1.2615       | 1.2588       | 0.9833     | 0.4740       | 0.8763   |           
364    | 2.8594     | 0.3544     | 1.2653       | 1.2396       | 0.9750     | 0.4448       | 0.8763   |           
365    | 2.7985     | 0.3431     | 1.2324       | 1.2229       | 0.9854     | 0.4506       | 0.9361   |           
366    | 2.8633     | 0.3543     | 1.2651       | 1.2438       | 0.9802     | 0.4801       | 0.8484   |           
367    | 2.9103     | 0.3716     | 1.2702       | 1.2685       | 0.9812     | 0.4705       | 0.7953   |           
368    | 2.7983     | 0.3308     | 1.2385       | 1.2290       | 0.9833     | 0.4993       | 0.8679   |           
369    | 2.8415     | 0.3640     | 1.2430       | 1.2346       | 0.9844     | 0.4273       | 0.8735   |           
370    | 2.8740     | 0.3500     | 1.2614       | 1.2627       | 0.9802     | 0.4184       | 0.9361   |           
371    | 2.8923     | 0.3882     | 1.2558       | 1.2482       | 0.9812     | 0.4344       | 0.8972   |           
372    | 2.8513     | 0.3490     | 1.2658       | 1.2364       | 0.9802     | 0.4713       | 0.9212   |           
373    | 2.8737     | 0.3489     | 1.2666       | 1.2583       | 0.9802     | 0.4768       | 0.8924   |           
374    | 2.8722     | 0.3513     | 1.2674       | 1.2535       | 0.9865     | 0.4742       | 0.8535   |           
375    | 2.8634     | 0.3536     | 1.2563       | 1.2535       | 0.9833     | 0.4262       | 0.8612   |           
376    | 2.8720     | 0.3537     | 1.2656       | 1.2528       | 0.9854     | 0.4347       | 0.9199   |           
377    | 2.8406     | 0.3379     | 1.2642       | 1.2385       | 0.9802     | 0.4498       | 0.9268   |           
378    | 2.8984     | 0.3835     | 1.2658       | 1.2492       | 0.9823     | 0.4568       | 0.9149   |           
379    | 2.8715     | 0.3740     | 1.2497       | 1.2477       | 0.9792     | 0.4137       | 0.8830   |           
380    | 2.8519     | 0.3426     | 1.2560       | 1.2533       | 0.9823     | 0.4286       | 0.9091   |           
381    | 2.8237     | 0.3441     | 1.2528       | 1.2268       | 0.9802     | 0.4449       | 0.9332   |           
382    | 2.8839     | 0.3696     | 1.2568       | 1.2575       | 0.9792     | 0.4540       | 0.9142   |           
383    | 2.8381     | 0.3409     | 1.2565       | 1.2407       | 0.9812     | 0.4356       | 0.9413   |           
384    | 2.8274     | 0.3355     | 1.2491       | 1.2429       | 0.9812     | 0.4107       | 0.8517   | (ADV 0.78)
385    | 2.8159     | 0.3233     | 1.2528       | 1.2397       | 0.9781     | 0.3895       | 0.8595   | (ADV 0.78)
386    | 2.8515     | 0.3396     | 1.2636       | 1.2483       | 0.9833     | 0.4326       | 0.9280   |           
387    | 2.8117     | 0.3182     | 1.2663       | 1.2272       | 0.9812     | 0.4274       | 0.9329   |           
388    | 2.8248     | 0.3335     | 1.2504       | 1.2409       | 0.9812     | 0.4858       | 0.9182   |           
389    | 2.9129     | 0.3878     | 1.2771       | 1.2481       | 0.9823     | 0.4747       | 0.9240   |           
390    | 2.8909     | 0.3437     | 1.2596       | 1.2877       | 0.9844     | 0.4225       | 0.9352   |           
391    | 2.8673     | 0.3692     | 1.2624       | 1.2357       | 0.9781     | 0.4297       | 0.8386   |           
392    | 2.8522     | 0.3267     | 1.2694       | 1.2561       | 0.9844     | 0.4085       | 0.8735   |           
393    | 2.8414     | 0.3329     | 1.2512       | 1.2573       | 0.9833     | 0.4453       | 0.8415   |           
394    | 2.8478     | 0.3381     | 1.2626       | 1.2470       | 0.9802     | 0.4572       | 0.9062   |           
395    | 2.8389     | 0.3408     | 1.2550       | 1.2431       | 0.9802     | 0.4478       | 0.9801   |           
396    | 2.8175     | 0.3229     | 1.2567       | 1.2379       | 0.9823     | 0.4209       | 1.0185   |           
397    | 2.8676     | 0.3637     | 1.2463       | 1.2576       | 0.9792     | 0.4349       | 0.9438   |           
398    | 2.8393     | 0.3495     | 1.2512       | 1.2385       | 0.9812     | 0.4122       | 0.9403   |           
399    | 2.8347     | 0.3463     | 1.2496       | 1.2387       | 0.9844     | 0.4230       | 0.9469   |           
400    | 2.8710     | 0.3564     | 1.2574       | 1.2572       | 0.9802     | 0.4541       | 0.9169   |           
Seed 42 | Src Acc: 98.3673 | Src MDE: 0.0223 | Tgt Acc: 33.1633 | Tgt MDE: 0.8595
Start Training Seed 6767...

Start CDAN+E Training... (Entropy Conditioning Enabled)
Epoch  | Total Loss | Tr Cls     | Tr Dom RSSI  | Tr Dom RTT   | Val T Acc  | Val T Entropy | Test MDE
------------------------------------------------------------------------------------------------------------------------
1      | 6.2080     | 3.4674     | 1.3676       | 1.3730       | 0.6021     | 3.7737       | 1.4790   |           
2      | 5.4168     | 2.8141     | 1.2888       | 1.3139       | 0.7417     | 3.6691       | 1.0649   |           
3      | 4.9092     | 2.4266     | 1.2127       | 1.2699       | 0.8802     | 3.5644       | 0.9271   |           
4      | 4.5104     | 2.1037     | 1.1592       | 1.2476       | 0.8917     | 3.4053       | 0.9409   |           
5      | 4.1773     | 1.8437     | 1.1149       | 1.2187       | 0.9198     | 3.3027       | 0.9153   |           
6      | 3.9282     | 1.6477     | 1.0663       | 1.2142       | 0.9406     | 3.1358       | 0.9613   |           
7      | 3.7685     | 1.4835     | 1.0718       | 1.2132       | 0.9521     | 2.9687       | 0.9847   |           
8      | 3.6122     | 1.3379     | 1.0608       | 1.2135       | 0.9542     | 2.7910       | 0.9451   |           
9      | 3.5449     | 1.2453     | 1.0719       | 1.2276       | 0.9615     | 2.6746       | 0.9848   |           
10     | 3.4414     | 1.1601     | 1.0806       | 1.2007       | 0.9646     | 2.5236       | 0.9811   |           
11     | 3.2969     | 1.0414     | 1.0619       | 1.1935       | 0.9698     | 2.4385       | 1.0057   | (ADV -0.25)
12     | 3.3798     | 1.1577     | 1.0358       | 1.1864       | 0.9646     | 2.2974       | 1.0448   | (ADV -0.18)
13     | 3.3487     | 1.1104     | 1.0339       | 1.2044       | 0.9729     | 2.1017       | 1.0402   | (ADV -0.08)
14     | 3.1974     | 1.0239     | 0.9922       | 1.1813       | 0.9708     | 2.0681       | 0.9966   | (ADV -0.06)
15     | 3.1211     | 0.9508     | 0.9883       | 1.1819       | 0.9729     | 1.9551       | 1.0611   | (ADV -0.00)
16     | 3.1023     | 0.9524     | 0.9879       | 1.1620       | 0.9719     | 1.8962       | 1.0095   | (ADV 0.02)
17     | 3.0222     | 0.8834     | 0.9802       | 1.1586       | 0.9740     | 1.7793       | 1.0084   | (ADV 0.08)
18     | 3.0000     | 0.8772     | 0.9610       | 1.1618       | 0.9802     | 1.7434       | 0.9799   | (ADV 0.11)
19     | 2.8996     | 0.7946     | 0.9621       | 1.1428       | 0.9750     | 1.6481       | 0.9629   | (ADV 0.15)
20     | 2.8880     | 0.7856     | 0.9678       | 1.1345       | 0.9719     | 1.5989       | 0.9678   | (ADV 0.17)
21     | 2.8723     | 0.7784     | 0.9624       | 1.1315       | 0.9792     | 1.5529       | 1.0434   | (ADV 0.20)
22     | 2.8574     | 0.7912     | 0.9616       | 1.1046       | 0.9792     | 1.5441       | 0.9521   | (ADV 0.21)
23     | 2.8192     | 0.7480     | 0.9512       | 1.1200       | 0.9760     | 1.4956       | 0.9357   | (ADV 0.23)
24     | 2.7794     | 0.7163     | 0.9437       | 1.1193       | 0.9771     | 1.4623       | 1.0017   | (ADV 0.25)
25     | 2.7815     | 0.7150     | 0.9456       | 1.1209       | 0.9760     | 1.4046       | 0.9988   | (ADV 0.27)
26     | 2.6892     | 0.6524     | 0.9337       | 1.1031       | 0.9812     | 1.4011       | 1.0065   | (ADV 0.28)
27     | 2.6301     | 0.6305     | 0.9194       | 1.0803       | 0.9823     | 1.3772       | 0.9665   | (ADV 0.29)
28     | 2.6266     | 0.6124     | 0.9194       | 1.0948       | 0.9792     | 1.3381       | 0.9800   | (ADV 0.31)
29     | 2.6675     | 0.6576     | 0.9261       | 1.0838       | 0.9740     | 1.3337       | 0.9457   |           
30     | 2.6757     | 0.6346     | 0.9339       | 1.1072       | 0.9771     | 1.2765       | 0.9023   | (ADV 0.34)
31     | 2.6524     | 0.6309     | 0.9200       | 1.1015       | 0.9802     | 1.2746       | 0.9522   | (ADV 0.34)
32     | 2.6444     | 0.6224     | 0.9190       | 1.1029       | 0.9802     | 1.2407       | 0.9683   | (ADV 0.36)
33     | 2.6395     | 0.6214     | 0.9169       | 1.1012       | 0.9781     | 1.2432       | 0.9695   |           
34     | 2.6536     | 0.6343     | 0.9240       | 1.0954       | 0.9823     | 1.1644       | 0.9670   | (ADV 0.40)
35     | 2.6297     | 0.6023     | 0.9259       | 1.1015       | 0.9812     | 1.2091       | 0.9615   |           
36     | 2.6662     | 0.6023     | 0.9656       | 1.0983       | 0.9812     | 1.1370       | 0.9290   | (ADV 0.41)
37     | 2.6395     | 0.5774     | 0.9639       | 1.0983       | 0.9833     | 1.1222       | 0.9248   | (ADV 0.42)
38     | 2.6554     | 0.5967     | 0.9515       | 1.1072       | 0.9781     | 1.1462       | 0.9655   |           
39     | 2.6244     | 0.5819     | 0.9477       | 1.0948       | 0.9833     | 1.1282       | 1.0425   |           
40     | 2.6213     | 0.5809     | 0.9367       | 1.1037       | 0.9812     | 1.0671       | 0.9844   | (ADV 0.45)
41     | 2.5844     | 0.5389     | 0.9385       | 1.1069       | 0.9823     | 1.0317       | 0.9146   | (ADV 0.47)
42     | 2.6399     | 0.5673     | 0.9759       | 1.0967       | 0.9812     | 1.0371       | 1.0184   |           
43     | 2.6274     | 0.5531     | 0.9790       | 1.0952       | 0.9854     | 1.0563       | 1.0145   |           
44     | 2.6449     | 0.5541     | 0.9912       | 1.0996       | 0.9844     | 1.0202       | 0.9882   | (ADV 0.47)
45     | 2.6630     | 0.5595     | 0.9938       | 1.1097       | 0.9812     | 1.0378       | 0.9922   |           
46     | 2.6404     | 0.5508     | 0.9841       | 1.1054       | 0.9823     | 1.0189       | 0.9857   |           
47     | 2.6515     | 0.5490     | 0.9975       | 1.1050       | 0.9854     | 0.9807       | 0.9670   | (ADV 0.50)
48     | 2.6657     | 0.5473     | 1.0016       | 1.1168       | 0.9781     | 0.9502       | 0.9060   | (ADV 0.50)
49     | 2.6807     | 0.5667     | 1.0089       | 1.1051       | 0.9802     | 1.0141       | 1.0263   |           
50     | 2.7062     | 0.5674     | 1.0310       | 1.1079       | 0.9792     | 0.9619       | 0.9615   |           
51     | 2.6937     | 0.5299     | 1.0331       | 1.1307       | 0.9812     | 0.9226       | 0.9725   | (ADV 0.52)
52     | 2.6653     | 0.5352     | 1.0061       | 1.1240       | 0.9833     | 0.9550       | 0.9388   |           
53     | 2.6477     | 0.5187     | 1.0211       | 1.1079       | 0.9865     | 0.8656       | 0.9131   | (ADV 0.55)
54     | 2.7126     | 0.5508     | 1.0283       | 1.1334       | 0.9812     | 0.9056       | 0.9212   |           
55     | 2.6802     | 0.5347     | 1.0254       | 1.1200       | 0.9844     | 0.9032       | 0.9463   |           
56     | 2.6908     | 0.5297     | 1.0277       | 1.1334       | 0.9865     | 0.8924       | 0.8879   |           
57     | 2.6461     | 0.4903     | 1.0318       | 1.1240       | 0.9812     | 0.9012       | 0.9132   |           
58     | 2.6822     | 0.5056     | 1.0425       | 1.1341       | 0.9854     | 0.9268       | 0.8980   |           
59     | 2.7313     | 0.5359     | 1.0540       | 1.1414       | 0.9844     | 0.8710       | 0.8775   |           
60     | 2.6634     | 0.5022     | 1.0413       | 1.1199       | 0.9844     | 0.8753       | 0.9224   |           
61     | 2.6809     | 0.5073     | 1.0433       | 1.1303       | 0.9844     | 0.8824       | 0.8832   |           
62     | 2.6433     | 0.4782     | 1.0337       | 1.1314       | 0.9844     | 0.8286       | 0.9089   | (ADV 0.57)
63     | 2.6922     | 0.5087     | 1.0583       | 1.1251       | 0.9812     | 0.8716       | 0.8521   |           
64     | 2.6997     | 0.4870     | 1.0611       | 1.1517       | 0.9865     | 0.8329       | 0.8778   |           
65     | 2.7125     | 0.5077     | 1.0624       | 1.1423       | 0.9833     | 0.8401       | 0.8394   |           
66     | 2.6857     | 0.4737     | 1.0605       | 1.1515       | 0.9823     | 0.8626       | 0.8875   |           
67     | 2.7676     | 0.5367     | 1.0687       | 1.1622       | 0.9865     | 0.8207       | 0.9413   | (ADV 0.58)
68     | 2.7473     | 0.5345     | 1.0540       | 1.1588       | 0.9812     | 0.8196       | 0.9477   |           
69     | 2.7270     | 0.5032     | 1.0616       | 1.1622       | 0.9812     | 0.8151       | 0.9900   |           
70     | 2.7143     | 0.4980     | 1.0609       | 1.1554       | 0.9833     | 0.8006       | 0.9079   | (ADV 0.58)
71     | 2.7117     | 0.5027     | 1.0693       | 1.1397       | 0.9854     | 0.7843       | 0.8948   | (ADV 0.59)
72     | 2.7236     | 0.5087     | 1.0663       | 1.1487       | 0.9833     | 0.8146       | 0.9864   |           
73     | 2.7805     | 0.5284     | 1.0947       | 1.1574       | 0.9823     | 0.7818       | 0.9630   |           
74     | 2.7901     | 0.5748     | 1.0642       | 1.1511       | 0.9865     | 0.7418       | 0.9579   | (ADV 0.62)
75     | 2.7672     | 0.5184     | 1.0852       | 1.1636       | 0.9854     | 0.8074       | 0.9423   |           
76     | 2.6871     | 0.4805     | 1.0718       | 1.1348       | 0.9844     | 0.8044       | 0.9228   |           
77     | 2.6559     | 0.4842     | 1.0586       | 1.1132       | 0.9865     | 0.7749       | 0.9596   |           
78     | 2.6666     | 0.4529     | 1.0641       | 1.1497       | 0.9854     | 0.7665       | 0.9217   |           
79     | 2.7063     | 0.4658     | 1.0793       | 1.1611       | 0.9833     | 0.7815       | 0.9588   |           
80     | 2.6910     | 0.4714     | 1.0716       | 1.1480       | 0.9844     | 0.7699       | 0.9057   |           
81     | 2.7184     | 0.4945     | 1.0806       | 1.1433       | 0.9865     | 0.7746       | 0.9159   |           
82     | 2.7395     | 0.5022     | 1.0738       | 1.1635       | 0.9854     | 0.7203       | 0.9301   | (ADV 0.63)
83     | 2.7442     | 0.4975     | 1.0881       | 1.1585       | 0.9854     | 0.7604       | 0.9205   |           
84     | 2.7637     | 0.5035     | 1.0902       | 1.1701       | 0.9833     | 0.7607       | 0.9736   |           
85     | 2.7423     | 0.4840     | 1.0897       | 1.1686       | 0.9844     | 0.7252       | 0.8827   |           
86     | 2.7174     | 0.4760     | 1.0834       | 1.1580       | 0.9833     | 0.7357       | 0.9268   |           
87     | 2.7863     | 0.5267     | 1.0922       | 1.1675       | 0.9833     | 0.7479       | 0.8921   |           
88     | 2.8049     | 0.5393     | 1.1180       | 1.1476       | 0.9823     | 0.7503       | 0.9167   |           
89     | 2.7295     | 0.4743     | 1.0843       | 1.1709       | 0.9844     | 0.7442       | 0.8928   |           
90     | 2.7758     | 0.4787     | 1.1173       | 1.1799       | 0.9823     | 0.7832       | 0.9067   |           
91     | 2.8165     | 0.5194     | 1.1314       | 1.1657       | 0.9844     | 0.7185       | 0.9828   |           
92     | 2.7717     | 0.4707     | 1.1245       | 1.1764       | 0.9833     | 0.7396       | 0.8623   |           
93     | 2.8164     | 0.4758     | 1.1350       | 1.2055       | 0.9854     | 0.7109       | 0.9124   | (ADV 0.63)
94     | 2.8167     | 0.5179     | 1.1267       | 1.1721       | 0.9833     | 0.7721       | 0.9106   |           
95     | 2.7758     | 0.4750     | 1.1325       | 1.1683       | 0.9875     | 0.7639       | 0.9136   |           
96     | 2.8097     | 0.4936     | 1.1346       | 1.1815       | 0.9896     | 0.7333       | 0.9211   |           
97     | 2.8298     | 0.5158     | 1.1338       | 1.1802       | 0.9771     | 0.7177       | 0.9158   |           
98     | 2.7644     | 0.4721     | 1.1220       | 1.1703       | 0.9865     | 0.7016       | 0.8561   | (ADV 0.64)
99     | 2.7565     | 0.4607     | 1.1224       | 1.1735       | 0.9844     | 0.7078       | 0.8602   |           
100    | 2.7252     | 0.4543     | 1.1147       | 1.1562       | 0.9854     | 0.7317       | 0.8705   |           
101    | 2.8153     | 0.4980     | 1.1320       | 1.1852       | 0.9854     | 0.7280       | 0.8469   |           
102    | 2.8246     | 0.5049     | 1.1341       | 1.1856       | 0.9771     | 0.6497       | 0.9186   | (ADV 0.65)
103    | 2.7887     | 0.4859     | 1.1343       | 1.1684       | 0.9833     | 0.6650       | 0.9567   |           
104    | 2.8165     | 0.5024     | 1.1501       | 1.1639       | 0.9854     | 0.6696       | 0.8815   |           
105    | 2.7730     | 0.4694     | 1.1398       | 1.1637       | 0.9823     | 0.6670       | 0.9191   |           
106    | 2.8084     | 0.4983     | 1.1377       | 1.1724       | 0.9865     | 0.6763       | 0.9069   |           
107    | 2.7106     | 0.4355     | 1.1225       | 1.1526       | 0.9833     | 0.6154       | 0.9032   | (ADV 0.68)
108    | 2.8170     | 0.4927     | 1.1489       | 1.1754       | 0.9781     | 0.6631       | 0.9611   |           
109    | 2.8526     | 0.4930     | 1.1754       | 1.1841       | 0.9865     | 0.6638       | 0.8880   |           
110    | 2.8402     | 0.4916     | 1.1569       | 1.1917       | 0.9865     | 0.6242       | 0.9485   |           
111    | 2.7906     | 0.4737     | 1.1388       | 1.1781       | 0.9854     | 0.6569       | 0.9394   |           
112    | 2.8447     | 0.5042     | 1.1461       | 1.1944       | 0.9865     | 0.6945       | 0.9384   |           
113    | 2.8979     | 0.5396     | 1.1644       | 1.1939       | 0.9812     | 0.7388       | 0.9650   |           
114    | 2.8765     | 0.5010     | 1.1765       | 1.1990       | 0.9802     | 0.6901       | 0.9421   |           
115    | 2.8197     | 0.4737     | 1.1695       | 1.1764       | 0.9833     | 0.6988       | 1.0133   |           
116    | 2.8203     | 0.4792     | 1.1563       | 1.1848       | 0.9844     | 0.6530       | 0.9634   |           
117    | 2.8220     | 0.4643     | 1.1583       | 1.1993       | 0.9854     | 0.6838       | 0.9741   |           
118    | 2.8585     | 0.5000     | 1.1750       | 1.1836       | 0.9823     | 0.6537       | 0.9455   |           
119    | 2.8750     | 0.5277     | 1.1633       | 1.1840       | 0.9833     | 0.6721       | 0.9531   |           
120    | 2.8121     | 0.4505     | 1.1705       | 1.1910       | 0.9865     | 0.6241       | 0.9039   |           
121    | 2.8509     | 0.4745     | 1.1723       | 1.2041       | 0.9875     | 0.6381       | 0.9568   |           
122    | 2.8280     | 0.4840     | 1.1537       | 1.1904       | 0.9823     | 0.6245       | 0.9433   |           
123    | 2.8109     | 0.4769     | 1.1383       | 1.1957       | 0.9875     | 0.6463       | 0.8848   |           
124    | 2.8678     | 0.5282     | 1.1414       | 1.1982       | 0.9812     | 0.6701       | 0.9542   |           
125    | 2.8663     | 0.4935     | 1.1591       | 1.2137       | 0.9865     | 0.6430       | 1.0257   |           
126    | 2.8404     | 0.4742     | 1.1684       | 1.1979       | 0.9865     | 0.6617       | 0.9028   |           
127    | 2.8077     | 0.4507     | 1.1544       | 1.2026       | 0.9823     | 0.6315       | 0.8984   |           
128    | 2.8364     | 0.4809     | 1.1528       | 1.2027       | 0.9854     | 0.6369       | 0.9070   |           
129    | 2.8825     | 0.5117     | 1.1563       | 1.2145       | 0.9833     | 0.6333       | 0.9101   |           
130    | 2.8472     | 0.4674     | 1.1683       | 1.2116       | 0.9844     | 0.6332       | 0.8568   |           
131    | 2.8603     | 0.4781     | 1.1715       | 1.2108       | 0.9823     | 0.6312       | 0.8873   |           
132    | 2.8271     | 0.4389     | 1.1802       | 1.2080       | 0.9823     | 0.5668       | 0.8896   | (ADV 0.70)
133    | 2.8089     | 0.4389     | 1.1761       | 1.1939       | 0.9615     | 0.5933       | 0.8869   |           
134    | 2.8628     | 0.4902     | 1.1706       | 1.2020       | 0.9792     | 0.5853       | 0.9141   |           
135    | 2.8461     | 0.4715     | 1.1764       | 1.1982       | 0.9823     | 0.5599       | 0.8920   | (ADV 0.70)
136    | 2.8209     | 0.4534     | 1.1652       | 1.2022       | 0.9833     | 0.6248       | 0.9735   |           
137    | 2.8488     | 0.4672     | 1.1785       | 1.2031       | 0.9865     | 0.6088       | 0.8901   |           
138    | 2.8859     | 0.4944     | 1.1845       | 1.2070       | 0.9812     | 0.5516       | 0.9376   | (ADV 0.71)
139    | 2.8291     | 0.4245     | 1.1888       | 1.2158       | 0.9792     | 0.6105       | 0.9527   |           
140    | 2.9056     | 0.4999     | 1.1780       | 1.2276       | 0.9792     | 0.5859       | 0.8749   |           
141    | 2.8119     | 0.4353     | 1.1606       | 1.2159       | 0.9792     | 0.5794       | 0.9388   |           
142    | 2.8622     | 0.4575     | 1.1802       | 1.2245       | 0.9802     | 0.5986       | 0.9236   |           
143    | 2.9245     | 0.5225     | 1.1886       | 1.2134       | 0.9865     | 0.6101       | 0.9388   |           
144    | 2.8500     | 0.4807     | 1.1465       | 1.2228       | 0.9844     | 0.5859       | 0.9470   |           
145    | 2.7948     | 0.4256     | 1.1584       | 1.2108       | 0.9823     | 0.6109       | 0.8698   |           
146    | 2.8740     | 0.4776     | 1.1878       | 1.2085       | 0.9781     | 0.6209       | 0.9143   |           
147    | 2.8482     | 0.4767     | 1.1578       | 1.2137       | 0.9771     | 0.6575       | 0.8841   |           
148    | 2.8800     | 0.4814     | 1.1706       | 1.2281       | 0.9844     | 0.5635       | 0.9159   |           
149    | 2.8188     | 0.4378     | 1.1711       | 1.2099       | 0.9823     | 0.5828       | 0.8939   |           
150    | 2.8444     | 0.4440     | 1.1931       | 1.2073       | 0.9844     | 0.6193       | 0.9182   |           
151    | 2.8237     | 0.4576     | 1.1667       | 1.1994       | 0.9844     | 0.6002       | 0.8793   |           
152    | 2.8515     | 0.4450     | 1.1941       | 1.2125       | 0.9865     | 0.5847       | 0.9681   |           
153    | 2.8793     | 0.4750     | 1.1942       | 1.2100       | 0.9802     | 0.6151       | 0.9317   |           
154    | 2.8386     | 0.4510     | 1.1719       | 1.2158       | 0.9823     | 0.5975       | 0.9210   |           
155    | 2.8482     | 0.4462     | 1.1963       | 1.2058       | 0.9792     | 0.5987       | 0.9111   |           
156    | 2.8678     | 0.4777     | 1.1775       | 1.2127       | 0.9792     | 0.6001       | 0.8978   |           
157    | 2.8407     | 0.4509     | 1.1779       | 1.2119       | 0.9833     | 0.5716       | 0.8671   |           
158    | 2.8857     | 0.4459     | 1.2076       | 1.2322       | 0.9812     | 0.5867       | 0.9342   |           
159    | 2.8371     | 0.4473     | 1.1737       | 1.2161       | 0.9833     | 0.5726       | 0.8576   |           
160    | 2.8409     | 0.4330     | 1.1913       | 1.2167       | 0.9823     | 0.5790       | 0.9293   |           
161    | 2.8437     | 0.4410     | 1.1882       | 1.2145       | 0.9781     | 0.5016       | 0.9400   | (ADV 0.73)
162    | 2.8616     | 0.4570     | 1.1862       | 1.2185       | 0.9854     | 0.5667       | 0.9137   |           
163    | 2.8640     | 0.4372     | 1.2106       | 1.2162       | 0.9844     | 0.5935       | 0.8947   |           
164    | 2.8852     | 0.4979     | 1.1667       | 1.2206       | 0.9729     | 0.5947       | 0.9036   |           
165    | 2.8630     | 0.4511     | 1.1933       | 1.2185       | 0.9823     | 0.5759       | 0.8709   |           
166    | 2.8648     | 0.4659     | 1.1857       | 1.2132       | 0.9802     | 0.5976       | 0.9118   |           
167    | 2.8144     | 0.4132     | 1.1917       | 1.2095       | 0.9802     | 0.5449       | 0.9195   |           
168    | 2.8664     | 0.4525     | 1.2064       | 1.2074       | 0.9823     | 0.5441       | 0.9478   |           
169    | 2.8193     | 0.4273     | 1.1853       | 1.2068       | 0.9802     | 0.5382       | 0.8975   |           
170    | 2.8897     | 0.4703     | 1.2074       | 1.2120       | 0.9844     | 0.5609       | 0.8988   |           
171    | 2.8551     | 0.4293     | 1.2156       | 1.2101       | 0.9833     | 0.5303       | 0.9181   |           
172    | 2.8443     | 0.4460     | 1.1849       | 1.2134       | 0.9812     | 0.5919       | 0.8644   |           
173    | 2.8847     | 0.4688     | 1.1930       | 1.2230       | 0.9823     | 0.5667       | 0.8460   |           
174    | 2.8167     | 0.4169     | 1.1913       | 1.2085       | 0.9812     | 0.5300       | 0.9104   |           
175    | 2.8870     | 0.4542     | 1.2061       | 1.2267       | 0.9833     | 0.5435       | 0.8970   |           
176    | 2.8387     | 0.4316     | 1.1981       | 1.2090       | 0.9844     | 0.5594       | 0.9470   |           
177    | 2.8677     | 0.4507     | 1.1974       | 1.2196       | 0.9771     | 0.5617       | 0.9559   |           
178    | 2.9023     | 0.4493     | 1.2220       | 1.2310       | 0.9781     | 0.4985       | 0.9213   | (ADV 0.73)
179    | 2.8307     | 0.4390     | 1.1764       | 1.2153       | 0.9833     | 0.5717       | 0.9595   |           
180    | 2.8812     | 0.4490     | 1.2064       | 1.2258       | 0.9812     | 0.5549       | 0.9288   |           
181    | 2.9122     | 0.4691     | 1.2250       | 1.2182       | 0.9812     | 0.5584       | 0.9142   |           
182    | 2.8722     | 0.4621     | 1.1790       | 1.2311       | 0.9812     | 0.5660       | 0.9201   |           
183    | 2.9045     | 0.4711     | 1.2027       | 1.2306       | 0.9781     | 0.5906       | 0.8952   |           
184    | 2.8964     | 0.4733     | 1.2070       | 1.2161       | 0.9812     | 0.5633       | 0.8956   |           
185    | 2.8384     | 0.4226     | 1.1965       | 1.2194       | 0.9760     | 0.5126       | 0.8952   |           
186    | 2.8884     | 0.4557     | 1.2255       | 1.2072       | 0.9823     | 0.5381       | 0.8384   |           
187    | 2.8521     | 0.4293     | 1.2056       | 1.2172       | 0.9812     | 0.5438       | 0.9110   |           
188    | 2.8524     | 0.4404     | 1.1876       | 1.2245       | 0.9854     | 0.5242       | 0.8353   |           
189    | 2.8874     | 0.4420     | 1.2197       | 1.2256       | 0.9823     | 0.5734       | 0.9222   |           
190    | 2.8864     | 0.4618     | 1.2035       | 1.2211       | 0.9802     | 0.5308       | 0.8801   |           
191    | 2.8547     | 0.4478     | 1.1896       | 1.2173       | 0.9854     | 0.5179       | 0.9036   |           
192    | 2.8635     | 0.4338     | 1.2004       | 1.2293       | 0.9792     | 0.5598       | 0.8936   |           
193    | 2.8642     | 0.4037     | 1.2320       | 1.2285       | 0.9833     | 0.5462       | 0.8505   |           
194    | 2.8702     | 0.4469     | 1.2005       | 1.2229       | 0.9760     | 0.4936       | 0.8536   | (ADV 0.73)
195    | 2.8933     | 0.4560     | 1.2079       | 1.2294       | 0.9854     | 0.4833       | 0.8660   | (ADV 0.74)
196    | 2.8185     | 0.4031     | 1.1904       | 1.2250       | 0.9823     | 0.5383       | 0.9395   |           
197    | 2.8773     | 0.4295     | 1.2275       | 1.2203       | 0.9812     | 0.5504       | 0.9052   |           
198    | 2.8920     | 0.4389     | 1.2242       | 1.2288       | 0.9802     | 0.5114       | 0.8844   |           
199    | 2.8245     | 0.4122     | 1.1998       | 1.2125       | 0.9833     | 0.5397       | 0.9026   |           
200    | 2.8548     | 0.4106     | 1.2111       | 1.2330       | 0.9865     | 0.4701       | 0.8738   | (ADV 0.75)
201    | 2.9234     | 0.4345     | 1.2502       | 1.2387       | 0.9812     | 0.4906       | 0.8569   |           
202    | 2.8514     | 0.4336     | 1.1873       | 1.2305       | 0.9802     | 0.5214       | 0.9688   |           
203    | 2.8590     | 0.4333     | 1.1954       | 1.2303       | 0.9792     | 0.5554       | 0.8570   |           
204    | 2.9457     | 0.4653     | 1.2359       | 1.2445       | 0.9833     | 0.4963       | 0.9133   |           
205    | 2.8974     | 0.4472     | 1.2075       | 1.2427       | 0.9844     | 0.5175       | 0.9256   |           
206    | 2.8477     | 0.4302     | 1.1789       | 1.2386       | 0.9812     | 0.5231       | 0.9404   |           
207    | 2.8716     | 0.4099     | 1.2310       | 1.2307       | 0.9833     | 0.5359       | 0.9252   |           
208    | 2.8688     | 0.4440     | 1.2043       | 1.2205       | 0.9823     | 0.4808       | 0.9313   |           
209    | 2.8805     | 0.4257     | 1.2117       | 1.2431       | 0.9781     | 0.5376       | 0.9812   |           
210    | 2.9082     | 0.4235     | 1.2309       | 1.2537       | 0.9812     | 0.4973       | 0.8812   |           
211    | 2.8911     | 0.4301     | 1.2183       | 1.2427       | 0.9823     | 0.5450       | 0.9226   |           
212    | 2.8416     | 0.4128     | 1.1941       | 1.2347       | 0.9802     | 0.5099       | 0.9578   |           
213    | 2.8455     | 0.4052     | 1.2162       | 1.2242       | 0.9823     | 0.4773       | 0.8866   |           
214    | 2.9172     | 0.4549     | 1.2284       | 1.2338       | 0.9844     | 0.5090       | 0.8945   |           
215    | 2.8685     | 0.4148     | 1.2112       | 1.2425       | 0.9792     | 0.4902       | 0.8840   |           
216    | 2.8640     | 0.4325     | 1.1893       | 1.2423       | 0.9802     | 0.4846       | 0.8996   |           
217    | 2.8728     | 0.4218     | 1.2186       | 1.2325       | 0.9802     | 0.4856       | 0.9404   |           
218    | 2.8978     | 0.4462     | 1.2028       | 1.2487       | 0.9781     | 0.4842       | 0.8757   |           
219    | 2.9337     | 0.4611     | 1.2356       | 1.2370       | 0.9833     | 0.4721       | 0.9026   |           
220    | 2.9464     | 0.4803     | 1.1985       | 1.2676       | 0.9844     | 0.4791       | 0.9267   |           
221    | 2.8949     | 0.4328     | 1.2149       | 1.2473       | 0.9802     | 0.4771       | 0.9363   |           
222    | 2.9049     | 0.4419     | 1.2233       | 1.2396       | 0.9802     | 0.4769       | 1.0594   |           
223    | 2.8830     | 0.4249     | 1.2206       | 1.2374       | 0.9875     | 0.5064       | 0.9557   |           
224    | 2.8412     | 0.4045     | 1.1933       | 1.2434       | 0.9844     | 0.5074       | 0.9140   |           
225    | 2.8696     | 0.4139     | 1.2188       | 1.2369       | 0.9833     | 0.4996       | 0.8750   |           
226    | 2.9059     | 0.4412     | 1.2269       | 1.2378       | 0.9781     | 0.5128       | 0.9419   |           
227    | 2.8871     | 0.4133     | 1.2253       | 1.2486       | 0.9812     | 0.5113       | 1.0074   |           
228    | 2.9090     | 0.4328     | 1.2586       | 1.2177       | 0.9833     | 0.4642       | 0.9144   |           
229    | 2.8930     | 0.4267     | 1.2211       | 1.2453       | 0.9833     | 0.4981       | 0.9372   |           
230    | 2.9086     | 0.4404     | 1.2296       | 1.2386       | 0.9844     | 0.5268       | 0.9451   |           
231    | 2.9212     | 0.4377     | 1.2471       | 1.2363       | 0.9812     | 0.5498       | 0.9829   |           
232    | 2.9289     | 0.4388     | 1.2241       | 1.2660       | 0.9750     | 0.5017       | 0.9909   |           
233    | 2.9061     | 0.4524     | 1.2241       | 1.2297       | 0.9802     | 0.4625       | 0.9238   |           
234    | 2.9105     | 0.4460     | 1.2215       | 1.2430       | 0.9833     | 0.4913       | 0.9693   |           
235    | 2.9066     | 0.4443     | 1.2249       | 1.2375       | 0.9823     | 0.4840       | 0.9174   |           
236    | 2.8471     | 0.4051     | 1.2128       | 1.2292       | 0.9823     | 0.4848       | 0.8750   |           
237    | 2.9078     | 0.4313     | 1.2413       | 1.2352       | 0.9781     | 0.4698       | 0.9396   |           
238    | 2.9127     | 0.4542     | 1.2190       | 1.2395       | 0.9792     | 0.4967       | 1.0129   |           
239    | 2.8709     | 0.4154     | 1.2163       | 1.2392       | 0.9771     | 0.5008       | 0.9478   |           
240    | 2.9066     | 0.4364     | 1.2262       | 1.2440       | 0.9760     | 0.4350       | 1.0628   | (ADV 0.76)
241    | 2.8467     | 0.3914     | 1.2304       | 1.2249       | 0.9812     | 0.4984       | 0.9486   |           
242    | 2.8427     | 0.3994     | 1.2145       | 1.2289       | 0.9781     | 0.4599       | 0.9566   |           
243    | 2.8245     | 0.3962     | 1.2104       | 1.2179       | 0.9844     | 0.4491       | 0.9467   | (ADV 0.76)
244    | 2.8452     | 0.4063     | 1.2182       | 1.2208       | 0.9802     | 0.4913       | 1.0369   |           
245    | 2.8879     | 0.4187     | 1.2429       | 1.2263       | 0.9750     | 0.4537       | 0.9830   |           
246    | 2.8046     | 0.3758     | 1.2015       | 1.2273       | 0.9854     | 0.4828       | 0.9262   |           
247    | 2.8661     | 0.4264     | 1.2092       | 1.2305       | 0.9854     | 0.4668       | 0.8750   |           
248    | 2.9299     | 0.4173     | 1.2867       | 1.2259       | 0.9823     | 0.4568       | 0.9654   |           
249    | 2.8651     | 0.4165     | 1.2027       | 1.2459       | 0.9823     | 0.4414       | 1.0071   | (ADV 0.76)
250    | 2.9431     | 0.4480     | 1.2399       | 1.2551       | 0.9792     | 0.4814       | 0.9876   |           
251    | 2.9554     | 0.4728     | 1.2273       | 1.2552       | 0.9792     | 0.4369       | 0.9355   |           
252    | 2.9546     | 0.4707     | 1.2192       | 1.2647       | 0.9792     | 0.4825       | 1.0334   |           
253    | 2.9314     | 0.4502     | 1.2308       | 1.2503       | 0.9812     | 0.4844       | 0.9775   |           
254    | 2.8657     | 0.4077     | 1.2241       | 1.2339       | 0.9802     | 0.4385       | 0.9394   |           
255    | 2.9260     | 0.4281     | 1.2336       | 1.2643       | 0.9781     | 0.4300       | 0.9270   | (ADV 0.76)
256    | 2.8376     | 0.3944     | 1.2153       | 1.2278       | 0.9812     | 0.4090       | 0.9412   | (ADV 0.78)
257    | 2.8998     | 0.4155     | 1.2356       | 1.2486       | 0.9812     | 0.4561       | 0.9685   |           
258    | 2.9171     | 0.4263     | 1.2271       | 1.2637       | 0.9812     | 0.4691       | 1.0263   |           
259    | 2.8956     | 0.4619     | 1.2059       | 1.2279       | 0.9823     | 0.4364       | 1.0106   |           
260    | 2.9392     | 0.4424     | 1.2320       | 1.2648       | 0.9854     | 0.4624       | 1.0383   |           
261    | 2.8856     | 0.4101     | 1.2180       | 1.2575       | 0.9833     | 0.4326       | 0.8779   |           
262    | 2.9177     | 0.4176     | 1.2536       | 1.2465       | 0.9833     | 0.4945       | 0.9217   |           
263    | 2.8851     | 0.3940     | 1.2234       | 1.2677       | 0.9792     | 0.5240       | 0.9192   |           
264    | 2.8397     | 0.3755     | 1.2522       | 1.2119       | 0.9823     | 0.4665       | 0.8924   |           
265    | 2.9169     | 0.4204     | 1.2367       | 1.2598       | 0.9833     | 0.4596       | 0.8993   |           
266    | 2.9207     | 0.4165     | 1.2455       | 1.2587       | 0.9750     | 0.4742       | 0.9136   |           
267    | 2.9372     | 0.4327     | 1.2496       | 1.2549       | 0.9833     | 0.4671       | 0.9269   |           
268    | 2.9270     | 0.4299     | 1.2310       | 1.2662       | 0.9792     | 0.4970       | 1.0025   |           
269    | 2.8403     | 0.3731     | 1.2315       | 1.2357       | 0.9844     | 0.4685       | 1.0115   |           
270    | 2.9074     | 0.4037     | 1.2293       | 1.2745       | 0.9854     | 0.4844       | 0.9802   |           
271    | 2.8960     | 0.4079     | 1.2176       | 1.2704       | 0.9812     | 0.4572       | 1.0283   |           
272    | 2.9836     | 0.4750     | 1.2494       | 1.2593       | 0.9844     | 0.5071       | 0.9746   |           
273    | 2.8873     | 0.4137     | 1.2321       | 1.2414       | 0.9833     | 0.4574       | 0.9436   |           
274    | 2.8939     | 0.4155     | 1.2220       | 1.2564       | 0.9802     | 0.4939       | 1.0099   |           
275    | 2.9158     | 0.4155     | 1.2325       | 1.2678       | 0.9833     | 0.4704       | 0.9728   |           
276    | 2.8492     | 0.3820     | 1.2182       | 1.2489       | 0.9812     | 0.4499       | 0.8856   |           
277    | 2.8732     | 0.3929     | 1.2446       | 1.2356       | 0.9865     | 0.4287       | 0.8453   |           
278    | 2.8856     | 0.3998     | 1.2366       | 1.2492       | 0.9760     | 0.4121       | 0.9265   |           
279    | 2.8730     | 0.4025     | 1.2286       | 1.2419       | 0.9812     | 0.4310       | 0.8875   |           
280    | 2.9011     | 0.4021     | 1.2517       | 1.2473       | 0.9854     | 0.4540       | 0.9766   |           
281    | 2.8416     | 0.3849     | 1.2186       | 1.2381       | 0.9823     | 0.4289       | 0.9210   |           
282    | 2.8388     | 0.3724     | 1.2258       | 1.2406       | 0.9771     | 0.4257       | 1.0091   |           
283    | 2.8642     | 0.3773     | 1.2371       | 1.2498       | 0.9854     | 0.4462       | 0.9325   |           
284    | 2.8846     | 0.4090     | 1.2311       | 1.2445       | 0.9833     | 0.4460       | 0.9654   |           
285    | 2.8334     | 0.3618     | 1.2335       | 1.2381       | 0.9802     | 0.4304       | 0.9440   |           
286    | 2.8493     | 0.3557     | 1.2465       | 1.2471       | 0.9802     | 0.4835       | 0.9265   |           
287    | 2.8464     | 0.3893     | 1.2269       | 1.2302       | 0.9823     | 0.4299       | 0.9379   |           
288    | 2.8511     | 0.3669     | 1.2481       | 1.2360       | 0.9812     | 0.4722       | 0.9084   |           
289    | 2.8834     | 0.3941     | 1.2441       | 1.2452       | 0.9792     | 0.4137       | 0.9269   |           
290    | 2.9024     | 0.3953     | 1.2596       | 1.2475       | 0.9812     | 0.4792       | 0.9539   |           
291    | 2.8688     | 0.3934     | 1.2376       | 1.2378       | 0.9781     | 0.4243       | 0.9270   |           
292    | 2.9317     | 0.4261     | 1.2547       | 1.2508       | 0.9802     | 0.4359       | 0.9325   |           
293    | 2.8655     | 0.3753     | 1.2525       | 1.2377       | 0.9823     | 0.4555       | 0.9121   |           
294    | 2.9163     | 0.4072     | 1.2581       | 1.2509       | 0.9802     | 0.4522       | 0.9245   |           
295    | 2.8430     | 0.3669     | 1.2442       | 1.2319       | 0.9854     | 0.4439       | 0.9653   |           
296    | 2.9209     | 0.4157     | 1.2607       | 1.2445       | 0.9812     | 0.4892       | 0.9749   |           
297    | 2.8523     | 0.3761     | 1.2466       | 1.2296       | 0.9823     | 0.4741       | 0.9512   |           
298    | 2.8614     | 0.3784     | 1.2365       | 1.2465       | 0.9854     | 0.4335       | 0.8709   |           
299    | 2.8582     | 0.3812     | 1.2360       | 1.2409       | 0.9792     | 0.4717       | 0.8902   |           
300    | 2.8533     | 0.3804     | 1.2369       | 1.2361       | 0.9833     | 0.4631       | 0.9868   |           
301    | 2.9097     | 0.3980     | 1.2622       | 1.2495       | 0.9865     | 0.4403       | 0.9294   |           
302    | 2.8818     | 0.3887     | 1.2502       | 1.2428       | 0.9823     | 0.4683       | 0.9601   |           
303    | 2.9415     | 0.4057     | 1.2689       | 1.2669       | 0.9802     | 0.4167       | 0.8915   |           
304    | 2.8966     | 0.4060     | 1.2347       | 1.2559       | 0.9875     | 0.4396       | 0.9545   |           
305    | 2.9041     | 0.4151     | 1.2377       | 1.2513       | 0.9854     | 0.4185       | 0.9616   |           
306    | 2.8641     | 0.3716     | 1.2491       | 1.2434       | 0.9812     | 0.4289       | 0.9637   |           
307    | 2.8822     | 0.3924     | 1.2372       | 1.2527       | 0.9812     | 0.4245       | 0.9326   |           
308    | 2.8923     | 0.4014     | 1.2522       | 1.2386       | 0.9812     | 0.4610       | 0.9481   |           
309    | 2.8616     | 0.3691     | 1.2486       | 1.2438       | 0.9802     | 0.4182       | 0.9626   |           
310    | 2.8637     | 0.3747     | 1.2505       | 1.2385       | 0.9792     | 0.4540       | 0.9443   |           
311    | 2.8933     | 0.4057     | 1.2517       | 1.2359       | 0.9844     | 0.4534       | 0.9559   |           
312    | 2.9289     | 0.4046     | 1.2524       | 1.2719       | 0.9802     | 0.4458       | 1.0239   |           
313    | 2.8652     | 0.3610     | 1.2619       | 1.2423       | 0.9802     | 0.4568       | 0.9673   |           
314    | 2.8356     | 0.3337     | 1.2537       | 1.2482       | 0.9844     | 0.4333       | 0.9972   |           
315    | 2.9429     | 0.4359     | 1.2404       | 1.2665       | 0.9812     | 0.4423       | 0.9585   |           
316    | 2.9127     | 0.4128     | 1.2575       | 1.2424       | 0.9844     | 0.4500       | 0.9351   |           
317    | 2.9035     | 0.3842     | 1.2519       | 1.2674       | 0.9812     | 0.4693       | 0.9375   |           
318    | 2.8292     | 0.3601     | 1.2345       | 1.2347       | 0.9760     | 0.4245       | 0.9223   |           
319    | 2.9027     | 0.3824     | 1.2745       | 1.2457       | 0.9833     | 0.4250       | 0.8974   |           
320    | 2.8982     | 0.3849     | 1.2554       | 1.2580       | 0.9823     | 0.4283       | 0.8944   |           
321    | 2.9272     | 0.4299     | 1.2551       | 1.2423       | 0.9802     | 0.4313       | 0.9390   |           
322    | 2.9194     | 0.3725     | 1.2709       | 1.2759       | 0.9781     | 0.4030       | 0.9183   |           
323    | 2.9365     | 0.4211     | 1.2777       | 1.2377       | 0.9781     | 0.4765       | 0.9751   |           
324    | 2.9227     | 0.4013     | 1.2582       | 1.2632       | 0.9792     | 0.4310       | 0.9424   |           
325    | 2.8924     | 0.3823     | 1.2571       | 1.2530       | 0.9802     | 0.4611       | 0.9811   |           
326    | 2.9441     | 0.4085     | 1.2549       | 1.2807       | 0.9833     | 0.4497       | 0.9562   |           
327    | 2.9251     | 0.4148     | 1.2655       | 1.2449       | 0.9802     | 0.4125       | 0.9113   |           
328    | 2.8963     | 0.3762     | 1.2740       | 1.2461       | 0.9823     | 0.4229       | 0.9359   |           
329    | 2.9532     | 0.4274     | 1.2722       | 1.2536       | 0.9823     | 0.4750       | 0.9451   |           
330    | 2.8730     | 0.3668     | 1.2634       | 1.2427       | 0.9792     | 0.4570       | 1.0020   |           
331    | 2.9499     | 0.4192     | 1.2697       | 1.2610       | 0.9823     | 0.4466       | 0.8803   |           
332    | 2.8763     | 0.3664     | 1.2630       | 1.2468       | 0.9823     | 0.4116       | 0.9319   |           
333    | 2.9531     | 0.4099     | 1.2801       | 1.2631       | 0.9802     | 0.4231       | 0.9484   |           
334    | 2.9593     | 0.4175     | 1.2770       | 1.2649       | 0.9802     | 0.5000       | 0.9742   |           
335    | 2.8924     | 0.3748     | 1.2420       | 1.2756       | 0.9781     | 0.4543       | 0.9864   |           
336    | 2.8648     | 0.3630     | 1.2576       | 1.2441       | 0.9833     | 0.4548       | 0.9085   |           
337    | 2.9417     | 0.4125     | 1.2475       | 1.2817       | 0.9833     | 0.4455       | 0.9691   |           
338    | 2.8809     | 0.3802     | 1.2504       | 1.2502       | 0.9833     | 0.3906       | 0.9110   | (ADV 0.79)
339    | 2.8851     | 0.3774     | 1.2364       | 1.2713       | 0.9833     | 0.4320       | 0.8779   |           
340    | 2.9283     | 0.4150     | 1.2715       | 1.2419       | 0.9812     | 0.4363       | 0.8904   |           
341    | 2.9344     | 0.4071     | 1.2596       | 1.2677       | 0.9802     | 0.4384       | 0.9299   |           
342    | 2.8833     | 0.3898     | 1.2477       | 1.2459       | 0.9823     | 0.4244       | 1.0083   |           
343    | 2.9391     | 0.4185     | 1.2524       | 1.2682       | 0.9802     | 0.4697       | 0.9688   |           
344    | 2.9174     | 0.3846     | 1.2734       | 1.2594       | 0.9760     | 0.4810       | 0.9862   |           
345    | 2.9510     | 0.3993     | 1.2708       | 1.2809       | 0.9823     | 0.4641       | 0.9518   |           
346    | 2.8812     | 0.3864     | 1.2473       | 1.2474       | 0.9781     | 0.4120       | 0.9464   |           
347    | 2.8948     | 0.3790     | 1.2570       | 1.2588       | 0.9833     | 0.4622       | 0.9701   |           
348    | 2.9553     | 0.4061     | 1.2806       | 1.2686       | 0.9802     | 0.4329       | 0.9695   |           
349    | 2.9156     | 0.4031     | 1.2508       | 1.2617       | 0.9792     | 0.4528       | 0.9652   |           
350    | 2.8670     | 0.3566     | 1.2470       | 1.2633       | 0.9812     | 0.4488       | 0.9816   |           
351    | 2.8968     | 0.3729     | 1.2659       | 1.2581       | 0.9823     | 0.4541       | 1.1140   |           
352    | 2.9103     | 0.3913     | 1.2479       | 1.2712       | 0.9844     | 0.4334       | 1.0239   |           
353    | 2.9176     | 0.3765     | 1.2751       | 1.2661       | 0.9844     | 0.4340       | 0.9883   |           
354    | 2.9350     | 0.4177     | 1.2487       | 1.2685       | 0.9865     | 0.4924       | 1.0902   |           
355    | 2.9462     | 0.3946     | 1.2735       | 1.2781       | 0.9823     | 0.4448       | 0.9766   |           
356    | 2.8996     | 0.3745     | 1.2645       | 1.2606       | 0.9833     | 0.4811       | 0.9240   |           
357    | 2.8597     | 0.3607     | 1.2421       | 1.2569       | 0.9854     | 0.4837       | 0.9604   |           
358    | 2.9441     | 0.4049     | 1.2713       | 1.2680       | 0.9833     | 0.4120       | 0.9812   |           
359    | 2.9443     | 0.3920     | 1.2658       | 1.2865       | 0.9854     | 0.4193       | 0.9649   |           
360    | 2.9311     | 0.4076     | 1.2612       | 1.2622       | 0.9802     | 0.4235       | 1.0535   |           
361    | 2.9516     | 0.4010     | 1.2705       | 1.2801       | 0.9781     | 0.4209       | 0.9177   |           
362    | 2.9326     | 0.3944     | 1.2797       | 1.2585       | 0.9833     | 0.4143       | 0.9676   |           
363    | 2.8732     | 0.3579     | 1.2484       | 1.2670       | 0.9823     | 0.5135       | 1.0623   |           
364    | 2.8944     | 0.3700     | 1.2619       | 1.2625       | 0.9823     | 0.4454       | 1.0610   |           
365    | 2.9380     | 0.3999     | 1.2678       | 1.2703       | 0.9792     | 0.4316       | 1.0098   |           
366    | 2.9039     | 0.3962     | 1.2440       | 1.2637       | 0.9823     | 0.4498       | 0.9215   |           
367    | 2.9013     | 0.3532     | 1.2814       | 1.2667       | 0.9865     | 0.3972       | 0.9312   |           
368    | 2.9159     | 0.4066     | 1.2375       | 1.2718       | 0.9781     | 0.4230       | 0.9233   |           
369    | 2.9097     | 0.3998     | 1.2353       | 1.2746       | 0.9792     | 0.4255       | 0.9671   |           
370    | 2.9286     | 0.3547     | 1.3009       | 1.2730       | 0.9854     | 0.4030       | 0.9514   |           
371    | 2.8966     | 0.4032     | 1.2195       | 1.2738       | 0.9833     | 0.3892       | 0.9320   | (ADV 0.79)
372    | 2.9580     | 0.3806     | 1.3011       | 1.2763       | 0.9802     | 0.4948       | 1.0278   |           
373    | 2.8109     | 0.3290     | 1.2196       | 1.2623       | 0.9812     | 0.4187       | 1.0429   |           
374    | 2.8901     | 0.3624     | 1.2642       | 1.2635       | 0.9792     | 0.4309       | 0.9505   |           
375    | 2.9208     | 0.4010     | 1.2472       | 1.2726       | 0.9812     | 0.4366       | 0.9423   |           
376    | 2.8831     | 0.3652     | 1.2448       | 1.2731       | 0.9823     | 0.4321       | 0.9707   |           
377    | 2.8897     | 0.3624     | 1.2549       | 1.2723       | 0.9844     | 0.4364       | 1.0264   |           
378    | 2.8983     | 0.3648     | 1.2553       | 1.2782       | 0.9823     | 0.4348       | 1.0488   |           
379    | 2.9413     | 0.3884     | 1.2717       | 1.2812       | 0.9812     | 0.4020       | 0.9224   |           
380    | 2.8773     | 0.3671     | 1.2624       | 1.2478       | 0.9844     | 0.4340       | 0.9619   |           
381    | 2.9225     | 0.3844     | 1.2743       | 1.2638       | 0.9802     | 0.4808       | 0.9800   |           
382    | 2.9200     | 0.3738     | 1.2729       | 1.2733       | 0.9854     | 0.4159       | 0.9403   |           
383    | 2.9033     | 0.3654     | 1.2716       | 1.2663       | 0.9802     | 0.4110       | 0.9523   |           
384    | 2.9077     | 0.3534     | 1.2823       | 1.2721       | 0.9844     | 0.3971       | 0.9249   |           
385    | 2.9335     | 0.3999     | 1.2677       | 1.2659       | 0.9812     | 0.4142       | 0.9695   |           
386    | 2.9044     | 0.3669     | 1.2547       | 1.2828       | 0.9854     | 0.4324       | 0.9224   |           
387    | 2.9095     | 0.3899     | 1.2568       | 1.2628       | 0.9844     | 0.4051       | 1.0118   |           
388    | 2.9179     | 0.3864     | 1.2786       | 1.2528       | 0.9833     | 0.4892       | 0.9853   |           
389    | 2.9647     | 0.3837     | 1.2906       | 1.2904       | 0.9792     | 0.4243       | 1.0648   |           
390    | 2.8985     | 0.3736     | 1.2487       | 1.2763       | 0.9823     | 0.4158       | 1.0856   |           
391    | 2.9048     | 0.3813     | 1.2514       | 1.2722       | 0.9812     | 0.4644       | 0.9550   |           
392    | 2.9711     | 0.3904     | 1.2904       | 1.2902       | 0.9833     | 0.4380       | 0.9556   |           
393    | 2.8861     | 0.3552     | 1.2632       | 1.2678       | 0.9833     | 0.4035       | 0.9681   |           
394    | 2.9536     | 0.4252     | 1.2472       | 1.2812       | 0.9823     | 0.4191       | 1.0162   |           
395    | 2.9092     | 0.3967     | 1.2524       | 1.2602       | 0.9844     | 0.4332       | 0.9557   |           
396    | 2.9319     | 0.3920     | 1.2435       | 1.2965       | 0.9823     | 0.4157       | 0.9906   |           
397    | 2.8888     | 0.3712     | 1.2631       | 1.2545       | 0.9833     | 0.4398       | 1.0042   |           
398    | 2.8497     | 0.3364     | 1.2522       | 1.2611       | 0.9833     | 0.4145       | 0.8862   |           
399    | 2.9282     | 0.3994     | 1.2599       | 1.2689       | 0.9844     | 0.4305       | 0.9653   |           
400    | 2.8916     | 0.3483     | 1.2577       | 1.2856       | 0.9833     | 0.4831       | 0.9131   |           
Seed 6767 | Src Acc: 97.6531 | Src MDE: 0.0331 | Tgt Acc: 38.0612 | Tgt MDE: 0.9320
Start Training Seed 123456...

Start CDAN+E Training... (Entropy Conditioning Enabled)
Epoch  | Total Loss | Tr Cls     | Tr Dom RSSI  | Tr Dom RTT   | Val T Acc  | Val T Entropy | Test MDE
------------------------------------------------------------------------------------------------------------------------
1      | 6.2163     | 3.4904     | 1.3582       | 1.3677       | 0.5667     | 3.7627       | 1.5699   |           
2      | 5.3733     | 2.7992     | 1.2808       | 1.2932       | 0.7719     | 3.6566       | 1.0449   |           
3      | 4.8406     | 2.4077     | 1.2004       | 1.2325       | 0.8167     | 3.5316       | 0.8451   |           
4      | 4.4644     | 2.1300     | 1.1496       | 1.1848       | 0.8677     | 3.4208       | 0.8407   |           
5      | 4.1492     | 1.8545     | 1.1101       | 1.1846       | 0.8938     | 3.2698       | 0.8873   |           
6      | 3.9913     | 1.7007     | 1.0929       | 1.1976       | 0.9104     | 3.0856       | 0.8758   |           
7      | 3.7629     | 1.4783     | 1.0928       | 1.1919       | 0.9219     | 2.9529       | 0.9357   |           
8      | 3.6359     | 1.3585     | 1.0736       | 1.2038       | 0.9469     | 2.8231       | 0.9692   |           
9      | 3.5179     | 1.2509     | 1.0639       | 1.2031       | 0.9458     | 2.6661       | 0.9347   |           
10     | 3.4505     | 1.1643     | 1.0833       | 1.2028       | 0.9615     | 2.5374       | 0.9680   |           
11     | 3.3530     | 1.0764     | 1.0712       | 1.2054       | 0.9573     | 2.4473       | 0.9716   | (ADV -0.27)
12     | 3.4137     | 1.1429     | 1.0612       | 1.2096       | 0.9646     | 2.2615       | 0.9653   | (ADV -0.17)
13     | 3.2861     | 1.0752     | 1.0403       | 1.1706       | 0.9667     | 2.2132       | 0.9244   | (ADV -0.14)
14     | 3.2683     | 1.0804     | 1.0146       | 1.1734       | 0.9604     | 2.1227       | 0.9586   | (ADV -0.10)
15     | 3.1326     | 0.9685     | 1.0060       | 1.1581       | 0.9646     | 2.0132       | 0.9418   | (ADV -0.04)
16     | 3.0345     | 0.8926     | 0.9842       | 1.1577       | 0.9625     | 1.9676       | 0.9456   | (ADV -0.02)
17     | 3.0284     | 0.8984     | 0.9843       | 1.1457       | 0.9677     | 1.8566       | 0.9734   | (ADV 0.04)
18     | 2.9092     | 0.8216     | 0.9611       | 1.1265       | 0.9583     | 1.7963       | 0.9719   | (ADV 0.06)
19     | 2.9159     | 0.8230     | 0.9608       | 1.1321       | 0.9656     | 1.7936       | 0.9582   | (ADV 0.07)
20     | 2.9234     | 0.8283     | 0.9649       | 1.1302       | 0.9688     | 1.6749       | 0.9965   | (ADV 0.13)
21     | 2.8398     | 0.7612     | 0.9648       | 1.1138       | 0.9719     | 1.6537       | 0.9356   | (ADV 0.15)
22     | 2.8221     | 0.7587     | 0.9599       | 1.1035       | 0.9677     | 1.6277       | 0.9299   | (ADV 0.15)
23     | 2.7741     | 0.7207     | 0.9460       | 1.1074       | 0.9677     | 1.5607       | 0.9241   | (ADV 0.19)
24     | 2.7255     | 0.6949     | 0.9466       | 1.0840       | 0.9708     | 1.5590       | 0.9994   | (ADV 0.19)
25     | 2.6931     | 0.6645     | 0.9312       | 1.0975       | 0.9719     | 1.4912       | 0.9287   | (ADV 0.23)
26     | 2.6841     | 0.6514     | 0.9486       | 1.0841       | 0.9698     | 1.4366       | 0.9198   | (ADV 0.25)
27     | 2.6788     | 0.6620     | 0.9334       | 1.0835       | 0.9688     | 1.4052       | 1.0019   | (ADV 0.27)
28     | 2.6633     | 0.6402     | 0.9379       | 1.0853       | 0.9698     | 1.3670       | 0.9108   | (ADV 0.29)
29     | 2.6524     | 0.6363     | 0.9413       | 1.0747       | 0.9729     | 1.3000       | 0.9260   | (ADV 0.32)
30     | 2.6964     | 0.6473     | 0.9527       | 1.0965       | 0.9760     | 1.3238       | 0.9931   |           
31     | 2.6282     | 0.6089     | 0.9398       | 1.0795       | 0.9698     | 1.3488       | 0.9373   |           
32     | 2.6697     | 0.6269     | 0.9433       | 1.0995       | 0.9750     | 1.3038       | 0.9360   | (ADV 0.32)
33     | 2.6374     | 0.6115     | 0.9305       | 1.0954       | 0.9667     | 1.2873       | 0.9058   |           
34     | 2.6400     | 0.6102     | 0.9451       | 1.0846       | 0.9677     | 1.2366       | 0.9635   | (ADV 0.35)
35     | 2.6196     | 0.5861     | 0.9371       | 1.0964       | 0.9740     | 1.2437       | 0.9920   | (ADV 0.35)
36     | 2.6280     | 0.6004     | 0.9345       | 1.0930       | 0.9740     | 1.2321       | 0.9773   | (ADV 0.36)
37     | 2.6538     | 0.6143     | 0.9305       | 1.1090       | 0.9750     | 1.2090       | 0.9611   | (ADV 0.37)
38     | 2.5935     | 0.5628     | 0.9289       | 1.1017       | 0.9719     | 1.1728       | 1.0005   | (ADV 0.39)
39     | 2.6024     | 0.5646     | 0.9398       | 1.0980       | 0.9771     | 1.1743       | 0.9182   | (ADV 0.39)
40     | 2.6629     | 0.6089     | 0.9442       | 1.1097       | 0.9740     | 1.1386       | 0.9599   | (ADV 0.40)
41     | 2.6257     | 0.5551     | 0.9605       | 1.1101       | 0.9750     | 1.0943       | 0.9378   | (ADV 0.43)
42     | 2.6234     | 0.5488     | 0.9603       | 1.1144       | 0.9729     | 1.0804       | 0.9547   | (ADV 0.43)
43     | 2.6263     | 0.5589     | 0.9541       | 1.1134       | 0.9750     | 1.1266       | 0.8994   |           
44     | 2.6361     | 0.5678     | 0.9491       | 1.1192       | 0.9802     | 1.0579       | 0.9180   | (ADV 0.45)
45     | 2.6182     | 0.5274     | 0.9778       | 1.1131       | 0.9781     | 1.0560       | 0.9233   |           
46     | 2.6787     | 0.5658     | 0.9834       | 1.1295       | 0.9760     | 1.0297       | 0.9592   | (ADV 0.46)
47     | 2.6018     | 0.5261     | 0.9634       | 1.1123       | 0.9792     | 1.0814       | 0.9637   |           
48     | 2.6189     | 0.5467     | 0.9604       | 1.1118       | 0.9750     | 1.0233       | 0.9092   | (ADV 0.46)
49     | 2.6535     | 0.5374     | 0.9827       | 1.1334       | 0.9760     | 1.0252       | 0.9254   | (ADV 0.46)
50     | 2.5969     | 0.5127     | 0.9759       | 1.1082       | 0.9750     | 1.0063       | 0.8933   | (ADV 0.47)
51     | 2.6631     | 0.5398     | 0.9982       | 1.1251       | 0.9781     | 0.9530       | 0.9278   | (ADV 0.50)
52     | 2.6411     | 0.5414     | 0.9834       | 1.1163       | 0.9760     | 0.9220       | 0.9310   | (ADV 0.52)
53     | 2.7021     | 0.5586     | 1.0089       | 1.1346       | 0.9833     | 0.9545       | 0.9098   |           
54     | 2.6728     | 0.5340     | 1.0049       | 1.1338       | 0.9781     | 0.9680       | 0.9001   |           
55     | 2.7339     | 0.5730     | 1.0137       | 1.1472       | 0.9771     | 0.9667       | 0.8990   |           
56     | 2.6812     | 0.5391     | 1.0031       | 1.1390       | 0.9719     | 0.9244       | 0.9086   |           
57     | 2.6954     | 0.5438     | 1.0151       | 1.1365       | 0.9781     | 0.9040       | 0.9209   | (ADV 0.53)
58     | 2.6559     | 0.5163     | 1.0194       | 1.1203       | 0.9781     | 0.8992       | 0.9090   | (ADV 0.53)
59     | 2.6508     | 0.5176     | 1.0018       | 1.1314       | 0.9812     | 0.8886       | 0.9013   | (ADV 0.54)
60     | 2.7210     | 0.5265     | 1.0282       | 1.1664       | 0.9760     | 0.8852       | 0.8982   |           
61     | 2.7113     | 0.5319     | 1.0297       | 1.1498       | 0.9781     | 0.9190       | 0.8549   |           
62     | 2.6598     | 0.5108     | 1.0128       | 1.1362       | 0.9750     | 0.8672       | 0.9552   | (ADV 0.54)
63     | 2.6431     | 0.4974     | 1.0314       | 1.1144       | 0.9677     | 0.8802       | 0.8770   |           
64     | 2.6701     | 0.5036     | 1.0195       | 1.1470       | 0.9740     | 0.8467       | 0.8921   | (ADV 0.55)
65     | 2.6788     | 0.5071     | 1.0227       | 1.1490       | 0.9760     | 0.8755       | 0.9178   |           
66     | 2.7678     | 0.5494     | 1.0459       | 1.1725       | 0.9781     | 0.8272       | 0.8723   | (ADV 0.56)
67     | 2.7121     | 0.5233     | 1.0365       | 1.1523       | 0.9781     | 0.9225       | 0.8378   |           
68     | 2.7298     | 0.5126     | 1.0437       | 1.1735       | 0.9750     | 0.8876       | 0.8376   |           
69     | 2.7844     | 0.5595     | 1.0583       | 1.1666       | 0.9802     | 0.8297       | 0.8572   | (ADV 0.57)
70     | 2.6549     | 0.4726     | 1.0390       | 1.1433       | 0.9740     | 0.7780       | 0.8985   | (ADV 0.58)
71     | 2.7483     | 0.5291     | 1.0514       | 1.1679       | 0.9750     | 0.8202       | 0.8946   |           
72     | 2.6886     | 0.4921     | 1.0383       | 1.1583       | 0.9781     | 0.8283       | 0.9038   |           
73     | 2.6591     | 0.4617     | 1.0398       | 1.1576       | 0.9781     | 0.8042       | 0.8604   |           
74     | 2.7363     | 0.5014     | 1.0666       | 1.1683       | 0.9781     | 0.7952       | 0.8619   |           
75     | 2.7198     | 0.4905     | 1.0603       | 1.1689       | 0.9833     | 0.7814       | 0.8664   | (ADV 0.59)
76     | 2.6853     | 0.4779     | 1.0523       | 1.1551       | 0.9781     | 0.7851       | 0.8601   |           
77     | 2.7468     | 0.5294     | 1.0662       | 1.1512       | 0.9750     | 0.7928       | 0.8682   |           
78     | 2.7099     | 0.4773     | 1.0711       | 1.1616       | 0.9781     | 0.7733       | 0.8716   |           
79     | 2.8252     | 0.5551     | 1.0959       | 1.1742       | 0.9750     | 0.8253       | 0.9093   |           
80     | 2.7617     | 0.5029     | 1.0888       | 1.1700       | 0.9760     | 0.7630       | 0.9023   | (ADV 0.59)
81     | 2.7033     | 0.4602     | 1.0716       | 1.1715       | 0.9781     | 0.7488       | 0.9278   | (ADV 0.60)
82     | 2.7906     | 0.5170     | 1.0911       | 1.1825       | 0.9708     | 0.7782       | 0.8725   |           
83     | 2.8536     | 0.5429     | 1.1126       | 1.1981       | 0.9750     | 0.7725       | 0.7910   |           
84     | 2.7242     | 0.4622     | 1.0877       | 1.1743       | 0.9740     | 0.7882       | 0.8676   |           
85     | 2.7296     | 0.4530     | 1.1061       | 1.1705       | 0.9781     | 0.7566       | 0.8321   |           
86     | 2.7593     | 0.4847     | 1.0906       | 1.1840       | 0.9781     | 0.7426       | 0.8694   | (ADV 0.61)
87     | 2.7708     | 0.4859     | 1.1025       | 1.1824       | 0.9802     | 0.7232       | 0.8985   | (ADV 0.62)
88     | 2.7841     | 0.4962     | 1.1039       | 1.1840       | 0.9740     | 0.7267       | 0.8787   |           
89     | 2.8102     | 0.5120     | 1.1025       | 1.1957       | 0.9740     | 0.7331       | 0.8971   |           
90     | 2.8006     | 0.5067     | 1.1147       | 1.1792       | 0.9781     | 0.6867       | 0.9211   | (ADV 0.63)
91     | 2.7696     | 0.4974     | 1.1045       | 1.1676       | 0.9771     | 0.7125       | 0.8886   |           
92     | 2.7957     | 0.5118     | 1.1040       | 1.1799       | 0.9802     | 0.6996       | 0.8284   |           
93     | 2.7393     | 0.4637     | 1.1145       | 1.1611       | 0.9802     | 0.6976       | 0.8665   |           
94     | 2.7479     | 0.4817     | 1.1089       | 1.1573       | 0.9781     | 0.7193       | 0.8943   |           
95     | 2.7813     | 0.5149     | 1.1012       | 1.1651       | 0.9771     | 0.7217       | 0.9524   |           
96     | 2.7219     | 0.4417     | 1.1143       | 1.1659       | 0.9719     | 0.6580       | 0.9090   | (ADV 0.64)
97     | 2.7572     | 0.4637     | 1.1192       | 1.1742       | 0.9792     | 0.7388       | 0.9888   |           
98     | 2.7100     | 0.4363     | 1.0973       | 1.1764       | 0.9781     | 0.6866       | 0.9282   |           
99     | 2.7384     | 0.4552     | 1.1046       | 1.1785       | 0.9802     | 0.7180       | 0.9323   |           
100    | 2.7464     | 0.4568     | 1.1168       | 1.1727       | 0.9771     | 0.6780       | 0.8655   |           
101    | 2.8045     | 0.4890     | 1.1130       | 1.2025       | 0.9740     | 0.7107       | 0.8528   |           
102    | 2.7966     | 0.4912     | 1.1250       | 1.1803       | 0.9760     | 0.6930       | 0.9181   |           
103    | 2.7704     | 0.4719     | 1.1199       | 1.1786       | 0.9677     | 0.7036       | 0.9018   |           
104    | 2.7863     | 0.4710     | 1.1269       | 1.1884       | 0.9781     | 0.7063       | 0.9047   |           
105    | 2.7926     | 0.4800     | 1.1236       | 1.1891       | 0.9792     | 0.7019       | 0.9345   |           
106    | 2.8046     | 0.4704     | 1.1428       | 1.1915       | 0.9781     | 0.6705       | 0.8874   | (ADV 0.64)
107    | 2.7880     | 0.4596     | 1.1419       | 1.1865       | 0.9792     | 0.6834       | 0.9264   |           
108    | 2.7794     | 0.4681     | 1.1277       | 1.1837       | 0.9802     | 0.6787       | 0.9158   |           
109    | 2.7534     | 0.4359     | 1.1346       | 1.1829       | 0.9792     | 0.6487       | 0.9918   | (ADV 0.65)
110    | 2.7237     | 0.4494     | 1.1184       | 1.1560       | 0.9719     | 0.6338       | 0.9302   | (ADV 0.65)
111    | 2.7953     | 0.4886     | 1.1331       | 1.1736       | 0.9760     | 0.6871       | 0.8737   |           
112    | 2.7345     | 0.4371     | 1.1173       | 1.1801       | 0.9812     | 0.6250       | 0.8852   | (ADV 0.67)
113    | 2.8018     | 0.4720     | 1.1253       | 1.2044       | 0.9719     | 0.6328       | 0.9205   |           
114    | 2.7471     | 0.4316     | 1.1130       | 1.2025       | 0.9740     | 0.6947       | 0.8572   |           
115    | 2.7908     | 0.4723     | 1.1205       | 1.1979       | 0.9729     | 0.6433       | 0.8758   |           
116    | 2.8653     | 0.5155     | 1.1466       | 1.2033       | 0.9802     | 0.6040       | 0.9118   | (ADV 0.68)
117    | 2.8444     | 0.4741     | 1.1466       | 1.2237       | 0.9750     | 0.6782       | 0.9053   |           
118    | 2.7992     | 0.4748     | 1.1277       | 1.1967       | 0.9750     | 0.6555       | 0.8769   |           
119    | 2.8209     | 0.4530     | 1.1543       | 1.2136       | 0.9812     | 0.6542       | 0.9107   |           
120    | 2.7917     | 0.4331     | 1.1462       | 1.2124       | 0.9802     | 0.6553       | 0.8329   |           
121    | 2.8315     | 0.4604     | 1.1581       | 1.2129       | 0.9771     | 0.6155       | 0.8984   |           
122    | 2.7892     | 0.4542     | 1.1387       | 1.1964       | 0.9750     | 0.6223       | 0.9311   |           
123    | 2.8094     | 0.4548     | 1.1476       | 1.2069       | 0.9760     | 0.6184       | 0.9572   |           
124    | 2.8520     | 0.4819     | 1.1569       | 1.2131       | 0.9760     | 0.6019       | 0.9573   |           
125    | 2.8002     | 0.4462     | 1.1428       | 1.2113       | 0.9729     | 0.6265       | 0.9299   |           
126    | 2.8698     | 0.4989     | 1.1490       | 1.2219       | 0.9771     | 0.6287       | 0.9049   |           
127    | 2.7730     | 0.4286     | 1.1304       | 1.2140       | 0.9729     | 0.6367       | 0.8845   |           
128    | 2.8028     | 0.4574     | 1.1502       | 1.1952       | 0.9750     | 0.6095       | 0.8047   |           
129    | 2.8871     | 0.4929     | 1.1667       | 1.2275       | 0.9750     | 0.6263       | 0.9164   |           
130    | 2.7634     | 0.4175     | 1.1391       | 1.2068       | 0.9750     | 0.5943       | 0.9321   |           
131    | 2.7721     | 0.4061     | 1.1537       | 1.2123       | 0.9771     | 0.5766       | 0.9381   | (ADV 0.69)
132    | 2.7729     | 0.4159     | 1.1451       | 1.2118       | 0.9760     | 0.5611       | 0.8691   | (ADV 0.70)
133    | 2.7600     | 0.4083     | 1.1505       | 1.2012       | 0.9781     | 0.6029       | 0.8885   |           
134    | 2.8292     | 0.4459     | 1.1660       | 1.2173       | 0.9719     | 0.6474       | 0.8779   |           
135    | 2.8488     | 0.4606     | 1.1724       | 1.2158       | 0.9781     | 0.6163       | 0.8191   |           
136    | 2.8163     | 0.4352     | 1.1667       | 1.2144       | 0.9812     | 0.5777       | 0.8578   |           
137    | 2.8185     | 0.4495     | 1.1594       | 1.2096       | 0.9729     | 0.5863       | 0.8745   |           
138    | 2.7890     | 0.4112     | 1.1673       | 1.2106       | 0.9750     | 0.5899       | 0.8718   |           
139    | 2.8890     | 0.4975     | 1.1781       | 1.2134       | 0.9760     | 0.6235       | 0.9281   |           
140    | 2.8305     | 0.4549     | 1.1780       | 1.1976       | 0.9677     | 0.6036       | 0.8372   |           
141    | 2.8184     | 0.4335     | 1.1815       | 1.2033       | 0.9781     | 0.5709       | 0.8678   |           
142    | 2.7884     | 0.4217     | 1.1686       | 1.1981       | 0.9740     | 0.6118       | 0.9317   |           
143    | 2.8414     | 0.4589     | 1.1602       | 1.2223       | 0.9771     | 0.6816       | 0.9134   |           
144    | 2.8473     | 0.4386     | 1.1733       | 1.2354       | 0.9740     | 0.6005       | 0.9802   |           
145    | 2.8289     | 0.4524     | 1.1557       | 1.2208       | 0.9792     | 0.6189       | 0.9413   |           
146    | 2.8141     | 0.4176     | 1.1856       | 1.2110       | 0.9677     | 0.5901       | 0.8852   |           
147    | 2.8370     | 0.4492     | 1.1795       | 1.2083       | 0.9771     | 0.5910       | 0.8951   |           
148    | 2.8376     | 0.4529     | 1.1683       | 1.2164       | 0.9729     | 0.5376       | 0.8864   | (ADV 0.70)
149    | 2.8262     | 0.4429     | 1.1583       | 1.2251       | 0.9656     | 0.5838       | 0.8582   |           
150    | 2.8055     | 0.4084     | 1.1687       | 1.2283       | 0.9760     | 0.5572       | 0.8492   |           
151    | 2.8979     | 0.4887     | 1.1831       | 1.2261       | 0.9740     | 0.6176       | 0.9159   |           
152    | 2.8325     | 0.4303     | 1.1758       | 1.2264       | 0.9792     | 0.6073       | 0.8881   |           
153    | 2.7734     | 0.4096     | 1.1603       | 1.2035       | 0.9740     | 0.5661       | 0.8824   |           
154    | 2.8013     | 0.4255     | 1.1669       | 1.2089       | 0.9729     | 0.5972       | 0.8109   |           
155    | 2.7931     | 0.4165     | 1.1661       | 1.2104       | 0.9740     | 0.5803       | 0.9337   |           
156    | 2.8660     | 0.4400     | 1.2020       | 1.2240       | 0.9771     | 0.5879       | 0.9963   |           
157    | 2.8898     | 0.4685     | 1.1924       | 1.2289       | 0.9740     | 0.5529       | 0.9830   |           
158    | 2.7893     | 0.4148     | 1.1797       | 1.1948       | 0.9771     | 0.5570       | 0.9610   |           
159    | 2.8438     | 0.4400     | 1.2027       | 1.2011       | 0.9688     | 0.5903       | 0.9434   |           
160    | 2.7985     | 0.4326     | 1.1599       | 1.2060       | 0.9719     | 0.5843       | 0.8329   |           
161    | 2.8504     | 0.4485     | 1.1857       | 1.2162       | 0.9740     | 0.5648       | 0.9053   |           
162    | 2.8396     | 0.4332     | 1.2073       | 1.1992       | 0.9812     | 0.5806       | 0.9722   |           
163    | 2.8156     | 0.4185     | 1.1819       | 1.2152       | 0.9781     | 0.5649       | 0.8294   |           
164    | 2.7890     | 0.3938     | 1.2006       | 1.1946       | 0.9719     | 0.5706       | 0.8545   |           
165    | 2.7941     | 0.3961     | 1.1923       | 1.2057       | 0.9708     | 0.5571       | 0.9054   |           
166    | 2.8891     | 0.4610     | 1.1948       | 1.2333       | 0.9781     | 0.5590       | 0.8744   |           
167    | 2.8319     | 0.4265     | 1.1855       | 1.2199       | 0.9781     | 0.5520       | 0.9314   |           
168    | 2.8478     | 0.4388     | 1.1852       | 1.2238       | 0.9781     | 0.5666       | 0.8713   |           
169    | 2.8115     | 0.3971     | 1.1867       | 1.2277       | 0.9781     | 0.5574       | 0.8727   |           
170    | 2.8501     | 0.4298     | 1.1988       | 1.2214       | 0.9750     | 0.5695       | 0.8879   |           
171    | 2.8629     | 0.4498     | 1.2017       | 1.2114       | 0.9792     | 0.5451       | 0.9192   | (ADV 0.71)
172    | 2.8174     | 0.4092     | 1.1830       | 1.2253       | 0.9792     | 0.5086       | 0.8680   | (ADV 0.72)
173    | 2.8116     | 0.4260     | 1.1771       | 1.2085       | 0.9729     | 0.5154       | 0.8975   |           
174    | 2.7906     | 0.4138     | 1.1694       | 1.2073       | 0.9750     | 0.5450       | 0.8979   |           
175    | 2.8028     | 0.4066     | 1.1776       | 1.2186       | 0.9771     | 0.5522       | 0.9119   |           
176    | 2.8620     | 0.4303     | 1.1938       | 1.2380       | 0.9719     | 0.5533       | 0.8801   |           
177    | 2.8627     | 0.4264     | 1.2115       | 1.2247       | 0.9792     | 0.5580       | 0.9927   |           
178    | 2.8160     | 0.3988     | 1.1955       | 1.2218       | 0.9802     | 0.5377       | 0.9064   |           
179    | 2.8012     | 0.4177     | 1.1752       | 1.2082       | 0.9833     | 0.5320       | 0.8790   |           
180    | 2.8730     | 0.4420     | 1.1969       | 1.2341       | 0.9792     | 0.5317       | 0.8753   |           
181    | 2.8739     | 0.4331     | 1.2049       | 1.2360       | 0.9760     | 0.5632       | 0.8857   |           
182    | 2.8927     | 0.4476     | 1.2018       | 1.2433       | 0.9802     | 0.5729       | 0.8467   |           
183    | 2.8220     | 0.3970     | 1.1942       | 1.2309       | 0.9740     | 0.5202       | 0.8461   |           
184    | 2.8510     | 0.4270     | 1.1979       | 1.2260       | 0.9802     | 0.5191       | 0.8676   |           
185    | 2.8992     | 0.4599     | 1.1991       | 1.2402       | 0.9781     | 0.5029       | 0.8506   | (ADV 0.73)
186    | 2.8519     | 0.4049     | 1.2047       | 1.2423       | 0.9771     | 0.5487       | 0.8504   |           
187    | 2.8670     | 0.4428     | 1.1917       | 1.2325       | 0.9792     | 0.5449       | 0.8720   |           
188    | 2.8776     | 0.4214     | 1.2108       | 1.2454       | 0.9760     | 0.4970       | 0.8078   | (ADV 0.73)
189    | 2.8021     | 0.3865     | 1.1922       | 1.2234       | 0.9771     | 0.5089       | 0.8610   |           
190    | 2.7963     | 0.4120     | 1.1722       | 1.2121       | 0.9802     | 0.4790       | 0.7870   | (ADV 0.74)
191    | 2.8383     | 0.4041     | 1.1937       | 1.2405       | 0.9771     | 0.5223       | 0.8947   |           
192    | 2.8154     | 0.4043     | 1.1770       | 1.2341       | 0.9760     | 0.5243       | 0.8970   |           
193    | 2.8320     | 0.4098     | 1.1772       | 1.2450       | 0.9781     | 0.5339       | 0.8230   |           
194    | 2.8206     | 0.3960     | 1.2054       | 1.2192       | 0.9719     | 0.5329       | 0.8411   |           
195    | 2.8919     | 0.4359     | 1.1928       | 1.2632       | 0.9760     | 0.5105       | 0.9106   |           
196    | 2.8915     | 0.4463     | 1.2074       | 1.2378       | 0.9792     | 0.5183       | 0.8365   |           
197    | 2.8485     | 0.4151     | 1.1917       | 1.2418       | 0.9760     | 0.5052       | 0.8889   |           
198    | 2.8392     | 0.4068     | 1.2122       | 1.2202       | 0.9740     | 0.5334       | 0.9003   |           
199    | 2.8094     | 0.3861     | 1.1836       | 1.2397       | 0.9781     | 0.5160       | 0.9053   |           
200    | 2.7638     | 0.3698     | 1.1793       | 1.2147       | 0.9708     | 0.5145       | 0.9074   |           
201    | 2.8461     | 0.4176     | 1.1960       | 1.2325       | 0.9719     | 0.5311       | 0.9043   |           
202    | 2.8017     | 0.3821     | 1.2030       | 1.2166       | 0.9771     | 0.4952       | 0.7566   |           
203    | 2.8711     | 0.4158     | 1.2071       | 1.2481       | 0.9823     | 0.4930       | 0.7460   |           
204    | 2.8072     | 0.3852     | 1.1879       | 1.2341       | 0.9792     | 0.4568       | 0.7894   | (ADV 0.75)
205    | 2.8114     | 0.3786     | 1.2047       | 1.2282       | 0.9823     | 0.4846       | 0.8198   |           
206    | 2.7720     | 0.3418     | 1.1875       | 1.2426       | 0.9781     | 0.5084       | 0.8544   |           
207    | 2.7999     | 0.3740     | 1.1917       | 1.2342       | 0.9792     | 0.4868       | 0.8170   |           
208    | 2.8384     | 0.4059     | 1.1861       | 1.2464       | 0.9781     | 0.4852       | 0.8047   |           
209    | 2.8255     | 0.3875     | 1.2103       | 1.2276       | 0.9823     | 0.4908       | 0.8136   |           
210    | 2.8198     | 0.3834     | 1.1990       | 1.2374       | 0.9771     | 0.5044       | 0.8646   |           
211    | 2.8780     | 0.4367     | 1.1866       | 1.2548       | 0.9833     | 0.5231       | 0.8697   |           
212    | 2.8408     | 0.3939     | 1.2041       | 1.2428       | 0.9812     | 0.4952       | 0.7998   |           
213    | 2.8590     | 0.4096     | 1.2025       | 1.2469       | 0.9760     | 0.5177       | 0.7983   |           
214    | 2.8518     | 0.4218     | 1.1929       | 1.2370       | 0.9802     | 0.5058       | 0.9849   |           
215    | 2.7942     | 0.3630     | 1.1847       | 1.2464       | 0.9760     | 0.5073       | 0.9561   |           
216    | 2.8657     | 0.4174     | 1.1994       | 1.2489       | 0.9781     | 0.5103       | 0.9528   |           
217    | 2.8244     | 0.3923     | 1.1928       | 1.2393       | 0.9750     | 0.5041       | 0.8488   |           
218    | 2.8037     | 0.3650     | 1.1959       | 1.2428       | 0.9781     | 0.5190       | 0.8640   |           
219    | 2.9540     | 0.4645     | 1.2248       | 1.2646       | 0.9698     | 0.6218       | 1.0310   |           
220    | 2.9368     | 0.4844     | 1.2123       | 1.2401       | 0.9760     | 0.5200       | 0.9687   |           
221    | 2.8148     | 0.3782     | 1.2073       | 1.2293       | 0.9781     | 0.4911       | 0.8906   |           
222    | 2.8410     | 0.4005     | 1.2063       | 1.2343       | 0.9740     | 0.4861       | 0.9073   |           
223    | 2.8151     | 0.4043     | 1.1807       | 1.2301       | 0.9812     | 0.4993       | 0.9556   |           
224    | 2.7946     | 0.3671     | 1.2034       | 1.2242       | 0.9812     | 0.5372       | 0.9579   |           
225    | 2.8488     | 0.3940     | 1.2119       | 1.2430       | 0.9792     | 0.5152       | 0.8528   |           
226    | 2.7945     | 0.3774     | 1.2031       | 1.2140       | 0.9823     | 0.5029       | 0.8836   |           
227    | 2.8359     | 0.3791     | 1.2161       | 1.2406       | 0.9823     | 0.5252       | 0.8632   |           
228    | 2.8492     | 0.4032     | 1.2024       | 1.2437       | 0.9760     | 0.4698       | 0.8264   |           
229    | 2.8064     | 0.3650     | 1.1901       | 1.2513       | 0.9792     | 0.4374       | 0.8349   | (ADV 0.76)
230    | 2.8278     | 0.3832     | 1.2011       | 1.2435       | 0.9740     | 0.4752       | 0.8440   |           
231    | 2.8582     | 0.4155     | 1.2000       | 1.2427       | 0.9833     | 0.4922       | 0.8805   |           
232    | 2.7991     | 0.3722     | 1.1966       | 1.2303       | 0.9771     | 0.5201       | 0.9113   |           
233    | 2.9205     | 0.4481     | 1.2152       | 1.2573       | 0.9688     | 0.5083       | 0.8710   |           
234    | 2.8479     | 0.3995     | 1.2150       | 1.2334       | 0.9844     | 0.5018       | 0.8538   |           
235    | 2.8652     | 0.3915     | 1.2235       | 1.2502       | 0.9740     | 0.4932       | 0.8880   |           
236    | 2.8287     | 0.3683     | 1.2149       | 1.2456       | 0.9812     | 0.4881       | 0.8880   |           
237    | 2.8522     | 0.3986     | 1.2210       | 1.2326       | 0.9771     | 0.5478       | 0.8902   |           
238    | 2.9033     | 0.4180     | 1.2256       | 1.2597       | 0.9729     | 0.4987       | 0.8776   |           
239    | 2.8453     | 0.3812     | 1.2149       | 1.2492       | 0.9792     | 0.4878       | 0.8191   |           
240    | 2.8360     | 0.3748     | 1.2212       | 1.2399       | 0.9771     | 0.4822       | 0.8431   |           
241    | 2.8415     | 0.3771     | 1.2181       | 1.2464       | 0.9740     | 0.4710       | 0.8103   |           
242    | 2.7803     | 0.3457     | 1.2038       | 1.2307       | 0.9833     | 0.4498       | 0.7855   |           
243    | 2.8196     | 0.3749     | 1.2036       | 1.2411       | 0.9802     | 0.4946       | 0.8232   |           
244    | 2.8876     | 0.4055     | 1.2311       | 1.2509       | 0.9792     | 0.4775       | 0.9264   |           
245    | 2.8162     | 0.3708     | 1.2061       | 1.2392       | 0.9750     | 0.5249       | 0.8788   |           
246    | 2.8280     | 0.3704     | 1.2059       | 1.2517       | 0.9760     | 0.5202       | 0.9025   |           
247    | 2.9277     | 0.4297     | 1.2350       | 1.2630       | 0.9760     | 0.4553       | 0.9995   |           
248    | 2.8959     | 0.4195     | 1.2140       | 1.2624       | 0.9771     | 0.4805       | 1.0258   |           
249    | 2.8567     | 0.4004     | 1.1970       | 1.2593       | 0.9698     | 0.4614       | 0.9442   |           
250    | 2.8836     | 0.4027     | 1.2474       | 1.2335       | 0.9760     | 0.4586       | 1.0020   |           
251    | 2.7740     | 0.3428     | 1.1852       | 1.2460       | 0.9781     | 0.5119       | 0.9379   |           
252    | 2.8396     | 0.3820     | 1.1917       | 1.2658       | 0.9844     | 0.4734       | 0.8170   |           
253    | 2.8390     | 0.3636     | 1.2231       | 1.2523       | 0.9760     | 0.4726       | 0.8957   |           
254    | 2.8619     | 0.3824     | 1.2391       | 1.2403       | 0.9740     | 0.4703       | 0.8920   |           
255    | 2.8418     | 0.3696     | 1.2303       | 1.2419       | 0.9781     | 0.4831       | 0.8578   |           
256    | 2.9007     | 0.4194     | 1.2187       | 1.2626       | 0.9781     | 0.4540       | 0.8445   |           
257    | 2.8561     | 0.3813     | 1.2303       | 1.2445       | 0.9771     | 0.4818       | 0.8878   |           
258    | 2.8658     | 0.3913     | 1.2282       | 1.2463       | 0.9719     | 0.5088       | 0.9100   |           
259    | 2.8103     | 0.3601     | 1.2144       | 1.2358       | 0.9781     | 0.5067       | 1.0237   |           
260    | 2.9233     | 0.4326     | 1.2279       | 1.2628       | 0.9781     | 0.4769       | 0.8683   |           
261    | 2.8254     | 0.3720     | 1.2159       | 1.2375       | 0.9760     | 0.4959       | 0.8620   |           
262    | 2.8886     | 0.3922     | 1.2283       | 1.2682       | 0.9812     | 0.4717       | 0.8528   |           
263    | 2.8177     | 0.3392     | 1.2269       | 1.2516       | 0.9781     | 0.4541       | 0.9673   |           
264    | 2.8488     | 0.3703     | 1.2334       | 1.2451       | 0.9771     | 0.4898       | 0.7725   |           
265    | 2.8439     | 0.3765     | 1.2096       | 1.2577       | 0.9802     | 0.4933       | 0.9527   |           
266    | 2.8148     | 0.3580     | 1.2018       | 1.2550       | 0.9802     | 0.4737       | 0.9999   |           
267    | 2.8331     | 0.3523     | 1.2188       | 1.2621       | 0.9781     | 0.4893       | 0.8945   |           
268    | 2.7985     | 0.3466     | 1.2149       | 1.2370       | 0.9792     | 0.4470       | 0.9199   |           
269    | 2.7731     | 0.3277     | 1.1926       | 1.2529       | 0.9740     | 0.4530       | 0.9610   |           
270    | 2.8633     | 0.4092     | 1.1998       | 1.2544       | 0.9781     | 0.4777       | 0.9031   |           
271    | 2.8705     | 0.3780     | 1.2331       | 1.2594       | 0.9802     | 0.4628       | 0.9614   |           
272    | 2.8643     | 0.3971     | 1.2113       | 1.2558       | 0.9781     | 0.4738       | 0.9749   |           
273    | 2.8225     | 0.3679     | 1.2009       | 1.2537       | 0.9792     | 0.4711       | 0.9595   |           
274    | 2.9146     | 0.4296     | 1.2228       | 1.2622       | 0.9677     | 0.4749       | 0.9325   |           
275    | 2.8577     | 0.3898     | 1.2121       | 1.2558       | 0.9750     | 0.4592       | 0.9087   |           
276    | 2.8208     | 0.3793     | 1.1963       | 1.2451       | 0.9760     | 0.4558       | 0.8717   |           
277    | 2.8226     | 0.3703     | 1.1966       | 1.2556       | 0.9729     | 0.4566       | 0.9817   |           
278    | 2.8395     | 0.3744     | 1.2119       | 1.2533       | 0.9781     | 0.4408       | 0.9174   |           
279    | 2.8644     | 0.3988     | 1.2010       | 1.2645       | 0.9792     | 0.4633       | 0.9169   |           
280    | 2.8320     | 0.3654     | 1.2029       | 1.2637       | 0.9750     | 0.4507       | 0.9864   |           
281    | 2.8303     | 0.3724     | 1.2131       | 1.2448       | 0.9719     | 0.4735       | 0.9157   |           
282    | 2.8004     | 0.3476     | 1.2054       | 1.2474       | 0.9802     | 0.5107       | 0.9096   |           
283    | 2.8356     | 0.3620     | 1.2083       | 1.2652       | 0.9802     | 0.4646       | 0.9242   |           
284    | 2.8186     | 0.3496     | 1.2271       | 1.2419       | 0.9781     | 0.4233       | 0.8923   | (ADV 0.77)
285    | 2.8901     | 0.3980     | 1.2272       | 1.2649       | 0.9729     | 0.4738       | 0.9132   |           
286    | 2.8825     | 0.3927     | 1.2218       | 1.2680       | 0.9781     | 0.4220       | 0.9911   | (ADV 0.77)
287    | 2.8143     | 0.3505     | 1.2129       | 1.2509       | 0.9792     | 0.4313       | 1.0404   |           
288    | 2.8092     | 0.3585     | 1.2133       | 1.2374       | 0.9802     | 0.4355       | 0.9560   |           
289    | 2.8305     | 0.3915     | 1.1869       | 1.2521       | 0.9792     | 0.4514       | 0.9201   |           
290    | 2.8697     | 0.3809     | 1.2236       | 1.2653       | 0.9812     | 0.4816       | 1.0002   |           
291    | 2.8504     | 0.3759     | 1.2335       | 1.2409       | 0.9833     | 0.4607       | 0.9558   |           
292    | 2.8237     | 0.3709     | 1.1971       | 1.2557       | 0.9760     | 0.4873       | 0.9341   |           
293    | 2.8980     | 0.3831     | 1.2643       | 1.2506       | 0.9792     | 0.4600       | 0.9227   |           
294    | 2.8337     | 0.3846     | 1.2135       | 1.2356       | 0.9750     | 0.4343       | 0.9170   |           
295    | 2.8655     | 0.3705     | 1.2239       | 1.2711       | 0.9750     | 0.4530       | 1.0383   |           
296    | 2.8552     | 0.3780     | 1.2354       | 1.2418       | 0.9740     | 0.4526       | 1.0435   |           
297    | 2.8574     | 0.4069     | 1.1937       | 1.2568       | 0.9812     | 0.4943       | 0.9919   |           
298    | 2.8562     | 0.3666     | 1.2420       | 1.2476       | 0.9792     | 0.4745       | 0.8798   |           
299    | 2.8334     | 0.3528     | 1.2097       | 1.2709       | 0.9823     | 0.4701       | 0.9227   |           
300    | 2.8449     | 0.3632     | 1.2195       | 1.2621       | 0.9781     | 0.4798       | 0.9764   |           
301    | 2.7775     | 0.3318     | 1.1934       | 1.2522       | 0.9812     | 0.4426       | 0.8849   |           
302    | 2.9125     | 0.4046     | 1.2508       | 1.2571       | 0.9740     | 0.4303       | 0.9123   |           
303    | 2.8315     | 0.3517     | 1.2187       | 1.2610       | 0.9760     | 0.4506       | 0.9597   |           
304    | 2.8406     | 0.3808     | 1.2004       | 1.2595       | 0.9812     | 0.4681       | 1.0075   |           
305    | 2.8570     | 0.3805     | 1.2166       | 1.2600       | 0.9771     | 0.4700       | 0.9511   |           
306    | 2.8602     | 0.3652     | 1.2284       | 1.2666       | 0.9792     | 0.4388       | 0.8495   |           
307    | 2.8777     | 0.3926     | 1.2383       | 1.2469       | 0.9823     | 0.4572       | 0.8743   |           
308    | 2.8122     | 0.3544     | 1.2234       | 1.2344       | 0.9812     | 0.4357       | 0.8917   |           
309    | 2.8397     | 0.3652     | 1.2191       | 1.2554       | 0.9771     | 0.4338       | 0.9130   |           
310    | 2.7715     | 0.3241     | 1.2126       | 1.2348       | 0.9781     | 0.4629       | 0.9788   |           
311    | 2.8836     | 0.3794     | 1.2488       | 1.2555       | 0.9781     | 0.4692       | 0.8642   |           
312    | 2.8523     | 0.3871     | 1.2233       | 1.2418       | 0.9771     | 0.4323       | 0.9010   |           
313    | 2.8292     | 0.3608     | 1.2266       | 1.2419       | 0.9771     | 0.4492       | 1.0285   |           
314    | 2.8932     | 0.3840     | 1.2304       | 1.2789       | 0.9771     | 0.4950       | 0.9251   |           
315    | 2.8904     | 0.4001     | 1.2305       | 1.2598       | 0.9802     | 0.4267       | 0.8796   |           
316    | 2.7998     | 0.3318     | 1.2217       | 1.2463       | 0.9802     | 0.4165       | 0.8671   | (ADV 0.77)
317    | 2.8645     | 0.3706     | 1.2293       | 1.2647       | 0.9792     | 0.4620       | 0.8621   |           
318    | 2.8017     | 0.3412     | 1.2126       | 1.2479       | 0.9812     | 0.4307       | 0.9109   |           
319    | 2.8386     | 0.3578     | 1.2262       | 1.2545       | 0.9823     | 0.4305       | 0.8692   |           
320    | 2.7725     | 0.3125     | 1.2188       | 1.2412       | 0.9823     | 0.4317       | 0.8854   |           
321    | 2.8377     | 0.3482     | 1.2429       | 1.2467       | 0.9802     | 0.4226       | 0.8554   |           
322    | 2.8671     | 0.3811     | 1.2336       | 1.2525       | 0.9823     | 0.4809       | 0.9777   |           
323    | 2.8381     | 0.3671     | 1.2253       | 1.2456       | 0.9823     | 0.4532       | 0.9234   |           
324    | 2.7996     | 0.3454     | 1.2113       | 1.2429       | 0.9792     | 0.4528       | 0.9054   |           
325    | 2.8372     | 0.3612     | 1.2170       | 1.2589       | 0.9802     | 0.4377       | 0.9053   |           
326    | 2.7858     | 0.3286     | 1.2083       | 1.2489       | 0.9802     | 0.4242       | 0.8383   |           
327    | 2.8320     | 0.3370     | 1.2415       | 1.2535       | 0.9812     | 0.4439       | 0.9127   |           
328    | 2.8455     | 0.3709     | 1.2267       | 1.2479       | 0.9812     | 0.4457       | 0.9154   |           
329    | 2.8098     | 0.3555     | 1.2021       | 1.2521       | 0.9771     | 0.4331       | 0.8617   |           
330    | 2.8515     | 0.3370     | 1.2606       | 1.2540       | 0.9792     | 0.4572       | 0.9015   |           
331    | 2.8103     | 0.3429     | 1.2149       | 1.2525       | 0.9812     | 0.4602       | 0.9171   |           
332    | 2.8627     | 0.3812     | 1.2065       | 1.2750       | 0.9812     | 0.4196       | 0.8740   |           
333    | 2.8375     | 0.3370     | 1.2498       | 1.2507       | 0.9812     | 0.4487       | 0.9087   |           
334    | 2.8231     | 0.3570     | 1.2193       | 1.2468       | 0.9823     | 0.4377       | 0.9152   |           
335    | 2.8214     | 0.3445     | 1.2148       | 1.2621       | 0.9792     | 0.4703       | 0.9710   |           
336    | 2.8570     | 0.3629     | 1.2309       | 1.2633       | 0.9781     | 0.4313       | 0.9343   |           
337    | 2.8143     | 0.3500     | 1.2195       | 1.2449       | 0.9812     | 0.4515       | 0.9858   |           
338    | 2.7880     | 0.3383     | 1.2002       | 1.2495       | 0.9792     | 0.4171       | 0.8980   |           
339    | 2.7754     | 0.3229     | 1.2104       | 1.2421       | 0.9781     | 0.4396       | 0.9069   |           
340    | 2.7899     | 0.3257     | 1.2136       | 1.2507       | 0.9760     | 0.4587       | 0.8554   |           
341    | 2.8009     | 0.3284     | 1.2205       | 1.2519       | 0.9771     | 0.4480       | 0.7878   |           
342    | 2.8075     | 0.3530     | 1.2073       | 1.2471       | 0.9802     | 0.4246       | 0.9531   |           
343    | 2.8531     | 0.3583     | 1.2406       | 1.2543       | 0.9802     | 0.4228       | 0.8880   |           
344    | 2.8451     | 0.3541     | 1.2364       | 1.2547       | 0.9823     | 0.4511       | 0.9469   |           
345    | 2.8472     | 0.3742     | 1.2170       | 1.2559       | 0.9781     | 0.4364       | 0.9915   |           
346    | 2.8725     | 0.3783     | 1.2233       | 1.2710       | 0.9781     | 0.4073       | 0.8592   | (ADV 0.77)
347    | 2.8223     | 0.3398     | 1.2223       | 1.2602       | 0.9802     | 0.3945       | 0.8418   | (ADV 0.78)
348    | 2.7599     | 0.3066     | 1.2146       | 1.2387       | 0.9740     | 0.4191       | 0.7904   |           
349    | 2.7732     | 0.3303     | 1.2017       | 1.2412       | 0.9823     | 0.4339       | 0.9159   |           
350    | 2.8226     | 0.3360     | 1.2409       | 1.2456       | 0.9802     | 0.4433       | 1.0275   |           
351    | 2.8357     | 0.3508     | 1.2219       | 1.2630       | 0.9802     | 0.4201       | 0.8944   |           
352    | 2.8309     | 0.3391     | 1.2196       | 1.2723       | 0.9771     | 0.4344       | 0.9698   |           
353    | 2.8236     | 0.3495     | 1.2330       | 1.2411       | 0.9771     | 0.4371       | 0.9453   |           
354    | 2.8415     | 0.3658     | 1.2227       | 1.2530       | 0.9812     | 0.4701       | 0.9173   |           
355    | 2.8700     | 0.3408     | 1.2547       | 1.2745       | 0.9771     | 0.3968       | 0.8457   |           
356    | 2.8633     | 0.3576     | 1.2514       | 1.2543       | 0.9812     | 0.4384       | 0.8781   |           
357    | 2.8517     | 0.3463     | 1.2275       | 1.2779       | 0.9750     | 0.4043       | 0.9129   |           
358    | 2.8585     | 0.3720     | 1.2268       | 1.2597       | 0.9823     | 0.3673       | 0.9373   | (ADV 0.80)
359    | 2.7997     | 0.3233     | 1.2263       | 1.2501       | 0.9802     | 0.4292       | 0.9149   |           
360    | 2.8583     | 0.3561     | 1.2462       | 1.2560       | 0.9802     | 0.3955       | 0.8344   |           
361    | 2.7936     | 0.3252     | 1.2196       | 1.2488       | 0.9812     | 0.4050       | 0.9428   |           
362    | 2.8779     | 0.3720     | 1.2327       | 1.2732       | 0.9833     | 0.4232       | 0.8799   |           
363    | 2.8312     | 0.3315     | 1.2416       | 1.2581       | 0.9750     | 0.4042       | 0.9034   |           
364    | 2.7963     | 0.3175     | 1.2309       | 1.2480       | 0.9802     | 0.3846       | 0.9834   |           
365    | 2.8197     | 0.3335     | 1.2332       | 1.2530       | 0.9812     | 0.4040       | 1.0162   |           
366    | 2.9150     | 0.4008     | 1.2543       | 1.2599       | 0.9802     | 0.4259       | 0.9765   |           
367    | 2.8805     | 0.3620     | 1.2401       | 1.2785       | 0.9792     | 0.4209       | 0.8283   |           
368    | 2.8508     | 0.3736     | 1.2107       | 1.2665       | 0.9812     | 0.3832       | 0.8926   |           
369    | 2.8598     | 0.3500     | 1.2361       | 1.2737       | 0.9812     | 0.4339       | 0.9605   |           
370    | 2.8375     | 0.3378     | 1.2418       | 1.2579       | 0.9844     | 0.4282       | 0.8939   |           
371    | 2.9141     | 0.3964     | 1.2400       | 1.2777       | 0.9792     | 0.4362       | 1.0425   |           
372    | 2.8107     | 0.3722     | 1.2058       | 1.2327       | 0.9792     | 0.4658       | 0.9703   |           
373    | 2.8955     | 0.3691     | 1.2527       | 1.2737       | 0.9802     | 0.4184       | 1.0421   |           
374    | 2.8334     | 0.3302     | 1.2370       | 1.2661       | 0.9792     | 0.4221       | 0.9525   |           
375    | 2.8165     | 0.3367     | 1.2289       | 1.2509       | 0.9781     | 0.4014       | 0.9410   |           
376    | 2.7975     | 0.3267     | 1.2095       | 1.2613       | 0.9812     | 0.4119       | 0.9338   |           
377    | 2.9275     | 0.3551     | 1.3121       | 1.2603       | 0.9823     | 0.4296       | 1.0355   |           
378    | 2.7135     | 0.3202     | 1.1324       | 1.2609       | 0.9792     | 0.3878       | 0.8868   |           
379    | 2.9292     | 0.3574     | 1.3064       | 1.2654       | 0.9812     | 0.3951       | 0.8553   |           
380    | 2.7738     | 0.3379     | 1.1830       | 1.2529       | 0.9823     | 0.4214       | 0.9156   |           
381    | 2.8196     | 0.3148     | 1.2476       | 1.2573       | 0.9844     | 0.4074       | 0.9487   |           
382    | 2.8012     | 0.3510     | 1.1779       | 1.2723       | 0.9823     | 0.4340       | 0.9284   |           
383    | 2.8379     | 0.3184     | 1.2501       | 1.2695       | 0.9792     | 0.4176       | 0.9654   |           
384    | 2.8426     | 0.3353     | 1.2185       | 1.2888       | 0.9781     | 0.4494       | 0.9490   |           
385    | 2.8805     | 0.3495     | 1.2625       | 1.2685       | 0.9781     | 0.3889       | 1.0023   |           
386    | 2.8246     | 0.3465     | 1.2048       | 1.2733       | 0.9812     | 0.4067       | 0.9765   |           
387    | 2.8538     | 0.3229     | 1.2540       | 1.2769       | 0.9802     | 0.3896       | 0.9611   |           
388    | 2.8032     | 0.2990     | 1.2279       | 1.2763       | 0.9781     | 0.4421       | 0.9010   |           
389    | 2.8549     | 0.3251     | 1.2502       | 1.2796       | 0.9750     | 0.4572       | 0.9479   |           
390    | 2.9168     | 0.3812     | 1.2535       | 1.2821       | 0.9802     | 0.4224       | 0.9707   |           
391    | 2.8540     | 0.3409     | 1.2280       | 1.2852       | 0.9771     | 0.4713       | 0.8006   |           
392    | 2.9057     | 0.3785     | 1.2561       | 1.2711       | 0.9844     | 0.3976       | 0.9375   |           
393    | 2.8265     | 0.3142     | 1.2305       | 1.2817       | 0.9802     | 0.4622       | 0.9094   |           
394    | 2.8743     | 0.3517     | 1.2534       | 1.2692       | 0.9792     | 0.4185       | 0.8025   |           
395    | 2.9065     | 0.3704     | 1.2618       | 1.2744       | 0.9792     | 0.4551       | 0.9748   |           
396    | 2.8406     | 0.3538     | 1.2243       | 1.2625       | 0.9812     | 0.4293       | 0.9637   |           
397    | 2.8599     | 0.3345     | 1.2572       | 1.2682       | 0.9844     | 0.4309       | 0.8093   |           
398    | 2.8283     | 0.3256     | 1.2318       | 1.2708       | 0.9844     | 0.4646       | 0.9692   |           
399    | 2.8966     | 0.3717     | 1.2474       | 1.2774       | 0.9802     | 0.4442       | 1.0039   |           
400    | 2.8541     | 0.3581     | 1.2292       | 1.2668       | 0.9812     | 0.4547       | 0.9019   |           
Seed 123456 | Src Acc: 98.3673 | Src MDE: 0.0264 | Tgt Acc: 35.0000 | Tgt MDE: 0.9373
Finished Combo FusionCDAN_1_4. Results saved.
