==========================================
Current Experiment: RTT Combination: ['Dist_mm_3', 'Dist_mm_4']
RTT Input Dimension: 2
==========================================
Start Training Seed 42...

Start CDAN+E Training... (Entropy Conditioning Enabled)
Epoch  | Total Loss | Tr Cls     | Tr Dom RSSI  | Tr Dom RTT   | Val T Acc  | Val T Entropy | Test MDE
------------------------------------------------------------------------------------------------------------------------
1      | 6.5985     | 3.8540     | 1.3644       | 1.3802       | 0.5656     | 3.7649       | 1.5033   |           
2      | 5.7710     | 3.1336     | 1.2853       | 1.3522       | 0.6604     | 3.6292       | 1.3808   |           
3      | 5.2435     | 2.7071     | 1.2021       | 1.3343       | 0.7333     | 3.5247       | 1.1831   |           
4      | 4.8290     | 2.3830     | 1.1262       | 1.3197       | 0.8219     | 3.3566       | 1.1757   |           
5      | 4.4756     | 2.1277     | 1.0526       | 1.2952       | 0.8583     | 3.2089       | 1.1329   |           
6      | 4.1725     | 1.8899     | 1.0152       | 1.2674       | 0.9031     | 3.0218       | 1.1384   |           
7      | 3.9397     | 1.7118     | 0.9736       | 1.2543       | 0.9302     | 2.8961       | 1.1511   |           
8      | 3.7757     | 1.5840     | 0.9539       | 1.2378       | 0.9354     | 2.7510       | 1.2149   |           
9      | 3.6316     | 1.4511     | 0.9625       | 1.2180       | 0.9437     | 2.6143       | 1.2447   |           
10     | 3.4487     | 1.3240     | 0.9287       | 1.1960       | 0.9542     | 2.4344       | 1.2690   |           
11     | 3.3026     | 1.2371     | 0.9021       | 1.1634       | 0.9479     | 2.2986       | 1.1823   | (ADV -0.20)
12     | 3.2418     | 1.1899     | 0.8849       | 1.1670       | 0.9531     | 2.2430       | 1.2104   | (ADV -0.17)
13     | 3.1859     | 1.1420     | 0.8921       | 1.1518       | 0.9521     | 2.1314       | 1.2712   | (ADV -0.11)
14     | 3.0626     | 1.0687     | 0.8558       | 1.1381       | 0.9479     | 2.0668       | 1.2975   | (ADV -0.09)
15     | 3.0197     | 1.0315     | 0.8694       | 1.1187       | 0.9552     | 1.9411       | 1.2907   | (ADV -0.02)
16     | 2.9734     | 0.9820     | 0.8731       | 1.1183       | 0.9542     | 1.9327       | 1.2804   | (ADV -0.01)
17     | 2.8948     | 0.9281     | 0.8608       | 1.1059       | 0.9646     | 1.8302       | 1.2709   | (ADV 0.05)
18     | 2.9396     | 0.9404     | 0.8848       | 1.1145       | 0.9563     | 1.8027       | 1.3409   | (ADV 0.05)
19     | 2.9166     | 0.9270     | 0.8894       | 1.1002       | 0.9604     | 1.7387       | 1.3044   | (ADV 0.09)
20     | 2.8590     | 0.8979     | 0.8658       | 1.0953       | 0.9708     | 1.7011       | 1.2310   | (ADV 0.12)
21     | 2.9006     | 0.9016     | 0.8921       | 1.1068       | 0.9615     | 1.6237       | 1.3740   | (ADV 0.15)
22     | 2.8110     | 0.8502     | 0.8755       | 1.0853       | 0.9625     | 1.5679       | 1.3151   | (ADV 0.18)
23     | 2.8116     | 0.8326     | 0.8862       | 1.0929       | 0.9708     | 1.5567       | 1.3807   | (ADV 0.19)
24     | 2.7656     | 0.8013     | 0.8913       | 1.0730       | 0.9656     | 1.5169       | 1.2319   | (ADV 0.21)
25     | 2.7677     | 0.7893     | 0.9100       | 1.0685       | 0.9604     | 1.4558       | 1.2791   | (ADV 0.23)
26     | 2.7532     | 0.7641     | 0.9075       | 1.0815       | 0.9604     | 1.4441       | 1.3671   | (ADV 0.24)
27     | 2.7794     | 0.7812     | 0.9011       | 1.0971       | 0.9646     | 1.3903       | 1.3120   | (ADV 0.27)
28     | 2.7370     | 0.7498     | 0.9162       | 1.0711       | 0.9677     | 1.3589       | 1.3661   | (ADV 0.29)
29     | 2.8125     | 0.7853     | 0.9254       | 1.1018       | 0.9563     | 1.3242       | 1.3520   | (ADV 0.29)
30     | 2.7528     | 0.7430     | 0.9331       | 1.0767       | 0.9583     | 1.3434       | 1.2955   |           
31     | 2.7449     | 0.7146     | 0.9482       | 1.0821       | 0.9635     | 1.2859       | 1.3521   | (ADV 0.32)
32     | 2.7363     | 0.7072     | 0.9513       | 1.0778       | 0.9656     | 1.2724       | 1.3294   | (ADV 0.33)
33     | 2.7335     | 0.7040     | 0.9439       | 1.0857       | 0.9677     | 1.2492       | 1.2945   | (ADV 0.34)
34     | 2.7561     | 0.7244     | 0.9644       | 1.0673       | 0.9594     | 1.2558       | 1.3197   |           
35     | 2.7681     | 0.7240     | 0.9523       | 1.0918       | 0.9625     | 1.1629       | 1.3065   | (ADV 0.38)
36     | 2.6682     | 0.6723     | 0.9308       | 1.0651       | 0.9646     | 1.1859       | 1.4014   |           
37     | 2.7005     | 0.6756     | 0.9504       | 1.0745       | 0.9583     | 1.1911       | 1.2990   |           
38     | 2.6743     | 0.6609     | 0.9473       | 1.0661       | 0.9656     | 1.1934       | 1.3464   |           
39     | 2.6571     | 0.6583     | 0.9211       | 1.0778       | 0.9594     | 1.1599       | 1.2468   |           
40     | 2.6654     | 0.6529     | 0.9321       | 1.0804       | 0.9688     | 1.1093       | 1.3063   | (ADV 0.41)
41     | 2.6708     | 0.6385     | 0.9440       | 1.0883       | 0.9646     | 1.0887       | 1.3266   | (ADV 0.42)
42     | 2.6470     | 0.6364     | 0.9457       | 1.0649       | 0.9646     | 1.0822       | 1.2502   | (ADV 0.42)
43     | 2.7158     | 0.6771     | 0.9600       | 1.0787       | 0.9635     | 1.0694       | 1.2419   | (ADV 0.43)
44     | 2.7433     | 0.6858     | 0.9630       | 1.0945       | 0.9615     | 1.0554       | 1.2435   | (ADV 0.43)
45     | 2.7004     | 0.6506     | 0.9635       | 1.0862       | 0.9656     | 1.0375       | 1.2800   | (ADV 0.45)
46     | 2.6590     | 0.6205     | 0.9572       | 1.0813       | 0.9635     | 1.0503       | 1.3420   |           
47     | 2.6876     | 0.6303     | 0.9823       | 1.0749       | 0.9625     | 1.0347       | 1.2574   |           
48     | 2.7771     | 0.6882     | 0.9846       | 1.1043       | 0.9646     | 0.9999       | 1.2606   | (ADV 0.46)
49     | 2.6392     | 0.6015     | 0.9713       | 1.0665       | 0.9604     | 0.9699       | 1.2960   | (ADV 0.48)
50     | 2.6480     | 0.6022     | 0.9711       | 1.0748       | 0.9583     | 0.9599       | 1.3010   | (ADV 0.48)
51     | 2.7670     | 0.6652     | 0.9988       | 1.1030       | 0.9698     | 1.0072       | 1.3308   |           
52     | 2.7270     | 0.6376     | 0.9722       | 1.1172       | 0.9531     | 0.9481       | 1.2568   | (ADV 0.48)
53     | 2.7063     | 0.6191     | 0.9940       | 1.0931       | 0.9646     | 0.9816       | 1.4117   |           
54     | 2.7174     | 0.6421     | 0.9939       | 1.0814       | 0.9615     | 0.9188       | 1.3078   | (ADV 0.50)
55     | 2.6750     | 0.6007     | 0.9952       | 1.0792       | 0.9698     | 0.9470       | 1.4646   |           
56     | 2.6915     | 0.5987     | 0.9891       | 1.1037       | 0.9604     | 0.9469       | 1.3234   |           
57     | 2.7327     | 0.6352     | 1.0119       | 1.0856       | 0.9625     | 0.9701       | 1.3442   |           
58     | 2.7081     | 0.6205     | 1.0041       | 1.0835       | 0.9604     | 0.9200       | 1.2568   |           
59     | 2.6635     | 0.6080     | 0.9790       | 1.0766       | 0.9698     | 0.9870       | 1.2681   |           
60     | 2.6936     | 0.6170     | 0.9894       | 1.0871       | 0.9667     | 0.9378       | 1.3003   |           
61     | 2.6838     | 0.6060     | 1.0038       | 1.0741       | 0.9677     | 0.9213       | 1.4456   | (ADV 0.51)
62     | 2.6647     | 0.5854     | 0.9924       | 1.0869       | 0.9615     | 0.9480       | 1.3410   |           
63     | 2.6958     | 0.5878     | 1.0087       | 1.0994       | 0.9615     | 0.9073       | 1.3099   | (ADV 0.51)
64     | 2.7129     | 0.6103     | 1.0047       | 1.0979       | 0.9677     | 0.9209       | 1.3411   |           
65     | 2.6826     | 0.5919     | 1.0098       | 1.0808       | 0.9625     | 0.9036       | 1.2492   | (ADV 0.51)
66     | 2.6954     | 0.5859     | 1.0119       | 1.0976       | 0.9594     | 0.9174       | 1.4055   |           
67     | 2.6909     | 0.5738     | 1.0240       | 1.0930       | 0.9677     | 0.8459       | 1.3317   | (ADV 0.54)
68     | 2.7409     | 0.5964     | 1.0219       | 1.1226       | 0.9656     | 0.8427       | 1.3389   |           
69     | 2.7618     | 0.6079     | 1.0477       | 1.1061       | 0.9719     | 0.8700       | 1.3876   |           
70     | 2.7434     | 0.5824     | 1.0397       | 1.1212       | 0.9635     | 0.8812       | 1.2967   |           
71     | 2.8305     | 0.6278     | 1.0525       | 1.1502       | 0.9656     | 0.8410       | 1.4171   | (ADV 0.55)
72     | 2.7805     | 0.6131     | 1.0221       | 1.1453       | 0.9583     | 0.8341       | 1.2677   |           
73     | 2.7229     | 0.5623     | 1.0262       | 1.1344       | 0.9677     | 0.8312       | 1.4347   | (ADV 0.55)
74     | 2.7882     | 0.6019     | 1.0427       | 1.1436       | 0.9667     | 0.7984       | 1.4247   | (ADV 0.57)
75     | 2.7846     | 0.6012     | 1.0468       | 1.1366       | 0.9573     | 0.8279       | 1.4492   |           
76     | 2.7962     | 0.6206     | 1.0451       | 1.1305       | 0.9604     | 0.7727       | 1.3985   | (ADV 0.57)
77     | 2.7814     | 0.6059     | 1.0456       | 1.1299       | 0.9646     | 0.8340       | 1.3533   |           
78     | 2.8530     | 0.6425     | 1.0612       | 1.1493       | 0.9563     | 0.7757       | 1.3711   |           
79     | 2.7909     | 0.5992     | 1.0578       | 1.1339       | 0.9698     | 0.7901       | 1.4623   | (ADV 0.57)
80     | 2.8357     | 0.6113     | 1.0722       | 1.1523       | 0.9646     | 0.7394       | 1.4337   | (ADV 0.59)
81     | 2.8411     | 0.6105     | 1.0783       | 1.1523       | 0.9583     | 0.8035       | 1.5512   |           
82     | 2.7835     | 0.5780     | 1.0549       | 1.1507       | 0.9604     | 0.7979       | 1.4026   |           
83     | 2.8115     | 0.5789     | 1.0846       | 1.1480       | 0.9708     | 0.7625       | 1.3237   |           
84     | 2.8468     | 0.6124     | 1.0901       | 1.1443       | 0.9729     | 0.7507       | 1.3916   | (ADV 0.60)
85     | 2.7985     | 0.5749     | 1.0839       | 1.1397       | 0.9635     | 0.7497       | 1.2635   |           
86     | 2.7884     | 0.5731     | 1.0833       | 1.1320       | 0.9677     | 0.7985       | 1.3675   |           
87     | 2.8635     | 0.6241     | 1.0951       | 1.1444       | 0.9646     | 0.7740       | 1.4583   |           
88     | 2.8286     | 0.5818     | 1.1100       | 1.1367       | 0.9667     | 0.7690       | 1.3420   |           
89     | 2.8577     | 0.6126     | 1.1019       | 1.1431       | 0.9667     | 0.7596       | 1.4175   |           
90     | 2.8244     | 0.5953     | 1.0921       | 1.1369       | 0.9677     | 0.7905       | 1.4021   |           
91     | 2.7622     | 0.5435     | 1.0846       | 1.1340       | 0.9677     | 0.7404       | 1.4580   |           
92     | 2.8099     | 0.5633     | 1.1012       | 1.1455       | 0.9667     | 0.7511       | 1.3829   |           
93     | 2.8152     | 0.5977     | 1.0945       | 1.1229       | 0.9698     | 0.7387       | 1.4484   | (ADV 0.60)
94     | 2.8146     | 0.5701     | 1.0866       | 1.1578       | 0.9583     | 0.7606       | 1.5064   |           
95     | 2.8155     | 0.5744     | 1.0975       | 1.1435       | 0.9688     | 0.7309       | 1.3552   | (ADV 0.60)
96     | 2.8114     | 0.5783     | 1.0918       | 1.1414       | 0.9656     | 0.7143       | 1.4560   | (ADV 0.61)
97     | 2.9104     | 0.6315     | 1.1148       | 1.1640       | 0.9688     | 0.7168       | 1.4044   | (ADV 0.61)
98     | 2.8802     | 0.5815     | 1.1242       | 1.1745       | 0.9625     | 0.7100       | 1.4328   |           
99     | 2.8148     | 0.5615     | 1.1080       | 1.1453       | 0.9656     | 0.7289       | 1.4586   |           
100    | 2.8510     | 0.5769     | 1.1127       | 1.1613       | 0.9677     | 0.7339       | 1.4399   |           
101    | 2.8229     | 0.5565     | 1.1186       | 1.1477       | 0.9677     | 0.6914       | 1.5297   | (ADV 0.62)
102    | 2.8163     | 0.5701     | 1.1113       | 1.1350       | 0.9625     | 0.6935       | 1.4511   |           
103    | 2.8435     | 0.5657     | 1.1093       | 1.1685       | 0.9656     | 0.7377       | 1.4681   |           
104    | 2.8328     | 0.5648     | 1.1121       | 1.1558       | 0.9719     | 0.6777       | 1.5365   | (ADV 0.63)
105    | 2.7869     | 0.5189     | 1.1110       | 1.1569       | 0.9708     | 0.7631       | 1.4490   |           
106    | 2.8501     | 0.5623     | 1.1325       | 1.1553       | 0.9688     | 0.7199       | 1.4309   |           
107    | 2.8974     | 0.5971     | 1.1458       | 1.1544       | 0.9729     | 0.7120       | 1.4846   |           
108    | 2.8834     | 0.5869     | 1.1352       | 1.1613       | 0.9688     | 0.7514       | 1.4661   |           
109    | 2.9219     | 0.5852     | 1.1536       | 1.1831       | 0.9635     | 0.7233       | 1.5579   |           
110    | 2.9042     | 0.5999     | 1.1287       | 1.1756       | 0.9615     | 0.7211       | 1.5796   |           
111    | 2.9079     | 0.5785     | 1.1495       | 1.1798       | 0.9708     | 0.7269       | 1.4995   |           
112    | 2.9282     | 0.5896     | 1.1486       | 1.1900       | 0.9698     | 0.7366       | 1.4244   |           
113    | 2.8427     | 0.5371     | 1.1364       | 1.1691       | 0.9646     | 0.7776       | 1.4994   |           
114    | 2.8978     | 0.5791     | 1.1308       | 1.1880       | 0.9729     | 0.7286       | 1.5057   |           
115    | 2.9004     | 0.6015     | 1.1429       | 1.1559       | 0.9719     | 0.7252       | 1.5057   |           
116    | 2.9231     | 0.5978     | 1.1509       | 1.1744       | 0.9719     | 0.7816       | 1.5024   |           
117    | 2.8290     | 0.5344     | 1.1388       | 1.1558       | 0.9667     | 0.7493       | 1.4901   |           
118    | 2.8727     | 0.5656     | 1.1299       | 1.1772       | 0.9729     | 0.7384       | 1.4977   |           
119    | 2.8350     | 0.5332     | 1.1442       | 1.1577       | 0.9708     | 0.7392       | 1.5387   |           
120    | 2.9389     | 0.6116     | 1.1554       | 1.1718       | 0.9646     | 0.7324       | 1.5533   |           
121    | 2.8852     | 0.5788     | 1.1508       | 1.1557       | 0.9719     | 0.7384       | 1.6070   |           
122    | 2.9250     | 0.5837     | 1.1582       | 1.1831       | 0.9708     | 0.7140       | 1.5484   |           
123    | 2.9395     | 0.5829     | 1.1595       | 1.1971       | 0.9677     | 0.7556       | 1.4911   |           
124    | 2.9032     | 0.5908     | 1.1546       | 1.1578       | 0.9688     | 0.7284       | 1.4150   |           
125    | 2.8868     | 0.5513     | 1.1602       | 1.1753       | 0.9677     | 0.7665       | 1.4825   |           
126    | 2.9051     | 0.5484     | 1.1705       | 1.1863       | 0.9677     | 0.7723       | 1.3976   |           
127    | 2.9029     | 0.5679     | 1.1609       | 1.1741       | 0.9594     | 0.7152       | 1.4618   |           
128    | 2.8952     | 0.5592     | 1.1587       | 1.1773       | 0.9594     | 0.6680       | 1.3923   |           
129    | 2.9518     | 0.6009     | 1.1721       | 1.1788       | 0.9677     | 0.7266       | 1.3114   |           
130    | 2.9327     | 0.5823     | 1.1704       | 1.1799       | 0.9688     | 0.7566       | 1.4586   |           
131    | 2.9356     | 0.5837     | 1.1725       | 1.1793       | 0.9667     | 0.7285       | 1.4132   |           
132    | 2.8932     | 0.5579     | 1.1701       | 1.1652       | 0.9615     | 0.7274       | 1.5014   |           
133    | 2.9121     | 0.5759     | 1.1622       | 1.1740       | 0.9688     | 0.7225       | 1.3726   |           
134    | 2.8940     | 0.5611     | 1.1647       | 1.1682       | 0.9698     | 0.7003       | 1.4620   |           
135    | 2.9095     | 0.5533     | 1.1815       | 1.1747       | 0.9760     | 0.6993       | 1.4412   |           
136    | 2.9202     | 0.5770     | 1.1667       | 1.1766       | 0.9646     | 0.6904       | 1.4577   |           
137    | 2.9270     | 0.5906     | 1.1696       | 1.1668       | 0.9635     | 0.6553       | 1.3339   | (ADV 0.64)
138    | 2.9485     | 0.5953     | 1.1703       | 1.1829       | 0.9563     | 0.7319       | 1.4253   |           
139    | 2.9560     | 0.5945     | 1.1832       | 1.1783       | 0.9583     | 0.6719       | 1.4229   |           
140    | 2.9208     | 0.5824     | 1.1747       | 1.1637       | 0.9698     | 0.7173       | 1.4826   |           
141    | 2.8665     | 0.5384     | 1.1596       | 1.1685       | 0.9688     | 0.6973       | 1.5028   |           
142    | 2.8370     | 0.5203     | 1.1416       | 1.1752       | 0.9708     | 0.7030       | 1.3982   |           
143    | 2.8526     | 0.5215     | 1.1605       | 1.1706       | 0.9729     | 0.6726       | 1.3071   | (ADV 0.64)
144    | 2.8858     | 0.5524     | 1.1679       | 1.1655       | 0.9750     | 0.7055       | 1.3985   |           
145    | 2.8770     | 0.5245     | 1.1769       | 1.1756       | 0.9594     | 0.7033       | 1.4767   |           
146    | 2.9215     | 0.5656     | 1.1670       | 1.1888       | 0.9740     | 0.6842       | 1.2784   |           
147    | 2.9569     | 0.5852     | 1.1790       | 1.1927       | 0.9646     | 0.7404       | 1.2943   |           
148    | 2.9084     | 0.5662     | 1.1693       | 1.1729       | 0.9625     | 0.7490       | 1.3228   |           
149    | 2.8658     | 0.5447     | 1.1528       | 1.1682       | 0.9750     | 0.6861       | 1.4245   |           
150    | 2.8599     | 0.5138     | 1.1665       | 1.1795       | 0.9698     | 0.6933       | 1.5457   |           
151    | 2.9013     | 0.5532     | 1.1783       | 1.1699       | 0.9719     | 0.6270       | 1.3616   | (ADV 0.66)
152    | 2.9193     | 0.5721     | 1.1753       | 1.1718       | 0.9625     | 0.6953       | 1.5299   |           
153    | 2.9103     | 0.5768     | 1.1718       | 1.1617       | 0.9719     | 0.6859       | 1.4793   |           
154    | 2.8695     | 0.5341     | 1.1762       | 1.1592       | 0.9583     | 0.7303       | 1.4669   |           
155    | 2.8742     | 0.5285     | 1.1802       | 1.1656       | 0.9677     | 0.6865       | 1.4414   |           
156    | 2.9037     | 0.5400     | 1.1886       | 1.1751       | 0.9656     | 0.6599       | 1.4493   |           
157    | 2.9234     | 0.5599     | 1.1778       | 1.1857       | 0.9719     | 0.6169       | 1.4864   | (ADV 0.66)
158    | 2.9103     | 0.5553     | 1.1778       | 1.1772       | 0.9656     | 0.6498       | 1.5110   |           
159    | 2.8606     | 0.5258     | 1.1686       | 1.1661       | 0.9698     | 0.7001       | 1.4606   |           
160    | 2.9255     | 0.5447     | 1.1960       | 1.1848       | 0.9698     | 0.6910       | 1.5989   |           
161    | 2.9418     | 0.5788     | 1.2002       | 1.1628       | 0.9771     | 0.6879       | 1.4312   |           
162    | 2.8589     | 0.5164     | 1.1844       | 1.1581       | 0.9604     | 0.6584       | 1.4433   |           
163    | 2.8870     | 0.5353     | 1.1843       | 1.1674       | 0.9708     | 0.6571       | 1.5151   |           
164    | 2.8627     | 0.5126     | 1.1797       | 1.1704       | 0.9677     | 0.6667       | 1.4765   |           
165    | 2.8906     | 0.5376     | 1.1872       | 1.1658       | 0.9750     | 0.6327       | 1.4996   |           
166    | 2.9334     | 0.5421     | 1.1953       | 1.1960       | 0.9583     | 0.6507       | 1.5244   |           
167    | 2.8684     | 0.5099     | 1.1782       | 1.1804       | 0.9771     | 0.6585       | 1.4832   |           
168    | 2.9154     | 0.5393     | 1.1983       | 1.1778       | 0.9625     | 0.6958       | 1.5314   |           
169    | 2.9107     | 0.5420     | 1.1852       | 1.1835       | 0.9729     | 0.6393       | 1.4248   |           
170    | 2.9024     | 0.5364     | 1.1863       | 1.1796       | 0.9719     | 0.6976       | 1.4913   |           
171    | 2.9372     | 0.5587     | 1.2027       | 1.1758       | 0.9667     | 0.6695       | 1.4938   |           
172    | 2.9399     | 0.5387     | 1.2110       | 1.1902       | 0.9729     | 0.7021       | 1.4706   |           
173    | 2.9060     | 0.5246     | 1.2020       | 1.1794       | 0.9667     | 0.6516       | 1.4107   |           
174    | 2.8404     | 0.4766     | 1.1987       | 1.1651       | 0.9781     | 0.6634       | 1.3601   |           
175    | 2.9139     | 0.5274     | 1.1910       | 1.1955       | 0.9635     | 0.6756       | 1.4514   |           
176    | 2.9265     | 0.5269     | 1.2045       | 1.1951       | 0.9688     | 0.6570       | 1.5277   |           
177    | 2.9508     | 0.5486     | 1.1906       | 1.2116       | 0.9698     | 0.6763       | 1.4467   |           
178    | 2.9034     | 0.5046     | 1.1985       | 1.2003       | 0.9688     | 0.6423       | 1.4856   |           
179    | 2.8978     | 0.5287     | 1.1771       | 1.1920       | 0.9740     | 0.6477       | 1.4707   |           
180    | 2.9332     | 0.5357     | 1.1901       | 1.2074       | 0.9740     | 0.6329       | 1.4364   |           
181    | 2.9235     | 0.5514     | 1.1946       | 1.1774       | 0.9656     | 0.6341       | 1.4801   |           
182    | 2.9371     | 0.5495     | 1.1988       | 1.1888       | 0.9667     | 0.6328       | 1.4717   |           
183    | 2.9497     | 0.5557     | 1.2034       | 1.1906       | 0.9729     | 0.6128       | 1.5330   | (ADV 0.67)
184    | 2.8973     | 0.5284     | 1.1827       | 1.1862       | 0.9750     | 0.6027       | 1.4179   | (ADV 0.67)
185    | 2.9352     | 0.5678     | 1.1867       | 1.1808       | 0.9688     | 0.6870       | 1.4010   |           
186    | 2.9470     | 0.5352     | 1.2126       | 1.1991       | 0.9625     | 0.6823       | 1.4219   |           
187    | 2.8876     | 0.4986     | 1.1986       | 1.1904       | 0.9615     | 0.6067       | 1.3472   |           
188    | 2.9885     | 0.5879     | 1.1994       | 1.2011       | 0.9615     | 0.6745       | 1.3759   |           
189    | 2.9086     | 0.5131     | 1.1944       | 1.2011       | 0.9698     | 0.6750       | 1.4087   |           
190    | 2.9223     | 0.5295     | 1.1939       | 1.1989       | 0.9740     | 0.6096       | 1.4390   |           
191    | 2.8807     | 0.4989     | 1.1798       | 1.2019       | 0.9708     | 0.6196       | 1.4491   |           
192    | 2.9253     | 0.5336     | 1.1889       | 1.2028       | 0.9688     | 0.6675       | 1.4030   |           
193    | 2.9933     | 0.5734     | 1.2104       | 1.2095       | 0.9729     | 0.6398       | 1.3417   |           
194    | 2.9352     | 0.5289     | 1.1956       | 1.2107       | 0.9708     | 0.6328       | 1.4213   |           
195    | 2.9178     | 0.5329     | 1.1927       | 1.1922       | 0.9729     | 0.6068       | 1.3843   |           
196    | 2.9745     | 0.5515     | 1.2169       | 1.2061       | 0.9646     | 0.6375       | 1.3092   |           
197    | 2.8983     | 0.5223     | 1.1861       | 1.1899       | 0.9583     | 0.6185       | 1.4641   |           
198    | 2.9058     | 0.5077     | 1.1969       | 1.2012       | 0.9667     | 0.6528       | 1.4629   |           
199    | 2.9055     | 0.5074     | 1.1965       | 1.2017       | 0.9729     | 0.6050       | 1.3892   |           
200    | 2.8796     | 0.5077     | 1.1857       | 1.1862       | 0.9708     | 0.6565       | 1.4265   |           
201    | 2.9396     | 0.5272     | 1.2079       | 1.2045       | 0.9667     | 0.6552       | 1.4392   |           
202    | 2.9624     | 0.5477     | 1.2010       | 1.2137       | 0.9667     | 0.6893       | 1.4201   |           
203    | 2.8913     | 0.5183     | 1.1864       | 1.1866       | 0.9615     | 0.6301       | 1.3274   |           
204    | 2.9387     | 0.5499     | 1.1927       | 1.1961       | 0.9646     | 0.6250       | 1.4658   |           
205    | 2.9366     | 0.5483     | 1.2031       | 1.1852       | 0.9688     | 0.6632       | 1.4059   |           
206    | 2.9445     | 0.5443     | 1.2148       | 1.1854       | 0.9729     | 0.6509       | 1.2800   |           
207    | 2.9721     | 0.5591     | 1.2093       | 1.2036       | 0.9563     | 0.6407       | 1.4472   |           
208    | 2.9348     | 0.5075     | 1.2165       | 1.2108       | 0.9688     | 0.6582       | 1.3383   |           
209    | 2.9208     | 0.5325     | 1.1953       | 1.1930       | 0.9688     | 0.6596       | 1.3486   |           
210    | 2.9410     | 0.5298     | 1.2029       | 1.2083       | 0.9615     | 0.6524       | 1.5168   |           
211    | 2.9967     | 0.5625     | 1.2120       | 1.2222       | 0.9615     | 0.5981       | 1.3344   |           
212    | 2.9759     | 0.5659     | 1.2093       | 1.2007       | 0.9719     | 0.7055       | 1.2843   |           
213    | 2.9179     | 0.5169     | 1.2098       | 1.1912       | 0.9760     | 0.6410       | 1.4200   |           
214    | 2.9579     | 0.5468     | 1.2216       | 1.1895       | 0.9698     | 0.6747       | 1.3191   |           
215    | 2.9144     | 0.4988     | 1.2154       | 1.2003       | 0.9708     | 0.5916       | 1.3404   | (ADV 0.68)
216    | 2.9352     | 0.5111     | 1.2182       | 1.2058       | 0.9667     | 0.6975       | 1.2923   |           
217    | 2.9448     | 0.5486     | 1.2079       | 1.1883       | 0.9552     | 0.6683       | 1.3388   |           
218    | 2.9589     | 0.5586     | 1.2092       | 1.1911       | 0.9521     | 0.6156       | 1.4851   |           
219    | 2.8968     | 0.4874     | 1.2079       | 1.2015       | 0.9552     | 0.6711       | 1.4942   |           
220    | 2.9828     | 0.5570     | 1.2162       | 1.2096       | 0.9646     | 0.6715       | 1.3478   |           
221    | 2.9205     | 0.5168     | 1.2027       | 1.2010       | 0.9667     | 0.6828       | 1.3608   |           
222    | 2.9037     | 0.4928     | 1.2046       | 1.2063       | 0.9708     | 0.6664       | 1.2753   |           
223    | 2.8935     | 0.4797     | 1.2015       | 1.2123       | 0.9740     | 0.6865       | 1.3362   |           
224    | 2.9543     | 0.5314     | 1.2146       | 1.2084       | 0.9667     | 0.6642       | 1.3806   |           
225    | 2.9633     | 0.5363     | 1.1972       | 1.2298       | 0.9760     | 0.6052       | 1.3393   |           
226    | 2.9523     | 0.5277     | 1.2051       | 1.2195       | 0.9750     | 0.6508       | 1.3972   |           
227    | 2.9055     | 0.4975     | 1.2034       | 1.2046       | 0.9760     | 0.6640       | 1.4161   |           
228    | 2.9603     | 0.5301     | 1.2145       | 1.2157       | 0.9677     | 0.6527       | 1.4483   |           
229    | 2.9722     | 0.5347     | 1.2209       | 1.2165       | 0.9740     | 0.5834       | 1.4707   | (ADV 0.68)
230    | 2.9182     | 0.5277     | 1.1998       | 1.1907       | 0.9563     | 0.5573       | 1.4646   |           
231    | 2.9803     | 0.5516     | 1.2164       | 1.2123       | 0.9656     | 0.6303       | 1.4257   |           
232    | 2.9200     | 0.5049     | 1.2061       | 1.2090       | 0.9625     | 0.6561       | 1.3227   |           
233    | 2.9741     | 0.5491     | 1.2160       | 1.2091       | 0.9677     | 0.6444       | 1.4156   |           
234    | 2.9678     | 0.5448     | 1.2126       | 1.2104       | 0.9740     | 0.6370       | 1.3577   |           
235    | 2.8804     | 0.4933     | 1.1966       | 1.1905       | 0.9729     | 0.6584       | 1.3656   |           
236    | 2.9393     | 0.5238     | 1.2053       | 1.2101       | 0.9625     | 0.6562       | 1.3283   |           
237    | 2.9543     | 0.5265     | 1.2128       | 1.2150       | 0.9698     | 0.6863       | 1.3643   |           
238    | 2.9166     | 0.5084     | 1.1952       | 1.2130       | 0.9625     | 0.6074       | 1.3792   |           
239    | 2.9619     | 0.5318     | 1.2135       | 1.2165       | 0.9677     | 0.6071       | 1.3532   |           
240    | 2.9672     | 0.5571     | 1.2038       | 1.2064       | 0.9656     | 0.6679       | 1.3630   |           
241    | 2.9265     | 0.5072     | 1.2114       | 1.2080       | 0.9656     | 0.6292       | 1.3556   |           
242    | 2.9466     | 0.5167     | 1.2132       | 1.2167       | 0.9729     | 0.6125       | 1.3768   |           
243    | 2.9871     | 0.5310     | 1.2256       | 1.2304       | 0.9667     | 0.6444       | 1.3622   |           
244    | 2.9207     | 0.4868     | 1.2191       | 1.2148       | 0.9729     | 0.6464       | 1.4129   |           
245    | 2.9845     | 0.5325     | 1.2237       | 1.2282       | 0.9708     | 0.6674       | 1.3786   |           
246    | 2.9319     | 0.4955     | 1.2073       | 1.2291       | 0.9667     | 0.6333       | 1.5075   |           
247    | 2.9985     | 0.5345     | 1.2163       | 1.2477       | 0.9552     | 0.6283       | 1.4344   |           
248    | 2.9800     | 0.5085     | 1.2361       | 1.2354       | 0.9656     | 0.6638       | 1.3054   |           
249    | 2.9931     | 0.5327     | 1.2312       | 1.2292       | 0.9604     | 0.6181       | 1.3392   |           
250    | 2.9433     | 0.5074     | 1.2216       | 1.2144       | 0.9583     | 0.5876       | 1.3294   |           
251    | 2.9131     | 0.4685     | 1.2184       | 1.2262       | 0.9604     | 0.5891       | 1.4347   |           
252    | 2.9268     | 0.4958     | 1.2176       | 1.2134       | 0.9521     | 0.5597       | 1.4156   |           
253    | 2.9869     | 0.5323     | 1.2227       | 1.2319       | 0.9667     | 0.6393       | 1.3198   |           
254    | 2.9368     | 0.4913     | 1.2322       | 1.2134       | 0.9635     | 0.6421       | 1.3631   |           
255    | 2.9829     | 0.5398     | 1.2296       | 1.2135       | 0.9688     | 0.5843       | 1.4863   |           
256    | 2.9375     | 0.4960     | 1.2164       | 1.2252       | 0.9677     | 0.6190       | 1.4914   |           
257    | 2.9657     | 0.5200     | 1.2291       | 1.2166       | 0.9667     | 0.6159       | 1.5300   |           
258    | 2.9877     | 0.5340     | 1.2221       | 1.2316       | 0.9635     | 0.6384       | 1.3615   |           
259    | 3.0035     | 0.5225     | 1.2314       | 1.2495       | 0.9688     | 0.6321       | 1.3223   |           
260    | 3.0003     | 0.5435     | 1.2281       | 1.2287       | 0.9625     | 0.5989       | 1.5188   |           
261    | 2.8819     | 0.4554     | 1.2140       | 1.2124       | 0.9583     | 0.5876       | 1.3348   |           
262    | 2.9476     | 0.4951     | 1.2281       | 1.2244       | 0.9708     | 0.6296       | 1.2375   |           
263    | 2.9640     | 0.5122     | 1.2301       | 1.2218       | 0.9740     | 0.6266       | 1.2914   |           
264    | 2.9747     | 0.5225     | 1.2287       | 1.2236       | 0.9677     | 0.6471       | 1.3267   |           
265    | 2.9812     | 0.5252     | 1.2242       | 1.2318       | 0.9646     | 0.6048       | 1.5114   |           
266    | 3.0140     | 0.5509     | 1.2259       | 1.2372       | 0.9688     | 0.6290       | 1.3485   |           
267    | 2.9792     | 0.5112     | 1.2203       | 1.2477       | 0.9677     | 0.6525       | 1.2724   |           
268    | 3.0069     | 0.5474     | 1.2270       | 1.2325       | 0.9615     | 0.5762       | 1.4799   |           
269    | 3.0244     | 0.5522     | 1.2392       | 1.2330       | 0.9698     | 0.6282       | 1.2412   |           
270    | 3.0112     | 0.5452     | 1.2300       | 1.2360       | 0.9708     | 0.6366       | 1.4202   |           
271    | 2.9456     | 0.4925     | 1.2230       | 1.2301       | 0.9698     | 0.5692       | 1.3966   | (ADV 0.69)
272    | 2.9545     | 0.4955     | 1.2332       | 1.2258       | 0.9594     | 0.6007       | 1.4354   |           
273    | 2.9583     | 0.5021     | 1.2357       | 1.2206       | 0.9427     | 0.6350       | 1.2996   |           
274    | 2.9635     | 0.5107     | 1.2315       | 1.2212       | 0.9615     | 0.6069       | 1.4720   |           
275    | 3.0218     | 0.5416     | 1.2522       | 1.2281       | 0.9625     | 0.5893       | 1.4665   |           
276    | 2.9268     | 0.4705     | 1.2348       | 1.2214       | 0.9667     | 0.6037       | 1.3842   |           
277    | 2.9437     | 0.4729     | 1.2444       | 1.2264       | 0.9667     | 0.5963       | 1.3729   |           
278    | 2.9968     | 0.5171     | 1.2479       | 1.2318       | 0.9656     | 0.5912       | 1.3881   |           
279    | 3.0245     | 0.5239     | 1.2539       | 1.2468       | 0.9635     | 0.6541       | 1.2958   |           
280    | 2.9321     | 0.4686     | 1.2370       | 1.2265       | 0.9688     | 0.5956       | 1.3903   |           
281    | 2.9959     | 0.5106     | 1.2462       | 1.2391       | 0.9656     | 0.5789       | 1.4322   |           
282    | 2.9951     | 0.5220     | 1.2419       | 1.2313       | 0.9604     | 0.5900       | 1.4655   |           
283    | 3.0225     | 0.5099     | 1.2559       | 1.2567       | 0.9677     | 0.5491       | 1.3634   | (ADV 0.69)
284    | 2.9605     | 0.4787     | 1.2435       | 1.2383       | 0.9510     | 0.6030       | 1.4185   |           
285    | 2.9983     | 0.5007     | 1.2401       | 1.2575       | 0.9667     | 0.5784       | 1.4370   |           
286    | 2.9904     | 0.5142     | 1.2271       | 1.2491       | 0.9646     | 0.6172       | 1.2833   |           
287    | 2.9790     | 0.4949     | 1.2392       | 1.2448       | 0.9677     | 0.5713       | 1.3521   |           
288    | 2.9834     | 0.5024     | 1.2357       | 1.2452       | 0.9688     | 0.6111       | 1.3345   |           
289    | 3.0400     | 0.5209     | 1.2592       | 1.2600       | 0.9677     | 0.5651       | 1.3780   |           
290    | 2.9898     | 0.4892     | 1.2428       | 1.2577       | 0.9688     | 0.5667       | 1.3355   |           
291    | 3.0274     | 0.5409     | 1.2468       | 1.2397       | 0.9708     | 0.5637       | 1.2596   |           
292    | 2.9967     | 0.5154     | 1.2370       | 1.2443       | 0.9698     | 0.5731       | 1.4373   |           
293    | 2.9699     | 0.4873     | 1.2425       | 1.2401       | 0.9667     | 0.5744       | 1.2888   |           
294    | 2.9786     | 0.4938     | 1.2422       | 1.2427       | 0.9604     | 0.5481       | 1.2553   |           
295    | 2.9890     | 0.5103     | 1.2454       | 1.2333       | 0.9698     | 0.5564       | 1.3428   |           
296    | 2.9900     | 0.5024     | 1.2362       | 1.2513       | 0.9688     | 0.5636       | 1.3963   |           
297    | 3.0125     | 0.5124     | 1.2499       | 1.2502       | 0.9667     | 0.5557       | 1.2996   |           
298    | 2.9968     | 0.5131     | 1.2448       | 1.2388       | 0.9656     | 0.5458       | 1.2795   |           
299    | 2.9975     | 0.5049     | 1.2457       | 1.2469       | 0.9646     | 0.5593       | 1.3162   |           
300    | 2.9784     | 0.4995     | 1.2452       | 1.2336       | 0.9750     | 0.5688       | 1.3850   |           
301    | 2.9510     | 0.4719     | 1.2475       | 1.2317       | 0.9656     | 0.5636       | 1.3696   |           
302    | 3.0043     | 0.5341     | 1.2337       | 1.2364       | 0.9740     | 0.5282       | 1.3483   | (ADV 0.71)
303    | 2.9638     | 0.4794     | 1.2523       | 1.2320       | 0.9750     | 0.5471       | 1.3249   |           
304    | 2.9879     | 0.4917     | 1.2539       | 1.2423       | 0.9708     | 0.5084       | 1.4422   | (ADV 0.72)
305    | 2.9473     | 0.4730     | 1.2351       | 1.2392       | 0.9750     | 0.6169       | 1.3407   |           
306    | 3.0502     | 0.5428     | 1.2562       | 1.2511       | 0.9667     | 0.5503       | 1.4533   |           
307    | 3.0058     | 0.5064     | 1.2445       | 1.2549       | 0.9677     | 0.6197       | 1.3411   |           
308    | 3.0169     | 0.5244     | 1.2517       | 1.2407       | 0.9781     | 0.5752       | 1.3129   |           
309    | 3.0339     | 0.5466     | 1.2432       | 1.2441       | 0.9625     | 0.5501       | 1.3030   |           
310    | 2.9977     | 0.5139     | 1.2429       | 1.2408       | 0.9698     | 0.5700       | 1.3571   |           
311    | 2.9906     | 0.5043     | 1.2456       | 1.2407       | 0.9750     | 0.5539       | 1.3692   |           
312    | 3.0009     | 0.5118     | 1.2403       | 1.2489       | 0.9729     | 0.5627       | 1.2708   |           
313    | 2.9948     | 0.5040     | 1.2481       | 1.2427       | 0.9625     | 0.6205       | 1.3224   |           
314    | 3.0202     | 0.5227     | 1.2545       | 1.2430       | 0.9677     | 0.6219       | 1.2351   |           
315    | 3.0167     | 0.5123     | 1.2620       | 1.2424       | 0.9448     | 0.6319       | 1.3607   |           
316    | 2.9818     | 0.4828     | 1.2453       | 1.2537       | 0.9625     | 0.5570       | 1.2127   |           
317    | 3.0149     | 0.5022     | 1.2522       | 1.2605       | 0.9688     | 0.5715       | 1.2471   |           
318    | 3.0031     | 0.4959     | 1.2488       | 1.2583       | 0.9688     | 0.6323       | 1.3417   |           
319    | 3.0124     | 0.5062     | 1.2489       | 1.2572       | 0.9646     | 0.6317       | 1.2944   |           
320    | 3.0425     | 0.5256     | 1.2453       | 1.2716       | 0.9563     | 0.5695       | 1.4286   |           
321    | 3.0437     | 0.5368     | 1.2504       | 1.2564       | 0.9635     | 0.5646       | 1.3880   |           
322    | 3.0156     | 0.5283     | 1.2327       | 1.2546       | 0.9729     | 0.6078       | 1.3923   |           
323    | 3.0282     | 0.5265     | 1.2526       | 1.2490       | 0.9677     | 0.5898       | 1.3134   |           
324    | 2.9600     | 0.4643     | 1.2387       | 1.2570       | 0.9729     | 0.5488       | 1.4217   |           
325    | 3.0380     | 0.5308     | 1.2510       | 1.2562       | 0.9708     | 0.6100       | 1.3169   |           
326    | 3.0366     | 0.5255     | 1.2428       | 1.2682       | 0.9635     | 0.6240       | 1.2741   |           
327    | 2.9846     | 0.4928     | 1.2317       | 1.2601       | 0.9698     | 0.5998       | 1.4566   |           
328    | 3.0219     | 0.5173     | 1.2444       | 1.2602       | 0.9708     | 0.6261       | 1.2770   |           
329    | 2.9908     | 0.4855     | 1.2348       | 1.2705       | 0.9750     | 0.5734       | 1.4194   |           
330    | 3.0587     | 0.5305     | 1.2618       | 1.2664       | 0.9760     | 0.6093       | 1.4461   |           
331    | 2.9992     | 0.4939     | 1.2505       | 1.2548       | 0.9719     | 0.5398       | 1.3866   |           
332    | 2.9995     | 0.4890     | 1.2520       | 1.2585       | 0.9729     | 0.6063       | 1.3951   |           
333    | 3.0440     | 0.5197     | 1.2532       | 1.2711       | 0.9646     | 0.5807       | 1.4106   |           
334    | 3.0548     | 0.5335     | 1.2559       | 1.2653       | 0.9302     | 0.5916       | 1.4465   |           
335    | 3.0047     | 0.5009     | 1.2383       | 1.2655       | 0.9646     | 0.5541       | 1.4753   |           
336    | 2.9579     | 0.4784     | 1.2316       | 1.2479       | 0.9719     | 0.6007       | 1.3894   |           
337    | 3.0172     | 0.5144     | 1.2476       | 1.2551       | 0.9771     | 0.5797       | 1.3265   |           
338    | 2.9944     | 0.5076     | 1.2383       | 1.2485       | 0.9646     | 0.5941       | 1.3092   |           
339    | 2.9974     | 0.4988     | 1.2447       | 1.2540       | 0.9719     | 0.5982       | 1.3885   |           
340    | 2.9784     | 0.4834     | 1.2432       | 1.2518       | 0.9677     | 0.5673       | 1.4085   |           
341    | 2.9833     | 0.4774     | 1.2557       | 1.2502       | 0.9698     | 0.6181       | 1.3636   |           
342    | 2.9536     | 0.4585     | 1.2403       | 1.2548       | 0.9708     | 0.5910       | 1.3159   |           
343    | 3.0144     | 0.4918     | 1.2530       | 1.2696       | 0.9646     | 0.5880       | 1.3615   |           
344    | 3.0518     | 0.5234     | 1.2553       | 1.2731       | 0.9708     | 0.6247       | 1.3417   |           
345    | 3.0168     | 0.5167     | 1.2439       | 1.2562       | 0.9635     | 0.5790       | 1.3729   |           
346    | 3.0051     | 0.4930     | 1.2448       | 1.2674       | 0.9781     | 0.5957       | 1.2375   |           
347    | 2.9948     | 0.4768     | 1.2502       | 1.2678       | 0.9781     | 0.5660       | 1.3822   |           
348    | 3.0226     | 0.5042     | 1.2574       | 1.2610       | 0.9740     | 0.5997       | 1.3079   |           
349    | 2.9873     | 0.4666     | 1.2528       | 1.2680       | 0.9646     | 0.6010       | 1.3197   |           
350    | 3.0481     | 0.5202     | 1.2575       | 1.2705       | 0.9656     | 0.6005       | 1.4447   |           
351    | 3.0221     | 0.4930     | 1.2520       | 1.2771       | 0.9677     | 0.5994       | 1.2946   |           
352    | 3.0468     | 0.5258     | 1.2578       | 1.2632       | 0.9510     | 0.5987       | 1.3240   |           
353    | 2.9946     | 0.4841     | 1.2433       | 1.2672       | 0.9656     | 0.6388       | 1.4080   |           
354    | 2.9599     | 0.4563     | 1.2465       | 1.2571       | 0.9677     | 0.6083       | 1.2750   |           
355    | 2.9979     | 0.4829     | 1.2604       | 1.2546       | 0.9688     | 0.5790       | 1.2658   |           
356    | 3.0139     | 0.4886     | 1.2595       | 1.2658       | 0.9740     | 0.5267       | 1.4033   |           
357    | 3.0163     | 0.4766     | 1.2652       | 1.2745       | 0.9688     | 0.5702       | 1.2178   |           
358    | 3.0220     | 0.4901     | 1.2640       | 1.2678       | 0.9698     | 0.5977       | 1.2303   |           
359    | 3.0107     | 0.4703     | 1.2684       | 1.2720       | 0.9615     | 0.5719       | 1.2912   |           
360    | 2.9786     | 0.4697     | 1.2529       | 1.2560       | 0.9667     | 0.5490       | 1.2684   |           
361    | 3.0056     | 0.4859     | 1.2544       | 1.2653       | 0.9646     | 0.6381       | 1.2889   |           
362    | 3.0087     | 0.4856     | 1.2551       | 1.2679       | 0.9719     | 0.5753       | 1.3354   |           
363    | 2.9980     | 0.4789     | 1.2533       | 1.2658       | 0.9677     | 0.5826       | 1.3188   |           
364    | 3.0350     | 0.5049     | 1.2601       | 1.2701       | 0.9698     | 0.5697       | 1.2541   |           
365    | 2.9972     | 0.4856     | 1.2523       | 1.2592       | 0.9698     | 0.5643       | 1.4738   |           
366    | 2.9843     | 0.4698     | 1.2504       | 1.2641       | 0.9667     | 0.5923       | 1.4075   |           
367    | 3.0184     | 0.4816     | 1.2694       | 1.2674       | 0.9604     | 0.5542       | 1.2187   |           
368    | 3.0177     | 0.4887     | 1.2631       | 1.2658       | 0.9760     | 0.5608       | 1.2782   |           
369    | 3.0029     | 0.4806     | 1.2563       | 1.2659       | 0.9729     | 0.5840       | 1.2689   |           
370    | 2.9868     | 0.4660     | 1.2545       | 1.2663       | 0.9708     | 0.5668       | 1.2863   |           
371    | 3.0615     | 0.5309     | 1.2619       | 1.2687       | 0.9677     | 0.6020       | 1.3060   |           
372    | 3.0208     | 0.4914     | 1.2589       | 1.2705       | 0.9688     | 0.5517       | 1.2793   |           
373    | 3.0116     | 0.4837     | 1.2636       | 1.2642       | 0.9719     | 0.5398       | 1.2420   |           
374    | 3.0338     | 0.4856     | 1.2665       | 1.2816       | 0.9563     | 0.5831       | 1.3883   |           
375    | 2.9959     | 0.4544     | 1.2641       | 1.2774       | 0.9646     | 0.6251       | 1.2771   |           
376    | 3.0370     | 0.4933     | 1.2667       | 1.2770       | 0.9646     | 0.6108       | 1.2731   |           
377    | 3.0253     | 0.4811     | 1.2609       | 1.2833       | 0.9698     | 0.6330       | 1.2788   |           
378    | 3.1173     | 0.5690     | 1.2656       | 1.2827       | 0.9646     | 0.6330       | 1.3360   |           
379    | 3.0179     | 0.4791     | 1.2668       | 1.2720       | 0.9677     | 0.6209       | 1.1768   |           
380    | 3.0130     | 0.4709     | 1.2642       | 1.2779       | 0.9635     | 0.6430       | 1.2375   |           
381    | 3.0661     | 0.5080     | 1.2666       | 1.2915       | 0.9646     | 0.6080       | 1.2686   |           
382    | 3.0245     | 0.4778     | 1.2688       | 1.2779       | 0.9615     | 0.5929       | 1.4022   |           
383    | 3.0414     | 0.5023     | 1.2672       | 1.2719       | 0.9677     | 0.5673       | 1.2834   |           
384    | 2.9969     | 0.4782     | 1.2533       | 1.2655       | 0.9667     | 0.5876       | 1.3105   |           
385    | 2.9957     | 0.4684     | 1.2579       | 1.2694       | 0.9729     | 0.6107       | 1.2692   |           
386    | 3.0110     | 0.4756     | 1.2654       | 1.2700       | 0.9656     | 0.6155       | 1.3044   |           
387    | 2.9949     | 0.4671     | 1.2599       | 1.2679       | 0.9708     | 0.5850       | 1.2866   |           
388    | 2.9941     | 0.4607     | 1.2676       | 1.2657       | 0.9698     | 0.5939       | 1.4164   |           
389    | 3.0679     | 0.5078     | 1.2798       | 1.2804       | 0.9604     | 0.5824       | 1.3638   |           
390    | 3.0351     | 0.4753     | 1.2818       | 1.2780       | 0.9719     | 0.6026       | 1.3065   |           
391    | 3.0553     | 0.4909     | 1.2846       | 1.2798       | 0.9646     | 0.5875       | 1.3335   |           
392    | 3.0562     | 0.4890     | 1.2931       | 1.2741       | 0.9750     | 0.5827       | 1.2641   |           
393    | 3.0751     | 0.5094     | 1.2820       | 1.2837       | 0.9583     | 0.6025       | 1.2794   |           
394    | 3.0495     | 0.4970     | 1.2824       | 1.2701       | 0.9750     | 0.5775       | 1.3164   |           
395    | 3.0328     | 0.4714     | 1.2972       | 1.2642       | 0.9604     | 0.5987       | 1.1920   |           
396    | 3.0842     | 0.5157     | 1.2883       | 1.2802       | 0.9594     | 0.6277       | 1.2966   |           
397    | 3.0630     | 0.4920     | 1.2954       | 1.2756       | 0.9667     | 0.6242       | 1.2798   |           
398    | 3.0679     | 0.4833     | 1.3018       | 1.2828       | 0.9719     | 0.5938       | 1.2036   |           
399    | 3.1369     | 0.5326     | 1.3116       | 1.2928       | 0.9729     | 0.6022       | 1.2359   |           
400    | 3.1270     | 0.5243     | 1.3126       | 1.2901       | 0.9510     | 0.6174       | 1.2475   |           
Seed 42 | Src Acc: 98.1633 | Src MDE: 0.0280 | Tgt Acc: 24.8980 | Tgt MDE: 1.4422
Start Training Seed 6767...

Start CDAN+E Training... (Entropy Conditioning Enabled)
Epoch  | Total Loss | Tr Cls     | Tr Dom RSSI  | Tr Dom RTT   | Val T Acc  | Val T Entropy | Test MDE
------------------------------------------------------------------------------------------------------------------------
1      | 6.5993     | 3.8473     | 1.3642       | 1.3878       | 0.4865     | 3.7583       | 1.6994   |           
2      | 5.7537     | 3.1106     | 1.2908       | 1.3523       | 0.7042     | 3.6435       | 1.2641   |           
3      | 5.1933     | 2.6661     | 1.2036       | 1.3236       | 0.8125     | 3.5054       | 1.2710   |           
4      | 4.7352     | 2.3027     | 1.1333       | 1.2992       | 0.8844     | 3.3451       | 1.1655   |           
5      | 4.3589     | 2.0225     | 1.0676       | 1.2688       | 0.9052     | 3.1630       | 1.1896   |           
6      | 4.0604     | 1.8064     | 1.0029       | 1.2512       | 0.9292     | 2.9586       | 1.2368   |           
7      | 3.8100     | 1.6368     | 0.9578       | 1.2154       | 0.9500     | 2.8251       | 1.2950   |           
8      | 3.5931     | 1.4777     | 0.9189       | 1.1965       | 0.9448     | 2.6678       | 1.3321   |           
9      | 3.4084     | 1.3466     | 0.8899       | 1.1719       | 0.9479     | 2.5033       | 1.3039   |           
10     | 3.3110     | 1.2645     | 0.9104       | 1.1361       | 0.9500     | 2.3254       | 1.2675   |           
11     | 3.1642     | 1.1536     | 0.8849       | 1.1257       | 0.9583     | 2.2517       | 1.2414   | (ADV -0.17)
12     | 3.1298     | 1.1343     | 0.8780       | 1.1174       | 0.9448     | 2.1661       | 1.3484   | (ADV -0.14)
13     | 3.0686     | 1.0896     | 0.8714       | 1.1077       | 0.9531     | 2.0535       | 1.3377   | (ADV -0.07)
14     | 2.9320     | 1.0054     | 0.8524       | 1.0741       | 0.9563     | 1.9776       | 1.2556   | (ADV -0.03)
15     | 2.8895     | 0.9544     | 0.8428       | 1.0923       | 0.9594     | 1.8665       | 1.3423   | (ADV 0.03)
16     | 2.8542     | 0.9441     | 0.8591       | 1.0509       | 0.9573     | 1.8177       | 1.2856   | (ADV 0.05)
17     | 2.8257     | 0.9112     | 0.8692       | 1.0453       | 0.9563     | 1.7154       | 1.2419   | (ADV 0.10)
18     | 2.8146     | 0.8816     | 0.8563       | 1.0767       | 0.9583     | 1.6741       | 1.2954   | (ADV 0.12)
19     | 2.7561     | 0.8157     | 0.8821       | 1.0584       | 0.9625     | 1.6360       | 1.3176   | (ADV 0.14)
20     | 2.7452     | 0.8117     | 0.8946       | 1.0389       | 0.9604     | 1.5445       | 1.3038   | (ADV 0.19)
21     | 2.7208     | 0.8138     | 0.8736       | 1.0334       | 0.9615     | 1.5159       | 1.2766   | (ADV 0.20)
22     | 2.7421     | 0.8153     | 0.8912       | 1.0356       | 0.9604     | 1.4584       | 1.3279   | (ADV 0.23)
23     | 2.7636     | 0.7977     | 0.9013       | 1.0647       | 0.9635     | 1.4791       | 1.2429   |           
24     | 2.7098     | 0.7594     | 0.8973       | 1.0530       | 0.9635     | 1.4058       | 1.2371   | (ADV 0.26)
25     | 2.7279     | 0.7531     | 0.9079       | 1.0669       | 0.9688     | 1.3962       | 1.2176   | (ADV 0.27)
26     | 2.6561     | 0.6931     | 0.8907       | 1.0723       | 0.9656     | 1.3833       | 1.2348   | (ADV 0.27)
27     | 2.6324     | 0.6940     | 0.8936       | 1.0447       | 0.9677     | 1.3205       | 1.2853   | (ADV 0.31)
28     | 2.6428     | 0.6919     | 0.8948       | 1.0561       | 0.9677     | 1.2696       | 1.2350   | (ADV 0.33)
29     | 2.7279     | 0.7207     | 0.9175       | 1.0897       | 0.9656     | 1.3026       | 1.2363   |           
30     | 2.6622     | 0.6886     | 0.9035       | 1.0701       | 0.9635     | 1.2347       | 1.2176   | (ADV 0.35)
31     | 2.6626     | 0.6934     | 0.8980       | 1.0711       | 0.9604     | 1.2357       | 1.2252   |           
32     | 2.6525     | 0.6636     | 0.9197       | 1.0691       | 0.9656     | 1.2161       | 1.2374   | (ADV 0.36)
33     | 2.6798     | 0.6794     | 0.9132       | 1.0873       | 0.9646     | 1.2189       | 1.2653   |           
34     | 2.6558     | 0.6800     | 0.8996       | 1.0762       | 0.9677     | 1.1476       | 1.2617   | (ADV 0.39)
35     | 2.6539     | 0.6510     | 0.9170       | 1.0859       | 0.9646     | 1.1526       | 1.2855   |           
36     | 2.6321     | 0.6397     | 0.9409       | 1.0515       | 0.9604     | 1.1713       | 1.2746   |           
37     | 2.6196     | 0.6198     | 0.9301       | 1.0697       | 0.9667     | 1.1237       | 1.2501   | (ADV 0.40)
38     | 2.6638     | 0.6591     | 0.9260       | 1.0787       | 0.9729     | 1.0994       | 1.2345   | (ADV 0.42)
39     | 2.6275     | 0.6221     | 0.9302       | 1.0752       | 0.9635     | 1.1372       | 1.3249   |           
40     | 2.6377     | 0.6411     | 0.9162       | 1.0805       | 0.9667     | 1.0986       | 1.2790   |           
41     | 2.6468     | 0.6350     | 0.9248       | 1.0869       | 0.9656     | 1.0718       | 1.2998   | (ADV 0.43)
42     | 2.6352     | 0.6316     | 0.9410       | 1.0626       | 0.9677     | 1.0521       | 1.2839   | (ADV 0.44)
43     | 2.6198     | 0.5957     | 0.9413       | 1.0827       | 0.9719     | 1.0888       | 1.3726   |           
44     | 2.6175     | 0.5933     | 0.9480       | 1.0762       | 0.9615     | 1.0510       | 1.3154   |           
45     | 2.6121     | 0.5985     | 0.9379       | 1.0757       | 0.9656     | 1.0362       | 1.1947   | (ADV 0.45)
46     | 2.6417     | 0.6001     | 0.9676       | 1.0739       | 0.9635     | 1.0419       | 1.2345   |           
47     | 2.6102     | 0.5783     | 0.9647       | 1.0673       | 0.9635     | 1.0466       | 1.3046   |           
48     | 2.6618     | 0.6018     | 0.9658       | 1.0943       | 0.9708     | 1.0077       | 1.2147   | (ADV 0.47)
49     | 2.6072     | 0.5968     | 0.9354       | 1.0750       | 0.9656     | 1.0355       | 1.3025   |           
50     | 2.6014     | 0.5840     | 0.9416       | 1.0759       | 0.9698     | 0.9830       | 1.3026   | (ADV 0.48)
51     | 2.6445     | 0.5929     | 0.9507       | 1.1010       | 0.9615     | 0.9419       | 1.2393   | (ADV 0.49)
52     | 2.6050     | 0.5761     | 0.9603       | 1.0686       | 0.9688     | 0.9608       | 1.3357   |           
53     | 2.6158     | 0.5916     | 0.9401       | 1.0841       | 0.9583     | 0.9530       | 1.2518   |           
54     | 2.6083     | 0.5829     | 0.9441       | 1.0813       | 0.9688     | 0.9571       | 1.2977   |           
55     | 2.6068     | 0.5875     | 0.9569       | 1.0624       | 0.9646     | 0.9433       | 1.2924   | (ADV 0.49)
56     | 2.6244     | 0.5785     | 0.9584       | 1.0875       | 0.9667     | 0.9239       | 1.2346   | (ADV 0.50)
57     | 2.5790     | 0.5495     | 0.9529       | 1.0765       | 0.9698     | 0.8868       | 1.2860   | (ADV 0.53)
58     | 2.6392     | 0.5639     | 0.9731       | 1.1022       | 0.9656     | 0.9132       | 1.2307   |           
59     | 2.6550     | 0.5801     | 0.9534       | 1.1215       | 0.9646     | 0.9387       | 1.2412   |           
60     | 2.6280     | 0.5429     | 0.9890       | 1.0961       | 0.9688     | 0.8724       | 1.2316   | (ADV 0.53)
61     | 2.6499     | 0.5697     | 0.9886       | 1.0917       | 0.9677     | 0.8860       | 1.2496   |           
62     | 2.6372     | 0.5589     | 0.9910       | 1.0873       | 0.9667     | 0.9215       | 1.3287   |           
63     | 2.6957     | 0.5925     | 1.0206       | 1.0826       | 0.9635     | 0.9194       | 1.2758   |           
64     | 2.6980     | 0.5679     | 1.0226       | 1.1074       | 0.9656     | 0.8874       | 1.2408   |           
65     | 2.7154     | 0.5757     | 1.0263       | 1.1134       | 0.9688     | 0.8502       | 1.2663   | (ADV 0.54)
66     | 2.6663     | 0.5347     | 1.0310       | 1.1007       | 0.9771     | 0.8884       | 1.2485   |           
67     | 2.7650     | 0.6020     | 1.0415       | 1.1214       | 0.9688     | 0.8349       | 1.3153   | (ADV 0.55)
68     | 2.8128     | 0.6318     | 1.0553       | 1.1257       | 0.9729     | 0.8592       | 1.3401   |           
69     | 2.7064     | 0.5848     | 1.0251       | 1.0965       | 0.9719     | 0.8484       | 1.3612   |           
70     | 2.7035     | 0.5628     | 1.0264       | 1.1143       | 0.9719     | 0.8347       | 1.2091   | (ADV 0.55)
71     | 2.6906     | 0.5573     | 1.0249       | 1.1084       | 0.9688     | 0.8277       | 1.2518   | (ADV 0.55)
72     | 2.6936     | 0.5792     | 1.0163       | 1.0982       | 0.9688     | 0.8367       | 1.3771   |           
73     | 2.7623     | 0.5903     | 1.0391       | 1.1329       | 0.9729     | 0.8586       | 1.3902   |           
74     | 2.7330     | 0.5887     | 1.0225       | 1.1218       | 0.9677     | 0.8057       | 1.3640   | (ADV 0.56)
75     | 2.7475     | 0.5875     | 1.0240       | 1.1360       | 0.9698     | 0.8211       | 1.4555   |           
76     | 2.7116     | 0.5654     | 1.0356       | 1.1106       | 0.9646     | 0.8108       | 1.3699   |           
77     | 2.6942     | 0.5552     | 1.0135       | 1.1255       | 0.9698     | 0.8410       | 1.2429   |           
78     | 2.6872     | 0.5221     | 1.0485       | 1.1166       | 0.9740     | 0.7947       | 1.3837   | (ADV 0.58)
79     | 2.7094     | 0.5317     | 1.0512       | 1.1265       | 0.9740     | 0.8480       | 1.3057   |           
80     | 2.7038     | 0.5503     | 1.0335       | 1.1200       | 0.9667     | 0.8499       | 1.1889   |           
81     | 2.7583     | 0.5656     | 1.0619       | 1.1308       | 0.9740     | 0.7919       | 1.2630   | (ADV 0.58)
82     | 2.7593     | 0.5832     | 1.0532       | 1.1229       | 0.9698     | 0.7938       | 1.5062   |           
83     | 2.7167     | 0.5486     | 1.0521       | 1.1161       | 0.9688     | 0.7894       | 1.2986   |           
84     | 2.7784     | 0.5875     | 1.0584       | 1.1324       | 0.9656     | 0.8073       | 1.3752   |           
85     | 2.7220     | 0.5373     | 1.0572       | 1.1274       | 0.9719     | 0.8200       | 1.2438   |           
86     | 2.7546     | 0.5710     | 1.0616       | 1.1220       | 0.9740     | 0.7928       | 1.3938   |           
87     | 2.7743     | 0.5875     | 1.0538       | 1.1330       | 0.9688     | 0.7558       | 1.4576   | (ADV 0.59)
88     | 2.7558     | 0.5521     | 1.0720       | 1.1317       | 0.9677     | 0.8345       | 1.2719   |           
89     | 2.8114     | 0.5877     | 1.0889       | 1.1348       | 0.9677     | 0.8046       | 1.2958   |           
90     | 2.7702     | 0.5662     | 1.0711       | 1.1329       | 0.9750     | 0.7881       | 1.3930   |           
91     | 2.8062     | 0.5736     | 1.0866       | 1.1461       | 0.9698     | 0.7887       | 1.2982   |           
92     | 2.7878     | 0.5614     | 1.0834       | 1.1430       | 0.9760     | 0.7555       | 1.3779   | (ADV 0.60)
93     | 2.7562     | 0.5319     | 1.0816       | 1.1427       | 0.9688     | 0.7434       | 1.4123   |           
94     | 2.7883     | 0.5697     | 1.0679       | 1.1508       | 0.9677     | 0.7617       | 1.4292   |           
95     | 2.7826     | 0.5440     | 1.0812       | 1.1574       | 0.9740     | 0.7678       | 1.4134   |           
96     | 2.7812     | 0.5540     | 1.0785       | 1.1487       | 0.9771     | 0.7461       | 1.4895   | (ADV 0.60)
97     | 2.8113     | 0.5698     | 1.0805       | 1.1609       | 0.9719     | 0.7951       | 1.4219   |           
98     | 2.8442     | 0.5737     | 1.0947       | 1.1758       | 0.9677     | 0.7661       | 1.3422   |           
99     | 2.8123     | 0.5668     | 1.0967       | 1.1488       | 0.9656     | 0.7793       | 1.2572   |           
100    | 2.8159     | 0.5525     | 1.1094       | 1.1540       | 0.9781     | 0.7429       | 1.3820   | (ADV 0.61)
101    | 2.8316     | 0.5509     | 1.1137       | 1.1670       | 0.9688     | 0.7009       | 1.4432   | (ADV 0.62)
102    | 2.8534     | 0.5657     | 1.1233       | 1.1644       | 0.9719     | 0.7287       | 1.3209   |           
103    | 2.8145     | 0.5567     | 1.1087       | 1.1491       | 0.9656     | 0.7347       | 1.3947   |           
104    | 2.8634     | 0.5713     | 1.1271       | 1.1651       | 0.9750     | 0.7304       | 1.5015   |           
105    | 2.8407     | 0.5674     | 1.1191       | 1.1541       | 0.9750     | 0.7468       | 1.4060   |           
106    | 2.8579     | 0.5772     | 1.1117       | 1.1690       | 0.9708     | 0.7243       | 1.3452   |           
107    | 2.7403     | 0.4876     | 1.1010       | 1.1518       | 0.9781     | 0.7086       | 1.4547   | (ADV 0.62)
108    | 2.8194     | 0.5464     | 1.1173       | 1.1556       | 0.9667     | 0.8060       | 1.4376   |           
109    | 2.8747     | 0.5819     | 1.1270       | 1.1658       | 0.9708     | 0.7832       | 1.3717   |           
110    | 2.8592     | 0.5603     | 1.1244       | 1.1745       | 0.9792     | 0.7298       | 1.4194   |           
111    | 2.8115     | 0.5312     | 1.1259       | 1.1544       | 0.9750     | 0.7213       | 1.3632   |           
112    | 2.8574     | 0.5504     | 1.1398       | 1.1672       | 0.9698     | 0.7357       | 1.4623   |           
113    | 2.9201     | 0.5968     | 1.1495       | 1.1738       | 0.9729     | 0.7251       | 1.3653   |           
114    | 2.8101     | 0.5261     | 1.1273       | 1.1567       | 0.9771     | 0.7035       | 1.4206   | (ADV 0.63)
115    | 2.8447     | 0.5480     | 1.1273       | 1.1694       | 0.9792     | 0.7307       | 1.3834   |           
116    | 2.8469     | 0.5266     | 1.1551       | 1.1652       | 0.9698     | 0.7272       | 1.4070   |           
117    | 2.8292     | 0.5429     | 1.1305       | 1.1558       | 0.9781     | 0.6938       | 1.4443   | (ADV 0.63)
118    | 2.8515     | 0.5544     | 1.1320       | 1.1651       | 0.9667     | 0.6838       | 1.4154   |           
119    | 2.8859     | 0.5852     | 1.1332       | 1.1676       | 0.9750     | 0.7226       | 1.3969   |           
120    | 2.8426     | 0.5424     | 1.1303       | 1.1699       | 0.9625     | 0.6677       | 1.3663   |           
121    | 2.8296     | 0.5364     | 1.1242       | 1.1691       | 0.9771     | 0.7330       | 1.4107   |           
122    | 2.8813     | 0.5633     | 1.1402       | 1.1779       | 0.9740     | 0.7025       | 1.4544   |           
123    | 2.8940     | 0.5726     | 1.1425       | 1.1789       | 0.9594     | 0.7503       | 1.3667   |           
124    | 2.8462     | 0.5556     | 1.1279       | 1.1627       | 0.9667     | 0.7388       | 1.3006   |           
125    | 2.8497     | 0.5410     | 1.1367       | 1.1721       | 0.9677     | 0.7400       | 1.4726   |           
126    | 2.8389     | 0.5440     | 1.1323       | 1.1625       | 0.9677     | 0.7228       | 1.3330   |           
127    | 2.8275     | 0.5139     | 1.1411       | 1.1725       | 0.9750     | 0.7154       | 1.3786   |           
128    | 2.8552     | 0.5280     | 1.1468       | 1.1805       | 0.9542     | 0.7289       | 1.3385   |           
129    | 2.9376     | 0.6056     | 1.1466       | 1.1855       | 0.9771     | 0.6844       | 1.3025   | (ADV 0.63)
130    | 2.8879     | 0.5522     | 1.1546       | 1.1811       | 0.9750     | 0.6968       | 1.3057   |           
131    | 2.8997     | 0.5715     | 1.1471       | 1.1811       | 0.9719     | 0.7064       | 1.3712   |           
132    | 2.8287     | 0.5087     | 1.1244       | 1.1956       | 0.9667     | 0.6617       | 1.4138   | (ADV 0.64)
133    | 2.8757     | 0.5233     | 1.1537       | 1.1988       | 0.9688     | 0.7159       | 1.2497   |           
134    | 2.9001     | 0.5545     | 1.1549       | 1.1906       | 0.9781     | 0.7128       | 1.2761   |           
135    | 2.9129     | 0.5584     | 1.1582       | 1.1964       | 0.9635     | 0.6989       | 1.3474   |           
136    | 2.9313     | 0.5702     | 1.1615       | 1.1996       | 0.9698     | 0.6756       | 1.3358   |           
137    | 2.9096     | 0.5665     | 1.1628       | 1.1803       | 0.9646     | 0.6676       | 1.3849   |           
138    | 2.9061     | 0.5616     | 1.1527       | 1.1917       | 0.9708     | 0.6719       | 1.4141   |           
139    | 2.9201     | 0.5506     | 1.1626       | 1.2069       | 0.9740     | 0.6608       | 1.3721   | (ADV 0.64)
140    | 2.9003     | 0.5776     | 1.1502       | 1.1725       | 0.9771     | 0.7120       | 1.4200   |           
141    | 2.8063     | 0.5137     | 1.1307       | 1.1619       | 0.9667     | 0.6741       | 1.3566   |           
142    | 2.8852     | 0.5484     | 1.1642       | 1.1725       | 0.9708     | 0.6635       | 1.4402   |           
143    | 2.8962     | 0.5619     | 1.1589       | 1.1754       | 0.9719     | 0.6802       | 1.4429   |           
144    | 2.8658     | 0.5240     | 1.1527       | 1.1892       | 0.9688     | 0.6649       | 1.3272   |           
145    | 2.8506     | 0.5115     | 1.1616       | 1.1775       | 0.9719     | 0.6445       | 1.3651   | (ADV 0.65)
146    | 2.8879     | 0.5280     | 1.1753       | 1.1846       | 0.9635     | 0.6360       | 1.4157   |           
147    | 2.9026     | 0.5469     | 1.1618       | 1.1939       | 0.9615     | 0.6506       | 1.4084   |           
148    | 2.9460     | 0.5730     | 1.1731       | 1.1998       | 0.9698     | 0.6341       | 1.4836   | (ADV 0.65)
149    | 2.8571     | 0.5102     | 1.1608       | 1.1862       | 0.9719     | 0.6605       | 1.3509   |           
150    | 2.8483     | 0.5135     | 1.1525       | 1.1823       | 0.9729     | 0.6428       | 1.3619   |           
151    | 2.8896     | 0.5346     | 1.1655       | 1.1895       | 0.9656     | 0.6700       | 1.3940   |           
152    | 2.8680     | 0.5245     | 1.1522       | 1.1913       | 0.9750     | 0.6065       | 1.3877   | (ADV 0.67)
153    | 2.8842     | 0.5553     | 1.1501       | 1.1788       | 0.9729     | 0.6114       | 1.3219   |           
154    | 2.8962     | 0.5486     | 1.1489       | 1.1987       | 0.9698     | 0.6085       | 1.4368   |           
155    | 2.8524     | 0.5167     | 1.1451       | 1.1906       | 0.9656     | 0.6741       | 1.4118   |           
156    | 2.9111     | 0.5461     | 1.1637       | 1.2014       | 0.9635     | 0.6450       | 1.3852   |           
157    | 2.8599     | 0.5057     | 1.1692       | 1.1849       | 0.9698     | 0.5982       | 1.3517   |           
158    | 2.9304     | 0.5444     | 1.1753       | 1.2107       | 0.9646     | 0.6465       | 1.4217   |           
159    | 2.9017     | 0.5284     | 1.1647       | 1.2087       | 0.9688     | 0.6418       | 1.3500   |           
160    | 2.9289     | 0.5431     | 1.1611       | 1.2247       | 0.9688     | 0.6411       | 1.4062   |           
161    | 2.8704     | 0.5088     | 1.1675       | 1.1941       | 0.9688     | 0.6172       | 1.3772   |           
162    | 2.9103     | 0.5348     | 1.1798       | 1.1958       | 0.9667     | 0.5831       | 1.3892   | (ADV 0.68)
163    | 2.9350     | 0.5444     | 1.1858       | 1.2049       | 0.9698     | 0.6215       | 1.4222   |           
164    | 2.9519     | 0.5692     | 1.1597       | 1.2230       | 0.9677     | 0.5608       | 1.4170   | (ADV 0.69)
165    | 2.9233     | 0.5426     | 1.1726       | 1.2082       | 0.9760     | 0.6385       | 1.3283   |           
166    | 2.9362     | 0.5598     | 1.1710       | 1.2054       | 0.9719     | 0.6386       | 1.4340   |           
167    | 2.8388     | 0.4941     | 1.1625       | 1.1821       | 0.9646     | 0.6011       | 1.4830   |           
168    | 2.9057     | 0.5307     | 1.1765       | 1.1986       | 0.9750     | 0.6529       | 1.4430   |           
169    | 2.8649     | 0.5062     | 1.1520       | 1.2067       | 0.9656     | 0.6294       | 1.4425   |           
170    | 2.8843     | 0.5127     | 1.1636       | 1.2080       | 0.9688     | 0.6081       | 1.4341   |           
171    | 2.8689     | 0.5020     | 1.1711       | 1.1958       | 0.9688     | 0.6243       | 1.5146   |           
172    | 2.9191     | 0.5480     | 1.1650       | 1.2061       | 0.9604     | 0.6177       | 1.3688   |           
173    | 2.9225     | 0.5418     | 1.1714       | 1.2094       | 0.9708     | 0.5916       | 1.4032   |           
174    | 2.8984     | 0.5000     | 1.1769       | 1.2215       | 0.9688     | 0.6175       | 1.4227   |           
175    | 2.8860     | 0.5080     | 1.1767       | 1.2012       | 0.9688     | 0.6023       | 1.3976   |           
176    | 2.9031     | 0.5051     | 1.1857       | 1.2123       | 0.9604     | 0.6239       | 1.4806   |           
177    | 2.8708     | 0.5127     | 1.1746       | 1.1834       | 0.9729     | 0.6042       | 1.3812   |           
178    | 2.8833     | 0.4995     | 1.1859       | 1.1979       | 0.9615     | 0.5907       | 1.4379   |           
179    | 2.9136     | 0.5222     | 1.1966       | 1.1948       | 0.9677     | 0.6044       | 1.4463   |           
180    | 2.9075     | 0.5341     | 1.1816       | 1.1918       | 0.9750     | 0.6344       | 1.4561   |           
181    | 2.8725     | 0.5119     | 1.1621       | 1.1985       | 0.9719     | 0.6067       | 1.4618   |           
182    | 2.9214     | 0.5288     | 1.1861       | 1.2065       | 0.9740     | 0.6250       | 1.4470   |           
183    | 2.8983     | 0.5430     | 1.1724       | 1.1829       | 0.9729     | 0.5929       | 1.5001   |           
184    | 2.9513     | 0.5669     | 1.1805       | 1.2040       | 0.9688     | 0.6202       | 1.5084   |           
185    | 2.9030     | 0.5108     | 1.1851       | 1.2071       | 0.9729     | 0.5935       | 1.3340   |           
186    | 2.9479     | 0.5572     | 1.1852       | 1.2055       | 0.9750     | 0.6014       | 1.3880   |           
187    | 2.8521     | 0.4924     | 1.1550       | 1.2047       | 0.9625     | 0.6206       | 1.4071   |           
188    | 2.8824     | 0.5182     | 1.1573       | 1.2069       | 0.9729     | 0.5960       | 1.4804   |           
189    | 2.9173     | 0.5079     | 1.1834       | 1.2260       | 0.9740     | 0.6272       | 1.3755   |           
190    | 2.9206     | 0.5406     | 1.1801       | 1.1998       | 0.9771     | 0.6412       | 1.3960   |           
191    | 2.9013     | 0.5029     | 1.1859       | 1.2124       | 0.9708     | 0.6086       | 1.2979   |           
192    | 2.9007     | 0.5078     | 1.1871       | 1.2059       | 0.9740     | 0.5902       | 1.4327   |           
193    | 2.9080     | 0.5058     | 1.1986       | 1.2036       | 0.9708     | 0.6035       | 1.3340   |           
194    | 2.9444     | 0.5407     | 1.1944       | 1.2093       | 0.9698     | 0.6237       | 1.3208   |           
195    | 3.0251     | 0.6104     | 1.2070       | 1.2077       | 0.9771     | 0.6023       | 1.3051   |           
196    | 2.9520     | 0.5408     | 1.1875       | 1.2237       | 0.9677     | 0.6029       | 1.4008   |           
197    | 2.9182     | 0.5163     | 1.1945       | 1.2074       | 0.9677     | 0.6260       | 1.3911   |           
198    | 2.9527     | 0.5367     | 1.2051       | 1.2109       | 0.9719     | 0.5862       | 1.4109   |           
199    | 2.9096     | 0.4851     | 1.2226       | 1.2018       | 0.9688     | 0.6251       | 1.4066   |           
200    | 2.9522     | 0.5287     | 1.1912       | 1.2323       | 0.9656     | 0.6130       | 1.3210   |           
201    | 2.9728     | 0.5403     | 1.2067       | 1.2257       | 0.9729     | 0.6166       | 1.3315   |           
202    | 2.9336     | 0.5143     | 1.1902       | 1.2291       | 0.9698     | 0.5843       | 1.3361   |           
203    | 2.9885     | 0.5324     | 1.1991       | 1.2569       | 0.9698     | 0.6064       | 1.3946   |           
204    | 2.9756     | 0.5390     | 1.2012       | 1.2354       | 0.9677     | 0.6181       | 1.3625   |           
205    | 2.9732     | 0.5255     | 1.1999       | 1.2479       | 0.9615     | 0.5940       | 1.2988   |           
206    | 2.9650     | 0.5400     | 1.1965       | 1.2285       | 0.9698     | 0.5835       | 1.3654   |           
207    | 2.9286     | 0.4960     | 1.2117       | 1.2209       | 0.9656     | 0.5895       | 1.3454   |           
208    | 2.9175     | 0.5091     | 1.1900       | 1.2184       | 0.9667     | 0.6458       | 1.3744   |           
209    | 2.9628     | 0.5401     | 1.2044       | 1.2183       | 0.9719     | 0.6353       | 1.4037   |           
210    | 2.8918     | 0.4774     | 1.1868       | 1.2276       | 0.9677     | 0.5895       | 1.4291   |           
211    | 2.9482     | 0.5232     | 1.1987       | 1.2263       | 0.9708     | 0.6223       | 1.3701   |           
212    | 2.9586     | 0.5400     | 1.2027       | 1.2159       | 0.9698     | 0.5957       | 1.3848   |           
213    | 2.8905     | 0.4667     | 1.2051       | 1.2187       | 0.9698     | 0.5718       | 1.4209   |           
214    | 2.9307     | 0.5130     | 1.1895       | 1.2282       | 0.9688     | 0.5919       | 1.4533   |           
215    | 2.8978     | 0.4794     | 1.1938       | 1.2247       | 0.9688     | 0.5991       | 1.4510   |           
216    | 2.9327     | 0.5246     | 1.2049       | 1.2033       | 0.9740     | 0.5492       | 1.4465   | (ADV 0.70)
217    | 2.9224     | 0.5104     | 1.2030       | 1.2090       | 0.9677     | 0.5811       | 1.3443   |           
218    | 2.9483     | 0.5182     | 1.2135       | 1.2166       | 0.9625     | 0.5386       | 1.4098   |           
219    | 2.9391     | 0.5142     | 1.2180       | 1.2069       | 0.9708     | 0.5612       | 1.4269   |           
220    | 2.9579     | 0.5245     | 1.2156       | 1.2177       | 0.9740     | 0.5215       | 1.4843   | (ADV 0.71)
221    | 2.9032     | 0.5099     | 1.1903       | 1.2030       | 0.9688     | 0.5554       | 1.4283   |           
222    | 2.9114     | 0.4923     | 1.2053       | 1.2137       | 0.9583     | 0.6003       | 1.3489   |           
223    | 2.8886     | 0.4711     | 1.2154       | 1.2021       | 0.9688     | 0.5871       | 1.4023   |           
224    | 2.8941     | 0.4890     | 1.1967       | 1.2085       | 0.9708     | 0.5548       | 1.3952   |           
225    | 2.9034     | 0.4829     | 1.2067       | 1.2138       | 0.9646     | 0.5903       | 1.4021   |           
226    | 2.9710     | 0.5255     | 1.2085       | 1.2370       | 0.9698     | 0.5883       | 1.3754   |           
227    | 2.9453     | 0.4984     | 1.2110       | 1.2360       | 0.9667     | 0.6070       | 1.3510   |           
228    | 2.9214     | 0.5018     | 1.2127       | 1.2069       | 0.9740     | 0.5979       | 1.3231   |           
229    | 2.9508     | 0.5301     | 1.1988       | 1.2220       | 0.9740     | 0.6006       | 1.2682   |           
230    | 2.9431     | 0.5173     | 1.2040       | 1.2219       | 0.9740     | 0.5799       | 1.2637   |           
231    | 2.9211     | 0.5043     | 1.1969       | 1.2199       | 0.9729     | 0.5641       | 1.3263   |           
232    | 2.8909     | 0.4555     | 1.2019       | 1.2334       | 0.9781     | 0.5669       | 1.3894   |           
233    | 2.9474     | 0.5159     | 1.2131       | 1.2184       | 0.9698     | 0.5928       | 1.3613   |           
234    | 2.9509     | 0.5272     | 1.2114       | 1.2123       | 0.9708     | 0.5390       | 1.3582   |           
235    | 2.8974     | 0.4825     | 1.1912       | 1.2238       | 0.9740     | 0.5395       | 1.3376   |           
236    | 2.9022     | 0.4781     | 1.2035       | 1.2206       | 0.9740     | 0.5968       | 1.3457   |           
237    | 2.8872     | 0.4728     | 1.1959       | 1.2184       | 0.9771     | 0.5905       | 1.3621   |           
238    | 2.9988     | 0.5679     | 1.2103       | 1.2206       | 0.9740     | 0.5630       | 1.3502   |           
239    | 2.9903     | 0.5322     | 1.2266       | 1.2316       | 0.9719     | 0.5912       | 1.3460   |           
240    | 2.9306     | 0.4906     | 1.2031       | 1.2368       | 0.9792     | 0.6130       | 1.4248   |           
241    | 2.9373     | 0.4909     | 1.2169       | 1.2295       | 0.9740     | 0.5928       | 1.3399   |           
242    | 2.9136     | 0.4985     | 1.2038       | 1.2112       | 0.9719     | 0.5950       | 1.3597   |           
243    | 2.9411     | 0.5002     | 1.1999       | 1.2411       | 0.9729     | 0.5647       | 1.3835   |           
244    | 2.9398     | 0.5049     | 1.2182       | 1.2167       | 0.9604     | 0.5703       | 1.3799   |           
245    | 2.9123     | 0.4860     | 1.2083       | 1.2180       | 0.9667     | 0.5638       | 1.3713   |           
246    | 2.9041     | 0.4645     | 1.2228       | 1.2169       | 0.9740     | 0.5876       | 1.3813   |           
247    | 2.9549     | 0.5160     | 1.2111       | 1.2278       | 0.9750     | 0.5732       | 1.4468   |           
248    | 2.9754     | 0.5293     | 1.2198       | 1.2263       | 0.9646     | 0.5532       | 1.3722   |           
249    | 2.9622     | 0.5066     | 1.2213       | 1.2343       | 0.9729     | 0.5536       | 1.3378   |           
250    | 2.9290     | 0.4983     | 1.2106       | 1.2201       | 0.9740     | 0.5682       | 1.3938   |           
251    | 2.9760     | 0.5214     | 1.2222       | 1.2324       | 0.9677     | 0.5689       | 1.3627   |           
252    | 2.9846     | 0.5251     | 1.2204       | 1.2391       | 0.9635     | 0.5162       | 1.3773   |           
253    | 2.9114     | 0.4681     | 1.2077       | 1.2355       | 0.9604     | 0.5303       | 1.3394   |           
254    | 2.9479     | 0.4948     | 1.2164       | 1.2368       | 0.9781     | 0.5825       | 1.4206   |           
255    | 2.9609     | 0.5071     | 1.2240       | 1.2298       | 0.9760     | 0.6002       | 1.3466   |           
256    | 2.9343     | 0.4873     | 1.2125       | 1.2346       | 0.9698     | 0.5856       | 1.4116   |           
257    | 2.9530     | 0.5046     | 1.2038       | 1.2446       | 0.9698     | 0.5867       | 1.3760   |           
258    | 2.9185     | 0.4725     | 1.2209       | 1.2251       | 0.9656     | 0.6163       | 1.4459   |           
259    | 3.0182     | 0.5458     | 1.2185       | 1.2539       | 0.9667     | 0.6286       | 1.3928   |           
260    | 2.9444     | 0.4994     | 1.2097       | 1.2352       | 0.9729     | 0.6219       | 1.3941   |           
261    | 2.9439     | 0.4871     | 1.2143       | 1.2425       | 0.9740     | 0.5432       | 1.3980   |           
262    | 2.9734     | 0.4947     | 1.2275       | 1.2512       | 0.9656     | 0.5652       | 1.4189   |           
263    | 2.9250     | 0.4733     | 1.2216       | 1.2301       | 0.9740     | 0.5520       | 1.3908   |           
264    | 2.8963     | 0.4562     | 1.2110       | 1.2291       | 0.9635     | 0.5952       | 1.4613   |           
265    | 2.9989     | 0.5219     | 1.2352       | 1.2419       | 0.9729     | 0.6035       | 1.3712   |           
266    | 3.0042     | 0.5179     | 1.2381       | 1.2482       | 0.9740     | 0.6121       | 1.4312   |           
267    | 3.0023     | 0.5311     | 1.2290       | 1.2423       | 0.9656     | 0.5596       | 1.3159   |           
268    | 2.9975     | 0.5310     | 1.2279       | 1.2386       | 0.9635     | 0.6249       | 1.3906   |           
269    | 2.9495     | 0.4899     | 1.2241       | 1.2356       | 0.9771     | 0.5850       | 1.4266   |           
270    | 2.9290     | 0.4753     | 1.2227       | 1.2310       | 0.9646     | 0.5855       | 1.3796   |           
271    | 2.9195     | 0.4603     | 1.2108       | 1.2485       | 0.9698     | 0.6145       | 1.4933   |           
272    | 2.9869     | 0.5223     | 1.2127       | 1.2518       | 0.9740     | 0.5448       | 1.4257   |           
273    | 2.9250     | 0.4735     | 1.2057       | 1.2458       | 0.9708     | 0.5835       | 1.3326   |           
274    | 2.9770     | 0.5169     | 1.2254       | 1.2347       | 0.9677     | 0.5925       | 1.3353   |           
275    | 2.9707     | 0.5032     | 1.2219       | 1.2456       | 0.9698     | 0.5597       | 1.2705   |           
276    | 2.9460     | 0.4828     | 1.2218       | 1.2414       | 0.9750     | 0.5227       | 1.4248   | (ADV 0.71)
277    | 2.9257     | 0.4648     | 1.2206       | 1.2402       | 0.9771     | 0.5499       | 1.3558   |           
278    | 2.9684     | 0.4868     | 1.2262       | 1.2553       | 0.9677     | 0.5540       | 1.4340   |           
279    | 2.9458     | 0.4854     | 1.2204       | 1.2400       | 0.9760     | 0.5651       | 1.4060   |           
280    | 2.9313     | 0.4683     | 1.2271       | 1.2358       | 0.9729     | 0.5640       | 1.3839   |           
281    | 2.9690     | 0.4779     | 1.2454       | 1.2457       | 0.9750     | 0.5662       | 1.3722   |           
282    | 2.9483     | 0.4626     | 1.2299       | 1.2558       | 0.9635     | 0.5610       | 1.4194   |           
283    | 2.9496     | 0.4805     | 1.2298       | 1.2394       | 0.9781     | 0.5862       | 1.4002   |           
284    | 2.9559     | 0.4746     | 1.2280       | 1.2534       | 0.9719     | 0.5690       | 1.4037   |           
285    | 2.9243     | 0.4509     | 1.2285       | 1.2449       | 0.9719     | 0.5572       | 1.3865   |           
286    | 2.8800     | 0.4239     | 1.2342       | 1.2219       | 0.9708     | 0.5655       | 1.3106   |           
287    | 2.9481     | 0.4653     | 1.2372       | 1.2456       | 0.9698     | 0.5903       | 1.3321   |           
288    | 2.9276     | 0.4682     | 1.2303       | 1.2291       | 0.9719     | 0.5337       | 1.3887   |           
289    | 2.9137     | 0.4591     | 1.2304       | 1.2242       | 0.9656     | 0.5203       | 1.3996   |           
290    | 2.9911     | 0.5099     | 1.2494       | 1.2318       | 0.9708     | 0.4955       | 1.3898   | (ADV 0.72)
291    | 2.9683     | 0.5069     | 1.2328       | 1.2286       | 0.9688     | 0.5788       | 1.4214   |           
292    | 2.9771     | 0.4840     | 1.2552       | 1.2379       | 0.9698     | 0.5136       | 1.3648   |           
293    | 2.9463     | 0.4627     | 1.2536       | 1.2300       | 0.9656     | 0.5098       | 1.4125   |           
294    | 2.9505     | 0.4788     | 1.2438       | 1.2279       | 0.9719     | 0.5379       | 1.3602   |           
295    | 2.9558     | 0.4821     | 1.2389       | 1.2348       | 0.9656     | 0.5031       | 1.3488   |           
296    | 3.0207     | 0.5472     | 1.2338       | 1.2397       | 0.9740     | 0.4806       | 1.4090   | (ADV 0.73)
297    | 2.9189     | 0.4569     | 1.2255       | 1.2365       | 0.9750     | 0.4631       | 1.3675   | (ADV 0.74)
298    | 2.9089     | 0.4458     | 1.2357       | 1.2275       | 0.9729     | 0.4936       | 1.3649   |           
299    | 2.9715     | 0.5026     | 1.2349       | 1.2340       | 0.9719     | 0.4686       | 1.4085   |           
300    | 2.9742     | 0.5022     | 1.2312       | 1.2408       | 0.9625     | 0.5103       | 1.3306   |           
301    | 2.9450     | 0.4628     | 1.2306       | 1.2516       | 0.9708     | 0.4556       | 1.3447   |           
302    | 3.0035     | 0.5091     | 1.2327       | 1.2616       | 0.9698     | 0.5335       | 1.3702   |           
303    | 3.0180     | 0.5125     | 1.2381       | 1.2675       | 0.9667     | 0.5214       | 1.4004   |           
304    | 2.9923     | 0.5032     | 1.2256       | 1.2634       | 0.9646     | 0.5167       | 1.3286   |           
305    | 3.0190     | 0.5255     | 1.2399       | 1.2535       | 0.9625     | 0.5251       | 1.3463   |           
306    | 3.0006     | 0.4850     | 1.2408       | 1.2747       | 0.9740     | 0.5543       | 1.3945   |           
307    | 3.0210     | 0.5015     | 1.2441       | 1.2754       | 0.9708     | 0.5771       | 1.3931   |           
308    | 3.0564     | 0.5336     | 1.2424       | 1.2803       | 0.9750     | 0.5665       | 1.3895   |           
309    | 2.9801     | 0.4739     | 1.2481       | 1.2581       | 0.9771     | 0.5826       | 1.3109   |           
310    | 2.9627     | 0.4632     | 1.2482       | 1.2513       | 0.9708     | 0.5426       | 1.3324   |           
311    | 3.0206     | 0.5209     | 1.2499       | 1.2498       | 0.9698     | 0.5944       | 1.3651   |           
312    | 3.0260     | 0.5136     | 1.2565       | 1.2560       | 0.9677     | 0.5643       | 1.3589   |           
313    | 2.9609     | 0.4712     | 1.2408       | 1.2489       | 0.9594     | 0.5772       | 1.2728   |           
314    | 2.9257     | 0.4316     | 1.2431       | 1.2510       | 0.9646     | 0.5723       | 1.3728   |           
315    | 3.0417     | 0.5133     | 1.2543       | 1.2741       | 0.9750     | 0.5757       | 1.3472   |           
316    | 2.9837     | 0.4709     | 1.2497       | 1.2631       | 0.9750     | 0.5323       | 1.3620   |           
317    | 2.9476     | 0.4653     | 1.2307       | 1.2516       | 0.9698     | 0.5661       | 1.3918   |           
318    | 2.9585     | 0.4509     | 1.2505       | 1.2571       | 0.9729     | 0.5442       | 1.3316   |           
319    | 2.9523     | 0.4566     | 1.2412       | 1.2545       | 0.9719     | 0.5247       | 1.3679   |           
320    | 3.0204     | 0.5180     | 1.2408       | 1.2616       | 0.9688     | 0.5573       | 1.3785   |           
321    | 3.0165     | 0.5112     | 1.2554       | 1.2498       | 0.9740     | 0.5729       | 1.3519   |           
322    | 2.9566     | 0.4668     | 1.2494       | 1.2404       | 0.9750     | 0.5565       | 1.3483   |           
323    | 2.9591     | 0.4667     | 1.2509       | 1.2415       | 0.9740     | 0.5364       | 1.3952   |           
324    | 2.9610     | 0.4726     | 1.2407       | 1.2477       | 0.9719     | 0.5387       | 1.4001   |           
325    | 2.9612     | 0.4818     | 1.2335       | 1.2459       | 0.9729     | 0.5851       | 1.3607   |           
326    | 2.9605     | 0.4739     | 1.2358       | 1.2508       | 0.9688     | 0.5793       | 1.4537   |           
327    | 2.9631     | 0.4726     | 1.2334       | 1.2571       | 0.9750     | 0.5498       | 1.3961   |           
328    | 2.9769     | 0.4831     | 1.2433       | 1.2505       | 0.9729     | 0.5485       | 1.3891   |           
329    | 2.9871     | 0.4849     | 1.2438       | 1.2585       | 0.9719     | 0.5557       | 1.3770   |           
330    | 2.9966     | 0.4910     | 1.2518       | 1.2538       | 0.9740     | 0.5453       | 1.4278   |           
331    | 3.0184     | 0.4936     | 1.2558       | 1.2690       | 0.9708     | 0.5392       | 1.3556   |           
332    | 2.9826     | 0.4586     | 1.2616       | 1.2624       | 0.9708     | 0.5372       | 1.3438   |           
333    | 3.0264     | 0.5030     | 1.2600       | 1.2634       | 0.9656     | 0.5507       | 1.4064   |           
334    | 3.0056     | 0.5085     | 1.2488       | 1.2483       | 0.9708     | 0.5480       | 1.3510   |           
335    | 2.9870     | 0.4711     | 1.2570       | 1.2590       | 0.9719     | 0.5492       | 1.4114   |           
336    | 3.0006     | 0.4912     | 1.2512       | 1.2582       | 0.9698     | 0.5674       | 1.3066   |           
337    | 3.0347     | 0.5065     | 1.2640       | 1.2642       | 0.9688     | 0.5962       | 1.3756   |           
338    | 2.9861     | 0.4643     | 1.2612       | 1.2605       | 0.9750     | 0.5332       | 1.2625   |           
339    | 3.0083     | 0.5005     | 1.2512       | 1.2566       | 0.9667     | 0.5259       | 1.3068   |           
340    | 3.0295     | 0.5087     | 1.2716       | 1.2492       | 0.9781     | 0.5348       | 1.3524   |           
341    | 2.9869     | 0.4855     | 1.2561       | 1.2453       | 0.9708     | 0.4954       | 1.3776   |           
342    | 2.9275     | 0.4289     | 1.2513       | 1.2473       | 0.9729     | 0.5381       | 1.3175   |           
343    | 2.9802     | 0.4732     | 1.2448       | 1.2621       | 0.9708     | 0.5527       | 1.3491   |           
344    | 2.9829     | 0.4573     | 1.2548       | 1.2708       | 0.9719     | 0.5645       | 1.4436   |           
345    | 3.0177     | 0.4998     | 1.2421       | 1.2758       | 0.9635     | 0.5836       | 1.3479   |           
346    | 3.0390     | 0.5061     | 1.2454       | 1.2875       | 0.9729     | 0.5273       | 1.2770   |           
347    | 3.0258     | 0.4854     | 1.2624       | 1.2779       | 0.9656     | 0.5635       | 1.3073   |           
348    | 3.0527     | 0.4930     | 1.2725       | 1.2872       | 0.9740     | 0.5406       | 1.3241   |           
349    | 3.0149     | 0.4743     | 1.2559       | 1.2846       | 0.9688     | 0.5320       | 1.3168   |           
350    | 2.9873     | 0.4510     | 1.2540       | 1.2823       | 0.9646     | 0.5426       | 1.2782   |           
351    | 3.0030     | 0.4700     | 1.2568       | 1.2761       | 0.9729     | 0.5378       | 1.2393   |           
352    | 2.9554     | 0.4396     | 1.2444       | 1.2714       | 0.9781     | 0.5659       | 1.3375   |           
353    | 2.9925     | 0.4725     | 1.2556       | 1.2643       | 0.9656     | 0.5338       | 1.3111   |           
354    | 2.9939     | 0.4712     | 1.2455       | 1.2773       | 0.9760     | 0.5701       | 1.2819   |           
355    | 3.0097     | 0.4784     | 1.2571       | 1.2742       | 0.9771     | 0.5387       | 1.3360   |           
356    | 3.0076     | 0.4733     | 1.2578       | 1.2765       | 0.9677     | 0.5608       | 1.3549   |           
357    | 3.0151     | 0.4649     | 1.2695       | 1.2807       | 0.9646     | 0.5574       | 1.3304   |           
358    | 3.0747     | 0.5163     | 1.2754       | 1.2830       | 0.9688     | 0.5929       | 1.3196   |           
359    | 3.0087     | 0.4697     | 1.2628       | 1.2762       | 0.9781     | 0.5847       | 1.3702   |           
360    | 3.0182     | 0.4654     | 1.2822       | 1.2707       | 0.9698     | 0.5533       | 1.3592   |           
361    | 3.0358     | 0.4957     | 1.2709       | 1.2692       | 0.9750     | 0.5161       | 1.3361   |           
362    | 3.0471     | 0.4974     | 1.2784       | 1.2713       | 0.9667     | 0.5610       | 1.3066   |           
363    | 2.9625     | 0.4425     | 1.2644       | 1.2557       | 0.9750     | 0.5150       | 1.2847   |           
364    | 3.0229     | 0.4628     | 1.2842       | 1.2759       | 0.9729     | 0.5358       | 1.3288   |           
365    | 3.0285     | 0.4637     | 1.2885       | 1.2763       | 0.9750     | 0.5546       | 1.3405   |           
366    | 3.0396     | 0.4891     | 1.2809       | 1.2696       | 0.9740     | 0.5326       | 1.3314   |           
367    | 2.9805     | 0.4533     | 1.2644       | 1.2627       | 0.9771     | 0.5175       | 1.3366   |           
368    | 2.9906     | 0.4448     | 1.2702       | 1.2756       | 0.9771     | 0.4881       | 1.3611   |           
369    | 3.0064     | 0.4708     | 1.2736       | 1.2620       | 0.9740     | 0.5371       | 1.3509   |           
370    | 2.9789     | 0.4407     | 1.2741       | 1.2641       | 0.9771     | 0.4893       | 1.3553   |           
371    | 2.9962     | 0.4585     | 1.2713       | 1.2664       | 0.9750     | 0.4665       | 1.3956   |           
372    | 2.9765     | 0.4371     | 1.2711       | 1.2683       | 0.9656     | 0.5334       | 1.3045   |           
373    | 2.9931     | 0.4414     | 1.2818       | 1.2699       | 0.9708     | 0.5686       | 1.2774   |           
374    | 2.9859     | 0.4461     | 1.2745       | 1.2654       | 0.9771     | 0.5338       | 1.3739   |           
375    | 3.0245     | 0.4718     | 1.2799       | 1.2729       | 0.9771     | 0.4938       | 1.2948   |           
376    | 3.0066     | 0.4572     | 1.2691       | 1.2804       | 0.9729     | 0.4862       | 1.3183   |           
377    | 3.0102     | 0.4562     | 1.2707       | 1.2833       | 0.9729     | 0.5533       | 1.3536   |           
378    | 2.9922     | 0.4411     | 1.2761       | 1.2750       | 0.9719     | 0.5454       | 1.3475   |           
379    | 3.0348     | 0.4784     | 1.2746       | 1.2818       | 0.9750     | 0.5034       | 1.3091   |           
380    | 2.9724     | 0.4301     | 1.2659       | 1.2763       | 0.9792     | 0.5309       | 1.3621   |           
381    | 2.9845     | 0.4376     | 1.2705       | 1.2764       | 0.9740     | 0.5395       | 1.3290   |           
382    | 3.0756     | 0.5057     | 1.2787       | 1.2912       | 0.9667     | 0.5271       | 1.3174   |           
383    | 2.9905     | 0.4415     | 1.2726       | 1.2764       | 0.9740     | 0.5027       | 1.2891   |           
384    | 3.0195     | 0.4563     | 1.2815       | 1.2817       | 0.9740     | 0.4961       | 1.2951   |           
385    | 3.0172     | 0.4634     | 1.2733       | 1.2805       | 0.9802     | 0.5273       | 1.2491   |           
386    | 3.0192     | 0.4551     | 1.2724       | 1.2917       | 0.9781     | 0.5389       | 1.2968   |           
387    | 2.9987     | 0.4474     | 1.2693       | 1.2820       | 0.9625     | 0.5149       | 1.3464   |           
388    | 3.0051     | 0.4334     | 1.2820       | 1.2898       | 0.9719     | 0.5443       | 1.3419   |           
389    | 3.0438     | 0.4695     | 1.2856       | 1.2887       | 0.9646     | 0.5029       | 1.3311   |           
390    | 3.0670     | 0.4924     | 1.2849       | 1.2897       | 0.9729     | 0.5079       | 1.3598   |           
391    | 3.0477     | 0.4882     | 1.2684       | 1.2911       | 0.9719     | 0.4933       | 1.3647   |           
392    | 3.0425     | 0.4722     | 1.2784       | 1.2920       | 0.9740     | 0.4614       | 1.3329   |           
393    | 3.0224     | 0.4605     | 1.2752       | 1.2866       | 0.9688     | 0.5017       | 1.3564   |           
394    | 3.0224     | 0.4549     | 1.2732       | 1.2943       | 0.9677     | 0.4950       | 1.3908   |           
395    | 3.0188     | 0.4616     | 1.2715       | 1.2857       | 0.9781     | 0.5294       | 1.4119   |           
396    | 3.0520     | 0.4802     | 1.2801       | 1.2917       | 0.9792     | 0.5582       | 1.3085   |           
397    | 3.0234     | 0.4500     | 1.2797       | 1.2936       | 0.9781     | 0.5059       | 1.3244   |           
398    | 3.0207     | 0.4464     | 1.2840       | 1.2903       | 0.9740     | 0.5051       | 1.3363   |           
399    | 3.0454     | 0.4896     | 1.2750       | 1.2808       | 0.9771     | 0.5316       | 1.3652   |           
400    | 3.0181     | 0.4578     | 1.2741       | 1.2862       | 0.9552     | 0.5201       | 1.3727   |           
Seed 6767 | Src Acc: 96.2245 | Src MDE: 0.0688 | Tgt Acc: 25.5102 | Tgt MDE: 1.3675
Start Training Seed 123456...

Start CDAN+E Training... (Entropy Conditioning Enabled)
Epoch  | Total Loss | Tr Cls     | Tr Dom RSSI  | Tr Dom RTT   | Val T Acc  | Val T Entropy | Test MDE
------------------------------------------------------------------------------------------------------------------------
1      | 6.5817     | 3.8399     | 1.3589       | 1.3829       | 0.5938     | 3.7627       | 1.7582   |           
2      | 5.7063     | 3.0824     | 1.2864       | 1.3375       | 0.7344     | 3.6387       | 1.3900   |           
3      | 5.1649     | 2.6364     | 1.2218       | 1.3066       | 0.8063     | 3.4715       | 1.3412   |           
4      | 4.7720     | 2.3332     | 1.1648       | 1.2740       | 0.9052     | 3.3419       | 1.2677   |           
5      | 4.4156     | 2.0605     | 1.1127       | 1.2423       | 0.9156     | 3.1729       | 1.2042   |           
6      | 4.1522     | 1.8726     | 1.0631       | 1.2164       | 0.9365     | 3.0104       | 1.2668   |           
7      | 3.8407     | 1.6402     | 1.0229       | 1.1775       | 0.9354     | 2.8446       | 1.2141   |           
8      | 3.6208     | 1.5241     | 0.9556       | 1.1410       | 0.9437     | 2.7256       | 1.3013   |           
9      | 3.4539     | 1.3966     | 0.9281       | 1.1292       | 0.9531     | 2.5807       | 1.2715   |           
10     | 3.3338     | 1.3032     | 0.9172       | 1.1134       | 0.9521     | 2.4720       | 1.4128   |           
11     | 3.2294     | 1.2406     | 0.9004       | 1.0884       | 0.9625     | 2.3120       | 1.3115   | (ADV -0.19)
12     | 3.1259     | 1.1485     | 0.8865       | 1.0909       | 0.9594     | 2.1637       | 1.4063   | (ADV -0.12)
13     | 3.0448     | 1.0827     | 0.8905       | 1.0716       | 0.9583     | 2.0944       | 1.3433   | (ADV -0.09)
14     | 3.0083     | 1.0893     | 0.8572       | 1.0618       | 0.9656     | 2.0362       | 1.3072   | (ADV -0.05)
15     | 2.9453     | 1.0093     | 0.8971       | 1.0389       | 0.9542     | 1.9385       | 1.3084   | (ADV -0.02)
16     | 2.8553     | 0.9416     | 0.8789       | 1.0347       | 0.9635     | 1.8838       | 1.3351   | (ADV 0.02)
17     | 2.8622     | 0.9360     | 0.8863       | 1.0399       | 0.9615     | 1.7946       | 1.2633   | (ADV 0.06)
18     | 2.7939     | 0.8700     | 0.8887       | 1.0353       | 0.9688     | 1.7788       | 1.3098   | (ADV 0.08)
19     | 2.7846     | 0.8616     | 0.8929       | 1.0301       | 0.9688     | 1.7475       | 1.4011   | (ADV 0.10)
20     | 2.7940     | 0.8573     | 0.8961       | 1.0406       | 0.9635     | 1.6153       | 1.3114   | (ADV 0.16)
21     | 2.7530     | 0.8129     | 0.9240       | 1.0161       | 0.9667     | 1.5640       | 1.3495   | (ADV 0.18)
22     | 2.7694     | 0.8028     | 0.9103       | 1.0563       | 0.9646     | 1.5291       | 1.2758   | (ADV 0.20)
23     | 2.7096     | 0.7753     | 0.9090       | 1.0254       | 0.9646     | 1.5069       | 1.2840   | (ADV 0.21)
24     | 2.7053     | 0.7561     | 0.9150       | 1.0342       | 0.9646     | 1.4751       | 1.3381   | (ADV 0.23)
25     | 2.7137     | 0.7478     | 0.9041       | 1.0618       | 0.9646     | 1.4288       | 1.3385   | (ADV 0.25)
26     | 2.7306     | 0.7283     | 0.9176       | 1.0847       | 0.9688     | 1.3745       | 1.3674   | (ADV 0.28)
27     | 2.7578     | 0.7250     | 0.9359       | 1.0969       | 0.9646     | 1.3888       | 1.3348   |           
28     | 2.7029     | 0.6956     | 0.9266       | 1.0808       | 0.9656     | 1.3157       | 1.3871   | (ADV 0.31)
29     | 2.7317     | 0.7225     | 0.9331       | 1.0761       | 0.9615     | 1.2799       | 1.3869   | (ADV 0.32)
30     | 2.7468     | 0.7070     | 0.9546       | 1.0852       | 0.9667     | 1.2585       | 1.2915   | (ADV 0.34)
31     | 2.6957     | 0.6951     | 0.9248       | 1.0758       | 0.9740     | 1.2221       | 1.3390   | (ADV 0.36)
32     | 2.7094     | 0.7051     | 0.9269       | 1.0774       | 0.9740     | 1.2207       | 1.3419   | (ADV 0.36)
33     | 2.6828     | 0.6858     | 0.9131       | 1.0839       | 0.9708     | 1.1846       | 1.2760   | (ADV 0.38)
34     | 2.6765     | 0.6817     | 0.9120       | 1.0828       | 0.9667     | 1.1766       | 1.2801   |           
35     | 2.6179     | 0.6457     | 0.9097       | 1.0625       | 0.9677     | 1.1447       | 1.2747   | (ADV 0.40)
36     | 2.6605     | 0.6777     | 0.8945       | 1.0884       | 0.9750     | 1.1206       | 1.2602   | (ADV 0.41)
37     | 2.6937     | 0.6922     | 0.9123       | 1.0892       | 0.9698     | 1.1258       | 1.3622   |           
38     | 2.6036     | 0.6301     | 0.9109       | 1.0626       | 0.9698     | 1.1084       | 1.3217   | (ADV 0.42)
39     | 2.6420     | 0.6270     | 0.9320       | 1.0830       | 0.9667     | 1.1280       | 1.2501   |           
40     | 2.6835     | 0.6697     | 0.9256       | 1.0882       | 0.9698     | 1.0720       | 1.3747   | (ADV 0.43)
41     | 2.6076     | 0.6080     | 0.9259       | 1.0737       | 0.9719     | 1.0957       | 1.4213   |           
42     | 2.6757     | 0.6266     | 0.9630       | 1.0861       | 0.9740     | 1.0994       | 1.3693   |           
43     | 2.6483     | 0.6321     | 0.9417       | 1.0746       | 0.9740     | 1.0369       | 1.3504   | (ADV 0.46)
44     | 2.6656     | 0.6208     | 0.9405       | 1.1043       | 0.9667     | 1.0169       | 1.3678   | (ADV 0.46)
45     | 2.6267     | 0.6152     | 0.9383       | 1.0732       | 0.9688     | 1.0631       | 1.3736   |           
46     | 2.6255     | 0.6134     | 0.9409       | 1.0711       | 0.9688     | 1.0171       | 1.4320   | (ADV 0.46)
47     | 2.6222     | 0.6036     | 0.9418       | 1.0768       | 0.9698     | 1.0240       | 1.2869   |           
48     | 2.6165     | 0.6169     | 0.9249       | 1.0747       | 0.9708     | 1.0194       | 1.4292   | (ADV 0.46)
49     | 2.6308     | 0.6084     | 0.9329       | 1.0895       | 0.9646     | 0.9933       | 1.3255   | (ADV 0.47)
50     | 2.6190     | 0.5818     | 0.9376       | 1.0997       | 0.9760     | 0.9664       | 1.3829   | (ADV 0.49)
51     | 2.6476     | 0.6226     | 0.9575       | 1.0676       | 0.9698     | 0.9566       | 1.3250   |           
52     | 2.6130     | 0.5926     | 0.9428       | 1.0775       | 0.9719     | 0.9475       | 1.2968   | (ADV 0.50)
53     | 2.6635     | 0.6035     | 0.9610       | 1.0990       | 0.9760     | 0.9759       | 1.3430   |           
54     | 2.6493     | 0.6020     | 0.9679       | 1.0794       | 0.9760     | 0.9133       | 1.3107   | (ADV 0.52)
55     | 2.7537     | 0.6611     | 0.9881       | 1.1045       | 0.9750     | 0.9294       | 1.4139   |           
56     | 2.6490     | 0.5885     | 0.9657       | 1.0947       | 0.9740     | 0.9586       | 1.3845   |           
57     | 2.6736     | 0.5982     | 0.9790       | 1.0964       | 0.9719     | 0.9265       | 1.3709   |           
58     | 2.6438     | 0.5902     | 0.9654       | 1.0881       | 0.9719     | 0.9317       | 1.3388   |           
59     | 2.6885     | 0.5978     | 0.9914       | 1.0994       | 0.9688     | 0.9181       | 1.3834   |           
60     | 2.7395     | 0.6179     | 1.0272       | 1.0945       | 0.9688     | 0.8808       | 1.3079   | (ADV 0.53)
61     | 2.7127     | 0.6051     | 1.0036       | 1.1040       | 0.9781     | 0.9362       | 1.3193   |           
62     | 2.6934     | 0.5842     | 1.0007       | 1.1084       | 0.9729     | 0.9114       | 1.3243   |           
63     | 2.7048     | 0.6045     | 1.0091       | 1.0912       | 0.9719     | 0.8650       | 1.3266   | (ADV 0.54)
64     | 2.6450     | 0.5528     | 1.0044       | 1.0879       | 0.9750     | 0.8535       | 1.3540   | (ADV 0.55)
65     | 2.6910     | 0.5768     | 1.0127       | 1.1016       | 0.9750     | 0.8475       | 1.3219   | (ADV 0.55)
66     | 2.7884     | 0.6396     | 1.0164       | 1.1324       | 0.9729     | 0.8659       | 1.3702   |           
67     | 2.6832     | 0.5698     | 1.0123       | 1.1011       | 0.9781     | 0.8348       | 1.3953   | (ADV 0.56)
68     | 2.7031     | 0.5821     | 1.0150       | 1.1060       | 0.9594     | 0.8814       | 1.3972   |           
69     | 2.7334     | 0.6007     | 1.0326       | 1.1001       | 0.9719     | 0.8495       | 1.3852   |           
70     | 2.6560     | 0.5525     | 1.0158       | 1.0877       | 0.9698     | 0.8255       | 1.3772   |           
71     | 2.6958     | 0.5557     | 1.0290       | 1.1111       | 0.9656     | 0.8070       | 1.3904   | (ADV 0.56)
72     | 2.7506     | 0.5947     | 1.0375       | 1.1183       | 0.9781     | 0.8027       | 1.3808   | (ADV 0.58)
73     | 2.6503     | 0.5351     | 1.0279       | 1.0873       | 0.9698     | 0.8102       | 1.3959   |           
74     | 2.7139     | 0.5681     | 1.0438       | 1.1019       | 0.9688     | 0.7638       | 1.3986   | (ADV 0.59)
75     | 2.7501     | 0.5907     | 1.0563       | 1.1031       | 0.9760     | 0.7619       | 1.3582   | (ADV 0.60)
76     | 2.7240     | 0.5769     | 1.0394       | 1.1077       | 0.9750     | 0.7609       | 1.3843   |           
77     | 2.7575     | 0.5763     | 1.0585       | 1.1227       | 0.9781     | 0.7781       | 1.3435   |           
78     | 2.7246     | 0.5733     | 1.0617       | 1.0896       | 0.9781     | 0.8070       | 1.3897   |           
79     | 2.7810     | 0.5925     | 1.0652       | 1.1232       | 0.9750     | 0.8515       | 1.3103   |           
80     | 2.7691     | 0.5733     | 1.0784       | 1.1174       | 0.9688     | 0.7453       | 1.3780   | (ADV 0.60)
81     | 2.6973     | 0.5328     | 1.0519       | 1.1127       | 0.9740     | 0.7734       | 1.4238   |           
82     | 2.8232     | 0.6139     | 1.0840       | 1.1253       | 0.9750     | 0.7512       | 1.3230   | (ADV 0.60)
83     | 2.8311     | 0.6062     | 1.0959       | 1.1290       | 0.9740     | 0.8206       | 1.3459   |           
84     | 2.7298     | 0.5533     | 1.0753       | 1.1012       | 0.9792     | 0.7736       | 1.3381   |           
85     | 2.7841     | 0.5693     | 1.0790       | 1.1358       | 0.9781     | 0.7988       | 1.3513   |           
86     | 2.7838     | 0.5611     | 1.0889       | 1.1338       | 0.9760     | 0.8033       | 1.3249   |           
87     | 2.8164     | 0.5889     | 1.0878       | 1.1397       | 0.9760     | 0.7834       | 1.3453   |           
88     | 2.8208     | 0.5729     | 1.0966       | 1.1512       | 0.9760     | 0.7682       | 1.3466   |           
89     | 2.7748     | 0.5694     | 1.0837       | 1.1218       | 0.9688     | 0.7657       | 1.3467   |           
90     | 2.8266     | 0.5904     | 1.1097       | 1.1265       | 0.9802     | 0.7533       | 1.3471   | (ADV 0.60)
91     | 2.7884     | 0.5642     | 1.0915       | 1.1328       | 0.9729     | 0.7506       | 1.4017   |           
92     | 2.8223     | 0.6093     | 1.0974       | 1.1156       | 0.9750     | 0.7637       | 1.3047   |           
93     | 2.8294     | 0.5829     | 1.1144       | 1.1321       | 0.9750     | 0.7882       | 1.3564   |           
94     | 2.7407     | 0.5345     | 1.0893       | 1.1169       | 0.9740     | 0.7469       | 1.3561   |           
95     | 2.8312     | 0.5903     | 1.1170       | 1.1238       | 0.9802     | 0.7639       | 1.3384   |           
96     | 2.7525     | 0.5468     | 1.0939       | 1.1119       | 0.9677     | 0.7753       | 1.3811   |           
97     | 2.7758     | 0.5535     | 1.0953       | 1.1270       | 0.9740     | 0.7626       | 1.3787   |           
98     | 2.7284     | 0.5128     | 1.0925       | 1.1231       | 0.9760     | 0.7346       | 1.4339   | (ADV 0.61)
99     | 2.7968     | 0.5462     | 1.1172       | 1.1334       | 0.9792     | 0.7886       | 1.3901   |           
100    | 2.7873     | 0.5636     | 1.0959       | 1.1278       | 0.9750     | 0.8231       | 1.3646   |           
101    | 2.8139     | 0.5679     | 1.1061       | 1.1400       | 0.9740     | 0.6925       | 1.3716   | (ADV 0.63)
102    | 2.8438     | 0.5908     | 1.1100       | 1.1430       | 0.9688     | 0.7478       | 1.4361   |           
103    | 2.8167     | 0.5439     | 1.1190       | 1.1538       | 0.9802     | 0.7650       | 1.3614   |           
104    | 2.7765     | 0.5474     | 1.1150       | 1.1140       | 0.9698     | 0.7714       | 1.4436   |           
105    | 2.7980     | 0.5620     | 1.1165       | 1.1195       | 0.9760     | 0.7372       | 1.3892   |           
106    | 2.8559     | 0.5836     | 1.1357       | 1.1366       | 0.9729     | 0.7701       | 1.3320   |           
107    | 2.7942     | 0.5511     | 1.1259       | 1.1172       | 0.9750     | 0.7031       | 1.4743   |           
108    | 2.8321     | 0.5693     | 1.1425       | 1.1204       | 0.9708     | 0.7796       | 1.4318   |           
109    | 2.8407     | 0.5535     | 1.1487       | 1.1386       | 0.9656     | 0.7255       | 1.4794   |           
110    | 2.8861     | 0.5698     | 1.1735       | 1.1428       | 0.9698     | 0.7587       | 1.4879   |           
111    | 2.9037     | 0.5941     | 1.1572       | 1.1524       | 0.9688     | 0.7685       | 1.3681   |           
112    | 2.8460     | 0.5808     | 1.1319       | 1.1333       | 0.9656     | 0.7451       | 1.3714   |           
113    | 2.8271     | 0.5636     | 1.1200       | 1.1435       | 0.9677     | 0.7409       | 1.4075   |           
114    | 2.7930     | 0.5261     | 1.1288       | 1.1380       | 0.9771     | 0.7620       | 1.4355   |           
115    | 2.8470     | 0.5560     | 1.1396       | 1.1514       | 0.9688     | 0.7355       | 1.4127   |           
116    | 2.8375     | 0.5555     | 1.1369       | 1.1451       | 0.9698     | 0.7459       | 1.4747   |           
117    | 2.8606     | 0.5673     | 1.1420       | 1.1513       | 0.9667     | 0.6789       | 1.5434   |           
118    | 2.8722     | 0.5708     | 1.1422       | 1.1593       | 0.9719     | 0.7153       | 1.5771   |           
119    | 2.8913     | 0.5794     | 1.1460       | 1.1658       | 0.9719     | 0.7584       | 1.4868   |           
120    | 2.8273     | 0.5471     | 1.1389       | 1.1413       | 0.9719     | 0.7105       | 1.5479   |           
121    | 2.8620     | 0.5567     | 1.1603       | 1.1449       | 0.9677     | 0.6876       | 1.5134   |           
122    | 2.8677     | 0.5604     | 1.1650       | 1.1423       | 0.9740     | 0.6638       | 1.3988   | (ADV 0.64)
123    | 2.8623     | 0.5589     | 1.1556       | 1.1477       | 0.9677     | 0.6876       | 1.4543   |           
124    | 2.9230     | 0.5846     | 1.1812       | 1.1572       | 0.9688     | 0.7509       | 1.5110   |           
125    | 2.8673     | 0.5636     | 1.1515       | 1.1522       | 0.9750     | 0.6830       | 1.5257   |           
126    | 2.9192     | 0.6092     | 1.1555       | 1.1546       | 0.9698     | 0.7308       | 1.4315   |           
127    | 2.8379     | 0.5354     | 1.1592       | 1.1433       | 0.9719     | 0.7014       | 1.4922   |           
128    | 2.9201     | 0.5825     | 1.1811       | 1.1565       | 0.9688     | 0.7087       | 1.5131   |           
129    | 2.9227     | 0.5985     | 1.1695       | 1.1546       | 0.9792     | 0.7488       | 1.5218   |           
130    | 2.8842     | 0.5644     | 1.1544       | 1.1654       | 0.9760     | 0.7037       | 1.5220   |           
131    | 2.7964     | 0.5005     | 1.1393       | 1.1566       | 0.9698     | 0.6521       | 1.5266   | (ADV 0.64)
132    | 2.8647     | 0.5466     | 1.1597       | 1.1584       | 0.9719     | 0.6759       | 1.4576   |           
133    | 2.8513     | 0.5496     | 1.1484       | 1.1533       | 0.9688     | 0.6743       | 1.4975   |           
134    | 2.8983     | 0.5666     | 1.1728       | 1.1590       | 0.9771     | 0.7154       | 1.4860   |           
135    | 2.8956     | 0.5636     | 1.1667       | 1.1654       | 0.9698     | 0.6704       | 1.3440   |           
136    | 2.8198     | 0.5211     | 1.1532       | 1.1455       | 0.9719     | 0.7359       | 1.4170   |           
137    | 2.8876     | 0.5748     | 1.1597       | 1.1531       | 0.9594     | 0.6781       | 1.4891   |           
138    | 2.8424     | 0.5232     | 1.1709       | 1.1483       | 0.9646     | 0.6893       | 1.5210   |           
139    | 2.9400     | 0.5988     | 1.1809       | 1.1603       | 0.9771     | 0.7420       | 1.3897   |           
140    | 2.9094     | 0.5591     | 1.1767       | 1.1736       | 0.9708     | 0.7094       | 1.4379   |           
141    | 2.8589     | 0.5454     | 1.1547       | 1.1589       | 0.9708     | 0.7512       | 1.4149   |           
142    | 2.9001     | 0.5524     | 1.1822       | 1.1656       | 0.9667     | 0.7393       | 1.3344   |           
143    | 2.9612     | 0.5936     | 1.1842       | 1.1834       | 0.9667     | 0.7053       | 1.3921   |           
144    | 2.9077     | 0.5700     | 1.1605       | 1.1771       | 0.9698     | 0.7049       | 1.4640   |           
145    | 2.9103     | 0.5615     | 1.1582       | 1.1906       | 0.9719     | 0.7314       | 1.4162   |           
146    | 2.8635     | 0.5347     | 1.1635       | 1.1653       | 0.9708     | 0.6859       | 1.4984   |           
147    | 2.9531     | 0.5957     | 1.1839       | 1.1735       | 0.9729     | 0.6796       | 1.3452   |           
148    | 2.9155     | 0.5572     | 1.1775       | 1.1808       | 0.9792     | 0.6479       | 1.3976   | (ADV 0.66)
149    | 2.8677     | 0.5363     | 1.1647       | 1.1667       | 0.9698     | 0.6262       | 1.4157   | (ADV 0.66)
150    | 2.8522     | 0.5176     | 1.1668       | 1.1678       | 0.9677     | 0.6716       | 1.4476   |           
151    | 2.9396     | 0.5710     | 1.1828       | 1.1858       | 0.9781     | 0.6430       | 1.3839   |           
152    | 2.8578     | 0.5338     | 1.1564       | 1.1677       | 0.9760     | 0.6765       | 1.4104   |           
153    | 2.8650     | 0.5086     | 1.1856       | 1.1707       | 0.9781     | 0.6547       | 1.5105   |           
154    | 2.9123     | 0.5714     | 1.1744       | 1.1666       | 0.9760     | 0.6804       | 1.4615   |           
155    | 2.8502     | 0.5152     | 1.1651       | 1.1699       | 0.9781     | 0.6486       | 1.4061   |           
156    | 2.8696     | 0.5381     | 1.1707       | 1.1608       | 0.9781     | 0.7067       | 1.5041   |           
157    | 2.8760     | 0.5395     | 1.1616       | 1.1749       | 0.9688     | 0.6139       | 1.4744   | (ADV 0.66)
158    | 2.8635     | 0.5222     | 1.1591       | 1.1823       | 0.9781     | 0.6532       | 1.5260   |           
159    | 2.8871     | 0.5565     | 1.1729       | 1.1577       | 0.9760     | 0.6672       | 1.5495   |           
160    | 2.8817     | 0.5478     | 1.1689       | 1.1649       | 0.9771     | 0.6784       | 1.4060   |           
161    | 2.8949     | 0.5410     | 1.1702       | 1.1837       | 0.9750     | 0.6385       | 1.5101   |           
162    | 2.8908     | 0.5492     | 1.1765       | 1.1651       | 0.9781     | 0.6575       | 1.5193   |           
163    | 2.8724     | 0.5328     | 1.1702       | 1.1693       | 0.9740     | 0.6486       | 1.4463   |           
164    | 2.9114     | 0.5803     | 1.1660       | 1.1651       | 0.9729     | 0.7126       | 1.4068   |           
165    | 2.8812     | 0.5312     | 1.1660       | 1.1840       | 0.9740     | 0.6912       | 1.4913   |           
166    | 2.9520     | 0.5790     | 1.1831       | 1.1899       | 0.9740     | 0.6832       | 1.4344   |           
167    | 2.9764     | 0.5862     | 1.1810       | 1.2093       | 0.9781     | 0.6681       | 1.5001   |           
168    | 2.9359     | 0.5461     | 1.1854       | 1.2044       | 0.9719     | 0.7065       | 1.4532   |           
169    | 2.9319     | 0.5455     | 1.1775       | 1.2089       | 0.9760     | 0.6720       | 1.3858   |           
170    | 2.9459     | 0.5496     | 1.1822       | 1.2141       | 0.9740     | 0.6565       | 1.4791   |           
171    | 2.9858     | 0.6033     | 1.1937       | 1.1888       | 0.9740     | 0.6462       | 1.3947   |           
172    | 2.9321     | 0.5378     | 1.1861       | 1.2082       | 0.9677     | 0.6313       | 1.3665   |           
173    | 2.9099     | 0.5451     | 1.1724       | 1.1924       | 0.9688     | 0.6449       | 1.4483   |           
174    | 2.9524     | 0.5751     | 1.1767       | 1.2006       | 0.9667     | 0.6393       | 1.3816   |           
175    | 2.9229     | 0.5611     | 1.1692       | 1.1927       | 0.9625     | 0.5822       | 1.4360   | (ADV 0.67)
176    | 2.9047     | 0.5281     | 1.1822       | 1.1944       | 0.9698     | 0.6266       | 1.4533   |           
177    | 2.9718     | 0.5792     | 1.1810       | 1.2116       | 0.9708     | 0.6538       | 1.3922   |           
178    | 2.9119     | 0.5466     | 1.1702       | 1.1951       | 0.9708     | 0.6092       | 1.4895   |           
179    | 2.9466     | 0.5414     | 1.1819       | 1.2232       | 0.9677     | 0.6307       | 1.4960   |           
180    | 2.9334     | 0.5586     | 1.1723       | 1.2026       | 0.9750     | 0.6894       | 1.4496   |           
181    | 2.9385     | 0.5434     | 1.1805       | 1.2146       | 0.9781     | 0.6518       | 1.4439   |           
182    | 2.9719     | 0.5948     | 1.1741       | 1.2029       | 0.9729     | 0.6453       | 1.4236   |           
183    | 2.9065     | 0.5219     | 1.1753       | 1.2094       | 0.9698     | 0.6666       | 1.4800   |           
184    | 2.9471     | 0.5491     | 1.1844       | 1.2137       | 0.9719     | 0.6055       | 1.3981   |           
185    | 2.9619     | 0.5604     | 1.1979       | 1.2036       | 0.9740     | 0.6359       | 1.3851   |           
186    | 2.8991     | 0.5185     | 1.1728       | 1.2078       | 0.9667     | 0.6279       | 1.4689   |           
187    | 2.8861     | 0.5159     | 1.1662       | 1.2040       | 0.9719     | 0.6249       | 1.4169   |           
188    | 2.9396     | 0.5528     | 1.1815       | 1.2053       | 0.9750     | 0.6451       | 1.4475   |           
189    | 2.9237     | 0.5436     | 1.1642       | 1.2159       | 0.9698     | 0.6802       | 1.3848   |           
190    | 2.9107     | 0.5264     | 1.1772       | 1.2072       | 0.9729     | 0.6393       | 1.3867   |           
191    | 2.9291     | 0.5265     | 1.1825       | 1.2202       | 0.9688     | 0.6526       | 1.3535   |           
192    | 2.9310     | 0.5298     | 1.1736       | 1.2276       | 0.9750     | 0.6641       | 1.4301   |           
193    | 2.9640     | 0.5643     | 1.1747       | 1.2250       | 0.9760     | 0.6510       | 1.4325   |           
194    | 2.8961     | 0.5102     | 1.1733       | 1.2125       | 0.9729     | 0.6481       | 1.4230   |           
195    | 2.9470     | 0.5444     | 1.1839       | 1.2187       | 0.9771     | 0.6696       | 1.3837   |           
196    | 2.9925     | 0.5944     | 1.1883       | 1.2098       | 0.9750     | 0.6396       | 1.3703   |           
197    | 2.9633     | 0.5718     | 1.1869       | 1.2047       | 0.9740     | 0.6620       | 1.4630   |           
198    | 2.8928     | 0.5136     | 1.1696       | 1.2096       | 0.9750     | 0.6568       | 1.4076   |           
199    | 2.9312     | 0.5353     | 1.1661       | 1.2298       | 0.9781     | 0.6350       | 1.4483   |           
200    | 2.9120     | 0.5175     | 1.1687       | 1.2258       | 0.9698     | 0.5811       | 1.5191   | (ADV 0.68)
201    | 2.9436     | 0.5315     | 1.1891       | 1.2230       | 0.9635     | 0.5980       | 1.4469   |           
202    | 2.9083     | 0.5119     | 1.1795       | 1.2169       | 0.9792     | 0.6310       | 1.3607   |           
203    | 3.0468     | 0.6093     | 1.1998       | 1.2376       | 0.9802     | 0.6538       | 1.4806   |           
204    | 2.9613     | 0.5409     | 1.1921       | 1.2282       | 0.9750     | 0.6361       | 1.5179   |           
205    | 2.9493     | 0.5366     | 1.1880       | 1.2247       | 0.9750     | 0.6626       | 1.4872   |           
206    | 2.8887     | 0.4932     | 1.1880       | 1.2075       | 0.9792     | 0.6528       | 1.4744   |           
207    | 2.9258     | 0.5110     | 1.2032       | 1.2115       | 0.9729     | 0.6139       | 1.4271   |           
208    | 2.9082     | 0.5092     | 1.1968       | 1.2022       | 0.9781     | 0.6143       | 1.4397   |           
209    | 2.9008     | 0.5149     | 1.1822       | 1.2037       | 0.9667     | 0.6116       | 1.4537   |           
210    | 2.9072     | 0.5084     | 1.1893       | 1.2095       | 0.9750     | 0.5888       | 1.3933   | (ADV 0.68)
211    | 2.9762     | 0.5587     | 1.1983       | 1.2191       | 0.9740     | 0.6300       | 1.3766   |           
212    | 2.9633     | 0.5326     | 1.2050       | 1.2257       | 0.9760     | 0.6120       | 1.3980   |           
213    | 2.9334     | 0.5247     | 1.1952       | 1.2134       | 0.9708     | 0.6847       | 1.3341   |           
214    | 2.9854     | 0.5644     | 1.2065       | 1.2144       | 0.9719     | 0.6645       | 1.3638   |           
215    | 2.8699     | 0.4875     | 1.1883       | 1.1941       | 0.9771     | 0.6134       | 1.4930   |           
216    | 2.9153     | 0.4946     | 1.1914       | 1.2293       | 0.9740     | 0.6304       | 1.3852   |           
217    | 2.8742     | 0.4785     | 1.1778       | 1.2178       | 0.9719     | 0.6175       | 1.3897   |           
218    | 2.9300     | 0.5219     | 1.1899       | 1.2182       | 0.9760     | 0.6345       | 1.4204   |           
219    | 2.9874     | 0.5415     | 1.2214       | 1.2244       | 0.9740     | 0.6769       | 1.4433   |           
220    | 2.9644     | 0.5431     | 1.2031       | 1.2182       | 0.9719     | 0.6533       | 1.4224   |           
221    | 2.8983     | 0.4752     | 1.2060       | 1.2171       | 0.9719     | 0.6527       | 1.3886   |           
222    | 2.9731     | 0.5316     | 1.2251       | 1.2164       | 0.9771     | 0.6247       | 1.3582   |           
223    | 2.9423     | 0.5069     | 1.2127       | 1.2227       | 0.9625     | 0.6538       | 1.3705   |           
224    | 2.9246     | 0.4804     | 1.2231       | 1.2210       | 0.9781     | 0.6859       | 1.4534   |           
225    | 2.9624     | 0.5171     | 1.2122       | 1.2331       | 0.9698     | 0.6200       | 1.4417   |           
226    | 2.9324     | 0.4904     | 1.2185       | 1.2234       | 0.9708     | 0.6679       | 1.4229   |           
227    | 3.0085     | 0.5608     | 1.2204       | 1.2274       | 0.9740     | 0.6537       | 1.5248   |           
228    | 2.9513     | 0.5174     | 1.2066       | 1.2273       | 0.9792     | 0.6684       | 1.4348   |           
229    | 2.9355     | 0.4901     | 1.2260       | 1.2194       | 0.9792     | 0.6457       | 1.4371   |           
230    | 3.0084     | 0.5506     | 1.2213       | 1.2366       | 0.9760     | 0.6686       | 1.4396   |           
231    | 3.0001     | 0.5530     | 1.2226       | 1.2245       | 0.9740     | 0.6736       | 1.3953   |           
232    | 2.9425     | 0.5158     | 1.2148       | 1.2118       | 0.9719     | 0.6612       | 1.4367   |           
233    | 2.9741     | 0.5283     | 1.2154       | 1.2304       | 0.9760     | 0.6663       | 1.3660   |           
234    | 2.9577     | 0.5012     | 1.2208       | 1.2358       | 0.9729     | 0.6471       | 1.3915   |           
235    | 2.9470     | 0.5123     | 1.2138       | 1.2208       | 0.9740     | 0.6529       | 1.5194   |           
236    | 2.9595     | 0.5039     | 1.2223       | 1.2332       | 0.9802     | 0.6722       | 1.4353   |           
237    | 3.0252     | 0.5673     | 1.2133       | 1.2445       | 0.9781     | 0.6507       | 1.4453   |           
238    | 2.9722     | 0.5262     | 1.2146       | 1.2313       | 0.9771     | 0.6565       | 1.3983   |           
239    | 2.9925     | 0.5276     | 1.2179       | 1.2470       | 0.9698     | 0.6318       | 1.4658   |           
240    | 2.9770     | 0.5361     | 1.2188       | 1.2221       | 0.9729     | 0.7308       | 1.5167   |           
241    | 2.9912     | 0.5248     | 1.2178       | 1.2486       | 0.9729     | 0.6843       | 1.4404   |           
242    | 2.9818     | 0.5082     | 1.2347       | 1.2389       | 0.9698     | 0.6685       | 1.3424   |           
243    | 2.9654     | 0.5057     | 1.2332       | 1.2265       | 0.9677     | 0.6614       | 1.5097   |           
244    | 3.0600     | 0.5668     | 1.2413       | 1.2519       | 0.9792     | 0.6463       | 1.3972   |           
245    | 2.9882     | 0.5134     | 1.2327       | 1.2421       | 0.9729     | 0.6626       | 1.3823   |           
246    | 2.9447     | 0.5137     | 1.2067       | 1.2242       | 0.9802     | 0.6347       | 1.3838   |           
247    | 2.9920     | 0.5442     | 1.2265       | 1.2213       | 0.9698     | 0.6658       | 1.4873   |           
248    | 2.9617     | 0.5066     | 1.2127       | 1.2423       | 0.9750     | 0.6561       | 1.4249   |           
249    | 2.9708     | 0.5271     | 1.2136       | 1.2301       | 0.9792     | 0.6875       | 1.4402   |           
250    | 2.9950     | 0.5299     | 1.2366       | 1.2285       | 0.9708     | 0.6418       | 1.3801   |           
251    | 2.9161     | 0.4722     | 1.2192       | 1.2246       | 0.9771     | 0.6542       | 1.3630   |           
252    | 2.9588     | 0.5256     | 1.2178       | 1.2154       | 0.9792     | 0.6066       | 1.4718   |           
253    | 2.9209     | 0.4988     | 1.2096       | 1.2125       | 0.9698     | 0.6252       | 1.4062   |           
254    | 2.9371     | 0.4912     | 1.2141       | 1.2318       | 0.9771     | 0.6581       | 1.3498   |           
255    | 2.9842     | 0.5107     | 1.2355       | 1.2381       | 0.9802     | 0.6307       | 1.4249   |           
256    | 3.0097     | 0.5360     | 1.2246       | 1.2490       | 0.9667     | 0.6313       | 1.3294   |           
257    | 2.9902     | 0.5249     | 1.2239       | 1.2413       | 0.9792     | 0.6297       | 1.3259   |           
258    | 2.9799     | 0.5199     | 1.2167       | 1.2434       | 0.9688     | 0.6358       | 1.3149   |           
259    | 2.9635     | 0.5015     | 1.2213       | 1.2407       | 0.9740     | 0.6050       | 1.3928   |           
260    | 3.0203     | 0.5592     | 1.2112       | 1.2500       | 0.9771     | 0.6252       | 1.3184   |           
261    | 2.9653     | 0.5107     | 1.2182       | 1.2364       | 0.9781     | 0.6678       | 1.4246   |           
262    | 2.9420     | 0.4945     | 1.2066       | 1.2409       | 0.9802     | 0.6079       | 1.4362   |           
263    | 2.9247     | 0.4641     | 1.2186       | 1.2420       | 0.9760     | 0.6526       | 1.4140   |           
264    | 2.9882     | 0.5187     | 1.2235       | 1.2461       | 0.9781     | 0.6267       | 1.4139   |           
265    | 2.9350     | 0.4856     | 1.2150       | 1.2344       | 0.9667     | 0.6620       | 1.4267   |           
266    | 2.9504     | 0.4965     | 1.2164       | 1.2375       | 0.9708     | 0.6200       | 1.4513   |           
267    | 2.9674     | 0.5056     | 1.2129       | 1.2489       | 0.9750     | 0.6563       | 1.3242   |           
268    | 2.9813     | 0.5018     | 1.2320       | 1.2475       | 0.9688     | 0.6275       | 1.4759   |           
269    | 2.9643     | 0.4933     | 1.2252       | 1.2457       | 0.9719     | 0.6270       | 1.3888   |           
270    | 3.0050     | 0.5270     | 1.2295       | 1.2486       | 0.9656     | 0.6626       | 1.3515   |           
271    | 2.9708     | 0.5014     | 1.2367       | 1.2327       | 0.9760     | 0.6227       | 1.3695   |           
272    | 2.9660     | 0.5073     | 1.2170       | 1.2417       | 0.9771     | 0.6402       | 1.3385   |           
273    | 2.9718     | 0.5228     | 1.2188       | 1.2302       | 0.9750     | 0.6467       | 1.3807   |           
274    | 2.9823     | 0.5180     | 1.2387       | 1.2256       | 0.9729     | 0.6243       | 1.3982   |           
275    | 2.9695     | 0.5044     | 1.2261       | 1.2390       | 0.9708     | 0.6377       | 1.3351   |           
276    | 2.9357     | 0.4642     | 1.2340       | 1.2375       | 0.9781     | 0.6533       | 1.2676   |           
277    | 2.9471     | 0.4816     | 1.2229       | 1.2426       | 0.9750     | 0.6320       | 1.3551   |           
278    | 2.9740     | 0.5015     | 1.2286       | 1.2439       | 0.9750     | 0.6135       | 1.3161   |           
279    | 2.9826     | 0.5169     | 1.2213       | 1.2444       | 0.9729     | 0.6362       | 1.3752   |           
280    | 3.0004     | 0.5210     | 1.2417       | 1.2377       | 0.9792     | 0.6304       | 1.3864   |           
281    | 2.9587     | 0.5005     | 1.2142       | 1.2439       | 0.9729     | 0.6111       | 1.4049   |           
282    | 2.9927     | 0.4967     | 1.2435       | 1.2525       | 0.9792     | 0.5823       | 1.3626   | (ADV 0.69)
283    | 2.9246     | 0.4720     | 1.2128       | 1.2398       | 0.9740     | 0.6090       | 1.3831   |           
284    | 2.9613     | 0.4763     | 1.2331       | 1.2519       | 0.9771     | 0.6036       | 1.3712   |           
285    | 3.0657     | 0.5534     | 1.2492       | 1.2632       | 0.9771     | 0.5909       | 1.4784   |           
286    | 3.0186     | 0.5272     | 1.2311       | 1.2603       | 0.9750     | 0.5975       | 1.3181   |           
287    | 2.9976     | 0.5277     | 1.2179       | 1.2521       | 0.9708     | 0.5907       | 1.3242   |           
288    | 2.9788     | 0.5081     | 1.2195       | 1.2512       | 0.9729     | 0.5998       | 1.3293   |           
289    | 2.9930     | 0.5095     | 1.2299       | 1.2536       | 0.9771     | 0.6081       | 1.5356   |           
290    | 2.9913     | 0.5121     | 1.2274       | 1.2518       | 0.9792     | 0.5602       | 1.5296   | (ADV 0.70)
291    | 2.9816     | 0.4849     | 1.2297       | 1.2670       | 0.9729     | 0.6602       | 1.3472   |           
292    | 3.0295     | 0.5192     | 1.2459       | 1.2645       | 0.9750     | 0.6206       | 1.3556   |           
293    | 3.0174     | 0.5227     | 1.2337       | 1.2609       | 0.9708     | 0.6394       | 1.5061   |           
294    | 3.0006     | 0.5091     | 1.2350       | 1.2565       | 0.9729     | 0.6171       | 1.4420   |           
295    | 3.0235     | 0.5240     | 1.2318       | 1.2678       | 0.9750     | 0.6201       | 1.5283   |           
296    | 3.0108     | 0.5327     | 1.2176       | 1.2606       | 0.9792     | 0.6401       | 1.3619   |           
297    | 3.0388     | 0.5417     | 1.2336       | 1.2635       | 0.9729     | 0.6091       | 1.4468   |           
298    | 2.9678     | 0.4799     | 1.2318       | 1.2561       | 0.9781     | 0.5930       | 1.3526   |           
299    | 3.0226     | 0.5130     | 1.2424       | 1.2672       | 0.9729     | 0.6257       | 1.4104   |           
300    | 3.0108     | 0.5189     | 1.2334       | 1.2584       | 0.9688     | 0.5839       | 1.4303   |           
301    | 2.9845     | 0.5063     | 1.2284       | 1.2498       | 0.9698     | 0.6060       | 1.4767   |           
302    | 3.0164     | 0.5238     | 1.2326       | 1.2600       | 0.9740     | 0.6073       | 1.3991   |           
303    | 2.9774     | 0.4908     | 1.2281       | 1.2585       | 0.9760     | 0.5677       | 1.3993   |           
304    | 2.9588     | 0.4791     | 1.2330       | 1.2468       | 0.9760     | 0.5984       | 1.4713   |           
305    | 2.9853     | 0.4794     | 1.2373       | 1.2686       | 0.9760     | 0.5890       | 1.4377   |           
306    | 3.0366     | 0.5373     | 1.2419       | 1.2574       | 0.9719     | 0.5997       | 1.3865   |           
307    | 3.0247     | 0.5197     | 1.2424       | 1.2627       | 0.9771     | 0.5891       | 1.3662   |           
308    | 2.9835     | 0.4875     | 1.2379       | 1.2581       | 0.9719     | 0.5968       | 1.4194   |           
309    | 2.9856     | 0.5081     | 1.2305       | 1.2469       | 0.9719     | 0.5712       | 1.3971   |           
310    | 2.9809     | 0.4916     | 1.2324       | 1.2569       | 0.9729     | 0.5559       | 1.3679   |           
311    | 3.0116     | 0.5197     | 1.2491       | 1.2427       | 0.9760     | 0.6244       | 1.3951   |           
312    | 2.9754     | 0.4837     | 1.2361       | 1.2556       | 0.9771     | 0.5676       | 1.3991   |           
313    | 2.9520     | 0.4711     | 1.2263       | 1.2546       | 0.9698     | 0.5861       | 1.3700   |           
314    | 3.0499     | 0.5461     | 1.2449       | 1.2589       | 0.9719     | 0.5998       | 1.3167   |           
315    | 3.0556     | 0.5487     | 1.2499       | 1.2570       | 0.9531     | 0.6297       | 1.3294   |           
316    | 2.9795     | 0.4868     | 1.2400       | 1.2527       | 0.9708     | 0.5641       | 1.4148   |           
317    | 3.0145     | 0.5087     | 1.2440       | 1.2618       | 0.9750     | 0.6039       | 1.3530   |           
318    | 3.0290     | 0.5158     | 1.2509       | 1.2622       | 0.9792     | 0.5788       | 1.3094   |           
319    | 2.9978     | 0.4911     | 1.2495       | 1.2571       | 0.9740     | 0.5732       | 1.3582   |           
320    | 2.9891     | 0.4885     | 1.2359       | 1.2648       | 0.9708     | 0.6063       | 1.3476   |           
321    | 3.0259     | 0.5147     | 1.2536       | 1.2576       | 0.9729     | 0.6386       | 1.3644   |           
322    | 3.0573     | 0.5460     | 1.2504       | 1.2610       | 0.9760     | 0.6301       | 1.2901   |           
323    | 3.0097     | 0.5012     | 1.2480       | 1.2604       | 0.9708     | 0.6699       | 1.4672   |           
324    | 3.0591     | 0.5261     | 1.2788       | 1.2542       | 0.9729     | 0.6101       | 1.5916   |           
325    | 3.0724     | 0.5401     | 1.2587       | 1.2737       | 0.9604     | 0.6262       | 1.4646   |           
326    | 2.9965     | 0.4869     | 1.2557       | 1.2539       | 0.9677     | 0.5923       | 1.4905   |           
327    | 3.0577     | 0.5182     | 1.2761       | 1.2634       | 0.9583     | 0.6364       | 1.5712   |           
328    | 3.0477     | 0.5348     | 1.2550       | 1.2579       | 0.9729     | 0.5981       | 1.4046   |           
329    | 3.0355     | 0.5208     | 1.2646       | 1.2502       | 0.9729     | 0.6466       | 1.4096   |           
330    | 2.9907     | 0.4759     | 1.2635       | 1.2513       | 0.9760     | 0.6366       | 1.3471   |           
331    | 3.0287     | 0.5091     | 1.2710       | 1.2485       | 0.9688     | 0.6092       | 1.3809   |           
332    | 3.0835     | 0.5511     | 1.2688       | 1.2637       | 0.9708     | 0.6043       | 1.3919   |           
333    | 3.0332     | 0.5175     | 1.2578       | 1.2579       | 0.9760     | 0.6097       | 1.4463   |           
334    | 3.0356     | 0.5142     | 1.2669       | 1.2545       | 0.9750     | 0.6055       | 1.4176   |           
335    | 3.0354     | 0.5026     | 1.2721       | 1.2607       | 0.9750     | 0.6017       | 1.4112   |           
336    | 3.0319     | 0.5085     | 1.2677       | 1.2557       | 0.9750     | 0.5852       | 1.3415   |           
337    | 2.9964     | 0.4773     | 1.2640       | 1.2550       | 0.9708     | 0.6262       | 1.3720   |           
338    | 3.0494     | 0.5241     | 1.2662       | 1.2591       | 0.9688     | 0.6178       | 1.4014   |           
339    | 2.9863     | 0.4875     | 1.2569       | 1.2419       | 0.9708     | 0.6430       | 1.3959   |           
340    | 3.0251     | 0.5094     | 1.2583       | 1.2574       | 0.9740     | 0.6266       | 1.5637   |           
341    | 2.9783     | 0.4682     | 1.2588       | 1.2512       | 0.9719     | 0.5906       | 1.4899   |           
342    | 3.0320     | 0.5094     | 1.2665       | 1.2562       | 0.9750     | 0.6233       | 1.5197   |           
343    | 3.0066     | 0.4688     | 1.2598       | 1.2779       | 0.9698     | 0.5570       | 1.3001   |           
344    | 3.0445     | 0.5191     | 1.2519       | 1.2734       | 0.9677     | 0.5608       | 1.5428   |           
345    | 3.0552     | 0.5338     | 1.2594       | 1.2620       | 0.9792     | 0.5648       | 1.5506   |           
346    | 3.0542     | 0.5232     | 1.2581       | 1.2729       | 0.9802     | 0.5517       | 1.5312   | (ADV 0.70)
347    | 2.9912     | 0.4823     | 1.2500       | 1.2589       | 0.9781     | 0.5856       | 1.5787   |           
348    | 2.9520     | 0.4436     | 1.2554       | 1.2531       | 0.9760     | 0.5712       | 1.6437   |           
349    | 3.0100     | 0.4813     | 1.2654       | 1.2633       | 0.9698     | 0.5344       | 1.4914   |           
350    | 3.0376     | 0.4972     | 1.2682       | 1.2722       | 0.9750     | 0.5312       | 1.5926   | (ADV 0.71)
351    | 3.0384     | 0.4935     | 1.2657       | 1.2792       | 0.9792     | 0.6137       | 1.4079   |           
352    | 3.0040     | 0.4851     | 1.2677       | 1.2513       | 0.9688     | 0.6436       | 1.3928   |           
353    | 3.0502     | 0.5149     | 1.2717       | 1.2636       | 0.9708     | 0.6219       | 1.3638   |           
354    | 3.0437     | 0.5063     | 1.2687       | 1.2687       | 0.9760     | 0.6239       | 1.3884   |           
355    | 2.9928     | 0.4717     | 1.2667       | 1.2543       | 0.9646     | 0.6329       | 1.3943   |           
356    | 3.0743     | 0.5378     | 1.2772       | 1.2593       | 0.9750     | 0.6462       | 1.5141   |           
357    | 3.0288     | 0.5002     | 1.2681       | 1.2605       | 0.9823     | 0.6443       | 1.3847   |           
358    | 3.0572     | 0.5156     | 1.2805       | 1.2611       | 0.9698     | 0.6406       | 1.3151   |           
359    | 3.0153     | 0.4762     | 1.2729       | 1.2662       | 0.9760     | 0.5968       | 1.3570   |           
360    | 3.0136     | 0.4796     | 1.2733       | 1.2607       | 0.9729     | 0.5968       | 1.4991   |           
361    | 3.0129     | 0.4800     | 1.2675       | 1.2654       | 0.9708     | 0.5725       | 1.3396   |           
362    | 3.0487     | 0.5195     | 1.2638       | 1.2654       | 0.9740     | 0.5946       | 1.4455   |           
363    | 2.9892     | 0.4613     | 1.2682       | 1.2596       | 0.9729     | 0.6168       | 1.4240   |           
364    | 2.9980     | 0.4666     | 1.2612       | 1.2702       | 0.9667     | 0.6511       | 1.4621   |           
365    | 2.9772     | 0.4603     | 1.2640       | 1.2529       | 0.9740     | 0.6122       | 1.4674   |           
366    | 3.0468     | 0.5151     | 1.2658       | 1.2659       | 0.9729     | 0.6195       | 1.4728   |           
367    | 3.0361     | 0.4920     | 1.2722       | 1.2719       | 0.9740     | 0.5665       | 1.4555   |           
368    | 3.0552     | 0.5117     | 1.2625       | 1.2810       | 0.9688     | 0.5518       | 1.4417   |           
369    | 3.0258     | 0.4904     | 1.2616       | 1.2739       | 0.9719     | 0.5841       | 1.4698   |           
370    | 3.0117     | 0.4828     | 1.2652       | 1.2637       | 0.9729     | 0.6080       | 1.4498   |           
371    | 3.0458     | 0.5119     | 1.2659       | 1.2680       | 0.9698     | 0.5650       | 1.3807   |           
372    | 3.0692     | 0.5103     | 1.2799       | 1.2790       | 0.9729     | 0.6004       | 1.4346   |           
373    | 3.0312     | 0.5002     | 1.2630       | 1.2679       | 0.9719     | 0.6006       | 1.4529   |           
374    | 2.9974     | 0.4702     | 1.2616       | 1.2657       | 0.9812     | 0.5714       | 1.4108   |           
375    | 3.0593     | 0.5051     | 1.2726       | 1.2816       | 0.9708     | 0.6027       | 1.4619   |           
376    | 3.0101     | 0.4581     | 1.2787       | 1.2733       | 0.9698     | 0.6046       | 1.4348   |           
377    | 3.0059     | 0.4687     | 1.2600       | 1.2772       | 0.9719     | 0.5985       | 1.4780   |           
378    | 2.9814     | 0.4372     | 1.2590       | 1.2852       | 0.9760     | 0.6122       | 1.4275   |           
379    | 3.0352     | 0.4967     | 1.2651       | 1.2734       | 0.9719     | 0.6670       | 1.4456   |           
380    | 3.0046     | 0.4518     | 1.2727       | 1.2801       | 0.9760     | 0.5907       | 1.2963   |           
381    | 3.0250     | 0.4758     | 1.2749       | 1.2743       | 0.9750     | 0.5722       | 1.4890   |           
382    | 3.0354     | 0.4786     | 1.2729       | 1.2839       | 0.9760     | 0.5498       | 1.3717   |           
383    | 2.9903     | 0.4626     | 1.2577       | 1.2700       | 0.9729     | 0.5587       | 1.5655   |           
384    | 3.0393     | 0.4856     | 1.2718       | 1.2819       | 0.9750     | 0.6015       | 1.4422   |           
385    | 3.0304     | 0.4713     | 1.2786       | 1.2805       | 0.9719     | 0.5460       | 1.4917   |           
386    | 3.0610     | 0.5211     | 1.2633       | 1.2766       | 0.9677     | 0.5413       | 1.4727   |           
387    | 3.0127     | 0.4599     | 1.2631       | 1.2898       | 0.9677     | 0.5775       | 1.4990   |           
388    | 2.9946     | 0.4440     | 1.2657       | 1.2849       | 0.9750     | 0.5689       | 1.4538   |           
389    | 3.0320     | 0.4679     | 1.2781       | 1.2860       | 0.9719     | 0.5709       | 1.4159   |           
390    | 3.1001     | 0.5198     | 1.2784       | 1.3019       | 0.9719     | 0.6012       | 1.3295   |           
391    | 3.0374     | 0.4661     | 1.2835       | 1.2877       | 0.9740     | 0.6693       | 1.4161   |           
392    | 3.0723     | 0.5027     | 1.2777       | 1.2919       | 0.9740     | 0.6112       | 1.3531   |           
393    | 3.0012     | 0.4361     | 1.2767       | 1.2884       | 0.9719     | 0.5692       | 1.3718   |           
394    | 3.0554     | 0.4817     | 1.2818       | 1.2920       | 0.9688     | 0.5893       | 1.4158   |           
395    | 3.0335     | 0.4699     | 1.2804       | 1.2832       | 0.9719     | 0.6118       | 1.4554   |           
396    | 3.0390     | 0.4845     | 1.2648       | 1.2897       | 0.9667     | 0.6365       | 1.3215   |           
397    | 3.0248     | 0.4561     | 1.2776       | 1.2912       | 0.9708     | 0.5761       | 1.4438   |           
398    | 3.0217     | 0.4670     | 1.2706       | 1.2841       | 0.9677     | 0.5722       | 1.3928   |           
399    | 3.0906     | 0.5185     | 1.2768       | 1.2952       | 0.9677     | 0.5635       | 1.3531   |           
400    | 3.0335     | 0.4918     | 1.2573       | 1.2843       | 0.9635     | 0.6042       | 1.4113   |           
Seed 123456 | Src Acc: 96.9388 | Src MDE: 0.0608 | Tgt Acc: 25.7143 | Tgt MDE: 1.5926
Finished Combo FusionCDAN_3_4. Results saved.
