/home/mcslab/yutung/MCSLAB_RSSI_RTT_Dataset/FusionDANN/fusion_dann_v4_noRSSIDiff.py:188: FutureWarning: DataFrameGroupBy.apply operated on the grouping columns. This behavior is deprecated, and in a future version of pandas the grouping columns will be excluded from the operation. Either pass `include_groups=False` to exclude the groupings or explicitly select the grouping columns after groupby to silence this warning.
  df = df.groupby('Label').apply(
/home/mcslab/yutung/MCSLAB_RSSI_RTT_Dataset/FusionDANN/fusion_dann_v4_noRSSIDiff.py:188: FutureWarning: DataFrameGroupBy.apply operated on the grouping columns. This behavior is deprecated, and in a future version of pandas the grouping columns will be excluded from the operation. Either pass `include_groups=False` to exclude the groupings or explicitly select the grouping columns after groupby to silence this warning.
  df = df.groupby('Label').apply(
==========================================
Experiment: FusionDANN_2_4
RSSI Features (4): Fixed
RTT Features (2): ['Dist_mm_2', 'Dist_mm_4']
==========================================
Start Training Seed 42...

Start Training... (Validate on Source Val & Target Val)
Epoch  | Total Loss | Train Cls  | Train D_RSSI | Train D_RTT | Val Cls    | Val D_RSSI | Val D_RTT  | Save        | Test MDE | Score  
---------------------------------------------------------------------------------------------------------------------------------------
1      | 6.2493     | 3.4609     | 1.3913       | 1.3971      | 2.9280     | 0.6818     | 0.6920     |             | 1.8240   | -0.864 
2      | 5.5198     | 2.7920     | 1.3645       | 1.3633      | 2.3992     | 0.6745     | 0.6836     |             | 1.3359   | -0.707 
3      | 5.0479     | 2.3513     | 1.3486       | 1.3480      | 1.9939     | 0.6696     | 0.6827     |             | 1.3659   | -0.587 
4      | 4.7002     | 2.0275     | 1.3342       | 1.3385      | 1.6680     | 0.6675     | 0.6824     |             | 1.2798   | -0.490 
5      | 4.4118     | 1.7777     | 1.3151       | 1.3190      | 1.4034     | 0.6640     | 0.6830     |             | 1.2595   | -0.412 
6      | 4.1775     | 1.5767     | 1.2940       | 1.3068      | 1.1736     | 0.6596     | 0.6795     |             | 1.1438   | -0.344 
7      | 3.9585     | 1.4006     | 1.2709       | 1.2870      | 0.9818     | 0.6532     | 0.6773     |             | 1.1180   | -0.289 
8      | 3.8056     | 1.2880     | 1.2492       | 1.2683      | 0.8045     | 0.6551     | 0.6724     |             | 1.0770   | -0.234 
9      | 3.6103     | 1.1285     | 1.2239       | 1.2579      | 0.6804     | 0.6443     | 0.6708     |             | 1.0637   | -0.201 
10     | 3.5140     | 1.0918     | 1.1903       | 1.2318      | 0.5782     | 0.6381     | 0.6630     |             | 1.0180   | -0.171 
11     | 3.3550     | 0.9863     | 1.1490       | 1.2197      | 0.5206     | 0.6357     | 0.6645     |             | 1.0548   | -0.155 
12     | 3.2279     | 0.9206     | 1.1255       | 1.1818      | 0.4382     | 0.6196     | 0.6568     |             | 1.0728   | -0.135 
13     | 3.1120     | 0.8734     | 1.0800       | 1.1586      | 0.4036     | 0.6031     | 0.6573     |             | 1.0461   | -0.131 
14     | 3.0070     | 0.8171     | 1.0495       | 1.1404      | 0.3587     | 0.6092     | 0.6574     |             | 0.9952   | -0.115 
15     | 2.9041     | 0.7775     | 1.0018       | 1.1248      | 0.3367     | 0.6118     | 0.6613     |             | 0.9802   | -0.109 
16     | 2.7896     | 0.7255     | 0.9540       | 1.1101      | 0.2973     | 0.6042     | 0.6529     |             | 0.9745   | -0.098 
17     | 2.7520     | 0.7095     | 0.9378       | 1.1047      | 0.2688     | 0.5895     | 0.6574     |             | 1.0645   | -0.096 
18     | 2.6474     | 0.6783     | 0.9091       | 1.0600      | 0.2529     | 0.5813     | 0.6552     |             | 1.0165   | -0.094 
19     | 2.5707     | 0.6359     | 0.8847       | 1.0502      | 0.2413     | 0.5708     | 0.6622     |             | 1.0632   | -0.097 
20     | 2.5342     | 0.6339     | 0.8533       | 1.0470      | 0.2218     | 0.5539     | 0.6517     |             | 1.0651   | -0.095 
21     | 2.4955     | 0.6183     | 0.8196       | 1.0575      | 0.2132     | 0.5830     | 0.6811     |             | 1.0080   | -0.087 
22     | 2.4072     | 0.6014     | 0.7875       | 1.0183      | 0.1833     | 0.5913     | 0.6564     |             | 1.0258   | -0.070 
23     | 2.3649     | 0.5706     | 0.7832       | 1.0110      | 0.1791     | 0.5834     | 0.6487     |             | 1.0410   | -0.070 
24     | 2.3496     | 0.5496     | 0.7787       | 1.0212      | 0.1789     | 0.5395     | 0.6719     |             | 1.0384   | -0.092 
25     | 2.2887     | 0.5330     | 0.7658       | 0.9899      | 0.1701     | 0.5561     | 0.6590     |             | 1.0471   | -0.080 
26     | 2.3159     | 0.5460     | 0.7638       | 1.0060      | 0.1605     | 0.5571     | 0.6674     |             | 1.0669   | -0.079 
27     | 2.3057     | 0.5051     | 0.7863       | 1.0144      | 0.1647     | 0.5309     | 0.6777     |             | 0.9565   | -0.093 
28     | 2.3378     | 0.5161     | 0.8028       | 1.0190      | 0.1552     | 0.5407     | 0.6576     |             | 1.0558   | -0.082 
29     | 2.3825     | 0.5098     | 0.8317       | 1.0410      | 0.1417     | 0.5510     | 0.6507     |             | 1.0526   | -0.072 
30     | 2.3679     | 0.4711     | 0.8557       | 1.0411      | 0.1442     | 0.5474     | 0.6590     |             | 1.0939   | -0.076 
31     | 2.4002     | 0.4826     | 0.8647       | 1.0529      | 0.1382     | 0.5576     | 0.6400     |             | 1.0005   | -0.066 
32     | 2.4916     | 0.4714     | 0.8839       | 1.1362      | 0.1400     | 0.5407     | 0.6769     |             | 1.0672   | -0.081 
33     | 2.5406     | 0.5008     | 0.9305       | 1.1093      | 0.1423     | 0.5559     | 0.6783     |             | 1.1224   | -0.076 
34     | 2.5649     | 0.5069     | 0.9187       | 1.1393      | 0.1351     | 0.5504     | 0.6716     |             | 1.0710   | -0.075 
35     | 2.5250     | 0.4589     | 0.9107       | 1.1555      | 0.1289     | 0.5596     | 0.6561     |             | 1.0591   | -0.066 
36     | 2.6056     | 0.4933     | 0.9237       | 1.1886      | 0.1252     | 0.5460     | 0.6444     |             | 1.0187   | -0.068 
37     | 2.6213     | 0.4903     | 0.9407       | 1.1903      | 0.1279     | 0.5547     | 0.6675     |             | 1.0170   | -0.070 
38     | 2.6052     | 0.4417     | 0.9527       | 1.2108      | 0.1152     | 0.5576     | 0.6641     |             | 1.0043   | -0.064 
39     | 2.6962     | 0.4618     | 0.9584       | 1.2760      | 0.1217     | 0.5830     | 0.6630     |             | 0.9812   | -0.056 
40     | 2.6491     | 0.4629     | 0.9456       | 1.2406      | 0.1423     | 0.5570     | 0.6637     |             | 1.0863   | -0.073 
41     | 2.6754     | 0.4529     | 0.9512       | 1.2713      | 0.1191     | 0.5332     | 0.6658     |             | 1.0404   | -0.076 
42     | 2.6105     | 0.4538     | 0.9440       | 1.2127      | 0.1200     | 0.5636     | 0.6405     |             | 1.0150   | -0.059 
43     | 2.5612     | 0.4199     | 0.9360       | 1.2053      | 0.1163     | 0.5546     | 0.6700     |             | 0.9934   | -0.067 
44     | 2.5831     | 0.4286     | 0.9467       | 1.2078      | 0.1217     | 0.5394     | 0.6466     |             | 1.0466   | -0.070 
45     | 2.6160     | 0.4355     | 0.9717       | 1.2088      | 0.1185     | 0.5366     | 0.6621     |             | 1.1114   | -0.073 
46     | 2.6592     | 0.4445     | 0.9749       | 1.2398      | 0.1232     | 0.5612     | 0.6710     |             | 1.1027   | -0.067 
47     | 2.6333     | 0.4541     | 0.9471       | 1.2321      | 0.1052     | 0.5143     | 0.6718     |             | 1.0567   | -0.080 
48     | 2.6359     | 0.4384     | 0.9715       | 1.2261      | 0.1119     | 0.5314     | 0.6650     |             | 1.0128   | -0.074 
49     | 2.7070     | 0.4473     | 0.9873       | 1.2724      | 0.1239     | 0.5075     | 0.6544     |             | 1.1293   | -0.085 
50     | 2.7415     | 0.4601     | 1.0048       | 1.2766      | 0.1200     | 0.5304     | 0.6483     |             | 1.0583   | -0.074 
51     | 2.7223     | 0.4339     | 1.0350       | 1.2534      | 0.1077     | 0.5632     | 0.6584     |             | 1.0184   | -0.059 
52     | 2.7042     | 0.4154     | 1.0431       | 1.2456      | 0.1156     | 0.5522     | 0.6505     |             | 0.9919   | -0.064 
53     | 2.7277     | 0.4183     | 1.0551       | 1.2543      | 0.1110     | 0.5824     | 0.6522     |             | 0.9813   | -0.051 
54     | 2.7931     | 0.4398     | 1.1123       | 1.2411      | 0.1192     | 0.5851     | 0.6446     |             | 0.9742   | -0.051 
55     | 2.7544     | 0.4050     | 1.1180       | 1.2314      | 0.1081     | 0.6122     | 0.6502     |             | 0.9566   | -0.038 
56     | 2.7634     | 0.4333     | 1.1185       | 1.2116      | 0.1059     | 0.6360     | 0.6641     |             | 1.0081   | -0.030 
57     | 2.8082     | 0.4374     | 1.1576       | 1.2132      | 0.1069     | 0.5833     | 0.6604     |             | 1.0175   | -0.051 
58     | 2.7564     | 0.4201     | 1.1374       | 1.1988      | 0.1027     | 0.5325     | 0.6551     |             | 1.0003   | -0.069 
59     | 2.7974     | 0.4382     | 1.1445       | 1.2147      | 0.1265     | 0.5925     | 0.6761     |             | 1.1040   | -0.056 
60     | 2.8007     | 0.4373     | 1.1459       | 1.2174      | 0.1060     | 0.5964     | 0.6623     |             | 0.9758   | -0.046 
61     | 2.7900     | 0.4233     | 1.1572       | 1.2094      | 0.1040     | 0.5960     | 0.6635     |             | 1.0588   | -0.045 
62     | 2.8078     | 0.4382     | 1.1537       | 1.2159      | 0.1005     | 0.5924     | 0.6357     |             | 1.0676   | -0.040 
63     | 2.7004     | 0.3869     | 1.0948       | 1.2187      | 0.1031     | 0.5578     | 0.6544     |             | 1.0567   | -0.059 
64     | 2.7224     | 0.4001     | 1.1173       | 1.2051      | 0.0886     | 0.5973     | 0.6480     |             | 0.9899   | -0.037 
65     | 2.7198     | 0.3768     | 1.1342       | 1.2088      | 0.1023     | 0.5686     | 0.6505     |             | 1.0171   | -0.053 
66     | 2.7191     | 0.3843     | 1.1067       | 1.2280      | 0.0988     | 0.5686     | 0.6454     |             | 1.0454   | -0.051 
67     | 2.7354     | 0.4268     | 1.1126       | 1.1961      | 0.1034     | 0.5807     | 0.6656     |             | 0.9056   | -0.052 
68     | 2.6684     | 0.3782     | 1.0911       | 1.1991      | 0.0995     | 0.5731     | 0.6563     |             | 1.0381   | -0.052 
69     | 2.6463     | 0.3504     | 1.0923       | 1.2036      | 0.0940     | 0.5568     | 0.6483     |             | 1.0576   | -0.055 
70     | 2.6697     | 0.3893     | 1.0794       | 1.2011      | 0.1008     | 0.5687     | 0.6812     |             | 1.0131   | -0.059 
71     | 2.7356     | 0.4048     | 1.1024       | 1.2284      | 0.0996     | 0.5879     | 0.6722     |             | 0.9816   | -0.049 
72     | 2.6893     | 0.3700     | 1.1062       | 1.2130      | 0.0910     | 0.5342     | 0.6676     |             | 1.0763   | -0.067 
73     | 2.7556     | 0.3944     | 1.1098       | 1.2514      | 0.1030     | 0.5879     | 0.6972     |             | 1.0068   | -0.055 
74     | 2.7385     | 0.3739     | 1.1109       | 1.2536      | 0.0895     | 0.5531     | 0.6842     |             | 1.0022   | -0.062 
75     | 2.7402     | 0.3649     | 1.1335       | 1.2417      | 0.0908     | 0.5932     | 0.6799     |             | 0.9403   | -0.046 
76     | 2.6326     | 0.3363     | 1.0780       | 1.2182      | 0.0854     | 0.5501     | 0.6846     |             | 0.9864   | -0.062 
77     | 2.7243     | 0.3820     | 1.1020       | 1.2404      | 0.0813     | 0.5482     | 0.6712     |             | 0.9854   | -0.059 
78     | 2.7304     | 0.3484     | 1.1154       | 1.2666      | 0.0940     | 0.5766     | 0.6682     |             | 1.0241   | -0.051 
79     | 2.7224     | 0.3626     | 1.0987       | 1.2611      | 0.0855     | 0.5599     | 0.6732     |             | 1.0006   | -0.056 
80     | 2.7290     | 0.3569     | 1.1197       | 1.2524      | 0.0942     | 0.5736     | 0.6840     |             | 0.9564   | -0.056 
81     | 2.7326     | 0.3604     | 1.1103       | 1.2619      | 0.0887     | 0.5528     | 0.6783     |             | 0.9700   | -0.061 
82     | 2.7439     | 0.3748     | 1.1157       | 1.2534      | 0.0938     | 0.5939     | 0.7045     |             | 1.0471   | -0.051 
83     | 2.7259     | 0.3654     | 1.1178       | 1.2428      | 0.0890     | 0.5771     | 0.6629     |             | 1.0096   | -0.048 
84     | 2.7014     | 0.3626     | 1.1098       | 1.2290      | 0.0804     | 0.5650     | 0.6490     |             | 0.9862   | -0.048 
85     | 2.7053     | 0.3622     | 1.1060       | 1.2371      | 0.0883     | 0.5662     | 0.6755     |             | 1.0185   | -0.055 
86     | 2.7484     | 0.3852     | 1.1256       | 1.2376      | 0.0987     | 0.5938     | 0.6876     |             | 0.9652   | -0.050 
87     | 2.7035     | 0.3681     | 1.1093       | 1.2261      | 0.0972     | 0.6212     | 0.6519     |             | 0.9619   | -0.031 
88     | 2.7016     | 0.3451     | 1.1415       | 1.2150      | 0.0900     | 0.5928     | 0.6467     |             | 0.9721   | -0.039 
89     | 2.7246     | 0.3425     | 1.1692       | 1.2128      | 0.0897     | 0.5998     | 0.6618     |             | 1.0268   | -0.039 
90     | 2.7218     | 0.3383     | 1.1824       | 1.2011      | 0.0877     | 0.6189     | 0.6620     |             | 0.9772   | -0.031 
91     | 2.7744     | 0.3589     | 1.2025       | 1.2130      | 0.0886     | 0.6475     | 0.6663     |             | 1.0522   | -0.021 
92     | 2.8243     | 0.3881     | 1.2308       | 1.2053      | 0.0853     | 0.6164     | 0.6784     |             | 1.0583   | -0.035 
93     | 2.7516     | 0.3508     | 1.1998       | 1.2011      | 0.0859     | 0.6256     | 0.6620     |             | 0.9521   | -0.028 
94     | 2.7576     | 0.3384     | 1.2057       | 1.2135      | 0.0906     | 0.5990     | 0.6609     |             | 0.9972   | -0.040 
95     | 2.7488     | 0.3352     | 1.1961       | 1.2174      | 0.0868     | 0.6029     | 0.6761     |             | 0.9531   | -0.040 
96     | 2.7877     | 0.3599     | 1.1960       | 1.2318      | 0.0800     | 0.6108     | 0.6603     |             | 0.9623   | -0.032 
97     | 2.7485     | 0.3437     | 1.1935       | 1.2112      | 0.0897     | 0.5906     | 0.6570     |             | 0.9059   | -0.042 
98     | 2.7481     | 0.3321     | 1.2110       | 1.2051      | 0.0823     | 0.6125     | 0.6580     |             | 0.9231   | -0.031 
99     | 2.7860     | 0.3617     | 1.2149       | 1.2094      | 0.0875     | 0.6169     | 0.6628     |             | 0.9555   | -0.032 
100    | 2.8242     | 0.3572     | 1.2305       | 1.2366      | 0.0925     | 0.6177     | 0.6490     |             | 0.9702   | -0.030 
101    | 2.8117     | 0.3578     | 1.2181       | 1.2357      | 0.0830     | 0.6029     | 0.6587     |             | 0.9669   | -0.035 
102    | 2.7929     | 0.3641     | 1.2093       | 1.2195      | 0.0790     | 0.5904     | 0.6713     |             | 0.9669   | -0.042 
103    | 2.7421     | 0.3360     | 1.1713       | 1.2348      | 0.0797     | 0.5835     | 0.6564     |             | 0.9328   | -0.042 
104    | 2.7403     | 0.3181     | 1.1968       | 1.2255      | 0.0814     | 0.5910     | 0.6514     |             | 0.9772   | -0.038 
105    | 2.7730     | 0.3340     | 1.1881       | 1.2508      | 0.0780     | 0.5751     | 0.6722     |             | 0.9664   | -0.048 
106    | 2.7173     | 0.3204     | 1.1510       | 1.2458      | 0.0760     | 0.5621     | 0.6808     |             | 0.9665   | -0.054 
107    | 2.7581     | 0.3163     | 1.1799       | 1.2619      | 0.0843     | 0.5886     | 0.6687     |             | 0.9599   | -0.044 
108    | 2.7351     | 0.3253     | 1.1746       | 1.2352      | 0.0888     | 0.5951     | 0.6559     |             | 0.9895   | -0.040 
109    | 2.7119     | 0.3099     | 1.1871       | 1.2148      | 0.0857     | 0.5816     | 0.6753     |             | 0.9371   | -0.048 
110    | 2.7763     | 0.3528     | 1.1898       | 1.2337      | 0.0870     | 0.5730     | 0.6495     |             | 0.9831   | -0.047 
111    | 2.7130     | 0.3244     | 1.1656       | 1.2229      | 0.0805     | 0.5860     | 0.6542     |             | 0.9226   | -0.041 
112    | 2.7175     | 0.3148     | 1.1748       | 1.2279      | 0.0741     | 0.5887     | 0.6521     |             | 0.9684   | -0.037 
113    | 2.7172     | 0.3278     | 1.1595       | 1.2299      | 0.0768     | 0.5994     | 0.6688     |             | 0.9838   | -0.037 
114    | 2.6626     | 0.3102     | 1.1474       | 1.2051      | 0.0785     | 0.5819     | 0.6403     |             | 1.0161   | -0.039 
115    | 2.6532     | 0.2896     | 1.1421       | 1.2215      | 0.0839     | 0.5789     | 0.6585     |             | 0.9415   | -0.045 
116    | 2.7064     | 0.3143     | 1.1480       | 1.2441      | 0.0862     | 0.5651     | 0.6536     |             | 0.9590   | -0.051 
117    | 2.6509     | 0.3059     | 1.1248       | 1.2202      | 0.0712     | 0.5483     | 0.6480     |             | 0.9183   | -0.052 
118    | 2.6609     | 0.3176     | 1.1433       | 1.2001      | 0.0717     | 0.5635     | 0.6530     |             | 1.0073   | -0.047 
119    | 2.6598     | 0.3018     | 1.1580       | 1.2000      | 0.0836     | 0.5563     | 0.6526     |             | 0.9676   | -0.053 
120    | 2.6705     | 0.3038     | 1.1482       | 1.2185      | 0.0753     | 0.5580     | 0.6534     |             | 1.0205   | -0.050 
121    | 2.6605     | 0.3133     | 1.1374       | 1.2097      | 0.0720     | 0.5547     | 0.6365     |             | 0.9860   | -0.047 
122    | 2.6861     | 0.3004     | 1.1760       | 1.2097      | 0.0729     | 0.5594     | 0.6571     |             | 1.0146   | -0.050 
123    | 2.6867     | 0.2982     | 1.1750       | 1.2135      | 0.0847     | 0.5715     | 0.6413     |             | 1.0086   | -0.045 
124    | 2.7196     | 0.3109     | 1.1861       | 1.2226      | 0.0798     | 0.5425     | 0.6648     |             | 0.9477   | -0.060 
125    | 2.7433     | 0.3304     | 1.2179       | 1.1949      | 0.0817     | 0.5702     | 0.6456     |             | 1.0713   | -0.046 
126    | 2.7918     | 0.3399     | 1.2378       | 1.2142      | 0.0818     | 0.5742     | 0.6774     |             | 1.1104   | -0.050 
127    | 2.7196     | 0.3046     | 1.2105       | 1.2046      | 0.0739     | 0.5797     | 0.6815     |             | 1.0522   | -0.047 
128    | 2.7166     | 0.2869     | 1.1871       | 1.2426      | 0.0802     | 0.5614     | 0.7020     |             | 1.0600   | -0.060 
129    | 2.6835     | 0.2887     | 1.1626       | 1.2322      | 0.0757     | 0.5541     | 0.6521     |             | 1.0734   | -0.051 
130    | 2.6731     | 0.2969     | 1.1645       | 1.2118      | 0.0834     | 0.5457     | 0.6408     |             | 0.9757   | -0.055 
131    | 2.6909     | 0.3141     | 1.1619       | 1.2149      | 0.0792     | 0.5582     | 0.6542     |             | 1.0619   | -0.051 
132    | 2.7276     | 0.3090     | 1.1804       | 1.2382      | 0.0805     | 0.5605     | 0.6243     |             | 1.0242   | -0.045 
133    | 2.7322     | 0.3182     | 1.1895       | 1.2245      | 0.0696     | 0.5580     | 0.6474     |             | 1.0776   | -0.047 
134    | 2.6996     | 0.2949     | 1.1695       | 1.2352      | 0.0763     | 0.5887     | 0.6532     |             | 1.1166   | -0.038 
135    | 2.7384     | 0.3073     | 1.1857       | 1.2453      | 0.0757     | 0.5621     | 0.6567     |             | 1.0345   | -0.049 
136    | 2.7283     | 0.3150     | 1.1656       | 1.2477      | 0.0817     | 0.5615     | 0.6493     |             | 1.0080   | -0.050 
137    | 2.6531     | 0.2546     | 1.1633       | 1.2352      | 0.0804     | 0.5599     | 0.6446     |             | 0.9740   | -0.049 
138    | 2.6544     | 0.2694     | 1.1770       | 1.2080      | 0.0744     | 0.5587     | 0.6442     |             | 1.0328   | -0.048 
139    | 2.7394     | 0.2722     | 1.2308       | 1.2364      | 0.0765     | 0.6118     | 0.6508     |             | 1.0358   | -0.028 
140    | 2.7925     | 0.3115     | 1.2417       | 1.2394      | 0.0791     | 0.6052     | 0.6734     |             | 1.1168   | -0.036 
141    | 2.6995     | 0.2960     | 1.1735       | 1.2300      | 0.0897     | 0.5815     | 0.6727     |             | 1.1379   | -0.049 
142    | 2.6605     | 0.2992     | 1.1501       | 1.2113      | 0.0798     | 0.5941     | 0.6477     |             | 1.0332   | -0.036 
143    | 2.6046     | 0.2629     | 1.1401       | 1.2016      | 0.0785     | 0.5895     | 0.6506     |             | 0.9960   | -0.038 
144    | 2.6142     | 0.2709     | 1.1474       | 1.1959      | 0.0776     | 0.5759     | 0.6595     |             | 1.0456   | -0.045 
145    | 2.6981     | 0.3072     | 1.1725       | 1.2184      | 0.0849     | 0.5994     | 0.6877     |             | 1.0464   | -0.043 
146    | 2.6695     | 0.2971     | 1.1637       | 1.2086      | 0.0843     | 0.5989     | 0.6732     |             | 0.9744   | -0.040 
147    | 2.6900     | 0.3077     | 1.1823       | 1.2000      | 0.0714     | 0.5966     | 0.6635     |             | 0.9940   | -0.035 
148    | 2.7239     | 0.2983     | 1.1856       | 1.2399      | 0.0785     | 0.6088     | 0.6487     |             | 1.0671   | -0.030 
149    | 2.7172     | 0.3030     | 1.1824       | 1.2318      | 0.0806     | 0.5944     | 0.6509     |             | 1.0178   | -0.037 
150    | 2.6694     | 0.2846     | 1.1992       | 1.1857      | 0.0764     | 0.6091     | 0.6478     |             | 1.0460   | -0.029 
151    | 2.6627     | 0.2646     | 1.1821       | 1.2160      | 0.0767     | 0.6011     | 0.6397     |             | 1.0731   | -0.030 
152    | 2.6107     | 0.2625     | 1.1537       | 1.1945      | 0.0712     | 0.6219     | 0.6459     |             | 0.9635   | -0.022 
153    | 2.7080     | 0.2748     | 1.1767       | 1.2565      | 0.0729     | 0.6126     | 0.6836     |             | 1.0459   | -0.034 
154    | 2.7138     | 0.2788     | 1.1764       | 1.2586      | 0.0819     | 0.6307     | 0.6522     |             | 1.1109   | -0.023 
155    | 2.7322     | 0.2849     | 1.1833       | 1.2639      | 0.0810     | 0.6166     | 0.6547     |             | 1.1331   | -0.029 
156    | 2.7068     | 0.2804     | 1.1713       | 1.2551      | 0.0653     | 0.6333     | 0.6564     |             | 1.0520   | -0.018 
157    | 2.7501     | 0.2890     | 1.2112       | 1.2498      | 0.0753     | 0.6129     | 0.6548     |             | 1.1572   | -0.028 
158    | 2.7103     | 0.2668     | 1.2238       | 1.2197      | 0.0757     | 0.6135     | 0.6771     |             | 1.1480   | -0.033 
159    | 2.7410     | 0.2919     | 1.2047       | 1.2444      | 0.0765     | 0.6201     | 0.6800     |             | 1.1328   | -0.031 
160    | 2.6909     | 0.2961     | 1.1664       | 1.2285      | 0.0692     | 0.6361     | 0.6763     |             | 1.1251   | -0.022 
161    | 2.6805     | 0.2879     | 1.1819       | 1.2107      | 0.0750     | 0.6186     | 0.6486     |             | 1.1303   | -0.025 
162    | 2.7167     | 0.3032     | 1.1858       | 1.2278      | 0.0787     | 0.6113     | 0.6636     |             | 0.9768   | -0.032 
163    | 2.7242     | 0.2748     | 1.2029       | 1.2465      | 0.0743     | 0.6278     | 0.6692     |             | 1.0848   | -0.025 
164    | 2.7601     | 0.2993     | 1.2041       | 1.2567      | 0.0776     | 0.6308     | 0.6640     |             | 1.0898   | -0.024 
165    | 2.7780     | 0.2920     | 1.2316       | 1.2544      | 0.0770     | 0.6296     | 0.6752     |             | 1.1035   | -0.026 
166    | 2.8196     | 0.3213     | 1.2188       | 1.2795      | 0.0783     | 0.6116     | 0.6526     |             | 1.1208   | -0.029 
167    | 2.7852     | 0.2939     | 1.2155       | 1.2758      | 0.0819     | 0.6315     | 0.6658     |             | 1.0999   | -0.025 
168    | 2.7613     | 0.3027     | 1.2138       | 1.2448      | 0.0859     | 0.6027     | 0.6583     |             | 0.9938   | -0.036 
169    | 2.7580     | 0.2977     | 1.2009       | 1.2595      | 0.0845     | 0.6217     | 0.6391     |             | 1.0771   | -0.024 
170    | 2.6925     | 0.2558     | 1.1721       | 1.2646      | 0.0753     | 0.6063     | 0.6488     |             | 0.9804   | -0.030 
171    | 2.7914     | 0.3030     | 1.1904       | 1.2980      | 0.0723     | 0.6082     | 0.6807     |             | 0.9809   | -0.035 
172    | 2.8090     | 0.2781     | 1.2137       | 1.3172      | 0.0771     | 0.6154     | 0.6820     |             | 0.9619   | -0.033 
173    | 2.8213     | 0.2852     | 1.2390       | 1.2971      | 0.0708     | 0.6137     | 0.6718     |             | 0.9532   | -0.030 
174    | 2.7736     | 0.2920     | 1.2013       | 1.2804      | 0.0833     | 0.6095     | 0.6594     |             | 0.9806   | -0.033 
175    | 2.7242     | 0.2559     | 1.1770       | 1.2913      | 0.0788     | 0.6189     | 0.6529     |             | 0.9409   | -0.027 
176    | 2.7259     | 0.2827     | 1.1687       | 1.2745      | 0.0813     | 0.6273     | 0.6306     |             | 1.0299   | -0.020 
177    | 2.6820     | 0.2605     | 1.1624       | 1.2590      | 0.0768     | 0.6174     | 0.6522     |             | 1.0566   | -0.026 
178    | 2.7171     | 0.2695     | 1.1839       | 1.2637      | 0.0731     | 0.6040     | 0.6570     |             | 0.9862   | -0.032 
179    | 2.6817     | 0.2738     | 1.1762       | 1.2317      | 0.0711     | 0.6067     | 0.6472     |             | 0.9918   | -0.028 
180    | 2.7130     | 0.2712     | 1.1779       | 1.2638      | 0.0788     | 0.6127     | 0.6674     |             | 0.9565   | -0.032 
181    | 2.7248     | 0.2783     | 1.1809       | 1.2657      | 0.0747     | 0.6275     | 0.6557     |             | 0.9973   | -0.023 
182    | 2.7659     | 0.2791     | 1.2075       | 1.2792      | 0.0705     | 0.6232     | 0.6611     |             | 0.9826   | -0.024 
183    | 2.7180     | 0.2810     | 1.1662       | 1.2708      | 0.0767     | 0.6032     | 0.6708     |             | 0.9674   | -0.036 
184    | 2.7429     | 0.2804     | 1.1726       | 1.2898      | 0.0756     | 0.6233     | 0.6571     |             | 0.9922   | -0.025 
185    | 2.7479     | 0.2952     | 1.1835       | 1.2691      | 0.0845     | 0.6360     | 0.6699     |             | 1.0022   | -0.025 
186    | 2.7516     | 0.2779     | 1.1828       | 1.2909      | 0.0764     | 0.6296     | 0.6708     |             | 1.0019   | -0.025 
187    | 2.6965     | 0.2610     | 1.1764       | 1.2591      | 0.0757     | 0.6225     | 0.6672     |             | 0.9337   | -0.027 
188    | 2.7453     | 0.2980     | 1.1724       | 1.2749      | 0.0698     | 0.5987     | 0.6559     |             | 1.0361   | -0.033 
189    | 2.7822     | 0.2917     | 1.2022       | 1.2883      | 0.0780     | 0.6228     | 0.6876     |             | 0.9327   | -0.032 
190    | 2.7360     | 0.2633     | 1.1834       | 1.2893      | 0.0682     | 0.6097     | 0.6656     |             | 0.9582   | -0.030 
191    | 2.7863     | 0.2822     | 1.2024       | 1.3017      | 0.0785     | 0.5902     | 0.6739     |             | 0.9706   | -0.042 
192    | 2.7641     | 0.2825     | 1.1877       | 1.2939      | 0.0767     | 0.5854     | 0.6588     |             | 1.0000   | -0.041 
193    | 2.7694     | 0.3069     | 1.1918       | 1.2708      | 0.0821     | 0.5966     | 0.6522     |             | 0.9607   | -0.036 
194    | 2.6792     | 0.2802     | 1.1650       | 1.2340      | 0.0744     | 0.5668     | 0.6761     |             | 0.9232   | -0.051 
195    | 2.6748     | 0.2692     | 1.1597       | 1.2458      | 0.0677     | 0.5751     | 0.6680     |             | 0.9296   | -0.044 
196    | 2.6808     | 0.2823     | 1.1657       | 1.2328      | 0.0679     | 0.5742     | 0.6572     |             | 0.9908   | -0.042 
197    | 2.7824     | 0.3182     | 1.2116       | 1.2525      | 0.0790     | 0.6090     | 0.6564     |             | 0.9705   | -0.031 
198    | 2.7893     | 0.2924     | 1.2518       | 1.2451      | 0.0724     | 0.6410     | 0.6440     |             | 1.0258   | -0.014 
199    | 2.8459     | 0.3169     | 1.2834       | 1.2455      | 0.0884     | 0.6506     | 0.6633     |             | 0.9825   | -0.019 
200    | 2.8601     | 0.2942     | 1.3097       | 1.2563      | 0.0768     | 0.6581     | 0.6429     |             | 0.9466   | -0.017 
201    | 2.8743     | 0.2937     | 1.3143       | 1.2663      | 0.0886     | 0.6510     | 0.6760     |             | 0.9069   | -0.021 
202    | 2.8364     | 0.2958     | 1.2817       | 1.2589      | 0.0973     | 0.6792     | 0.6443     |             | 0.9838   | -0.027 
203    | 2.7847     | 0.2663     | 1.2646       | 1.2538      | 0.0826     | 0.6470     | 0.6628     |             | 0.9691   | -0.019 
204    | 2.7629     | 0.2926     | 1.2336       | 1.2367      | 0.0752     | 0.6112     | 0.6710     |             | 1.0165   | -0.032 
205    | 2.7553     | 0.3176     | 1.1948       | 1.2429      | 0.0736     | 0.6019     | 0.6718     |             | 0.9751   | -0.036 
206    | 2.7408     | 0.2924     | 1.2120       | 1.2363      | 0.0960     | 0.6446     | 0.6749     |             | 1.0386   | -0.026 
207    | 2.8068     | 0.2866     | 1.2769       | 1.2432      | 0.0903     | 0.6316     | 0.6540     |             | 1.0165   | -0.025 
208    | 2.7481     | 0.2720     | 1.2290       | 1.2471      | 0.0773     | 0.6204     | 0.6543     |             | 1.0183   | -0.026 
209    | 2.7235     | 0.2730     | 1.1839       | 1.2666      | 0.0841     | 0.5983     | 0.6732     |             | 0.9938   | -0.041 
210    | 2.7182     | 0.2718     | 1.1742       | 1.2723      | 0.0918     | 0.5889     | 0.6465     |             | 0.9297   | -0.041 
211    | 2.7075     | 0.2697     | 1.1666       | 1.2712      | 0.0920     | 0.6063     | 0.6942     |             | 0.9567   | -0.044 
212    | 2.7813     | 0.3013     | 1.1935       | 1.2865      | 0.0815     | 0.5987     | 0.6751     |             | 1.0474   | -0.040 
213    | 2.7503     | 0.2874     | 1.2032       | 1.2598      | 0.0773     | 0.5843     | 0.6586     |             | 0.9840   | -0.041 
214    | 2.6868     | 0.2579     | 1.1862       | 1.2428      | 0.0843     | 0.6105     | 0.6794     |             | 0.9618   | -0.037 
215    | 2.7113     | 0.2767     | 1.1827       | 1.2519      | 0.0816     | 0.5934     | 0.6711     |             | 1.0124   | -0.041 
216    | 2.7404     | 0.2593     | 1.1941       | 1.2869      | 0.0852     | 0.6320     | 0.6602     |             | 1.0450   | -0.025 
217    | 2.7973     | 0.3009     | 1.1906       | 1.3058      | 0.0768     | 0.6040     | 0.6711     |             | 1.0304   | -0.036 
218    | 2.7556     | 0.2586     | 1.2020       | 1.2949      | 0.0891     | 0.6392     | 0.6746     |             | 1.1274   | -0.026 
219    | 2.7602     | 0.2730     | 1.1984       | 1.2888      | 0.0805     | 0.6010     | 0.6861     |             | 1.0602   | -0.041 
220    | 2.6780     | 0.2394     | 1.1772       | 1.2614      | 0.0804     | 0.5935     | 0.6635     |             | 0.9945   | -0.039 
221    | 2.6710     | 0.2485     | 1.1562       | 1.2664      | 0.0756     | 0.5903     | 0.6836     |             | 1.0616   | -0.043 
222    | 2.7085     | 0.2606     | 1.1564       | 1.2914      | 0.0766     | 0.5690     | 0.6844     |             | 1.0127   | -0.052 
223    | 2.6886     | 0.2682     | 1.1489       | 1.2715      | 0.0786     | 0.5779     | 0.6554     |             | 1.1061   | -0.043 
224    | 2.6811     | 0.2563     | 1.1594       | 1.2655      | 0.0804     | 0.5859     | 0.6537     |             | 0.9343   | -0.040 
225    | 2.7027     | 0.2901     | 1.1639       | 1.2487      | 0.0828     | 0.6109     | 0.6560     |             | 0.9983   | -0.032 
226    | 2.6710     | 0.2354     | 1.1717       | 1.2640      | 0.0826     | 0.6064     | 0.6790     |             | 0.9832   | -0.038 
227    | 2.7122     | 0.2472     | 1.1793       | 1.2856      | 0.0760     | 0.6010     | 0.6591     |             | 0.9620   | -0.034 
228    | 2.6897     | 0.2390     | 1.1861       | 1.2646      | 0.0762     | 0.6054     | 0.6470     |             | 0.9822   | -0.030 
229    | 2.7122     | 0.2650     | 1.1848       | 1.2624      | 0.0814     | 0.5813     | 0.6523     |             | 0.9620   | -0.042 
230    | 2.7039     | 0.2602     | 1.1810       | 1.2627      | 0.0769     | 0.5928     | 0.6642     |             | 1.0308   | -0.039 
231    | 2.7853     | 0.2973     | 1.2016       | 1.2865      | 0.0755     | 0.5791     | 0.6659     |             | 0.9677   | -0.044 
232    | 2.7044     | 0.2516     | 1.1798       | 1.2730      | 0.0764     | 0.5656     | 0.6768     |             | 1.0753   | -0.052 
233    | 2.7290     | 0.2403     | 1.1841       | 1.3045      | 0.0772     | 0.6094     | 0.6603     |             | 1.0379   | -0.031 
234    | 2.7099     | 0.2378     | 1.1964       | 1.2757      | 0.0761     | 0.5642     | 0.6576     |             | 0.9978   | -0.049 
235    | 2.7629     | 0.2776     | 1.1900       | 1.2952      | 0.0789     | 0.5974     | 0.6539     |             | 1.0443   | -0.036 
236    | 2.7559     | 0.2611     | 1.2196       | 1.2752      | 0.0761     | 0.6048     | 0.6497     |             | 1.0879   | -0.031 
237    | 2.7392     | 0.2516     | 1.2373       | 1.2503      | 0.0729     | 0.5915     | 0.6429     |             | 1.0275   | -0.034 
238    | 2.7412     | 0.2475     | 1.2377       | 1.2560      | 0.0712     | 0.5760     | 0.6337     |             | 0.9984   | -0.038 
239    | 2.7795     | 0.2624     | 1.2573       | 1.2598      | 0.0815     | 0.5926     | 0.6429     |             | 1.0246   | -0.036 
240    | 2.7447     | 0.2535     | 1.2417       | 1.2495      | 0.0664     | 0.5811     | 0.6542     |             | 1.0331   | -0.038 
241    | 2.8038     | 0.2641     | 1.2641       | 1.2756      | 0.0791     | 0.6178     | 0.6441     |             | 1.0506   | -0.025 
242    | 2.8627     | 0.2946     | 1.3031       | 1.2650      | 0.0798     | 0.6347     | 0.6599     |             | 1.0166   | -0.022 
243    | 2.8400     | 0.2717     | 1.3034       | 1.2648      | 0.0828     | 0.6356     | 0.6370     |             | 1.0806   | -0.018 
244    | 2.8481     | 0.2784     | 1.2959       | 1.2739      | 0.0705     | 0.6156     | 0.6311     |             | 0.9723   | -0.021 
245    | 2.7947     | 0.2453     | 1.2893       | 1.2601      | 0.0698     | 0.6002     | 0.6743     |             | 0.9628   | -0.036 
246    | 2.8008     | 0.2763     | 1.2609       | 1.2636      | 0.0689     | 0.6000     | 0.6438     |             | 0.9493   | -0.029 
247    | 2.7529     | 0.2614     | 1.2388       | 1.2527      | 0.0781     | 0.5919     | 0.6518     |             | 0.9757   | -0.037 
248    | 2.7355     | 0.2546     | 1.2327       | 1.2482      | 0.0728     | 0.5604     | 0.6511     |             | 0.9220   | -0.048 
249    | 2.7192     | 0.2593     | 1.2327       | 1.2272      | 0.0726     | 0.6171     | 0.6430     |             | 0.9031   | -0.024 
250    | 2.7743     | 0.2808     | 1.2480       | 1.2455      | 0.0714     | 0.6091     | 0.6541     |             | 0.9436   | -0.029 
251    | 2.7406     | 0.2592     | 1.2315       | 1.2499      | 0.0867     | 0.6209     | 0.6532     |             | 0.9577   | -0.028 
252    | 2.7058     | 0.2504     | 1.2111       | 1.2443      | 0.0758     | 0.5632     | 0.6629     |             | 0.9569   | -0.050 
253    | 2.7593     | 0.2736     | 1.2131       | 1.2725      | 0.0893     | 0.5736     | 0.6599     |             | 1.0521   | -0.049 
254    | 2.7333     | 0.2550     | 1.2202       | 1.2581      | 0.0947     | 0.5764     | 0.6685     |             | 1.0685   | -0.052 
255    | 2.7897     | 0.2846     | 1.2354       | 1.2697      | 0.0832     | 0.5928     | 0.6670     |             | 1.0783   | -0.041 
256    | 2.7966     | 0.2646     | 1.2547       | 1.2772      | 0.0891     | 0.5759     | 0.6516     |             | 1.1229   | -0.047 
257    | 2.8154     | 0.2930     | 1.2480       | 1.2744      | 0.0841     | 0.5952     | 0.6533     |             | 1.0858   | -0.038 
258    | 2.7693     | 0.2676     | 1.2516       | 1.2502      | 0.0745     | 0.5774     | 0.6558     |             | 1.1143   | -0.043 
259    | 2.8034     | 0.2724     | 1.2669       | 1.2641      | 0.0784     | 0.5803     | 0.6660     |             | 0.9651   | -0.045 
260    | 2.7908     | 0.2611     | 1.2836       | 1.2461      | 0.0739     | 0.5914     | 0.6733     |             | 0.9827   | -0.040 
261    | 2.7747     | 0.2592     | 1.2452       | 1.2702      | 0.0840     | 0.5930     | 0.6721     |             | 1.0356   | -0.042 
262    | 2.7678     | 0.2516     | 1.2535       | 1.2627      | 0.0836     | 0.5959     | 0.6497     |             | 1.0414   | -0.037 
263    | 2.7636     | 0.2581     | 1.2295       | 1.2760      | 0.0754     | 0.6081     | 0.6528     |             | 1.0205   | -0.030 
264    | 2.7043     | 0.2446     | 1.2300       | 1.2297      | 0.0740     | 0.6153     | 0.6455     |             | 1.0050   | -0.025 
265    | 2.7378     | 0.2535     | 1.2245       | 1.2598      | 0.0733     | 0.5915     | 0.6654     |             | 1.0467   | -0.038 
266    | 2.7425     | 0.2527     | 1.2347       | 1.2551      | 0.0691     | 0.5805     | 0.6412     |             | 1.0139   | -0.037 
267    | 2.7573     | 0.2461     | 1.2430       | 1.2682      | 0.0792     | 0.6105     | 0.6820     |             | 1.0924   | -0.036 
268    | 2.7273     | 0.2406     | 1.2288       | 1.2579      | 0.0601     | 0.6112     | 0.6467     |             | 1.1107   | -0.023 
269    | 2.7223     | 0.2309     | 1.2327       | 1.2587      | 0.0621     | 0.5986     | 0.6436     |             | 1.0267   | -0.028 
270    | 2.7321     | 0.2379     | 1.2171       | 1.2771      | 0.0654     | 0.5997     | 0.6765     |             | 1.0008   | -0.035 
271    | 2.7329     | 0.2258     | 1.2120       | 1.2951      | 0.0673     | 0.6030     | 0.6740     |             | 1.0256   | -0.034 
272    | 2.7892     | 0.2691     | 1.2172       | 1.3029      | 0.0638     | 0.6050     | 0.6770     |             | 1.0913   | -0.033 
273    | 2.7233     | 0.2321     | 1.2161       | 1.2751      | 0.0658     | 0.6184     | 0.6609     |             | 1.1222   | -0.025 
274    | 2.7539     | 0.2587     | 1.2135       | 1.2816      | 0.0728     | 0.5958     | 0.6849     |             | 1.1353   | -0.040 
275    | 2.7450     | 0.2382     | 1.2270       | 1.2799      | 0.0694     | 0.6040     | 0.6819     |             | 1.2285   | -0.036 
276    | 2.7554     | 0.2457     | 1.2387       | 1.2711      | 0.0670     | 0.6420     | 0.6511     |             | 1.0468   | -0.013 
277    | 2.7602     | 0.2472     | 1.2449       | 1.2681      | 0.0697     | 0.6068     | 0.6487     |             | 1.0972   | -0.028 
278    | 2.7466     | 0.2344     | 1.2395       | 1.2727      | 0.0684     | 0.6025     | 0.6492     |             | 1.0639   | -0.029 
279    | 2.7809     | 0.2622     | 1.2285       | 1.2902      | 0.0774     | 0.5826     | 0.6461     |             | 1.0426   | -0.039 
280    | 2.7300     | 0.2339     | 1.2140       | 1.2820      | 0.0718     | 0.5985     | 0.6676     |             | 1.0366   | -0.036 
281    | 2.7189     | 0.2392     | 1.2171       | 1.2626      | 0.0718     | 0.5757     | 0.6574     |             | 1.0380   | -0.043 
282    | 2.7059     | 0.2428     | 1.2178       | 1.2452      | 0.0772     | 0.5791     | 0.6593     |             | 1.0233   | -0.043 
283    | 2.7691     | 0.2644     | 1.2143       | 1.2904      | 0.0794     | 0.6042     | 0.6421     |             | 0.9576   | -0.031 
284    | 2.7767     | 0.2539     | 1.2010       | 1.3218      | 0.0789     | 0.5831     | 0.6550     |             | 1.0353   | -0.041 
285    | 2.7930     | 0.2449     | 1.2358       | 1.3123      | 0.0749     | 0.5994     | 0.6750     |             | 1.0114   | -0.038 
286    | 2.7865     | 0.2301     | 1.2322       | 1.3242      | 0.0767     | 0.5963     | 0.6660     |             | 1.0214   | -0.038 
287    | 2.8187     | 0.2701     | 1.2272       | 1.3214      | 0.0778     | 0.5851     | 0.6555     |             | 0.9644   | -0.040 
288    | 2.8100     | 0.2448     | 1.2416       | 1.3236      | 0.0745     | 0.5977     | 0.6186     |             | 1.0471   | -0.027 
289    | 2.8253     | 0.2444     | 1.2461       | 1.3348      | 0.0829     | 0.6169     | 0.6365     |             | 1.0871   | -0.025 
290    | 2.8613     | 0.2557     | 1.2615       | 1.3441      | 0.0801     | 0.6243     | 0.6434     |             | 0.9791   | -0.023 
291    | 2.8100     | 0.2419     | 1.2557       | 1.3124      | 0.0796     | 0.6204     | 0.6533     |             | 1.0227   | -0.026 
292    | 2.7969     | 0.2557     | 1.2524       | 1.2888      | 0.0650     | 0.6119     | 0.6460     |             | 0.9894   | -0.024 
293    | 2.8149     | 0.2583     | 1.2788       | 1.2779      | 0.0816     | 0.6217     | 0.6508     |             | 1.0027   | -0.026 
294    | 2.7762     | 0.2380     | 1.2817       | 1.2565      | 0.0741     | 0.6470     | 0.6473     |             | 0.9287   | -0.013 
295    | 2.8137     | 0.2724     | 1.2692       | 1.2722      | 0.0767     | 0.6333     | 0.6579     |             | 0.9948   | -0.021 
296    | 2.7905     | 0.2583     | 1.2558       | 1.2764      | 0.0726     | 0.6083     | 0.6407     |             | 1.0159   | -0.027 
297    | 2.7769     | 0.2519     | 1.2493       | 1.2756      | 0.0812     | 0.6210     | 0.6465     |             | 0.9628   | -0.025 
298    | 2.8056     | 0.2605     | 1.2582       | 1.2869      | 0.0693     | 0.6387     | 0.6612     |             | 1.0714   | -0.018 
299    | 2.7476     | 0.2371     | 1.2344       | 1.2761      | 0.0737     | 0.6217     | 0.6503     |             | 1.1195   | -0.024 
300    | 2.7401     | 0.2613     | 1.2059       | 1.2729      | 0.0785     | 0.6186     | 0.6543     |             | 0.9723   | -0.027 
301    | 2.6996     | 0.2270     | 1.2031       | 1.2695      | 0.0724     | 0.6323     | 0.6612     |             | 1.0608   | -0.021 
302    | 2.7939     | 0.2267     | 1.2428       | 1.3244      | 0.0713     | 0.6402     | 0.6693     |             | 1.0281   | -0.019 
303    | 2.8262     | 0.2636     | 1.2497       | 1.3129      | 0.0715     | 0.6266     | 0.6483     |             | 1.0936   | -0.020 
304    | 2.8234     | 0.2574     | 1.2740       | 1.2920      | 0.0735     | 0.6177     | 0.6716     |             | 0.9941   | -0.029 
305    | 2.8487     | 0.2750     | 1.2659       | 1.3079      | 0.0700     | 0.6250     | 0.6612     |             | 1.0008   | -0.023 
306    | 2.7673     | 0.2335     | 1.2406       | 1.2932      | 0.0779     | 0.5956     | 0.6545     |             | 1.0231   | -0.036 
307    | 2.8108     | 0.2532     | 1.2529       | 1.3047      | 0.0754     | 0.6381     | 0.6483     |             | 1.0129   | -0.017 
308    | 2.8459     | 0.2572     | 1.2702       | 1.3185      | 0.0869     | 0.6208     | 0.6560     |             | 1.0897   | -0.029 
309    | 2.8149     | 0.2480     | 1.2652       | 1.3017      | 0.0845     | 0.6049     | 0.6541     |             | 0.9777   | -0.034 
310    | 2.8123     | 0.2487     | 1.2828       | 1.2808      | 0.0826     | 0.6079     | 0.6408     |             | 0.9979   | -0.030 
311    | 2.7782     | 0.2420     | 1.2654       | 1.2708      | 0.0831     | 0.6206     | 0.6480     |             | 1.0301   | -0.026 
312    | 2.8139     | 0.2646     | 1.2522       | 1.2970      | 0.0768     | 0.6199     | 0.6413     |             | 1.0552   | -0.023 
313    | 2.7300     | 0.2204     | 1.2340       | 1.2755      | 0.0844     | 0.6019     | 0.6395     |             | 1.0435   | -0.032 
314    | 2.7567     | 0.2287     | 1.2372       | 1.2909      | 0.0732     | 0.5989     | 0.6564     |             | 1.0604   | -0.034 
315    | 2.7895     | 0.2322     | 1.2462       | 1.3111      | 0.0881     | 0.6061     | 0.6890     |             | 0.9821   | -0.042 
316    | 2.8125     | 0.2372     | 1.2668       | 1.3084      | 0.0813     | 0.6080     | 0.6685     |             | 1.0266   | -0.035 
317    | 2.7996     | 0.2327     | 1.2668       | 1.3001      | 0.0786     | 0.6145     | 0.6282     |             | 1.0635   | -0.023 
318    | 2.7775     | 0.2245     | 1.2741       | 1.2788      | 0.0845     | 0.6194     | 0.6481     |             | 1.0138   | -0.027 
319    | 2.8166     | 0.2489     | 1.2655       | 1.3021      | 0.0779     | 0.5881     | 0.6466     |             | 1.0586   | -0.037 
320    | 2.7642     | 0.2297     | 1.2509       | 1.2836      | 0.0844     | 0.5839     | 0.6381     |             | 1.0903   | -0.039 
321    | 2.7664     | 0.2363     | 1.2463       | 1.2838      | 0.0700     | 0.5989     | 0.6400     |             | 0.9945   | -0.029 
322    | 2.7762     | 0.2458     | 1.2520       | 1.2784      | 0.0892     | 0.5822     | 0.6446     |             | 1.0726   | -0.043 
323    | 2.7520     | 0.2215     | 1.2381       | 1.2924      | 0.0696     | 0.5772     | 0.6501     |             | 1.0886   | -0.040 
324    | 2.7726     | 0.2533     | 1.2287       | 1.2906      | 0.0665     | 0.5917     | 0.6468     |             | 1.0151   | -0.033 
325    | 2.7726     | 0.2411     | 1.2408       | 1.2907      | 0.0777     | 0.6018     | 0.6467     |             | 1.1002   | -0.032 
326    | 2.7590     | 0.2323     | 1.2422       | 1.2844      | 0.0966     | 0.6151     | 0.6403     |             | 1.0917   | -0.031 
327    | 2.8100     | 0.2403     | 1.2704       | 1.2992      | 0.0741     | 0.6085     | 0.6695     |             | 1.0801   | -0.033 
328    | 2.8183     | 0.2468     | 1.2631       | 1.3085      | 0.0792     | 0.5929     | 0.6661     |             | 1.1015   | -0.040 
329    | 2.8147     | 0.2471     | 1.2716       | 1.2960      | 0.0823     | 0.6206     | 0.6549     |             | 1.1245   | -0.027 
330    | 2.8029     | 0.2385     | 1.2705       | 1.2940      | 0.0803     | 0.6287     | 0.6550     |             | 1.0331   | -0.024 
331    | 2.7944     | 0.2452     | 1.2681       | 1.2811      | 0.0903     | 0.6261     | 0.6513     |             | 1.0218   | -0.027 
332    | 2.7778     | 0.2343     | 1.2581       | 1.2854      | 0.0737     | 0.6034     | 0.6264     |             | 0.9956   | -0.026 
333    | 2.7590     | 0.2438     | 1.2415       | 1.2737      | 0.0684     | 0.5845     | 0.6571     |             | 1.0096   | -0.038 
334    | 2.7574     | 0.2282     | 1.2482       | 1.2810      | 0.0613     | 0.5849     | 0.6550     |             | 1.0211   | -0.035 
335    | 2.7459     | 0.2241     | 1.2512       | 1.2705      | 0.0717     | 0.5865     | 0.6371     |             | 0.9869   | -0.034 
336    | 2.8032     | 0.2271     | 1.2965       | 1.2795      | 0.0740     | 0.6048     | 0.6483     |             | 1.0529   | -0.030 
337    | 2.8271     | 0.2460     | 1.3034       | 1.2778      | 0.0802     | 0.6187     | 0.6512     |             | 0.9624   | -0.027 
338    | 2.7852     | 0.2351     | 1.2876       | 1.2625      | 0.0788     | 0.5837     | 0.6597     |             | 0.9429   | -0.042 
339    | 2.7829     | 0.2357     | 1.2805       | 1.2667      | 0.0762     | 0.5939     | 0.6461     |             | 1.0798   | -0.035 
340    | 2.7319     | 0.2246     | 1.2526       | 1.2548      | 0.0713     | 0.5949     | 0.6390     |             | 1.0229   | -0.031 
341    | 2.8075     | 0.2361     | 1.3010       | 1.2705      | 0.0827     | 0.6066     | 0.6566     |             | 0.9890   | -0.033 
342    | 2.8337     | 0.2511     | 1.3046       | 1.2781      | 0.0823     | 0.6243     | 0.6614     |             | 0.9428   | -0.027 
343    | 2.7995     | 0.2295     | 1.2931       | 1.2769      | 0.0851     | 0.6355     | 0.6570     |             | 1.0382   | -0.023 
344    | 2.7970     | 0.2402     | 1.2808       | 1.2760      | 0.0825     | 0.6215     | 0.6517     |             | 1.0135   | -0.026 
345    | 2.7887     | 0.2379     | 1.2799       | 1.2709      | 0.0758     | 0.6217     | 0.6588     |             | 1.0259   | -0.026 
346    | 2.7759     | 0.2206     | 1.2756       | 1.2797      | 0.0795     | 0.6126     | 0.6728     |             | 1.0113   | -0.033 
347    | 2.7340     | 0.2233     | 1.2434       | 1.2673      | 0.0802     | 0.6385     | 0.6717     |             | 0.9427   | -0.023 
348    | 2.7186     | 0.2199     | 1.2230       | 1.2757      | 0.0927     | 0.6132     | 0.6842     |             | 0.9524   | -0.039 
349    | 2.7391     | 0.2194     | 1.2313       | 1.2884      | 0.0820     | 0.6101     | 0.6481     |             | 1.0146   | -0.030 
350    | 2.7449     | 0.2102     | 1.2483       | 1.2864      | 0.0779     | 0.6385     | 0.6510     |             | 1.0666   | -0.018 
351    | 2.7646     | 0.2091     | 1.2969       | 1.2586      | 0.0788     | 0.6465     | 0.6587     |             | 1.0041   | -0.017 
352    | 2.7967     | 0.2317     | 1.3021       | 1.2629      | 0.0726     | 0.6600     | 0.6527     |             | 1.0595   | -0.013 
353    | 2.8121     | 0.2382     | 1.2869       | 1.2870      | 0.0697     | 0.6360     | 0.6603     |             | 1.0702   | -0.019 
354    | 2.7727     | 0.2374     | 1.2536       | 1.2817      | 0.0791     | 0.6228     | 0.6613     |             | 0.9877   | -0.027 
355    | 2.7208     | 0.2159     | 1.2088       | 1.2962      | 0.0778     | 0.6315     | 0.6693     |             | 1.0981   | -0.025 
356    | 2.7493     | 0.2514     | 1.2059       | 1.2920      | 0.0754     | 0.6139     | 0.6618     |             | 1.0200   | -0.029 
/home/mcslab/yutung/MCSLAB_RSSI_RTT_Dataset/FusionDANN/fusion_dann_v4_noRSSIDiff.py:188: FutureWarning: DataFrameGroupBy.apply operated on the grouping columns. This behavior is deprecated, and in a future version of pandas the grouping columns will be excluded from the operation. Either pass `include_groups=False` to exclude the groupings or explicitly select the grouping columns after groupby to silence this warning.
  df = df.groupby('Label').apply(
/home/mcslab/yutung/MCSLAB_RSSI_RTT_Dataset/FusionDANN/fusion_dann_v4_noRSSIDiff.py:188: FutureWarning: DataFrameGroupBy.apply operated on the grouping columns. This behavior is deprecated, and in a future version of pandas the grouping columns will be excluded from the operation. Either pass `include_groups=False` to exclude the groupings or explicitly select the grouping columns after groupby to silence this warning.
  df = df.groupby('Label').apply(
357    | 2.7407     | 0.2492     | 1.2195       | 1.2720      | 0.0736     | 0.5992     | 0.6607     |             | 1.0146   | -0.035 
358    | 2.7347     | 0.2344     | 1.2176       | 1.2826      | 0.0752     | 0.6040     | 0.6576     |             | 0.9716   | -0.032 
359    | 2.7147     | 0.2138     | 1.2144       | 1.2865      | 0.0755     | 0.6206     | 0.6525     |             | 1.0338   | -0.025 
360    | 2.7715     | 0.2450     | 1.2629       | 1.2635      | 0.0702     | 0.6311     | 0.6619     |             | 1.0111   | -0.021 
361    | 2.7838     | 0.2527     | 1.2688       | 1.2623      | 0.0663     | 0.6208     | 0.6500     |             | 1.0414   | -0.022 
362    | 2.7450     | 0.2168     | 1.2659       | 1.2623      | 0.0734     | 0.6141     | 0.6497     |             | 0.9874   | -0.026 
363    | 2.7437     | 0.2317     | 1.2576       | 1.2543      | 0.0838     | 0.6240     | 0.6382     |             | 0.9429   | -0.023 
364    | 2.7091     | 0.2165     | 1.2409       | 1.2516      | 0.0777     | 0.6201     | 0.6385     |             | 1.0657   | -0.023 
365    | 2.6894     | 0.2165     | 1.2254       | 1.2474      | 0.0684     | 0.6083     | 0.6572     |             | 1.0043   | -0.029 
366    | 2.7166     | 0.2225     | 1.2352       | 1.2590      | 0.0752     | 0.6306     | 0.6467     |             | 1.0658   | -0.020 
367    | 2.7258     | 0.2370     | 1.2237       | 1.2652      | 0.0761     | 0.6189     | 0.6412     |             | 1.0608   | -0.024 
368    | 2.7659     | 0.2335     | 1.2464       | 1.2860      | 0.0767     | 0.6213     | 0.6555     |             | 1.0367   | -0.026 
369    | 2.7182     | 0.2080     | 1.2459       | 1.2643      | 0.0739     | 0.6079     | 0.6380     |             | 1.0168   | -0.027 
370    | 2.7189     | 0.2189     | 1.2371       | 1.2629      | 0.0767     | 0.5958     | 0.6599     |             | 1.0217   | -0.037 
371    | 2.7896     | 0.2532     | 1.2437       | 1.2927      | 0.0820     | 0.5986     | 0.6526     |             | 1.0643   | -0.036 
372    | 2.7466     | 0.2128     | 1.2490       | 1.2848      | 0.0843     | 0.6032     | 0.6484     |             | 0.9905   | -0.034 
373    | 2.7566     | 0.2162     | 1.2572       | 1.2832      | 0.0823     | 0.6242     | 0.6669     |             | 0.9548   | -0.028 
374    | 2.7622     | 0.2234     | 1.2560       | 1.2828      | 0.0758     | 0.6149     | 0.6641     |             | 1.0736   | -0.030 
375    | 2.7641     | 0.2090     | 1.2710       | 1.2842      | 0.0774     | 0.6323     | 0.6482     |             | 0.9530   | -0.020 
376    | 2.7566     | 0.2170     | 1.2560       | 1.2836      | 0.0728     | 0.6354     | 0.6625     |             | 0.9360   | -0.020 
377    | 2.7719     | 0.2396     | 1.2547       | 1.2775      | 0.0728     | 0.6291     | 0.6552     |             | 0.9968   | -0.021 
378    | 2.7182     | 0.2105     | 1.2468       | 1.2610      | 0.0692     | 0.6054     | 0.6564     |             | 0.9140   | -0.030 
379    | 2.6781     | 0.2108     | 1.2137       | 1.2536      | 0.0641     | 0.6051     | 0.6613     |             | 0.9393   | -0.029 
380    | 2.6446     | 0.1742     | 1.2015       | 1.2688      | 0.0736     | 0.6120     | 0.6653     |             | 0.9788   | -0.030 
381    | 2.6969     | 0.2039     | 1.2130       | 1.2801      | 0.0710     | 0.6056     | 0.6627     |             | 0.9972   | -0.032 
382    | 2.6973     | 0.2024     | 1.2248       | 1.2702      | 0.0715     | 0.6256     | 0.6579     |             | 0.9520   | -0.023 
383    | 2.7518     | 0.2229     | 1.2434       | 1.2855      | 0.0749     | 0.6204     | 0.6540     |             | 1.0354   | -0.025 
384    | 2.7127     | 0.1989     | 1.2348       | 1.2790      | 0.0640     | 0.6286     | 0.6539     |             | 1.0024   | -0.019 
385    | 2.7215     | 0.2045     | 1.2429       | 1.2741      | 0.0804     | 0.6386     | 0.6602     |             | 1.0700   | -0.021 
386    | 2.7739     | 0.2364     | 1.2625       | 1.2750      | 0.0653     | 0.6030     | 0.6674     |             | 1.0427   | -0.032 
387    | 2.7248     | 0.2246     | 1.2400       | 1.2603      | 0.0588     | 0.6097     | 0.6563     |             | 1.0782   | -0.025 
388    | 2.7150     | 0.2082     | 1.2469       | 1.2598      | 0.0561     | 0.6011     | 0.6558     |             | 1.0509   | -0.028 
389    | 2.7251     | 0.1970     | 1.2451       | 1.2830      | 0.0569     | 0.6220     | 0.6412     |             | 1.0809   | -0.017 
390    | 2.7294     | 0.2085     | 1.2506       | 1.2703      | 0.0646     | 0.6385     | 0.6439     |             | 1.0981   | -0.013 
391    | 2.7800     | 0.2283     | 1.2818       | 1.2698      | 0.0547     | 0.6288     | 0.6462     |             | 1.1532   | -0.014 
392    | 2.8051     | 0.2352     | 1.2902       | 1.2796      | 0.0524     | 0.6114     | 0.6447     |             | 1.0579   | -0.020 
393    | 2.7845     | 0.2282     | 1.2925       | 1.2638      | 0.0613     | 0.6030     | 0.6459     |             | 1.0675   | -0.026 
394    | 2.7318     | 0.1935     | 1.2762       | 1.2621      | 0.0627     | 0.6149     | 0.6646     |             | 1.0501   | -0.026 
395    | 2.8032     | 0.2296     | 1.2578       | 1.3158      | 0.0603     | 0.5992     | 0.6621     |             | 1.0261   | -0.031 
396    | 2.8276     | 0.2166     | 1.2723       | 1.3387      | 0.0595     | 0.6188     | 0.6498     |             | 1.0520   | -0.020 
397    | 2.7997     | 0.2187     | 1.2766       | 1.3043      | 0.0675     | 0.6192     | 0.6270     |             | 1.0357   | -0.018 
398    | 2.7938     | 0.2488     | 1.2689       | 1.2761      | 0.0610     | 0.6172     | 0.6132     |             | 0.9172   | -0.016 
399    | 2.8293     | 0.2651     | 1.2688       | 1.2955      | 0.0707     | 0.6120     | 0.6457     |             | 0.9460   | -0.026 
400    | 2.8539     | 0.2532     | 1.2800       | 1.3208      | 0.0639     | 0.6215     | 0.6574     |             | 0.9719   | -0.022 
Seed 42 | Src MDE: 0.0201 | Tgt MDE: 1.0595
Start Training Seed 6767...

Start Training... (Validate on Source Val & Target Val)
Epoch  | Total Loss | Train Cls  | Train D_RSSI | Train D_RTT | Val Cls    | Val D_RSSI | Val D_RTT  | Save        | Test MDE | Score  
---------------------------------------------------------------------------------------------------------------------------------------
1      | 6.2332     | 3.4402     | 1.4009       | 1.3920      | 2.8651     | 0.6899     | 0.6878     |             | 1.8149   | -0.842 
2      | 5.4789     | 2.7421     | 1.3774       | 1.3594      | 2.3328     | 0.6845     | 0.6874     |             | 1.2086   | -0.683 
3      | 5.0231     | 2.3147     | 1.3653       | 1.3431      | 1.9290     | 0.6752     | 0.6880     |             | 1.0528   | -0.566 
4      | 4.7226     | 2.0332     | 1.3548       | 1.3346      | 1.6221     | 0.6724     | 0.6858     |             | 1.0425   | -0.475 
5      | 4.4480     | 1.7814     | 1.3462       | 1.3205      | 1.3396     | 0.6680     | 0.6883     |             | 1.0120   | -0.392 
6      | 4.1658     | 1.5354     | 1.3323       | 1.2980      | 1.1150     | 0.6614     | 0.6852     |             | 0.9824   | -0.327 
7      | 3.9960     | 1.3943     | 1.3220       | 1.2797      | 0.9065     | 0.6575     | 0.6933     |             | 1.0197   | -0.268 
8      | 3.8601     | 1.2986     | 1.3049       | 1.2567      | 0.7947     | 0.6504     | 0.6869     |             | 0.9485   | -0.236 
9      | 3.6932     | 1.1607     | 1.2900       | 1.2424      | 0.6886     | 0.6404     | 0.6917     |             | 0.9326   | -0.209 
10     | 3.5586     | 1.0736     | 1.2682       | 1.2168      | 0.5655     | 0.6395     | 0.6869     |             | 0.8857   | -0.171 
11     | 3.4745     | 1.0104     | 1.2529       | 1.2111      | 0.5298     | 0.6342     | 0.6863     |             | 0.9321   | -0.163 
12     | 3.3295     | 0.9262     | 1.2211       | 1.1823      | 0.4361     | 0.6315     | 0.6805     |             | 0.9144   | -0.134 
13     | 3.2136     | 0.8455     | 1.2090       | 1.1591      | 0.3907     | 0.6216     | 0.6970     |             | 0.8724   | -0.128 
14     | 3.1449     | 0.8166     | 1.1794       | 1.1488      | 0.3468     | 0.6307     | 0.6786     |             | 0.8717   | -0.107 
15     | 3.0344     | 0.7645     | 1.1505       | 1.1194      | 0.3061     | 0.6159     | 0.6724     |             | 0.9085   | -0.100 
16     | 2.9643     | 0.7453     | 1.1221       | 1.0969      | 0.2877     | 0.6068     | 0.6850     |             | 0.8833   | -0.101 
17     | 2.8719     | 0.7037     | 1.0836       | 1.0845      | 0.2553     | 0.5950     | 0.6763     |             | 0.9038   | -0.094 
18     | 2.8429     | 0.7027     | 1.0642       | 1.0760      | 0.2494     | 0.5886     | 0.6689     |             | 0.9139   | -0.093 
19     | 2.7382     | 0.6603     | 1.0330       | 1.0449      | 0.2124     | 0.5829     | 0.6709     |             | 0.8807   | -0.085 
20     | 2.6839     | 0.6399     | 1.0032       | 1.0408      | 0.2250     | 0.5751     | 0.6800     |             | 0.8759   | -0.093 
21     | 2.6179     | 0.6157     | 0.9699       | 1.0322      | 0.1984     | 0.5681     | 0.6662     |             | 0.8838   | -0.086 
22     | 2.5081     | 0.5664     | 0.9378       | 1.0039      | 0.1759     | 0.5542     | 0.6837     |             | 0.9400   | -0.088 
23     | 2.4868     | 0.5653     | 0.9124       | 1.0090      | 0.1715     | 0.5641     | 0.6618     |             | 0.8957   | -0.078 
24     | 2.4622     | 0.5402     | 0.9183       | 1.0037      | 0.1582     | 0.5636     | 0.6861     |             | 0.9228   | -0.079 
25     | 2.4057     | 0.5263     | 0.8843       | 0.9950      | 0.1513     | 0.5335     | 0.6461     |             | 0.9071   | -0.081 
26     | 2.4533     | 0.5443     | 0.8824       | 1.0265      | 0.1632     | 0.5554     | 0.6589     |             | 0.9069   | -0.079 
27     | 2.5148     | 0.5116     | 0.8826       | 1.1206      | 0.1519     | 0.5861     | 0.6821     |             | 0.9186   | -0.068 
28     | 2.5542     | 0.5368     | 0.8859       | 1.1315      | 0.1421     | 0.5565     | 0.6736     |             | 0.9327   | -0.075 
29     | 2.4625     | 0.5142     | 0.8647       | 1.0837      | 0.1459     | 0.5427     | 0.6559     |             | 0.8692   | -0.078 
30     | 2.4413     | 0.5052     | 0.8550       | 1.0812      | 0.1358     | 0.5154     | 0.6891     |             | 0.9136   | -0.092 
31     | 2.4685     | 0.5014     | 0.8419       | 1.1253      | 0.1373     | 0.5223     | 0.6357     |             | 0.9532   | -0.079 
32     | 2.4431     | 0.4816     | 0.8399       | 1.1216      | 0.1215     | 0.5097     | 0.6704     |             | 0.9322   | -0.087 
33     | 2.4377     | 0.4653     | 0.8579       | 1.1145      | 0.1193     | 0.5151     | 0.6906     |             | 0.8987   | -0.088 
34     | 2.4385     | 0.4591     | 0.8588       | 1.1206      | 0.1189     | 0.5364     | 0.6661     |             | 0.8772   | -0.074 
35     | 2.4385     | 0.4601     | 0.8645       | 1.1138      | 0.1296     | 0.5382     | 0.6870     |             | 0.9462   | -0.081 
36     | 2.5201     | 0.4926     | 0.8774       | 1.1502      | 0.1342     | 0.5185     | 0.6569     |             | 0.8699   | -0.084 
37     | 2.5039     | 0.4454     | 0.8969       | 1.1617      | 0.1179     | 0.5379     | 0.6425     |             | 0.9325   | -0.069 
38     | 2.5493     | 0.4590     | 0.9217       | 1.1686      | 0.1216     | 0.5381     | 0.6578     |             | 0.9392   | -0.073 
39     | 2.5133     | 0.4523     | 0.9190       | 1.1419      | 0.1078     | 0.5650     | 0.6504     |             | 0.9187   | -0.056 
40     | 2.5425     | 0.4769     | 0.9100       | 1.1555      | 0.1101     | 0.5097     | 0.6581     |             | 0.9811   | -0.081 
41     | 2.4773     | 0.4339     | 0.9063       | 1.1371      | 0.1169     | 0.4953     | 0.6328     |             | 0.9232   | -0.084 
42     | 2.4730     | 0.4311     | 0.9139       | 1.1280      | 0.1027     | 0.5325     | 0.6435     |             | 0.9041   | -0.067 
43     | 2.4711     | 0.4397     | 0.8905       | 1.1409      | 0.1047     | 0.5299     | 0.6344     |             | 0.9105   | -0.066 
44     | 2.5413     | 0.4626     | 0.9306       | 1.1480      | 0.1049     | 0.5290     | 0.6600     |             | 0.8888   | -0.072 
45     | 2.6307     | 0.4856     | 0.9316       | 1.2135      | 0.0952     | 0.5322     | 0.6496     |             | 0.9549   | -0.066 
46     | 2.5297     | 0.4062     | 0.9300       | 1.1935      | 0.1143     | 0.5351     | 0.6537     |             | 0.9590   | -0.071 
47     | 2.6237     | 0.4551     | 0.9592       | 1.2094      | 0.1062     | 0.5545     | 0.6311     |             | 0.9486   | -0.056 
48     | 2.6062     | 0.4491     | 0.9597       | 1.1973      | 0.0952     | 0.5128     | 0.6597     |             | 0.9017   | -0.075 
49     | 2.6116     | 0.4217     | 0.9761       | 1.2138      | 0.1024     | 0.5538     | 0.6677     |             | 0.9864   | -0.063 
50     | 2.6553     | 0.4451     | 0.9947       | 1.2155      | 0.0994     | 0.5594     | 0.6587     |             | 0.9823   | -0.058 
51     | 2.6693     | 0.4472     | 0.9959       | 1.2262      | 0.1031     | 0.5911     | 0.6464     |             | 0.9387   | -0.044 
52     | 2.7055     | 0.4426     | 1.0137       | 1.2492      | 0.1098     | 0.5688     | 0.6465     |             | 0.9677   | -0.055 
53     | 2.7262     | 0.4489     | 1.0294       | 1.2479      | 0.0951     | 0.5843     | 0.6434     |             | 0.9817   | -0.043 
54     | 2.6733     | 0.4375     | 1.0104       | 1.2254      | 0.0994     | 0.5761     | 0.6381     |             | 0.9438   | -0.047 
55     | 2.6315     | 0.4213     | 1.0008       | 1.2094      | 0.0954     | 0.5133     | 0.6436     |             | 0.9740   | -0.072 
56     | 2.6397     | 0.3960     | 1.0252       | 1.2185      | 0.0874     | 0.5450     | 0.6451     |             | 1.0183   | -0.057 
57     | 2.6367     | 0.4183     | 1.0156       | 1.2029      | 0.0814     | 0.5662     | 0.6508     |             | 0.9683   | -0.048 
58     | 2.6355     | 0.4084     | 1.0206       | 1.2065      | 0.0820     | 0.5127     | 0.6454     |             | 0.9105   | -0.069 
59     | 2.6318     | 0.4127     | 1.0049       | 1.2141      | 0.0831     | 0.5021     | 0.6657     |             | 0.9067   | -0.077 
60     | 2.6356     | 0.4066     | 0.9827       | 1.2463      | 0.0874     | 0.4957     | 0.6564     |             | 0.9795   | -0.079 
61     | 2.6192     | 0.4081     | 0.9638       | 1.2473      | 0.0852     | 0.5091     | 0.6552     |             | 0.9309   | -0.073 
62     | 2.6146     | 0.4009     | 0.9704       | 1.2433      | 0.0816     | 0.5295     | 0.6589     |             | 0.9389   | -0.064 
63     | 2.6284     | 0.4136     | 0.9787       | 1.2361      | 0.0987     | 0.5890     | 0.6616     |             | 0.9992   | -0.046 
64     | 2.6197     | 0.3704     | 1.0140       | 1.2353      | 0.0828     | 0.5582     | 0.6729     |             | 0.8890   | -0.056 
65     | 2.6835     | 0.4029     | 1.0435       | 1.2371      | 0.0783     | 0.5780     | 0.6818     |             | 0.9941   | -0.049 
66     | 2.7186     | 0.3916     | 1.0661       | 1.2609      | 0.0812     | 0.5748     | 0.6801     |             | 0.8738   | -0.050 
67     | 2.6916     | 0.3854     | 1.0573       | 1.2489      | 0.0825     | 0.5711     | 0.6758     |             | 0.9575   | -0.051 
68     | 2.6696     | 0.3717     | 1.0492       | 1.2487      | 0.0755     | 0.5670     | 0.6659     |             | 0.9110   | -0.049 
69     | 2.6765     | 0.3869     | 1.0685       | 1.2211      | 0.0871     | 0.5718     | 0.6535     |             | 1.0053   | -0.048 
70     | 2.7280     | 0.4064     | 1.0901       | 1.2315      | 0.0718     | 0.5599     | 0.6446     |             | 0.9276   | -0.046 
71     | 2.7372     | 0.3881     | 1.1177       | 1.2313      | 0.0843     | 0.5305     | 0.6564     |             | 0.9208   | -0.064 
72     | 2.7268     | 0.3914     | 1.1032       | 1.2322      | 0.0793     | 0.5351     | 0.6448     |             | 0.9220   | -0.059 
73     | 2.7070     | 0.3663     | 1.0921       | 1.2486      | 0.0760     | 0.5601     | 0.6556     |             | 0.9341   | -0.050 
74     | 2.7258     | 0.3830     | 1.0907       | 1.2521      | 0.0833     | 0.5451     | 0.6438     |             | 0.9691   | -0.056 
75     | 2.7301     | 0.3692     | 1.1004       | 1.2605      | 0.0820     | 0.5521     | 0.6392     |             | 0.9067   | -0.052 
76     | 2.7993     | 0.4102     | 1.1397       | 1.2494      | 0.0800     | 0.5834     | 0.6602     |             | 0.8794   | -0.043 
77     | 2.7923     | 0.3965     | 1.1702       | 1.2256      | 0.0868     | 0.6015     | 0.6327     |             | 0.9151   | -0.032 
78     | 2.7812     | 0.3711     | 1.1674       | 1.2427      | 0.0805     | 0.5913     | 0.6563     |             | 0.9217   | -0.039 
79     | 2.7683     | 0.3792     | 1.1557       | 1.2334      | 0.0857     | 0.6130     | 0.6517     |             | 0.9567   | -0.031 
80     | 2.7817     | 0.3970     | 1.1236       | 1.2612      | 0.0722     | 0.5633     | 0.6573     |             | 0.8819   | -0.048 
81     | 2.7042     | 0.3586     | 1.1096       | 1.2360      | 0.0725     | 0.5544     | 0.6416     |             | 0.9140   | -0.048 
82     | 2.7523     | 0.3907     | 1.1127       | 1.2488      | 0.0778     | 0.5542     | 0.6639     |             | 0.8675   | -0.054 
83     | 2.7002     | 0.3582     | 1.0850       | 1.2569      | 0.0845     | 0.5462     | 0.6969     |             | 0.9388   | -0.066 
84     | 2.7710     | 0.3780     | 1.1093       | 1.2837      | 0.0762     | 0.5690     | 0.6766     |             | 0.9110   | -0.051 
85     | 2.7963     | 0.3579     | 1.1630       | 1.2754      | 0.0806     | 0.6051     | 0.7200     |             | 0.9249   | -0.046 
86     | 2.7367     | 0.3486     | 1.1217       | 1.2664      | 0.0734     | 0.5593     | 0.7027     |             | 0.8990   | -0.059 
87     | 2.7398     | 0.3687     | 1.1063       | 1.2648      | 0.0846     | 0.5484     | 0.6639     |             | 0.9891   | -0.059 
88     | 2.7255     | 0.3518     | 1.1110       | 1.2627      | 0.0791     | 0.5523     | 0.6530     |             | 0.8474   | -0.053 
89     | 2.6914     | 0.3467     | 1.1000       | 1.2447      | 0.0893     | 0.5747     | 0.6628     |             | 0.9948   | -0.049 
90     | 2.7679     | 0.3628     | 1.1540       | 1.2510      | 0.0813     | 0.5784     | 0.6611     |             | 0.8925   | -0.045 
91     | 2.6968     | 0.3263     | 1.1347       | 1.2357      | 0.0765     | 0.5751     | 0.6664     |             | 0.9495   | -0.046 
92     | 2.7597     | 0.3562     | 1.1410       | 1.2624      | 0.0910     | 0.6132     | 0.6674     |             | 0.9291   | -0.035 
93     | 2.6854     | 0.3595     | 1.0859       | 1.2400      | 0.0696     | 0.5772     | 0.6436     |             | 0.8791   | -0.039 
94     | 2.6725     | 0.3422     | 1.1136       | 1.2167      | 0.0681     | 0.5729     | 0.6365     |             | 0.9275   | -0.039 
95     | 2.7201     | 0.3495     | 1.1174       | 1.2532      | 0.0660     | 0.5952     | 0.6534     |             | 1.0195   | -0.032 
96     | 2.7089     | 0.3695     | 1.1156       | 1.2237      | 0.0716     | 0.5706     | 0.6494     |             | 1.0054   | -0.043 
97     | 2.6502     | 0.3375     | 1.1005       | 1.2123      | 0.0930     | 0.5693     | 0.6403     |             | 1.0185   | -0.048 
98     | 2.6042     | 0.3121     | 1.0806       | 1.2115      | 0.0767     | 0.5900     | 0.6701     |             | 0.9514   | -0.041 
99     | 2.7016     | 0.3592     | 1.1123       | 1.2301      | 0.0679     | 0.5966     | 0.6912     |             | 0.8888   | -0.040 
100    | 2.6226     | 0.3342     | 1.0808       | 1.2076      | 0.0725     | 0.5743     | 0.6562     |             | 0.9793   | -0.043 
101    | 2.6727     | 0.3427     | 1.1054       | 1.2245      | 0.0658     | 0.5762     | 0.6478     |             | 0.9414   | -0.039 
102    | 2.6478     | 0.3445     | 1.0838       | 1.2195      | 0.0702     | 0.5795     | 0.6725     |             | 0.9956   | -0.044 
103    | 2.6376     | 0.3311     | 1.0904       | 1.2161      | 0.0688     | 0.5613     | 0.6586     |             | 0.8496   | -0.048 
104    | 2.6631     | 0.3521     | 1.0857       | 1.2253      | 0.0698     | 0.5507     | 0.6612     |             | 0.8949   | -0.053 
105    | 2.6885     | 0.3491     | 1.1063       | 1.2331      | 0.0654     | 0.5849     | 0.6678     |             | 0.9717   | -0.039 
106    | 2.6647     | 0.3040     | 1.1361       | 1.2246      | 0.0664     | 0.5852     | 0.6619     |             | 0.9623   | -0.038 
107    | 2.6942     | 0.3277     | 1.1188       | 1.2477      | 0.0679     | 0.5739     | 0.6676     |             | 1.0223   | -0.044 
108    | 2.6841     | 0.3194     | 1.1196       | 1.2451      | 0.0723     | 0.6188     | 0.6783     |             | 0.9317   | -0.030 
109    | 2.7395     | 0.3646     | 1.1102       | 1.2647      | 0.0777     | 0.6051     | 0.6341     |             | 0.9834   | -0.028 
110    | 2.7173     | 0.3517     | 1.0981       | 1.2674      | 0.0662     | 0.5907     | 0.6565     |             | 0.9891   | -0.035 
111    | 2.7274     | 0.3440     | 1.1214       | 1.2620      | 0.0685     | 0.5894     | 0.6511     |             | 0.9704   | -0.035 
112    | 2.7364     | 0.3567     | 1.1204       | 1.2592      | 0.0642     | 0.5928     | 0.6635     |             | 0.9723   | -0.035 
113    | 2.7918     | 0.3340     | 1.1789       | 1.2788      | 0.0729     | 0.6268     | 0.6880     |             | 0.9745   | -0.029 
114    | 2.7801     | 0.3475     | 1.1803       | 1.2523      | 0.0673     | 0.6081     | 0.6745     |             | 0.9479   | -0.032 
115    | 2.7285     | 0.3381     | 1.1543       | 1.2361      | 0.0679     | 0.5719     | 0.6928     |             | 0.9317   | -0.050 
116    | 2.7757     | 0.3395     | 1.1834       | 1.2529      | 0.0662     | 0.5831     | 0.6882     |             | 1.0204   | -0.044 
117    | 2.7875     | 0.3474     | 1.1788       | 1.2613      | 0.0791     | 0.5841     | 0.6982     |             | 0.9135   | -0.050 
118    | 2.7845     | 0.3607     | 1.1732       | 1.2506      | 0.0671     | 0.5910     | 0.6819     |             | 0.9158   | -0.040 
119    | 2.7234     | 0.3043     | 1.1913       | 1.2278      | 0.0697     | 0.6007     | 0.6576     |             | 1.0298   | -0.032 
120    | 2.7321     | 0.3290     | 1.1692       | 1.2339      | 0.0730     | 0.5990     | 0.6751     |             | 0.9822   | -0.037 
121    | 2.8040     | 0.3600     | 1.1570       | 1.2870      | 0.0618     | 0.6060     | 0.6831     |             | 0.9928   | -0.033 
122    | 2.8158     | 0.3695     | 1.1513       | 1.2951      | 0.0706     | 0.5601     | 0.6998     |             | 0.9275   | -0.057 
123    | 2.7246     | 0.3035     | 1.1341       | 1.2870      | 0.0562     | 0.5727     | 0.6732     |             | 0.9659   | -0.042 
124    | 2.7626     | 0.3466     | 1.1257       | 1.2904      | 0.0632     | 0.5721     | 0.6768     |             | 0.9297   | -0.045 
125    | 2.7335     | 0.3278     | 1.1292       | 1.2765      | 0.0782     | 0.5704     | 0.6746     |             | 0.8970   | -0.050 
126    | 2.7999     | 0.3624     | 1.1653       | 1.2723      | 0.0670     | 0.5742     | 0.6699     |             | 0.9649   | -0.044 
127    | 2.7089     | 0.3415     | 1.1235       | 1.2438      | 0.0556     | 0.5694     | 0.6434     |             | 1.0355   | -0.038 
128    | 2.6497     | 0.2850     | 1.1242       | 1.2405      | 0.0529     | 0.5792     | 0.6320     |             | 0.9633   | -0.031 
129    | 2.7153     | 0.3085     | 1.1554       | 1.2514      | 0.0556     | 0.5724     | 0.6635     |             | 0.9899   | -0.040 
130    | 2.7326     | 0.3265     | 1.1526       | 1.2535      | 0.0654     | 0.5911     | 0.6625     |             | 1.0022   | -0.036 
131    | 2.7538     | 0.3222     | 1.1865       | 1.2451      | 0.0612     | 0.5985     | 0.6434     |             | 1.0411   | -0.028 
132    | 2.7566     | 0.3267     | 1.1831       | 1.2468      | 0.0737     | 0.6190     | 0.6415     |             | 0.9683   | -0.023 
133    | 2.8203     | 0.3551     | 1.1962       | 1.2691      | 0.0698     | 0.5945     | 0.6581     |             | 1.0358   | -0.035 
134    | 2.7905     | 0.3393     | 1.1951       | 1.2561      | 0.0639     | 0.5858     | 0.6488     |             | 1.1095   | -0.035 
135    | 2.8355     | 0.3371     | 1.2542       | 1.2442      | 0.0599     | 0.6231     | 0.6377     |             | 0.9938   | -0.016 
136    | 2.9332     | 0.3526     | 1.3264       | 1.2542      | 0.0703     | 0.6093     | 0.6393     |             | 0.9949   | -0.025 
137    | 2.8244     | 0.3298     | 1.2621       | 1.2325      | 0.0609     | 0.5832     | 0.6558     |             | 0.9605   | -0.036 
138    | 2.8199     | 0.3199     | 1.2329       | 1.2671      | 0.0702     | 0.5638     | 0.6538     |             | 0.9882   | -0.046 
139    | 2.7905     | 0.3088     | 1.2113       | 1.2704      | 0.0690     | 0.5600     | 0.6611     |             | 0.9915   | -0.049 
140    | 2.7948     | 0.3261     | 1.2065       | 1.2622      | 0.0619     | 0.5693     | 0.6624     |             | 0.9868   | -0.043 
141    | 2.7775     | 0.2876     | 1.2402       | 1.2497      | 0.0639     | 0.5876     | 0.6682     |             | 1.0632   | -0.038 
142    | 2.8109     | 0.3231     | 1.2236       | 1.2642      | 0.0651     | 0.5753     | 0.6644     |             | 0.9959   | -0.042 
143    | 2.8340     | 0.3429     | 1.2337       | 1.2573      | 0.0628     | 0.5889     | 0.6507     |             | 0.9410   | -0.033 
144    | 2.7611     | 0.3041     | 1.2028       | 1.2543      | 0.0651     | 0.5568     | 0.6404     |             | 0.8485   | -0.045 
145    | 2.7016     | 0.3007     | 1.1540       | 1.2469      | 0.0594     | 0.5715     | 0.6373     |             | 1.0105   | -0.037 
146    | 2.7459     | 0.2945     | 1.1727       | 1.2788      | 0.0655     | 0.5769     | 0.6482     |             | 0.9194   | -0.039 
147    | 2.7319     | 0.3037     | 1.1680       | 1.2601      | 0.0623     | 0.5976     | 0.6352     |             | 0.9667   | -0.027 
148    | 2.7647     | 0.3070     | 1.1896       | 1.2681      | 0.0624     | 0.5911     | 0.6267     |             | 0.9563   | -0.028 
149    | 2.7204     | 0.2890     | 1.1930       | 1.2385      | 0.0637     | 0.5962     | 0.6397     |             | 0.9337   | -0.029 
150    | 2.7508     | 0.3197     | 1.1904       | 1.2406      | 0.0571     | 0.5810     | 0.6357     |             | 0.9396   | -0.032 
151    | 2.7242     | 0.2906     | 1.1868       | 1.2468      | 0.0552     | 0.6179     | 0.6402     |             | 0.9839   | -0.017 
152    | 2.7219     | 0.3004     | 1.1730       | 1.2485      | 0.0590     | 0.6115     | 0.6470     |             | 1.0254   | -0.023 
153    | 2.7575     | 0.3180     | 1.1901       | 1.2494      | 0.0626     | 0.6081     | 0.6422     |             | 0.9985   | -0.024 
154    | 2.7317     | 0.2744     | 1.2261       | 1.2312      | 0.0569     | 0.6047     | 0.6527     |             | 1.0097   | -0.026 
155    | 2.7547     | 0.3049     | 1.2339       | 1.2159      | 0.0562     | 0.6129     | 0.6538     |             | 1.0523   | -0.022 
156    | 2.6773     | 0.2869     | 1.1949       | 1.1954      | 0.0527     | 0.6131     | 0.6343     |             | 1.0063   | -0.017 
157    | 2.7520     | 0.3158     | 1.2146       | 1.2217      | 0.0628     | 0.6004     | 0.6317     |             | 1.0294   | -0.025 
158    | 2.7482     | 0.2977     | 1.2371       | 1.2134      | 0.0622     | 0.6122     | 0.6401     |             | 1.0002   | -0.022 
159    | 2.7401     | 0.3030     | 1.2247       | 1.2123      | 0.0529     | 0.5937     | 0.6487     |             | 1.0449   | -0.028 
160    | 2.8070     | 0.2967     | 1.2857       | 1.2246      | 0.0617     | 0.6141     | 0.6464     |             | 0.9695   | -0.022 
161    | 2.8388     | 0.3352     | 1.2914       | 1.2122      | 0.0686     | 0.5796     | 0.6438     |             | 0.9617   | -0.037 
162    | 2.8561     | 0.3197     | 1.3221       | 1.2143      | 0.0747     | 0.5907     | 0.6574     |             | 0.9032   | -0.038 
163    | 2.8558     | 0.2988     | 1.3480       | 1.2090      | 0.0652     | 0.6291     | 0.6370     |             | 0.8565   | -0.015 
164    | 2.8950     | 0.3586     | 1.3103       | 1.2261      | 0.0682     | 0.5916     | 0.6440     |             | 0.8900   | -0.033 
165    | 2.7690     | 0.2840     | 1.2623       | 1.2228      | 0.0617     | 0.6194     | 0.6464     |             | 0.9342   | -0.020 
166    | 2.8436     | 0.3095     | 1.2966       | 1.2374      | 0.0657     | 0.6236     | 0.6445     |             | 0.9610   | -0.019 
167    | 2.8405     | 0.3083     | 1.2682       | 1.2639      | 0.0610     | 0.6257     | 0.6614     |             | 0.9472   | -0.020 
168    | 2.8204     | 0.3034     | 1.2487       | 1.2683      | 0.0726     | 0.6152     | 0.6519     |             | 0.9144   | -0.026 
169    | 2.7746     | 0.2915     | 1.2461       | 1.2370      | 0.0650     | 0.6299     | 0.6647     |             | 1.0115   | -0.021 
170    | 2.7598     | 0.2943     | 1.2334       | 1.2321      | 0.0654     | 0.6132     | 0.6622     |             | 0.9465   | -0.027 
171    | 2.7583     | 0.2961     | 1.2344       | 1.2278      | 0.0668     | 0.6255     | 0.6545     |             | 0.9460   | -0.021 
172    | 2.7985     | 0.3125     | 1.2502       | 1.2358      | 0.0601     | 0.6180     | 0.6537     |             | 1.0158   | -0.022 
173    | 2.8082     | 0.3184     | 1.2556       | 1.2342      | 0.0577     | 0.5941     | 0.6491     |             | 0.9133   | -0.030 
174    | 2.7854     | 0.3004     | 1.2581       | 1.2268      | 0.0615     | 0.6068     | 0.6633     |             | 0.9146   | -0.028 
175    | 2.7709     | 0.2889     | 1.2527       | 1.2293      | 0.0560     | 0.5873     | 0.6405     |             | 0.9152   | -0.030 
176    | 2.7670     | 0.2932     | 1.2435       | 1.2303      | 0.0696     | 0.5977     | 0.6646     |             | 0.8456   | -0.035 
177    | 2.7534     | 0.3004     | 1.2369       | 1.2161      | 0.0633     | 0.5892     | 0.6464     |             | 0.8832   | -0.033 
178    | 2.7343     | 0.3145     | 1.2256       | 1.1942      | 0.0596     | 0.5894     | 0.6579     |             | 0.9583   | -0.034 
179    | 2.7522     | 0.3105     | 1.2253       | 1.2163      | 0.0639     | 0.5852     | 0.6499     |             | 0.9203   | -0.035 
180    | 2.7745     | 0.3041     | 1.2465       | 1.2238      | 0.0657     | 0.5835     | 0.6423     |             | 0.8827   | -0.035 
181    | 2.7688     | 0.2996     | 1.2447       | 1.2245      | 0.0696     | 0.5916     | 0.6340     |             | 0.8923   | -0.031 
182    | 2.7473     | 0.2724     | 1.2520       | 1.2228      | 0.0658     | 0.6075     | 0.6333     |             | 0.9194   | -0.023 
183    | 2.8439     | 0.3223     | 1.2917       | 1.2298      | 0.0709     | 0.5987     | 0.6514     |             | 0.9014   | -0.032 
184    | 2.7750     | 0.2864     | 1.2768       | 1.2118      | 0.0660     | 0.5963     | 0.6475     |             | 0.9142   | -0.031 
185    | 2.8174     | 0.3194     | 1.2656       | 1.2324      | 0.0643     | 0.5809     | 0.6592     |             | 0.8614   | -0.039 
186    | 2.8281     | 0.3195     | 1.2675       | 1.2411      | 0.0641     | 0.5919     | 0.6254     |             | 0.9339   | -0.028 
187    | 2.7626     | 0.3027     | 1.2208       | 1.2391      | 0.0604     | 0.5796     | 0.6421     |             | 0.9076   | -0.035 
188    | 2.8307     | 0.3099     | 1.2547       | 1.2661      | 0.0664     | 0.5748     | 0.6315     |             | 0.9079   | -0.036 
189    | 2.7666     | 0.2862     | 1.2442       | 1.2362      | 0.0603     | 0.5585     | 0.6253     |             | 0.8410   | -0.040 
190    | 2.8173     | 0.2901     | 1.2569       | 1.2703      | 0.0642     | 0.5769     | 0.6260     |             | 0.9260   | -0.034 
191    | 2.8323     | 0.3221     | 1.2626       | 1.2475      | 0.0585     | 0.5704     | 0.6546     |             | 0.7953   | -0.040 
192    | 2.8130     | 0.2825     | 1.2824       | 1.2481      | 0.0570     | 0.6134     | 0.6512     |             | 0.8696   | -0.022 
193    | 2.7694     | 0.2621     | 1.2728       | 1.2345      | 0.0531     | 0.6113     | 0.6500     |             | 0.8983   | -0.021 
194    | 2.8047     | 0.2767     | 1.2835       | 1.2445      | 0.0568     | 0.6292     | 0.6564     |             | 0.9147   | -0.017 
195    | 2.7875     | 0.3044     | 1.2528       | 1.2303      | 0.0556     | 0.6040     | 0.6523     |             | 0.9233   | -0.026 
196    | 2.7440     | 0.2732     | 1.2391       | 1.2317      | 0.0557     | 0.5747     | 0.6614     |             | 0.8836   | -0.039 
197    | 2.7372     | 0.2823     | 1.2133       | 1.2416      | 0.0555     | 0.5837     | 0.6689     |             | 0.8588   | -0.037 
198    | 2.6880     | 0.2542     | 1.1889       | 1.2449      | 0.0599     | 0.5640     | 0.6615     |             | 0.8666   | -0.045 
199    | 2.7072     | 0.2803     | 1.1712       | 1.2557      | 0.0610     | 0.5811     | 0.6601     |             | 0.9574   | -0.038 
200    | 2.6959     | 0.2588     | 1.1809       | 1.2563      | 0.0704     | 0.5870     | 0.6653     |             | 0.8770   | -0.039 
201    | 2.6992     | 0.2666     | 1.1917       | 1.2409      | 0.0571     | 0.5646     | 0.6507     |             | 0.9037   | -0.041 
202    | 2.6801     | 0.2665     | 1.1646       | 1.2490      | 0.0595     | 0.5559     | 0.6557     |             | 0.8928   | -0.047 
203    | 2.6703     | 0.2605     | 1.1650       | 1.2448      | 0.0674     | 0.5648     | 0.6424     |             | 0.9601   | -0.043 
204    | 2.6458     | 0.2537     | 1.1535       | 1.2386      | 0.0578     | 0.5579     | 0.6383     |             | 0.9449   | -0.042 
205    | 2.6548     | 0.2690     | 1.1668       | 1.2191      | 0.0576     | 0.5607     | 0.6385     |             | 0.9306   | -0.041 
206    | 2.6874     | 0.2773     | 1.1759       | 1.2341      | 0.0621     | 0.5879     | 0.6610     |             | 0.9623   | -0.036 
207    | 2.7248     | 0.2859     | 1.2005       | 1.2384      | 0.0628     | 0.6181     | 0.6921     |             | 0.9367   | -0.030 
208    | 2.8032     | 0.3013     | 1.2535       | 1.2484      | 0.0611     | 0.6096     | 0.6465     |             | 0.9711   | -0.024 
209    | 2.7487     | 0.2804     | 1.2275       | 1.2408      | 0.0602     | 0.5988     | 0.6649     |             | 0.9417   | -0.032 
210    | 2.7608     | 0.3156     | 1.2260       | 1.2193      | 0.0555     | 0.6165     | 0.6790     |             | 0.9816   | -0.026 
211    | 2.7790     | 0.2956     | 1.2347       | 1.2487      | 0.0573     | 0.6281     | 0.6570     |             | 0.9240   | -0.017 
212    | 2.7805     | 0.2858     | 1.2459       | 1.2487      | 0.0595     | 0.6079     | 0.6687     |             | 0.8568   | -0.028 
213    | 2.7450     | 0.2727     | 1.2132       | 1.2591      | 0.0580     | 0.6034     | 0.6433     |             | 0.9415   | -0.025 
214    | 2.7504     | 0.2808     | 1.1904       | 1.2791      | 0.0632     | 0.5825     | 0.6863     |             | 0.9662   | -0.043 
215    | 2.7945     | 0.2680     | 1.1961       | 1.3304      | 0.0562     | 0.5755     | 0.6719     |             | 0.9371   | -0.041 
216    | 2.7938     | 0.2724     | 1.2059       | 1.3154      | 0.0666     | 0.5898     | 0.6604     |             | 0.9714   | -0.036 
217    | 2.7617     | 0.2551     | 1.2156       | 1.2910      | 0.0655     | 0.5832     | 0.6422     |             | 0.9196   | -0.035 
218    | 2.7721     | 0.2761     | 1.2278       | 1.2682      | 0.0687     | 0.6065     | 0.6183     |             | 0.9555   | -0.022 
219    | 2.7647     | 0.2601     | 1.2392       | 1.2654      | 0.0632     | 0.6492     | 0.6435     |             | 0.9080   | -0.011 
220    | 2.8272     | 0.2800     | 1.2755       | 1.2716      | 0.0666     | 0.6229     | 0.6386     |             | 0.9271   | -0.019 
221    | 2.7720     | 0.2584     | 1.2467       | 1.2670      | 0.0555     | 0.6073     | 0.6144     |             | 0.8850   | -0.017 
222    | 2.7530     | 0.2579     | 1.2336       | 1.2615      | 0.0561     | 0.5862     | 0.6129     |             | 0.8721   | -0.025 
223    | 2.7562     | 0.2623     | 1.2260       | 1.2679      | 0.0554     | 0.5885     | 0.6292     |             | 0.9134   | -0.027 
224    | 2.7411     | 0.2764     | 1.2237       | 1.2410      | 0.0547     | 0.5856     | 0.6436     |             | 1.0034   | -0.031 
225    | 2.7055     | 0.2606     | 1.1845       | 1.2604      | 0.0546     | 0.5713     | 0.6375     |             | 0.8564   | -0.035 
226    | 2.6504     | 0.2277     | 1.1699       | 1.2528      | 0.0491     | 0.5844     | 0.6468     |             | 0.9227   | -0.030 
227    | 2.7166     | 0.2562     | 1.2000       | 1.2605      | 0.0515     | 0.5824     | 0.6394     |             | 0.9870   | -0.030 
228    | 2.7105     | 0.2465     | 1.2024       | 1.2616      | 0.0548     | 0.5777     | 0.6539     |             | 0.9650   | -0.036 
229    | 2.7173     | 0.2728     | 1.1916       | 1.2529      | 0.0499     | 0.5880     | 0.6331     |             | 0.9639   | -0.026 
230    | 2.6916     | 0.2549     | 1.1947       | 1.2419      | 0.0601     | 0.5777     | 0.6321     |             | 0.9396   | -0.033 
231    | 2.7307     | 0.2409     | 1.2264       | 1.2634      | 0.0574     | 0.5976     | 0.6360     |             | 0.8901   | -0.025 
232    | 2.7657     | 0.2576     | 1.2595       | 1.2486      | 0.0627     | 0.5940     | 0.6366     |             | 0.9249   | -0.029 
233    | 2.7957     | 0.2793     | 1.2777       | 1.2387      | 0.0618     | 0.6029     | 0.6707     |             | 0.8808   | -0.032 
234    | 2.8197     | 0.2834     | 1.2851       | 1.2512      | 0.0497     | 0.6217     | 0.6308     |             | 0.9036   | -0.012 
235    | 2.7598     | 0.2514     | 1.2768       | 1.2317      | 0.0712     | 0.6266     | 0.6327     |             | 0.9531   | -0.017 
236    | 2.7829     | 0.2598     | 1.2658       | 1.2573      | 0.0577     | 0.6128     | 0.6339     |             | 0.9906   | -0.019 
237    | 2.7634     | 0.2685     | 1.2578       | 1.2371      | 0.0561     | 0.5654     | 0.6375     |             | 0.9262   | -0.038 
238    | 2.7790     | 0.2698     | 1.2592       | 1.2500      | 0.0572     | 0.6082     | 0.6353     |             | 0.9102   | -0.021 
239    | 2.7826     | 0.2760     | 1.2443       | 1.2623      | 0.0586     | 0.5655     | 0.6555     |             | 0.9128   | -0.042 
240    | 2.7814     | 0.2594     | 1.2452       | 1.2768      | 0.0582     | 0.5577     | 0.6690     |             | 0.9464   | -0.048 
241    | 2.8233     | 0.2909     | 1.2466       | 1.2858      | 0.0609     | 0.5659     | 0.6469     |             | 0.9044   | -0.041 
242    | 2.7350     | 0.2679     | 1.2006       | 1.2665      | 0.0544     | 0.5618     | 0.6433     |             | 0.8101   | -0.040 
243    | 2.7345     | 0.2645     | 1.1966       | 1.2734      | 0.0550     | 0.5553     | 0.6678     |             | 0.8843   | -0.048 
244    | 2.7334     | 0.2630     | 1.1984       | 1.2720      | 0.0547     | 0.5583     | 0.6484     |             | 0.9248   | -0.043 
245    | 2.7498     | 0.2844     | 1.2063       | 1.2590      | 0.0671     | 0.5900     | 0.6431     |             | 0.9199   | -0.033 
246    | 2.7948     | 0.3020     | 1.2298       | 1.2631      | 0.0669     | 0.6120     | 0.6539     |             | 0.9164   | -0.026 
247    | 2.7851     | 0.2677     | 1.2361       | 1.2813      | 0.0476     | 0.6060     | 0.6607     |             | 0.8857   | -0.024 
248    | 2.8015     | 0.2717     | 1.2320       | 1.2978      | 0.0461     | 0.6037     | 0.6789     |             | 0.9478   | -0.028 
249    | 2.7751     | 0.2504     | 1.2253       | 1.2994      | 0.0521     | 0.6045     | 0.6589     |             | 0.9229   | -0.026 
250    | 2.7953     | 0.2751     | 1.2084       | 1.3118      | 0.0511     | 0.6012     | 0.6572     |             | 0.9422   | -0.026 
251    | 2.7892     | 0.2723     | 1.2114       | 1.3054      | 0.0539     | 0.6062     | 0.6532     |             | 0.9672   | -0.024 
252    | 2.7305     | 0.2474     | 1.2139       | 1.2692      | 0.0607     | 0.6213     | 0.6331     |             | 0.9399   | -0.016 
253    | 2.7424     | 0.2632     | 1.2227       | 1.2565      | 0.0515     | 0.6103     | 0.6357     |             | 0.9712   | -0.018 
254    | 2.7402     | 0.2628     | 1.2063       | 1.2710      | 0.0576     | 0.6124     | 0.6470     |             | 0.9972   | -0.022 
255    | 2.7192     | 0.2479     | 1.1858       | 1.2855      | 0.0529     | 0.5973     | 0.6226     |             | 0.9419   | -0.021 
256    | 2.7174     | 0.2676     | 1.1772       | 1.2725      | 0.0565     | 0.6056     | 0.6408     |             | 0.9580   | -0.023 
257    | 2.7023     | 0.2439     | 1.1740       | 1.2843      | 0.0571     | 0.6134     | 0.6645     |             | 0.9694   | -0.025 
258    | 2.7346     | 0.2572     | 1.2025       | 1.2750      | 0.0631     | 0.6110     | 0.6606     |             | 0.9757   | -0.027 
259    | 2.6903     | 0.2395     | 1.1921       | 1.2588      | 0.0521     | 0.5933     | 0.6574     |             | 0.8919   | -0.030 
260    | 2.7195     | 0.2366     | 1.2150       | 1.2678      | 0.0492     | 0.5769     | 0.6388     |             | 0.9460   | -0.032 
261    | 2.7227     | 0.2358     | 1.2191       | 1.2677      | 0.0484     | 0.5765     | 0.6582     |             | 0.9533   | -0.036 
262    | 2.7501     | 0.2382     | 1.2331       | 1.2788      | 0.0543     | 0.5758     | 0.6570     |             | 0.9085   | -0.037 
263    | 2.7566     | 0.2613     | 1.2098       | 1.2854      | 0.0614     | 0.5627     | 0.6778     |             | 0.9374   | -0.049 
264    | 2.7475     | 0.2719     | 1.2029       | 1.2727      | 0.0545     | 0.5638     | 0.6614     |             | 0.9473   | -0.043 
265    | 2.7587     | 0.2825     | 1.1927       | 1.2835      | 0.0519     | 0.5712     | 0.6684     |             | 0.9260   | -0.041 
266    | 2.6980     | 0.2407     | 1.1860       | 1.2713      | 0.0561     | 0.5753     | 0.6623     |             | 0.9654   | -0.039 
267    | 2.7819     | 0.2794     | 1.2094       | 1.2931      | 0.0511     | 0.5880     | 0.6541     |             | 1.0805   | -0.031 
268    | 2.7464     | 0.2584     | 1.2000       | 1.2881      | 0.0510     | 0.5580     | 0.6593     |             | 0.9608   | -0.044 
269    | 2.7317     | 0.2476     | 1.2218       | 1.2623      | 0.0566     | 0.5930     | 0.6530     |             | 0.9289   | -0.030 
270    | 2.7677     | 0.2636     | 1.2358       | 1.2683      | 0.0587     | 0.5917     | 0.6481     |             | 0.8911   | -0.031 
271    | 2.7769     | 0.2775     | 1.2403       | 1.2591      | 0.0477     | 0.5788     | 0.6524     |             | 0.9506   | -0.033 
272    | 2.7332     | 0.2617     | 1.2187       | 1.2528      | 0.0560     | 0.5964     | 0.6436     |             | 0.9330   | -0.027 
273    | 2.7380     | 0.2742     | 1.2029       | 1.2609      | 0.0468     | 0.6096     | 0.6378     |             | 0.9047   | -0.018 
274    | 2.7209     | 0.2329     | 1.2448       | 1.2433      | 0.0495     | 0.6127     | 0.6327     |             | 0.9357   | -0.016 
275    | 2.7472     | 0.2459     | 1.2318       | 1.2695      | 0.0598     | 0.5873     | 0.6405     |             | 0.9341   | -0.031 
276    | 2.7694     | 0.2547     | 1.2488       | 1.2659      | 0.0496     | 0.5740     | 0.6725     |             | 0.8401   | -0.040 
277    | 2.8067     | 0.2543     | 1.2481       | 1.3043      | 0.0496     | 0.5899     | 0.6627     |             | 0.8744   | -0.031 
278    | 2.7876     | 0.2460     | 1.2387       | 1.3029      | 0.0540     | 0.5961     | 0.6875     |             | 0.8879   | -0.035 
279    | 2.7664     | 0.2421     | 1.2432       | 1.2810      | 0.0503     | 0.5857     | 0.6610     |             | 0.8767   | -0.033 
280    | 2.7946     | 0.2524     | 1.2474       | 1.2949      | 0.0533     | 0.5992     | 0.6519     |             | 0.8279   | -0.027 
281    | 2.7379     | 0.2460     | 1.2285       | 1.2634      | 0.0485     | 0.6060     | 0.6605     |             | 0.9009   | -0.024 
282    | 2.7667     | 0.2605     | 1.2141       | 1.2920      | 0.0553     | 0.5796     | 0.6537     |             | 0.8698   | -0.035 
283    | 2.7160     | 0.2276     | 1.2171       | 1.2714      | 0.0533     | 0.6013     | 0.6591     |             | 0.8791   | -0.027 
284    | 2.7901     | 0.2672     | 1.2363       | 1.2866      | 0.0771     | 0.6164     | 0.6812     |             | 0.9464   | -0.033 
285    | 2.8098     | 0.2542     | 1.2553       | 1.3002      | 0.0602     | 0.6233     | 0.6397     |             | 0.8826   | -0.017 
286    | 2.7485     | 0.2681     | 1.2130       | 1.2674      | 0.0553     | 0.5919     | 0.6658     |             | 0.9030   | -0.033 
287    | 2.7308     | 0.2593     | 1.2017       | 1.2698      | 0.0458     | 0.5831     | 0.6376     |             | 0.8878   | -0.028 
288    | 2.7071     | 0.2331     | 1.1985       | 1.2755      | 0.0492     | 0.5933     | 0.6450     |             | 0.8468   | -0.026 
289    | 2.7084     | 0.2263     | 1.2030       | 1.2791      | 0.0622     | 0.5929     | 0.6386     |             | 0.8847   | -0.029 
290    | 2.7449     | 0.2569     | 1.2168       | 1.2712      | 0.0476     | 0.6106     | 0.6271     |             | 0.8173   | -0.015 
291    | 2.7622     | 0.2624     | 1.2287       | 1.2711      | 0.0499     | 0.6054     | 0.6310     |             | 0.8174   | -0.019 
292    | 2.7256     | 0.2549     | 1.2129       | 1.2577      | 0.0554     | 0.6194     | 0.6393     |             | 0.8395   | -0.017 
293    | 2.7151     | 0.2374     | 1.2152       | 1.2625      | 0.0485     | 0.6128     | 0.6369     |             | 0.8852   | -0.017 
294    | 2.7379     | 0.2656     | 1.2089       | 1.2634      | 0.0561     | 0.6020     | 0.6338     |             | 0.8414   | -0.023 
295    | 2.7243     | 0.2451     | 1.1919       | 1.2873      | 0.0600     | 0.6019     | 0.6485     |             | 0.8937   | -0.027 
296    | 2.7201     | 0.2422     | 1.2004       | 1.2775      | 0.0636     | 0.5832     | 0.6359     |             | 0.8635   | -0.033 
297    | 2.7114     | 0.2146     | 1.2077       | 1.2892      | 0.0537     | 0.6150     | 0.6445     |             | 0.8627   | -0.019 
298    | 2.7770     | 0.2558     | 1.2304       | 1.2908      | 0.0681     | 0.5873     | 0.6530     |             | 0.9328   | -0.036 
299    | 2.7597     | 0.2563     | 1.2357       | 1.2677      | 0.0590     | 0.5865     | 0.6455     |             | 0.8683   | -0.032 
300    | 2.7050     | 0.2409     | 1.2130       | 1.2511      | 0.0530     | 0.6201     | 0.6251     |             | 0.9601   | -0.013 
301    | 2.7283     | 0.2423     | 1.2407       | 1.2453      | 0.0513     | 0.6183     | 0.6351     |             | 0.8766   | -0.015 
302    | 2.7422     | 0.2666     | 1.2311       | 1.2446      | 0.0505     | 0.6304     | 0.6245     |             | 0.9235   | -0.011 
303    | 2.7517     | 0.2546     | 1.2481       | 1.2490      | 0.0672     | 0.6437     | 0.6287     |             | 0.9882   | -0.017 
304    | 2.7176     | 0.2528     | 1.2299       | 1.2349      | 0.0617     | 0.6575     | 0.6432     |             | 1.0177   | -0.013 
305    | 2.7623     | 0.2719     | 1.2229       | 1.2674      | 0.0502     | 0.6149     | 0.6204     |             | 0.9641   | -0.013 
306    | 2.7350     | 0.2800     | 1.1881       | 1.2670      | 0.0490     | 0.6060     | 0.6266     |             | 1.0241   | -0.018 
307    | 2.6613     | 0.2338     | 1.1824       | 1.2452      | 0.0570     | 0.6122     | 0.6284     |             | 0.8929   | -0.018 
308    | 2.7327     | 0.2433     | 1.2209       | 1.2685      | 0.0486     | 0.6083     | 0.6360     |             | 0.9363   | -0.018 
309    | 2.7523     | 0.2659     | 1.2494       | 1.2370      | 0.0532     | 0.6119     | 0.6293     |             | 0.9675   | -0.017 
310    | 2.7650     | 0.2502     | 1.2613       | 1.2535      | 0.0507     | 0.6212     | 0.6485     |             | 0.8875   | -0.016 
311    | 2.7515     | 0.2387     | 1.2495       | 1.2634      | 0.0578     | 0.6380     | 0.6378     |             | 0.8982   | -0.010 
312    | 2.7905     | 0.2542     | 1.2516       | 1.2847      | 0.0513     | 0.6172     | 0.6198     |             | 0.9274   | -0.012 
313    | 2.8062     | 0.2736     | 1.2515       | 1.2811      | 0.0475     | 0.6269     | 0.6442     |             | 0.8564   | -0.012 
314    | 2.7832     | 0.2601     | 1.2518       | 1.2712      | 0.0496     | 0.6313     | 0.6387     |             | 0.9331   | -0.010 
315    | 2.7665     | 0.2462     | 1.2431       | 1.2773      | 0.0707     | 0.6172     | 0.6384     |             | 0.9962   | -0.022 
316    | 2.7669     | 0.2417     | 1.2287       | 1.2966      | 0.0538     | 0.6242     | 0.6558     |             | 0.8956   | -0.018 
317    | 2.7923     | 0.2427     | 1.2170       | 1.3326      | 0.0566     | 0.6322     | 0.6569     |             | 0.9160   | -0.015 
318    | 2.8126     | 0.2360     | 1.2489       | 1.3276      | 0.0578     | 0.6621     | 0.6547     |             | 0.8487   | -0.008 
319    | 2.8605     | 0.2461     | 1.2836       | 1.3309      | 0.0579     | 0.6647     | 0.6615     |             | 0.8973   | -0.006 
320    | 2.9049     | 0.2564     | 1.2792       | 1.3693      | 0.0647     | 0.6520     | 0.6689     |             | 0.8474   | -0.012 
321    | 2.8461     | 0.2475     | 1.2510       | 1.3476      | 0.0540     | 0.6502     | 0.6485     |             | 0.9090   | -0.007 
322    | 2.8250     | 0.2381     | 1.2607       | 1.3262      | 0.0484     | 0.6485     | 0.6672     |             | 1.0287   | -0.009 
323    | 2.8067     | 0.2344     | 1.2510       | 1.3213      | 0.0515     | 0.6731     | 0.6609     |             | 0.9139   | -0.006 
324    | 2.8028     | 0.2357     | 1.2567       | 1.3104      | 0.0720     | 0.6588     | 0.6660     |             | 0.8810   | -0.011 
325    | 2.8047     | 0.2383     | 1.2857       | 1.2807      | 0.0586     | 0.6693     | 0.6590     |             | 0.9495   | -0.008 
326    | 2.8261     | 0.2585     | 1.2756       | 1.2920      | 0.0715     | 0.6853     | 0.6740     |             | 1.0247   | -0.009 
327    | 2.8204     | 0.2584     | 1.2698       | 1.2921      | 0.0531     | 0.6600     | 0.6607     |             | 1.0530   | -0.004 
328    | 2.8322     | 0.2607     | 1.2606       | 1.3109      | 0.0487     | 0.6476     | 0.6565     |             | 1.0208   | -0.007 
329    | 2.8524     | 0.2820     | 1.2755       | 1.2949      | 0.0602     | 0.6634     | 0.6471     |             | 0.9080   | -0.012 
330    | 2.8236     | 0.2675     | 1.2494       | 1.3067      | 0.0657     | 0.6323     | 0.6659     |             | 0.9325   | -0.020 
331    | 2.7829     | 0.2531     | 1.2277       | 1.3020      | 0.0566     | 0.6111     | 0.6651     |             | 0.9835   | -0.026 
332    | 2.7668     | 0.2529     | 1.2165       | 1.2974      | 0.0651     | 0.6297     | 0.6582     |             | 0.9726   | -0.019 
333    | 2.7442     | 0.2381     | 1.2317       | 1.2744      | 0.0522     | 0.6167     | 0.6377     |             | 0.9426   | -0.016 
334    | 2.7526     | 0.2620     | 1.2150       | 1.2756      | 0.0529     | 0.6059     | 0.6531     |             | 0.8998   | -0.024 
335    | 2.7571     | 0.2440     | 1.2158       | 1.2972      | 0.0664     | 0.6351     | 0.6636     |             | 0.8876   | -0.019 
336    | 2.7978     | 0.2330     | 1.2737       | 1.2911      | 0.0615     | 0.6454     | 0.6439     |             | 0.9152   | -0.010 
337    | 2.8490     | 0.2744     | 1.2755       | 1.2991      | 0.0621     | 0.6417     | 0.6341     |             | 0.8841   | -0.013 
338    | 2.7986     | 0.2439     | 1.2651       | 1.2897      | 0.0721     | 0.6289     | 0.6424     |             | 0.8391   | -0.019 
339    | 2.8106     | 0.2225     | 1.2851       | 1.3030      | 0.0486     | 0.6368     | 0.6525     |             | 0.8672   | -0.010 
340    | 2.8323     | 0.2576     | 1.2876       | 1.2870      | 0.0510     | 0.6142     | 0.6496     |             | 0.9014   | -0.020 
341    | 2.8201     | 0.2392     | 1.2857       | 1.2952      | 0.0585     | 0.6212     | 0.6352     |             | 0.9818   | -0.016 
342    | 2.7856     | 0.2553     | 1.2534       | 1.2769      | 0.0624     | 0.6076     | 0.6410     |             | 0.9948   | -0.024 
343    | 2.7498     | 0.2558     | 1.2329       | 1.2612      | 0.0539     | 0.5885     | 0.6355     |             | 0.9374   | -0.028 
344    | 2.7017     | 0.2270     | 1.2259       | 1.2487      | 0.0589     | 0.6150     | 0.6378     |             | 0.9436   | -0.019 
345    | 2.7123     | 0.2450     | 1.2211       | 1.2462      | 0.0517     | 0.6163     | 0.6416     |             | 0.9437   | -0.017 
346    | 2.7512     | 0.2364     | 1.2500       | 1.2648      | 0.0633     | 0.6252     | 0.6456     |             | 0.9075   | -0.018 
347    | 2.7726     | 0.2390     | 1.2613       | 1.2723      | 0.0498     | 0.6194     | 0.6441     |             | 0.9150   | -0.016 
348    | 2.7815     | 0.2302     | 1.2770       | 1.2743      | 0.0604     | 0.6564     | 0.6306     |             | 0.9266   | -0.017 
349    | 2.8593     | 0.2596     | 1.3101       | 1.2896      | 0.0598     | 0.6445     | 0.6512     |             | 0.9714   | -0.010 
350    | 2.8523     | 0.2554     | 1.2990       | 1.2979      | 0.0604     | 0.6098     | 0.6452     |             | 0.9418   | -0.023 
351    | 2.8231     | 0.2495     | 1.2684       | 1.3053      | 0.0523     | 0.6076     | 0.6347     |             | 0.8799   | -0.020 
352    | 2.8082     | 0.2555     | 1.2558       | 1.2969      | 0.0615     | 0.6461     | 0.6485     |             | 0.9528   | -0.010 
353    | 2.7918     | 0.2399     | 1.2500       | 1.3018      | 0.0579     | 0.6130     | 0.6483     |             | 0.8707   | -0.022 
354    | 2.8212     | 0.2424     | 1.2760       | 1.3028      | 0.0495     | 0.6331     | 0.6392     |             | 0.8637   | -0.009 
355    | 2.8086     | 0.2254     | 1.2953       | 1.2879      | 0.0578     | 0.6445     | 0.6436     |             | 0.8906   | -0.009 
356    | 2.8461     | 0.2486     | 1.3086       | 1.2889      | 0.0598     | 0.6288     | 0.6407     |             | 0.8223   | -0.015 
357    | 2.7674     | 0.2366     | 1.2543       | 1.2764      | 0.0575     | 0.6218     | 0.6343     |             | 0.8907   | -0.015 
358    | 2.7546     | 0.2298     | 1.2326       | 1.2921      | 0.0518     | 0.6165     | 0.6320     |             | 0.9028   | -0.015 
359    | 2.7690     | 0.2298     | 1.2425       | 1.2966      | 0.0477     | 0.6272     | 0.6319     |             | 0.8760   | -0.010 
360    | 2.7552     | 0.2270     | 1.2317       | 1.2966      | 0.0510     | 0.6121     | 0.6509     |             | 0.8943   | -0.021 
361    | 2.7643     | 0.2426     | 1.2315       | 1.2903      | 0.0509     | 0.6144     | 0.6384     |             | 0.8836   | -0.017 
362    | 2.7775     | 0.2586     | 1.2205       | 1.2984      | 0.0492     | 0.6074     | 0.6382     |             | 0.8235   | -0.019 
363    | 2.7357     | 0.2158     | 1.2095       | 1.3104      | 0.0517     | 0.6204     | 0.6406     |             | 0.9176   | -0.015 
364    | 2.7644     | 0.2496     | 1.2295       | 1.2853      | 0.0515     | 0.6099     | 0.6266     |             | 0.8655   | -0.017 
365    | 2.7327     | 0.2256     | 1.2275       | 1.2796      | 0.0537     | 0.6140     | 0.6316     |             | 0.8750   | -0.017 
366    | 2.7055     | 0.2128     | 1.2183       | 1.2744      | 0.0481     | 0.6083     | 0.6310     |             | 0.9312   | -0.017 
367    | 2.7476     | 0.2392     | 1.2241       | 1.2843      | 0.0506     | 0.6073     | 0.6289     |             | 0.8543   | -0.018 
368    | 2.7251     | 0.2089     | 1.2360       | 1.2802      | 0.0518     | 0.6119     | 0.6148     |             | 0.9134   | -0.014 
369    | 2.7459     | 0.2193     | 1.2289       | 1.2976      | 0.0613     | 0.6254     | 0.6268     |             | 0.8838   | -0.014 
370    | 2.7421     | 0.2213     | 1.2361       | 1.2847      | 0.0583     | 0.6134     | 0.6433     |             | 0.8618   | -0.021 
371    | 2.7538     | 0.2440     | 1.2301       | 1.2797      | 0.0474     | 0.6051     | 0.6224     |             | 0.8830   | -0.017 
372    | 2.7234     | 0.2201     | 1.2104       | 1.2930      | 0.0472     | 0.5959     | 0.6219     |             | 0.8827   | -0.020 
373    | 2.7251     | 0.2204     | 1.2122       | 1.2926      | 0.0499     | 0.6018     | 0.6291     |             | 0.9369   | -0.020 
/home/mcslab/yutung/MCSLAB_RSSI_RTT_Dataset/FusionDANN/fusion_dann_v4_noRSSIDiff.py:188: FutureWarning: DataFrameGroupBy.apply operated on the grouping columns. This behavior is deprecated, and in a future version of pandas the grouping columns will be excluded from the operation. Either pass `include_groups=False` to exclude the groupings or explicitly select the grouping columns after groupby to silence this warning.
  df = df.groupby('Label').apply(
/home/mcslab/yutung/MCSLAB_RSSI_RTT_Dataset/FusionDANN/fusion_dann_v4_noRSSIDiff.py:188: FutureWarning: DataFrameGroupBy.apply operated on the grouping columns. This behavior is deprecated, and in a future version of pandas the grouping columns will be excluded from the operation. Either pass `include_groups=False` to exclude the groupings or explicitly select the grouping columns after groupby to silence this warning.
  df = df.groupby('Label').apply(
374    | 2.7328     | 0.2335     | 1.1835       | 1.3157      | 0.0447     | 0.5902     | 0.6363     |             | 0.9062   | -0.025 
375    | 2.7300     | 0.2351     | 1.1939       | 1.3010      | 0.0615     | 0.6023     | 0.6439     |             | 0.8698   | -0.026 
376    | 2.7424     | 0.2323     | 1.2044       | 1.3057      | 0.0473     | 0.5921     | 0.6374     |             | 0.8912   | -0.025 
377    | 2.7536     | 0.2341     | 1.2175       | 1.3020      | 0.0611     | 0.5896     | 0.6326     |             | 0.9125   | -0.029 
378    | 2.7692     | 0.2291     | 1.2149       | 1.3252      | 0.0569     | 0.6030     | 0.6694     |             | 0.9394   | -0.030 
379    | 2.7496     | 0.2173     | 1.2165       | 1.3158      | 0.0525     | 0.5954     | 0.6617     |             | 0.9603   | -0.030 
380    | 2.7783     | 0.2457     | 1.2068       | 1.3257      | 0.0487     | 0.5942     | 0.6737     |             | 0.8845   | -0.032 
381    | 2.7721     | 0.2435     | 1.2203       | 1.3083      | 0.0609     | 0.5988     | 0.6569     |             | 0.9646   | -0.030 
382    | 2.7300     | 0.2163     | 1.2100       | 1.3037      | 0.0442     | 0.6106     | 0.6349     |             | 0.8933   | -0.016 
383    | 2.7502     | 0.2387     | 1.2143       | 1.2972      | 0.0475     | 0.5881     | 0.6459     |             | 1.0210   | -0.028 
384    | 2.7432     | 0.2125     | 1.2305       | 1.3002      | 0.0637     | 0.5910     | 0.6499     |             | 0.9265   | -0.033 
385    | 2.7719     | 0.2379     | 1.2443       | 1.2897      | 0.0634     | 0.5921     | 0.6473     |             | 0.9089   | -0.032 
386    | 2.7434     | 0.2145     | 1.2357       | 1.2932      | 0.0655     | 0.6058     | 0.6332     |             | 0.9505   | -0.024 
387    | 2.7266     | 0.2115     | 1.2367       | 1.2784      | 0.0661     | 0.6167     | 0.6477     |             | 0.9869   | -0.023 
388    | 2.7369     | 0.2144     | 1.2265       | 1.2960      | 0.0752     | 0.6040     | 0.6396     |             | 1.0103   | -0.029 
389    | 2.7372     | 0.2266     | 1.2186       | 1.2920      | 0.0482     | 0.6212     | 0.6471     |             | 0.8951   | -0.015 
390    | 2.7747     | 0.2484     | 1.2141       | 1.3121      | 0.0431     | 0.6320     | 0.6470     |             | 0.8428   | -0.010 
391    | 2.7894     | 0.2451     | 1.2408       | 1.3035      | 0.0486     | 0.6118     | 0.6648     |             | 0.8958   | -0.023 
392    | 2.7875     | 0.2192     | 1.2687       | 1.2996      | 0.0467     | 0.6288     | 0.6765     |             | 0.7868   | -0.018 
393    | 2.8423     | 0.2664     | 1.2753       | 1.3006      | 0.0445     | 0.6513     | 0.6589     |             | 0.7899   | -0.005 
394    | 2.8619     | 0.2390     | 1.3271       | 1.2958      | 0.0547     | 0.6441     | 0.6473     |             | 0.8276   | -0.008 
395    | 2.8631     | 0.2577     | 1.3142       | 1.2912      | 0.0620     | 0.6357     | 0.6644     |             | 0.7847   | -0.017 
396    | 2.8352     | 0.2285     | 1.3021       | 1.3046      | 0.0550     | 0.6328     | 0.6512     |             | 0.8042   | -0.014 
397    | 2.8269     | 0.2671     | 1.2698       | 1.2901      | 0.0501     | 0.6213     | 0.6480     |             | 0.8047   | -0.016 
398    | 2.8027     | 0.2494     | 1.2719       | 1.2815      | 0.0587     | 0.6041     | 0.6423     |             | 0.9136   | -0.024 
399    | 2.7662     | 0.2364     | 1.2591       | 1.2706      | 0.0555     | 0.5986     | 0.6436     |             | 0.8014   | -0.026 
400    | 2.7953     | 0.2530     | 1.2458       | 1.2966      | 0.0530     | 0.5942     | 0.6480     |             | 0.8204   | -0.028 
Seed 6767 | Src MDE: 0.0243 | Tgt MDE: 1.0530
Start Training Seed 123456...

Start Training... (Validate on Source Val & Target Val)
Epoch  | Total Loss | Train Cls  | Train D_RSSI | Train D_RTT | Val Cls    | Val D_RSSI | Val D_RTT  | Save        | Test MDE | Score  
---------------------------------------------------------------------------------------------------------------------------------------
1      | 6.2559     | 3.4592     | 1.4036       | 1.3931      | 2.8600     | 0.6766     | 0.6962     |             | 1.5491   | -0.847 
2      | 5.4583     | 2.7341     | 1.3612       | 1.3630      | 2.3138     | 0.6713     | 0.6950     |             | 1.1301   | -0.685 
3      | 4.9954     | 2.3065     | 1.3415       | 1.3474      | 1.9394     | 0.6632     | 0.6878     |             | 1.0975   | -0.574 
4      | 4.6618     | 2.0078     | 1.3208       | 1.3332      | 1.5818     | 0.6562     | 0.6896     |             | 1.0097   | -0.470 
5      | 4.3646     | 1.7552     | 1.2963       | 1.3130      | 1.3212     | 0.6472     | 0.6825     |             | 1.0135   | -0.394 
6      | 4.1361     | 1.5687     | 1.2765       | 1.2908      | 1.1051     | 0.6401     | 0.6778     |             | 0.9874   | -0.331 
7      | 3.8888     | 1.3748     | 1.2459       | 1.2681      | 0.9162     | 0.6305     | 0.6811     |             | 1.0128   | -0.279 
8      | 3.7121     | 1.2442     | 1.2198       | 1.2480      | 0.7745     | 0.6332     | 0.6932     |             | 1.0118   | -0.238 
9      | 3.5750     | 1.1560     | 1.1921       | 1.2270      | 0.6674     | 0.6280     | 0.6873     |             | 0.9991   | -0.206 
10     | 3.4622     | 1.0861     | 1.1626       | 1.2135      | 0.5848     | 0.6212     | 0.6761     |             | 1.0016   | -0.182 
11     | 3.2818     | 0.9843     | 1.1230       | 1.1745      | 0.5027     | 0.6266     | 0.6920     |             | 0.9352   | -0.159 
12     | 3.1181     | 0.8899     | 1.0868       | 1.1413      | 0.4495     | 0.6064     | 0.6810     |             | 0.9198   | -0.148 
13     | 3.0258     | 0.8612     | 1.0536       | 1.1109      | 0.3802     | 0.6100     | 0.6985     |             | 0.9438   | -0.130 
14     | 2.9506     | 0.8151     | 1.0251       | 1.1104      | 0.3460     | 0.6028     | 0.6957     |             | 0.9215   | -0.122 
15     | 2.8575     | 0.8016     | 0.9874       | 1.0685      | 0.3097     | 0.5868     | 0.7085     |             | 0.9346   | -0.120 
16     | 2.7108     | 0.7109     | 0.9492       | 1.0508      | 0.2767     | 0.5975     | 0.7305     |             | 0.9383   | -0.110 
17     | 2.6398     | 0.7037     | 0.9122       | 1.0239      | 0.2524     | 0.5803     | 0.7136     |             | 0.9632   | -0.106 
18     | 2.5289     | 0.6532     | 0.8816       | 0.9940      | 0.2297     | 0.5701     | 0.6759     |             | 0.9510   | -0.096 
19     | 2.4589     | 0.6175     | 0.8693       | 0.9721      | 0.2188     | 0.5665     | 0.6833     |             | 0.8862   | -0.096 
20     | 2.4578     | 0.6154     | 0.8546       | 0.9879      | 0.2021     | 0.5482     | 0.6940     |             | 0.9132   | -0.100 
21     | 2.3970     | 0.5940     | 0.8262       | 0.9767      | 0.1906     | 0.5317     | 0.6849     |             | 0.9804   | -0.101 
22     | 2.3711     | 0.5849     | 0.8325       | 0.9536      | 0.2002     | 0.5423     | 0.7128     |             | 0.8794   | -0.106 
23     | 2.3519     | 0.5511     | 0.8386       | 0.9622      | 0.1732     | 0.5298     | 0.7088     |             | 0.9435   | -0.102 
24     | 2.3276     | 0.5388     | 0.8034       | 0.9854      | 0.1673     | 0.5162     | 0.7000     |             | 0.9082   | -0.104 
25     | 2.3690     | 0.5500     | 0.8371       | 0.9820      | 0.1609     | 0.5493     | 0.6627     |             | 0.8747   | -0.081 
26     | 2.3234     | 0.5249     | 0.7991       | 0.9994      | 0.1562     | 0.5301     | 0.6729     |             | 0.9010   | -0.089 
27     | 2.3360     | 0.5044     | 0.8183       | 1.0133      | 0.1501     | 0.5072     | 0.6854     |             | 0.9505   | -0.099 
28     | 2.3619     | 0.5046     | 0.8150       | 1.0423      | 0.1332     | 0.4975     | 0.7155     |             | 0.9297   | -0.104 
29     | 2.3136     | 0.4707     | 0.8147       | 1.0282      | 0.1330     | 0.5097     | 0.6536     |             | 0.9403   | -0.087 
30     | 2.3238     | 0.4878     | 0.8179       | 1.0181      | 0.1357     | 0.5115     | 0.6616     |             | 0.9380   | -0.088 
31     | 2.3036     | 0.4658     | 0.8197       | 1.0181      | 0.1188     | 0.4981     | 0.6680     |             | 0.8976   | -0.090 
32     | 2.3426     | 0.4965     | 0.8195       | 1.0267      | 0.1228     | 0.5015     | 0.6646     |             | 0.8728   | -0.089 
33     | 2.4259     | 0.4837     | 0.8576       | 1.0846      | 0.1248     | 0.4844     | 0.6452     |             | 0.8739   | -0.093 
34     | 2.4034     | 0.4635     | 0.8453       | 1.0946      | 0.1284     | 0.5346     | 0.6840     |             | 0.8810   | -0.082 
35     | 2.4381     | 0.4735     | 0.8472       | 1.1174      | 0.1165     | 0.5178     | 0.6379     |             | 0.9146   | -0.075 
36     | 2.4084     | 0.4535     | 0.8523       | 1.1027      | 0.1209     | 0.5133     | 0.6565     |             | 0.9238   | -0.082 
37     | 2.4014     | 0.4456     | 0.8578       | 1.0980      | 0.1155     | 0.5545     | 0.6520     |             | 0.8758   | -0.063 
38     | 2.4525     | 0.4720     | 0.8776       | 1.1028      | 0.0996     | 0.5303     | 0.6726     |             | 0.8964   | -0.072 
39     | 2.3844     | 0.4265     | 0.8593       | 1.0986      | 0.1035     | 0.5599     | 0.6609     |             | 0.9030   | -0.059 
40     | 2.4542     | 0.4584     | 0.8824       | 1.1133      | 0.1223     | 0.5278     | 0.6546     |             | 0.8607   | -0.077 
41     | 2.4738     | 0.4384     | 0.9187       | 1.1167      | 0.1014     | 0.5539     | 0.6596     |             | 0.9414   | -0.061 
42     | 2.5179     | 0.4548     | 0.9355       | 1.1276      | 0.1013     | 0.5359     | 0.7008     |             | 0.8952   | -0.076 
43     | 2.5523     | 0.4528     | 0.9477       | 1.1517      | 0.1125     | 0.5482     | 0.6711     |             | 0.8562   | -0.069 
44     | 2.5886     | 0.4485     | 0.9381       | 1.2020      | 0.1014     | 0.5294     | 0.6377     |             | 0.8832   | -0.066 
45     | 2.6023     | 0.4522     | 0.9473       | 1.2028      | 0.0960     | 0.5344     | 0.6671     |             | 0.9109   | -0.068 
46     | 2.5559     | 0.4254     | 0.9543       | 1.1762      | 0.0957     | 0.5295     | 0.6472     |             | 0.8934   | -0.066 
47     | 2.5172     | 0.4078     | 0.9480       | 1.1614      | 0.0928     | 0.5475     | 0.6549     |             | 1.0264   | -0.060 
48     | 2.5119     | 0.4150     | 0.9408       | 1.1560      | 0.0926     | 0.4856     | 0.6627     |             | 0.9678   | -0.086 
49     | 2.5123     | 0.4062     | 0.9561       | 1.1500      | 0.0933     | 0.5447     | 0.6668     |             | 1.0101   | -0.063 
50     | 2.6231     | 0.4240     | 1.0064       | 1.1927      | 0.0868     | 0.5224     | 0.6786     |             | 1.0350   | -0.073 
51     | 2.5643     | 0.4044     | 0.9725       | 1.1873      | 0.0909     | 0.5587     | 0.6559     |             | 0.9348   | -0.055 
52     | 2.5844     | 0.4194     | 0.9914       | 1.1735      | 0.1010     | 0.5476     | 0.6488     |             | 0.8837   | -0.061 
53     | 2.6482     | 0.4299     | 1.0152       | 1.2031      | 0.0973     | 0.5417     | 0.6755     |             | 0.9867   | -0.068 
54     | 2.6362     | 0.3879     | 1.0485       | 1.1998      | 0.1083     | 0.5474     | 0.6827     |             | 0.9463   | -0.070 
55     | 2.7027     | 0.4139     | 1.0858       | 1.2030      | 0.0966     | 0.5667     | 0.6694     |             | 0.9269   | -0.056 
56     | 2.7436     | 0.4479     | 1.0967       | 1.1990      | 0.0974     | 0.5365     | 0.6565     |             | 0.8679   | -0.066 
57     | 2.6356     | 0.3957     | 1.0540       | 1.1859      | 0.0963     | 0.5529     | 0.6274     |             | 0.9753   | -0.053 
58     | 2.6464     | 0.3884     | 1.0650       | 1.1931      | 0.0850     | 0.5597     | 0.6548     |             | 1.0546   | -0.053 
59     | 2.6867     | 0.4266     | 1.0724       | 1.1877      | 0.0884     | 0.5586     | 0.6583     |             | 0.9691   | -0.055 
60     | 2.6805     | 0.4045     | 1.0700       | 1.2060      | 0.0899     | 0.5709     | 0.6593     |             | 0.9107   | -0.050 
61     | 2.6224     | 0.3620     | 1.0513       | 1.2091      | 0.0981     | 0.5746     | 0.6289     |             | 0.8367   | -0.045 
62     | 2.6311     | 0.3627     | 1.0399       | 1.2285      | 0.0912     | 0.5633     | 0.6441     |             | 0.8582   | -0.051 
63     | 2.6414     | 0.3543     | 1.0583       | 1.2287      | 0.0854     | 0.5697     | 0.6371     |             | 0.9480   | -0.045 
64     | 2.6714     | 0.3803     | 1.0696       | 1.2215      | 0.0828     | 0.5950     | 0.6711     |             | 0.8376   | -0.041 
65     | 2.6850     | 0.3684     | 1.0931       | 1.2236      | 0.0889     | 0.5690     | 0.6475     |             | 0.8526   | -0.049 
66     | 2.7265     | 0.3741     | 1.1302       | 1.2221      | 0.0808     | 0.5745     | 0.6510     |             | 0.8495   | -0.045 
67     | 2.7275     | 0.3812     | 1.1222       | 1.2241      | 0.0876     | 0.5639     | 0.6300     |             | 0.8798   | -0.047 
68     | 2.7202     | 0.3761     | 1.1327       | 1.2115      | 0.0825     | 0.5872     | 0.6185     |             | 0.8685   | -0.034 
69     | 2.7403     | 0.3820     | 1.1288       | 1.2295      | 0.0771     | 0.5730     | 0.6403     |             | 0.8483   | -0.042 
70     | 2.7015     | 0.3878     | 1.1239       | 1.1898      | 0.0787     | 0.5781     | 0.6470     |             | 0.8909   | -0.042 
71     | 2.7052     | 0.3896     | 1.1021       | 1.2135      | 0.0968     | 0.5563     | 0.6475     |             | 0.8927   | -0.056 
72     | 2.6331     | 0.3550     | 1.0768       | 1.2014      | 0.0912     | 0.5663     | 0.6519     |             | 0.8595   | -0.051 
73     | 2.6910     | 0.3844     | 1.1180       | 1.1885      | 0.0861     | 0.5613     | 0.6403     |             | 0.8438   | -0.049 
74     | 2.6409     | 0.3573     | 1.0902       | 1.1934      | 0.0789     | 0.6004     | 0.6512     |             | 0.7976   | -0.034 
75     | 2.7321     | 0.3607     | 1.1477       | 1.2237      | 0.0766     | 0.6226     | 0.6614     |             | 0.8989   | -0.026 
76     | 2.8357     | 0.4037     | 1.1836       | 1.2484      | 0.0760     | 0.6196     | 0.6628     |             | 0.8648   | -0.028 
77     | 2.8143     | 0.3955     | 1.1809       | 1.2379      | 0.0878     | 0.6011     | 0.6546     |             | 0.9013   | -0.037 
78     | 2.7917     | 0.3976     | 1.1479       | 1.2462      | 0.0845     | 0.5767     | 0.6366     |             | 0.8365   | -0.042 
79     | 2.7627     | 0.3782     | 1.1317       | 1.2527      | 0.0871     | 0.5915     | 0.6762     |             | 0.8955   | -0.045 
80     | 2.7771     | 0.3915     | 1.1387       | 1.2469      | 0.0767     | 0.5626     | 0.6626     |             | 0.8904   | -0.050 
81     | 2.7032     | 0.3503     | 1.1161       | 1.2368      | 0.0759     | 0.6018     | 0.6583     |             | 0.7964   | -0.034 
82     | 2.6893     | 0.3448     | 1.1082       | 1.2363      | 0.0747     | 0.5868     | 0.6753     |             | 0.8759   | -0.043 
83     | 2.6869     | 0.3708     | 1.1052       | 1.2108      | 0.0703     | 0.5742     | 0.6686     |             | 0.8679   | -0.045 
84     | 2.6736     | 0.3702     | 1.1216       | 1.1817      | 0.0711     | 0.5769     | 0.6701     |             | 0.9792   | -0.045 
85     | 2.6533     | 0.3593     | 1.1139       | 1.1801      | 0.0791     | 0.5700     | 0.6779     |             | 0.9192   | -0.051 
86     | 2.6331     | 0.3365     | 1.1147       | 1.1819      | 0.0772     | 0.5777     | 0.6566     |             | 0.9268   | -0.043 
87     | 2.6464     | 0.3495     | 1.1138       | 1.1831      | 0.0597     | 0.5853     | 0.6589     |             | 0.8769   | -0.036 
88     | 2.7091     | 0.3566     | 1.1526       | 1.1998      | 0.0866     | 0.5803     | 0.6737     |             | 0.8775   | -0.049 
89     | 2.7412     | 0.3767     | 1.1536       | 1.2110      | 0.0930     | 0.5752     | 0.6715     |             | 0.9003   | -0.052 
90     | 2.6702     | 0.3442     | 1.1377       | 1.1884      | 0.0783     | 0.5766     | 0.6479     |             | 0.8370   | -0.042 
91     | 2.7186     | 0.3660     | 1.1372       | 1.2154      | 0.0745     | 0.5628     | 0.6479     |             | 0.8246   | -0.047 
92     | 2.6937     | 0.3422     | 1.1518       | 1.1997      | 0.0745     | 0.5816     | 0.6512     |             | 0.8139   | -0.040 
93     | 2.6782     | 0.3419     | 1.1251       | 1.2113      | 0.0707     | 0.5697     | 0.6411     |             | 0.8911   | -0.042 
94     | 2.7345     | 0.3588     | 1.1403       | 1.2354      | 0.0792     | 0.5678     | 0.6471     |             | 0.8723   | -0.046 
95     | 2.7192     | 0.3546     | 1.1403       | 1.2242      | 0.0671     | 0.6003     | 0.6525     |             | 0.9097   | -0.031 
96     | 2.7014     | 0.3412     | 1.1204       | 1.2398      | 0.0747     | 0.5783     | 0.6780     |             | 0.8576   | -0.047 
97     | 2.7058     | 0.3378     | 1.1242       | 1.2439      | 0.0710     | 0.5841     | 0.6591     |             | 0.8862   | -0.039 
98     | 2.7086     | 0.3416     | 1.1228       | 1.2442      | 0.0758     | 0.6081     | 0.6475     |             | 0.8956   | -0.029 
99     | 2.6829     | 0.3277     | 1.1191       | 1.2360      | 0.0696     | 0.6099     | 0.6572     |             | 0.7689   | -0.028 
100    | 2.7036     | 0.3524     | 1.1029       | 1.2483      | 0.0698     | 0.5683     | 0.6372     |             | 0.8706   | -0.041 
101    | 2.6716     | 0.3461     | 1.0985       | 1.2270      | 0.0678     | 0.5793     | 0.6466     |             | 0.8390   | -0.038 
102    | 2.7018     | 0.3272     | 1.1127       | 1.2619      | 0.0687     | 0.5900     | 0.6508     |             | 0.8964   | -0.035 
103    | 2.7091     | 0.3157     | 1.1423       | 1.2511      | 0.0793     | 0.6104     | 0.6649     |             | 0.8385   | -0.033 
104    | 2.7455     | 0.3572     | 1.1237       | 1.2646      | 0.0707     | 0.6212     | 0.6670     |             | 0.8736   | -0.026 
105    | 2.6908     | 0.3231     | 1.1100       | 1.2577      | 0.0658     | 0.5706     | 0.6544     |             | 0.8977   | -0.042 
106    | 2.6955     | 0.3269     | 1.1258       | 1.2427      | 0.0642     | 0.5532     | 0.6533     |             | 0.8394   | -0.049 
107    | 2.6633     | 0.3043     | 1.1291       | 1.2299      | 0.0787     | 0.5783     | 0.6618     |             | 0.8147   | -0.045 
108    | 2.7265     | 0.3210     | 1.1809       | 1.2246      | 0.0729     | 0.5695     | 0.6496     |             | 0.8442   | -0.044 
109    | 2.7555     | 0.3257     | 1.1984       | 1.2313      | 0.0750     | 0.5763     | 0.6667     |             | 0.8235   | -0.045 
110    | 2.6870     | 0.3171     | 1.1470       | 1.2229      | 0.0662     | 0.5746     | 0.6654     |             | 0.7588   | -0.043 
111    | 2.6869     | 0.3173     | 1.1263       | 1.2434      | 0.0740     | 0.5811     | 0.6408     |             | 0.8474   | -0.038 
112    | 2.6757     | 0.3088     | 1.1157       | 1.2512      | 0.0714     | 0.5848     | 0.6782     |             | 0.8815   | -0.043 
113    | 2.6594     | 0.3273     | 1.1009       | 1.2312      | 0.0691     | 0.5956     | 0.6680     |             | 0.8646   | -0.036 
114    | 2.6197     | 0.3168     | 1.0968       | 1.2061      | 0.0750     | 0.5834     | 0.6392     |             | 0.8226   | -0.037 
115    | 2.6636     | 0.3310     | 1.1060       | 1.2266      | 0.0722     | 0.5469     | 0.6363     |             | 0.8663   | -0.050 
116    | 2.6016     | 0.3078     | 1.0914       | 1.2024      | 0.0654     | 0.5761     | 0.6279     |             | 0.8498   | -0.035 
117    | 2.6642     | 0.3242     | 1.1148       | 1.2252      | 0.0663     | 0.5613     | 0.6392     |             | 0.8851   | -0.043 
118    | 2.6123     | 0.3019     | 1.0884       | 1.2221      | 0.0642     | 0.5857     | 0.6648     |             | 0.8892   | -0.038 
119    | 2.6982     | 0.3252     | 1.1139       | 1.2591      | 0.0703     | 0.5492     | 0.6257     |             | 0.8475   | -0.047 
120    | 2.6549     | 0.3110     | 1.0929       | 1.2510      | 0.0662     | 0.5570     | 0.6419     |             | 0.8255   | -0.045 
121    | 2.7145     | 0.3270     | 1.1230       | 1.2646      | 0.0687     | 0.5654     | 0.6305     |             | 0.7843   | -0.041 
122    | 2.6781     | 0.3351     | 1.1167       | 1.2263      | 0.0763     | 0.5521     | 0.6379     |             | 0.7881   | -0.050 
123    | 2.6421     | 0.2984     | 1.1037       | 1.2400      | 0.0683     | 0.5465     | 0.6415     |             | 0.8424   | -0.050 
124    | 2.6631     | 0.3249     | 1.1155       | 1.2226      | 0.0715     | 0.5783     | 0.6572     |             | 0.8323   | -0.042 
125    | 2.6444     | 0.2973     | 1.1244       | 1.2227      | 0.0609     | 0.6032     | 0.6437     |             | 0.8216   | -0.026 
126    | 2.7249     | 0.3424     | 1.1156       | 1.2669      | 0.0619     | 0.5667     | 0.6772     |             | 0.8500   | -0.047 
127    | 2.6216     | 0.2919     | 1.0667       | 1.2631      | 0.0731     | 0.5468     | 0.6360     |             | 0.8106   | -0.050 
128    | 2.6778     | 0.3236     | 1.0950       | 1.2592      | 0.0613     | 0.5512     | 0.6530     |             | 0.8563   | -0.048 
129    | 2.6158     | 0.2721     | 1.0877       | 1.2561      | 0.0614     | 0.5473     | 0.6421     |             | 0.8312   | -0.048 
130    | 2.6504     | 0.2919     | 1.0894       | 1.2690      | 0.0716     | 0.5636     | 0.6625     |             | 0.8558   | -0.049 
131    | 2.6259     | 0.2960     | 1.0739       | 1.2559      | 0.0672     | 0.5558     | 0.6541     |             | 0.9048   | -0.049 
132    | 2.6690     | 0.2970     | 1.0942       | 1.2778      | 0.0566     | 0.5713     | 0.6395     |             | 0.8873   | -0.036 
133    | 2.6733     | 0.2996     | 1.0965       | 1.2772      | 0.0678     | 0.5818     | 0.6750     |             | 0.8427   | -0.043 
134    | 2.7091     | 0.2978     | 1.1076       | 1.3037      | 0.0599     | 0.5754     | 0.7003     |             | 0.8506   | -0.048 
135    | 2.7002     | 0.2890     | 1.1107       | 1.3005      | 0.0695     | 0.5771     | 0.6827     |             | 0.8542   | -0.047 
136    | 2.6987     | 0.2948     | 1.1219       | 1.2819      | 0.0656     | 0.5799     | 0.6802     |             | 0.8857   | -0.044 
137    | 2.7055     | 0.3072     | 1.1101       | 1.2883      | 0.0754     | 0.5739     | 0.6631     |             | 0.8603   | -0.046 
138    | 2.7023     | 0.3249     | 1.0954       | 1.2820      | 0.0686     | 0.5702     | 0.6529     |             | 0.8323   | -0.043 
139    | 2.6585     | 0.2962     | 1.1050       | 1.2573      | 0.0710     | 0.5760     | 0.6351     |             | 0.8837   | -0.038 
140    | 2.6529     | 0.2816     | 1.1212       | 1.2501      | 0.0580     | 0.5810     | 0.6426     |             | 0.8751   | -0.034 
141    | 2.6725     | 0.2969     | 1.1176       | 1.2580      | 0.0761     | 0.5809     | 0.6451     |             | 0.8932   | -0.039 
142    | 2.6906     | 0.2862     | 1.1310       | 1.2735      | 0.0666     | 0.5922     | 0.6520     |             | 0.8875   | -0.034 
143    | 2.7124     | 0.3122     | 1.1341       | 1.2661      | 0.0685     | 0.5800     | 0.6487     |             | 0.9305   | -0.038 
144    | 2.6831     | 0.2909     | 1.1406       | 1.2516      | 0.0708     | 0.6255     | 0.6318     |             | 0.9327   | -0.017 
145    | 2.7445     | 0.3181     | 1.1584       | 1.2680      | 0.0588     | 0.5840     | 0.6511     |             | 0.9079   | -0.034 
146    | 2.8059     | 0.3194     | 1.1704       | 1.3161      | 0.0706     | 0.6047     | 0.6580     |             | 0.8483   | -0.031 
147    | 2.8146     | 0.2998     | 1.2196       | 1.2952      | 0.0751     | 0.6176     | 0.7154     |             | 0.9115   | -0.039 
148    | 2.7796     | 0.2949     | 1.2082       | 1.2766      | 0.0889     | 0.5952     | 0.6850     |             | 0.8690   | -0.046 
149    | 2.8046     | 0.2954     | 1.2476       | 1.2617      | 0.0657     | 0.6239     | 0.6632     |             | 0.9343   | -0.023 
150    | 2.8016     | 0.2783     | 1.2534       | 1.2699      | 0.0654     | 0.6382     | 0.6703     |             | 0.8640   | -0.018 
151    | 2.7733     | 0.2895     | 1.2296       | 1.2541      | 0.0609     | 0.6459     | 0.6406     |             | 0.8314   | -0.011 
152    | 2.7719     | 0.3093     | 1.2035       | 1.2590      | 0.0556     | 0.6700     | 0.6423     |             | 0.8620   | -0.014 
153    | 2.7735     | 0.2954     | 1.2221       | 1.2560      | 0.0668     | 0.6534     | 0.6613     |             | 0.9785   | -0.011 
154    | 2.8213     | 0.3193     | 1.2448       | 1.2572      | 0.0590     | 0.6764     | 0.6526     |             | 1.0077   | -0.012 
155    | 2.8074     | 0.2907     | 1.2671       | 1.2496      | 0.0669     | 0.6695     | 0.6504     |             | 0.9795   | -0.014 
156    | 2.8169     | 0.2821     | 1.2800       | 1.2549      | 0.0628     | 0.6458     | 0.6479     |             | 0.9446   | -0.010 
157    | 2.8395     | 0.3179     | 1.2684       | 1.2532      | 0.0605     | 0.6358     | 0.6523     |             | 0.9624   | -0.014 
158    | 2.8013     | 0.3213     | 1.2369       | 1.2431      | 0.0659     | 0.6272     | 0.6688     |             | 0.8636   | -0.023 
159    | 2.7332     | 0.2783     | 1.2070       | 1.2480      | 0.0626     | 0.6011     | 0.6641     |             | 0.8467   | -0.031 
160    | 2.6743     | 0.2688     | 1.1549       | 1.2506      | 0.0687     | 0.5893     | 0.6490     |             | 0.8695   | -0.035 
161    | 2.6495     | 0.2765     | 1.1289       | 1.2441      | 0.0566     | 0.6043     | 0.6514     |             | 0.8127   | -0.026 
162    | 2.7559     | 0.2853     | 1.2039       | 1.2668      | 0.0614     | 0.6249     | 0.6775     |             | 0.8772   | -0.024 
163    | 2.7802     | 0.3107     | 1.2043       | 1.2653      | 0.0627     | 0.6135     | 0.6582     |             | 0.8604   | -0.025 
164    | 2.7949     | 0.2913     | 1.2487       | 1.2549      | 0.0576     | 0.6265     | 0.6627     |             | 0.9263   | -0.019 
165    | 2.8242     | 0.2884     | 1.2809       | 1.2549      | 0.0709     | 0.6405     | 0.6556     |             | 0.7987   | -0.016 
166    | 2.8211     | 0.3070     | 1.2773       | 1.2367      | 0.0682     | 0.6196     | 0.6730     |             | 0.8114   | -0.027 
167    | 2.8209     | 0.2833     | 1.2852       | 1.2523      | 0.0728     | 0.6217     | 0.6618     |             | 0.8717   | -0.026 
168    | 2.8399     | 0.3050     | 1.2790       | 1.2559      | 0.0690     | 0.6221     | 0.6579     |             | 0.8341   | -0.023 
169    | 2.8354     | 0.2891     | 1.3016       | 1.2448      | 0.0699     | 0.6350     | 0.6713     |             | 0.7847   | -0.021 
170    | 2.8411     | 0.2881     | 1.2949       | 1.2581      | 0.0683     | 0.6425     | 0.6659     |             | 0.8195   | -0.017 
171    | 2.8121     | 0.2997     | 1.2561       | 1.2564      | 0.0630     | 0.6436     | 0.6803     |             | 0.8032   | -0.017 
172    | 2.8216     | 0.3089     | 1.2559       | 1.2568      | 0.0600     | 0.6866     | 0.6599     |             | 0.8023   | -0.011 
173    | 2.7917     | 0.2762     | 1.2719       | 1.2436      | 0.0629     | 0.6449     | 0.6723     |             | 0.8054   | -0.015 
174    | 2.7768     | 0.2836     | 1.2392       | 1.2539      | 0.0687     | 0.6752     | 0.6441     |             | 0.8464   | -0.018 
175    | 2.7680     | 0.2786     | 1.2153       | 1.2742      | 0.0644     | 0.6966     | 0.6532     |             | 0.8509   | -0.017 
176    | 2.8176     | 0.2955     | 1.2248       | 1.2974      | 0.0659     | 0.6837     | 0.6421     |             | 0.8829   | -0.020 
177    | 2.6982     | 0.2491     | 1.1881       | 1.2610      | 0.0613     | 0.6518     | 0.6552     |             | 0.8719   | -0.009 
178    | 2.7963     | 0.3069     | 1.2096       | 1.2797      | 0.0634     | 0.6350     | 0.6570     |             | 0.8078   | -0.016 
179    | 2.7822     | 0.2802     | 1.2113       | 1.2907      | 0.0630     | 0.6705     | 0.6761     |             | 0.9247   | -0.006 
180    | 2.7931     | 0.2790     | 1.2336       | 1.2805      | 0.0749     | 0.6782     | 0.6738     |             | 0.8528   | -0.009 
181    | 2.7639     | 0.2644     | 1.2344       | 1.2651      | 0.0682     | 0.6518     | 0.6715     |             | 0.8209   | -0.014 
182    | 2.8076     | 0.2794     | 1.2377       | 1.2904      | 0.0860     | 0.6660     | 0.6749     |             | 0.8978   | -0.014 
183    | 2.8132     | 0.3013     | 1.2315       | 1.2804      | 0.0582     | 0.6048     | 0.6990     |             | 0.8616   | -0.035 
184    | 2.7569     | 0.2781     | 1.1842       | 1.2945      | 0.0651     | 0.5956     | 0.6637     |             | 0.8703   | -0.034 
185    | 2.7541     | 0.2949     | 1.1747       | 1.2845      | 0.0554     | 0.6008     | 0.6769     |             | 0.8755   | -0.032 
186    | 2.7193     | 0.2725     | 1.1690       | 1.2779      | 0.0696     | 0.6147     | 0.6642     |             | 0.8225   | -0.028 
187    | 2.7911     | 0.2927     | 1.1916       | 1.3068      | 0.0697     | 0.6077     | 0.6506     |             | 0.8760   | -0.028 
188    | 2.7680     | 0.2937     | 1.1827       | 1.2916      | 0.0584     | 0.6255     | 0.6628     |             | 0.8615   | -0.020 
189    | 2.7891     | 0.3012     | 1.2098       | 1.2780      | 0.0723     | 0.6132     | 0.6479     |             | 0.9182   | -0.026 
190    | 2.7719     | 0.2780     | 1.2010       | 1.2929      | 0.0821     | 0.6282     | 0.6558     |             | 0.8264   | -0.025 
191    | 2.7542     | 0.2537     | 1.2180       | 1.2825      | 0.0617     | 0.6061     | 0.6530     |             | 0.8561   | -0.027 
192    | 2.7382     | 0.2882     | 1.1893       | 1.2606      | 0.0628     | 0.6301     | 0.6568     |             | 0.8774   | -0.018 
193    | 2.7475     | 0.2852     | 1.2087       | 1.2537      | 0.0826     | 0.6423     | 0.6748     |             | 0.8754   | -0.023 
194    | 2.7762     | 0.2774     | 1.2194       | 1.2793      | 0.0573     | 0.6341     | 0.6847     |             | 0.8625   | -0.020 
195    | 2.7723     | 0.2905     | 1.1987       | 1.2831      | 0.0672     | 0.6092     | 0.6879     |             | 0.8089   | -0.034 
196    | 2.7306     | 0.2781     | 1.1743       | 1.2782      | 0.0656     | 0.5853     | 0.6645     |             | 0.8298   | -0.038 
197    | 2.7975     | 0.3040     | 1.1995       | 1.2940      | 0.0591     | 0.6193     | 0.6704     |             | 0.8298   | -0.024 
198    | 2.8071     | 0.2808     | 1.2250       | 1.3013      | 0.0590     | 0.6112     | 0.6700     |             | 0.8224   | -0.027 
199    | 2.7691     | 0.2929     | 1.2052       | 1.2710      | 0.0747     | 0.5904     | 0.7091     |             | 0.8361   | -0.048 
200    | 2.7412     | 0.2880     | 1.1934       | 1.2598      | 0.0584     | 0.5736     | 0.6401     |             | 0.8567   | -0.036 
201    | 2.7603     | 0.2767     | 1.2170       | 1.2667      | 0.0601     | 0.6181     | 0.6919     |             | 0.8228   | -0.029 
202    | 2.8363     | 0.2707     | 1.2816       | 1.2840      | 0.0609     | 0.6486     | 0.6743     |             | 0.8709   | -0.014 
203    | 2.8828     | 0.3081     | 1.2990       | 1.2757      | 0.0626     | 0.6584     | 0.6387     |             | 0.8800   | -0.015 
204    | 2.7574     | 0.2531     | 1.2492       | 1.2551      | 0.0513     | 0.6530     | 0.6467     |             | 0.8171   | -0.007 
205    | 2.7829     | 0.2530     | 1.2435       | 1.2864      | 0.0623     | 0.6579     | 0.6492     |             | 0.8226   | -0.011 
206    | 2.7857     | 0.2675     | 1.2358       | 1.2824      | 0.0637     | 0.6267     | 0.6218     |             | 0.8421   | -0.016 
207    | 2.7650     | 0.2750     | 1.2217       | 1.2684      | 0.0616     | 0.6195     | 0.6299     |             | 0.8741   | -0.017 
208    | 2.7579     | 0.2706     | 1.2170       | 1.2703      | 0.0638     | 0.6078     | 0.6527     |             | 0.8901   | -0.027 
209    | 2.7514     | 0.2447     | 1.2055       | 1.3012      | 0.0604     | 0.6213     | 0.6614     |             | 0.8498   | -0.022 
210    | 2.7251     | 0.2513     | 1.2119       | 1.2619      | 0.0619     | 0.6471     | 0.6617     |             | 0.8498   | -0.012 
211    | 2.7642     | 0.2728     | 1.2175       | 1.2739      | 0.0481     | 0.6143     | 0.6535     |             | 0.8905   | -0.019 
212    | 2.7268     | 0.2638     | 1.2155       | 1.2476      | 0.0756     | 0.6040     | 0.6711     |             | 0.8464   | -0.035 
213    | 2.7155     | 0.2709     | 1.2125       | 1.2321      | 0.0571     | 0.6141     | 0.6460     |             | 0.8586   | -0.021 
214    | 2.7105     | 0.2389     | 1.2380       | 1.2336      | 0.0577     | 0.6326     | 0.6421     |             | 0.9339   | -0.013 
215    | 2.7468     | 0.2615     | 1.2344       | 1.2510      | 0.0598     | 0.5770     | 0.6833     |             | 0.8724   | -0.044 
216    | 2.7346     | 0.2335     | 1.2353       | 1.2657      | 0.0549     | 0.5817     | 0.6649     |             | 0.9041   | -0.037 
217    | 2.7632     | 0.2590     | 1.2259       | 1.2783      | 0.0525     | 0.5944     | 0.6646     |             | 0.9171   | -0.031 
218    | 2.7357     | 0.2441     | 1.2350       | 1.2565      | 0.0513     | 0.6195     | 0.6616     |             | 0.9573   | -0.020 
219    | 2.8045     | 0.2742     | 1.2576       | 1.2727      | 0.0569     | 0.6198     | 0.6738     |             | 0.9079   | -0.024 
220    | 2.7895     | 0.2575     | 1.2675       | 1.2645      | 0.0631     | 0.6357     | 0.6641     |             | 0.9725   | -0.017 
221    | 2.7852     | 0.2474     | 1.2793       | 1.2586      | 0.0607     | 0.6375     | 0.6648     |             | 0.9177   | -0.016 
222    | 2.8057     | 0.2585     | 1.2577       | 1.2895      | 0.0548     | 0.6588     | 0.6571     |             | 1.0265   | -0.005 
223    | 2.7623     | 0.2409     | 1.2420       | 1.2794      | 0.0576     | 0.6499     | 0.6720     |             | 0.8975   | -0.012 
224    | 2.7759     | 0.2580     | 1.2384       | 1.2796      | 0.0588     | 0.6654     | 0.6719     |             | 0.9167   | -0.006 
225    | 2.7826     | 0.2516     | 1.2648       | 1.2663      | 0.0514     | 0.6742     | 0.6688     |             | 0.8835   | -0.003 
226    | 2.8061     | 0.2533     | 1.2772       | 1.2756      | 0.0524     | 0.6435     | 0.6681     |             | 0.8799   | -0.012 
227    | 2.9021     | 0.2978     | 1.3161       | 1.2881      | 0.0508     | 0.6602     | 0.6333     |             | 0.8773   | -0.014 
228    | 2.8609     | 0.2794     | 1.3137       | 1.2678      | 0.0515     | 0.6279     | 0.6723     |             | 0.8763   | -0.019 
229    | 2.7894     | 0.2455     | 1.2835       | 1.2604      | 0.0590     | 0.6382     | 0.6740     |             | 0.9363   | -0.017 
230    | 2.8631     | 0.2610     | 1.3128       | 1.2892      | 0.0648     | 0.6414     | 0.6596     |             | 0.8164   | -0.015 
231    | 2.8964     | 0.2742     | 1.3373       | 1.2849      | 0.0592     | 0.6595     | 0.6739     |             | 0.7940   | -0.009 
232    | 2.8510     | 0.2621     | 1.3243       | 1.2646      | 0.0561     | 0.6687     | 0.6315     |             | 0.8789   | -0.018 
233    | 2.8133     | 0.2545     | 1.2877       | 1.2711      | 0.0550     | 0.6389     | 0.6389     |             | 0.9155   | -0.009 
234    | 2.7957     | 0.2423     | 1.2882       | 1.2652      | 0.0511     | 0.6303     | 0.6490     |             | 0.8692   | -0.013 
235    | 2.8425     | 0.2822     | 1.2941       | 1.2662      | 0.0560     | 0.6409     | 0.6611     |             | 0.9126   | -0.013 
236    | 2.8048     | 0.2592     | 1.2956       | 1.2500      | 0.0576     | 0.6234     | 0.6501     |             | 0.9015   | -0.018 
237    | 2.7883     | 0.2588     | 1.2682       | 1.2613      | 0.0718     | 0.6204     | 0.6381     |             | 0.8828   | -0.021 
238    | 2.7914     | 0.2702     | 1.2680       | 1.2532      | 0.0732     | 0.6015     | 0.6684     |             | 0.9674   | -0.035 
239    | 2.7209     | 0.2471     | 1.2414       | 1.2324      | 0.0558     | 0.5892     | 0.6443     |             | 0.8640   | -0.030 
240    | 2.7282     | 0.2265     | 1.2356       | 1.2661      | 0.0547     | 0.6167     | 0.6591     |             | 0.9228   | -0.022 
241    | 2.7662     | 0.2390     | 1.2588       | 1.2684      | 0.0632     | 0.6170     | 0.6590     |             | 0.8917   | -0.024 
242    | 2.8057     | 0.2413     | 1.2812       | 1.2831      | 0.0594     | 0.6210     | 0.6652     |             | 0.8255   | -0.022 
243    | 2.7858     | 0.2462     | 1.2756       | 1.2640      | 0.0654     | 0.6232     | 0.6696     |             | 0.8147   | -0.024 
244    | 2.7312     | 0.2331     | 1.2604       | 1.2378      | 0.0603     | 0.6160     | 0.6578     |             | 0.8417   | -0.023 
245    | 2.7781     | 0.2487     | 1.2673       | 1.2621      | 0.0509     | 0.6292     | 0.6520     |             | 0.7779   | -0.014 
246    | 2.7782     | 0.2826     | 1.2501       | 1.2456      | 0.0628     | 0.5985     | 0.6420     |             | 0.8025   | -0.028 
247    | 2.7309     | 0.2653     | 1.2253       | 1.2404      | 0.0580     | 0.5857     | 0.6542     |             | 0.8575   | -0.034 
248    | 2.7048     | 0.2384     | 1.2203       | 1.2462      | 0.0612     | 0.5990     | 0.6373     |             | 0.8234   | -0.026 
249    | 2.6787     | 0.2294     | 1.2253       | 1.2241      | 0.0552     | 0.5944     | 0.6686     |             | 0.8262   | -0.033 
250    | 2.7626     | 0.2510     | 1.2402       | 1.2714      | 0.0528     | 0.5845     | 0.6684     |             | 0.8711   | -0.036 
251    | 2.7373     | 0.2436     | 1.2395       | 1.2542      | 0.0573     | 0.6043     | 0.6697     |             | 0.9352   | -0.029 
252    | 2.7072     | 0.2075     | 1.2317       | 1.2680      | 0.0552     | 0.5947     | 0.6602     |             | 0.9049   | -0.031 
253    | 2.7894     | 0.2607     | 1.2104       | 1.3183      | 0.0582     | 0.6020     | 0.6670     |             | 0.8468   | -0.030 
254    | 2.7706     | 0.2486     | 1.2305       | 1.2914      | 0.0502     | 0.5837     | 0.6599     |             | 0.8603   | -0.034 
255    | 2.7530     | 0.2318     | 1.2365       | 1.2847      | 0.0530     | 0.5909     | 0.6666     |             | 0.8239   | -0.033 
256    | 2.8067     | 0.2552     | 1.2510       | 1.3005      | 0.0455     | 0.6070     | 0.6628     |             | 0.8778   | -0.023 
257    | 2.7693     | 0.2386     | 1.2437       | 1.2869      | 0.0486     | 0.6006     | 0.6685     |             | 0.8395   | -0.028 
258    | 2.7644     | 0.2417     | 1.2462       | 1.2766      | 0.0460     | 0.6060     | 0.6527     |             | 0.8806   | -0.022 
259    | 2.8025     | 0.2481     | 1.2628       | 1.2916      | 0.0573     | 0.6095     | 0.6389     |             | 0.8785   | -0.021 
260    | 2.8413     | 0.2578     | 1.2655       | 1.3179      | 0.0588     | 0.6072     | 0.6571     |             | 0.8685   | -0.026 
261    | 2.8532     | 0.2684     | 1.2793       | 1.3055      | 0.0566     | 0.6163     | 0.6481     |             | 0.8668   | -0.020 
262    | 2.8433     | 0.2409     | 1.2824       | 1.3200      | 0.0584     | 0.6007     | 0.6507     |             | 0.9095   | -0.027 
263    | 2.8206     | 0.2516     | 1.2568       | 1.3122      | 0.0593     | 0.5868     | 0.6616     |             | 0.8873   | -0.035 
264    | 2.7362     | 0.2202     | 1.2250       | 1.2910      | 0.0473     | 0.5885     | 0.6494     |             | 0.9627   | -0.029 
265    | 2.7315     | 0.2311     | 1.2240       | 1.2764      | 0.0448     | 0.5807     | 0.6483     |             | 0.9247   | -0.031 
266    | 2.7643     | 0.2321     | 1.2187       | 1.3135      | 0.0679     | 0.5969     | 0.6402     |             | 0.8820   | -0.030 
267    | 2.7104     | 0.2141     | 1.2143       | 1.2820      | 0.0415     | 0.5916     | 0.6572     |             | 0.9081   | -0.027 
268    | 2.7676     | 0.2452     | 1.2346       | 1.2879      | 0.0531     | 0.6134     | 0.6592     |             | 0.8725   | -0.022 
269    | 2.7768     | 0.2357     | 1.2531       | 1.2880      | 0.0518     | 0.6250     | 0.6667     |             | 0.9295   | -0.019 
270    | 2.7720     | 0.2235     | 1.2577       | 1.2908      | 0.0455     | 0.6147     | 0.6674     |             | 0.9140   | -0.021 
271    | 2.7587     | 0.2426     | 1.2401       | 1.2761      | 0.0608     | 0.6001     | 0.6588     |             | 0.8958   | -0.030 
272    | 2.7703     | 0.2476     | 1.2467       | 1.2760      | 0.0497     | 0.6120     | 0.6583     |             | 0.8376   | -0.022 
273    | 2.8097     | 0.2585     | 1.2710       | 1.2802      | 0.0494     | 0.6265     | 0.6602     |             | 0.8500   | -0.016 
274    | 2.8295     | 0.2724     | 1.2764       | 1.2807      | 0.0498     | 0.6324     | 0.6601     |             | 0.9140   | -0.014 
275    | 2.7943     | 0.2414     | 1.2732       | 1.2797      | 0.0570     | 0.6302     | 0.6573     |             | 0.9768   | -0.016 
276    | 2.8051     | 0.2481     | 1.2719       | 1.2851      | 0.0513     | 0.6546     | 0.6574     |             | 0.9549   | -0.005 
277    | 2.8000     | 0.2502     | 1.2579       | 1.2918      | 0.0485     | 0.6358     | 0.6546     |             | 0.8995   | -0.011 
278    | 2.7579     | 0.2624     | 1.2198       | 1.2758      | 0.0461     | 0.6155     | 0.6449     |             | 0.8818   | -0.017 
279    | 2.7476     | 0.2391     | 1.2188       | 1.2898      | 0.0483     | 0.6171     | 0.6558     |             | 0.9370   | -0.019 
280    | 2.7510     | 0.2371     | 1.2232       | 1.2907      | 0.0531     | 0.6225     | 0.6697     |             | 0.9112   | -0.021 
281    | 2.7418     | 0.2264     | 1.2168       | 1.2985      | 0.0489     | 0.6127     | 0.6865     |             | 0.9136   | -0.027 
282    | 2.7648     | 0.2485     | 1.2202       | 1.2961      | 0.0439     | 0.6094     | 0.6654     |             | 0.8806   | -0.022 
283    | 2.7592     | 0.2497     | 1.2151       | 1.2944      | 0.0534     | 0.5991     | 0.6706     |             | 0.9038   | -0.030 
284    | 2.7373     | 0.2161     | 1.2197       | 1.3015      | 0.0477     | 0.6055     | 0.6874     |             | 0.8475   | -0.030 
285    | 2.7635     | 0.2480     | 1.2271       | 1.2884      | 0.0446     | 0.6144     | 0.6871     |             | 0.8642   | -0.025 
286    | 2.7556     | 0.2422     | 1.2299       | 1.2835      | 0.0454     | 0.6142     | 0.6803     |             | 0.8593   | -0.024 
287    | 2.7528     | 0.2427     | 1.2380       | 1.2721      | 0.0627     | 0.6386     | 0.6807     |             | 0.8877   | -0.020 
288    | 2.7700     | 0.2275     | 1.2513       | 1.2912      | 0.0635     | 0.6179     | 0.6673     |             | 0.8176   | -0.025 
289    | 2.7997     | 0.2336     | 1.2762       | 1.2900      | 0.0555     | 0.6168     | 0.6749     |             | 0.7878   | -0.025 
290    | 2.8473     | 0.2690     | 1.2790       | 1.2992      | 0.0533     | 0.6074     | 0.6646     |             | 0.8369   | -0.026 
291    | 2.7675     | 0.2366     | 1.2474       | 1.2835      | 0.0502     | 0.6405     | 0.6525     |             | 0.8761   | -0.009 
292    | 2.7783     | 0.2206     | 1.2872       | 1.2705      | 0.0509     | 0.6537     | 0.6659     |             | 0.8492   | -0.007 
293    | 2.8470     | 0.2722     | 1.2985       | 1.2764      | 0.0573     | 0.6209     | 0.6785     |             | 0.8763   | -0.025 
294    | 2.7945     | 0.2216     | 1.2901       | 1.2829      | 0.0537     | 0.6418     | 0.6728     |             | 0.9161   | -0.014 
295    | 2.7986     | 0.2260     | 1.2911       | 1.2815      | 0.0612     | 0.6518     | 0.6704     |             | 0.8096   | -0.012 
296    | 2.8085     | 0.2239     | 1.3164       | 1.2682      | 0.0512     | 0.6369     | 0.6699     |             | 0.8464   | -0.015 
297    | 2.8110     | 0.2300     | 1.3038       | 1.2772      | 0.0534     | 0.6474     | 0.6720     |             | 0.8147   | -0.011 
298    | 2.8074     | 0.2459     | 1.3058       | 1.2557      | 0.0584     | 0.6509     | 0.6661     |             | 0.8782   | -0.010 
299    | 2.7361     | 0.2197     | 1.2690       | 1.2474      | 0.0570     | 0.6544     | 0.6828     |             | 0.8731   | -0.012 
300    | 2.7523     | 0.2035     | 1.2741       | 1.2747      | 0.0578     | 0.6378     | 0.6864     |             | 0.8789   | -0.019 
301    | 2.7590     | 0.2260     | 1.2576       | 1.2754      | 0.0580     | 0.6354     | 0.6597     |             | 0.9221   | -0.015 
302    | 2.7396     | 0.2197     | 1.2397       | 1.2802      | 0.0679     | 0.6246     | 0.6436     |             | 0.8312   | -0.019 
303    | 2.7254     | 0.2222     | 1.2372       | 1.2660      | 0.0506     | 0.6105     | 0.6403     |             | 0.8910   | -0.019 
304    | 2.7301     | 0.2358     | 1.2453       | 1.2490      | 0.0540     | 0.6065     | 0.6299     |             | 0.8467   | -0.020 
305    | 2.7520     | 0.2167     | 1.2596       | 1.2757      | 0.0542     | 0.6167     | 0.6542     |             | 0.8196   | -0.020 
306    | 2.7695     | 0.2181     | 1.2819       | 1.2696      | 0.0490     | 0.6254     | 0.6427     |             | 0.8515   | -0.013 
307    | 2.7916     | 0.2480     | 1.2769       | 1.2667      | 0.0637     | 0.6139     | 0.6318     |             | 0.8150   | -0.020 
308    | 2.7966     | 0.2432     | 1.2799       | 1.2734      | 0.0518     | 0.6310     | 0.6467     |             | 0.8503   | -0.012 
309    | 2.7711     | 0.2253     | 1.2754       | 1.2704      | 0.0525     | 0.6179     | 0.6375     |             | 0.7839   | -0.016 
310    | 2.7829     | 0.2337     | 1.2743       | 1.2748      | 0.0537     | 0.6147     | 0.6380     |             | 0.8290   | -0.018 
311    | 2.8042     | 0.2382     | 1.2834       | 1.2825      | 0.0569     | 0.6134     | 0.6466     |             | 0.7937   | -0.021 
312    | 2.7931     | 0.2282     | 1.2822       | 1.2828      | 0.0501     | 0.6162     | 0.6581     |             | 0.8123   | -0.020 
313    | 2.7596     | 0.2040     | 1.2929       | 1.2627      | 0.0526     | 0.6263     | 0.6494     |             | 0.8192   | -0.015 
314    | 2.7909     | 0.2278     | 1.2873       | 1.2757      | 0.0514     | 0.6192     | 0.6463     |             | 0.8142   | -0.017 
315    | 2.8064     | 0.2396     | 1.2952       | 1.2716      | 0.0444     | 0.6321     | 0.6610     |             | 0.8134   | -0.013 
316    | 2.7974     | 0.2420     | 1.2844       | 1.2710      | 0.0484     | 0.6289     | 0.6632     |             | 0.8315   | -0.016 
317    | 2.7817     | 0.2455     | 1.2651       | 1.2711      | 0.0588     | 0.6365     | 0.6658     |             | 0.8343   | -0.016 
318    | 2.8254     | 0.2495     | 1.2918       | 1.2841      | 0.0559     | 0.6442     | 0.6433     |             | 0.9436   | -0.008 
319    | 2.8106     | 0.2359     | 1.2981       | 1.2766      | 0.0529     | 0.6711     | 0.6474     |             | 0.8728   | -0.011 
320    | 2.7983     | 0.2341     | 1.2832       | 1.2810      | 0.0540     | 0.6506     | 0.6508     |             | 0.8954   | -0.006 
321    | 2.8047     | 0.2295     | 1.2830       | 1.2922      | 0.0487     | 0.6468     | 0.6559     |             | 0.8625   | -0.007 
322    | 2.8065     | 0.2417     | 1.2836       | 1.2813      | 0.0484     | 0.6362     | 0.6459     |             | 0.9113   | -0.009 
323    | 2.7647     | 0.2149     | 1.2696       | 1.2802      | 0.0526     | 0.6399     | 0.6449     |             | 0.9161   | -0.009 
324    | 2.7525     | 0.2112     | 1.2559       | 1.2855      | 0.0439     | 0.6436     | 0.6441     |             | 0.8656   | -0.005 
325    | 2.7432     | 0.2151     | 1.2336       | 1.2944      | 0.0522     | 0.6208     | 0.6580     |             | 0.8389   | -0.019 
326    | 2.7415     | 0.1965     | 1.2447       | 1.3004      | 0.0484     | 0.6201     | 0.6600     |             | 0.8377   | -0.018 
327    | 2.7960     | 0.2179     | 1.2585       | 1.3195      | 0.0547     | 0.6201     | 0.6481     |             | 0.8561   | -0.018 
328    | 2.8078     | 0.2353     | 1.2649       | 1.3076      | 0.0506     | 0.6261     | 0.6466     |             | 0.8499   | -0.014 
329    | 2.7622     | 0.1973     | 1.2719       | 1.2929      | 0.0674     | 0.6387     | 0.6440     |             | 0.8052   | -0.014 
330    | 2.7865     | 0.1957     | 1.2854       | 1.3053      | 0.0493     | 0.6307     | 0.6543     |             | 0.8131   | -0.013 
331    | 2.8189     | 0.2337     | 1.2720       | 1.3131      | 0.0630     | 0.6290     | 0.6595     |             | 0.8648   | -0.019 
332    | 2.8051     | 0.2298     | 1.2762       | 1.2991      | 0.0492     | 0.6123     | 0.6413     |             | 0.8546   | -0.018 
333    | 2.7717     | 0.2276     | 1.2606       | 1.2836      | 0.0577     | 0.6119     | 0.6347     |             | 0.8750   | -0.020 
334    | 2.7834     | 0.2261     | 1.2764       | 1.2810      | 0.0575     | 0.6161     | 0.6519     |             | 0.9126   | -0.021 
335    | 2.7588     | 0.2195     | 1.2746       | 1.2647      | 0.0555     | 0.6320     | 0.6501     |             | 0.9198   | -0.014 
336    | 2.7319     | 0.1914     | 1.2743       | 1.2663      | 0.0597     | 0.6249     | 0.6404     |             | 0.9334   | -0.016 
337    | 2.7771     | 0.2321     | 1.2685       | 1.2765      | 0.0541     | 0.6184     | 0.6568     |             | 0.8609   | -0.020 
338    | 2.7692     | 0.2251     | 1.2701       | 1.2740      | 0.0472     | 0.6133     | 0.6562     |             | 0.8528   | -0.020 
339    | 2.8098     | 0.2430     | 1.2774       | 1.2895      | 0.0415     | 0.6188     | 0.6773     |             | 0.8889   | -0.020 
340    | 2.7553     | 0.2165     | 1.2576       | 1.2811      | 0.0511     | 0.6135     | 0.6502     |             | 0.8921   | -0.020 
341    | 2.7341     | 0.2245     | 1.2519       | 1.2578      | 0.0613     | 0.6064     | 0.6502     |             | 0.9058   | -0.026 
342    | 2.6930     | 0.2110     | 1.2372       | 1.2448      | 0.0445     | 0.6026     | 0.6468     |             | 0.8615   | -0.022 
343    | 2.7188     | 0.2440     | 1.2218       | 1.2530      | 0.0531     | 0.6044     | 0.6465     |             | 0.8400   | -0.023 
344    | 2.7137     | 0.2241     | 1.2245       | 1.2651      | 0.0483     | 0.6018     | 0.6324     |             | 0.9567   | -0.020 
345    | 2.7182     | 0.2166     | 1.2436       | 1.2579      | 0.0529     | 0.6067     | 0.6358     |             | 0.8550   | -0.020 
346    | 2.7014     | 0.2008     | 1.2367       | 1.2640      | 0.0489     | 0.6009     | 0.6304     |             | 0.8251   | -0.020 
347    | 2.7137     | 0.2146     | 1.2503       | 1.2488      | 0.0453     | 0.5977     | 0.6424     |             | 0.8410   | -0.023 
348    | 2.7238     | 0.2305     | 1.2441       | 1.2492      | 0.0509     | 0.5863     | 0.6431     |             | 0.7930   | -0.029 
349    | 2.6992     | 0.2064     | 1.2432       | 1.2495      | 0.0472     | 0.5852     | 0.6400     |             | 0.8254   | -0.028 
350    | 2.7208     | 0.2175     | 1.2491       | 1.2542      | 0.0433     | 0.6029     | 0.6477     |             | 0.8571   | -0.021 
351    | 2.6769     | 0.1941     | 1.2364       | 1.2464      | 0.0571     | 0.6223     | 0.6252     |             | 0.8322   | -0.013 
352    | 2.6961     | 0.2041     | 1.2415       | 1.2505      | 0.0457     | 0.6206     | 0.6388     |             | 0.8552   | -0.013 
353    | 2.7132     | 0.2081     | 1.2621       | 1.2430      | 0.0544     | 0.6098     | 0.6332     |             | 0.8301   | -0.019 
354    | 2.6793     | 0.2027     | 1.2518       | 1.2247      | 0.0473     | 0.6240     | 0.6487     |             | 0.8422   | -0.014 
355    | 2.7070     | 0.2087     | 1.2523       | 1.2460      | 0.0561     | 0.6150     | 0.6422     |             | 0.8612   | -0.019 
356    | 2.7176     | 0.2103     | 1.2603       | 1.2471      | 0.0495     | 0.6097     | 0.6683     |             | 0.8488   | -0.025 
357    | 2.7102     | 0.1900     | 1.2658       | 1.2545      | 0.0433     | 0.6045     | 0.6576     |             | 0.8988   | -0.023 
358    | 2.7539     | 0.2245     | 1.2628       | 1.2665      | 0.0449     | 0.6063     | 0.6666     |             | 0.8670   | -0.024 
359    | 2.7260     | 0.2079     | 1.2433       | 1.2748      | 0.0561     | 0.6156     | 0.6748     |             | 0.9417   | -0.026 
360    | 2.7478     | 0.2098     | 1.2692       | 1.2687      | 0.0558     | 0.6134     | 0.6593     |             | 0.8927   | -0.023 
361    | 2.7732     | 0.2275     | 1.2706       | 1.2750      | 0.0528     | 0.6097     | 0.6620     |             | 0.8939   | -0.024 
362    | 2.7395     | 0.2053     | 1.2581       | 1.2761      | 0.0458     | 0.5971     | 0.6786     |             | 0.8922   | -0.031 
363    | 2.6976     | 0.1996     | 1.2396       | 1.2584      | 0.0480     | 0.5960     | 0.6660     |             | 0.8785   | -0.029 
364    | 2.7088     | 0.2184     | 1.2309       | 1.2595      | 0.0473     | 0.5896     | 0.6508     |             | 0.9024   | -0.029 
365    | 2.6987     | 0.2026     | 1.2199       | 1.2763      | 0.0479     | 0.5750     | 0.6578     |             | 0.9097   | -0.036 
366    | 2.7642     | 0.2139     | 1.2677       | 1.2826      | 0.0481     | 0.5756     | 0.6435     |             | 0.8143   | -0.033 
367    | 2.7365     | 0.1893     | 1.2644       | 1.2828      | 0.0504     | 0.5947     | 0.6523     |             | 0.8160   | -0.028 
368    | 2.7525     | 0.2195     | 1.2690       | 1.2640      | 0.0484     | 0.5897     | 0.6357     |             | 0.8729   | -0.026 
369    | 2.7618     | 0.2245     | 1.2685       | 1.2689      | 0.0477     | 0.5793     | 0.6431     |             | 0.8122   | -0.031 
370    | 2.7319     | 0.2113     | 1.2727       | 1.2479      | 0.0578     | 0.5934     | 0.6336     |             | 0.9072   | -0.027 
371    | 2.7380     | 0.2102     | 1.2743       | 1.2534      | 0.0540     | 0.6138     | 0.6595     |             | 0.8463   | -0.023 
372    | 2.7483     | 0.2074     | 1.2862       | 1.2548      | 0.0465     | 0.6351     | 0.6558     |             | 0.9306   | -0.011 
373    | 2.7694     | 0.2266     | 1.2931       | 1.2498      | 0.0524     | 0.6376     | 0.6491     |             | 0.8696   | -0.010 
374    | 2.7384     | 0.2034     | 1.2830       | 1.2520      | 0.0407     | 0.6351     | 0.6452     |             | 0.8920   | -0.007 
375    | 2.7293     | 0.2001     | 1.2805       | 1.2487      | 0.0488     | 0.6304     | 0.6623     |             | 0.9333   | -0.015 
376    | 2.7890     | 0.2307     | 1.2838       | 1.2745      | 0.0494     | 0.6264     | 0.6482     |             | 0.8183   | -0.014 
377    | 2.7393     | 0.2054     | 1.2797       | 1.2542      | 0.0507     | 0.6288     | 0.6532     |             | 0.8555   | -0.014 
378    | 2.7537     | 0.2035     | 1.2900       | 1.2603      | 0.0527     | 0.6214     | 0.6446     |             | 0.8386   | -0.016 
379    | 2.7499     | 0.2139     | 1.2845       | 1.2514      | 0.0491     | 0.6280     | 0.6588     |             | 0.8569   | -0.015 
380    | 2.7452     | 0.1997     | 1.2783       | 1.2673      | 0.0562     | 0.6332     | 0.6593     |             | 0.8737   | -0.015 
381    | 2.7149     | 0.1939     | 1.2746       | 1.2463      | 0.0526     | 0.6176     | 0.6734     |             | 0.7770   | -0.023 
382    | 2.7611     | 0.2138     | 1.2723       | 1.2749      | 0.0471     | 0.6193     | 0.6837     |             | 0.8487   | -0.023 
383    | 2.7577     | 0.2202     | 1.2701       | 1.2673      | 0.0407     | 0.6460     | 0.6609     |             | 0.8421   | -0.006 
384    | 2.7493     | 0.2128     | 1.2726       | 1.2639      | 0.0460     | 0.6472     | 0.6577     |             | 0.8452   | -0.006 
385    | 2.7242     | 0.2064     | 1.2733       | 1.2445      | 0.0490     | 0.6253     | 0.6486     |             | 0.8105   | -0.014 
386    | 2.7298     | 0.1965     | 1.2869       | 1.2465      | 0.0485     | 0.6401     | 0.6633     |             | 0.8510   | -0.011 
387    | 2.7480     | 0.2088     | 1.2731       | 1.2660      | 0.0488     | 0.6366     | 0.6646     |             | 0.8168   | -0.013 
388    | 2.7746     | 0.2128     | 1.2903       | 1.2715      | 0.0520     | 0.6417     | 0.6572     |             | 0.8555   | -0.010 
389    | 2.7736     | 0.2270     | 1.2857       | 1.2609      | 0.0495     | 0.6368     | 0.6520     |             | 0.8572   | -0.011 
390    | 2.7750     | 0.2203     | 1.2931       | 1.2616      | 0.0467     | 0.6385     | 0.6649     |             | 0.8415   | -0.012 
391    | 2.7815     | 0.2225     | 1.3054       | 1.2536      | 0.0551     | 0.6344     | 0.6664     |             | 0.8484   | -0.016 
392    | 2.7794     | 0.2226     | 1.2844       | 1.2724      | 0.0529     | 0.6319     | 0.6634     |             | 0.8536   | -0.016 
393    | 2.7679     | 0.2211     | 1.2666       | 1.2802      | 0.0573     | 0.6283     | 0.6527     |             | 0.8284   | -0.016 
394    | 2.8082     | 0.2255     | 1.2697       | 1.3130      | 0.0489     | 0.6180     | 0.6615     |             | 0.8483   | -0.020 
395    | 2.7705     | 0.2069     | 1.2610       | 1.3027      | 0.0549     | 0.6317     | 0.6492     |             | 0.8724   | -0.014 
396    | 2.7734     | 0.1946     | 1.2800       | 1.2988      | 0.0474     | 0.6173     | 0.6739     |             | 0.8624   | -0.022 
397    | 2.8054     | 0.2277     | 1.2764       | 1.3014      | 0.0475     | 0.6097     | 0.6624     |             | 0.8672   | -0.023 
398    | 2.7411     | 0.2003     | 1.2622       | 1.2785      | 0.0544     | 0.6101     | 0.6548     |             | 0.8816   | -0.023 
399    | 2.7837     | 0.2042     | 1.2828       | 1.2967      | 0.0468     | 0.6079     | 0.6582     |             | 0.8258   | -0.022 
400    | 2.7553     | 0.2241     | 1.2556       | 1.2756      | 0.0584     | 0.6151     | 0.6437     |             | 0.8133   | -0.020 
Seed 123456 | Src MDE: 0.0251 | Tgt MDE: 0.8835
Finished FusionDANN_2_4. Results saved.
