==========================================
Current Experiment: RTT Combination: ['Dist_mm_3', 'Dist_mm_4']
RTT Input Dimension: 2
==========================================
Start Training Seed 42...

Start CDAN+E Training... (Entropy Conditioning Enabled)
Epoch  | Total Loss | Tr Cls     | Tr Dom RSSI  | Tr Dom RTT   | Val T Acc  | Val T Entropy | Test MDE
------------------------------------------------------------------------------------------------------------------------
1      | 6.6202     | 3.8804     | 1.3640       | 1.3758       | 0.4375     | 3.7827       | 1.4721   |           
2      | 5.8102     | 3.1805     | 1.2866       | 1.3431       | 0.6042     | 3.6375       | 1.2561   |           
3      | 5.2857     | 2.7716     | 1.1979       | 1.3163       | 0.7052     | 3.5600       | 1.1830   |           
4      | 4.8767     | 2.4458     | 1.1259       | 1.3050       | 0.7667     | 3.3537       | 1.2032   |           
5      | 4.5011     | 2.1863     | 1.0415       | 1.2733       | 0.8490     | 3.2432       | 1.1704   |           
6      | 4.2000     | 1.9577     | 0.9997       | 1.2425       | 0.9146     | 3.0649       | 1.1897   |           
7      | 3.9565     | 1.7717     | 0.9580       | 1.2268       | 0.9406     | 2.9024       | 1.1605   |           
8      | 3.7822     | 1.6356     | 0.9365       | 1.2102       | 0.9437     | 2.7666       | 1.1803   |           
9      | 3.5999     | 1.4984     | 0.9200       | 1.1815       | 0.9292     | 2.7498       | 1.1482   |           
10     | 3.4433     | 1.3770     | 0.9007       | 1.1656       | 0.9469     | 2.4725       | 1.2623   |           
11     | 3.3202     | 1.2873     | 0.9013       | 1.1316       | 0.9479     | 2.3714       | 1.1646   | (ADV -0.24)
12     | 3.2433     | 1.2340     | 0.8827       | 1.1265       | 0.9563     | 2.2694       | 1.1793   | (ADV -0.18)
13     | 3.1632     | 1.1738     | 0.8825       | 1.1070       | 0.9427     | 2.2767       | 1.2294   |           
14     | 3.1085     | 1.1242     | 0.8826       | 1.1018       | 0.9542     | 2.0950       | 1.1579   | (ADV -0.09)
15     | 3.0146     | 1.0620     | 0.8715       | 1.0810       | 0.9594     | 1.9377       | 1.2401   | (ADV -0.01)
16     | 2.9777     | 1.0253     | 0.8578       | 1.0945       | 0.9531     | 1.9309       | 1.2338   |           
17     | 2.9322     | 0.9641     | 0.8840       | 1.0842       | 0.9583     | 1.8134       | 1.2754   | (ADV 0.05)
18     | 2.9626     | 0.9904     | 0.8896       | 1.0827       | 0.9542     | 1.7989       | 1.2022   | (ADV 0.05)
19     | 2.9269     | 0.9541     | 0.8871       | 1.0857       | 0.9510     | 1.7941       | 1.2865   |           
20     | 2.8738     | 0.9111     | 0.8847       | 1.0780       | 0.9625     | 1.6595       | 1.2772   | (ADV 0.13)
21     | 2.9371     | 0.9397     | 0.8962       | 1.1012       | 0.9563     | 1.6742       | 1.3038   |           
22     | 2.8507     | 0.8679     | 0.8934       | 1.0895       | 0.9604     | 1.5582       | 1.2950   | (ADV 0.18)
23     | 2.8659     | 0.8639     | 0.9032       | 1.0988       | 0.9615     | 1.5268       | 1.3437   | (ADV 0.20)
24     | 2.7974     | 0.8163     | 0.8923       | 1.0887       | 0.9594     | 1.5392       | 1.3067   |           
25     | 2.7694     | 0.8160     | 0.8937       | 1.0596       | 0.9583     | 1.4344       | 1.3006   | (ADV 0.24)
26     | 2.7844     | 0.7968     | 0.9145       | 1.0731       | 0.9521     | 1.4148       | 1.4342   | (ADV 0.24)
27     | 2.7819     | 0.8098     | 0.8855       | 1.0867       | 0.9615     | 1.3733       | 1.3602   | (ADV 0.27)
28     | 2.7553     | 0.7754     | 0.9191       | 1.0607       | 0.9604     | 1.3610       | 1.3145   | (ADV 0.28)
29     | 2.8412     | 0.8214     | 0.9234       | 1.0965       | 0.9510     | 1.3732       | 1.3639   |           
30     | 2.7498     | 0.7626     | 0.9188       | 1.0685       | 0.9563     | 1.3175       | 1.3534   | (ADV 0.30)
31     | 2.7170     | 0.7316     | 0.9179       | 1.0675       | 0.9594     | 1.3173       | 1.3407   | (ADV 0.30)
32     | 2.7511     | 0.7286     | 0.9405       | 1.0820       | 0.9656     | 1.2822       | 1.3239   | (ADV 0.32)
33     | 2.7362     | 0.7121     | 0.9408       | 1.0833       | 0.9594     | 1.2580       | 1.4095   | (ADV 0.33)
34     | 2.7903     | 0.7507     | 0.9529       | 1.0866       | 0.9479     | 1.3006       | 1.2852   |           
35     | 2.7891     | 0.7437     | 0.9473       | 1.0981       | 0.9583     | 1.1757       | 1.3292   | (ADV 0.37)
36     | 2.7094     | 0.7065     | 0.9335       | 1.0694       | 0.9656     | 1.1811       | 1.2650   | (ADV 0.38)
37     | 2.7648     | 0.7172     | 0.9752       | 1.0725       | 0.9448     | 1.2236       | 1.3153   |           
38     | 2.7238     | 0.6878     | 0.9720       | 1.0640       | 0.9604     | 1.1600       | 1.3813   | (ADV 0.38)
39     | 2.7293     | 0.6932     | 0.9586       | 1.0775       | 0.9583     | 1.1380       | 1.2874   | (ADV 0.39)
40     | 2.7215     | 0.6843     | 0.9653       | 1.0719       | 0.9583     | 1.1780       | 1.3361   |           
41     | 2.7089     | 0.6583     | 0.9648       | 1.0858       | 0.9615     | 1.1009       | 1.2793   | (ADV 0.41)
42     | 2.7179     | 0.6835     | 0.9489       | 1.0855       | 0.9583     | 1.0807       | 1.2930   | (ADV 0.42)
43     | 2.7454     | 0.6926     | 0.9535       | 1.0993       | 0.9583     | 1.0643       | 1.2853   | (ADV 0.43)
44     | 2.7426     | 0.6688     | 0.9626       | 1.1112       | 0.9542     | 1.1425       | 1.2303   |           
45     | 2.7574     | 0.6864     | 0.9674       | 1.1036       | 0.9615     | 1.0760       | 1.3051   |           
46     | 2.6799     | 0.6577     | 0.9449       | 1.0772       | 0.9594     | 1.0513       | 1.3353   | (ADV 0.43)
47     | 2.6985     | 0.6631     | 0.9621       | 1.0733       | 0.9625     | 1.0222       | 1.3000   | (ADV 0.45)
48     | 2.7277     | 0.6635     | 0.9770       | 1.0871       | 0.9677     | 0.9994       | 1.2257   | (ADV 0.47)
49     | 2.6779     | 0.6276     | 0.9664       | 1.0838       | 0.9531     | 0.9767       | 1.2209   |           
50     | 2.6930     | 0.6255     | 0.9791       | 1.0884       | 0.9656     | 0.9467       | 1.2992   | (ADV 0.49)
51     | 2.8103     | 0.6979     | 0.9919       | 1.1206       | 0.9646     | 0.9650       | 1.2977   |           
52     | 2.7592     | 0.6672     | 0.9666       | 1.1254       | 0.9563     | 0.9774       | 1.2972   |           
53     | 2.7509     | 0.6442     | 0.9965       | 1.1101       | 0.9573     | 1.0062       | 1.3419   |           
54     | 2.7767     | 0.6591     | 1.0085       | 1.1090       | 0.9510     | 0.9389       | 1.2905   |           
55     | 2.7742     | 0.6416     | 1.0197       | 1.1129       | 0.9604     | 0.9206       | 1.3020   | (ADV 0.50)
56     | 2.7434     | 0.6240     | 1.0091       | 1.1102       | 0.9615     | 0.9423       | 1.2427   |           
57     | 2.7907     | 0.6595     | 1.0279       | 1.1033       | 0.9583     | 0.9127       | 1.2814   | (ADV 0.50)
58     | 2.7380     | 0.6257     | 1.0106       | 1.1017       | 0.9583     | 0.9260       | 1.3063   |           
59     | 2.7593     | 0.6377     | 1.0057       | 1.1158       | 0.9615     | 1.0099       | 1.3207   |           
60     | 2.7865     | 0.6578     | 1.0113       | 1.1174       | 0.9594     | 0.9810       | 1.4668   |           
61     | 2.7708     | 0.6411     | 1.0294       | 1.1003       | 0.9615     | 0.9059       | 1.3379   | (ADV 0.51)
62     | 2.7386     | 0.6174     | 1.0100       | 1.1112       | 0.9615     | 0.8989       | 1.4173   | (ADV 0.51)
63     | 2.7500     | 0.6159     | 1.0307       | 1.1034       | 0.9583     | 0.9186       | 1.3610   |           
64     | 2.7623     | 0.6350     | 1.0179       | 1.1094       | 0.9688     | 0.9272       | 1.3452   |           
65     | 2.7366     | 0.6322     | 1.0067       | 1.0977       | 0.9604     | 0.9324       | 1.3294   |           
66     | 2.6968     | 0.5887     | 1.0100       | 1.0981       | 0.9625     | 0.8876       | 1.3493   | (ADV 0.52)
67     | 2.7646     | 0.6132     | 1.0358       | 1.1156       | 0.9698     | 0.8268       | 1.4462   | (ADV 0.56)
68     | 2.7397     | 0.6004     | 1.0086       | 1.1307       | 0.9615     | 0.8644       | 1.3774   |           
69     | 2.7277     | 0.5971     | 1.0156       | 1.1150       | 0.9688     | 0.8723       | 1.3664   |           
70     | 2.7260     | 0.5720     | 1.0280       | 1.1260       | 0.9594     | 0.8744       | 1.5042   |           
71     | 2.7970     | 0.6181     | 1.0355       | 1.1433       | 0.9625     | 0.8790       | 1.4331   |           
72     | 2.7569     | 0.6035     | 1.0235       | 1.1299       | 0.9552     | 0.9180       | 1.4791   |           
73     | 2.7276     | 0.5646     | 1.0239       | 1.1391       | 0.9656     | 0.8568       | 1.4338   |           
74     | 2.8084     | 0.6302     | 1.0442       | 1.1340       | 0.9563     | 0.8424       | 1.4660   |           
75     | 2.7692     | 0.5985     | 1.0411       | 1.1296       | 0.9542     | 0.8777       | 1.3940   |           
76     | 2.7624     | 0.6172     | 1.0172       | 1.1280       | 0.9635     | 0.8700       | 1.4849   |           
77     | 2.7834     | 0.5966     | 1.0420       | 1.1449       | 0.9698     | 0.8222       | 1.3893   | (ADV 0.56)
78     | 2.8283     | 0.6324     | 1.0524       | 1.1435       | 0.9594     | 0.8110       | 1.3593   |           
79     | 2.7881     | 0.6146     | 1.0442       | 1.1293       | 0.9667     | 0.8355       | 1.4224   |           
80     | 2.8240     | 0.6092     | 1.0717       | 1.1431       | 0.9656     | 0.8094       | 1.3943   | (ADV 0.56)
81     | 2.8378     | 0.6204     | 1.0648       | 1.1526       | 0.9667     | 0.7798       | 1.4098   | (ADV 0.58)
82     | 2.7700     | 0.5681     | 1.0539       | 1.1480       | 0.9615     | 0.8119       | 1.5288   |           
83     | 2.8032     | 0.5979     | 1.0651       | 1.1402       | 0.9646     | 0.7904       | 1.4155   |           
84     | 2.8425     | 0.6020     | 1.0935       | 1.1469       | 0.9635     | 0.8629       | 1.4502   |           
85     | 2.8311     | 0.6014     | 1.0788       | 1.1509       | 0.9698     | 0.8081       | 1.4139   |           
86     | 2.7835     | 0.5945     | 1.0538       | 1.1352       | 0.9604     | 0.8120       | 1.4719   |           
87     | 2.8195     | 0.6061     | 1.0694       | 1.1440       | 0.9594     | 0.8298       | 1.4442   |           
88     | 2.7762     | 0.5692     | 1.0711       | 1.1359       | 0.9625     | 0.7771       | 1.4818   |           
89     | 2.8903     | 0.6568     | 1.0870       | 1.1465       | 0.9625     | 0.7768       | 1.4166   |           
90     | 2.8124     | 0.5918     | 1.0830       | 1.1377       | 0.9688     | 0.7885       | 1.3534   |           
91     | 2.7688     | 0.5477     | 1.0751       | 1.1461       | 0.9698     | 0.7307       | 1.4603   | (ADV 0.60)
92     | 2.8012     | 0.5663     | 1.0871       | 1.1478       | 0.9615     | 0.7973       | 1.4074   |           
93     | 2.8614     | 0.6101     | 1.1138       | 1.1375       | 0.9667     | 0.7135       | 1.4431   | (ADV 0.61)
94     | 2.8122     | 0.5914     | 1.0823       | 1.1386       | 0.9635     | 0.7735       | 1.5900   |           
95     | 2.7985     | 0.5627     | 1.0839       | 1.1519       | 0.9667     | 0.7151       | 1.4078   |           
96     | 2.8252     | 0.5919     | 1.0842       | 1.1490       | 0.9479     | 0.7657       | 1.4190   |           
97     | 2.9136     | 0.6447     | 1.1042       | 1.1646       | 0.9677     | 0.7548       | 1.4539   |           
98     | 2.8656     | 0.6210     | 1.0904       | 1.1542       | 0.9563     | 0.7453       | 1.4245   |           
99     | 2.8192     | 0.5605     | 1.1138       | 1.1449       | 0.9688     | 0.7573       | 1.4449   |           
100    | 2.8526     | 0.5996     | 1.1105       | 1.1424       | 0.9667     | 0.7986       | 1.4294   |           
101    | 2.8062     | 0.5796     | 1.0895       | 1.1371       | 0.9677     | 0.6968       | 1.4967   | (ADV 0.62)
102    | 2.8681     | 0.6047     | 1.1232       | 1.1402       | 0.9635     | 0.7567       | 1.4537   |           
103    | 2.8678     | 0.5972     | 1.1178       | 1.1528       | 0.9698     | 0.7138       | 1.3569   |           
104    | 2.8329     | 0.5595     | 1.1170       | 1.1564       | 0.9698     | 0.6962       | 1.3249   | (ADV 0.62)
105    | 2.8112     | 0.5557     | 1.1083       | 1.1472       | 0.9656     | 0.7234       | 1.4419   |           
106    | 2.8963     | 0.6043     | 1.1238       | 1.1682       | 0.9635     | 0.7613       | 1.4032   |           
107    | 2.8642     | 0.5979     | 1.1273       | 1.1390       | 0.9688     | 0.7267       | 1.2891   |           
108    | 2.8711     | 0.6109     | 1.1172       | 1.1430       | 0.9635     | 0.7594       | 1.3802   |           
109    | 2.8899     | 0.5832     | 1.1525       | 1.1542       | 0.9677     | 0.7166       | 1.4894   |           
110    | 2.8299     | 0.5832     | 1.1088       | 1.1379       | 0.9698     | 0.6926       | 1.4150   | (ADV 0.62)
111    | 2.8598     | 0.5819     | 1.1261       | 1.1517       | 0.9625     | 0.7277       | 1.4098   |           
112    | 2.9053     | 0.6130     | 1.1430       | 1.1493       | 0.9667     | 0.7136       | 1.3974   |           
113    | 2.8206     | 0.5428     | 1.1213       | 1.1566       | 0.9448     | 0.7744       | 1.3739   |           
114    | 2.8750     | 0.5869     | 1.1172       | 1.1709       | 0.9677     | 0.7438       | 1.3534   |           
115    | 2.9024     | 0.5982     | 1.1330       | 1.1713       | 0.9667     | 0.7103       | 1.3905   |           
116    | 2.9216     | 0.6151     | 1.1354       | 1.1711       | 0.9594     | 0.7415       | 1.4578   |           
117    | 2.8899     | 0.5926     | 1.1319       | 1.1654       | 0.9698     | 0.7423       | 1.4771   |           
118    | 2.9090     | 0.5987     | 1.1474       | 1.1629       | 0.9552     | 0.7391       | 1.4492   |           
119    | 2.8869     | 0.5799     | 1.1514       | 1.1556       | 0.9594     | 0.7435       | 1.5065   |           
120    | 2.9442     | 0.6079     | 1.1558       | 1.1805       | 0.9646     | 0.7258       | 1.4319   |           
121    | 2.9095     | 0.5925     | 1.1644       | 1.1526       | 0.9583     | 0.7780       | 1.4584   |           
122    | 2.8869     | 0.5763     | 1.1558       | 1.1548       | 0.9698     | 0.7171       | 1.4929   |           
123    | 2.9328     | 0.6158     | 1.1379       | 1.1792       | 0.9667     | 0.7619       | 1.5693   |           
124    | 2.8788     | 0.5872     | 1.1452       | 1.1465       | 0.9625     | 0.7610       | 1.5750   |           
125    | 2.8266     | 0.5389     | 1.1300       | 1.1577       | 0.9656     | 0.7079       | 1.4539   |           
126    | 2.8298     | 0.5483     | 1.1317       | 1.1498       | 0.9698     | 0.7317       | 1.4148   |           
127    | 2.8426     | 0.5694     | 1.1348       | 1.1384       | 0.9688     | 0.7296       | 1.3395   |           
128    | 2.8378     | 0.5633     | 1.1218       | 1.1527       | 0.9635     | 0.6696       | 1.3220   | (ADV 0.63)
129    | 2.9576     | 0.6302     | 1.1532       | 1.1743       | 0.9417     | 0.7094       | 1.4121   |           
130    | 2.9123     | 0.5939     | 1.1590       | 1.1594       | 0.9698     | 0.7300       | 1.4865   |           
131    | 2.9112     | 0.5922     | 1.1507       | 1.1683       | 0.9740     | 0.7306       | 1.3352   |           
132    | 2.8996     | 0.5800     | 1.1669       | 1.1528       | 0.9667     | 0.7001       | 1.4018   |           
133    | 2.9116     | 0.5743     | 1.1595       | 1.1778       | 0.9708     | 0.7067       | 1.3360   |           
134    | 2.8348     | 0.5431     | 1.1456       | 1.1461       | 0.9656     | 0.7090       | 1.3993   |           
135    | 2.8620     | 0.5561     | 1.1502       | 1.1557       | 0.9740     | 0.7030       | 1.3491   |           
136    | 2.9170     | 0.5865     | 1.1576       | 1.1729       | 0.9625     | 0.7035       | 1.3882   |           
137    | 2.9456     | 0.6031     | 1.1636       | 1.1789       | 0.9635     | 0.6814       | 1.3086   |           
138    | 2.9944     | 0.6217     | 1.1861       | 1.1866       | 0.9531     | 0.7214       | 1.4610   |           
139    | 2.9983     | 0.6503     | 1.1734       | 1.1746       | 0.9625     | 0.6842       | 1.4988   |           
140    | 2.9740     | 0.6273     | 1.1583       | 1.1883       | 0.9698     | 0.6744       | 1.4060   | (ADV 0.63)
141    | 2.8611     | 0.5409     | 1.1481       | 1.1720       | 0.9531     | 0.6669       | 1.4092   |           
142    | 2.8716     | 0.5453     | 1.1688       | 1.1576       | 0.9719     | 0.6537       | 1.4545   | (ADV 0.65)
143    | 2.8890     | 0.5644     | 1.1547       | 1.1699       | 0.9688     | 0.6472       | 1.4025   | (ADV 0.65)
144    | 2.8873     | 0.5693     | 1.1609       | 1.1571       | 0.9719     | 0.6530       | 1.4088   | (ADV 0.65)
145    | 2.8844     | 0.5636     | 1.1670       | 1.1537       | 0.9667     | 0.7014       | 1.4386   |           
146    | 2.9085     | 0.5691     | 1.1683       | 1.1710       | 0.9771     | 0.6666       | 1.4048   |           
147    | 2.9642     | 0.6038     | 1.1758       | 1.1847       | 0.9646     | 0.7020       | 1.4081   |           
148    | 2.9124     | 0.5709     | 1.1775       | 1.1640       | 0.9719     | 0.6735       | 1.4290   |           
149    | 2.8662     | 0.5353     | 1.1530       | 1.1779       | 0.9688     | 0.7075       | 1.3805   |           
150    | 2.8974     | 0.5539     | 1.1655       | 1.1780       | 0.9552     | 0.6836       | 1.4914   |           
151    | 2.9276     | 0.5909     | 1.1726       | 1.1641       | 0.9729     | 0.6691       | 1.3249   |           
152    | 2.8935     | 0.5515     | 1.1645       | 1.1775       | 0.9625     | 0.6940       | 1.4707   |           
153    | 2.9485     | 0.6040     | 1.1693       | 1.1752       | 0.9604     | 0.6652       | 1.4152   |           
154    | 2.8982     | 0.5700     | 1.1547       | 1.1735       | 0.9635     | 0.6447       | 1.4526   |           
155    | 2.9065     | 0.5576     | 1.1656       | 1.1833       | 0.9750     | 0.6632       | 1.4431   |           
156    | 2.9331     | 0.5733     | 1.1791       | 1.1807       | 0.9708     | 0.6516       | 1.3480   |           
157    | 2.9287     | 0.5779     | 1.1665       | 1.1843       | 0.9677     | 0.7045       | 1.3993   |           
158    | 2.9713     | 0.6064     | 1.1851       | 1.1798       | 0.9750     | 0.6490       | 1.3957   | (ADV 0.65)
159    | 2.9238     | 0.5622     | 1.1894       | 1.1722       | 0.9719     | 0.6592       | 1.3675   |           
160    | 2.9060     | 0.5482     | 1.1781       | 1.1797       | 0.9688     | 0.6752       | 1.3937   |           
161    | 2.9554     | 0.5925     | 1.1862       | 1.1767       | 0.9688     | 0.6822       | 1.4255   |           
162    | 2.9015     | 0.5575     | 1.1750       | 1.1691       | 0.9750     | 0.6626       | 1.3765   |           
163    | 2.9130     | 0.5715     | 1.1725       | 1.1691       | 0.9698     | 0.6498       | 1.4444   |           
164    | 2.8774     | 0.5354     | 1.1655       | 1.1765       | 0.9771     | 0.6489       | 1.4746   | (ADV 0.65)
165    | 2.8730     | 0.5476     | 1.1622       | 1.1632       | 0.9740     | 0.6038       | 1.4719   | (ADV 0.67)
166    | 2.8927     | 0.5367     | 1.1677       | 1.1883       | 0.9688     | 0.5986       | 1.4479   |           
167    | 2.8876     | 0.5310     | 1.1734       | 1.1832       | 0.9708     | 0.6087       | 1.4273   |           
168    | 2.9051     | 0.5464     | 1.1782       | 1.1805       | 0.9625     | 0.6247       | 1.5028   |           
169    | 2.8911     | 0.5477     | 1.1774       | 1.1659       | 0.9604     | 0.6652       | 1.3879   |           
170    | 2.8686     | 0.5328     | 1.1642       | 1.1717       | 0.9656     | 0.6116       | 1.3793   |           
171    | 2.9338     | 0.5783     | 1.1709       | 1.1845       | 0.9760     | 0.6216       | 1.4006   |           
172    | 2.9290     | 0.5653     | 1.1826       | 1.1811       | 0.9740     | 0.6170       | 1.4051   |           
173    | 2.9285     | 0.5456     | 1.1926       | 1.1904       | 0.9656     | 0.6070       | 1.4644   |           
174    | 2.8883     | 0.5264     | 1.1915       | 1.1704       | 0.9719     | 0.6380       | 1.3819   |           
175    | 2.9075     | 0.5521     | 1.1802       | 1.1752       | 0.9698     | 0.6390       | 1.4467   |           
176    | 2.8977     | 0.5390     | 1.1762       | 1.1825       | 0.9688     | 0.7298       | 1.5138   |           
177    | 2.9191     | 0.5536     | 1.1726       | 1.1929       | 0.9677     | 0.6390       | 1.4292   |           
178    | 2.9081     | 0.5315     | 1.1874       | 1.1892       | 0.9698     | 0.6409       | 1.4140   |           
179    | 2.8617     | 0.5085     | 1.1756       | 1.1776       | 0.9729     | 0.6181       | 1.4804   |           
180    | 2.9112     | 0.5486     | 1.1841       | 1.1786       | 0.9688     | 0.6137       | 1.3980   |           
181    | 2.9333     | 0.5635     | 1.1864       | 1.1834       | 0.9677     | 0.5965       | 1.5220   |           
182    | 2.9947     | 0.6117     | 1.1892       | 1.1938       | 0.9646     | 0.6397       | 1.4731   |           
183    | 2.9277     | 0.5496     | 1.1864       | 1.1918       | 0.9625     | 0.6494       | 1.5299   |           
184    | 2.9169     | 0.5455     | 1.1874       | 1.1840       | 0.9677     | 0.6820       | 1.3618   |           
185    | 2.9515     | 0.5774     | 1.1879       | 1.1862       | 0.9625     | 0.6853       | 1.3462   |           
186    | 2.9269     | 0.5373     | 1.1949       | 1.1947       | 0.9729     | 0.6445       | 1.3665   |           
187    | 2.9001     | 0.5446     | 1.1714       | 1.1841       | 0.9677     | 0.5908       | 1.3909   | (ADV 0.67)
188    | 2.9914     | 0.6038     | 1.1888       | 1.1988       | 0.9688     | 0.5958       | 1.4148   |           
189    | 2.9003     | 0.5227     | 1.1778       | 1.1998       | 0.9646     | 0.6321       | 1.5384   |           
190    | 2.9298     | 0.5460     | 1.1894       | 1.1944       | 0.9604     | 0.6321       | 1.3468   |           
191    | 2.8951     | 0.5151     | 1.1800       | 1.1999       | 0.9656     | 0.6081       | 1.4197   |           
192    | 2.9045     | 0.5347     | 1.1855       | 1.1843       | 0.9635     | 0.6065       | 1.3722   |           
193    | 2.9728     | 0.5827     | 1.1843       | 1.2059       | 0.9698     | 0.6643       | 1.4040   |           
194    | 2.9310     | 0.5410     | 1.1934       | 1.1966       | 0.9604     | 0.6678       | 1.4379   |           
195    | 2.8924     | 0.5359     | 1.1815       | 1.1750       | 0.9667     | 0.5978       | 1.4665   |           
196    | 2.9784     | 0.5859     | 1.1944       | 1.1981       | 0.9740     | 0.6510       | 1.3573   |           
197    | 2.9002     | 0.5328     | 1.1814       | 1.1860       | 0.9677     | 0.6231       | 1.4375   |           
198    | 2.8742     | 0.5074     | 1.1828       | 1.1840       | 0.9740     | 0.6262       | 1.4852   |           
199    | 2.9117     | 0.5502     | 1.1774       | 1.1841       | 0.9708     | 0.6011       | 1.4927   |           
200    | 2.8995     | 0.5234     | 1.1898       | 1.1863       | 0.9635     | 0.6057       | 1.4544   |           
201    | 2.9529     | 0.5576     | 1.2067       | 1.1886       | 0.9740     | 0.6322       | 1.4156   |           
202    | 2.9374     | 0.5533     | 1.1996       | 1.1845       | 0.9667     | 0.6178       | 1.4289   |           
203    | 2.9071     | 0.5351     | 1.1943       | 1.1777       | 0.9615     | 0.6400       | 1.3216   |           
204    | 2.9905     | 0.5963     | 1.1883       | 1.2059       | 0.9667     | 0.6274       | 1.3565   |           
205    | 2.9623     | 0.5717     | 1.1971       | 1.1935       | 0.9635     | 0.6053       | 1.4103   |           
206    | 2.9785     | 0.5746     | 1.2068       | 1.1972       | 0.9656     | 0.5946       | 1.4242   |           
207    | 2.9736     | 0.5753     | 1.1996       | 1.1987       | 0.9688     | 0.6365       | 1.4040   |           
208    | 2.9243     | 0.5361     | 1.1991       | 1.1891       | 0.9677     | 0.6170       | 1.3942   |           
209    | 2.9487     | 0.5623     | 1.2072       | 1.1792       | 0.9656     | 0.6261       | 1.3438   |           
210    | 2.9430     | 0.5543     | 1.2023       | 1.1864       | 0.9677     | 0.6027       | 1.4205   |           
211    | 2.9579     | 0.5500     | 1.2117       | 1.1961       | 0.9708     | 0.6484       | 1.4806   |           
212    | 2.9147     | 0.5391     | 1.1953       | 1.1803       | 0.9677     | 0.6050       | 1.4504   |           
213    | 2.9156     | 0.5359     | 1.2000       | 1.1798       | 0.9771     | 0.6087       | 1.4793   | (ADV 0.67)
214    | 2.9180     | 0.5317     | 1.2029       | 1.1834       | 0.9646     | 0.6718       | 1.4523   |           
215    | 2.9239     | 0.5446     | 1.1939       | 1.1854       | 0.9740     | 0.6326       | 1.4121   |           
216    | 2.9114     | 0.5324     | 1.1918       | 1.1872       | 0.9740     | 0.5552       | 1.3898   | (ADV 0.70)
217    | 2.9009     | 0.5420     | 1.1857       | 1.1733       | 0.9729     | 0.6002       | 1.3900   |           
218    | 2.9764     | 0.5857     | 1.1996       | 1.1911       | 0.9740     | 0.5851       | 1.4103   |           
219    | 2.8920     | 0.4976     | 1.2104       | 1.1840       | 0.9667     | 0.5601       | 1.4762   |           
220    | 2.9736     | 0.5725     | 1.2153       | 1.1857       | 0.9667     | 0.5862       | 1.3807   |           
221    | 2.8848     | 0.5051     | 1.2082       | 1.1715       | 0.9719     | 0.5911       | 1.4337   |           
222    | 2.8928     | 0.5057     | 1.2128       | 1.1742       | 0.9740     | 0.5698       | 1.3501   |           
223    | 2.8562     | 0.4729     | 1.2041       | 1.1792       | 0.9771     | 0.6337       | 1.4095   |           
224    | 2.9568     | 0.5510     | 1.2147       | 1.1912       | 0.9740     | 0.5939       | 1.4286   |           
225    | 2.9398     | 0.5455     | 1.1992       | 1.1951       | 0.9750     | 0.6289       | 1.4291   |           
226    | 2.9378     | 0.5327     | 1.2121       | 1.1930       | 0.9729     | 0.6291       | 1.4386   |           
227    | 2.8922     | 0.4956     | 1.2075       | 1.1891       | 0.9646     | 0.6058       | 1.4282   |           
228    | 2.9222     | 0.5318     | 1.2124       | 1.1779       | 0.9688     | 0.6040       | 1.3919   |           
229    | 2.9968     | 0.5572     | 1.2385       | 1.2012       | 0.9729     | 0.5902       | 1.4574   |           
230    | 2.9764     | 0.5528     | 1.2266       | 1.1970       | 0.9708     | 0.5925       | 1.4604   |           
231    | 2.9963     | 0.5643     | 1.2278       | 1.2042       | 0.9719     | 0.5886       | 1.4634   |           
232    | 2.9202     | 0.5097     | 1.2031       | 1.2074       | 0.9667     | 0.5872       | 1.4943   |           
233    | 2.9585     | 0.5423     | 1.2187       | 1.1975       | 0.9635     | 0.6901       | 1.4536   |           
234    | 2.9854     | 0.5644     | 1.2129       | 1.2080       | 0.9781     | 0.5625       | 1.4081   | (ADV 0.70)
235    | 2.9135     | 0.5144     | 1.1956       | 1.2034       | 0.9719     | 0.6100       | 1.4212   |           
236    | 2.9610     | 0.5408     | 1.2001       | 1.2200       | 0.9760     | 0.5641       | 1.4087   |           
237    | 2.9451     | 0.5414     | 1.2104       | 1.1933       | 0.9719     | 0.5613       | 1.4220   |           
238    | 2.9071     | 0.5158     | 1.2007       | 1.1906       | 0.9563     | 0.6050       | 1.3936   |           
239    | 2.9610     | 0.5439     | 1.2129       | 1.2042       | 0.9656     | 0.6028       | 1.4540   |           
240    | 3.0004     | 0.5665     | 1.2163       | 1.2176       | 0.9521     | 0.6181       | 1.3964   |           
241    | 2.8940     | 0.5049     | 1.1998       | 1.1892       | 0.9677     | 0.6072       | 1.4031   |           
242    | 2.8971     | 0.4851     | 1.2119       | 1.2001       | 0.9604     | 0.5528       | 1.4360   |           
243    | 2.9633     | 0.5346     | 1.2167       | 1.2120       | 0.9688     | 0.6055       | 1.3602   |           
244    | 2.9368     | 0.5215     | 1.2160       | 1.1993       | 0.9740     | 0.5751       | 1.4040   |           
245    | 2.9810     | 0.5480     | 1.2326       | 1.2003       | 0.9615     | 0.5729       | 1.4103   |           
246    | 2.9347     | 0.5274     | 1.2055       | 1.2018       | 0.9729     | 0.6013       | 1.4836   |           
247    | 2.9696     | 0.5445     | 1.2122       | 1.2129       | 0.9688     | 0.6006       | 1.3419   |           
248    | 2.9638     | 0.5384     | 1.2274       | 1.1981       | 0.9760     | 0.6022       | 1.3423   |           
249    | 2.9958     | 0.5516     | 1.2327       | 1.2114       | 0.9708     | 0.6105       | 1.3536   |           
250    | 2.9557     | 0.5387     | 1.2179       | 1.1991       | 0.9583     | 0.6166       | 1.4193   |           
251    | 2.9609     | 0.5260     | 1.2152       | 1.2197       | 0.9698     | 0.6300       | 1.4187   |           
252    | 2.9838     | 0.5502     | 1.2209       | 1.2127       | 0.9781     | 0.6254       | 1.3444   |           
253    | 2.9660     | 0.5390     | 1.2169       | 1.2101       | 0.9677     | 0.6740       | 1.3485   |           
254    | 2.9247     | 0.5250     | 1.2088       | 1.1908       | 0.9615     | 0.6345       | 1.3235   |           
255    | 2.9294     | 0.5320     | 1.1993       | 1.1980       | 0.9552     | 0.6415       | 1.4297   |           
256    | 2.9135     | 0.5041     | 1.2148       | 1.1946       | 0.9646     | 0.6021       | 1.4054   |           
257    | 2.9592     | 0.5326     | 1.2251       | 1.2015       | 0.9656     | 0.5970       | 1.3486   |           
258    | 2.9393     | 0.5284     | 1.1987       | 1.2123       | 0.9719     | 0.5861       | 1.3546   |           
259    | 2.9559     | 0.5332     | 1.2118       | 1.2109       | 0.9708     | 0.5901       | 1.4192   |           
260    | 2.9969     | 0.5691     | 1.2106       | 1.2172       | 0.9625     | 0.5995       | 1.4529   |           
261    | 2.8594     | 0.4815     | 1.1808       | 1.1971       | 0.9365     | 0.5936       | 1.4814   |           
262    | 2.9352     | 0.5263     | 1.1962       | 1.2127       | 0.9750     | 0.5744       | 1.4045   |           
263    | 2.9329     | 0.5154     | 1.2018       | 1.2157       | 0.9667     | 0.5514       | 1.4910   |           
264    | 2.9804     | 0.5640     | 1.2106       | 1.2058       | 0.9729     | 0.5838       | 1.4361   |           
265    | 2.9917     | 0.5557     | 1.2216       | 1.2144       | 0.9740     | 0.5705       | 1.4158   |           
266    | 2.9286     | 0.5200     | 1.2073       | 1.2012       | 0.9667     | 0.6027       | 1.3802   |           
267    | 2.9247     | 0.5010     | 1.2165       | 1.2072       | 0.9667     | 0.6249       | 1.3801   |           
268    | 2.9662     | 0.5447     | 1.2132       | 1.2083       | 0.9708     | 0.5800       | 1.4035   |           
269    | 2.9816     | 0.5479     | 1.2198       | 1.2140       | 0.9677     | 0.5793       | 1.4221   |           
270    | 2.9621     | 0.5239     | 1.2150       | 1.2232       | 0.9729     | 0.5659       | 1.4038   |           
271    | 2.9532     | 0.5118     | 1.2353       | 1.2061       | 0.9698     | 0.5447       | 1.3670   | (ADV 0.70)
272    | 2.9947     | 0.5421     | 1.2427       | 1.2100       | 0.9615     | 0.6212       | 1.4301   |           
273    | 2.9701     | 0.5362     | 1.2227       | 1.2112       | 0.9740     | 0.5933       | 1.4365   |           
274    | 2.9575     | 0.5168     | 1.2204       | 1.2202       | 0.9688     | 0.5560       | 1.4224   |           
275    | 3.0226     | 0.5592     | 1.2325       | 1.2309       | 0.9708     | 0.5743       | 1.4353   |           
276    | 2.9194     | 0.5005     | 1.2067       | 1.2122       | 0.9667     | 0.5901       | 1.3697   |           
277    | 2.9510     | 0.4982     | 1.2178       | 1.2351       | 0.9625     | 0.6223       | 1.3439   |           
278    | 3.0119     | 0.5464     | 1.2346       | 1.2309       | 0.9573     | 0.5575       | 1.3591   |           
279    | 3.0155     | 0.5411     | 1.2308       | 1.2436       | 0.9552     | 0.6136       | 1.3462   |           
280    | 2.9535     | 0.5062     | 1.2200       | 1.2273       | 0.9667     | 0.5926       | 1.4473   |           
281    | 2.9820     | 0.5290     | 1.2224       | 1.2306       | 0.9656     | 0.5800       | 1.3564   |           
282    | 2.9746     | 0.5396     | 1.2071       | 1.2279       | 0.9667     | 0.5644       | 1.3127   |           
283    | 2.9812     | 0.5282     | 1.2238       | 1.2292       | 0.9698     | 0.5677       | 1.3358   |           
284    | 2.9102     | 0.4797     | 1.2184       | 1.2121       | 0.9688     | 0.5780       | 1.3871   |           
285    | 2.9784     | 0.5337     | 1.2126       | 1.2321       | 0.9750     | 0.5665       | 1.3915   |           
286    | 2.9365     | 0.5084     | 1.2151       | 1.2130       | 0.9594     | 0.5966       | 1.4267   |           
287    | 2.9726     | 0.5170     | 1.2181       | 1.2375       | 0.9698     | 0.5946       | 1.3490   |           
288    | 2.9319     | 0.4813     | 1.2220       | 1.2285       | 0.9760     | 0.5630       | 1.3607   |           
289    | 2.9960     | 0.5324     | 1.2342       | 1.2294       | 0.9698     | 0.6166       | 1.4279   |           
290    | 2.9693     | 0.4926     | 1.2423       | 1.2345       | 0.9646     | 0.5983       | 1.3705   |           
291    | 2.9877     | 0.5359     | 1.2229       | 1.2288       | 0.9740     | 0.5618       | 1.2875   |           
292    | 2.9557     | 0.5042     | 1.2230       | 1.2285       | 0.9667     | 0.6166       | 1.4168   |           
293    | 2.9493     | 0.4899     | 1.2345       | 1.2248       | 0.9677     | 0.5645       | 1.3520   |           
294    | 2.9777     | 0.5023     | 1.2421       | 1.2333       | 0.9719     | 0.5902       | 1.3243   |           
295    | 2.9828     | 0.5218     | 1.2293       | 1.2316       | 0.9677     | 0.6100       | 1.3932   |           
296    | 2.9845     | 0.5115     | 1.2293       | 1.2436       | 0.9698     | 0.6167       | 1.3778   |           
297    | 2.9669     | 0.5154     | 1.2188       | 1.2327       | 0.9646     | 0.6047       | 1.4100   |           
298    | 3.0151     | 0.5259     | 1.2393       | 1.2499       | 0.9750     | 0.5961       | 1.4299   |           
299    | 3.0354     | 0.5320     | 1.2457       | 1.2577       | 0.9729     | 0.5653       | 1.3931   |           
300    | 2.9743     | 0.5005     | 1.2319       | 1.2419       | 0.9729     | 0.6245       | 1.4346   |           
301    | 3.0250     | 0.5170     | 1.2462       | 1.2617       | 0.9719     | 0.5943       | 1.4128   |           
302    | 3.0168     | 0.5292     | 1.2407       | 1.2469       | 0.9740     | 0.6465       | 1.3992   |           
303    | 2.9937     | 0.5160     | 1.2373       | 1.2403       | 0.9750     | 0.6221       | 1.4610   |           
304    | 3.0459     | 0.5377     | 1.2492       | 1.2590       | 0.9677     | 0.6165       | 1.4017   |           
305    | 2.9576     | 0.4828     | 1.2348       | 1.2400       | 0.9604     | 0.7303       | 1.4105   |           
306    | 3.1003     | 0.5817     | 1.2586       | 1.2600       | 0.9615     | 0.6128       | 1.4947   |           
307    | 3.0855     | 0.5495     | 1.2590       | 1.2770       | 0.9677     | 0.6147       | 1.3949   |           
308    | 3.0568     | 0.5338     | 1.2464       | 1.2765       | 0.9729     | 0.6270       | 1.4755   |           
309    | 3.1116     | 0.5944     | 1.2509       | 1.2662       | 0.9615     | 0.6980       | 1.5130   |           
310    | 3.0463     | 0.5400     | 1.2422       | 1.2641       | 0.9656     | 0.5721       | 1.5621   |           
311    | 3.0389     | 0.5457     | 1.2433       | 1.2498       | 0.9698     | 0.5929       | 1.4169   |           
312    | 3.0208     | 0.5161     | 1.2452       | 1.2596       | 0.9760     | 0.5455       | 1.3979   | (ADV 0.70)
313    | 3.0486     | 0.5410     | 1.2438       | 1.2638       | 0.9646     | 0.6102       | 1.3925   |           
314    | 3.0251     | 0.5302     | 1.2344       | 1.2605       | 0.9708     | 0.5898       | 1.3395   |           
315    | 3.0121     | 0.5108     | 1.2490       | 1.2522       | 0.9542     | 0.5613       | 1.3879   |           
316    | 3.0175     | 0.5089     | 1.2418       | 1.2667       | 0.9719     | 0.5299       | 1.3810   | (ADV 0.71)
317    | 3.0182     | 0.5080     | 1.2497       | 1.2604       | 0.9771     | 0.6249       | 1.2825   |           
318    | 2.9779     | 0.4987     | 1.2265       | 1.2528       | 0.9708     | 0.5955       | 1.4181   |           
319    | 3.0423     | 0.5328     | 1.2477       | 1.2618       | 0.9698     | 0.6194       | 1.4742   |           
320    | 3.0045     | 0.5085     | 1.2380       | 1.2581       | 0.9792     | 0.5973       | 1.4241   |           
321    | 3.0214     | 0.5215     | 1.2365       | 1.2635       | 0.9677     | 0.5912       | 1.3784   |           
322    | 3.0244     | 0.5237     | 1.2341       | 1.2666       | 0.9708     | 0.5784       | 1.4455   |           
323    | 3.0878     | 0.5678     | 1.2596       | 1.2603       | 0.9594     | 0.6365       | 1.4163   |           
324    | 2.9898     | 0.4929     | 1.2441       | 1.2529       | 0.9625     | 0.5796       | 1.4349   |           
325    | 3.0412     | 0.5217     | 1.2553       | 1.2642       | 0.9646     | 0.5730       | 1.4127   |           
326    | 3.0660     | 0.5559     | 1.2523       | 1.2577       | 0.9719     | 0.6138       | 1.4637   |           
327    | 3.0248     | 0.5043     | 1.2588       | 1.2617       | 0.9656     | 0.6116       | 1.3453   |           
328    | 3.0539     | 0.5288     | 1.2544       | 1.2708       | 0.9719     | 0.5567       | 1.3446   |           
329    | 3.0098     | 0.5051     | 1.2496       | 1.2551       | 0.9635     | 0.5790       | 1.3548   |           
330    | 3.0526     | 0.5364     | 1.2488       | 1.2674       | 0.9719     | 0.5582       | 1.3744   |           
331    | 2.9799     | 0.4789     | 1.2438       | 1.2572       | 0.9531     | 0.5977       | 1.4223   |           
332    | 3.0315     | 0.5165     | 1.2468       | 1.2682       | 0.9719     | 0.5981       | 1.3657   |           
333    | 3.0550     | 0.5333     | 1.2520       | 1.2697       | 0.9750     | 0.5990       | 1.3851   |           
334    | 3.0875     | 0.5699     | 1.2491       | 1.2685       | 0.9583     | 0.6056       | 1.3738   |           
335    | 3.0144     | 0.4936     | 1.2535       | 1.2674       | 0.9448     | 0.5798       | 1.3601   |           
336    | 3.0151     | 0.5005     | 1.2455       | 1.2692       | 0.9688     | 0.5697       | 1.4113   |           
337    | 3.1257     | 0.5776     | 1.2615       | 1.2865       | 0.9688     | 0.6014       | 1.3091   |           
338    | 3.1036     | 0.5576     | 1.2616       | 1.2844       | 0.9740     | 0.5973       | 1.2122   |           
339    | 3.0445     | 0.5057     | 1.2711       | 1.2677       | 0.9635     | 0.5845       | 1.2362   |           
340    | 3.0686     | 0.5328     | 1.2620       | 1.2737       | 0.9750     | 0.6220       | 1.2613   |           
341    | 3.0531     | 0.5034     | 1.2718       | 1.2778       | 0.9698     | 0.7144       | 1.2254   |           
342    | 3.0576     | 0.5030     | 1.2694       | 1.2852       | 0.9635     | 0.6284       | 1.2824   |           
343    | 3.0472     | 0.5040     | 1.2690       | 1.2742       | 0.9604     | 0.6297       | 1.2560   |           
344    | 3.0999     | 0.5506     | 1.2762       | 1.2731       | 0.9615     | 0.6284       | 1.2154   |           
345    | 3.1101     | 0.5520     | 1.2839       | 1.2741       | 0.9708     | 0.5900       | 1.2033   |           
346    | 3.0501     | 0.5090     | 1.2763       | 1.2649       | 0.9771     | 0.6064       | 1.2368   |           
347    | 3.0595     | 0.4985     | 1.2875       | 1.2735       | 0.9698     | 0.6006       | 1.2750   |           
348    | 3.0694     | 0.5117     | 1.2865       | 1.2712       | 0.9771     | 0.5690       | 1.3366   |           
349    | 3.0839     | 0.5101     | 1.2838       | 1.2900       | 0.9698     | 0.6393       | 1.2625   |           
350    | 3.1336     | 0.5744     | 1.2826       | 1.2765       | 0.9479     | 0.6615       | 1.3807   |           
351    | 3.0723     | 0.5279     | 1.2707       | 1.2737       | 0.9781     | 0.5780       | 1.3912   |           
352    | 3.0836     | 0.5268     | 1.2818       | 1.2750       | 0.9563     | 0.6484       | 1.2515   |           
353    | 3.0346     | 0.4833     | 1.2757       | 1.2756       | 0.9688     | 0.6302       | 1.3838   |           
354    | 3.0550     | 0.5021     | 1.2662       | 1.2868       | 0.9677     | 0.6446       | 1.2252   |           
355    | 3.0757     | 0.5020     | 1.2814       | 1.2922       | 0.9719     | 0.5545       | 1.3073   |           
356    | 3.0572     | 0.4952     | 1.2719       | 1.2901       | 0.9708     | 0.6544       | 1.2735   |           
357    | 3.0431     | 0.4962     | 1.2727       | 1.2742       | 0.9729     | 0.5777       | 1.2004   |           
358    | 3.0306     | 0.4786     | 1.2802       | 1.2719       | 0.9771     | 0.6279       | 1.4409   |           
359    | 3.0479     | 0.4768     | 1.2869       | 1.2841       | 0.9698     | 0.6083       | 1.4280   |           
360    | 3.0425     | 0.4963     | 1.2726       | 1.2736       | 0.9760     | 0.5837       | 1.4907   |           
361    | 3.0488     | 0.4984     | 1.2837       | 1.2667       | 0.9771     | 0.6055       | 1.4836   |           
362    | 3.0517     | 0.5071     | 1.2818       | 1.2627       | 0.9729     | 0.6038       | 1.4614   |           
363    | 3.0158     | 0.4742     | 1.2733       | 1.2683       | 0.9750     | 0.5991       | 1.3379   |           
364    | 3.0332     | 0.4817     | 1.2808       | 1.2707       | 0.9656     | 0.5772       | 1.4245   |           
365    | 3.0187     | 0.4635     | 1.2796       | 1.2756       | 0.9719     | 0.5725       | 1.3721   |           
366    | 3.0296     | 0.4791     | 1.2801       | 1.2705       | 0.9729     | 0.5664       | 1.3823   |           
367    | 3.0522     | 0.5015     | 1.2866       | 1.2640       | 0.9688     | 0.5845       | 1.3193   |           
368    | 3.0505     | 0.5075     | 1.2823       | 1.2606       | 0.9760     | 0.5543       | 1.2875   |           
369    | 3.0106     | 0.4627     | 1.2842       | 1.2637       | 0.9750     | 0.5597       | 1.3728   |           
370    | 3.0855     | 0.5148     | 1.2929       | 1.2779       | 0.9729     | 0.5922       | 1.3823   |           
371    | 3.1067     | 0.5448     | 1.2858       | 1.2760       | 0.9750     | 0.5741       | 1.3209   |           
372    | 3.0332     | 0.4763     | 1.2798       | 1.2772       | 0.9604     | 0.6598       | 1.3628   |           
373    | 3.0495     | 0.4783     | 1.2804       | 1.2908       | 0.9646     | 0.5771       | 1.3784   |           
374    | 3.0313     | 0.4737     | 1.2753       | 1.2822       | 0.9656     | 0.5787       | 1.2830   |           
375    | 3.0500     | 0.4704     | 1.2944       | 1.2851       | 0.9781     | 0.6174       | 1.2329   |           
376    | 3.0576     | 0.4800     | 1.2846       | 1.2930       | 0.9667     | 0.5823       | 1.3028   |           
377    | 3.0785     | 0.5017     | 1.2828       | 1.2940       | 0.9698     | 0.5730       | 1.3077   |           
378    | 3.1235     | 0.5489     | 1.2849       | 1.2897       | 0.9771     | 0.5896       | 1.2977   |           
379    | 3.0824     | 0.5193     | 1.2805       | 1.2826       | 0.9750     | 0.5999       | 1.3241   |           
380    | 3.0380     | 0.4628     | 1.2883       | 1.2869       | 0.9688     | 0.5618       | 1.2776   |           
381    | 3.0757     | 0.4939     | 1.2885       | 1.2933       | 0.9740     | 0.5645       | 1.3618   |           
382    | 3.0594     | 0.4776     | 1.2980       | 1.2837       | 0.9708     | 0.5348       | 1.3158   |           
383    | 3.0894     | 0.5210     | 1.2775       | 1.2909       | 0.9698     | 0.5803       | 1.2519   |           
384    | 3.0487     | 0.4809     | 1.2747       | 1.2931       | 0.9781     | 0.5655       | 1.2382   |           
385    | 3.0295     | 0.4782     | 1.2652       | 1.2861       | 0.9771     | 0.5508       | 1.2735   |           
386    | 3.0556     | 0.4736     | 1.2782       | 1.3038       | 0.9740     | 0.5553       | 1.3400   |           
387    | 3.0488     | 0.4735     | 1.2826       | 1.2926       | 0.9677     | 0.5575       | 1.3253   |           
388    | 3.0431     | 0.4695     | 1.2793       | 1.2942       | 0.9781     | 0.5524       | 1.2495   |           
389    | 3.0996     | 0.5195     | 1.2881       | 1.2920       | 0.9698     | 0.5269       | 1.3226   |           
390    | 3.0664     | 0.4824     | 1.2841       | 1.3000       | 0.9729     | 0.5956       | 1.2654   |           
391    | 3.0820     | 0.4917     | 1.2849       | 1.3054       | 0.9760     | 0.5445       | 1.3018   |           
392    | 3.0455     | 0.4735     | 1.2785       | 1.2935       | 0.9656     | 0.5814       | 1.3357   |           
393    | 3.0484     | 0.4724     | 1.2785       | 1.2975       | 0.9698     | 0.5812       | 1.2949   |           
394    | 3.0583     | 0.4899     | 1.2787       | 1.2898       | 0.9677     | 0.6144       | 1.3001   |           
395    | 3.0705     | 0.4887     | 1.2858       | 1.2960       | 0.9740     | 0.6048       | 1.2153   |           
396    | 3.0812     | 0.4920     | 1.2900       | 1.2993       | 0.9656     | 0.6173       | 1.2874   |           
397    | 3.0690     | 0.4748     | 1.2990       | 1.2952       | 0.9823     | 0.5741       | 1.2904   |           
398    | 3.0898     | 0.4913     | 1.2920       | 1.3064       | 0.9719     | 0.5875       | 1.2836   |           
399    | 3.0975     | 0.5024     | 1.2949       | 1.3002       | 0.9646     | 0.5502       | 1.2691   |           
400    | 3.0759     | 0.4858     | 1.2869       | 1.3032       | 0.9677     | 0.6053       | 1.2402   |           
Seed 42 | Src Acc: 96.7347 | Src MDE: 0.0656 | Tgt Acc: 22.2449 | Tgt MDE: 1.3810
Start Training Seed 6767...

Start CDAN+E Training... (Entropy Conditioning Enabled)
Epoch  | Total Loss | Tr Cls     | Tr Dom RSSI  | Tr Dom RTT   | Val T Acc  | Val T Entropy | Test MDE
------------------------------------------------------------------------------------------------------------------------
1      | 6.6460     | 3.8842     | 1.3699       | 1.3919       | 0.4885     | 3.7588       | 1.7683   |           
2      | 5.8479     | 3.1900     | 1.2984       | 1.3595       | 0.7177     | 3.6634       | 1.2278   |           
3      | 5.3140     | 2.7551     | 1.2264       | 1.3324       | 0.7865     | 3.5380       | 1.1590   |           
4      | 4.8812     | 2.4024     | 1.1671       | 1.3117       | 0.8562     | 3.3611       | 1.1884   |           
5      | 4.5079     | 2.1172     | 1.1088       | 1.2819       | 0.8854     | 3.1820       | 1.1951   |           
6      | 4.2125     | 1.9051     | 1.0485       | 1.2589       | 0.9062     | 2.9934       | 1.1469   |           
7      | 3.9776     | 1.7436     | 1.0060       | 1.2280       | 0.9250     | 2.8124       | 1.3408   |           
8      | 3.7762     | 1.5842     | 0.9789       | 1.2131       | 0.9281     | 2.6510       | 1.2288   |           
9      | 3.5905     | 1.4510     | 0.9484       | 1.1911       | 0.9406     | 2.4525       | 1.2617   |           
10     | 3.4707     | 1.3654     | 0.9507       | 1.1546       | 0.9365     | 2.4145       | 1.2291   |           
11     | 3.3381     | 1.2539     | 0.9310       | 1.1531       | 0.9365     | 2.2915       | 1.1804   | (ADV -0.21)
12     | 3.2938     | 1.2339     | 0.9186       | 1.1413       | 0.9406     | 2.1959       | 1.2971   | (ADV -0.16)
13     | 3.2473     | 1.1865     | 0.9209       | 1.1398       | 0.9292     | 2.0305       | 1.2780   | (ADV -0.09)
14     | 3.0747     | 1.0896     | 0.8877       | 1.0975       | 0.9375     | 1.9582       | 1.2307   | (ADV -0.04)
15     | 3.0426     | 1.0535     | 0.8717       | 1.1174       | 0.9437     | 1.9168       | 1.2709   | (ADV -0.01)
16     | 2.9566     | 1.0172     | 0.8564       | 1.0829       | 0.9458     | 1.8256       | 1.1590   | (ADV 0.03)
17     | 2.9296     | 0.9903     | 0.8700       | 1.0694       | 0.9479     | 1.7151       | 1.2428   | (ADV 0.09)
18     | 2.9252     | 0.9691     | 0.8680       | 1.0881       | 0.9458     | 1.6532       | 1.3040   | (ADV 0.12)
19     | 2.8389     | 0.8908     | 0.8770       | 1.0710       | 0.9469     | 1.6459       | 1.3108   | (ADV 0.12)
20     | 2.8244     | 0.8997     | 0.8721       | 1.0526       | 0.9427     | 1.5315       | 1.2999   | (ADV 0.18)
21     | 2.8210     | 0.8730     | 0.8912       | 1.0568       | 0.9500     | 1.4846       | 1.2958   | (ADV 0.21)
22     | 2.8001     | 0.8803     | 0.8709       | 1.0489       | 0.9531     | 1.4416       | 1.2727   | (ADV 0.23)
23     | 2.8274     | 0.8616     | 0.9074       | 1.0584       | 0.9437     | 1.5042       | 1.2228   |           
24     | 2.8016     | 0.8307     | 0.9043       | 1.0665       | 0.9437     | 1.4432       | 1.2868   |           
25     | 2.7610     | 0.7931     | 0.9048       | 1.0630       | 0.9500     | 1.3636       | 1.2874   | (ADV 0.27)
26     | 2.7119     | 0.7621     | 0.8987       | 1.0511       | 0.9510     | 1.3451       | 1.2357   | (ADV 0.28)
27     | 2.6906     | 0.7592     | 0.8838       | 1.0477       | 0.9490     | 1.3388       | 1.3257   | (ADV 0.28)
28     | 2.6996     | 0.7415     | 0.8949       | 1.0632       | 0.9479     | 1.3061       | 1.1644   | (ADV 0.29)
29     | 2.7666     | 0.7920     | 0.9042       | 1.0704       | 0.9469     | 1.2954       | 1.2158   | (ADV 0.30)
30     | 2.7255     | 0.7646     | 0.8976       | 1.0633       | 0.9469     | 1.2685       | 1.2403   | (ADV 0.31)
31     | 2.7456     | 0.7531     | 0.9147       | 1.0779       | 0.9448     | 1.2218       | 1.1571   | (ADV 0.33)
32     | 2.7415     | 0.7321     | 0.9322       | 1.0772       | 0.9385     | 1.3999       | 1.1727   |           
33     | 2.7688     | 0.7547     | 0.9397       | 1.0744       | 0.9479     | 1.2164       | 1.3025   | (ADV 0.34)
34     | 2.7492     | 0.7626     | 0.9137       | 1.0730       | 0.9531     | 1.2065       | 1.2890   | (ADV 0.35)
35     | 2.6946     | 0.7161     | 0.9130       | 1.0655       | 0.9406     | 1.2240       | 1.3076   |           
36     | 2.6772     | 0.6902     | 0.9280       | 1.0590       | 0.9427     | 1.2088       | 1.3006   |           
37     | 2.6926     | 0.6920     | 0.9399       | 1.0607       | 0.9531     | 1.1585       | 1.2791   | (ADV 0.37)
38     | 2.7477     | 0.7257     | 0.9420       | 1.0800       | 0.9552     | 1.1525       | 1.2739   | (ADV 0.38)
39     | 2.6893     | 0.6881     | 0.9353       | 1.0659       | 0.9458     | 1.1929       | 1.2811   |           
40     | 2.6807     | 0.6889     | 0.9161       | 1.0757       | 0.9490     | 1.1635       | 1.3278   |           
41     | 2.6517     | 0.6708     | 0.9177       | 1.0632       | 0.9510     | 1.1839       | 1.2766   |           
42     | 2.6658     | 0.6737     | 0.9416       | 1.0505       | 0.9542     | 1.0762       | 1.3434   | (ADV 0.42)
43     | 2.6322     | 0.6457     | 0.9227       | 1.0639       | 0.9521     | 1.0703       | 1.3317   | (ADV 0.42)
44     | 2.6493     | 0.6599     | 0.9207       | 1.0687       | 0.9490     | 1.0653       | 1.4168   |           
45     | 2.6610     | 0.6436     | 0.9359       | 1.0815       | 0.9531     | 1.0401       | 1.1878   | (ADV 0.43)
46     | 2.6520     | 0.6480     | 0.9322       | 1.0718       | 0.9510     | 1.0656       | 1.1386   |           
47     | 2.6309     | 0.6357     | 0.9355       | 1.0597       | 0.9563     | 1.0479       | 1.3220   |           
48     | 2.7039     | 0.6664     | 0.9508       | 1.0867       | 0.9542     | 0.9963       | 1.1815   | (ADV 0.46)
49     | 2.6497     | 0.6286     | 0.9446       | 1.0765       | 0.9490     | 1.0702       | 1.2957   |           
50     | 2.6352     | 0.6209     | 0.9317       | 1.0826       | 0.9542     | 1.0240       | 1.3691   |           
51     | 2.6769     | 0.6425     | 0.9532       | 1.0812       | 0.9573     | 1.0486       | 1.3631   |           
52     | 2.6573     | 0.6503     | 0.9398       | 1.0672       | 0.9552     | 1.0412       | 1.4347   |           
53     | 2.6230     | 0.6243     | 0.9263       | 1.0723       | 0.9458     | 1.0085       | 1.2327   |           
54     | 2.6438     | 0.6310     | 0.9454       | 1.0675       | 0.9500     | 0.9994       | 1.4386   |           
55     | 2.6878     | 0.6630     | 0.9473       | 1.0775       | 0.9531     | 0.9662       | 1.3106   | (ADV 0.47)
56     | 2.6802     | 0.6363     | 0.9670       | 1.0769       | 0.9531     | 1.0077       | 1.3478   |           
57     | 2.6426     | 0.6031     | 0.9598       | 1.0797       | 0.9563     | 0.8841       | 1.3800   | (ADV 0.51)
58     | 2.6589     | 0.6171     | 0.9558       | 1.0860       | 0.9437     | 0.9534       | 1.3155   |           
59     | 2.6943     | 0.6332     | 0.9722       | 1.0889       | 0.9490     | 0.9128       | 1.3334   |           
60     | 2.6648     | 0.5984     | 0.9854       | 1.0810       | 0.9563     | 0.9242       | 1.2507   |           
61     | 2.6552     | 0.6192     | 0.9715       | 1.0645       | 0.9500     | 0.9176       | 1.2047   |           
62     | 2.6822     | 0.6144     | 0.9840       | 1.0838       | 0.9594     | 0.8690       | 1.3387   | (ADV 0.52)
63     | 2.7418     | 0.6432     | 0.9989       | 1.0997       | 0.9594     | 0.9117       | 1.3529   |           
64     | 2.6974     | 0.6023     | 1.0076       | 1.0875       | 0.9510     | 0.8779       | 1.2814   |           
65     | 2.7364     | 0.6210     | 1.0194       | 1.0960       | 0.9583     | 0.8510       | 1.3791   | (ADV 0.53)
66     | 2.6999     | 0.6064     | 0.9978       | 1.0957       | 0.9552     | 0.9455       | 1.2860   |           
67     | 2.7557     | 0.6348     | 1.0109       | 1.1100       | 0.9583     | 0.8853       | 1.4053   |           
68     | 2.8218     | 0.6852     | 1.0172       | 1.1194       | 0.9448     | 0.8415       | 1.4314   |           
69     | 2.7428     | 0.6335     | 1.0075       | 1.1018       | 0.9604     | 0.8388       | 1.4704   | (ADV 0.54)
70     | 2.7260     | 0.6094     | 1.0078       | 1.1088       | 0.9510     | 0.8871       | 1.4510   |           
71     | 2.7139     | 0.5991     | 1.0163       | 1.0985       | 0.9552     | 0.8607       | 1.3554   |           
72     | 2.7422     | 0.6149     | 1.0309       | 1.0963       | 0.9573     | 0.8718       | 1.3465   |           
73     | 2.7861     | 0.6342     | 1.0339       | 1.1180       | 0.9531     | 0.8866       | 1.4026   |           
74     | 2.8123     | 0.6368     | 1.0435       | 1.1320       | 0.9594     | 0.8265       | 1.4268   | (ADV 0.55)
75     | 2.7759     | 0.6371     | 1.0273       | 1.1115       | 0.9458     | 0.8503       | 1.5548   |           
76     | 2.7472     | 0.6098     | 1.0351       | 1.1023       | 0.9521     | 0.9156       | 1.3295   |           
77     | 2.7868     | 0.6317     | 1.0340       | 1.1210       | 0.9573     | 0.8401       | 1.4157   |           
78     | 2.7082     | 0.5720     | 1.0357       | 1.1005       | 0.9615     | 0.8074       | 1.3946   | (ADV 0.56)
79     | 2.7812     | 0.5909     | 1.0534       | 1.1369       | 0.9646     | 0.8380       | 1.3982   |           
80     | 2.7322     | 0.5983     | 1.0318       | 1.1021       | 0.9500     | 0.8336       | 1.3172   |           
81     | 2.7496     | 0.5840     | 1.0588       | 1.1068       | 0.9510     | 0.8156       | 1.3653   |           
82     | 2.8435     | 0.6532     | 1.0659       | 1.1245       | 0.9521     | 0.8018       | 1.4981   |           
83     | 2.7988     | 0.6202     | 1.0588       | 1.1198       | 0.9552     | 0.7776       | 1.3346   | (ADV 0.57)
84     | 2.8364     | 0.6380     | 1.0719       | 1.1264       | 0.9479     | 0.8349       | 1.4074   |           
85     | 2.8155     | 0.6116     | 1.0778       | 1.1261       | 0.9531     | 0.7847       | 1.4570   |           
86     | 2.7936     | 0.6066     | 1.0583       | 1.1287       | 0.9583     | 0.7868       | 1.3856   |           
87     | 2.8371     | 0.6384     | 1.0685       | 1.1302       | 0.9469     | 0.8038       | 1.3770   |           
88     | 2.7980     | 0.6146     | 1.0631       | 1.1203       | 0.9448     | 0.8262       | 1.3479   |           
89     | 2.7799     | 0.6082     | 1.0523       | 1.1194       | 0.9563     | 0.7662       | 1.3304   | (ADV 0.57)
90     | 2.8154     | 0.6085     | 1.0661       | 1.1408       | 0.9625     | 0.7618       | 1.2959   | (ADV 0.58)
91     | 2.8228     | 0.6141     | 1.0859       | 1.1228       | 0.9521     | 0.8403       | 1.2839   |           
92     | 2.7975     | 0.6047     | 1.0661       | 1.1266       | 0.9563     | 0.8091       | 1.3531   |           
93     | 2.7586     | 0.5779     | 1.0541       | 1.1266       | 0.9500     | 0.7919       | 1.4194   |           
94     | 2.8500     | 0.6259     | 1.0745       | 1.1496       | 0.9583     | 0.7714       | 1.3747   |           
95     | 2.7696     | 0.5693     | 1.0711       | 1.1292       | 0.9552     | 0.8224       | 1.3553   |           
96     | 2.8080     | 0.5883     | 1.0923       | 1.1273       | 0.9573     | 0.7764       | 1.4025   |           
97     | 2.8222     | 0.6148     | 1.0789       | 1.1285       | 0.9490     | 0.7791       | 1.3200   |           
98     | 2.8262     | 0.5970     | 1.0893       | 1.1399       | 0.9552     | 0.7966       | 1.3137   |           
99     | 2.8320     | 0.5995     | 1.0957       | 1.1368       | 0.9552     | 0.7529       | 1.3417   |           
100    | 2.8100     | 0.5846     | 1.1035       | 1.1218       | 0.9604     | 0.7801       | 1.3180   |           
101    | 2.8472     | 0.5979     | 1.1070       | 1.1424       | 0.9594     | 0.7926       | 1.3978   |           
102    | 2.8578     | 0.6044     | 1.1042       | 1.1492       | 0.9406     | 0.7946       | 1.3578   |           
103    | 2.8493     | 0.6077     | 1.1044       | 1.1373       | 0.9354     | 0.7921       | 1.3926   |           
104    | 2.8814     | 0.6272     | 1.1098       | 1.1444       | 0.9448     | 0.7743       | 1.5029   |           
105    | 2.8402     | 0.5976     | 1.1179       | 1.1247       | 0.9427     | 0.7922       | 1.4058   |           
106    | 2.9362     | 0.6689     | 1.1208       | 1.1465       | 0.9573     | 0.8003       | 1.2339   |           
107    | 2.7649     | 0.5387     | 1.0931       | 1.1332       | 0.9385     | 0.8040       | 1.3273   |           
108    | 2.8862     | 0.6296     | 1.0984       | 1.1582       | 0.9354     | 0.8441       | 1.3633   |           
109    | 2.9472     | 0.6514     | 1.1250       | 1.1708       | 0.9510     | 0.7411       | 1.2848   |           
110    | 2.9220     | 0.6415     | 1.1173       | 1.1631       | 0.9427     | 0.7713       | 1.4193   |           
111    | 2.8509     | 0.5853     | 1.1087       | 1.1570       | 0.9531     | 0.7121       | 1.3291   | (ADV 0.60)
112    | 2.8333     | 0.5985     | 1.0988       | 1.1359       | 0.9500     | 0.7430       | 1.3818   |           
113    | 2.9388     | 0.6457     | 1.1358       | 1.1573       | 0.9594     | 0.7284       | 1.3948   |           
114    | 2.8564     | 0.5855     | 1.1278       | 1.1431       | 0.9635     | 0.7095       | 1.3068   | (ADV 0.61)
115    | 2.9018     | 0.6041     | 1.1281       | 1.1696       | 0.9573     | 0.7398       | 1.4171   |           
116    | 2.8929     | 0.5790     | 1.1386       | 1.1753       | 0.9552     | 0.7554       | 1.4331   |           
117    | 2.8825     | 0.5981     | 1.1118       | 1.1726       | 0.9552     | 0.6834       | 1.3962   | (ADV 0.61)
118    | 2.8797     | 0.6081     | 1.1165       | 1.1551       | 0.9531     | 0.7032       | 1.4589   |           
119    | 2.9314     | 0.6263     | 1.1308       | 1.1743       | 0.9437     | 0.7413       | 1.3859   |           
120    | 2.8819     | 0.5872     | 1.1351       | 1.1596       | 0.9500     | 0.7366       | 1.3601   |           
121    | 2.9294     | 0.6248     | 1.1377       | 1.1670       | 0.9625     | 0.6740       | 1.3740   | (ADV 0.63)
122    | 2.9764     | 0.6564     | 1.1540       | 1.1660       | 0.9510     | 0.7305       | 1.4537   |           
123    | 2.9205     | 0.6420     | 1.1183       | 1.1602       | 0.9563     | 0.7234       | 1.3707   |           
124    | 2.8900     | 0.6201     | 1.1081       | 1.1619       | 0.9552     | 0.7988       | 1.2827   |           
125    | 2.8768     | 0.5837     | 1.1275       | 1.1656       | 0.9573     | 0.7329       | 1.3691   |           
126    | 2.8746     | 0.5823     | 1.1277       | 1.1646       | 0.9531     | 0.7013       | 1.3749   |           
127    | 2.8757     | 0.5601     | 1.1424       | 1.1733       | 0.9563     | 0.6840       | 1.3127   |           
128    | 2.8866     | 0.5998     | 1.1140       | 1.1728       | 0.9521     | 0.6972       | 1.3327   |           
129    | 2.9601     | 0.6474     | 1.1339       | 1.1788       | 0.9490     | 0.7649       | 1.3602   |           
130    | 2.9396     | 0.6101     | 1.1363       | 1.1932       | 0.9417     | 0.7954       | 1.3239   |           
131    | 2.9792     | 0.6447     | 1.1408       | 1.1938       | 0.9563     | 0.7436       | 1.4367   |           
132    | 2.8826     | 0.5664     | 1.1089       | 1.2073       | 0.9625     | 0.7434       | 1.3697   |           
133    | 2.8767     | 0.5535     | 1.1464       | 1.1769       | 0.9563     | 0.7628       | 1.3189   |           
134    | 2.9492     | 0.6256     | 1.1472       | 1.1763       | 0.9594     | 0.7925       | 1.3720   |           
135    | 2.8916     | 0.5691     | 1.1565       | 1.1660       | 0.9552     | 0.8048       | 1.4125   |           
136    | 2.8962     | 0.5889     | 1.1365       | 1.1708       | 0.9552     | 0.7718       | 1.3361   |           
137    | 2.9081     | 0.5898     | 1.1570       | 1.1612       | 0.9521     | 0.7203       | 1.4377   |           
138    | 2.9217     | 0.6037     | 1.1501       | 1.1679       | 0.9396     | 0.7611       | 1.3631   |           
139    | 2.9017     | 0.5689     | 1.1506       | 1.1822       | 0.9469     | 0.6889       | 1.4758   |           
140    | 2.9560     | 0.6233     | 1.1579       | 1.1748       | 0.9531     | 0.7227       | 1.4736   |           
141    | 2.8838     | 0.5665     | 1.1419       | 1.1754       | 0.9531     | 0.7446       | 1.3806   |           
142    | 2.9351     | 0.5798     | 1.1737       | 1.1817       | 0.9354     | 0.6744       | 1.4501   |           
143    | 2.9988     | 0.6275     | 1.1840       | 1.1874       | 0.9552     | 0.6909       | 1.4605   |           
144    | 2.9637     | 0.6065     | 1.1622       | 1.1950       | 0.9594     | 0.6726       | 1.5153   |           
145    | 2.9046     | 0.5628     | 1.1567       | 1.1851       | 0.9583     | 0.6881       | 1.3949   |           
146    | 2.9293     | 0.5690     | 1.1690       | 1.1914       | 0.9573     | 0.7182       | 1.4103   |           
147    | 2.9709     | 0.6085     | 1.1675       | 1.1950       | 0.9573     | 0.6645       | 1.4349   |           
148    | 2.9980     | 0.6211     | 1.1837       | 1.1933       | 0.9510     | 0.6766       | 1.3687   |           
149    | 2.9019     | 0.5661     | 1.1527       | 1.1832       | 0.9198     | 0.7645       | 1.2297   |           
150    | 2.9203     | 0.5568     | 1.1761       | 1.1873       | 0.9646     | 0.6828       | 1.4206   |           
151    | 2.9499     | 0.5862     | 1.1736       | 1.1900       | 0.9500     | 0.7194       | 1.3807   |           
152    | 2.9631     | 0.5959     | 1.1689       | 1.1983       | 0.9563     | 0.7088       | 1.4189   |           
153    | 2.9765     | 0.6088     | 1.1849       | 1.1829       | 0.9510     | 0.7243       | 1.4136   |           
154    | 2.9371     | 0.5729     | 1.1772       | 1.1871       | 0.9615     | 0.6949       | 1.4405   |           
155    | 2.9012     | 0.5569     | 1.1637       | 1.1806       | 0.9281     | 0.7076       | 1.3930   |           
156    | 2.8849     | 0.5472     | 1.1623       | 1.1755       | 0.9292     | 0.7422       | 1.3450   |           
157    | 2.8988     | 0.5596     | 1.1642       | 1.1751       | 0.9583     | 0.7210       | 1.3545   |           
158    | 2.9636     | 0.5939     | 1.1749       | 1.1948       | 0.9531     | 0.7486       | 1.4276   |           
159    | 2.8792     | 0.5452     | 1.1547       | 1.1793       | 0.9531     | 0.6893       | 1.3748   |           
160    | 2.9317     | 0.5869     | 1.1688       | 1.1760       | 0.9573     | 0.7302       | 1.3882   |           
161    | 2.8734     | 0.5474     | 1.1661       | 1.1599       | 0.9448     | 0.7735       | 1.3296   |           
162    | 2.8846     | 0.5426     | 1.1632       | 1.1788       | 0.9594     | 0.6735       | 1.4239   |           
163    | 2.9410     | 0.5850     | 1.1751       | 1.1809       | 0.9573     | 0.7795       | 1.4498   |           
164    | 2.9448     | 0.5988     | 1.1715       | 1.1746       | 0.9667     | 0.7216       | 1.3235   |           
165    | 2.9317     | 0.5872     | 1.1503       | 1.1942       | 0.9594     | 0.6821       | 1.3057   |           
166    | 2.9419     | 0.5840     | 1.1731       | 1.1848       | 0.9604     | 0.7168       | 1.3879   |           
167    | 2.8970     | 0.5458     | 1.1776       | 1.1735       | 0.9594     | 0.7050       | 1.2958   |           
168    | 2.9300     | 0.5681     | 1.1788       | 1.1831       | 0.9563     | 0.7064       | 1.3173   |           
169    | 2.9058     | 0.5524     | 1.1726       | 1.1808       | 0.9615     | 0.7259       | 1.3773   |           
170    | 2.9458     | 0.5839     | 1.1830       | 1.1789       | 0.9531     | 0.7518       | 1.3150   |           
171    | 2.9372     | 0.5650     | 1.1685       | 1.2038       | 0.9583     | 0.6849       | 1.5040   |           
172    | 2.9505     | 0.5842     | 1.1734       | 1.1928       | 0.9469     | 0.7285       | 1.2953   |           
173    | 2.9230     | 0.5803     | 1.1576       | 1.1851       | 0.9594     | 0.6638       | 1.3144   | (ADV 0.63)
174    | 2.9114     | 0.5587     | 1.1701       | 1.1826       | 0.9583     | 0.6877       | 1.3774   |           
175    | 2.9423     | 0.5660     | 1.1895       | 1.1868       | 0.9521     | 0.6851       | 1.3810   |           
176    | 2.9589     | 0.5835     | 1.1833       | 1.1922       | 0.9552     | 0.6748       | 1.3438   |           
177    | 2.8820     | 0.5465     | 1.1629       | 1.1726       | 0.9615     | 0.6921       | 1.3060   |           
178    | 2.9360     | 0.5606     | 1.1929       | 1.1825       | 0.9604     | 0.6971       | 1.4829   |           
179    | 2.9197     | 0.5620     | 1.1828       | 1.1749       | 0.9594     | 0.6337       | 1.3996   | (ADV 0.64)
180    | 2.9708     | 0.5921     | 1.1921       | 1.1866       | 0.9490     | 0.7415       | 1.3584   |           
181    | 2.9298     | 0.5521     | 1.1884       | 1.1893       | 0.9635     | 0.6650       | 1.4106   |           
182    | 2.9406     | 0.5702     | 1.1802       | 1.1902       | 0.9615     | 0.6482       | 1.5044   |           
183    | 2.9553     | 0.5847     | 1.1888       | 1.1818       | 0.9563     | 0.6731       | 1.5679   |           
184    | 3.0274     | 0.6265     | 1.1895       | 1.2114       | 0.9604     | 0.7299       | 1.4120   |           
185    | 2.9045     | 0.5566     | 1.1714       | 1.1765       | 0.9573     | 0.7143       | 1.3020   |           
186    | 2.9724     | 0.5758     | 1.1953       | 1.2013       | 0.9552     | 0.6582       | 1.3509   |           
187    | 2.9511     | 0.5619     | 1.1831       | 1.2061       | 0.9646     | 0.6406       | 1.4635   | (ADV 0.64)
188    | 2.9233     | 0.5543     | 1.1863       | 1.1827       | 0.9542     | 0.6903       | 1.4701   |           
189    | 2.9652     | 0.5749     | 1.1760       | 1.2143       | 0.9635     | 0.7044       | 1.3889   |           
190    | 2.9387     | 0.5777     | 1.1780       | 1.1829       | 0.9625     | 0.7493       | 1.4147   |           
191    | 2.9169     | 0.5346     | 1.1877       | 1.1947       | 0.9594     | 0.6806       | 1.4602   |           
192    | 2.8926     | 0.5358     | 1.1807       | 1.1761       | 0.9552     | 0.6420       | 1.4891   |           
193    | 2.9125     | 0.5700     | 1.1650       | 1.1775       | 0.9573     | 0.7320       | 1.4057   |           
194    | 2.9456     | 0.5754     | 1.1889       | 1.1813       | 0.9615     | 0.6393       | 1.4258   |           
195    | 2.9501     | 0.6055     | 1.1665       | 1.1781       | 0.9427     | 0.7009       | 1.3519   |           
196    | 2.9419     | 0.5856     | 1.1751       | 1.1813       | 0.9510     | 0.6906       | 1.3298   |           
197    | 2.8767     | 0.5513     | 1.1729       | 1.1525       | 0.9531     | 0.7065       | 1.4037   |           
198    | 2.9135     | 0.5652     | 1.1743       | 1.1741       | 0.9625     | 0.6986       | 1.3922   |           
199    | 2.8632     | 0.5035     | 1.1938       | 1.1659       | 0.9427     | 0.6691       | 1.4685   |           
200    | 2.9165     | 0.5476     | 1.1860       | 1.1829       | 0.9563     | 0.6183       | 1.3890   | (ADV 0.65)
201    | 2.9069     | 0.5518     | 1.1757       | 1.1795       | 0.9563     | 0.6379       | 1.4056   |           
202    | 2.8952     | 0.5569     | 1.1752       | 1.1630       | 0.9573     | 0.6597       | 1.4522   |           
203    | 2.9177     | 0.5599     | 1.1824       | 1.1754       | 0.9406     | 0.6624       | 1.4605   |           
204    | 2.9028     | 0.5636     | 1.1769       | 1.1623       | 0.9521     | 0.6700       | 1.4796   |           
205    | 2.9229     | 0.5506     | 1.2001       | 1.1722       | 0.9521     | 0.6845       | 1.3464   |           
206    | 2.9510     | 0.5855     | 1.1824       | 1.1831       | 0.9396     | 0.6617       | 1.4191   |           
207    | 2.9429     | 0.5593     | 1.1974       | 1.1861       | 0.9417     | 0.6953       | 1.3703   |           
208    | 2.9149     | 0.5671     | 1.1798       | 1.1680       | 0.9615     | 0.7012       | 1.3439   |           
209    | 2.9056     | 0.5469     | 1.1884       | 1.1702       | 0.9552     | 0.6738       | 1.3700   |           
210    | 2.9326     | 0.5545     | 1.1774       | 1.2008       | 0.9615     | 0.6388       | 1.4520   |           
211    | 2.9289     | 0.5575     | 1.1880       | 1.1835       | 0.9510     | 0.6979       | 1.3354   |           
212    | 2.9270     | 0.5413     | 1.1863       | 1.1993       | 0.9500     | 0.6928       | 1.3159   |           
213    | 2.8541     | 0.5076     | 1.1718       | 1.1747       | 0.9510     | 0.6715       | 1.3858   |           
214    | 2.9822     | 0.5823     | 1.1966       | 1.2033       | 0.9542     | 0.6412       | 1.4228   |           
215    | 2.9394     | 0.5456     | 1.1915       | 1.2022       | 0.9552     | 0.6676       | 1.4136   |           
216    | 2.9567     | 0.5706     | 1.1876       | 1.1985       | 0.9448     | 0.7035       | 1.4019   |           
217    | 2.9550     | 0.5596     | 1.1891       | 1.2063       | 0.9458     | 0.6821       | 1.2983   |           
218    | 2.9498     | 0.5463     | 1.1936       | 1.2100       | 0.9417     | 0.7035       | 1.3285   |           
219    | 2.9537     | 0.5460     | 1.1990       | 1.2087       | 0.9396     | 0.6814       | 1.3737   |           
220    | 2.9932     | 0.5783     | 1.1979       | 1.2169       | 0.9479     | 0.6572       | 1.4454   |           
221    | 2.9761     | 0.5691     | 1.1884       | 1.2186       | 0.9510     | 0.6371       | 1.5712   |           
222    | 2.9324     | 0.5461     | 1.1898       | 1.1965       | 0.8917     | 0.7608       | 1.3884   |           
223    | 2.9119     | 0.5370     | 1.1879       | 1.1869       | 0.9490     | 0.6856       | 1.3222   |           
224    | 2.9186     | 0.5387     | 1.1905       | 1.1894       | 0.9500     | 0.6659       | 1.4561   |           
225    | 2.9292     | 0.5280     | 1.2014       | 1.1999       | 0.9531     | 0.6735       | 1.4300   |           
226    | 2.9744     | 0.5701     | 1.2009       | 1.2034       | 0.9615     | 0.6685       | 1.4894   |           
227    | 2.9680     | 0.5409     | 1.2078       | 1.2193       | 0.9469     | 0.6764       | 1.3416   |           
228    | 2.9492     | 0.5359     | 1.2024       | 1.2109       | 0.9542     | 0.6142       | 1.3655   |           
229    | 2.9762     | 0.5541     | 1.2048       | 1.2173       | 0.9573     | 0.6514       | 1.3575   |           
230    | 2.9634     | 0.5500     | 1.1961       | 1.2173       | 0.9563     | 0.6669       | 1.3620   |           
231    | 2.9498     | 0.5456     | 1.1941       | 1.2101       | 0.9573     | 0.6862       | 1.3879   |           
232    | 2.9488     | 0.5466     | 1.1899       | 1.2123       | 0.9583     | 0.6472       | 1.3707   |           
233    | 2.9872     | 0.5803     | 1.1906       | 1.2163       | 0.9510     | 0.7095       | 1.4127   |           
234    | 2.9892     | 0.5797     | 1.1986       | 1.2110       | 0.9510     | 0.7094       | 1.4061   |           
235    | 2.9501     | 0.5430     | 1.1953       | 1.2119       | 0.9604     | 0.6616       | 1.4624   |           
236    | 2.9115     | 0.5137     | 1.1931       | 1.2047       | 0.9542     | 0.6797       | 1.4355   |           
237    | 2.9057     | 0.5170     | 1.1885       | 1.2001       | 0.9583     | 0.6293       | 1.4202   |           
238    | 2.9713     | 0.5719     | 1.1885       | 1.2109       | 0.9521     | 0.6166       | 1.4484   |           
239    | 2.9306     | 0.5390     | 1.1855       | 1.2061       | 0.9635     | 0.5999       | 1.4520   | (ADV 0.66)
240    | 2.9230     | 0.5153     | 1.2027       | 1.2051       | 0.9563     | 0.5414       | 1.4675   | (ADV 0.69)
241    | 2.9151     | 0.5395     | 1.1883       | 1.1873       | 0.9469     | 0.6172       | 1.4524   |           
242    | 2.8900     | 0.5143     | 1.1901       | 1.1856       | 0.9583     | 0.6247       | 1.4787   |           
243    | 2.9293     | 0.5244     | 1.1892       | 1.2156       | 0.9573     | 0.5892       | 1.4178   |           
244    | 2.9696     | 0.5458     | 1.2283       | 1.1955       | 0.9542     | 0.6397       | 1.4523   |           
245    | 2.9525     | 0.5525     | 1.2087       | 1.1913       | 0.9594     | 0.6414       | 1.4329   |           
246    | 2.9188     | 0.5101     | 1.2101       | 1.1986       | 0.9594     | 0.6689       | 1.3520   |           
247    | 2.9646     | 0.5568     | 1.2040       | 1.2038       | 0.9542     | 0.6449       | 1.4602   |           
248    | 2.9788     | 0.5503     | 1.2125       | 1.2160       | 0.9542     | 0.6578       | 1.4337   |           
249    | 2.9671     | 0.5266     | 1.2287       | 1.2118       | 0.9521     | 0.6726       | 1.3139   |           
250    | 2.9718     | 0.5532     | 1.2240       | 1.1947       | 0.9500     | 0.6860       | 1.2904   |           
251    | 2.9751     | 0.5492     | 1.2194       | 1.2065       | 0.9563     | 0.6140       | 1.3150   |           
252    | 3.0025     | 0.5754     | 1.2039       | 1.2232       | 0.9458     | 0.6014       | 1.3966   |           
253    | 2.9415     | 0.5471     | 1.1992       | 1.1952       | 0.9448     | 0.6198       | 1.4038   |           
254    | 2.9774     | 0.5426     | 1.2039       | 1.2309       | 0.9531     | 0.6293       | 1.3442   |           
255    | 2.9460     | 0.5175     | 1.2097       | 1.2188       | 0.9490     | 0.6443       | 1.3308   |           
256    | 2.9220     | 0.4955     | 1.2221       | 1.2043       | 0.9583     | 0.5888       | 1.4952   |           
257    | 2.9568     | 0.5394     | 1.1948       | 1.2226       | 0.9510     | 0.6425       | 1.4680   |           
258    | 2.9027     | 0.5049     | 1.2025       | 1.1954       | 0.9479     | 0.6743       | 1.3578   |           
259    | 3.0439     | 0.6030     | 1.2220       | 1.2188       | 0.9573     | 0.7150       | 1.3931   |           
260    | 2.9779     | 0.5500     | 1.2011       | 1.2268       | 0.9573     | 0.6712       | 1.3949   |           
261    | 2.9757     | 0.5512     | 1.2044       | 1.2201       | 0.9448     | 0.7469       | 1.3289   |           
262    | 2.9822     | 0.5506     | 1.2165       | 1.2152       | 0.9500     | 0.7120       | 1.3850   |           
263    | 2.9408     | 0.4971     | 1.2372       | 1.2065       | 0.9406     | 0.7263       | 1.2557   |           
264    | 2.9333     | 0.5010     | 1.2255       | 1.2069       | 0.9510     | 0.6248       | 1.4295   |           
265    | 3.0896     | 0.6170     | 1.2448       | 1.2278       | 0.9542     | 0.6907       | 1.2658   |           
266    | 3.0438     | 0.5928     | 1.2329       | 1.2181       | 0.9604     | 0.6477       | 1.3258   |           
267    | 2.9943     | 0.5437     | 1.2308       | 1.2197       | 0.9583     | 0.6585       | 1.3402   |           
268    | 3.0426     | 0.5970     | 1.2321       | 1.2135       | 0.9510     | 0.6725       | 1.3489   |           
269    | 2.9483     | 0.5199     | 1.2222       | 1.2062       | 0.9604     | 0.6530       | 1.3240   |           
270    | 2.9608     | 0.5323     | 1.2191       | 1.2094       | 0.9646     | 0.6640       | 1.3536   |           
271    | 2.9496     | 0.5025     | 1.2318       | 1.2153       | 0.9469     | 0.7097       | 1.3020   |           
272    | 3.0084     | 0.5725     | 1.2249       | 1.2111       | 0.9573     | 0.6274       | 1.3114   |           
273    | 2.9513     | 0.5362     | 1.2251       | 1.1901       | 0.9625     | 0.6702       | 1.4133   |           
274    | 2.9812     | 0.5522     | 1.2270       | 1.2021       | 0.9573     | 0.6728       | 1.3821   |           
275    | 3.0226     | 0.5686     | 1.2397       | 1.2143       | 0.9479     | 0.6411       | 1.3379   |           
276    | 2.9689     | 0.5316     | 1.2226       | 1.2147       | 0.9594     | 0.6455       | 1.4777   |           
277    | 2.9657     | 0.5315     | 1.2187       | 1.2155       | 0.9552     | 0.6279       | 1.4866   |           
278    | 2.9798     | 0.5431     | 1.2183       | 1.2185       | 0.9563     | 0.6019       | 1.4515   |           
279    | 2.9564     | 0.5301     | 1.2186       | 1.2078       | 0.9615     | 0.6421       | 1.3789   |           
280    | 2.9868     | 0.5418     | 1.2130       | 1.2319       | 0.9479     | 0.5980       | 1.4706   |           
281    | 2.9770     | 0.5407     | 1.2125       | 1.2239       | 0.9500     | 0.6625       | 1.4514   |           
282    | 2.9400     | 0.5061     | 1.2208       | 1.2131       | 0.9458     | 0.7012       | 1.3935   |           
283    | 2.9572     | 0.5368     | 1.2104       | 1.2099       | 0.9531     | 0.5834       | 1.5041   |           
284    | 3.0221     | 0.5480     | 1.2421       | 1.2320       | 0.9510     | 0.6254       | 1.4004   |           
285    | 2.9913     | 0.5191     | 1.2399       | 1.2323       | 0.9208     | 0.6745       | 1.2967   |           
286    | 2.9572     | 0.5153     | 1.2223       | 1.2196       | 0.9604     | 0.6619       | 1.3291   |           
287    | 3.0424     | 0.5528     | 1.2383       | 1.2513       | 0.9625     | 0.6325       | 1.3984   |           
288    | 2.9584     | 0.4977     | 1.2385       | 1.2222       | 0.9573     | 0.6751       | 1.4117   |           
289    | 2.9752     | 0.5183     | 1.2267       | 1.2302       | 0.9552     | 0.6949       | 1.4176   |           
290    | 3.0178     | 0.5507     | 1.2325       | 1.2346       | 0.9615     | 0.6178       | 1.3756   |           
291    | 3.0481     | 0.5849     | 1.2338       | 1.2294       | 0.9448     | 0.7297       | 1.4129   |           
292    | 2.9963     | 0.5335     | 1.2251       | 1.2378       | 0.9583     | 0.6592       | 1.5173   |           
293    | 2.9322     | 0.4956     | 1.2147       | 1.2219       | 0.9427     | 0.6672       | 1.4349   |           
294    | 2.9736     | 0.5258     | 1.2275       | 1.2203       | 0.9510     | 0.6550       | 1.4216   |           
295    | 2.9928     | 0.5464     | 1.2280       | 1.2184       | 0.9490     | 0.6768       | 1.3617   |           
296    | 3.0825     | 0.5957     | 1.2467       | 1.2402       | 0.9365     | 0.6486       | 1.4927   |           
297    | 2.9932     | 0.5290     | 1.2360       | 1.2283       | 0.9521     | 0.6333       | 1.4020   |           
298    | 3.0109     | 0.5218     | 1.2515       | 1.2377       | 0.9583     | 0.6759       | 1.3970   |           
299    | 3.0506     | 0.5535     | 1.2551       | 1.2420       | 0.9563     | 0.6529       | 1.3319   |           
300    | 3.0290     | 0.5376     | 1.2449       | 1.2465       | 0.9635     | 0.6384       | 1.4343   |           
301    | 3.0499     | 0.5448     | 1.2570       | 1.2482       | 0.9385     | 0.6176       | 1.3825   |           
302    | 3.0351     | 0.5508     | 1.2414       | 1.2429       | 0.9573     | 0.6045       | 1.3117   |           
303    | 3.0180     | 0.5455     | 1.2397       | 1.2327       | 0.9490     | 0.6469       | 1.2636   |           
304    | 3.0230     | 0.5529     | 1.2311       | 1.2390       | 0.9604     | 0.6465       | 1.3575   |           
305    | 3.0437     | 0.5782     | 1.2335       | 1.2319       | 0.9448     | 0.5969       | 1.3465   |           
306    | 3.0317     | 0.5486     | 1.2331       | 1.2501       | 0.9583     | 0.6272       | 1.4461   |           
307    | 3.0446     | 0.5619     | 1.2357       | 1.2471       | 0.9417     | 0.6383       | 1.3655   |           
308    | 3.0465     | 0.5710     | 1.2374       | 1.2381       | 0.9323     | 0.6654       | 1.3987   |           
309    | 2.9883     | 0.5099     | 1.2369       | 1.2415       | 0.9563     | 0.6358       | 1.3120   |           
310    | 3.0079     | 0.5022     | 1.2511       | 1.2546       | 0.9552     | 0.6869       | 1.3730   |           
311    | 3.0491     | 0.5517     | 1.2547       | 1.2428       | 0.9573     | 0.7004       | 1.4193   |           
312    | 3.0523     | 0.5592     | 1.2416       | 1.2515       | 0.9563     | 0.6802       | 1.3726   |           
313    | 2.9617     | 0.4978     | 1.2318       | 1.2321       | 0.9406     | 0.7227       | 1.3917   |           
314    | 2.9687     | 0.4970     | 1.2302       | 1.2415       | 0.9521     | 0.6678       | 1.4427   |           
315    | 3.0786     | 0.5695     | 1.2551       | 1.2540       | 0.9448     | 0.6814       | 1.3406   |           
316    | 3.0427     | 0.5515     | 1.2398       | 1.2514       | 0.9531     | 0.6147       | 1.4264   |           
317    | 3.0304     | 0.5425     | 1.2433       | 1.2447       | 0.9500     | 0.6897       | 1.3618   |           
318    | 2.9791     | 0.4942     | 1.2405       | 1.2443       | 0.9406     | 0.6926       | 1.4206   |           
319    | 3.0351     | 0.5422     | 1.2401       | 1.2528       | 0.9437     | 0.6949       | 1.4105   |           
320    | 3.0205     | 0.5480     | 1.2258       | 1.2466       | 0.9583     | 0.6716       | 1.3536   |           
321    | 3.0313     | 0.5407     | 1.2421       | 1.2486       | 0.9573     | 0.6427       | 1.3832   |           
322    | 2.9944     | 0.5117     | 1.2532       | 1.2294       | 0.9531     | 0.6229       | 1.4049   |           
323    | 3.0204     | 0.5295     | 1.2481       | 1.2428       | 0.9469     | 0.6791       | 1.4216   |           
324    | 2.9923     | 0.5112     | 1.2464       | 1.2347       | 0.9573     | 0.6573       | 1.3567   |           
325    | 3.0211     | 0.5412     | 1.2427       | 1.2372       | 0.9479     | 0.6524       | 1.4763   |           
326    | 3.0061     | 0.5275     | 1.2445       | 1.2340       | 0.9594     | 0.6481       | 1.4462   |           
327    | 3.0248     | 0.5271     | 1.2595       | 1.2383       | 0.9594     | 0.6159       | 1.4485   |           
328    | 3.0411     | 0.5614     | 1.2442       | 1.2355       | 0.9552     | 0.6566       | 1.3765   |           
329    | 2.9998     | 0.5255     | 1.2313       | 1.2430       | 0.9500     | 0.6267       | 1.3001   |           
330    | 2.9745     | 0.4963     | 1.2337       | 1.2444       | 0.9375     | 0.6194       | 1.4858   |           
331    | 3.0395     | 0.5401     | 1.2562       | 1.2432       | 0.9385     | 0.6541       | 1.2823   |           
332    | 2.9827     | 0.5039     | 1.2491       | 1.2297       | 0.9552     | 0.6689       | 1.4181   |           
333    | 3.0365     | 0.5364     | 1.2564       | 1.2437       | 0.9552     | 0.6483       | 1.4719   |           
334    | 3.0698     | 0.5696     | 1.2517       | 1.2485       | 0.9552     | 0.6851       | 1.4337   |           
335    | 2.9850     | 0.5164     | 1.2335       | 1.2352       | 0.9542     | 0.6334       | 1.4718   |           
336    | 3.0201     | 0.5376     | 1.2350       | 1.2476       | 0.9604     | 0.6091       | 1.4757   |           
337    | 2.9935     | 0.5321     | 1.2344       | 1.2270       | 0.9604     | 0.6192       | 1.4368   |           
338    | 2.9942     | 0.4929     | 1.2538       | 1.2476       | 0.9563     | 0.6217       | 1.3675   |           
339    | 3.0419     | 0.5305     | 1.2716       | 1.2398       | 0.9469     | 0.6741       | 1.4072   |           
340    | 3.0906     | 0.5813     | 1.2740       | 1.2353       | 0.9583     | 0.6155       | 1.3992   |           
341    | 3.0701     | 0.5521     | 1.2752       | 1.2427       | 0.9500     | 0.6311       | 1.3722   |           
342    | 2.9862     | 0.4799     | 1.2698       | 1.2365       | 0.9604     | 0.5867       | 1.3166   |           
343    | 3.0666     | 0.5397     | 1.2763       | 1.2506       | 0.9635     | 0.5991       | 1.3563   |           
344    | 3.0321     | 0.5146     | 1.2696       | 1.2478       | 0.9563     | 0.6319       | 1.4379   |           
345    | 3.0387     | 0.5364     | 1.2636       | 1.2387       | 0.9583     | 0.6218       | 1.3752   |           
346    | 3.0527     | 0.5398     | 1.2583       | 1.2546       | 0.9510     | 0.5998       | 1.3772   |           
347    | 2.9982     | 0.5150     | 1.2547       | 1.2286       | 0.9542     | 0.6053       | 1.3488   |           
348    | 3.0327     | 0.5273     | 1.2567       | 1.2487       | 0.9552     | 0.5725       | 1.3455   |           
349    | 3.0110     | 0.5150     | 1.2549       | 1.2411       | 0.9510     | 0.6215       | 1.4007   |           
350    | 3.0298     | 0.5267     | 1.2687       | 1.2344       | 0.9615     | 0.6073       | 1.3442   |           
351    | 3.0134     | 0.5154     | 1.2581       | 1.2398       | 0.9510     | 0.6438       | 1.2578   |           
352    | 2.9597     | 0.4767     | 1.2537       | 1.2293       | 0.9583     | 0.6225       | 1.2435   |           
353    | 3.0404     | 0.5312     | 1.2599       | 1.2494       | 0.9573     | 0.6107       | 1.2106   |           
354    | 3.0011     | 0.4975     | 1.2612       | 1.2424       | 0.9563     | 0.6333       | 1.1263   |           
355    | 3.0076     | 0.5078     | 1.2638       | 1.2359       | 0.9563     | 0.5765       | 1.2413   |           
356    | 3.0215     | 0.5235     | 1.2543       | 1.2437       | 0.9531     | 0.6055       | 1.3048   |           
357    | 3.0086     | 0.5050     | 1.2484       | 1.2551       | 0.9656     | 0.5947       | 1.2818   |           
358    | 3.0580     | 0.5532     | 1.2483       | 1.2564       | 0.9563     | 0.5784       | 1.3150   |           
359    | 2.9745     | 0.4720     | 1.2489       | 1.2537       | 0.9656     | 0.6089       | 1.3460   |           
360    | 3.0459     | 0.5130     | 1.2643       | 1.2686       | 0.9531     | 0.6168       | 1.3221   |           
361    | 3.0509     | 0.5320     | 1.2601       | 1.2588       | 0.9625     | 0.6019       | 1.4082   |           
362    | 3.0120     | 0.5026     | 1.2530       | 1.2564       | 0.9510     | 0.6529       | 1.3881   |           
363    | 3.0260     | 0.5010     | 1.2583       | 1.2667       | 0.9375     | 0.6046       | 1.4924   |           
364    | 2.9993     | 0.5100     | 1.2391       | 1.2502       | 0.9437     | 0.5832       | 1.3956   |           
365    | 3.0209     | 0.5222     | 1.2457       | 1.2530       | 0.9583     | 0.6501       | 1.3791   |           
366    | 3.0494     | 0.5300     | 1.2492       | 1.2702       | 0.9542     | 0.5517       | 1.3379   |           
367    | 3.0199     | 0.5157     | 1.2386       | 1.2655       | 0.9594     | 0.5680       | 1.3217   |           
368    | 3.0232     | 0.5042     | 1.2373       | 1.2817       | 0.9573     | 0.6078       | 1.3869   |           
369    | 3.0198     | 0.5185     | 1.2418       | 1.2594       | 0.9510     | 0.6123       | 1.4408   |           
370    | 3.0051     | 0.4898     | 1.2446       | 1.2707       | 0.9552     | 0.5876       | 1.3480   |           
371    | 3.0464     | 0.5092     | 1.2562       | 1.2810       | 0.9490     | 0.5272       | 1.3782   |           
372    | 3.0424     | 0.5122     | 1.2644       | 1.2659       | 0.9490     | 0.7084       | 1.2666   |           
373    | 3.0088     | 0.4896     | 1.2529       | 1.2664       | 0.9594     | 0.6026       | 1.3451   |           
374    | 3.0295     | 0.5151     | 1.2584       | 1.2560       | 0.9427     | 0.5917       | 1.3493   |           
375    | 3.0422     | 0.5247     | 1.2524       | 1.2650       | 0.9573     | 0.5676       | 1.3518   |           
376    | 2.9872     | 0.4844     | 1.2473       | 1.2555       | 0.9573     | 0.5670       | 1.3791   |           
377    | 2.9885     | 0.4750     | 1.2632       | 1.2503       | 0.9448     | 0.6263       | 1.3302   |           
378    | 2.9634     | 0.4537     | 1.2534       | 1.2563       | 0.9594     | 0.5956       | 1.4678   |           
379    | 3.0827     | 0.5607     | 1.2528       | 1.2692       | 0.9531     | 0.5452       | 1.4099   |           
380    | 3.0002     | 0.4868     | 1.2541       | 1.2593       | 0.9552     | 0.5860       | 1.3951   |           
381    | 3.0134     | 0.4896     | 1.2622       | 1.2615       | 0.9583     | 0.5615       | 1.3133   |           
382    | 3.0606     | 0.5364     | 1.2580       | 1.2663       | 0.9563     | 0.5982       | 1.2909   |           
383    | 3.0343     | 0.5124     | 1.2639       | 1.2580       | 0.9604     | 0.5523       | 1.4008   |           
384    | 3.0504     | 0.4961     | 1.2978       | 1.2565       | 0.9479     | 0.5781       | 1.3872   |           
385    | 3.0726     | 0.5168     | 1.2951       | 1.2607       | 0.9583     | 0.6229       | 1.3597   |           
386    | 3.0883     | 0.5197     | 1.2897       | 1.2789       | 0.9573     | 0.5782       | 1.4499   |           
387    | 3.0229     | 0.4843     | 1.2811       | 1.2575       | 0.9531     | 0.6341       | 1.4238   |           
388    | 3.0362     | 0.4744     | 1.2939       | 1.2679       | 0.9573     | 0.5713       | 1.3620   |           
389    | 3.0531     | 0.5033     | 1.2850       | 1.2648       | 0.9500     | 0.6001       | 1.4799   |           
390    | 3.0573     | 0.5254     | 1.2749       | 1.2571       | 0.9500     | 0.6201       | 1.3173   |           
391    | 3.0589     | 0.5098     | 1.2774       | 1.2717       | 0.9531     | 0.5967       | 1.3387   |           
392    | 3.0555     | 0.5058     | 1.2786       | 1.2710       | 0.9479     | 0.6096       | 1.4212   |           
393    | 3.0263     | 0.4840     | 1.2709       | 1.2714       | 0.9323     | 0.5830       | 1.3860   |           
394    | 3.1011     | 0.5433     | 1.2811       | 1.2766       | 0.9323     | 0.5705       | 1.4044   |           
395    | 3.0384     | 0.5038     | 1.2686       | 1.2661       | 0.9365     | 0.5426       | 1.4313   |           
396    | 3.0699     | 0.5134     | 1.2828       | 1.2737       | 0.9510     | 0.5739       | 1.3739   |           
397    | 3.0344     | 0.4823     | 1.2783       | 1.2738       | 0.9437     | 0.5767       | 1.3747   |           
398    | 2.9968     | 0.4675     | 1.2659       | 1.2634       | 0.9594     | 0.5236       | 1.3847   | (ADV 0.70)
399    | 3.1032     | 0.5439     | 1.2800       | 1.2793       | 0.9542     | 0.5667       | 1.4671   |           
400    | 3.0485     | 0.4929     | 1.2708       | 1.2848       | 0.9437     | 0.5868       | 1.3444   |           
Seed 6767 | Src Acc: 96.8367 | Src MDE: 0.0697 | Tgt Acc: 21.4286 | Tgt MDE: 1.3847
Start Training Seed 123456...

Start CDAN+E Training... (Entropy Conditioning Enabled)
Epoch  | Total Loss | Tr Cls     | Tr Dom RSSI  | Tr Dom RTT   | Val T Acc  | Val T Entropy | Test MDE
------------------------------------------------------------------------------------------------------------------------
1      | 6.6210     | 3.8756     | 1.3626       | 1.3828       | 0.5219     | 3.7705       | 1.7154   |           
2      | 5.7859     | 3.1512     | 1.2947       | 1.3400       | 0.6906     | 3.6549       | 1.3592   |           
3      | 5.2781     | 2.7314     | 1.2333       | 1.3135       | 0.7833     | 3.5128       | 1.2649   |           
4      | 4.8941     | 2.4291     | 1.1881       | 1.2770       | 0.8625     | 3.3705       | 1.1425   |           
5      | 4.5459     | 2.1562     | 1.1366       | 1.2532       | 0.8760     | 3.2219       | 1.1085   |           
6      | 4.2787     | 1.9660     | 1.0877       | 1.2249       | 0.9083     | 3.0823       | 1.1929   |           
7      | 3.9801     | 1.7506     | 1.0447       | 1.1848       | 0.9208     | 2.9140       | 1.1658   |           
8      | 3.7546     | 1.6169     | 0.9886       | 1.1491       | 0.9292     | 2.7935       | 1.2512   |           
9      | 3.5750     | 1.4825     | 0.9604       | 1.1322       | 0.9323     | 2.6339       | 1.2736   |           
10     | 3.4739     | 1.4046     | 0.9490       | 1.1203       | 0.9333     | 2.5212       | 1.3068   |           
11     | 3.3561     | 1.3168     | 0.9366       | 1.1027       | 0.9396     | 2.3507       | 1.2701   | (ADV -0.24)
12     | 3.3035     | 1.2313     | 0.9383       | 1.1339       | 0.9396     | 2.2097       | 1.2270   | (ADV -0.17)
13     | 3.2027     | 1.1693     | 0.9362       | 1.0973       | 0.9365     | 2.1433       | 1.3164   | (ADV -0.14)
14     | 3.1736     | 1.1672     | 0.9007       | 1.1057       | 0.9469     | 2.0590       | 1.2849   | (ADV -0.08)
15     | 3.0782     | 1.0918     | 0.9112       | 1.0752       | 0.9333     | 2.0392       | 1.1878   |           
16     | 2.9707     | 1.0167     | 0.8837       | 1.0702       | 0.9521     | 1.9528       | 1.2594   | (ADV -0.02)
17     | 2.9708     | 1.0074     | 0.8924       | 1.0710       | 0.9437     | 1.8309       | 1.1762   | (ADV 0.03)
18     | 2.9169     | 0.9334     | 0.8985       | 1.0849       | 0.9510     | 1.8329       | 1.2632   | (ADV 0.03)
19     | 2.9289     | 0.9337     | 0.9167       | 1.0784       | 0.9427     | 1.7997       | 1.2498   | (ADV 0.04)
20     | 2.8976     | 0.9218     | 0.9030       | 1.0729       | 0.9427     | 1.6738       | 1.2373   | (ADV 0.11)
21     | 2.8429     | 0.8776     | 0.9106       | 1.0547       | 0.9510     | 1.5990       | 1.2345   | (ADV 0.15)
22     | 2.8948     | 0.8879     | 0.9046       | 1.1023       | 0.9417     | 1.5779       | 1.1997   | (ADV 0.15)
23     | 2.8298     | 0.8350     | 0.9086       | 1.0863       | 0.9490     | 1.5132       | 1.1956   | (ADV 0.19)
24     | 2.7809     | 0.8207     | 0.8969       | 1.0633       | 0.9490     | 1.5021       | 1.1684   | (ADV 0.20)
25     | 2.8218     | 0.8305     | 0.8975       | 1.0938       | 0.9427     | 1.4581       | 1.1978   | (ADV 0.21)
26     | 2.8379     | 0.8187     | 0.9220       | 1.0972       | 0.9469     | 1.4210       | 1.2320   | (ADV 0.24)
27     | 2.7946     | 0.7828     | 0.9156       | 1.0962       | 0.9510     | 1.4164       | 1.2455   | (ADV 0.24)
28     | 2.8178     | 0.7761     | 0.9326       | 1.1092       | 0.9417     | 1.3545       | 1.3014   | (ADV 0.26)
29     | 2.7891     | 0.7740     | 0.9258       | 1.0894       | 0.9469     | 1.3448       | 1.2986   | (ADV 0.27)
30     | 2.8403     | 0.7768     | 0.9508       | 1.1127       | 0.9521     | 1.3613       | 1.2184   |           
31     | 2.7585     | 0.7343     | 0.9193       | 1.1050       | 0.9573     | 1.2645       | 1.1733   | (ADV 0.33)
32     | 2.8436     | 0.7742     | 0.9628       | 1.1066       | 0.9563     | 1.2729       | 1.2809   |           
33     | 2.7664     | 0.7482     | 0.9239       | 1.0942       | 0.9469     | 1.2651       | 1.2509   |           
34     | 2.7738     | 0.7461     | 0.9326       | 1.0950       | 0.9594     | 1.1912       | 1.2418   | (ADV 0.36)
35     | 2.7259     | 0.7060     | 0.9301       | 1.0898       | 0.9531     | 1.1588       | 1.2584   | (ADV 0.37)
36     | 2.7173     | 0.7226     | 0.9031       | 1.0916       | 0.9500     | 1.2164       | 1.2563   |           
37     | 2.7376     | 0.7414     | 0.9038       | 1.0924       | 0.9510     | 1.2085       | 1.2406   |           
38     | 2.6913     | 0.6889     | 0.9088       | 1.0937       | 0.9594     | 1.1783       | 1.1777   |           
39     | 2.7415     | 0.6864     | 0.9471       | 1.1080       | 0.9458     | 1.1102       | 1.2068   | (ADV 0.39)
40     | 2.7433     | 0.7213     | 0.9312       | 1.0909       | 0.9510     | 1.0855       | 1.2532   | (ADV 0.41)
41     | 2.6473     | 0.6488     | 0.9337       | 1.0648       | 0.9437     | 1.1656       | 1.1751   |           
42     | 2.6832     | 0.6716     | 0.9457       | 1.0658       | 0.9510     | 1.1177       | 1.1975   |           
43     | 2.7254     | 0.6890     | 0.9301       | 1.1062       | 0.9531     | 1.0755       | 1.2047   | (ADV 0.42)
44     | 2.7428     | 0.6977     | 0.9379       | 1.1072       | 0.9490     | 1.1264       | 1.2658   |           
45     | 2.6881     | 0.6661     | 0.9394       | 1.0826       | 0.9510     | 1.0628       | 1.2272   | (ADV 0.42)
46     | 2.6835     | 0.6605     | 0.9411       | 1.0819       | 0.9573     | 0.9816       | 1.1802   | (ADV 0.47)
47     | 2.6633     | 0.6407     | 0.9361       | 1.0865       | 0.9563     | 1.0888       | 1.2187   |           
48     | 2.7113     | 0.6728     | 0.9453       | 1.0932       | 0.9604     | 1.0906       | 1.2474   |           
49     | 2.6910     | 0.6560     | 0.9447       | 1.0903       | 0.9583     | 1.0192       | 1.2257   |           
50     | 2.7093     | 0.6521     | 0.9632       | 1.0940       | 0.9500     | 1.0213       | 1.2603   |           
51     | 2.7259     | 0.6768     | 0.9694       | 1.0797       | 0.9500     | 0.9766       | 1.2658   |           
52     | 2.6793     | 0.6493     | 0.9351       | 1.0949       | 0.9406     | 1.0153       | 1.2506   |           
53     | 2.7952     | 0.7015     | 0.9951       | 1.0986       | 0.9510     | 1.0097       | 1.2905   |           
54     | 2.6875     | 0.6372     | 0.9736       | 1.0768       | 0.9594     | 0.9729       | 1.1758   | (ADV 0.47)
55     | 2.8119     | 0.7116     | 1.0025       | 1.0979       | 0.9448     | 1.0634       | 1.2996   |           
56     | 2.7459     | 0.6544     | 0.9911       | 1.1004       | 0.9563     | 1.0078       | 1.2845   |           
57     | 2.7741     | 0.6572     | 1.0242       | 1.0926       | 0.9583     | 1.0020       | 1.3487   |           
58     | 2.7370     | 0.6449     | 0.9955       | 1.0965       | 0.9500     | 0.9611       | 1.2584   |           
59     | 2.7675     | 0.6604     | 1.0145       | 1.0925       | 0.9604     | 0.9695       | 1.2783   | (ADV 0.48)
60     | 2.8341     | 0.6773     | 1.0476       | 1.1092       | 0.9594     | 0.9609       | 1.2572   | (ADV 0.48)
61     | 2.7861     | 0.6537     | 1.0274       | 1.1050       | 0.9656     | 0.9779       | 1.2631   |           
62     | 2.7744     | 0.6523     | 1.0299       | 1.0923       | 0.9604     | 0.9659       | 1.2693   |           
63     | 2.7658     | 0.6468     | 1.0279       | 1.0911       | 0.9615     | 0.9558       | 1.3184   | (ADV 0.48)
64     | 2.7165     | 0.6031     | 1.0163       | 1.0972       | 0.9667     | 0.9586       | 1.2465   | (ADV 0.49)
65     | 2.7379     | 0.6296     | 0.9991       | 1.1092       | 0.9542     | 0.9397       | 1.2840   |           
66     | 2.8277     | 0.6707     | 1.0339       | 1.1231       | 0.9583     | 0.9171       | 1.3738   | (ADV 0.50)
67     | 2.7388     | 0.6092     | 1.0216       | 1.1080       | 0.9646     | 0.9531       | 1.2670   |           
68     | 2.7961     | 0.6560     | 1.0167       | 1.1234       | 0.9479     | 0.9699       | 1.2566   |           
69     | 2.8348     | 0.6725     | 1.0424       | 1.1198       | 0.9531     | 0.9641       | 1.2751   |           
70     | 2.7555     | 0.6242     | 1.0141       | 1.1172       | 0.9583     | 0.9175       | 1.2765   |           
71     | 2.7627     | 0.6048     | 1.0378       | 1.1201       | 0.9583     | 0.9281       | 1.2723   |           
72     | 2.7978     | 0.6199     | 1.0576       | 1.1203       | 0.9656     | 0.9096       | 1.3164   | (ADV 0.51)
73     | 2.7785     | 0.6057     | 1.0667       | 1.1062       | 0.9531     | 0.9177       | 1.3119   |           
74     | 2.8399     | 0.6399     | 1.0766       | 1.1234       | 0.9521     | 0.8361       | 1.3330   | (ADV 0.53)
75     | 2.8376     | 0.6425     | 1.0669       | 1.1283       | 0.9604     | 0.9080       | 1.2105   |           
76     | 2.8314     | 0.6356     | 1.0719       | 1.1240       | 0.9573     | 0.8808       | 1.2486   |           
77     | 2.8489     | 0.6417     | 1.0736       | 1.1336       | 0.9510     | 0.8539       | 1.2008   |           
78     | 2.8123     | 0.6465     | 1.0597       | 1.1061       | 0.9594     | 0.8956       | 1.2667   |           
79     | 2.8438     | 0.6323     | 1.0819       | 1.1296       | 0.9594     | 0.8758       | 1.3156   |           
80     | 2.8413     | 0.6426     | 1.0666       | 1.1322       | 0.9500     | 0.8578       | 1.3430   |           
81     | 2.7956     | 0.6080     | 1.0507       | 1.1369       | 0.9583     | 0.9089       | 1.3622   |           
82     | 2.8697     | 0.6497     | 1.0784       | 1.1416       | 0.9531     | 0.9069       | 1.3759   |           
83     | 2.8749     | 0.6455     | 1.0793       | 1.1500       | 0.9615     | 0.9724       | 1.3284   |           
84     | 2.7773     | 0.6003     | 1.0571       | 1.1199       | 0.9635     | 0.8792       | 1.3584   |           
85     | 2.8248     | 0.6234     | 1.0635       | 1.1379       | 0.9552     | 0.8259       | 1.2422   | (ADV 0.54)
86     | 2.8411     | 0.6372     | 1.0638       | 1.1402       | 0.9563     | 0.8666       | 1.2529   |           
87     | 2.8633     | 0.6431     | 1.0676       | 1.1526       | 0.9583     | 0.8228       | 1.3943   | (ADV 0.55)
88     | 2.8647     | 0.6351     | 1.0786       | 1.1509       | 0.9510     | 0.7972       | 1.3080   | (ADV 0.55)
89     | 2.8578     | 0.6285     | 1.0886       | 1.1408       | 0.9573     | 0.8719       | 1.2777   |           
90     | 2.9069     | 0.6578     | 1.0969       | 1.1522       | 0.9615     | 0.8118       | 1.2882   | (ADV 0.56)
91     | 2.8438     | 0.6210     | 1.0945       | 1.1282       | 0.9594     | 0.8225       | 1.3208   |           
92     | 2.8445     | 0.6279     | 1.0818       | 1.1348       | 0.9646     | 0.7963       | 1.2288   | (ADV 0.57)
93     | 2.8949     | 0.6374     | 1.1080       | 1.1495       | 0.9583     | 0.8556       | 1.3188   |           
94     | 2.8198     | 0.5946     | 1.0863       | 1.1389       | 0.9552     | 0.8512       | 1.2446   |           
95     | 2.8925     | 0.6316     | 1.1060       | 1.1550       | 0.9635     | 0.8366       | 1.2980   |           
96     | 2.8445     | 0.6047     | 1.0967       | 1.1431       | 0.9510     | 0.8161       | 1.3301   |           
97     | 2.9081     | 0.6407     | 1.1238       | 1.1435       | 0.9542     | 0.8565       | 1.3160   |           
98     | 2.8158     | 0.5869     | 1.0995       | 1.1295       | 0.9635     | 0.8109       | 1.1614   |           
99     | 2.8658     | 0.6090     | 1.1114       | 1.1454       | 0.9604     | 0.8394       | 1.2441   |           
100    | 2.8511     | 0.6220     | 1.0974       | 1.1317       | 0.9688     | 0.8120       | 1.1703   |           
101    | 2.8675     | 0.6141     | 1.1037       | 1.1496       | 0.9563     | 0.7684       | 1.1608   | (ADV 0.57)
102    | 2.9198     | 0.6410     | 1.1239       | 1.1549       | 0.9594     | 0.8045       | 1.1844   |           
103    | 2.8680     | 0.6035     | 1.1175       | 1.1470       | 0.9656     | 0.8120       | 1.2770   |           
104    | 2.8480     | 0.5888     | 1.1194       | 1.1398       | 0.9594     | 0.8367       | 1.2833   |           
105    | 2.8515     | 0.6017     | 1.1228       | 1.1270       | 0.9583     | 0.7954       | 1.2337   |           
106    | 2.9679     | 0.6567     | 1.1590       | 1.1522       | 0.9604     | 0.7980       | 1.2361   |           
107    | 2.8303     | 0.5811     | 1.1302       | 1.1190       | 0.9531     | 0.8083       | 1.2343   |           
108    | 2.8709     | 0.6086     | 1.1265       | 1.1359       | 0.9573     | 0.8076       | 1.2521   |           
109    | 2.9157     | 0.6098     | 1.1319       | 1.1740       | 0.9625     | 0.7977       | 1.2547   |           
110    | 2.8438     | 0.5842     | 1.1146       | 1.1450       | 0.9604     | 0.7675       | 1.2573   | (ADV 0.58)
111    | 2.9355     | 0.6455     | 1.1375       | 1.1525       | 0.9573     | 0.7485       | 1.1723   | (ADV 0.58)
112    | 2.8700     | 0.6105     | 1.1189       | 1.1406       | 0.9646     | 0.7259       | 1.2061   | (ADV 0.60)
113    | 2.9087     | 0.6094     | 1.1386       | 1.1606       | 0.9646     | 0.7873       | 1.2677   |           
114    | 2.8739     | 0.5769     | 1.1455       | 1.1515       | 0.9521     | 0.7848       | 1.1766   |           
115    | 2.8828     | 0.6073     | 1.1313       | 1.1443       | 0.9615     | 0.7855       | 1.3373   |           
116    | 2.8858     | 0.6097     | 1.1311       | 1.1449       | 0.9583     | 0.7552       | 1.3143   |           
117    | 2.9083     | 0.6164     | 1.1424       | 1.1496       | 0.9677     | 0.7369       | 1.1832   |           
118    | 2.8886     | 0.6059     | 1.1192       | 1.1635       | 0.9573     | 0.7829       | 1.3042   |           
119    | 2.8977     | 0.6081     | 1.1214       | 1.1681       | 0.9583     | 0.8187       | 1.2383   |           
120    | 2.8558     | 0.5831     | 1.1247       | 1.1480       | 0.9656     | 0.8819       | 1.2352   |           
121    | 2.9624     | 0.6317     | 1.1496       | 1.1810       | 0.9594     | 0.7778       | 1.4512   |           
122    | 2.8866     | 0.5762     | 1.1292       | 1.1811       | 0.9656     | 0.7346       | 1.1564   |           
123    | 2.9159     | 0.6203     | 1.1159       | 1.1797       | 0.9625     | 0.7453       | 1.1962   |           
124    | 2.9746     | 0.6352     | 1.1502       | 1.1892       | 0.9656     | 0.8295       | 1.2412   |           
125    | 2.9192     | 0.6159     | 1.1385       | 1.1648       | 0.9656     | 0.7424       | 1.2079   |           
126    | 2.9760     | 0.6509     | 1.1502       | 1.1749       | 0.9615     | 0.8319       | 1.2652   |           
127    | 2.8777     | 0.5864     | 1.1268       | 1.1644       | 0.9667     | 0.7676       | 1.2536   |           
128    | 2.9072     | 0.6130     | 1.1280       | 1.1662       | 0.9615     | 0.7434       | 1.2861   |           
129    | 2.9851     | 0.6533     | 1.1493       | 1.1825       | 0.9542     | 0.7758       | 1.1534   |           
130    | 2.9255     | 0.6063     | 1.1421       | 1.1771       | 0.9615     | 0.8233       | 1.1556   |           
131    | 2.8867     | 0.5738     | 1.1405       | 1.1724       | 0.9563     | 0.7887       | 1.2706   |           
132    | 2.8928     | 0.5748     | 1.1420       | 1.1761       | 0.9667     | 0.6983       | 1.4063   | (ADV 0.62)
133    | 2.8679     | 0.5713     | 1.1366       | 1.1599       | 0.9677     | 0.7439       | 1.3712   |           
134    | 2.9200     | 0.6000     | 1.1510       | 1.1690       | 0.9552     | 0.7732       | 1.1901   |           
135    | 2.9118     | 0.6004     | 1.1396       | 1.1718       | 0.9698     | 0.7289       | 1.2358   |           
136    | 2.8825     | 0.5930     | 1.1273       | 1.1621       | 0.9656     | 0.7437       | 1.2956   |           
137    | 2.9257     | 0.6181     | 1.1319       | 1.1757       | 0.9656     | 0.7760       | 1.3228   |           
138    | 2.9072     | 0.5737     | 1.1613       | 1.1722       | 0.9573     | 0.7679       | 1.2664   |           
139    | 2.9464     | 0.6157     | 1.1470       | 1.1837       | 0.9594     | 0.7520       | 1.1959   |           
140    | 2.9500     | 0.6223     | 1.1511       | 1.1766       | 0.9635     | 0.7729       | 1.2896   |           
141    | 2.8388     | 0.5494     | 1.1389       | 1.1505       | 0.9646     | 0.7760       | 1.2488   |           
142    | 2.9270     | 0.5893     | 1.1691       | 1.1685       | 0.9688     | 0.7420       | 1.1771   |           
143    | 2.9439     | 0.6033     | 1.1689       | 1.1717       | 0.9563     | 0.8074       | 1.3636   |           
144    | 2.9341     | 0.6084     | 1.1617       | 1.1640       | 0.9604     | 0.8063       | 1.2343   |           
145    | 2.9039     | 0.5904     | 1.1472       | 1.1663       | 0.9646     | 0.7733       | 1.2299   |           
146    | 2.9161     | 0.5841     | 1.1620       | 1.1700       | 0.9604     | 0.7664       | 1.2620   |           
147    | 2.9516     | 0.6017     | 1.1708       | 1.1791       | 0.9667     | 0.6906       | 1.2527   | (ADV 0.62)
148    | 2.9331     | 0.5967     | 1.1621       | 1.1743       | 0.9667     | 0.7608       | 1.2144   |           
149    | 2.8646     | 0.5614     | 1.1374       | 1.1658       | 0.9698     | 0.7339       | 1.3725   |           
150    | 2.8954     | 0.5440     | 1.1731       | 1.1783       | 0.9604     | 0.7531       | 1.3924   |           
151    | 2.9513     | 0.6127     | 1.1584       | 1.1803       | 0.9677     | 0.7056       | 1.2011   |           
152    | 2.9162     | 0.5782     | 1.1580       | 1.1800       | 0.9625     | 0.7925       | 1.2683   |           
153    | 2.9003     | 0.5736     | 1.1655       | 1.1612       | 0.9646     | 0.7575       | 1.2450   |           
154    | 2.9321     | 0.6079     | 1.1678       | 1.1564       | 0.9677     | 0.8565       | 1.2549   |           
155    | 2.8615     | 0.5472     | 1.1462       | 1.1681       | 0.9740     | 0.7615       | 1.2509   |           
156    | 2.8435     | 0.5587     | 1.1304       | 1.1544       | 0.9677     | 0.7485       | 1.1473   |           
157    | 2.8890     | 0.5760     | 1.1387       | 1.1743       | 0.9573     | 0.7719       | 1.2416   |           
158    | 2.8688     | 0.5612     | 1.1378       | 1.1698       | 0.9521     | 0.7277       | 1.3016   |           
159    | 2.9103     | 0.5758     | 1.1545       | 1.1800       | 0.9615     | 0.7737       | 1.1605   |           
160    | 2.8917     | 0.5846     | 1.1413       | 1.1658       | 0.9646     | 0.7566       | 1.2891   |           
161    | 2.9112     | 0.5914     | 1.1589       | 1.1609       | 0.9615     | 0.7676       | 1.3238   |           
162    | 2.8963     | 0.5632     | 1.1656       | 1.1675       | 0.9594     | 0.7616       | 1.3079   |           
163    | 2.8706     | 0.5678     | 1.1427       | 1.1600       | 0.9604     | 0.7416       | 1.3249   |           
164    | 2.9054     | 0.5903     | 1.1502       | 1.1649       | 0.9573     | 0.7682       | 1.2636   |           
165    | 2.9073     | 0.5674     | 1.1573       | 1.1826       | 0.9625     | 0.7319       | 1.2475   |           
166    | 2.9418     | 0.5977     | 1.1687       | 1.1754       | 0.9552     | 0.7763       | 1.3032   |           
167    | 2.9849     | 0.6297     | 1.1631       | 1.1921       | 0.9656     | 0.7664       | 1.3027   |           
168    | 2.8813     | 0.5566     | 1.1703       | 1.1543       | 0.9615     | 0.7745       | 1.2498   |           
169    | 2.9155     | 0.5626     | 1.1686       | 1.1843       | 0.9615     | 0.7485       | 1.3352   |           
170    | 2.9109     | 0.5640     | 1.1621       | 1.1847       | 0.9635     | 0.7246       | 1.2590   |           
171    | 2.9041     | 0.5883     | 1.1540       | 1.1618       | 0.9635     | 0.7369       | 1.2729   |           
172    | 2.9332     | 0.5803     | 1.1565       | 1.1964       | 0.9615     | 0.7692       | 1.2497   |           
173    | 2.9391     | 0.5925     | 1.1750       | 1.1716       | 0.9646     | 0.7132       | 1.3185   |           
174    | 2.9243     | 0.5891     | 1.1658       | 1.1693       | 0.9563     | 0.7443       | 1.2320   |           
175    | 2.9464     | 0.6137     | 1.1582       | 1.1745       | 0.9563     | 0.7243       | 1.2616   |           
176    | 2.9324     | 0.5723     | 1.1728       | 1.1873       | 0.9583     | 0.7426       | 1.1718   |           
177    | 3.0023     | 0.6224     | 1.1822       | 1.1978       | 0.9573     | 0.7078       | 1.2436   |           
178    | 2.8681     | 0.5529     | 1.1519       | 1.1632       | 0.9698     | 0.6966       | 1.2311   | (ADV 0.62)
179    | 2.8804     | 0.5569     | 1.1538       | 1.1698       | 0.9521     | 0.7291       | 1.2851   |           
180    | 2.9062     | 0.5546     | 1.1673       | 1.1843       | 0.9521     | 0.7479       | 1.2336   |           
181    | 2.9116     | 0.5684     | 1.1611       | 1.1821       | 0.9615     | 0.7823       | 1.2277   |           
182    | 2.9890     | 0.6271     | 1.1755       | 1.1864       | 0.9615     | 0.7256       | 1.2608   |           
183    | 2.8747     | 0.5404     | 1.1629       | 1.1714       | 0.9583     | 0.7717       | 1.3612   |           
184    | 2.9505     | 0.5871     | 1.1674       | 1.1960       | 0.9490     | 0.7593       | 1.2815   |           
185    | 2.9824     | 0.6167     | 1.1692       | 1.1965       | 0.9583     | 0.7441       | 1.1552   |           
186    | 2.9196     | 0.5691     | 1.1526       | 1.1980       | 0.9615     | 0.7526       | 1.3132   |           
187    | 2.9255     | 0.5828     | 1.1589       | 1.1838       | 0.9677     | 0.7351       | 1.2281   |           
188    | 2.9258     | 0.5640     | 1.1709       | 1.1910       | 0.9615     | 0.7178       | 1.2952   |           
189    | 2.9233     | 0.5828     | 1.1525       | 1.1880       | 0.9677     | 0.7312       | 1.3221   |           
190    | 2.9182     | 0.5613     | 1.1608       | 1.1961       | 0.9594     | 0.7322       | 1.1974   |           
191    | 2.9544     | 0.5847     | 1.1672       | 1.2025       | 0.9573     | 0.7485       | 1.1926   |           
192    | 2.9214     | 0.5407     | 1.1745       | 1.2061       | 0.9625     | 0.7772       | 1.2973   |           
193    | 2.9913     | 0.5732     | 1.1881       | 1.2301       | 0.9635     | 0.7723       | 1.4368   |           
194    | 2.9090     | 0.5415     | 1.1708       | 1.1967       | 0.9625     | 0.7488       | 1.3679   |           
195    | 2.9274     | 0.5612     | 1.1613       | 1.2049       | 0.9604     | 0.7511       | 1.3609   |           
196    | 2.9926     | 0.6136     | 1.1699       | 1.2091       | 0.9604     | 0.7313       | 1.3517   |           
197    | 2.9422     | 0.5765     | 1.1658       | 1.2000       | 0.9604     | 0.7442       | 1.3879   |           
198    | 2.9515     | 0.5811     | 1.1698       | 1.2005       | 0.9656     | 0.7691       | 1.3257   |           
199    | 2.9315     | 0.5578     | 1.1607       | 1.2130       | 0.9677     | 0.6639       | 1.2152   | (ADV 0.64)
200    | 2.9499     | 0.5515     | 1.1739       | 1.2246       | 0.9604     | 0.7260       | 1.2790   |           
201    | 2.9968     | 0.5879     | 1.1943       | 1.2146       | 0.9604     | 0.7492       | 1.3383   |           
202    | 2.9310     | 0.5564     | 1.1788       | 1.1957       | 0.9667     | 0.6827       | 1.2617   |           
203    | 3.0320     | 0.6380     | 1.1886       | 1.2055       | 0.9646     | 0.7182       | 1.2196   |           
204    | 2.9502     | 0.5706     | 1.1803       | 1.1993       | 0.9552     | 0.6722       | 1.3324   |           
205    | 2.9292     | 0.5565     | 1.1746       | 1.1981       | 0.9698     | 0.7316       | 1.3243   |           
206    | 2.9426     | 0.5527     | 1.1812       | 1.2087       | 0.9625     | 0.6886       | 1.2838   |           
207    | 2.9377     | 0.5749     | 1.1701       | 1.1927       | 0.9563     | 0.7229       | 1.2954   |           
208    | 2.9421     | 0.5751     | 1.1674       | 1.1995       | 0.9542     | 0.7487       | 1.3025   |           
209    | 2.9005     | 0.5592     | 1.1712       | 1.1702       | 0.9594     | 0.6874       | 1.2131   |           
210    | 2.9139     | 0.5687     | 1.1579       | 1.1873       | 0.9635     | 0.7414       | 1.3634   |           
211    | 2.9873     | 0.6129     | 1.1829       | 1.1915       | 0.9594     | 0.7406       | 1.2744   |           
212    | 2.9625     | 0.5672     | 1.1924       | 1.2029       | 0.9625     | 0.6798       | 1.2404   |           
213    | 2.9171     | 0.5629     | 1.1680       | 1.1863       | 0.9615     | 0.7757       | 1.2649   |           
214    | 2.9950     | 0.6095     | 1.1914       | 1.1941       | 0.9615     | 0.7533       | 1.2995   |           
215    | 2.8834     | 0.5183     | 1.1832       | 1.1819       | 0.9625     | 0.6794       | 1.2578   |           
216    | 2.9581     | 0.5695     | 1.1875       | 1.2012       | 0.9625     | 0.7175       | 1.3221   |           
217    | 2.9003     | 0.5293     | 1.1715       | 1.1994       | 0.9635     | 0.7295       | 1.3766   |           
218    | 2.9326     | 0.5559     | 1.1649       | 1.2118       | 0.9615     | 0.7464       | 1.3328   |           
219    | 2.9386     | 0.5569     | 1.1807       | 1.2010       | 0.9688     | 0.8188       | 1.3345   |           
220    | 3.0006     | 0.5956     | 1.1951       | 1.2099       | 0.9615     | 0.7873       | 1.2647   |           
221    | 2.8886     | 0.5218     | 1.1637       | 1.2030       | 0.9573     | 0.6708       | 1.2614   |           
222    | 3.0029     | 0.5931     | 1.1988       | 1.2110       | 0.9615     | 0.7150       | 1.2272   |           
223    | 2.9287     | 0.5463     | 1.1684       | 1.2140       | 0.9552     | 0.7346       | 1.2642   |           
224    | 2.9138     | 0.5251     | 1.1838       | 1.2048       | 0.9573     | 0.6755       | 1.2286   |           
225    | 2.9980     | 0.5956     | 1.1907       | 1.2117       | 0.9531     | 0.6744       | 1.1803   |           
226    | 2.9503     | 0.5608     | 1.1924       | 1.1972       | 0.9625     | 0.8123       | 1.3613   |           
227    | 2.9536     | 0.5659     | 1.1774       | 1.2102       | 0.9646     | 0.7950       | 1.3500   |           
228    | 2.9385     | 0.5546     | 1.1841       | 1.1999       | 0.9646     | 0.7180       | 1.2838   |           
229    | 2.9371     | 0.5613     | 1.1847       | 1.1911       | 0.9583     | 0.6733       | 1.3452   |           
230    | 2.9642     | 0.5858     | 1.1723       | 1.2060       | 0.9583     | 0.6755       | 1.4042   |           
231    | 2.9887     | 0.5878     | 1.1988       | 1.2022       | 0.9479     | 0.7722       | 1.3209   |           
232    | 2.9429     | 0.5486     | 1.1988       | 1.1955       | 0.9563     | 0.7012       | 1.3922   |           
233    | 3.0189     | 0.5978     | 1.2069       | 1.2142       | 0.9542     | 0.7739       | 1.3617   |           
234    | 2.9864     | 0.5653     | 1.2013       | 1.2197       | 0.9552     | 0.7382       | 1.4131   |           
235    | 3.0118     | 0.5903     | 1.2129       | 1.2086       | 0.9646     | 0.7516       | 1.4710   |           
236    | 2.9565     | 0.5368     | 1.1899       | 1.2297       | 0.9688     | 0.7252       | 1.4490   |           
237    | 3.0257     | 0.6065     | 1.2008       | 1.2184       | 0.9625     | 0.7148       | 1.3890   |           
238    | 2.9754     | 0.5709     | 1.1979       | 1.2066       | 0.9625     | 0.7058       | 1.4255   |           
239    | 2.9952     | 0.5695     | 1.2065       | 1.2193       | 0.9563     | 0.6820       | 1.4380   |           
240    | 3.0041     | 0.5844     | 1.2042       | 1.2155       | 0.9635     | 0.6490       | 1.4476   | (ADV 0.64)
241    | 2.9177     | 0.5343     | 1.1808       | 1.2026       | 0.9615     | 0.6927       | 1.4003   |           
242    | 2.9347     | 0.5375     | 1.1925       | 1.2047       | 0.9604     | 0.6708       | 1.3282   |           
243    | 2.9337     | 0.5359     | 1.2039       | 1.1940       | 0.9573     | 0.6849       | 1.4277   |           
244    | 2.9781     | 0.5764     | 1.1999       | 1.2017       | 0.9604     | 0.6644       | 1.3756   |           
245    | 2.9467     | 0.5513     | 1.1860       | 1.2095       | 0.9500     | 0.6912       | 1.4123   |           
246    | 2.9381     | 0.5421     | 1.1863       | 1.2097       | 0.9667     | 0.7066       | 1.4667   |           
247    | 2.9946     | 0.5637     | 1.2177       | 1.2131       | 0.9583     | 0.6929       | 1.4420   |           
248    | 2.9382     | 0.5432     | 1.1944       | 1.2007       | 0.9552     | 0.7476       | 1.3083   |           
249    | 2.9721     | 0.5923     | 1.1952       | 1.1847       | 0.9635     | 0.6926       | 1.4329   |           
250    | 2.9152     | 0.5518     | 1.1769       | 1.1865       | 0.9646     | 0.7248       | 1.4541   |           
251    | 2.8851     | 0.5167     | 1.1974       | 1.1711       | 0.9563     | 0.6893       | 1.4475   |           
252    | 2.9886     | 0.5755     | 1.2180       | 1.1951       | 0.9573     | 0.7042       | 1.4287   |           
253    | 2.9443     | 0.5574     | 1.1918       | 1.1951       | 0.9573     | 0.6952       | 1.4780   |           
254    | 2.9523     | 0.5472     | 1.1960       | 1.2090       | 0.9635     | 0.7529       | 1.4612   |           
255    | 3.0120     | 0.5845     | 1.2014       | 1.2261       | 0.9542     | 0.7325       | 1.5321   |           
256    | 3.0532     | 0.6148     | 1.2085       | 1.2299       | 0.9479     | 0.7937       | 1.3644   |           
257    | 3.0407     | 0.5799     | 1.2391       | 1.2217       | 0.9594     | 0.7793       | 1.2883   |           
258    | 3.0176     | 0.5752     | 1.2256       | 1.2168       | 0.9635     | 0.7392       | 1.3199   |           
259    | 3.0043     | 0.5877     | 1.1944       | 1.2222       | 0.9594     | 0.7602       | 1.4140   |           
260    | 3.0324     | 0.6075     | 1.2016       | 1.2232       | 0.9667     | 0.6746       | 1.4147   |           
261    | 2.9850     | 0.5587     | 1.1946       | 1.2316       | 0.9688     | 0.7667       | 1.3272   |           
262    | 2.9930     | 0.5526     | 1.1996       | 1.2409       | 0.9542     | 0.7037       | 1.3302   |           
263    | 2.9134     | 0.5062     | 1.1913       | 1.2159       | 0.9635     | 0.7379       | 1.4735   |           
264    | 3.0092     | 0.5627     | 1.2160       | 1.2306       | 0.9667     | 0.6835       | 1.3856   |           
265    | 2.9486     | 0.5228     | 1.1932       | 1.2327       | 0.9594     | 0.7684       | 1.5198   |           
266    | 3.0169     | 0.5702     | 1.2123       | 1.2345       | 0.9625     | 0.7338       | 1.4350   |           
267    | 2.9965     | 0.5619     | 1.2125       | 1.2221       | 0.9573     | 0.7694       | 1.3275   |           
268    | 2.9658     | 0.5485     | 1.2079       | 1.2094       | 0.9604     | 0.7272       | 1.3535   |           
269    | 2.9650     | 0.5440     | 1.2032       | 1.2178       | 0.9656     | 0.6779       | 1.4147   |           
270    | 3.0230     | 0.5692     | 1.2263       | 1.2276       | 0.9635     | 0.7193       | 1.3872   |           
271    | 2.9921     | 0.5472     | 1.2240       | 1.2209       | 0.9635     | 0.7382       | 1.4213   |           
272    | 3.0250     | 0.5660     | 1.2237       | 1.2353       | 0.9688     | 0.7130       | 1.4044   |           
273    | 2.9762     | 0.5371     | 1.2121       | 1.2270       | 0.9583     | 0.7192       | 1.3826   |           
274    | 3.0634     | 0.6016     | 1.2218       | 1.2400       | 0.9604     | 0.7347       | 1.3816   |           
275    | 3.0507     | 0.5862     | 1.2299       | 1.2347       | 0.9615     | 0.7072       | 1.4093   |           
276    | 3.0075     | 0.5531     | 1.2275       | 1.2268       | 0.9625     | 0.7025       | 1.2881   |           
277    | 2.9616     | 0.5177     | 1.2209       | 1.2230       | 0.9563     | 0.6696       | 1.3322   |           
278    | 2.9856     | 0.5423     | 1.2223       | 1.2210       | 0.9646     | 0.7228       | 1.3325   |           
279    | 3.0504     | 0.5927     | 1.2349       | 1.2227       | 0.9646     | 0.7024       | 1.4308   |           
280    | 3.0155     | 0.5703     | 1.2372       | 1.2081       | 0.9615     | 0.6811       | 1.3505   |           
281    | 3.0502     | 0.6128     | 1.2288       | 1.2086       | 0.9625     | 0.6892       | 1.3812   |           
282    | 2.9804     | 0.5390     | 1.2234       | 1.2180       | 0.9625     | 0.7080       | 1.2883   |           
283    | 2.9400     | 0.4995     | 1.2247       | 1.2158       | 0.9552     | 0.7151       | 1.2392   |           
284    | 2.9640     | 0.5138     | 1.2284       | 1.2218       | 0.9521     | 0.7247       | 1.3355   |           
285    | 3.0505     | 0.5688     | 1.2361       | 1.2456       | 0.9656     | 0.7698       | 1.3030   |           
286    | 2.9972     | 0.5455     | 1.2222       | 1.2295       | 0.9479     | 0.6832       | 1.2481   |           
287    | 2.9373     | 0.5189     | 1.2154       | 1.2030       | 0.9656     | 0.6589       | 1.2782   |           
288    | 2.9682     | 0.5486     | 1.2234       | 1.1961       | 0.9646     | 0.6333       | 1.2549   | (ADV 0.65)
289    | 2.9755     | 0.5319     | 1.2234       | 1.2202       | 0.9698     | 0.6399       | 1.3473   | (ADV 0.65)
290    | 3.0002     | 0.5721     | 1.2187       | 1.2094       | 0.9604     | 0.6955       | 1.3219   |           
291    | 2.9942     | 0.5336     | 1.2335       | 1.2270       | 0.9594     | 0.6969       | 1.2465   |           
292    | 2.9797     | 0.5374     | 1.2316       | 1.2108       | 0.9594     | 0.6875       | 1.2886   |           
293    | 2.9771     | 0.5459     | 1.2095       | 1.2217       | 0.9479     | 0.6776       | 1.2783   |           
294    | 2.9657     | 0.5334     | 1.2202       | 1.2120       | 0.9563     | 0.6952       | 1.2865   |           
295    | 3.0100     | 0.5551     | 1.2338       | 1.2212       | 0.9563     | 0.7541       | 1.2627   |           
296    | 2.9892     | 0.5425     | 1.2138       | 1.2329       | 0.9531     | 0.6959       | 1.2020   |           
297    | 3.0292     | 0.5862     | 1.2154       | 1.2277       | 0.9656     | 0.6528       | 1.2250   |           
298    | 2.9750     | 0.5179     | 1.2283       | 1.2289       | 0.9688     | 0.6652       | 1.2095   |           
299    | 2.9956     | 0.5516     | 1.2195       | 1.2245       | 0.9552     | 0.6846       | 1.3495   |           
300    | 2.9803     | 0.5243     | 1.2181       | 1.2379       | 0.9563     | 0.6893       | 1.2772   |           
301    | 2.9648     | 0.5239     | 1.2206       | 1.2204       | 0.9635     | 0.6281       | 1.3058   |           
302    | 3.0092     | 0.5700     | 1.2273       | 1.2119       | 0.9510     | 0.6701       | 1.2254   |           
303    | 2.9751     | 0.5367     | 1.2140       | 1.2244       | 0.9604     | 0.7139       | 1.2847   |           
304    | 2.9739     | 0.5323     | 1.2290       | 1.2126       | 0.9656     | 0.6872       | 1.2245   |           
305    | 2.9875     | 0.5231     | 1.2409       | 1.2235       | 0.9667     | 0.7476       | 1.3520   |           
306    | 3.0410     | 0.5767     | 1.2398       | 1.2244       | 0.9667     | 0.6795       | 1.2535   |           
307    | 3.0493     | 0.5759     | 1.2415       | 1.2319       | 0.9625     | 0.6992       | 1.3396   |           
308    | 2.9612     | 0.5009     | 1.2424       | 1.2180       | 0.9625     | 0.6660       | 1.4480   |           
309    | 2.9788     | 0.5413     | 1.2244       | 1.2131       | 0.9594     | 0.6955       | 1.3657   |           
310    | 2.9703     | 0.5127     | 1.2352       | 1.2224       | 0.9708     | 0.6603       | 1.3140   |           
311    | 2.9844     | 0.5274     | 1.2434       | 1.2135       | 0.9573     | 0.7528       | 1.3810   |           
312    | 2.9964     | 0.5234     | 1.2388       | 1.2342       | 0.9698     | 0.7553       | 1.3758   |           
313    | 2.9878     | 0.5290     | 1.2307       | 1.2281       | 0.9656     | 0.6841       | 1.3648   |           
314    | 3.0733     | 0.5900     | 1.2450       | 1.2383       | 0.9656     | 0.7250       | 1.2841   |           
315    | 3.0539     | 0.5850     | 1.2321       | 1.2368       | 0.9552     | 0.6954       | 1.2655   |           
316    | 3.0108     | 0.5507     | 1.2223       | 1.2377       | 0.9667     | 0.6693       | 1.2760   |           
317    | 3.0488     | 0.5523     | 1.2438       | 1.2527       | 0.9688     | 0.6941       | 1.2240   |           
318    | 3.0491     | 0.5691     | 1.2317       | 1.2482       | 0.9698     | 0.7055       | 1.2932   |           
319    | 3.0141     | 0.5342     | 1.2343       | 1.2456       | 0.9677     | 0.6826       | 1.3086   |           
320    | 2.9589     | 0.5038     | 1.2247       | 1.2304       | 0.9656     | 0.6742       | 1.2942   |           
321    | 2.9959     | 0.5257     | 1.2294       | 1.2408       | 0.9677     | 0.6696       | 1.3262   |           
322    | 3.0297     | 0.5574     | 1.2306       | 1.2416       | 0.9615     | 0.7433       | 1.2979   |           
323    | 2.9991     | 0.5321     | 1.2273       | 1.2397       | 0.9635     | 0.7137       | 1.2683   |           
324    | 2.9867     | 0.5184     | 1.2393       | 1.2291       | 0.9646     | 0.6983       | 1.4682   |           
325    | 3.0022     | 0.5353     | 1.2361       | 1.2308       | 0.9677     | 0.6222       | 1.3128   | (ADV 0.66)
326    | 2.9250     | 0.4780     | 1.2270       | 1.2199       | 0.9625     | 0.6309       | 1.3811   |           
327    | 3.0328     | 0.5700     | 1.2356       | 1.2272       | 0.9656     | 0.6612       | 1.3290   |           
328    | 3.0346     | 0.5719     | 1.2265       | 1.2362       | 0.9646     | 0.6559       | 1.4256   |           
329    | 3.0265     | 0.5599     | 1.2394       | 1.2272       | 0.9604     | 0.6533       | 1.3921   |           
330    | 3.0535     | 0.5483     | 1.2477       | 1.2574       | 0.9563     | 0.7102       | 1.3084   |           
331    | 3.0178     | 0.5363     | 1.2358       | 1.2458       | 0.9563     | 0.6361       | 1.2947   |           
332    | 3.0724     | 0.5825     | 1.2358       | 1.2541       | 0.9604     | 0.7188       | 1.2001   |           
333    | 3.0034     | 0.5164     | 1.2444       | 1.2426       | 0.9667     | 0.7156       | 1.2883   |           
334    | 2.9951     | 0.5145     | 1.2241       | 1.2565       | 0.9646     | 0.7094       | 1.4169   |           
335    | 3.0051     | 0.5322     | 1.2329       | 1.2399       | 0.9719     | 0.7560       | 1.3753   |           
336    | 3.0180     | 0.5406     | 1.2369       | 1.2406       | 0.9698     | 0.6730       | 1.3403   |           
337    | 3.0343     | 0.5363     | 1.2444       | 1.2535       | 0.9646     | 0.7090       | 1.3111   |           
338    | 3.0323     | 0.5423     | 1.2389       | 1.2511       | 0.9656     | 0.6778       | 1.2774   |           
339    | 2.9807     | 0.5055     | 1.2310       | 1.2443       | 0.9625     | 0.7623       | 1.3617   |           
340    | 3.0100     | 0.5246     | 1.2423       | 1.2431       | 0.9656     | 0.7416       | 1.3162   |           
341    | 3.0016     | 0.5167     | 1.2384       | 1.2466       | 0.9708     | 0.7724       | 1.2730   |           
342    | 3.0513     | 0.5657     | 1.2419       | 1.2437       | 0.9635     | 0.7647       | 1.3816   |           
343    | 3.0134     | 0.5198     | 1.2498       | 1.2438       | 0.9625     | 0.7027       | 1.4305   |           
344    | 3.0744     | 0.5579     | 1.2512       | 1.2652       | 0.9552     | 0.7027       | 1.4123   |           
345    | 3.0848     | 0.5836     | 1.2465       | 1.2548       | 0.9625     | 0.7235       | 1.3349   |           
346    | 3.0643     | 0.5750     | 1.2454       | 1.2439       | 0.9635     | 0.7121       | 1.4582   |           
347    | 3.0504     | 0.5459     | 1.2582       | 1.2463       | 0.9583     | 0.7155       | 1.3714   |           
348    | 3.0442     | 0.5187     | 1.2900       | 1.2355       | 0.9615     | 0.7730       | 1.2014   |           
349    | 3.0559     | 0.5407     | 1.2762       | 1.2391       | 0.9427     | 0.7021       | 1.2943   |           
350    | 3.0493     | 0.5290     | 1.2780       | 1.2422       | 0.9646     | 0.7213       | 1.2317   |           
351    | 3.0589     | 0.5454     | 1.2761       | 1.2374       | 0.9667     | 0.7196       | 1.2199   |           
352    | 3.0612     | 0.5310     | 1.2876       | 1.2426       | 0.9625     | 0.7153       | 1.2974   |           
353    | 3.1373     | 0.5912     | 1.2842       | 1.2619       | 0.9635     | 0.7260       | 1.2474   |           
354    | 3.1061     | 0.5796     | 1.2708       | 1.2557       | 0.9542     | 0.7051       | 1.3378   |           
355    | 3.0629     | 0.5535     | 1.2641       | 1.2452       | 0.9531     | 0.6655       | 1.3104   |           
356    | 3.0986     | 0.5646     | 1.2684       | 1.2655       | 0.9594     | 0.6889       | 1.4065   |           
357    | 3.0776     | 0.5489     | 1.2628       | 1.2658       | 0.9625     | 0.6905       | 1.3922   |           
358    | 3.1052     | 0.5883     | 1.2614       | 1.2556       | 0.9615     | 0.7223       | 1.2670   |           
359    | 3.0116     | 0.5024     | 1.2549       | 1.2543       | 0.9573     | 0.6723       | 1.3534   |           
360    | 3.0159     | 0.5117     | 1.2489       | 1.2553       | 0.9656     | 0.6880       | 1.3709   |           
361    | 3.0524     | 0.5335     | 1.2606       | 1.2583       | 0.9698     | 0.6939       | 1.3828   |           
362    | 3.1178     | 0.6059     | 1.2551       | 1.2568       | 0.9635     | 0.7025       | 1.3338   |           
363    | 3.0062     | 0.4986     | 1.2514       | 1.2562       | 0.9615     | 0.7016       | 1.2471   |           
364    | 3.0239     | 0.5162     | 1.2550       | 1.2527       | 0.9573     | 0.7038       | 1.2660   |           
365    | 3.0170     | 0.5079     | 1.2634       | 1.2457       | 0.9594     | 0.7424       | 1.4863   |           
366    | 3.0549     | 0.5435     | 1.2592       | 1.2522       | 0.9594     | 0.6836       | 1.4320   |           
367    | 3.0452     | 0.5422     | 1.2628       | 1.2402       | 0.9604     | 0.6819       | 1.4269   |           
368    | 3.0226     | 0.5195     | 1.2580       | 1.2451       | 0.9531     | 0.6854       | 1.3350   |           
369    | 3.0118     | 0.4971     | 1.2606       | 1.2541       | 0.9594     | 0.6423       | 1.4798   |           
370    | 3.0383     | 0.5362     | 1.2549       | 1.2472       | 0.9594     | 0.6499       | 1.4207   |           
371    | 3.0531     | 0.5520     | 1.2584       | 1.2426       | 0.9552     | 0.6940       | 1.4219   |           
372    | 3.0383     | 0.5353     | 1.2516       | 1.2514       | 0.9573     | 0.7142       | 1.4154   |           
373    | 3.0184     | 0.5152     | 1.2531       | 1.2501       | 0.9625     | 0.6562       | 1.3313   |           
374    | 3.0379     | 0.5332     | 1.2596       | 1.2452       | 0.9708     | 0.6780       | 1.3412   |           
375    | 3.0466     | 0.5283     | 1.2643       | 1.2540       | 0.9552     | 0.6533       | 1.3513   |           
376    | 3.0079     | 0.4970     | 1.2503       | 1.2607       | 0.9625     | 0.5856       | 1.4038   | (ADV 0.67)
377    | 3.0332     | 0.5153     | 1.2663       | 1.2515       | 0.9521     | 0.5714       | 1.4121   |           
378    | 2.9912     | 0.4811     | 1.2507       | 1.2594       | 0.9500     | 0.6619       | 1.3869   |           
379    | 3.0290     | 0.5299     | 1.2509       | 1.2482       | 0.9573     | 0.6501       | 1.3345   |           
380    | 2.9919     | 0.4898     | 1.2517       | 1.2504       | 0.9594     | 0.6969       | 1.3304   |           
381    | 3.0084     | 0.5269     | 1.2392       | 1.2424       | 0.9573     | 0.6670       | 1.3769   |           
382    | 3.0297     | 0.5249     | 1.2513       | 1.2535       | 0.9552     | 0.7060       | 1.3217   |           
383    | 2.9638     | 0.4704     | 1.2503       | 1.2431       | 0.9604     | 0.6808       | 1.3313   |           
384    | 3.0324     | 0.5227     | 1.2553       | 1.2544       | 0.9542     | 0.6470       | 1.4319   |           
385    | 3.0289     | 0.5074     | 1.2628       | 1.2588       | 0.9479     | 0.6346       | 1.5102   |           
386    | 3.0642     | 0.5423     | 1.2489       | 1.2730       | 0.9573     | 0.5733       | 1.3665   | (ADV 0.67)
387    | 3.0779     | 0.5418     | 1.2471       | 1.2891       | 0.9521     | 0.6805       | 1.3418   |           
388    | 3.0385     | 0.5068     | 1.2433       | 1.2884       | 0.9656     | 0.6111       | 1.3035   |           
389    | 3.0250     | 0.5058     | 1.2458       | 1.2733       | 0.9646     | 0.6595       | 1.2461   |           
390    | 3.0810     | 0.5694     | 1.2463       | 1.2652       | 0.9583     | 0.6788       | 1.3916   |           
391    | 3.0103     | 0.4923     | 1.2586       | 1.2594       | 0.9594     | 0.6955       | 1.4482   |           
392    | 3.0603     | 0.5376     | 1.2603       | 1.2624       | 0.9563     | 0.6321       | 1.4398   |           
393    | 3.0116     | 0.4938     | 1.2598       | 1.2580       | 0.9615     | 0.6686       | 1.3588   |           
394    | 3.0228     | 0.5063     | 1.2509       | 1.2656       | 0.9500     | 0.6463       | 1.3894   |           
395    | 3.0635     | 0.5371     | 1.2609       | 1.2654       | 0.9573     | 0.6628       | 1.4527   |           
396    | 3.0344     | 0.5156     | 1.2538       | 1.2650       | 0.9500     | 0.7212       | 1.2690   |           
397    | 3.0282     | 0.4986     | 1.2723       | 1.2574       | 0.9500     | 0.6251       | 1.5254   |           
398    | 3.0591     | 0.5314     | 1.2639       | 1.2638       | 0.9479     | 0.7280       | 1.4226   |           
399    | 3.0741     | 0.5521     | 1.2584       | 1.2637       | 0.9458     | 0.7002       | 1.3611   |           
400    | 3.0340     | 0.5227     | 1.2501       | 1.2611       | 0.9594     | 0.7043       | 1.4079   |           
Seed 123456 | Src Acc: 96.5306 | Src MDE: 0.0723 | Tgt Acc: 25.6122 | Tgt MDE: 1.3665
Finished Combo FusionCDAN_3_4. Results saved.
