==========================================
Current Experiment: RTT Combination: ['Dist_mm_4']
RTT Input Dimension: 1
==========================================
Start Training Seed 42...

Start CDAN+E Training... (Entropy Conditioning Enabled)
Epoch  | Total Loss | Tr Cls     | Tr Dom RSSI  | Tr Dom RTT   | Val T Acc  | Val T Entropy | Test MDE
------------------------------------------------------------------------------------------------------------------------
1      | 6.6637     | 3.9078     | 1.3673       | 1.3886       | 0.4250     | 3.7415       | 1.8225   |           
2      | 5.9379     | 3.2721     | 1.2943       | 1.3715       | 0.6156     | 3.6430       | 1.5689   |           
3      | 5.4587     | 2.8603     | 1.2410       | 1.3573       | 0.7000     | 3.5395       | 1.4067   |           
4      | 5.0557     | 2.5377     | 1.1716       | 1.3464       | 0.7604     | 3.3491       | 1.3195   |           
5      | 4.7374     | 2.2944     | 1.1120       | 1.3310       | 0.8333     | 3.2484       | 1.3305   |           
6      | 4.4804     | 2.0987     | 1.0625       | 1.3192       | 0.8750     | 3.0593       | 1.1976   |           
7      | 4.2888     | 1.9423     | 1.0315       | 1.3149       | 0.9031     | 2.9169       | 1.2624   |           
8      | 4.0707     | 1.7951     | 0.9801       | 1.2955       | 0.9156     | 2.7769       | 1.3533   |           
9      | 3.8589     | 1.6199     | 0.9548       | 1.2842       | 0.9344     | 2.6335       | 1.2742   |           
10     | 3.7833     | 1.5558     | 0.9425       | 1.2851       | 0.9292     | 2.6103       | 1.3133   |           
11     | 3.6403     | 1.4693     | 0.9160       | 1.2549       | 0.9354     | 2.3729       | 1.3971   | (ADV -0.25)
12     | 3.5954     | 1.4025     | 0.9309       | 1.2620       | 0.9458     | 2.3524       | 1.3162   | (ADV -0.23)
13     | 3.5281     | 1.3559     | 0.9271       | 1.2452       | 0.9458     | 2.1834       | 1.3940   | (ADV -0.15)
14     | 3.4044     | 1.2687     | 0.9040       | 1.2317       | 0.9417     | 2.0988       | 1.3744   | (ADV -0.11)
15     | 3.3657     | 1.2611     | 0.8820       | 1.2226       | 0.9427     | 2.0105       | 1.3431   | (ADV -0.06)
16     | 3.2451     | 1.1631     | 0.8643       | 1.2178       | 0.9365     | 2.0197       | 1.4251   |           
17     | 3.2623     | 1.1506     | 0.8969       | 1.2148       | 0.9448     | 1.8878       | 1.4258   | (ADV 0.00)
18     | 3.2125     | 1.1181     | 0.8908       | 1.2035       | 0.9542     | 1.8696       | 1.4430   | (ADV 0.02)
19     | 3.2202     | 1.1208     | 0.8866       | 1.2127       | 0.9458     | 1.7930       | 1.4425   | (ADV 0.05)
20     | 3.2395     | 1.1044     | 0.9084       | 1.2267       | 0.9448     | 1.7597       | 1.3429   | (ADV 0.06)
21     | 3.2141     | 1.0645     | 0.9224       | 1.2272       | 0.9490     | 1.6799       | 1.3891   | (ADV 0.11)
22     | 3.1824     | 1.0643     | 0.9031       | 1.2150       | 0.9469     | 1.6396       | 1.4185   | (ADV 0.13)
23     | 3.1716     | 1.0307     | 0.9159       | 1.2250       | 0.9437     | 1.6779       | 1.4092   |           
24     | 3.1655     | 1.0108     | 0.9467       | 1.2080       | 0.9510     | 1.5959       | 1.4606   | (ADV 0.15)
25     | 3.1845     | 1.0333     | 0.9305       | 1.2207       | 0.9448     | 1.5777       | 1.3949   | (ADV 0.16)
26     | 3.1546     | 0.9928     | 0.9455       | 1.2164       | 0.9385     | 1.6468       | 1.4012   |           
27     | 3.0282     | 0.9061     | 0.9119       | 1.2103       | 0.9469     | 1.5323       | 1.4685   | (ADV 0.18)
28     | 3.0732     | 0.9525     | 0.9137       | 1.2071       | 0.9573     | 1.4367       | 1.4100   | (ADV 0.24)
29     | 3.0611     | 0.9401     | 0.9031       | 1.2179       | 0.9479     | 1.4751       | 1.3889   |           
30     | 3.0656     | 0.9194     | 0.9368       | 1.2095       | 0.9604     | 1.3981       | 1.4131   | (ADV 0.26)
31     | 3.0158     | 0.9071     | 0.9132       | 1.1954       | 0.9583     | 1.3901       | 1.3649   | (ADV 0.26)
32     | 3.0598     | 0.9471     | 0.9168       | 1.1959       | 0.9542     | 1.2951       | 1.4283   | (ADV 0.31)
33     | 2.9857     | 0.8785     | 0.9168       | 1.1903       | 0.9510     | 1.3763       | 1.4119   |           
34     | 3.0138     | 0.8687     | 0.9413       | 1.2038       | 0.9521     | 1.3086       | 1.3794   |           
35     | 3.0522     | 0.8915     | 0.9488       | 1.2119       | 0.9542     | 1.3176       | 1.3475   |           
36     | 3.0697     | 0.9121     | 0.9486       | 1.2090       | 0.9552     | 1.3177       | 1.3838   |           
37     | 2.9901     | 0.8684     | 0.9277       | 1.1939       | 0.9521     | 1.2662       | 1.3818   | (ADV 0.32)
38     | 3.0643     | 0.9085     | 0.9454       | 1.2104       | 0.9531     | 1.2893       | 1.3665   |           
39     | 3.0375     | 0.8586     | 0.9635       | 1.2154       | 0.9583     | 1.2590       | 1.3514   | (ADV 0.33)
40     | 3.0021     | 0.8570     | 0.9420       | 1.2031       | 0.9406     | 1.2141       | 1.3619   | (ADV 0.33)
41     | 3.0321     | 0.8743     | 0.9513       | 1.2065       | 0.9552     | 1.2315       | 1.3612   | (ADV 0.34)
42     | 2.9773     | 0.8221     | 0.9433       | 1.2118       | 0.9531     | 1.2061       | 1.3851   | (ADV 0.35)
43     | 3.0174     | 0.8690     | 0.9456       | 1.2028       | 0.9573     | 1.1472       | 1.3553   | (ADV 0.38)
44     | 3.0079     | 0.8489     | 0.9459       | 1.2132       | 0.9615     | 1.1614       | 1.3734   |           
45     | 3.0452     | 0.8688     | 0.9496       | 1.2268       | 0.9625     | 1.2154       | 1.4186   |           
46     | 3.0068     | 0.8467     | 0.9302       | 1.2299       | 0.9542     | 1.1464       | 1.4407   |           
47     | 3.0284     | 0.8473     | 0.9530       | 1.2281       | 0.9385     | 1.2046       | 1.3893   |           
48     | 2.9796     | 0.8154     | 0.9563       | 1.2079       | 0.9573     | 1.1671       | 1.3667   |           
49     | 3.0175     | 0.8567     | 0.9429       | 1.2178       | 0.9604     | 1.1804       | 1.3885   |           
50     | 2.9426     | 0.8108     | 0.9295       | 1.2022       | 0.9625     | 1.1415       | 1.3935   | (ADV 0.39)
51     | 2.9890     | 0.8135     | 0.9523       | 1.2233       | 0.9583     | 1.1298       | 1.3804   | (ADV 0.39)
52     | 2.8962     | 0.7615     | 0.9366       | 1.1980       | 0.9573     | 1.0878       | 1.3824   | (ADV 0.41)
53     | 2.9749     | 0.8271     | 0.9416       | 1.2062       | 0.9542     | 1.0947       | 1.3951   |           
54     | 3.0657     | 0.8560     | 0.9875       | 1.2222       | 0.9500     | 1.1498       | 1.2945   |           
55     | 2.9340     | 0.7988     | 0.9402       | 1.1950       | 0.9521     | 1.0934       | 1.3736   |           
56     | 2.9039     | 0.7868     | 0.9171       | 1.2000       | 0.9531     | 1.1030       | 1.3546   |           
57     | 2.9085     | 0.7722     | 0.9439       | 1.1924       | 0.9542     | 1.0766       | 1.3648   | (ADV 0.42)
58     | 2.8969     | 0.7749     | 0.9413       | 1.1807       | 0.9573     | 1.0686       | 1.3757   | (ADV 0.42)
59     | 2.9835     | 0.8285     | 0.9581       | 1.1969       | 0.9542     | 1.1097       | 1.3631   |           
60     | 2.9211     | 0.7625     | 0.9581       | 1.2006       | 0.9490     | 1.0787       | 1.3131   |           
61     | 2.9673     | 0.7946     | 0.9790       | 1.1938       | 0.9573     | 1.0566       | 1.3418   | (ADV 0.43)
62     | 2.9624     | 0.8027     | 0.9681       | 1.1915       | 0.9552     | 1.0010       | 1.3556   | (ADV 0.45)
63     | 2.9418     | 0.7865     | 0.9882       | 1.1670       | 0.9563     | 1.0746       | 1.3469   |           
64     | 2.9583     | 0.7856     | 0.9907       | 1.1820       | 0.9531     | 1.0496       | 1.2964   |           
65     | 2.9339     | 0.7802     | 0.9623       | 1.1914       | 0.9458     | 1.0736       | 1.3610   |           
66     | 3.0098     | 0.7981     | 1.0116       | 1.2001       | 0.9563     | 1.0204       | 1.4252   |           
67     | 3.0281     | 0.8131     | 1.0133       | 1.2016       | 0.9594     | 1.0560       | 1.3788   |           
68     | 2.9588     | 0.7575     | 0.9982       | 1.2032       | 0.9542     | 1.0007       | 1.3740   |           
69     | 3.0160     | 0.7880     | 1.0152       | 1.2129       | 0.9531     | 1.0307       | 1.4138   |           
70     | 3.0280     | 0.7868     | 1.0292       | 1.2120       | 0.9521     | 1.0366       | 1.2705   |           
71     | 3.0775     | 0.8166     | 1.0363       | 1.2246       | 0.9500     | 1.0575       | 1.4049   |           
72     | 3.0558     | 0.7930     | 1.0318       | 1.2310       | 0.9333     | 1.0301       | 1.3849   |           
73     | 3.0645     | 0.7937     | 1.0333       | 1.2375       | 0.9552     | 1.0071       | 1.3609   |           
74     | 3.0112     | 0.7631     | 1.0261       | 1.2220       | 0.9458     | 1.0230       | 1.4097   |           
75     | 3.0224     | 0.7693     | 1.0357       | 1.2173       | 0.9510     | 0.9787       | 1.3612   | (ADV 0.46)
76     | 2.9851     | 0.7382     | 1.0367       | 1.2102       | 0.9531     | 0.9611       | 1.3415   | (ADV 0.47)
77     | 3.0790     | 0.8089     | 1.0461       | 1.2240       | 0.9635     | 1.0234       | 1.3404   |           
78     | 3.0251     | 0.7583     | 1.0440       | 1.2228       | 0.9542     | 0.9778       | 1.3079   |           
79     | 3.0795     | 0.7927     | 1.0481       | 1.2388       | 0.9156     | 1.0801       | 1.3696   |           
80     | 3.0677     | 0.7680     | 1.0621       | 1.2377       | 0.9594     | 0.9743       | 1.3369   |           
81     | 3.0371     | 0.7451     | 1.0439       | 1.2481       | 0.9479     | 0.9501       | 1.3794   | (ADV 0.47)
82     | 3.0496     | 0.7684     | 1.0478       | 1.2333       | 0.9583     | 1.0038       | 1.3486   |           
83     | 3.0111     | 0.7468     | 1.0339       | 1.2304       | 0.9573     | 0.9733       | 1.3735   |           
84     | 3.0838     | 0.7962     | 1.0485       | 1.2391       | 0.9521     | 0.9430       | 1.3214   | (ADV 0.48)
85     | 3.1284     | 0.8126     | 1.0746       | 1.2412       | 0.9417     | 0.9261       | 1.3204   |           
86     | 3.0699     | 0.7863     | 1.0518       | 1.2318       | 0.9510     | 1.0149       | 1.3634   |           
87     | 3.0653     | 0.7681     | 1.0528       | 1.2444       | 0.9625     | 0.9273       | 1.2857   | (ADV 0.50)
88     | 3.1005     | 0.8005     | 1.0533       | 1.2467       | 0.9615     | 0.9247       | 1.4066   | (ADV 0.50)
89     | 3.0853     | 0.7972     | 1.0505       | 1.2376       | 0.9531     | 0.9469       | 1.3974   |           
90     | 3.0817     | 0.7684     | 1.0575       | 1.2557       | 0.9448     | 0.9621       | 1.3295   |           
91     | 3.1210     | 0.8135     | 1.0565       | 1.2509       | 0.9437     | 0.9761       | 1.3551   |           
92     | 3.0435     | 0.7589     | 1.0413       | 1.2433       | 0.9354     | 1.0162       | 1.3514   |           
93     | 3.0959     | 0.8000     | 1.0514       | 1.2445       | 0.9542     | 0.9991       | 1.3937   |           
94     | 3.0821     | 0.7492     | 1.0636       | 1.2692       | 0.9573     | 0.9880       | 1.3354   |           
95     | 3.1109     | 0.7740     | 1.0664       | 1.2704       | 0.9313     | 0.9679       | 1.3338   |           
96     | 3.1055     | 0.7858     | 1.0646       | 1.2550       | 0.9365     | 0.9255       | 1.3709   |           
97     | 3.1219     | 0.7688     | 1.0789       | 1.2742       | 0.9615     | 0.9440       | 1.3458   |           
98     | 3.1020     | 0.7719     | 1.0546       | 1.2755       | 0.9573     | 0.9237       | 1.3415   |           
99     | 3.0543     | 0.7318     | 1.0617       | 1.2608       | 0.9635     | 0.9496       | 1.3236   |           
100    | 3.0788     | 0.7340     | 1.0739       | 1.2709       | 0.9542     | 0.9383       | 1.3336   |           
101    | 3.1914     | 0.8114     | 1.0842       | 1.2959       | 0.9417     | 0.9923       | 1.3005   |           
102    | 3.1761     | 0.8092     | 1.0847       | 1.2823       | 0.9469     | 0.9228       | 1.3534   |           
103    | 3.1157     | 0.7560     | 1.0836       | 1.2762       | 0.9490     | 0.9074       | 1.3553   |           
104    | 3.1061     | 0.7479     | 1.0913       | 1.2668       | 0.9573     | 0.9324       | 1.3456   |           
105    | 3.1435     | 0.7711     | 1.0939       | 1.2786       | 0.9594     | 0.9257       | 1.3833   |           
106    | 3.0893     | 0.7275     | 1.0865       | 1.2754       | 0.9448     | 0.9086       | 1.3411   |           
107    | 3.1809     | 0.7752     | 1.1136       | 1.2920       | 0.9521     | 0.9148       | 1.3755   |           
108    | 3.1431     | 0.7500     | 1.1071       | 1.2860       | 0.9458     | 0.9342       | 1.3376   |           
109    | 3.1831     | 0.7780     | 1.1107       | 1.2945       | 0.9500     | 0.9079       | 1.3188   |           
110    | 3.1231     | 0.7329     | 1.1073       | 1.2828       | 0.9635     | 0.9154       | 1.3253   | (ADV 0.51)
111    | 3.1249     | 0.7542     | 1.0943       | 1.2764       | 0.9521     | 0.8846       | 1.3026   | (ADV 0.51)
112    | 3.0922     | 0.7275     | 1.0902       | 1.2744       | 0.9406     | 0.9624       | 1.3082   |           
113    | 3.0735     | 0.6966     | 1.1024       | 1.2745       | 0.9604     | 0.9182       | 1.3591   |           
114    | 3.1028     | 0.7333     | 1.1026       | 1.2669       | 0.9510     | 0.8379       | 1.3529   | (ADV 0.53)
115    | 3.1075     | 0.7302     | 1.0987       | 1.2787       | 0.9646     | 0.8826       | 1.3681   |           
116    | 3.1336     | 0.7348     | 1.1152       | 1.2837       | 0.9500     | 0.8543       | 1.3959   |           
117    | 3.0630     | 0.7004     | 1.0948       | 1.2678       | 0.9385     | 0.8125       | 1.3741   | (ADV 0.53)
118    | 3.1357     | 0.7465     | 1.1215       | 1.2677       | 0.9531     | 0.8878       | 1.3369   |           
119    | 3.1212     | 0.7638     | 1.1033       | 1.2541       | 0.9635     | 0.8449       | 1.3693   | (ADV 0.54)
120    | 3.1182     | 0.7357     | 1.1058       | 1.2768       | 0.9594     | 0.8237       | 1.3582   | (ADV 0.55)
121    | 3.1339     | 0.7396     | 1.1224       | 1.2719       | 0.9625     | 0.8733       | 1.3450   |           
122    | 3.0958     | 0.7000     | 1.1186       | 1.2772       | 0.9594     | 0.8837       | 1.3450   |           
123    | 3.1959     | 0.7758     | 1.1393       | 1.2808       | 0.9656     | 0.8311       | 1.3604   | (ADV 0.55)
124    | 3.1348     | 0.7447     | 1.1216       | 1.2685       | 0.9500     | 0.9678       | 1.3264   |           
125    | 3.1449     | 0.7251     | 1.1406       | 1.2792       | 0.9656     | 0.8449       | 1.3774   |           
126    | 3.0739     | 0.6879     | 1.1206       | 1.2653       | 0.9542     | 0.8579       | 1.3488   |           
127    | 3.1168     | 0.7214     | 1.1331       | 1.2623       | 0.9615     | 0.8451       | 1.3417   |           
128    | 3.1225     | 0.7355     | 1.1204       | 1.2666       | 0.9531     | 0.8494       | 1.3600   |           
129    | 3.2287     | 0.7993     | 1.1479       | 1.2815       | 0.9594     | 0.8466       | 1.3287   |           
130    | 3.1615     | 0.7453     | 1.1434       | 1.2728       | 0.9708     | 0.8328       | 1.3656   | (ADV 0.55)
131    | 3.1698     | 0.7514     | 1.1385       | 1.2799       | 0.9615     | 0.8744       | 1.3475   |           
132    | 3.1866     | 0.7578     | 1.1512       | 1.2776       | 0.9458     | 0.8721       | 1.3277   |           
133    | 3.1189     | 0.6975     | 1.1482       | 1.2733       | 0.9333     | 0.8924       | 1.3465   |           
134    | 3.1580     | 0.7445     | 1.1505       | 1.2630       | 0.9604     | 0.8311       | 1.3811   |           
135    | 3.1702     | 0.7511     | 1.1370       | 1.2821       | 0.9573     | 0.8398       | 1.4294   |           
136    | 3.1868     | 0.7716     | 1.1430       | 1.2722       | 0.9563     | 0.8325       | 1.3816   |           
137    | 3.0988     | 0.7079     | 1.1276       | 1.2633       | 0.9635     | 0.7973       | 1.3810   | (ADV 0.56)
138    | 3.0998     | 0.7036     | 1.1243       | 1.2719       | 0.9479     | 0.8650       | 1.3981   |           
139    | 3.1501     | 0.7402     | 1.1366       | 1.2733       | 0.9521     | 0.8179       | 1.3974   |           
140    | 3.1438     | 0.7221     | 1.1384       | 1.2834       | 0.9542     | 0.8225       | 1.4262   |           
141    | 3.1063     | 0.6790     | 1.1434       | 1.2839       | 0.9521     | 0.8536       | 1.4344   |           
142    | 3.1298     | 0.7091     | 1.1430       | 1.2776       | 0.9615     | 0.7927       | 1.3677   | (ADV 0.57)
143    | 3.1441     | 0.7302     | 1.1380       | 1.2759       | 0.9583     | 0.8355       | 1.3674   |           
144    | 3.1532     | 0.7129     | 1.1561       | 1.2841       | 0.9594     | 0.8367       | 1.3281   |           
145    | 3.1348     | 0.7099     | 1.1515       | 1.2734       | 0.9635     | 0.7834       | 1.3641   | (ADV 0.57)
146    | 3.1230     | 0.7119     | 1.1335       | 1.2776       | 0.9594     | 0.8369       | 1.3671   |           
147    | 3.1084     | 0.6928     | 1.1405       | 1.2751       | 0.9563     | 0.8808       | 1.4120   |           
148    | 3.1942     | 0.7755     | 1.1414       | 1.2773       | 0.9510     | 0.8172       | 1.3463   |           
149    | 3.1626     | 0.7280     | 1.1454       | 1.2892       | 0.9156     | 0.8402       | 1.4204   |           
150    | 3.1216     | 0.7027     | 1.1436       | 1.2753       | 0.9479     | 0.8429       | 1.3102   |           
151    | 3.1545     | 0.7206     | 1.1485       | 1.2854       | 0.9479     | 0.8244       | 1.3916   |           
152    | 3.1268     | 0.6868     | 1.1676       | 1.2725       | 0.9604     | 0.8301       | 1.3843   |           
153    | 3.1747     | 0.7200     | 1.1748       | 1.2799       | 0.9500     | 0.8753       | 1.3963   |           
154    | 3.1742     | 0.7451     | 1.1592       | 1.2699       | 0.9521     | 0.8236       | 1.3280   |           
155    | 3.1031     | 0.6869     | 1.1528       | 1.2635       | 0.9656     | 0.8264       | 1.3566   |           
156    | 3.0899     | 0.6806     | 1.1387       | 1.2706       | 0.9656     | 0.8208       | 1.3897   |           
157    | 3.1452     | 0.7154     | 1.1485       | 1.2812       | 0.9646     | 0.8056       | 1.3693   |           
158    | 3.1508     | 0.7063     | 1.1652       | 1.2793       | 0.9469     | 0.8235       | 1.3403   |           
159    | 3.1612     | 0.7216     | 1.1646       | 1.2750       | 0.9604     | 0.8259       | 1.2956   |           
160    | 3.1624     | 0.7455     | 1.1550       | 1.2618       | 0.9479     | 0.8994       | 1.3453   |           
161    | 3.1085     | 0.7078     | 1.1403       | 1.2604       | 0.9573     | 0.8545       | 1.2927   |           
162    | 3.1105     | 0.6949     | 1.1371       | 1.2786       | 0.9406     | 0.8487       | 1.4711   |           
163    | 3.1288     | 0.7048     | 1.1499       | 1.2742       | 0.9604     | 0.8325       | 1.3133   |           
164    | 3.1271     | 0.7084     | 1.1537       | 1.2649       | 0.9594     | 0.8293       | 1.3502   |           
165    | 3.1092     | 0.6978     | 1.1609       | 1.2505       | 0.9615     | 0.8244       | 1.3356   |           
166    | 3.1635     | 0.7390     | 1.1545       | 1.2700       | 0.9667     | 0.8108       | 1.3946   |           
167    | 3.1232     | 0.7103     | 1.1421       | 1.2708       | 0.9719     | 0.8090       | 1.3812   |           
168    | 3.1448     | 0.7171     | 1.1625       | 1.2652       | 0.9688     | 0.8036       | 1.3525   |           
169    | 3.1262     | 0.6978     | 1.1599       | 1.2685       | 0.9542     | 0.8344       | 1.4123   |           
170    | 3.1708     | 0.7362     | 1.1628       | 1.2718       | 0.9583     | 0.8176       | 1.3702   |           
171    | 3.1294     | 0.6897     | 1.1651       | 1.2746       | 0.9646     | 0.7938       | 1.3933   |           
172    | 3.1481     | 0.6996     | 1.1689       | 1.2796       | 0.9604     | 0.8198       | 1.3809   |           
173    | 3.1328     | 0.6877     | 1.1704       | 1.2747       | 0.9698     | 0.8192       | 1.4226   |           
174    | 3.1832     | 0.7271     | 1.1815       | 1.2746       | 0.9500     | 0.7950       | 1.3681   |           
175    | 3.0942     | 0.6615     | 1.1690       | 1.2637       | 0.9552     | 0.7617       | 1.3602   | (ADV 0.57)
176    | 3.1261     | 0.7027     | 1.1534       | 1.2700       | 0.9594     | 0.8069       | 1.4000   |           
177    | 3.1344     | 0.6928     | 1.1734       | 1.2681       | 0.9698     | 0.8159       | 1.4046   |           
178    | 3.0863     | 0.6484     | 1.1693       | 1.2686       | 0.9646     | 0.7911       | 1.4049   |           
179    | 3.1517     | 0.7193     | 1.1583       | 1.2741       | 0.9667     | 0.8128       | 1.3818   |           
180    | 3.1262     | 0.6966     | 1.1564       | 1.2733       | 0.9500     | 0.8187       | 1.3927   |           
181    | 3.1143     | 0.6883     | 1.1555       | 1.2706       | 0.9583     | 0.8133       | 1.4399   |           
182    | 3.1355     | 0.6988     | 1.1659       | 1.2707       | 0.9583     | 0.7979       | 1.4035   |           
183    | 3.2466     | 0.7725     | 1.1977       | 1.2764       | 0.9646     | 0.7605       | 1.3215   | (ADV 0.58)
184    | 3.1143     | 0.6819     | 1.1676       | 1.2649       | 0.9604     | 0.7980       | 1.3631   |           
185    | 3.2011     | 0.7524     | 1.1747       | 1.2741       | 0.9656     | 0.8134       | 1.4289   |           
186    | 3.1800     | 0.7293     | 1.1689       | 1.2818       | 0.9510     | 0.7518       | 1.3631   |           
187    | 3.1325     | 0.6892     | 1.1715       | 1.2719       | 0.9479     | 0.8180       | 1.3637   |           
188    | 3.1239     | 0.6632     | 1.1763       | 1.2845       | 0.9656     | 0.7701       | 1.4684   |           
189    | 3.1862     | 0.7143     | 1.1905       | 1.2814       | 0.9563     | 0.7991       | 1.4944   |           
190    | 3.0931     | 0.6407     | 1.1881       | 1.2642       | 0.9469     | 0.8082       | 1.4346   |           
191    | 3.1285     | 0.6866     | 1.1698       | 1.2721       | 0.9646     | 0.7792       | 1.4007   |           
192    | 3.1544     | 0.7012     | 1.1785       | 1.2746       | 0.9625     | 0.8249       | 1.4144   |           
193    | 3.1109     | 0.6793     | 1.1615       | 1.2701       | 0.9563     | 0.8312       | 1.4329   |           
194    | 3.0849     | 0.6712     | 1.1481       | 1.2657       | 0.9573     | 0.7462       | 1.4212   |           
195    | 3.1129     | 0.6730     | 1.1690       | 1.2709       | 0.9552     | 0.7761       | 1.4667   |           
196    | 3.1597     | 0.7097     | 1.1752       | 1.2748       | 0.9740     | 0.7858       | 1.4547   |           
197    | 3.1279     | 0.6804     | 1.1737       | 1.2739       | 0.9521     | 0.8349       | 1.4481   |           
198    | 3.1069     | 0.6708     | 1.1650       | 1.2711       | 0.9625     | 0.8312       | 1.4656   |           
199    | 3.1144     | 0.6894     | 1.1545       | 1.2706       | 0.9594     | 0.7928       | 1.4455   |           
200    | 3.0970     | 0.6476     | 1.1663       | 1.2832       | 0.9573     | 0.7676       | 1.4062   |           
201    | 3.1166     | 0.6827     | 1.1676       | 1.2663       | 0.9396     | 0.7333       | 1.4129   |           
202    | 3.2008     | 0.7264     | 1.1943       | 1.2800       | 0.9521     | 0.8491       | 1.4413   |           
203    | 3.1452     | 0.6992     | 1.1784       | 1.2677       | 0.9698     | 0.7855       | 1.4185   |           
204    | 3.0566     | 0.6407     | 1.1556       | 1.2603       | 0.9604     | 0.8501       | 1.4267   |           
205    | 3.0995     | 0.6656     | 1.1652       | 1.2686       | 0.9625     | 0.7981       | 1.3985   |           
206    | 3.1681     | 0.7307     | 1.1695       | 1.2679       | 0.9594     | 0.7427       | 1.4095   | (ADV 0.59)
207    | 3.1279     | 0.6859     | 1.1754       | 1.2666       | 0.9604     | 0.7874       | 1.3869   |           
208    | 3.1282     | 0.6809     | 1.1751       | 1.2722       | 0.9604     | 0.7702       | 1.4391   |           
209    | 3.1201     | 0.6878     | 1.1675       | 1.2648       | 0.9542     | 0.7188       | 1.3496   | (ADV 0.59)
210    | 3.1020     | 0.6738     | 1.1616       | 1.2666       | 0.9615     | 0.7671       | 1.3609   |           
211    | 3.1272     | 0.6908     | 1.1619       | 1.2746       | 0.9500     | 0.7147       | 1.4040   |           
212    | 3.0701     | 0.6522     | 1.1587       | 1.2592       | 0.9500     | 0.7573       | 1.3761   |           
213    | 3.1492     | 0.7052     | 1.1817       | 1.2624       | 0.9490     | 0.7656       | 1.3601   |           
214    | 3.1384     | 0.6958     | 1.1753       | 1.2674       | 0.9552     | 0.7371       | 1.3323   |           
215    | 3.1334     | 0.7003     | 1.1643       | 1.2688       | 0.9667     | 0.8055       | 1.3638   |           
216    | 3.1272     | 0.6817     | 1.1709       | 1.2746       | 0.9656     | 0.7515       | 1.3792   |           
217    | 3.0992     | 0.6597     | 1.1757       | 1.2638       | 0.9667     | 0.7591       | 1.3756   |           
218    | 3.1286     | 0.6750     | 1.1863       | 1.2673       | 0.9698     | 0.8060       | 1.3753   |           
219    | 3.1331     | 0.6801     | 1.1808       | 1.2722       | 0.9604     | 0.8311       | 1.4078   |           
220    | 3.1089     | 0.6593     | 1.1805       | 1.2691       | 0.9656     | 0.7733       | 1.3721   |           
221    | 3.1317     | 0.6868     | 1.1718       | 1.2731       | 0.9625     | 0.8025       | 1.3520   |           
222    | 3.2252     | 0.7576     | 1.1844       | 1.2831       | 0.9573     | 0.7656       | 1.3694   |           
223    | 3.1172     | 0.6772     | 1.1698       | 1.2702       | 0.9604     | 0.7952       | 1.4364   |           
224    | 3.1774     | 0.6924     | 1.1957       | 1.2893       | 0.9688     | 0.7880       | 1.4546   |           
225    | 3.1737     | 0.7068     | 1.1921       | 1.2748       | 0.9625     | 0.8080       | 1.4369   |           
226    | 3.1479     | 0.6813     | 1.1858       | 1.2808       | 0.9625     | 0.7968       | 1.3783   |           
227    | 3.1671     | 0.6963     | 1.1879       | 1.2829       | 0.9448     | 0.7476       | 1.4085   |           
228    | 3.0990     | 0.6578     | 1.1708       | 1.2703       | 0.9604     | 0.7286       | 1.3817   | (ADV 0.60)
229    | 3.1635     | 0.7019     | 1.1795       | 1.2821       | 0.9625     | 0.7509       | 1.3710   |           
230    | 3.0967     | 0.6584     | 1.1720       | 1.2663       | 0.9531     | 0.7203       | 1.3933   |           
231    | 3.1166     | 0.6720     | 1.1736       | 1.2709       | 0.9656     | 0.7265       | 1.4155   | (ADV 0.60)
232    | 3.0498     | 0.6284     | 1.1572       | 1.2642       | 0.9656     | 0.7658       | 1.3982   |           
233    | 3.0765     | 0.6549     | 1.1610       | 1.2606       | 0.9656     | 0.7170       | 1.4258   | (ADV 0.61)
234    | 3.1241     | 0.6709     | 1.1788       | 1.2744       | 0.9635     | 0.7307       | 1.3406   |           
235    | 3.1441     | 0.6780     | 1.1866       | 1.2795       | 0.9469     | 0.7430       | 1.3492   |           
236    | 3.1323     | 0.6788     | 1.1852       | 1.2683       | 0.9646     | 0.7589       | 1.3563   |           
237    | 3.1461     | 0.6889     | 1.1875       | 1.2697       | 0.9479     | 0.7196       | 1.3167   |           
238    | 3.1292     | 0.6994     | 1.1758       | 1.2539       | 0.9615     | 0.7733       | 1.3720   |           
239    | 3.0886     | 0.6481     | 1.1715       | 1.2691       | 0.9615     | 0.7390       | 1.3571   |           
240    | 3.0871     | 0.6507     | 1.1803       | 1.2561       | 0.9698     | 0.7590       | 1.3645   |           
241    | 3.1329     | 0.6780     | 1.1880       | 1.2669       | 0.9552     | 0.7186       | 1.3739   |           
242    | 3.1456     | 0.6892     | 1.1908       | 1.2656       | 0.9542     | 0.8034       | 1.3996   |           
243    | 3.1401     | 0.6917     | 1.1822       | 1.2661       | 0.9625     | 0.7540       | 1.4190   |           
244    | 3.1405     | 0.6898     | 1.1775       | 1.2732       | 0.9521     | 0.7087       | 1.3919   |           
245    | 3.0940     | 0.6681     | 1.1526       | 1.2733       | 0.9667     | 0.7548       | 1.4064   |           
246    | 3.0685     | 0.6321     | 1.1682       | 1.2682       | 0.9583     | 0.7393       | 1.4128   |           
247    | 3.1623     | 0.6859     | 1.1979       | 1.2785       | 0.9563     | 0.7516       | 1.3739   |           
248    | 3.1265     | 0.6762     | 1.1801       | 1.2702       | 0.9531     | 0.7661       | 1.4041   |           
249    | 3.1609     | 0.7091     | 1.1793       | 1.2725       | 0.9594     | 0.7056       | 1.3755   |           
250    | 3.1308     | 0.6713     | 1.1790       | 1.2805       | 0.9656     | 0.7583       | 1.4870   |           
251    | 3.1042     | 0.6456     | 1.1945       | 1.2640       | 0.9635     | 0.7435       | 1.3438   |           
252    | 3.1669     | 0.7032     | 1.1959       | 1.2679       | 0.9708     | 0.8149       | 1.3933   |           
253    | 3.1604     | 0.6850     | 1.2022       | 1.2732       | 0.9615     | 0.7641       | 1.3524   |           
254    | 3.1719     | 0.6701     | 1.2131       | 1.2887       | 0.9667     | 0.7740       | 1.3834   |           
255    | 3.0762     | 0.6168     | 1.1899       | 1.2695       | 0.9708     | 0.7608       | 1.3973   |           
256    | 3.1822     | 0.6829     | 1.2114       | 1.2879       | 0.9635     | 0.7976       | 1.4095   |           
257    | 3.1327     | 0.6505     | 1.1965       | 1.2857       | 0.9490     | 0.7289       | 1.3919   |           
258    | 3.1440     | 0.6593     | 1.1985       | 1.2862       | 0.9719     | 0.7112       | 1.3847   | (ADV 0.62)
259    | 3.1367     | 0.6498     | 1.1954       | 1.2916       | 0.9667     | 0.7572       | 1.3654   |           
260    | 3.1349     | 0.6660     | 1.1926       | 1.2762       | 0.9583     | 0.7244       | 1.3455   |           
261    | 3.1141     | 0.6472     | 1.1978       | 1.2691       | 0.9604     | 0.6788       | 1.3759   | (ADV 0.62)
262    | 3.0602     | 0.6028     | 1.2002       | 1.2572       | 0.9656     | 0.7288       | 1.4073   |           
263    | 3.1077     | 0.6319     | 1.1999       | 1.2760       | 0.9604     | 0.7247       | 1.4139   |           
264    | 3.2072     | 0.7345     | 1.1973       | 1.2753       | 0.9187     | 0.7156       | 1.4006   |           
265    | 3.1595     | 0.6802     | 1.1942       | 1.2851       | 0.9573     | 0.6986       | 1.3594   |           
266    | 3.1513     | 0.6889     | 1.1830       | 1.2795       | 0.9615     | 0.7493       | 1.3927   |           
267    | 3.0964     | 0.6435     | 1.1827       | 1.2703       | 0.9625     | 0.7069       | 1.4120   |           
268    | 3.1249     | 0.6506     | 1.1907       | 1.2836       | 0.9510     | 0.7442       | 1.3632   |           
269    | 3.1426     | 0.6724     | 1.1836       | 1.2867       | 0.9667     | 0.7424       | 1.3764   |           
270    | 3.1016     | 0.6340     | 1.1961       | 1.2715       | 0.9542     | 0.7437       | 1.3794   |           
271    | 3.1355     | 0.6493     | 1.2022       | 1.2840       | 0.9677     | 0.7382       | 1.3569   |           
272    | 3.1536     | 0.6753     | 1.1978       | 1.2804       | 0.9198     | 0.8127       | 1.3166   |           
273    | 3.0970     | 0.6268     | 1.1994       | 1.2708       | 0.9531     | 0.6708       | 1.3374   |           
274    | 3.1651     | 0.6683     | 1.2209       | 1.2760       | 0.9573     | 0.7381       | 1.4119   |           
275    | 3.0684     | 0.6198     | 1.1846       | 1.2640       | 0.9646     | 0.7042       | 1.3418   |           
276    | 3.1362     | 0.6505     | 1.2100       | 1.2757       | 0.9646     | 0.7519       | 1.3857   |           
277    | 3.1795     | 0.6965     | 1.2025       | 1.2804       | 0.9500     | 0.7325       | 1.3640   |           
278    | 3.0783     | 0.6300     | 1.1772       | 1.2712       | 0.9573     | 0.6431       | 1.3835   | (ADV 0.64)
279    | 3.1023     | 0.6506     | 1.1812       | 1.2705       | 0.9437     | 0.6686       | 1.3292   |           
280    | 3.1473     | 0.6810     | 1.1912       | 1.2752       | 0.9677     | 0.7015       | 1.3275   |           
281    | 3.1469     | 0.6700     | 1.1959       | 1.2810       | 0.9625     | 0.7285       | 1.4016   |           
282    | 3.1074     | 0.6514     | 1.1955       | 1.2605       | 0.9667     | 0.6967       | 1.3630   |           
283    | 3.1798     | 0.6998     | 1.2007       | 1.2792       | 0.9688     | 0.7326       | 1.4522   |           
284    | 3.1322     | 0.6593     | 1.1991       | 1.2738       | 0.9500     | 0.7239       | 1.3193   |           
285    | 3.1289     | 0.6421     | 1.2022       | 1.2846       | 0.9698     | 0.7252       | 1.3717   |           
286    | 3.1059     | 0.6371     | 1.1986       | 1.2702       | 0.9437     | 0.7124       | 1.3576   |           
287    | 3.1402     | 0.6621     | 1.1960       | 1.2821       | 0.9563     | 0.7106       | 1.3705   |           
288    | 3.1438     | 0.6715     | 1.1908       | 1.2815       | 0.9552     | 0.7570       | 1.3890   |           
289    | 3.1903     | 0.6994     | 1.2081       | 1.2827       | 0.9448     | 0.7285       | 1.3942   |           
290    | 3.1387     | 0.6532     | 1.2060       | 1.2795       | 0.9719     | 0.7174       | 1.3218   |           
291    | 3.1018     | 0.6373     | 1.1884       | 1.2761       | 0.9719     | 0.7309       | 1.3989   |           
292    | 3.1220     | 0.6351     | 1.2072       | 1.2797       | 0.9677     | 0.7296       | 1.3675   |           
293    | 3.1432     | 0.6522     | 1.2132       | 1.2778       | 0.9604     | 0.7519       | 1.4035   |           
294    | 3.1418     | 0.6420     | 1.1964       | 1.3034       | 0.9594     | 0.7099       | 1.3617   |           
295    | 3.0957     | 0.6305     | 1.1917       | 1.2735       | 0.9406     | 0.7261       | 1.4848   |           
296    | 3.1474     | 0.6762     | 1.1923       | 1.2789       | 0.9615     | 0.7332       | 1.3494   |           
297    | 3.1020     | 0.6294     | 1.1956       | 1.2770       | 0.9427     | 0.6960       | 1.3995   |           
298    | 3.0942     | 0.6359     | 1.1861       | 1.2722       | 0.9510     | 0.7030       | 1.3645   |           
299    | 3.1116     | 0.6332     | 1.1994       | 1.2790       | 0.9677     | 0.7541       | 1.3904   |           
300    | 3.1544     | 0.6648     | 1.2039       | 1.2857       | 0.9708     | 0.6756       | 1.3426   |           
301    | 3.0970     | 0.6276     | 1.1937       | 1.2757       | 0.9708     | 0.7520       | 1.3796   |           
302    | 3.1721     | 0.6793     | 1.2101       | 1.2827       | 0.9625     | 0.6973       | 1.3275   |           
303    | 3.1284     | 0.6577     | 1.1966       | 1.2742       | 0.9573     | 0.6969       | 1.3914   |           
304    | 3.0974     | 0.6107     | 1.2110       | 1.2757       | 0.9656     | 0.7380       | 1.3586   |           
305    | 3.0997     | 0.6191     | 1.2048       | 1.2759       | 0.9677     | 0.7223       | 1.3336   |           
306    | 3.0849     | 0.6054     | 1.2102       | 1.2694       | 0.9646     | 0.7174       | 1.3546   |           
307    | 3.1776     | 0.6900     | 1.2098       | 1.2778       | 0.9615     | 0.7413       | 1.3206   |           
308    | 3.0965     | 0.6255     | 1.2014       | 1.2695       | 0.9688     | 0.8017       | 1.3224   |           
309    | 3.0787     | 0.5971     | 1.2059       | 1.2757       | 0.9615     | 0.7014       | 1.4430   |           
310    | 3.1551     | 0.6562     | 1.2117       | 1.2872       | 0.9625     | 0.7921       | 1.2685   |           
311    | 3.1086     | 0.6277     | 1.2048       | 1.2762       | 0.9771     | 0.7193       | 1.3248   |           
312    | 3.1418     | 0.6674     | 1.1937       | 1.2807       | 0.9667     | 0.7035       | 1.4007   |           
313    | 3.1490     | 0.6580     | 1.2055       | 1.2854       | 0.9563     | 0.6748       | 1.3743   |           
314    | 3.1007     | 0.6129     | 1.2067       | 1.2812       | 0.9760     | 0.6800       | 1.3757   | (ADV 0.64)
315    | 3.1125     | 0.6195     | 1.2130       | 1.2800       | 0.9604     | 0.6580       | 1.4025   |           
316    | 3.1713     | 0.6591     | 1.2233       | 1.2890       | 0.9615     | 0.6505       | 1.3947   | (ADV 0.64)
317    | 3.1361     | 0.6388     | 1.2150       | 1.2824       | 0.9688     | 0.6863       | 1.3932   |           
318    | 3.1605     | 0.6576     | 1.2192       | 1.2837       | 0.9542     | 0.7104       | 1.3776   |           
319    | 3.1243     | 0.6327     | 1.2023       | 1.2893       | 0.9490     | 0.7097       | 1.4302   |           
320    | 3.1622     | 0.6845     | 1.2019       | 1.2757       | 0.9594     | 0.6754       | 1.3870   |           
321    | 3.1585     | 0.6677     | 1.2111       | 1.2797       | 0.9604     | 0.7165       | 1.3060   |           
322    | 3.1131     | 0.6178     | 1.2130       | 1.2824       | 0.9646     | 0.6828       | 1.4011   |           
323    | 3.1295     | 0.6310     | 1.2210       | 1.2776       | 0.9750     | 0.7299       | 1.3200   |           
324    | 3.1998     | 0.6862     | 1.2257       | 1.2879       | 0.9563     | 0.7573       | 1.3872   |           
325    | 3.1142     | 0.6150     | 1.2103       | 1.2889       | 0.9583     | 0.7374       | 1.3566   |           
326    | 3.1824     | 0.6731     | 1.2210       | 1.2883       | 0.9594     | 0.7319       | 1.3788   |           
327    | 3.0672     | 0.5900     | 1.2003       | 1.2769       | 0.9656     | 0.7412       | 1.3433   |           
328    | 3.1177     | 0.6282     | 1.2071       | 1.2824       | 0.9615     | 0.7094       | 1.3680   |           
329    | 3.2055     | 0.6996     | 1.2198       | 1.2861       | 0.9510     | 0.7471       | 1.3261   |           
330    | 3.1470     | 0.6262     | 1.2293       | 1.2914       | 0.9604     | 0.7391       | 1.3828   |           
331    | 3.1369     | 0.6458     | 1.2074       | 1.2837       | 0.9594     | 0.7527       | 1.4000   |           
332    | 3.0896     | 0.5998     | 1.2057       | 1.2840       | 0.9510     | 0.7256       | 1.3573   |           
333    | 3.1343     | 0.6075     | 1.2204       | 1.3065       | 0.9437     | 0.7379       | 1.4296   |           
334    | 3.1675     | 0.6444     | 1.2137       | 1.3093       | 0.9521     | 0.7602       | 1.4219   |           
335    | 3.0786     | 0.5836     | 1.2123       | 1.2827       | 0.9656     | 0.6982       | 1.4581   |           
336    | 3.1566     | 0.6570     | 1.2172       | 1.2823       | 0.9688     | 0.7197       | 1.3130   |           
337    | 3.1370     | 0.6238     | 1.2245       | 1.2887       | 0.9635     | 0.6556       | 1.3065   |           
338    | 3.1079     | 0.6127     | 1.2102       | 1.2850       | 0.9573     | 0.6588       | 1.3542   |           
339    | 3.1428     | 0.6384     | 1.2165       | 1.2879       | 0.9490     | 0.7265       | 1.3447   |           
340    | 3.1240     | 0.6218     | 1.2228       | 1.2794       | 0.9646     | 0.6863       | 1.3520   |           
341    | 3.1100     | 0.6214     | 1.2120       | 1.2766       | 0.9656     | 0.7010       | 1.3250   |           
342    | 3.1199     | 0.6196     | 1.2182       | 1.2821       | 0.9646     | 0.7195       | 1.3546   |           
343    | 3.1671     | 0.6667     | 1.2149       | 1.2855       | 0.9594     | 0.6920       | 1.3464   |           
344    | 3.0878     | 0.6001     | 1.2184       | 1.2693       | 0.9552     | 0.6978       | 1.3251   |           
345    | 3.1890     | 0.6731     | 1.2248       | 1.2911       | 0.9656     | 0.7036       | 1.3951   |           
346    | 3.1204     | 0.6084     | 1.2232       | 1.2888       | 0.9604     | 0.7405       | 1.3843   |           
347    | 3.1662     | 0.6449     | 1.2348       | 1.2865       | 0.9573     | 0.7084       | 1.3658   |           
348    | 3.1142     | 0.6098     | 1.2208       | 1.2835       | 0.9594     | 0.6964       | 1.3371   |           
349    | 3.1434     | 0.6540     | 1.2077       | 1.2817       | 0.9365     | 0.7714       | 1.3517   |           
350    | 3.1371     | 0.6281     | 1.2243       | 1.2846       | 0.9604     | 0.7435       | 1.3444   |           
351    | 3.1546     | 0.6529     | 1.2163       | 1.2854       | 0.9531     | 0.7267       | 1.2910   |           
352    | 3.1443     | 0.6369     | 1.2188       | 1.2886       | 0.9510     | 0.7265       | 1.3756   |           
353    | 3.1138     | 0.6069     | 1.2221       | 1.2848       | 0.9708     | 0.7283       | 1.3864   |           
354    | 3.0997     | 0.6197     | 1.2025       | 1.2775       | 0.9604     | 0.7584       | 1.3485   |           
355    | 3.2284     | 0.6949     | 1.2379       | 1.2956       | 0.9646     | 0.7282       | 1.3603   |           
356    | 3.1471     | 0.6381     | 1.2282       | 1.2807       | 0.9698     | 0.7344       | 1.3991   |           
357    | 3.1657     | 0.6568     | 1.2256       | 1.2833       | 0.9406     | 0.8365       | 1.3494   |           
358    | 3.1399     | 0.6264     | 1.2243       | 1.2892       | 0.9719     | 0.7096       | 1.4000   |           
359    | 3.0979     | 0.6029     | 1.2233       | 1.2718       | 0.9635     | 0.7221       | 1.3457   |           
360    | 3.1171     | 0.6043     | 1.2301       | 1.2828       | 0.9604     | 0.6507       | 1.3764   |           
361    | 3.1020     | 0.5902     | 1.2269       | 1.2849       | 0.9604     | 0.6806       | 1.2892   |           
362    | 3.1062     | 0.6035     | 1.2205       | 1.2822       | 0.9646     | 0.7089       | 1.3615   |           
363    | 3.1004     | 0.6085     | 1.2189       | 1.2730       | 0.9719     | 0.6953       | 1.3812   |           
364    | 3.0886     | 0.5815     | 1.2199       | 1.2872       | 0.9635     | 0.6594       | 1.3568   |           
365    | 3.1499     | 0.6285     | 1.2320       | 1.2894       | 0.9187     | 0.6850       | 1.3803   |           
366    | 3.1522     | 0.6468     | 1.2154       | 1.2899       | 0.9583     | 0.7138       | 1.3251   |           
367    | 3.1610     | 0.6544     | 1.2201       | 1.2865       | 0.9604     | 0.7232       | 1.3479   |           
368    | 3.1264     | 0.6230     | 1.2185       | 1.2849       | 0.9656     | 0.6824       | 1.2890   |           
369    | 3.1463     | 0.6434     | 1.2243       | 1.2786       | 0.9677     | 0.6900       | 1.3445   |           
370    | 3.1621     | 0.6400     | 1.2302       | 1.2919       | 0.9510     | 0.7070       | 1.3222   |           
371    | 3.1040     | 0.5817     | 1.2242       | 1.2980       | 0.9656     | 0.7511       | 1.3744   |           
372    | 3.1506     | 0.6176     | 1.2330       | 1.3000       | 0.9635     | 0.7138       | 1.3412   |           
373    | 3.2146     | 0.6712     | 1.2467       | 1.2967       | 0.9740     | 0.7026       | 1.3238   |           
374    | 3.1091     | 0.5934     | 1.2248       | 1.2909       | 0.9677     | 0.7162       | 1.3649   |           
375    | 3.1824     | 0.6489     | 1.2327       | 1.3008       | 0.9490     | 0.6778       | 1.3825   |           
376    | 3.1298     | 0.6213     | 1.2225       | 1.2860       | 0.9646     | 0.7195       | 1.3261   |           
377    | 3.1589     | 0.6421     | 1.2237       | 1.2932       | 0.9625     | 0.7399       | 1.3708   |           
378    | 3.1455     | 0.6203     | 1.2248       | 1.3003       | 0.9552     | 0.7037       | 1.3120   |           
379    | 3.2070     | 0.6744     | 1.2343       | 1.2983       | 0.9771     | 0.7187       | 1.3105   |           
380    | 3.1545     | 0.6209     | 1.2388       | 1.2948       | 0.9656     | 0.7490       | 1.3150   |           
381    | 3.1631     | 0.6404     | 1.2306       | 1.2921       | 0.9615     | 0.7131       | 1.3793   |           
382    | 3.1647     | 0.6317     | 1.2296       | 1.3034       | 0.9719     | 0.6649       | 1.3908   | (ADV 0.64)
383    | 3.1927     | 0.6465     | 1.2365       | 1.3097       | 0.9510     | 0.7728       | 1.3693   |           
384    | 3.1779     | 0.6471     | 1.2249       | 1.3058       | 0.9667     | 0.7333       | 1.3314   |           
385    | 3.1580     | 0.6478     | 1.2181       | 1.2921       | 0.9615     | 0.7337       | 1.3453   |           
386    | 3.1683     | 0.6347     | 1.2341       | 1.2995       | 0.9729     | 0.6841       | 1.3352   |           
387    | 3.1582     | 0.6328     | 1.2246       | 1.3008       | 0.9760     | 0.7612       | 1.2953   |           
388    | 3.2144     | 0.6855     | 1.2223       | 1.3066       | 0.9750     | 0.7035       | 1.3510   |           
389    | 3.1687     | 0.6437     | 1.2217       | 1.3033       | 0.9719     | 0.6709       | 1.2760   |           
390    | 3.1227     | 0.5999     | 1.2260       | 1.2968       | 0.9437     | 0.6907       | 1.3349   |           
391    | 3.1566     | 0.6216     | 1.2338       | 1.3013       | 0.9677     | 0.6969       | 1.3687   |           
392    | 3.1851     | 0.6528     | 1.2425       | 1.2898       | 0.9563     | 0.6581       | 1.3304   |           
393    | 3.1177     | 0.6000     | 1.2246       | 1.2931       | 0.9667     | 0.7209       | 1.3410   |           
394    | 3.1155     | 0.5925     | 1.2305       | 1.2926       | 0.9719     | 0.7080       | 1.3451   |           
395    | 3.1397     | 0.6003     | 1.2448       | 1.2946       | 0.9740     | 0.7673       | 1.3688   |           
396    | 3.1625     | 0.6151     | 1.2484       | 1.2989       | 0.9542     | 0.7289       | 1.4005   |           
397    | 3.1192     | 0.5926     | 1.2336       | 1.2929       | 0.9646     | 0.7132       | 1.3289   |           
398    | 3.1751     | 0.6496     | 1.2337       | 1.2918       | 0.9604     | 0.6949       | 1.4062   |           
399    | 3.1426     | 0.6118     | 1.2270       | 1.3038       | 0.9656     | 0.7130       | 1.2647   |           
400    | 3.1401     | 0.6219     | 1.2208       | 1.2974       | 0.9729     | 0.6864       | 1.3129   |           
Seed 42 | Src Acc: 95.0000 | Src MDE: 0.0745 | Tgt Acc: 22.2449 | Tgt MDE: 1.3908
Start Training Seed 6767...

Start CDAN+E Training... (Entropy Conditioning Enabled)
Epoch  | Total Loss | Tr Cls     | Tr Dom RSSI  | Tr Dom RTT   | Val T Acc  | Val T Entropy | Test MDE
------------------------------------------------------------------------------------------------------------------------
1      | 6.6262     | 3.8717     | 1.3694       | 1.3851       | 0.3542     | 3.7456       | 2.2380   |           
2      | 5.9289     | 3.2635     | 1.2963       | 1.3691       | 0.6583     | 3.6013       | 1.6539   |           
3      | 5.5047     | 2.9218     | 1.2310       | 1.3520       | 0.6667     | 3.4661       | 1.4141   |           
4      | 5.1162     | 2.6023     | 1.1704       | 1.3436       | 0.7625     | 3.3347       | 1.3133   |           
5      | 4.8657     | 2.3944     | 1.1287       | 1.3427       | 0.8427     | 3.2153       | 1.2967   |           
6      | 4.5792     | 2.1791     | 1.0742       | 1.3258       | 0.7990     | 3.0341       | 1.3695   |           
7      | 4.3607     | 2.0224     | 1.0239       | 1.3144       | 0.8375     | 2.8850       | 1.3395   |           
8      | 4.1620     | 1.8336     | 1.0167       | 1.3116       | 0.8656     | 2.7315       | 1.4150   |           
9      | 4.0263     | 1.7399     | 0.9811       | 1.3053       | 0.8635     | 2.6193       | 1.3866   |           
10     | 3.8970     | 1.6366     | 0.9664       | 1.2941       | 0.9198     | 2.5372       | 1.2733   |           
11     | 3.7869     | 1.5319     | 0.9656       | 1.2894       | 0.9281     | 2.3916       | 1.3258   | (ADV -0.27)
12     | 3.6836     | 1.4671     | 0.9431       | 1.2734       | 0.9167     | 2.3501       | 1.2898   | (ADV -0.26)
13     | 3.6499     | 1.4040     | 0.9699       | 1.2761       | 0.9083     | 2.2974       | 1.3848   | (ADV -0.24)
14     | 3.5635     | 1.3412     | 0.9641       | 1.2583       | 0.9292     | 2.1218       | 1.3135   | (ADV -0.13)
15     | 3.5069     | 1.3168     | 0.9436       | 1.2465       | 0.9125     | 1.9990       | 1.3269   | (ADV -0.09)
16     | 3.5047     | 1.2818     | 0.9637       | 1.2592       | 0.8958     | 1.9735       | 1.3264   |           
17     | 3.4135     | 1.1826     | 0.9640       | 1.2669       | 0.9354     | 1.7925       | 1.3013   | (ADV 0.04)
18     | 3.4148     | 1.1999     | 0.9557       | 1.2592       | 0.9104     | 1.8155       | 1.3329   |           
19     | 3.3927     | 1.1637     | 0.9704       | 1.2586       | 0.9313     | 1.8171       | 1.3133   |           
20     | 3.4052     | 1.1765     | 0.9675       | 1.2611       | 0.9333     | 1.7926       | 1.3345   |           
21     | 3.3344     | 1.1232     | 0.9647       | 1.2465       | 0.9302     | 1.6420       | 1.3512   | (ADV 0.11)
22     | 3.3383     | 1.0990     | 0.9889       | 1.2504       | 0.9187     | 1.6066       | 1.3552   | (ADV 0.12)
23     | 3.3360     | 1.1077     | 0.9779       | 1.2505       | 0.9281     | 1.5803       | 1.3223   | (ADV 0.14)
24     | 3.2934     | 1.0733     | 0.9727       | 1.2474       | 0.9302     | 1.6420       | 1.2793   |           
25     | 3.2824     | 1.0757     | 0.9662       | 1.2406       | 0.9281     | 1.5690       | 1.3071   | (ADV 0.14)
26     | 3.3031     | 1.0585     | 0.9957       | 1.2488       | 0.9302     | 1.4856       | 1.3264   | (ADV 0.19)
27     | 3.2321     | 1.0064     | 0.9842       | 1.2415       | 0.9031     | 1.4731       | 1.2863   |           
28     | 3.1660     | 0.9459     | 0.9809       | 1.2392       | 0.9323     | 1.4962       | 1.3068   |           
29     | 3.1974     | 0.9816     | 0.9816       | 1.2342       | 0.9333     | 1.4379       | 1.3397   | (ADV 0.21)
30     | 3.1629     | 0.9576     | 0.9839       | 1.2214       | 0.9313     | 1.4103       | 1.3585   | (ADV 0.23)
31     | 3.2286     | 0.9777     | 1.0113       | 1.2396       | 0.9323     | 1.4422       | 1.2827   |           
32     | 3.2201     | 0.9820     | 0.9991       | 1.2390       | 0.9302     | 1.4477       | 1.3282   |           
33     | 3.2008     | 0.9791     | 1.0039       | 1.2178       | 0.9302     | 1.3867       | 1.2643   | (ADV 0.24)
34     | 3.1378     | 0.9110     | 0.9970       | 1.2298       | 0.9281     | 1.3191       | 1.2890   | (ADV 0.27)
35     | 3.1023     | 0.8907     | 0.9887       | 1.2229       | 0.9427     | 1.2870       | 1.3589   | (ADV 0.30)
36     | 3.1500     | 0.9316     | 0.9998       | 1.2186       | 0.9354     | 1.2926       | 1.2247   |           
37     | 3.1370     | 0.9062     | 0.9978       | 1.2331       | 0.9313     | 1.2405       | 1.2903   | (ADV 0.31)
38     | 3.1487     | 0.9161     | 1.0007       | 1.2318       | 0.9313     | 1.2399       | 1.3159   | (ADV 0.31)
39     | 3.1217     | 0.9119     | 0.9801       | 1.2297       | 0.9229     | 1.2336       | 1.2764   |           
40     | 3.1275     | 0.8946     | 0.9950       | 1.2380       | 0.9365     | 1.2757       | 1.3418   |           
41     | 3.1394     | 0.9121     | 1.0046       | 1.2227       | 0.9219     | 1.2416       | 1.2637   |           
42     | 3.1331     | 0.9186     | 0.9870       | 1.2275       | 0.9240     | 1.2285       | 1.3185   |           
43     | 3.1443     | 0.8955     | 1.0181       | 1.2307       | 0.9073     | 1.2980       | 1.3315   |           
44     | 3.0559     | 0.8488     | 0.9837       | 1.2234       | 0.9302     | 1.1985       | 1.2772   | (ADV 0.33)
45     | 3.0347     | 0.8413     | 0.9735       | 1.2199       | 0.9292     | 1.1974       | 1.3166   |           
46     | 3.0637     | 0.8678     | 0.9824       | 1.2136       | 0.9354     | 1.1704       | 1.3439   | (ADV 0.35)
47     | 3.0616     | 0.8521     | 0.9884       | 1.2210       | 0.9271     | 1.1348       | 1.3189   | (ADV 0.36)
48     | 3.0512     | 0.8496     | 0.9761       | 1.2255       | 0.9292     | 1.1223       | 1.3101   | (ADV 0.37)
49     | 2.9935     | 0.8147     | 0.9652       | 1.2136       | 0.9260     | 1.1648       | 1.3033   |           
50     | 3.0513     | 0.8620     | 0.9823       | 1.2070       | 0.9323     | 1.1168       | 1.3831   | (ADV 0.37)
51     | 3.0103     | 0.8390     | 0.9772       | 1.1941       | 0.9302     | 1.2079       | 1.2981   |           
52     | 2.9729     | 0.7991     | 0.9714       | 1.2024       | 0.9115     | 1.0438       | 1.2937   | (ADV 0.39)
53     | 2.9581     | 0.7753     | 0.9683       | 1.2145       | 0.9354     | 1.0897       | 1.3311   | (ADV 0.39)
54     | 3.0353     | 0.8273     | 0.9952       | 1.2127       | 0.9042     | 1.1159       | 1.2570   |           
55     | 3.0314     | 0.8305     | 0.9908       | 1.2101       | 0.9219     | 1.0941       | 1.2806   |           
56     | 3.0629     | 0.8420     | 1.0014       | 1.2194       | 0.9333     | 1.0932       | 1.3209   |           
57     | 3.0461     | 0.8402     | 0.9876       | 1.2183       | 0.9333     | 1.0362       | 1.3469   | (ADV 0.42)
58     | 3.0400     | 0.8246     | 0.9994       | 1.2160       | 0.9302     | 1.1253       | 1.3179   |           
59     | 3.0238     | 0.8024     | 0.9925       | 1.2289       | 0.9208     | 1.0862       | 1.3478   |           
60     | 3.0058     | 0.7969     | 0.9904       | 1.2185       | 0.9135     | 1.1006       | 1.2957   |           
61     | 3.0241     | 0.8047     | 0.9969       | 1.2224       | 0.9260     | 1.0604       | 1.3246   |           
62     | 3.0512     | 0.8109     | 1.0135       | 1.2267       | 0.9302     | 1.0897       | 1.2858   |           
63     | 2.9952     | 0.8043     | 0.9918       | 1.1990       | 0.9354     | 1.1304       | 1.3183   |           
64     | 3.0485     | 0.8166     | 1.0104       | 1.2215       | 0.9271     | 1.0664       | 1.3149   |           
65     | 3.1595     | 0.8931     | 1.0403       | 1.2261       | 0.9250     | 1.1406       | 1.2665   |           
66     | 3.0234     | 0.7861     | 1.0148       | 1.2225       | 0.9344     | 1.0735       | 1.3221   |           
67     | 3.0578     | 0.8047     | 1.0348       | 1.2184       | 0.9167     | 1.0673       | 1.3328   |           
68     | 3.0941     | 0.8333     | 1.0402       | 1.2206       | 0.8885     | 0.9950       | 1.2907   |           
69     | 3.1072     | 0.8445     | 1.0324       | 1.2304       | 0.9385     | 1.1010       | 1.2894   |           
70     | 3.1465     | 0.8462     | 1.0614       | 1.2389       | 0.9229     | 1.1056       | 1.2705   |           
71     | 3.1163     | 0.8305     | 1.0509       | 1.2349       | 0.9146     | 1.0546       | 1.2879   |           
72     | 3.1279     | 0.8324     | 1.0594       | 1.2361       | 0.9385     | 1.0320       | 1.2881   | (ADV 0.42)
73     | 3.0545     | 0.7861     | 1.0407       | 1.2276       | 0.9313     | 1.0483       | 1.2943   |           
74     | 3.1027     | 0.8142     | 1.0563       | 1.2321       | 0.9292     | 1.0976       | 1.2671   |           
75     | 3.1196     | 0.8363     | 1.0509       | 1.2324       | 0.9208     | 1.0025       | 1.2827   |           
76     | 3.0385     | 0.7451     | 1.0512       | 1.2422       | 0.9208     | 0.9810       | 1.2856   | (ADV 0.43)
77     | 3.0641     | 0.7820     | 1.0465       | 1.2356       | 0.9333     | 1.0074       | 1.3028   |           
78     | 3.1103     | 0.8081     | 1.0657       | 1.2366       | 0.9250     | 1.0037       | 1.3038   |           
79     | 3.1579     | 0.8128     | 1.0850       | 1.2600       | 0.9375     | 0.9925       | 1.2959   | (ADV 0.44)
80     | 3.1187     | 0.7967     | 1.0650       | 1.2570       | 0.9396     | 1.0174       | 1.3274   |           
81     | 3.0803     | 0.7690     | 1.0542       | 1.2570       | 0.9333     | 0.9637       | 1.2874   | (ADV 0.45)
82     | 3.1574     | 0.8038     | 1.0712       | 1.2825       | 0.9281     | 0.9339       | 1.2748   | (ADV 0.46)
83     | 3.0918     | 0.7646     | 1.0634       | 1.2637       | 0.9292     | 1.0047       | 1.3205   |           
84     | 3.1048     | 0.7695     | 1.0808       | 1.2545       | 0.9333     | 0.9978       | 1.3107   |           
85     | 3.1361     | 0.8077     | 1.0773       | 1.2511       | 0.9281     | 1.0051       | 1.2974   |           
86     | 3.1289     | 0.8054     | 1.0589       | 1.2646       | 0.9365     | 0.9486       | 1.2648   | (ADV 0.46)
87     | 3.1301     | 0.8154     | 1.0658       | 1.2490       | 0.9375     | 0.9771       | 1.2516   |           
88     | 3.0983     | 0.7766     | 1.0596       | 1.2621       | 0.9146     | 0.9663       | 1.2372   |           
89     | 3.1327     | 0.7813     | 1.0855       | 1.2658       | 0.9479     | 1.0525       | 1.2424   |           
90     | 3.0768     | 0.7501     | 1.0661       | 1.2606       | 0.9313     | 0.9740       | 1.2493   |           
91     | 3.1470     | 0.8005     | 1.0817       | 1.2647       | 0.9406     | 0.9984       | 1.2914   |           
92     | 3.1659     | 0.8027     | 1.0910       | 1.2722       | 0.9292     | 1.0319       | 1.4053   |           
93     | 3.1603     | 0.7873     | 1.0914       | 1.2817       | 0.9458     | 1.0432       | 1.3150   |           
94     | 3.1261     | 0.7783     | 1.0869       | 1.2609       | 0.9313     | 0.8950       | 1.2667   | (ADV 0.48)
95     | 3.1698     | 0.8089     | 1.0909       | 1.2699       | 0.9385     | 0.8970       | 1.3075   | (ADV 0.49)
96     | 3.1557     | 0.8026     | 1.0964       | 1.2566       | 0.9354     | 0.9772       | 1.3093   |           
97     | 3.0845     | 0.7292     | 1.0910       | 1.2643       | 0.9323     | 1.0050       | 1.2779   |           
98     | 3.1060     | 0.7606     | 1.0895       | 1.2560       | 0.9250     | 0.9558       | 1.3269   |           
99     | 3.2005     | 0.8145     | 1.1165       | 1.2695       | 0.9146     | 0.8589       | 1.3719   |           
100    | 3.1464     | 0.7826     | 1.0932       | 1.2707       | 0.9344     | 0.9479       | 1.3004   |           
101    | 3.1064     | 0.7594     | 1.0909       | 1.2561       | 0.9281     | 0.9003       | 1.3285   |           
102    | 3.0706     | 0.7157     | 1.0904       | 1.2646       | 0.9260     | 0.9556       | 1.2935   |           
103    | 3.1493     | 0.7775     | 1.1011       | 1.2707       | 0.9344     | 0.8738       | 1.3248   | (ADV 0.50)
104    | 3.0924     | 0.7314     | 1.0996       | 1.2615       | 0.9302     | 0.9414       | 1.3168   |           
105    | 3.1682     | 0.7956     | 1.1012       | 1.2714       | 0.9406     | 0.9123       | 1.3089   |           
106    | 3.1059     | 0.7452     | 1.0919       | 1.2688       | 0.9333     | 0.9270       | 1.3342   |           
107    | 3.1487     | 0.7726     | 1.1009       | 1.2752       | 0.9250     | 0.8701       | 1.3265   |           
108    | 3.0578     | 0.7085     | 1.0876       | 1.2617       | 0.9073     | 0.9259       | 1.2780   |           
109    | 3.1534     | 0.7756     | 1.1032       | 1.2746       | 0.9187     | 0.8806       | 1.3722   |           
110    | 3.1618     | 0.7646     | 1.1164       | 1.2808       | 0.9229     | 0.9356       | 1.3523   |           
111    | 3.1379     | 0.7601     | 1.1071       | 1.2706       | 0.8979     | 0.9530       | 1.3353   |           
112    | 3.1864     | 0.7872     | 1.1193       | 1.2799       | 0.9281     | 0.9150       | 1.3909   |           
113    | 3.1584     | 0.7617     | 1.1157       | 1.2810       | 0.9510     | 0.9715       | 1.3254   |           
114    | 3.1373     | 0.7718     | 1.0977       | 1.2677       | 0.9448     | 0.9100       | 1.3344   |           
115    | 3.1684     | 0.7674     | 1.1161       | 1.2849       | 0.9333     | 0.9433       | 1.3351   |           
116    | 3.1482     | 0.7593     | 1.1209       | 1.2680       | 0.9313     | 0.9888       | 1.2343   |           
117    | 3.1456     | 0.7457     | 1.1238       | 1.2760       | 0.9375     | 0.9670       | 1.3122   |           
118    | 3.1264     | 0.7430     | 1.1135       | 1.2700       | 0.9375     | 0.9140       | 1.2779   |           
119    | 3.1718     | 0.7647     | 1.1317       | 1.2755       | 0.9385     | 0.9295       | 1.3046   |           
120    | 3.1185     | 0.7158     | 1.1268       | 1.2759       | 0.9313     | 0.8944       | 1.3564   |           
121    | 3.1517     | 0.7461     | 1.1251       | 1.2805       | 0.9375     | 0.9186       | 1.3663   |           
122    | 3.1540     | 0.7526     | 1.1253       | 1.2760       | 0.9271     | 0.9639       | 1.3582   |           
123    | 3.1384     | 0.7274     | 1.1266       | 1.2844       | 0.9427     | 0.9032       | 1.4034   |           
124    | 3.0787     | 0.6853     | 1.1242       | 1.2691       | 0.9365     | 0.8513       | 1.3114   | (ADV 0.51)
125    | 3.1955     | 0.7863     | 1.1369       | 1.2722       | 0.9323     | 1.0231       | 1.2891   |           
126    | 3.1919     | 0.7828     | 1.1213       | 1.2878       | 0.9354     | 0.8732       | 1.3144   |           
127    | 3.0724     | 0.7045     | 1.1088       | 1.2592       | 0.9437     | 0.9174       | 1.4176   |           
128    | 3.1491     | 0.7454     | 1.1256       | 1.2781       | 0.9333     | 0.9125       | 1.4080   |           
129    | 3.1246     | 0.7347     | 1.1148       | 1.2750       | 0.9427     | 0.9493       | 1.3885   |           
130    | 3.1659     | 0.7660     | 1.1161       | 1.2839       | 0.9229     | 0.8505       | 1.3475   |           
131    | 3.1862     | 0.7663     | 1.1351       | 1.2848       | 0.9354     | 0.9492       | 1.3683   |           
132    | 3.1528     | 0.7309     | 1.1392       | 1.2827       | 0.9208     | 0.8779       | 1.3013   |           
133    | 3.1962     | 0.7949     | 1.1236       | 1.2778       | 0.9229     | 0.8821       | 1.3715   |           
134    | 3.1737     | 0.7538     | 1.1399       | 1.2801       | 0.9396     | 0.8905       | 1.3451   |           
135    | 3.1900     | 0.7507     | 1.1454       | 1.2939       | 0.9333     | 0.9435       | 1.2697   |           
136    | 3.2287     | 0.7988     | 1.1507       | 1.2792       | 0.9344     | 0.9640       | 1.3490   |           
137    | 3.1393     | 0.7232     | 1.1390       | 1.2772       | 0.9208     | 0.9563       | 1.3439   |           
138    | 3.1775     | 0.7830     | 1.1157       | 1.2788       | 0.9437     | 0.9489       | 1.3142   |           
139    | 3.1612     | 0.7423     | 1.1336       | 1.2853       | 0.9260     | 0.9341       | 1.3185   |           
140    | 3.0863     | 0.6910     | 1.1256       | 1.2697       | 0.9437     | 0.8440       | 1.3732   | (ADV 0.52)
141    | 3.1568     | 0.7548     | 1.1396       | 1.2623       | 0.9250     | 0.9038       | 1.3669   |           
142    | 3.1661     | 0.7463     | 1.1457       | 1.2742       | 0.9323     | 0.9496       | 1.3303   |           
143    | 3.1549     | 0.7337     | 1.1365       | 1.2847       | 0.9313     | 0.9347       | 1.3375   |           
144    | 3.1791     | 0.7590     | 1.1462       | 1.2739       | 0.9219     | 0.8952       | 1.3487   |           
145    | 3.1807     | 0.7694     | 1.1364       | 1.2749       | 0.9354     | 0.9229       | 1.2803   |           
146    | 3.1617     | 0.7389     | 1.1441       | 1.2788       | 0.9281     | 0.9071       | 1.3899   |           
147    | 3.1814     | 0.7531     | 1.1429       | 1.2854       | 0.9365     | 0.8945       | 1.3319   |           
148    | 3.1506     | 0.7395     | 1.1442       | 1.2669       | 0.9354     | 0.9199       | 1.3896   |           
149    | 3.1961     | 0.7889     | 1.1424       | 1.2648       | 0.9292     | 0.8839       | 1.3891   |           
150    | 3.1688     | 0.7333     | 1.1612       | 1.2742       | 0.9406     | 0.9439       | 1.3815   |           
151    | 3.2068     | 0.7868     | 1.1495       | 1.2705       | 0.9219     | 0.9013       | 1.3399   |           
152    | 3.1763     | 0.7568     | 1.1445       | 1.2751       | 0.9323     | 0.9165       | 1.3920   |           
153    | 3.1206     | 0.7170     | 1.1303       | 1.2733       | 0.8969     | 0.8998       | 1.3725   |           
154    | 3.1771     | 0.7711     | 1.1348       | 1.2712       | 0.9437     | 0.8520       | 1.3878   |           
155    | 3.1276     | 0.7118     | 1.1388       | 1.2769       | 0.9385     | 0.8667       | 1.3149   |           
156    | 3.1351     | 0.7115     | 1.1414       | 1.2822       | 0.9271     | 0.8958       | 1.3855   |           
157    | 3.1674     | 0.7423     | 1.1410       | 1.2841       | 0.9198     | 0.8579       | 1.3411   |           
158    | 3.1464     | 0.7365     | 1.1344       | 1.2754       | 0.9219     | 0.8894       | 1.2783   |           
159    | 3.1600     | 0.7463     | 1.1357       | 1.2779       | 0.9302     | 0.8750       | 1.3540   |           
160    | 3.1925     | 0.7733     | 1.1433       | 1.2760       | 0.9198     | 0.8680       | 1.4450   |           
161    | 3.1395     | 0.7307     | 1.1262       | 1.2827       | 0.9125     | 0.8351       | 1.3716   |           
162    | 3.1664     | 0.7557     | 1.1321       | 1.2786       | 0.9333     | 0.9139       | 1.3597   |           
163    | 3.2043     | 0.7916     | 1.1290       | 1.2837       | 0.9313     | 0.8693       | 1.3091   |           
164    | 3.1179     | 0.7143     | 1.1194       | 1.2842       | 0.9302     | 0.8982       | 1.2815   |           
165    | 3.1582     | 0.7046     | 1.1634       | 1.2902       | 0.9437     | 0.9039       | 1.3961   |           
166    | 3.0563     | 0.6482     | 1.1242       | 1.2839       | 0.9365     | 0.9397       | 1.3888   |           
167    | 3.1403     | 0.7288     | 1.1289       | 1.2825       | 0.9354     | 0.8351       | 1.2985   |           
168    | 3.1575     | 0.7081     | 1.1686       | 1.2807       | 0.9323     | 0.8947       | 1.3502   |           
169    | 3.2176     | 0.7678     | 1.1696       | 1.2802       | 0.9448     | 0.8762       | 1.3652   |           
170    | 3.1258     | 0.7025     | 1.1434       | 1.2798       | 0.9302     | 0.8222       | 1.3031   |           
171    | 3.1538     | 0.7404     | 1.1374       | 1.2761       | 0.9344     | 0.8884       | 1.3782   |           
172    | 3.1837     | 0.7485     | 1.1544       | 1.2808       | 0.9365     | 0.8650       | 1.3892   |           
173    | 3.1678     | 0.7342     | 1.1499       | 1.2836       | 0.9302     | 0.8315       | 1.3252   |           
174    | 3.1109     | 0.6974     | 1.1485       | 1.2650       | 0.9333     | 0.8349       | 1.3903   |           
175    | 3.1295     | 0.7020     | 1.1543       | 1.2733       | 0.9375     | 0.9509       | 1.3445   |           
176    | 3.1517     | 0.7283     | 1.1487       | 1.2747       | 0.9354     | 0.8886       | 1.4085   |           
177    | 3.1524     | 0.7237     | 1.1479       | 1.2808       | 0.9042     | 0.9151       | 1.3548   |           
178    | 3.1472     | 0.7005     | 1.1713       | 1.2754       | 0.9292     | 0.8877       | 1.3177   |           
179    | 3.2485     | 0.7969     | 1.1684       | 1.2831       | 0.9469     | 0.8670       | 1.3811   |           
180    | 3.1172     | 0.7010     | 1.1506       | 1.2657       | 0.9427     | 0.9040       | 1.3465   |           
181    | 3.1655     | 0.7171     | 1.1721       | 1.2762       | 0.9062     | 0.8957       | 1.3928   |           
182    | 3.2396     | 0.8000     | 1.1589       | 1.2807       | 0.9396     | 0.8955       | 1.3871   |           
183    | 3.1646     | 0.7315     | 1.1576       | 1.2755       | 0.9323     | 0.8449       | 1.3483   |           
184    | 3.1644     | 0.7234     | 1.1622       | 1.2788       | 0.9240     | 0.8732       | 1.3740   |           
185    | 3.1858     | 0.7545     | 1.1669       | 1.2643       | 0.9094     | 0.8981       | 1.3987   |           
186    | 3.1464     | 0.7225     | 1.1464       | 1.2775       | 0.9344     | 0.8031       | 1.3759   | (ADV 0.53)
187    | 3.1203     | 0.7059     | 1.1487       | 1.2656       | 0.9365     | 0.8439       | 1.3449   |           
188    | 3.1608     | 0.7310     | 1.1533       | 1.2765       | 0.9365     | 0.8345       | 1.4365   |           
189    | 3.0970     | 0.6761     | 1.1466       | 1.2743       | 0.9240     | 0.8934       | 1.3227   |           
190    | 3.1553     | 0.7225     | 1.1655       | 1.2672       | 0.9198     | 0.8533       | 1.2876   |           
191    | 3.1965     | 0.7545     | 1.1763       | 1.2658       | 0.9354     | 0.8895       | 1.3544   |           
192    | 3.1672     | 0.7384     | 1.1629       | 1.2658       | 0.9448     | 0.9076       | 1.3758   |           
193    | 3.1508     | 0.7195     | 1.1590       | 1.2724       | 0.9125     | 0.8465       | 1.3675   |           
194    | 3.1411     | 0.6880     | 1.1741       | 1.2790       | 0.9177     | 0.8403       | 1.3976   |           
195    | 3.1404     | 0.6937     | 1.1721       | 1.2746       | 0.9198     | 0.9608       | 1.4052   |           
196    | 3.1545     | 0.7197     | 1.1656       | 1.2692       | 0.9406     | 0.8974       | 1.4056   |           
197    | 3.2415     | 0.8079     | 1.1561       | 1.2775       | 0.9281     | 0.8935       | 1.3942   |           
198    | 3.1974     | 0.7515     | 1.1581       | 1.2878       | 0.8969     | 0.8737       | 1.3692   |           
199    | 3.1641     | 0.7127     | 1.1772       | 1.2742       | 0.9031     | 0.9402       | 1.3451   |           
200    | 3.1297     | 0.7061     | 1.1622       | 1.2614       | 0.9302     | 0.9300       | 1.3549   |           
201    | 3.1511     | 0.7123     | 1.1659       | 1.2729       | 0.9313     | 0.8912       | 1.4328   |           
202    | 3.1565     | 0.7124     | 1.1722       | 1.2719       | 0.9313     | 0.8846       | 1.4195   |           
203    | 3.1082     | 0.6697     | 1.1598       | 1.2787       | 0.9135     | 0.8428       | 1.3545   |           
204    | 3.1581     | 0.7055     | 1.1735       | 1.2791       | 0.9187     | 0.8495       | 1.3510   |           
205    | 3.1203     | 0.6850     | 1.1621       | 1.2731       | 0.9344     | 0.8834       | 1.3917   |           
206    | 3.1823     | 0.7207     | 1.1789       | 1.2827       | 0.9365     | 0.9206       | 1.4243   |           
207    | 3.1692     | 0.7047     | 1.1819       | 1.2826       | 0.9260     | 0.8558       | 1.3332   |           
208    | 3.2247     | 0.7556     | 1.1974       | 1.2717       | 0.9510     | 0.8570       | 1.4105   |           
209    | 3.1684     | 0.7042     | 1.1836       | 1.2806       | 0.9302     | 0.8447       | 1.4426   |           
210    | 3.2002     | 0.7419     | 1.1753       | 1.2831       | 0.9417     | 0.8992       | 1.4898   |           
211    | 3.1703     | 0.6917     | 1.1919       | 1.2867       | 0.9365     | 0.8909       | 1.3630   |           
212    | 3.1784     | 0.7112     | 1.1809       | 1.2862       | 0.9292     | 0.8342       | 1.3208   |           
213    | 3.1930     | 0.7312     | 1.1712       | 1.2906       | 0.9156     | 0.8981       | 1.3510   |           
214    | 3.1894     | 0.7088     | 1.1942       | 1.2864       | 0.9313     | 0.8463       | 1.3438   |           
215    | 3.1659     | 0.6942     | 1.1813       | 1.2904       | 0.9104     | 0.8849       | 1.3852   |           
216    | 3.1848     | 0.7144     | 1.1802       | 1.2902       | 0.9437     | 0.8654       | 1.3903   |           
217    | 3.2110     | 0.7518     | 1.1786       | 1.2806       | 0.9385     | 0.8632       | 1.4008   |           
218    | 3.1764     | 0.7084     | 1.2012       | 1.2668       | 0.9323     | 0.8663       | 1.3506   |           
219    | 3.1625     | 0.6994     | 1.1768       | 1.2864       | 0.9167     | 0.8772       | 1.2819   |           
220    | 3.1303     | 0.6697     | 1.1731       | 1.2875       | 0.9260     | 0.8645       | 1.3291   |           
221    | 3.1344     | 0.6676     | 1.1984       | 1.2684       | 0.9135     | 0.8296       | 1.3934   |           
222    | 3.1857     | 0.7134     | 1.1983       | 1.2740       | 0.9302     | 0.8849       | 1.3563   |           
223    | 3.1835     | 0.7081     | 1.1846       | 1.2907       | 0.9323     | 0.8986       | 1.3614   |           
224    | 3.1986     | 0.7293     | 1.1834       | 1.2859       | 0.8948     | 0.8833       | 1.3071   |           
225    | 3.1260     | 0.6779     | 1.1735       | 1.2745       | 0.9365     | 0.8379       | 1.4456   |           
226    | 3.1938     | 0.7399     | 1.1775       | 1.2764       | 0.9156     | 0.8356       | 1.3594   |           
227    | 3.2607     | 0.7730     | 1.1944       | 1.2932       | 0.9125     | 0.7970       | 1.3917   |           
228    | 3.2358     | 0.7554     | 1.1897       | 1.2907       | 0.9396     | 0.8662       | 1.4181   |           
229    | 3.1176     | 0.6742     | 1.1707       | 1.2727       | 0.9240     | 0.8578       | 1.3583   |           
230    | 3.1881     | 0.7158     | 1.1873       | 1.2850       | 0.9281     | 0.8428       | 1.3636   |           
231    | 3.1539     | 0.7023     | 1.1698       | 1.2818       | 0.9083     | 0.8752       | 1.3959   |           
232    | 3.1473     | 0.6938     | 1.1785       | 1.2750       | 0.9313     | 0.8741       | 1.3911   |           
233    | 3.1063     | 0.6565     | 1.1733       | 1.2765       | 0.9344     | 0.8451       | 1.3447   |           
234    | 3.1669     | 0.7264     | 1.1677       | 1.2728       | 0.9344     | 0.8389       | 1.3803   |           
235    | 3.1413     | 0.6824     | 1.1769       | 1.2821       | 0.9042     | 0.8833       | 1.3730   |           
236    | 3.1742     | 0.7081     | 1.1897       | 1.2764       | 0.9333     | 0.8163       | 1.4111   |           
237    | 3.1402     | 0.6824     | 1.1729       | 1.2849       | 0.9344     | 0.8610       | 1.3581   |           
238    | 3.1350     | 0.6607     | 1.1852       | 1.2891       | 0.9135     | 0.7890       | 1.3505   |           
239    | 3.1496     | 0.6824     | 1.1849       | 1.2824       | 0.9135     | 0.8988       | 1.3495   |           
240    | 3.1408     | 0.6708     | 1.1910       | 1.2790       | 0.9260     | 0.8464       | 1.4210   |           
241    | 3.1534     | 0.6707     | 1.1955       | 1.2871       | 0.9229     | 0.8542       | 1.3673   |           
242    | 3.1656     | 0.7013     | 1.1867       | 1.2775       | 0.9240     | 0.7589       | 1.3721   | (ADV 0.54)
243    | 3.1216     | 0.6730     | 1.1757       | 1.2728       | 0.9313     | 0.8332       | 1.4184   |           
244    | 3.1769     | 0.7061     | 1.1867       | 1.2841       | 0.9365     | 0.8857       | 1.3403   |           
245    | 3.1822     | 0.7170     | 1.1777       | 1.2874       | 0.9302     | 0.8481       | 1.4363   |           
246    | 3.1442     | 0.6773     | 1.1879       | 1.2789       | 0.9323     | 0.8415       | 1.3225   |           
247    | 3.1169     | 0.6544     | 1.1845       | 1.2780       | 0.9177     | 0.8015       | 1.2866   |           
248    | 3.1583     | 0.6757     | 1.1963       | 1.2863       | 0.9396     | 0.8567       | 1.3442   |           
249    | 3.2119     | 0.7377     | 1.1898       | 1.2843       | 0.9271     | 0.8206       | 1.4348   |           
250    | 3.1759     | 0.7012     | 1.1910       | 1.2837       | 0.9146     | 0.8074       | 1.4315   |           
251    | 3.1844     | 0.7182     | 1.1951       | 1.2711       | 0.9240     | 0.8324       | 1.3287   |           
252    | 3.1349     | 0.6827     | 1.1723       | 1.2798       | 0.9156     | 0.8203       | 1.4163   |           
253    | 3.1548     | 0.6859     | 1.1887       | 1.2803       | 0.9333     | 0.8445       | 1.3412   |           
254    | 3.1619     | 0.7085     | 1.1787       | 1.2748       | 0.9240     | 0.8461       | 1.3315   |           
255    | 3.1623     | 0.6947     | 1.1882       | 1.2795       | 0.9208     | 0.8725       | 1.3674   |           
256    | 3.1578     | 0.6934     | 1.1861       | 1.2784       | 0.9260     | 0.7711       | 1.3946   |           
257    | 3.1636     | 0.6951     | 1.1910       | 1.2775       | 0.9354     | 0.8665       | 1.3827   |           
258    | 3.1337     | 0.6706     | 1.1937       | 1.2693       | 0.9177     | 0.8134       | 1.4566   |           
259    | 3.1960     | 0.7252     | 1.2036       | 1.2671       | 0.9260     | 0.7678       | 1.3971   |           
260    | 3.1424     | 0.6862     | 1.1853       | 1.2709       | 0.9083     | 0.7821       | 1.3225   |           
261    | 3.1623     | 0.6988     | 1.1906       | 1.2730       | 0.9479     | 0.8183       | 1.3599   |           
262    | 3.1506     | 0.6927     | 1.1926       | 1.2653       | 0.9208     | 0.8130       | 1.3775   |           
263    | 3.1091     | 0.6591     | 1.1796       | 1.2704       | 0.9385     | 0.7931       | 1.3773   |           
264    | 3.1624     | 0.7001     | 1.1894       | 1.2729       | 0.9260     | 0.8255       | 1.3256   |           
265    | 3.0795     | 0.6292     | 1.1805       | 1.2698       | 0.9375     | 0.7652       | 1.4234   | (ADV 0.55)
266    | 3.1122     | 0.6783     | 1.1738       | 1.2601       | 0.9177     | 0.8128       | 1.3557   |           
267    | 3.1109     | 0.6697     | 1.1823       | 1.2589       | 0.9344     | 0.8235       | 1.4147   |           
268    | 3.1049     | 0.6535     | 1.1784       | 1.2731       | 0.9177     | 0.8347       | 1.3491   |           
269    | 3.1601     | 0.6884     | 1.1890       | 1.2827       | 0.9281     | 0.8277       | 1.3633   |           
270    | 3.0912     | 0.6448     | 1.1772       | 1.2692       | 0.9198     | 0.7829       | 1.3756   |           
271    | 3.1215     | 0.6627     | 1.1831       | 1.2756       | 0.9417     | 0.7850       | 1.4087   |           
272    | 3.1438     | 0.6795     | 1.1899       | 1.2743       | 0.9177     | 0.8439       | 1.3100   |           
273    | 3.1602     | 0.6909     | 1.1811       | 1.2882       | 0.9292     | 0.8176       | 1.3572   |           
274    | 3.1559     | 0.6760     | 1.1878       | 1.2921       | 0.9094     | 0.8693       | 1.3665   |           
275    | 3.1662     | 0.6838     | 1.2015       | 1.2809       | 0.9427     | 0.8391       | 1.3469   |           
276    | 3.1293     | 0.6759     | 1.1843       | 1.2691       | 0.9156     | 0.8493       | 1.4447   |           
277    | 3.2519     | 0.7592     | 1.2037       | 1.2891       | 0.9229     | 0.8169       | 1.3659   |           
278    | 3.1828     | 0.7111     | 1.1888       | 1.2829       | 0.9271     | 0.8047       | 1.3753   |           
279    | 3.1288     | 0.6619     | 1.1982       | 1.2686       | 0.9177     | 0.7867       | 1.4445   |           
280    | 3.1229     | 0.6569     | 1.1956       | 1.2704       | 0.9219     | 0.8571       | 1.3737   |           
281    | 3.0995     | 0.6455     | 1.1907       | 1.2632       | 0.9177     | 0.8359       | 1.4748   |           
282    | 3.1011     | 0.6442     | 1.1751       | 1.2818       | 0.9260     | 0.8085       | 1.4262   |           
283    | 3.1229     | 0.6603     | 1.1944       | 1.2683       | 0.9313     | 0.7972       | 1.3788   |           
284    | 3.1407     | 0.6630     | 1.1993       | 1.2783       | 0.9219     | 0.7802       | 1.3654   |           
285    | 3.1694     | 0.6838     | 1.2006       | 1.2851       | 0.9281     | 0.8424       | 1.4404   |           
286    | 3.1688     | 0.6797     | 1.2048       | 1.2843       | 0.9375     | 0.8276       | 1.4151   |           
287    | 3.1543     | 0.6837     | 1.1994       | 1.2713       | 0.9313     | 0.7747       | 1.4290   |           
288    | 3.1290     | 0.6563     | 1.1927       | 1.2801       | 0.9125     | 0.8096       | 1.4729   |           
289    | 3.1506     | 0.6714     | 1.1959       | 1.2833       | 0.9458     | 0.7670       | 1.4184   | (ADV 0.56)
290    | 3.0884     | 0.6369     | 1.1834       | 1.2681       | 0.9323     | 0.7725       | 1.4378   |           
291    | 3.1246     | 0.6648     | 1.1826       | 1.2772       | 0.9198     | 0.8423       | 1.4361   |           
292    | 3.0895     | 0.6344     | 1.1921       | 1.2630       | 0.9031     | 0.7245       | 1.3533   |           
293    | 3.1057     | 0.6560     | 1.1763       | 1.2734       | 0.9354     | 0.7681       | 1.4902   |           
294    | 3.1471     | 0.6680     | 1.1979       | 1.2811       | 0.9281     | 0.7812       | 1.4927   |           
295    | 3.1728     | 0.7101     | 1.1989       | 1.2638       | 0.9219     | 0.7789       | 1.3875   |           
296    | 3.1198     | 0.6622     | 1.1795       | 1.2781       | 0.9396     | 0.7893       | 1.3361   |           
297    | 3.1098     | 0.6559     | 1.1905       | 1.2635       | 0.9146     | 0.8537       | 1.3806   |           
298    | 3.0654     | 0.6286     | 1.1799       | 1.2569       | 0.9187     | 0.7564       | 1.4298   |           
299    | 3.1269     | 0.6702     | 1.1960       | 1.2608       | 0.9187     | 0.7376       | 1.3687   |           
300    | 3.1198     | 0.6597     | 1.1961       | 1.2640       | 0.9271     | 0.8122       | 1.4147   |           
301    | 3.1301     | 0.6631     | 1.1984       | 1.2685       | 0.9354     | 0.7699       | 1.3586   |           
302    | 3.1493     | 0.6775     | 1.2043       | 1.2675       | 0.9281     | 0.7689       | 1.3794   |           
303    | 3.1615     | 0.6812     | 1.2116       | 1.2687       | 0.9271     | 0.8251       | 1.4586   |           
304    | 3.1140     | 0.6447     | 1.1960       | 1.2733       | 0.9313     | 0.7777       | 1.3224   |           
305    | 3.0896     | 0.6506     | 1.1823       | 1.2568       | 0.9083     | 0.7823       | 1.3396   |           
306    | 3.1318     | 0.6881     | 1.1933       | 1.2504       | 0.8938     | 0.8370       | 1.3935   |           
307    | 3.0954     | 0.6480     | 1.1887       | 1.2587       | 0.9427     | 0.7911       | 1.4080   |           
308    | 3.1141     | 0.6618     | 1.1935       | 1.2588       | 0.9333     | 0.7957       | 1.4237   |           
309    | 3.1414     | 0.6752     | 1.2033       | 1.2629       | 0.9073     | 0.8268       | 1.4127   |           
310    | 3.1950     | 0.7017     | 1.2098       | 1.2835       | 0.9198     | 0.8616       | 1.3546   |           
311    | 3.1371     | 0.6824     | 1.1849       | 1.2697       | 0.8917     | 0.7687       | 1.3228   |           
312    | 3.0389     | 0.5922     | 1.1817       | 1.2650       | 0.9208     | 0.8024       | 1.3572   |           
313    | 3.1247     | 0.6390     | 1.1938       | 1.2919       | 0.9354     | 0.7780       | 1.3798   |           
314    | 3.0942     | 0.6132     | 1.1858       | 1.2952       | 0.9427     | 0.7970       | 1.3554   |           
315    | 3.2098     | 0.7168     | 1.1940       | 1.2990       | 0.9135     | 0.7638       | 1.3507   |           
316    | 3.1292     | 0.6628     | 1.1812       | 1.2852       | 0.9385     | 0.7744       | 1.3936   |           
317    | 3.0665     | 0.6029     | 1.1926       | 1.2711       | 0.9260     | 0.7911       | 1.4378   |           
318    | 3.1030     | 0.6451     | 1.1844       | 1.2735       | 0.9073     | 0.7361       | 1.3425   |           
319    | 3.1732     | 0.6931     | 1.2085       | 1.2715       | 0.9406     | 0.8288       | 1.4401   |           
320    | 3.1135     | 0.6580     | 1.1858       | 1.2697       | 0.9073     | 0.7673       | 1.4724   |           
321    | 3.0904     | 0.6324     | 1.1900       | 1.2680       | 0.9385     | 0.7568       | 1.3790   |           
322    | 3.1562     | 0.6746     | 1.2058       | 1.2758       | 0.9052     | 0.7828       | 1.4115   |           
323    | 3.1098     | 0.6387     | 1.2027       | 1.2684       | 0.9365     | 0.7600       | 1.3756   |           
324    | 3.1260     | 0.6471     | 1.2009       | 1.2779       | 0.9365     | 0.8306       | 1.4180   |           
325    | 3.1506     | 0.6800     | 1.1919       | 1.2787       | 0.9229     | 0.7915       | 1.4507   |           
326    | 3.1227     | 0.6630     | 1.1902       | 1.2695       | 0.9104     | 0.7605       | 1.3826   |           
327    | 3.1058     | 0.6511     | 1.1942       | 1.2605       | 0.9313     | 0.7391       | 1.3842   |           
328    | 3.1023     | 0.6393     | 1.1946       | 1.2684       | 0.9406     | 0.7389       | 1.3862   | (ADV 0.57)
329    | 3.1520     | 0.6741     | 1.2103       | 1.2675       | 0.9365     | 0.8470       | 1.4239   |           
330    | 3.1090     | 0.6449     | 1.1909       | 1.2732       | 0.9250     | 0.7476       | 1.3837   |           
331    | 3.1393     | 0.6670     | 1.2037       | 1.2685       | 0.9333     | 0.8167       | 1.3840   |           
332    | 3.0554     | 0.5891     | 1.1990       | 1.2673       | 0.9229     | 0.7757       | 1.3394   |           
333    | 3.1061     | 0.6415     | 1.1892       | 1.2754       | 0.9323     | 0.8409       | 1.3827   |           
334    | 3.1086     | 0.6299     | 1.2073       | 1.2715       | 0.9187     | 0.8375       | 1.3515   |           
335    | 3.1541     | 0.6838     | 1.1996       | 1.2707       | 0.9250     | 0.7929       | 1.4482   |           
336    | 3.1295     | 0.6689     | 1.1851       | 1.2755       | 0.9333     | 0.8688       | 1.3628   |           
337    | 3.1491     | 0.6771     | 1.2022       | 1.2699       | 0.9354     | 0.7865       | 1.3825   |           
338    | 3.1365     | 0.6697     | 1.1983       | 1.2686       | 0.9219     | 0.7712       | 1.3431   |           
339    | 3.1274     | 0.6654     | 1.1905       | 1.2715       | 0.9375     | 0.7646       | 1.3720   |           
340    | 3.0626     | 0.6121     | 1.1929       | 1.2575       | 0.9167     | 0.8865       | 1.4002   |           
341    | 3.0747     | 0.6280     | 1.1811       | 1.2657       | 0.9177     | 0.8342       | 1.3946   |           
342    | 3.1480     | 0.6842     | 1.2000       | 1.2638       | 0.8844     | 0.7472       | 1.3448   |           
343    | 3.1369     | 0.6742     | 1.1991       | 1.2636       | 0.9437     | 0.8293       | 1.4126   |           
344    | 3.1244     | 0.6501     | 1.1968       | 1.2775       | 0.9458     | 0.7744       | 1.3588   |           
345    | 3.1335     | 0.6666     | 1.1997       | 1.2671       | 0.9135     | 0.7806       | 1.3323   |           
346    | 3.1126     | 0.6435     | 1.1936       | 1.2755       | 0.9260     | 0.8266       | 1.4006   |           
347    | 3.0900     | 0.6211     | 1.2036       | 1.2653       | 0.9167     | 0.7932       | 1.3593   |           
348    | 3.1289     | 0.6633     | 1.1961       | 1.2696       | 0.9323     | 0.7715       | 1.4300   |           
349    | 3.1151     | 0.6409     | 1.1978       | 1.2763       | 0.9229     | 0.7739       | 1.3564   |           
350    | 3.0995     | 0.6430     | 1.1880       | 1.2685       | 0.9323     | 0.8337       | 1.3470   |           
351    | 3.1651     | 0.6881     | 1.2023       | 1.2747       | 0.9250     | 0.7875       | 1.2583   |           
352    | 3.1605     | 0.6747     | 1.1997       | 1.2861       | 0.9198     | 0.7008       | 1.3434   |           
353    | 3.1329     | 0.6582     | 1.1988       | 1.2759       | 0.9427     | 0.8077       | 1.3011   |           
354    | 3.1273     | 0.6509     | 1.2048       | 1.2717       | 0.9125     | 0.8194       | 1.3477   |           
355    | 3.1066     | 0.6322     | 1.2022       | 1.2722       | 0.9333     | 0.7761       | 1.3921   |           
356    | 3.0806     | 0.6331     | 1.1744       | 1.2731       | 0.9375     | 0.7697       | 1.3156   |           
357    | 3.1209     | 0.6353     | 1.1995       | 1.2861       | 0.9292     | 0.8062       | 1.3937   |           
358    | 3.0722     | 0.6097     | 1.1858       | 1.2768       | 0.9302     | 0.7504       | 1.3505   |           
359    | 3.1432     | 0.6508     | 1.2065       | 1.2860       | 0.9323     | 0.7849       | 1.3476   |           
360    | 3.1204     | 0.6536     | 1.1917       | 1.2751       | 0.9333     | 0.7562       | 1.3934   |           
361    | 3.1596     | 0.6738     | 1.2079       | 1.2778       | 0.9354     | 0.7715       | 1.3546   |           
362    | 3.1111     | 0.6267     | 1.2028       | 1.2816       | 0.8938     | 0.8386       | 1.3727   |           
363    | 3.1044     | 0.6203     | 1.2032       | 1.2810       | 0.9333     | 0.7922       | 1.3193   |           
364    | 3.1335     | 0.6660     | 1.1952       | 1.2724       | 0.8958     | 0.8342       | 1.3352   |           
365    | 3.0835     | 0.6031     | 1.2031       | 1.2774       | 0.9417     | 0.7583       | 1.3517   |           
366    | 3.1241     | 0.6459     | 1.2004       | 1.2778       | 0.9208     | 0.8010       | 1.3207   |           
367    | 3.1556     | 0.6578     | 1.2094       | 1.2884       | 0.9083     | 0.7790       | 1.3758   |           
368    | 3.1024     | 0.6291     | 1.1949       | 1.2784       | 0.9177     | 0.7902       | 1.3568   |           
369    | 3.1166     | 0.6295     | 1.2106       | 1.2766       | 0.9250     | 0.7687       | 1.3628   |           
370    | 3.1308     | 0.6463     | 1.2063       | 1.2782       | 0.9031     | 0.8094       | 1.3549   |           
371    | 3.1414     | 0.6501     | 1.2132       | 1.2780       | 0.9281     | 0.7817       | 1.3747   |           
372    | 3.0731     | 0.5990     | 1.2067       | 1.2673       | 0.9344     | 0.7972       | 1.3740   |           
373    | 3.0880     | 0.6048     | 1.1987       | 1.2845       | 0.9240     | 0.7515       | 1.3621   |           
374    | 3.1437     | 0.6415     | 1.2172       | 1.2850       | 0.8917     | 0.7522       | 1.3212   |           
375    | 3.1430     | 0.6511     | 1.2070       | 1.2849       | 0.9010     | 0.7344       | 1.4048   |           
376    | 3.1123     | 0.6189     | 1.2141       | 1.2793       | 0.9115     | 0.7516       | 1.3911   |           
377    | 3.1518     | 0.6599     | 1.2096       | 1.2824       | 0.9219     | 0.7514       | 1.3788   |           
378    | 3.1007     | 0.6140     | 1.2098       | 1.2769       | 0.9302     | 0.7565       | 1.4004   |           
379    | 3.1273     | 0.6529     | 1.1946       | 1.2798       | 0.8938     | 0.8054       | 1.3058   |           
380    | 3.0639     | 0.5841     | 1.1962       | 1.2836       | 0.9250     | 0.7645       | 1.3887   |           
381    | 3.1186     | 0.6397     | 1.1908       | 1.2882       | 0.9271     | 0.7807       | 1.3365   |           
382    | 3.0796     | 0.5979     | 1.2077       | 1.2740       | 0.9031     | 0.7278       | 1.3401   |           
383    | 3.1217     | 0.6281     | 1.2139       | 1.2798       | 0.9198     | 0.7467       | 1.3691   |           
384    | 3.1730     | 0.6731     | 1.2183       | 1.2816       | 0.9260     | 0.7119       | 1.3312   |           
385    | 3.1976     | 0.6885     | 1.2187       | 1.2903       | 0.9229     | 0.7455       | 1.3707   |           
386    | 3.0905     | 0.6192     | 1.1972       | 1.2741       | 0.9021     | 0.7950       | 1.3199   |           
387    | 3.0901     | 0.6018     | 1.1999       | 1.2884       | 0.9313     | 0.7218       | 1.3361   |           
388    | 3.1613     | 0.6622     | 1.2180       | 1.2811       | 0.9167     | 0.7794       | 1.3373   |           
389    | 3.0989     | 0.6226     | 1.2002       | 1.2761       | 0.9167     | 0.7943       | 1.4482   |           
390    | 3.1323     | 0.6333     | 1.2152       | 1.2838       | 0.9208     | 0.7495       | 1.3810   |           
391    | 3.1171     | 0.6333     | 1.1991       | 1.2847       | 0.9219     | 0.7310       | 1.3452   |           
392    | 3.1895     | 0.6809     | 1.2149       | 1.2937       | 0.9167     | 0.7624       | 1.3511   |           
393    | 3.1144     | 0.6360     | 1.1901       | 1.2883       | 0.8969     | 0.7341       | 1.3730   |           
394    | 3.1213     | 0.6454     | 1.1974       | 1.2785       | 0.9385     | 0.7658       | 1.4772   |           
395    | 3.0748     | 0.5968     | 1.1993       | 1.2787       | 0.9375     | 0.7133       | 1.3689   | (ADV 0.58)
396    | 3.1161     | 0.6263     | 1.2065       | 1.2833       | 0.9208     | 0.7964       | 1.3795   |           
397    | 3.1524     | 0.6486     | 1.2159       | 1.2880       | 0.9250     | 0.7690       | 1.3639   |           
398    | 3.1326     | 0.6319     | 1.2216       | 1.2791       | 0.9250     | 0.7847       | 1.3368   |           
399    | 3.1338     | 0.6537     | 1.2014       | 1.2787       | 0.9365     | 0.7460       | 1.2959   |           
400    | 3.1240     | 0.6302     | 1.2018       | 1.2919       | 0.9062     | 0.7516       | 1.3484   |           
Seed 6767 | Src Acc: 95.2041 | Src MDE: 0.0915 | Tgt Acc: 23.7755 | Tgt MDE: 1.3689
Start Training Seed 123456...

Start CDAN+E Training... (Entropy Conditioning Enabled)
Epoch  | Total Loss | Tr Cls     | Tr Dom RSSI  | Tr Dom RTT   | Val T Acc  | Val T Entropy | Test MDE
------------------------------------------------------------------------------------------------------------------------
1      | 6.6684     | 3.9199     | 1.3648       | 1.3837       | 0.3458     | 3.7691       | 1.6568   |           
2      | 5.9997     | 3.3238     | 1.3087       | 1.3672       | 0.5719     | 3.6306       | 1.3804   |           
3      | 5.5406     | 2.9397     | 1.2502       | 1.3506       | 0.7104     | 3.5104       | 1.3757   |           
4      | 5.1602     | 2.6275     | 1.1924       | 1.3404       | 0.7958     | 3.3706       | 1.2949   |           
5      | 4.8487     | 2.3784     | 1.1396       | 1.3307       | 0.8417     | 3.2436       | 1.3762   |           
6      | 4.5558     | 2.1661     | 1.0716       | 1.3181       | 0.8625     | 3.1135       | 1.3792   |           
7      | 4.3692     | 2.0193     | 1.0390       | 1.3109       | 0.8656     | 2.9460       | 1.3765   |           
8      | 4.1835     | 1.8832     | 0.9981       | 1.3023       | 0.8990     | 2.7592       | 1.2407   |           
9      | 4.0281     | 1.7726     | 0.9721       | 1.2834       | 0.9031     | 2.6568       | 1.2835   |           
10     | 3.8645     | 1.6437     | 0.9424       | 1.2784       | 0.9104     | 2.5502       | 1.3069   |           
11     | 3.7379     | 1.5435     | 0.9303       | 1.2641       | 0.9313     | 2.3885       | 1.2839   | (ADV -0.26)
12     | 3.6851     | 1.5159     | 0.9092       | 1.2600       | 0.8979     | 2.2472       | 1.3465   | (ADV -0.23)
13     | 3.5807     | 1.4253     | 0.8990       | 1.2563       | 0.9333     | 2.1809       | 1.3401   | (ADV -0.16)
14     | 3.4619     | 1.3328     | 0.8993       | 1.2298       | 0.9177     | 2.1018       | 1.3124   | (ADV -0.13)
15     | 3.5054     | 1.3347     | 0.9162       | 1.2545       | 0.9365     | 2.0595       | 1.2437   | (ADV -0.09)
16     | 3.3896     | 1.2553     | 0.9048       | 1.2295       | 0.9333     | 1.9310       | 1.2374   | (ADV -0.03)
17     | 3.4043     | 1.2679     | 0.8975       | 1.2388       | 0.9354     | 1.9773       | 1.2835   |           
18     | 3.3485     | 1.2173     | 0.8968       | 1.2344       | 0.9344     | 1.7959       | 1.2824   | (ADV 0.04)
19     | 3.3155     | 1.1484     | 0.9281       | 1.2391       | 0.9385     | 1.7727       | 1.3047   | (ADV 0.05)
20     | 3.3049     | 1.1497     | 0.9164       | 1.2387       | 0.9396     | 1.7613       | 1.2506   | (ADV 0.06)
21     | 3.2817     | 1.1293     | 0.9269       | 1.2256       | 0.9260     | 1.6626       | 1.2449   | (ADV 0.09)
22     | 3.3298     | 1.1536     | 0.9359       | 1.2402       | 0.9375     | 1.6115       | 1.3069   | (ADV 0.13)
23     | 3.2419     | 1.0647     | 0.9621       | 1.2151       | 0.9271     | 1.6556       | 1.3335   |           
24     | 3.2924     | 1.0940     | 0.9722       | 1.2262       | 0.9250     | 1.6390       | 1.3988   |           
25     | 3.2507     | 1.0650     | 0.9615       | 1.2242       | 0.9271     | 1.5805       | 1.2523   | (ADV 0.14)
26     | 3.2439     | 1.0526     | 0.9720       | 1.2193       | 0.9385     | 1.5030       | 1.3018   | (ADV 0.19)
27     | 3.2306     | 1.0568     | 0.9769       | 1.1969       | 0.9375     | 1.4654       | 1.2713   | (ADV 0.20)
28     | 3.2585     | 1.0583     | 0.9850       | 1.2152       | 0.9229     | 1.4616       | 1.3155   |           
29     | 3.1543     | 0.9723     | 0.9675       | 1.2146       | 0.9260     | 1.5163       | 1.2782   |           
30     | 3.1685     | 0.9900     | 0.9548       | 1.2237       | 0.9427     | 1.4033       | 1.2691   | (ADV 0.24)
31     | 3.1930     | 0.9782     | 0.9792       | 1.2356       | 0.9396     | 1.3613       | 1.3175   | (ADV 0.26)
32     | 3.1921     | 0.9629     | 0.9927       | 1.2365       | 0.9437     | 1.3598       | 1.2887   | (ADV 0.26)
33     | 3.1698     | 0.9590     | 0.9696       | 1.2412       | 0.9281     | 1.3838       | 1.3177   |           
34     | 3.1557     | 0.9247     | 0.9865       | 1.2445       | 0.9437     | 1.3553       | 1.3424   | (ADV 0.27)
35     | 3.1125     | 0.9184     | 0.9561       | 1.2381       | 0.9313     | 1.3635       | 1.2664   |           
36     | 3.1530     | 0.9515     | 0.9517       | 1.2499       | 0.9479     | 1.3067       | 1.2843   | (ADV 0.29)
37     | 3.1695     | 0.9585     | 0.9603       | 1.2507       | 0.9406     | 1.3169       | 1.2702   |           
38     | 3.0837     | 0.8826     | 0.9622       | 1.2389       | 0.9354     | 1.3862       | 1.3064   |           
39     | 3.1384     | 0.9300     | 0.9706       | 1.2377       | 0.9458     | 1.2961       | 1.3824   | (ADV 0.30)
40     | 3.1001     | 0.8762     | 0.9832       | 1.2407       | 0.9385     | 1.3131       | 1.3344   |           
41     | 3.0849     | 0.8912     | 0.9626       | 1.2311       | 0.9406     | 1.3125       | 1.3379   |           
42     | 3.0368     | 0.8517     | 0.9640       | 1.2212       | 0.9385     | 1.2262       | 1.3188   | (ADV 0.33)
43     | 3.1150     | 0.9260     | 0.9704       | 1.2186       | 0.9458     | 1.2169       | 1.3126   | (ADV 0.34)
44     | 3.1272     | 0.9073     | 0.9987       | 1.2212       | 0.9344     | 1.2056       | 1.2462   |           
45     | 3.0866     | 0.8937     | 0.9922       | 1.2007       | 0.9448     | 1.2280       | 1.2529   |           
46     | 3.1113     | 0.8980     | 0.9885       | 1.2248       | 0.9271     | 1.2164       | 1.2828   |           
47     | 3.0369     | 0.8389     | 0.9800       | 1.2180       | 0.9490     | 1.1828       | 1.3105   | (ADV 0.36)
48     | 3.0453     | 0.8487     | 0.9775       | 1.2191       | 0.9458     | 1.1229       | 1.2510   | (ADV 0.38)
49     | 2.9963     | 0.7930     | 1.0001       | 1.2032       | 0.9427     | 1.1011       | 1.2857   | (ADV 0.39)
50     | 3.0527     | 0.8507     | 0.9972       | 1.2047       | 0.9500     | 1.1255       | 1.3013   |           
51     | 3.1075     | 0.8709     | 1.0186       | 1.2181       | 0.9479     | 1.1749       | 1.3709   |           
52     | 3.0854     | 0.8837     | 0.9970       | 1.2047       | 0.9437     | 1.1823       | 1.2988   |           
53     | 3.1160     | 0.8997     | 1.0083       | 1.2080       | 0.9427     | 1.1464       | 1.2186   |           
54     | 3.0265     | 0.8236     | 0.9993       | 1.2036       | 0.9500     | 1.1745       | 1.3250   |           
55     | 3.0422     | 0.8335     | 1.0050       | 1.2036       | 0.9510     | 1.0929       | 1.2703   | (ADV 0.40)
56     | 3.0343     | 0.8084     | 1.0151       | 1.2108       | 0.9396     | 1.0769       | 1.3432   |           
57     | 3.0846     | 0.8335     | 1.0337       | 1.2174       | 0.9490     | 1.1322       | 1.3571   |           
58     | 3.0200     | 0.7997     | 1.0161       | 1.2042       | 0.9458     | 1.0789       | 1.3425   | (ADV 0.41)
59     | 3.0413     | 0.8281     | 1.0155       | 1.1978       | 0.9469     | 1.0513       | 1.3362   | (ADV 0.42)
60     | 3.0883     | 0.8567     | 1.0110       | 1.2206       | 0.9500     | 1.0723       | 1.3209   |           
61     | 2.9924     | 0.7744     | 1.0172       | 1.2009       | 0.9333     | 1.0437       | 1.2834   |           
62     | 3.0863     | 0.8429     | 1.0271       | 1.2163       | 0.9448     | 1.0692       | 1.3058   |           
63     | 3.1664     | 0.8849     | 1.0502       | 1.2313       | 0.9427     | 1.0787       | 1.3083   |           
64     | 3.0349     | 0.7797     | 1.0372       | 1.2180       | 0.9177     | 1.0997       | 1.3234   |           
65     | 3.0617     | 0.8112     | 1.0339       | 1.2166       | 0.9479     | 1.0534       | 1.2132   |           
66     | 3.0274     | 0.7924     | 1.0295       | 1.2055       | 0.9396     | 1.0772       | 1.2744   |           
67     | 3.0439     | 0.7919     | 1.0338       | 1.2182       | 0.9448     | 1.0303       | 1.2975   | (ADV 0.43)
68     | 3.1359     | 0.8672     | 1.0335       | 1.2352       | 0.9417     | 0.9774       | 1.2107   | (ADV 0.45)
69     | 3.0381     | 0.7903     | 1.0256       | 1.2222       | 0.9417     | 1.0873       | 1.3100   |           
70     | 3.0415     | 0.8008     | 1.0236       | 1.2171       | 0.9313     | 1.0211       | 1.2512   |           
71     | 3.1302     | 0.8551     | 1.0365       | 1.2386       | 0.9531     | 1.0203       | 1.2425   |           
72     | 3.0845     | 0.8167     | 1.0356       | 1.2322       | 0.9427     | 1.0635       | 1.2528   |           
73     | 3.1259     | 0.8522     | 1.0360       | 1.2377       | 0.9385     | 1.0615       | 1.3580   |           
74     | 3.0356     | 0.7723     | 1.0502       | 1.2131       | 0.9458     | 0.9871       | 1.3517   |           
75     | 3.1332     | 0.8363     | 1.0691       | 1.2278       | 0.9479     | 0.9994       | 1.2808   |           
76     | 3.1016     | 0.8184     | 1.0521       | 1.2311       | 0.9417     | 1.0037       | 1.3039   |           
77     | 3.0982     | 0.8100     | 1.0529       | 1.2353       | 0.9427     | 0.9769       | 1.3033   | (ADV 0.45)
78     | 3.1145     | 0.8306     | 1.0499       | 1.2339       | 0.9396     | 0.9937       | 1.3174   |           
79     | 3.1033     | 0.8276     | 1.0454       | 1.2302       | 0.9458     | 1.0045       | 1.2560   |           
80     | 3.0618     | 0.7956     | 1.0458       | 1.2205       | 0.9500     | 1.0302       | 1.3232   |           
81     | 3.0377     | 0.7890     | 1.0212       | 1.2275       | 0.9396     | 1.0521       | 1.3131   |           
82     | 3.0770     | 0.7943     | 1.0506       | 1.2321       | 0.9531     | 0.9662       | 1.2735   | (ADV 0.47)
83     | 3.0670     | 0.8084     | 1.0427       | 1.2159       | 0.9302     | 1.0477       | 1.2816   |           
84     | 3.0254     | 0.7627     | 1.0377       | 1.2250       | 0.9427     | 1.0063       | 1.2763   |           
85     | 3.0527     | 0.7781     | 1.0302       | 1.2444       | 0.9333     | 0.8917       | 1.2987   | (ADV 0.49)
86     | 3.0935     | 0.8027     | 1.0487       | 1.2421       | 0.9302     | 0.9856       | 1.2752   |           
87     | 3.1294     | 0.8097     | 1.0689       | 1.2508       | 0.9365     | 0.9724       | 1.3522   |           
88     | 3.0810     | 0.7965     | 1.0503       | 1.2342       | 0.9333     | 1.0125       | 1.3154   |           
89     | 3.1291     | 0.8369     | 1.0559       | 1.2363       | 0.9365     | 0.9932       | 1.3364   |           
90     | 3.1130     | 0.7942     | 1.0722       | 1.2466       | 0.9323     | 1.0608       | 1.2613   |           
91     | 3.0760     | 0.7745     | 1.0454       | 1.2561       | 0.9406     | 1.0623       | 1.3025   |           
92     | 3.0530     | 0.7599     | 1.0476       | 1.2455       | 0.9552     | 0.9828       | 1.3062   |           
93     | 3.0760     | 0.7746     | 1.0462       | 1.2552       | 0.9448     | 1.0057       | 1.3513   |           
94     | 3.1325     | 0.7999     | 1.0576       | 1.2750       | 0.9448     | 1.0112       | 1.3774   |           
95     | 3.1646     | 0.8115     | 1.0785       | 1.2746       | 0.9292     | 0.9588       | 1.3526   |           
96     | 3.1421     | 0.8056     | 1.0771       | 1.2594       | 0.9198     | 1.0431       | 1.3656   |           
97     | 3.0611     | 0.7802     | 1.0266       | 1.2543       | 0.9469     | 0.9621       | 1.2842   |           
98     | 3.1305     | 0.8048     | 1.0669       | 1.2587       | 0.9302     | 0.9231       | 1.3493   |           
99     | 3.1185     | 0.7997     | 1.0628       | 1.2561       | 0.9531     | 1.0120       | 1.3463   |           
100    | 3.1171     | 0.8048     | 1.0564       | 1.2559       | 0.9323     | 1.0197       | 1.3875   |           
101    | 3.0849     | 0.7696     | 1.0758       | 1.2394       | 0.9469     | 0.9380       | 1.2970   |           
102    | 3.0696     | 0.7598     | 1.0700       | 1.2398       | 0.9427     | 0.9746       | 1.2939   |           
103    | 3.0786     | 0.7536     | 1.0791       | 1.2460       | 0.9375     | 0.9433       | 1.3431   |           
104    | 3.1780     | 0.8299     | 1.0789       | 1.2692       | 0.9437     | 0.9348       | 1.3522   |           
105    | 3.1157     | 0.7695     | 1.0714       | 1.2749       | 0.9500     | 0.9677       | 1.3846   |           
106    | 3.1172     | 0.7790     | 1.0691       | 1.2691       | 0.9479     | 1.0153       | 1.3962   |           
107    | 3.1367     | 0.7620     | 1.0728       | 1.3018       | 0.9406     | 0.8752       | 1.3876   | (ADV 0.50)
108    | 3.1584     | 0.7901     | 1.0763       | 1.2920       | 0.9469     | 0.9540       | 1.4124   |           
109    | 3.2030     | 0.8248     | 1.0893       | 1.2889       | 0.9375     | 0.9568       | 1.3519   |           
110    | 3.2218     | 0.8446     | 1.0913       | 1.2859       | 0.9333     | 0.9465       | 1.3538   |           
111    | 3.1283     | 0.7519     | 1.0852       | 1.2912       | 0.9281     | 1.0509       | 1.3889   |           
112    | 3.0691     | 0.7085     | 1.0710       | 1.2897       | 0.9417     | 0.9409       | 1.3540   |           
113    | 3.1252     | 0.7510     | 1.1006       | 1.2737       | 0.9375     | 0.9234       | 1.3352   |           
114    | 3.1681     | 0.7567     | 1.1260       | 1.2854       | 0.9458     | 0.9054       | 1.3514   |           
115    | 3.1286     | 0.7568     | 1.0959       | 1.2759       | 0.9240     | 0.9252       | 1.3858   |           
116    | 3.1100     | 0.7434     | 1.0860       | 1.2807       | 0.9365     | 0.9588       | 1.3580   |           
117    | 3.1835     | 0.8032     | 1.1028       | 1.2774       | 0.9333     | 0.9084       | 1.3808   |           
118    | 3.1237     | 0.7618     | 1.0908       | 1.2711       | 0.9396     | 0.9326       | 1.3268   |           
119    | 3.1469     | 0.7715     | 1.0951       | 1.2803       | 0.9458     | 0.9307       | 1.3172   |           
120    | 3.1486     | 0.7716     | 1.0999       | 1.2772       | 0.9469     | 0.9322       | 1.3739   |           
121    | 3.1452     | 0.7533     | 1.0970       | 1.2950       | 0.9323     | 0.9875       | 1.4080   |           
122    | 3.2019     | 0.8054     | 1.1078       | 1.2886       | 0.9479     | 0.9562       | 1.3314   |           
123    | 3.1088     | 0.7505     | 1.0793       | 1.2789       | 0.9437     | 0.8989       | 1.3452   |           
124    | 3.1257     | 0.7571     | 1.0854       | 1.2832       | 0.9490     | 0.8977       | 1.3276   |           
125    | 3.1041     | 0.7278     | 1.1005       | 1.2757       | 0.9458     | 0.9204       | 1.3522   |           
126    | 3.2891     | 0.8787     | 1.1236       | 1.2869       | 0.9365     | 0.9187       | 1.3396   |           
127    | 3.1695     | 0.7833     | 1.1036       | 1.2827       | 0.9406     | 0.9943       | 1.3307   |           
128    | 3.2025     | 0.8002     | 1.1101       | 1.2922       | 0.9490     | 0.9209       | 1.3486   |           
129    | 3.1485     | 0.7829     | 1.0855       | 1.2801       | 0.9344     | 0.9621       | 1.4304   |           
130    | 3.1696     | 0.7654     | 1.1090       | 1.2952       | 0.9323     | 0.9680       | 1.3318   |           
131    | 3.1735     | 0.7364     | 1.1429       | 1.2943       | 0.9333     | 0.9196       | 1.4082   |           
132    | 3.1901     | 0.7555     | 1.1565       | 1.2782       | 0.9448     | 0.9593       | 1.3740   |           
133    | 3.1570     | 0.7526     | 1.1196       | 1.2848       | 0.9396     | 0.9265       | 1.4130   |           
134    | 3.2161     | 0.7959     | 1.1384       | 1.2818       | 0.9500     | 0.9298       | 1.3627   |           
135    | 3.1974     | 0.7822     | 1.1279       | 1.2873       | 0.9542     | 0.9181       | 1.3747   |           
136    | 3.2176     | 0.8012     | 1.1204       | 1.2960       | 0.9396     | 0.9511       | 1.3653   |           
137    | 3.1008     | 0.7190     | 1.1103       | 1.2715       | 0.9448     | 0.8702       | 1.3428   | (ADV 0.51)
138    | 3.1823     | 0.7665     | 1.1245       | 1.2912       | 0.9510     | 0.9184       | 1.3853   |           
139    | 3.1378     | 0.7386     | 1.1132       | 1.2860       | 0.9333     | 0.8631       | 1.3549   |           
140    | 3.1884     | 0.7752     | 1.1227       | 1.2906       | 0.9458     | 0.8990       | 1.3123   |           
141    | 3.1494     | 0.7472     | 1.1203       | 1.2819       | 0.9500     | 0.9316       | 1.4161   |           
142    | 3.1805     | 0.7871     | 1.1091       | 1.2842       | 0.9417     | 0.9475       | 1.4005   |           
143    | 3.1280     | 0.7296     | 1.1120       | 1.2865       | 0.9406     | 0.9012       | 1.4034   |           
144    | 3.1807     | 0.7798     | 1.1122       | 1.2887       | 0.9427     | 0.8613       | 1.3442   | (ADV 0.51)
145    | 3.1710     | 0.7477     | 1.1309       | 1.2924       | 0.9406     | 0.9545       | 1.4268   |           
146    | 3.1331     | 0.7460     | 1.1058       | 1.2813       | 0.9313     | 0.8695       | 1.3661   |           
147    | 3.2271     | 0.8269     | 1.1177       | 1.2825       | 0.9531     | 0.8751       | 1.3893   | (ADV 0.52)
148    | 3.1392     | 0.7530     | 1.1074       | 1.2789       | 0.9302     | 0.8589       | 1.3776   |           
149    | 3.1428     | 0.7465     | 1.1166       | 1.2797       | 0.9458     | 0.8864       | 1.4020   |           
150    | 3.1614     | 0.7621     | 1.1157       | 1.2837       | 0.9490     | 0.8744       | 1.3469   |           
151    | 3.1317     | 0.7245     | 1.1162       | 1.2911       | 0.9500     | 0.8300       | 1.3124   | (ADV 0.53)
152    | 3.1460     | 0.7257     | 1.1223       | 1.2979       | 0.9302     | 0.8781       | 1.3058   |           
153    | 3.0992     | 0.7107     | 1.1051       | 1.2834       | 0.9479     | 0.9096       | 1.3652   |           
154    | 3.2557     | 0.8287     | 1.1330       | 1.2940       | 0.9458     | 0.9387       | 1.2947   |           
155    | 3.1963     | 0.7713     | 1.1268       | 1.2982       | 0.9385     | 0.8712       | 1.2854   |           
156    | 3.1623     | 0.7630     | 1.1144       | 1.2849       | 0.9187     | 0.9074       | 1.3467   |           
157    | 3.1506     | 0.7332     | 1.1338       | 1.2836       | 0.9385     | 0.8571       | 1.3234   |           
158    | 3.1548     | 0.7248     | 1.1391       | 1.2909       | 0.9177     | 0.8782       | 1.3505   |           
159    | 3.1241     | 0.7003     | 1.1362       | 1.2876       | 0.9490     | 0.8817       | 1.3224   |           
160    | 3.1888     | 0.7770     | 1.1306       | 1.2812       | 0.9437     | 0.9399       | 1.3577   |           
161    | 3.1016     | 0.7095     | 1.1117       | 1.2803       | 0.9469     | 0.8379       | 1.3100   |           
162    | 3.1853     | 0.7963     | 1.1073       | 1.2817       | 0.9521     | 0.7911       | 1.2566   | (ADV 0.56)
163    | 3.1436     | 0.7370     | 1.1185       | 1.2881       | 0.9469     | 0.8514       | 1.2365   |           
164    | 3.1287     | 0.7233     | 1.1240       | 1.2814       | 0.9427     | 0.8881       | 1.3039   |           
165    | 3.1392     | 0.7373     | 1.1204       | 1.2815       | 0.9406     | 0.8389       | 1.3282   |           
166    | 3.1742     | 0.7666     | 1.1267       | 1.2809       | 0.9344     | 0.8047       | 1.3399   |           
167    | 3.1329     | 0.7337     | 1.1265       | 1.2726       | 0.9479     | 0.9117       | 1.2625   |           
168    | 3.0569     | 0.6838     | 1.1064       | 1.2667       | 0.9552     | 0.8508       | 1.2751   |           
169    | 3.1183     | 0.7171     | 1.1201       | 1.2810       | 0.9500     | 0.8497       | 1.3401   |           
170    | 3.1871     | 0.7540     | 1.1471       | 1.2860       | 0.9500     | 0.8883       | 1.3523   |           
171    | 3.1892     | 0.7709     | 1.1322       | 1.2860       | 0.9396     | 0.8689       | 1.3455   |           
172    | 3.1497     | 0.7378     | 1.1402       | 1.2717       | 0.9448     | 0.8105       | 1.2817   |           
173    | 3.1049     | 0.6784     | 1.1421       | 1.2843       | 0.9271     | 0.8457       | 1.3446   |           
174    | 3.1572     | 0.7358     | 1.1369       | 1.2845       | 0.9406     | 0.8412       | 1.3279   |           
175    | 3.1392     | 0.7294     | 1.1315       | 1.2783       | 0.9552     | 0.8268       | 1.3091   |           
176    | 3.1623     | 0.7474     | 1.1299       | 1.2850       | 0.9354     | 0.8622       | 1.3198   |           
177    | 3.2658     | 0.8342     | 1.1443       | 1.2873       | 0.9375     | 0.8478       | 1.2987   |           
178    | 3.1426     | 0.7219     | 1.1395       | 1.2812       | 0.9406     | 0.9189       | 1.2773   |           
179    | 3.1689     | 0.7187     | 1.1536       | 1.2965       | 0.9458     | 0.8167       | 1.3065   |           
180    | 3.1981     | 0.7604     | 1.1555       | 1.2822       | 0.9437     | 0.7948       | 1.3210   |           
181    | 3.0957     | 0.6958     | 1.1191       | 1.2808       | 0.9375     | 0.8460       | 1.3439   |           
182    | 3.2004     | 0.7629     | 1.1505       | 1.2870       | 0.9281     | 0.8539       | 1.3248   |           
183    | 3.1440     | 0.7165     | 1.1473       | 1.2801       | 0.9385     | 0.8498       | 1.4006   |           
184    | 3.1834     | 0.7347     | 1.1523       | 1.2963       | 0.9385     | 0.8645       | 1.3724   |           
185    | 3.1282     | 0.7052     | 1.1401       | 1.2829       | 0.9365     | 0.8198       | 1.2991   |           
186    | 3.1638     | 0.7365     | 1.1415       | 1.2858       | 0.9396     | 0.8577       | 1.3489   |           
187    | 3.1252     | 0.7076     | 1.1400       | 1.2775       | 0.9240     | 0.8409       | 1.3117   |           
188    | 3.1760     | 0.7510     | 1.1478       | 1.2772       | 0.9479     | 0.8060       | 1.3449   |           
189    | 3.1803     | 0.7535     | 1.1470       | 1.2798       | 0.9437     | 0.7727       | 1.2959   | (ADV 0.56)
190    | 3.1743     | 0.7448     | 1.1569       | 1.2726       | 0.9448     | 0.8515       | 1.3569   |           
191    | 3.1411     | 0.6884     | 1.1627       | 1.2900       | 0.9365     | 0.8995       | 1.3438   |           
192    | 3.1958     | 0.7484     | 1.1668       | 1.2806       | 0.9427     | 0.8492       | 1.3374   |           
193    | 3.1952     | 0.7484     | 1.1662       | 1.2806       | 0.9479     | 0.8108       | 1.3628   |           
194    | 3.1941     | 0.7482     | 1.1591       | 1.2868       | 0.9271     | 0.8308       | 1.3652   |           
195    | 3.2087     | 0.7675     | 1.1547       | 1.2865       | 0.9396     | 0.8843       | 1.3373   |           
196    | 3.1446     | 0.7060     | 1.1615       | 1.2771       | 0.9427     | 0.8494       | 1.3221   |           
197    | 3.2007     | 0.7550     | 1.1638       | 1.2819       | 0.9313     | 0.8382       | 1.3263   |           
198    | 3.1368     | 0.7340     | 1.1336       | 1.2691       | 0.9344     | 0.7953       | 1.3705   |           
199    | 3.1167     | 0.6996     | 1.1477       | 1.2694       | 0.9354     | 0.8194       | 1.3634   |           
200    | 3.1614     | 0.7297     | 1.1523       | 1.2794       | 0.9417     | 0.8243       | 1.3638   |           
201    | 3.1803     | 0.7323     | 1.1645       | 1.2835       | 0.9396     | 0.8177       | 1.3497   |           
202    | 3.1299     | 0.6844     | 1.1626       | 1.2828       | 0.9500     | 0.8001       | 1.2969   |           
203    | 3.1372     | 0.7265     | 1.1389       | 1.2718       | 0.9406     | 0.8237       | 1.3835   |           
204    | 3.1636     | 0.7321     | 1.1516       | 1.2800       | 0.9375     | 0.8235       | 1.3363   |           
205    | 3.1483     | 0.6975     | 1.1692       | 1.2816       | 0.9448     | 0.8384       | 1.3167   |           
206    | 3.1891     | 0.7368     | 1.1700       | 1.2824       | 0.9365     | 0.8546       | 1.3260   |           
207    | 3.1811     | 0.7297     | 1.1776       | 1.2739       | 0.9396     | 0.8181       | 1.3272   |           
208    | 3.2107     | 0.7475     | 1.1769       | 1.2863       | 0.9354     | 0.8388       | 1.3796   |           
209    | 3.1608     | 0.7371     | 1.1462       | 1.2776       | 0.9427     | 0.8172       | 1.2843   |           
210    | 3.1213     | 0.6996     | 1.1374       | 1.2843       | 0.9458     | 0.8198       | 1.2453   |           
211    | 3.2137     | 0.7563     | 1.1700       | 1.2874       | 0.9490     | 0.7741       | 1.2861   | (ADV 0.56)
212    | 3.1970     | 0.7404     | 1.1784       | 1.2782       | 0.9365     | 0.8660       | 1.3085   |           
213    | 3.1728     | 0.7263     | 1.1693       | 1.2771       | 0.9375     | 0.8416       | 1.2907   |           
214    | 3.1625     | 0.7134     | 1.1628       | 1.2863       | 0.9427     | 0.8311       | 1.3360   |           
215    | 3.1745     | 0.7491     | 1.1444       | 1.2810       | 0.9354     | 0.8331       | 1.3372   |           
216    | 3.1417     | 0.7052     | 1.1553       | 1.2812       | 0.9198     | 0.8310       | 1.3681   |           
217    | 3.0860     | 0.6621     | 1.1552       | 1.2687       | 0.9448     | 0.8331       | 1.3703   |           
218    | 3.1479     | 0.7089     | 1.1618       | 1.2773       | 0.9479     | 0.8789       | 1.4071   |           
219    | 3.1352     | 0.6845     | 1.1581       | 1.2926       | 0.9375     | 0.8439       | 1.2984   |           
220    | 3.2094     | 0.7514     | 1.1684       | 1.2897       | 0.9250     | 0.8579       | 1.3277   |           
221    | 3.1241     | 0.6840     | 1.1590       | 1.2812       | 0.9385     | 0.8148       | 1.3681   |           
222    | 3.1909     | 0.7137     | 1.1922       | 1.2850       | 0.9479     | 0.8463       | 1.3831   |           
223    | 3.2212     | 0.7474     | 1.1775       | 1.2963       | 0.9490     | 0.7996       | 1.3985   |           
224    | 3.1422     | 0.6932     | 1.1604       | 1.2885       | 0.9365     | 0.8587       | 1.3952   |           
225    | 3.1240     | 0.6747     | 1.1663       | 1.2830       | 0.9406     | 0.8216       | 1.3645   |           
226    | 3.1941     | 0.7398     | 1.1646       | 1.2897       | 0.9344     | 0.8139       | 1.2911   |           
227    | 3.2075     | 0.7259     | 1.1908       | 1.2907       | 0.9385     | 0.8125       | 1.3199   |           
228    | 3.1681     | 0.7024     | 1.1801       | 1.2856       | 0.9344     | 0.7897       | 1.3311   |           
229    | 3.1800     | 0.7004     | 1.1997       | 1.2799       | 0.9448     | 0.8362       | 1.3193   |           
230    | 3.2363     | 0.7301     | 1.2080       | 1.2982       | 0.9531     | 0.7747       | 1.3197   | (ADV 0.57)
231    | 3.1611     | 0.6901     | 1.1888       | 1.2822       | 0.9323     | 0.7866       | 1.2806   |           
232    | 3.2018     | 0.7288     | 1.1915       | 1.2815       | 0.9354     | 0.8404       | 1.2801   |           
233    | 3.1481     | 0.6908     | 1.1726       | 1.2848       | 0.9302     | 0.8194       | 1.2963   |           
234    | 3.1823     | 0.7184     | 1.1807       | 1.2832       | 0.9427     | 0.7848       | 1.3209   |           
235    | 3.2076     | 0.7450     | 1.1702       | 1.2923       | 0.9458     | 0.8105       | 1.2727   |           
236    | 3.1733     | 0.7168     | 1.1702       | 1.2863       | 0.9469     | 0.8808       | 1.2756   |           
237    | 3.1528     | 0.6936     | 1.1777       | 1.2815       | 0.9198     | 0.8173       | 1.3212   |           
238    | 3.1878     | 0.7303     | 1.1744       | 1.2831       | 0.9333     | 0.8561       | 1.3242   |           
239    | 3.1770     | 0.7131     | 1.1723       | 1.2916       | 0.9479     | 0.7896       | 1.3253   |           
240    | 3.1559     | 0.6888     | 1.1744       | 1.2928       | 0.9396     | 0.8378       | 1.3070   |           
241    | 3.1529     | 0.6985     | 1.1775       | 1.2769       | 0.9417     | 0.8401       | 1.3499   |           
242    | 3.1812     | 0.7031     | 1.1920       | 1.2861       | 0.9479     | 0.8172       | 1.3044   |           
243    | 3.1570     | 0.6853     | 1.1890       | 1.2827       | 0.9354     | 0.8351       | 1.3194   |           
244    | 3.1649     | 0.7005     | 1.1907       | 1.2738       | 0.9469     | 0.8061       | 1.2669   |           
245    | 3.1786     | 0.7152     | 1.1817       | 1.2817       | 0.9437     | 0.7851       | 1.3057   |           
246    | 3.1630     | 0.6901     | 1.1932       | 1.2798       | 0.9396     | 0.8098       | 1.3506   |           
247    | 3.1699     | 0.6981     | 1.1875       | 1.2843       | 0.9469     | 0.8483       | 1.3330   |           
248    | 3.1522     | 0.6830     | 1.1877       | 1.2815       | 0.9365     | 0.7933       | 1.3557   |           
249    | 3.1361     | 0.6905     | 1.1658       | 1.2798       | 0.9437     | 0.8352       | 1.3525   |           
250    | 3.1768     | 0.7147     | 1.1825       | 1.2796       | 0.9510     | 0.8219       | 1.3257   |           
251    | 3.1402     | 0.6837     | 1.1827       | 1.2738       | 0.9500     | 0.7900       | 1.3203   |           
252    | 3.1307     | 0.6791     | 1.1852       | 1.2664       | 0.9469     | 0.8313       | 1.3584   |           
253    | 3.2176     | 0.7357     | 1.2007       | 1.2812       | 0.9354     | 0.8572       | 1.2613   |           
254    | 3.1531     | 0.6871     | 1.1850       | 1.2810       | 0.9323     | 0.7873       | 1.3710   |           
255    | 3.2000     | 0.7129     | 1.1950       | 1.2922       | 0.9292     | 0.8222       | 1.3122   |           
256    | 3.1799     | 0.7155     | 1.1848       | 1.2796       | 0.9396     | 0.7974       | 1.2885   |           
257    | 3.1504     | 0.6733     | 1.1882       | 1.2889       | 0.9500     | 0.8018       | 1.3592   |           
258    | 3.1606     | 0.7001     | 1.1773       | 1.2832       | 0.9427     | 0.7825       | 1.3198   |           
259    | 3.1663     | 0.6996     | 1.1798       | 1.2869       | 0.9510     | 0.8021       | 1.2996   |           
260    | 3.1849     | 0.7141     | 1.1810       | 1.2898       | 0.9323     | 0.8273       | 1.3155   |           
261    | 3.2684     | 0.7724     | 1.2028       | 1.2932       | 0.9406     | 0.7810       | 1.2789   |           
262    | 3.1221     | 0.6681     | 1.1719       | 1.2821       | 0.9458     | 0.8047       | 1.3316   |           
263    | 3.1454     | 0.6730     | 1.1867       | 1.2857       | 0.9396     | 0.8318       | 1.2786   |           
264    | 3.1333     | 0.6763     | 1.1840       | 1.2729       | 0.9490     | 0.8184       | 1.3040   |           
265    | 3.2077     | 0.7486     | 1.1762       | 1.2829       | 0.9531     | 0.7786       | 1.3256   |           
266    | 3.2248     | 0.7364     | 1.1953       | 1.2931       | 0.9490     | 0.8065       | 1.3005   |           
267    | 3.1751     | 0.6993     | 1.1827       | 1.2931       | 0.9385     | 0.8306       | 1.3625   |           
268    | 3.1388     | 0.6806     | 1.1804       | 1.2778       | 0.9458     | 0.7930       | 1.3024   |           
269    | 3.1305     | 0.6606     | 1.1911       | 1.2789       | 0.9479     | 0.8001       | 1.3435   |           
270    | 3.1014     | 0.6571     | 1.1660       | 1.2783       | 0.9521     | 0.7899       | 1.3513   |           
271    | 3.2345     | 0.7574     | 1.1920       | 1.2851       | 0.9354     | 0.7703       | 1.3531   |           
272    | 3.1728     | 0.7092     | 1.1765       | 1.2871       | 0.9385     | 0.7753       | 1.3374   |           
273    | 3.1274     | 0.6500     | 1.1904       | 1.2870       | 0.9323     | 0.7904       | 1.3422   |           
274    | 3.1447     | 0.6759     | 1.1915       | 1.2772       | 0.9354     | 0.8129       | 1.3319   |           
275    | 3.1473     | 0.6872     | 1.1829       | 1.2772       | 0.9344     | 0.7645       | 1.2643   |           
276    | 3.2091     | 0.7235     | 1.1969       | 1.2887       | 0.9385     | 0.8089       | 1.3362   |           
277    | 3.1689     | 0.6865     | 1.1899       | 1.2926       | 0.9385     | 0.8071       | 1.3276   |           
278    | 3.1292     | 0.6444     | 1.1889       | 1.2959       | 0.9313     | 0.7609       | 1.3374   |           
279    | 3.1908     | 0.7266     | 1.1748       | 1.2894       | 0.9385     | 0.7844       | 1.3648   |           
280    | 3.1269     | 0.6692     | 1.1829       | 1.2749       | 0.9354     | 0.8683       | 1.4025   |           
281    | 3.1358     | 0.6616     | 1.1890       | 1.2852       | 0.9510     | 0.7871       | 1.3388   |           
282    | 3.1207     | 0.6390     | 1.2026       | 1.2790       | 0.9427     | 0.7753       | 1.3036   |           
283    | 3.1591     | 0.6745     | 1.2025       | 1.2821       | 0.9323     | 0.8225       | 1.2993   |           
284    | 3.2124     | 0.7278     | 1.1988       | 1.2859       | 0.9458     | 0.7846       | 1.3025   |           
285    | 3.1966     | 0.7311     | 1.1903       | 1.2752       | 0.9563     | 0.7739       | 1.3444   | (ADV 0.57)
286    | 3.1595     | 0.6945     | 1.1766       | 1.2883       | 0.9375     | 0.8176       | 1.3309   |           
287    | 3.1838     | 0.7023     | 1.1986       | 1.2829       | 0.9187     | 0.8077       | 1.2862   |           
288    | 3.1504     | 0.6842     | 1.1842       | 1.2820       | 0.9417     | 0.7375       | 1.2867   | (ADV 0.57)
289    | 3.1421     | 0.6901     | 1.1776       | 1.2744       | 0.9333     | 0.7985       | 1.3503   |           
290    | 3.1429     | 0.6757     | 1.1821       | 1.2851       | 0.9448     | 0.7579       | 1.3134   |           
291    | 3.1389     | 0.6769     | 1.1878       | 1.2742       | 0.9469     | 0.7974       | 1.3610   |           
292    | 3.1521     | 0.6803     | 1.1943       | 1.2775       | 0.9510     | 0.7958       | 1.3276   |           
293    | 3.1409     | 0.6749     | 1.1890       | 1.2770       | 0.9458     | 0.7577       | 1.3416   |           
294    | 3.1711     | 0.7057     | 1.1898       | 1.2756       | 0.9521     | 0.7991       | 1.3803   |           
295    | 3.1763     | 0.6870     | 1.2017       | 1.2876       | 0.9479     | 0.7847       | 1.3763   |           
296    | 3.1617     | 0.6890     | 1.1843       | 1.2885       | 0.9448     | 0.8225       | 1.3029   |           
297    | 3.2194     | 0.7218     | 1.2082       | 1.2894       | 0.9437     | 0.7526       | 1.3247   |           
298    | 3.2109     | 0.7253     | 1.2069       | 1.2787       | 0.9458     | 0.7899       | 1.4061   |           
299    | 3.1358     | 0.6558     | 1.2028       | 1.2772       | 0.9302     | 0.7754       | 1.3267   |           
300    | 3.1391     | 0.6669     | 1.1947       | 1.2775       | 0.9406     | 0.7656       | 1.3510   |           
301    | 3.1421     | 0.6676     | 1.1997       | 1.2749       | 0.9458     | 0.7667       | 1.3613   |           
302    | 3.1136     | 0.6416     | 1.1956       | 1.2764       | 0.9448     | 0.7617       | 1.3698   |           
303    | 3.1813     | 0.6851     | 1.2063       | 1.2898       | 0.9385     | 0.7782       | 1.3544   |           
304    | 3.1579     | 0.6738     | 1.2013       | 1.2829       | 0.9427     | 0.7791       | 1.3169   |           
305    | 3.1533     | 0.6657     | 1.2067       | 1.2808       | 0.9354     | 0.7673       | 1.2748   |           
306    | 3.1599     | 0.6932     | 1.1888       | 1.2780       | 0.9469     | 0.7811       | 1.3415   |           
307    | 3.1192     | 0.6703     | 1.1833       | 1.2657       | 0.9187     | 0.7738       | 1.3499   |           
308    | 3.1825     | 0.6925     | 1.2133       | 1.2767       | 0.9479     | 0.7202       | 1.3198   | (ADV 0.59)
309    | 3.2180     | 0.7315     | 1.2025       | 1.2840       | 0.9437     | 0.7369       | 1.3617   |           
310    | 3.1916     | 0.7246     | 1.1881       | 1.2790       | 0.9531     | 0.7676       | 1.3056   |           
311    | 3.1498     | 0.6832     | 1.1910       | 1.2756       | 0.9521     | 0.7993       | 1.3726   |           
312    | 3.1554     | 0.6667     | 1.1975       | 1.2911       | 0.9458     | 0.7641       | 1.2764   |           
313    | 3.1704     | 0.6866     | 1.1903       | 1.2934       | 0.9417     | 0.7749       | 1.3427   |           
314    | 3.1489     | 0.6935     | 1.1743       | 1.2812       | 0.9500     | 0.7855       | 1.3165   |           
315    | 3.2023     | 0.7130     | 1.2040       | 1.2853       | 0.9521     | 0.7714       | 1.3449   |           
316    | 3.1725     | 0.6774     | 1.2020       | 1.2931       | 0.9479     | 0.8007       | 1.3286   |           
317    | 3.1121     | 0.6358     | 1.2012       | 1.2751       | 0.9396     | 0.7831       | 1.3413   |           
318    | 3.1280     | 0.6526     | 1.1939       | 1.2816       | 0.9479     | 0.7779       | 1.3742   |           
319    | 3.1116     | 0.6565     | 1.1788       | 1.2763       | 0.9396     | 0.7773       | 1.3383   |           
320    | 3.1287     | 0.6452     | 1.1954       | 1.2881       | 0.9219     | 0.7837       | 1.4043   |           
321    | 3.1794     | 0.6837     | 1.1965       | 1.2993       | 0.9479     | 0.7813       | 1.3301   |           
322    | 3.1224     | 0.6429     | 1.1926       | 1.2870       | 0.9500     | 0.7685       | 1.3175   |           
323    | 3.1937     | 0.7105     | 1.1959       | 1.2873       | 0.9448     | 0.7156       | 1.2965   |           
324    | 3.2204     | 0.7212     | 1.2129       | 1.2862       | 0.9365     | 0.7411       | 1.3520   |           
325    | 3.2084     | 0.7125     | 1.2025       | 1.2934       | 0.9500     | 0.7415       | 1.3511   |           
326    | 3.1333     | 0.6512     | 1.1933       | 1.2888       | 0.9313     | 0.7935       | 1.3263   |           
327    | 3.1292     | 0.6401     | 1.2040       | 1.2851       | 0.9531     | 0.7440       | 1.3665   |           
328    | 3.1290     | 0.6582     | 1.1851       | 1.2857       | 0.9469     | 0.7442       | 1.3633   |           
329    | 3.1796     | 0.6843     | 1.2068       | 1.2886       | 0.9500     | 0.7818       | 1.3776   |           
330    | 3.2434     | 0.7233     | 1.2163       | 1.3038       | 0.9375     | 0.7857       | 1.3650   |           
331    | 3.1871     | 0.6726     | 1.2130       | 1.3015       | 0.9313     | 0.7523       | 1.3892   |           
332    | 3.1916     | 0.6962     | 1.1869       | 1.3085       | 0.9531     | 0.7414       | 1.3809   |           
333    | 3.1447     | 0.6643     | 1.1770       | 1.3033       | 0.9490     | 0.7392       | 1.3032   |           
334    | 3.1556     | 0.6535     | 1.1965       | 1.3057       | 0.9417     | 0.7790       | 1.3153   |           
335    | 3.1638     | 0.6654     | 1.1974       | 1.3010       | 0.9385     | 0.7332       | 1.3181   |           
336    | 3.1693     | 0.6818     | 1.1873       | 1.3002       | 0.9458     | 0.7149       | 1.3378   | (ADV 0.59)
337    | 3.1500     | 0.6609     | 1.1902       | 1.2989       | 0.9385     | 0.7637       | 1.4115   |           
338    | 3.1922     | 0.6869     | 1.2064       | 1.2989       | 0.9437     | 0.7924       | 1.3913   |           
339    | 3.1626     | 0.6703     | 1.1979       | 1.2943       | 0.9458     | 0.7420       | 1.2782   |           
340    | 3.1097     | 0.6358     | 1.1981       | 1.2758       | 0.9271     | 0.7610       | 1.3917   |           
341    | 3.1598     | 0.6792     | 1.1985       | 1.2821       | 0.9448     | 0.7281       | 1.3463   |           
342    | 3.1510     | 0.6533     | 1.2055       | 1.2923       | 0.9271     | 0.7331       | 1.3781   |           
343    | 3.1779     | 0.6786     | 1.2074       | 1.2919       | 0.9490     | 0.7310       | 1.3592   |           
344    | 3.1488     | 0.6760     | 1.1950       | 1.2778       | 0.9427     | 0.7090       | 1.3218   |           
345    | 3.1986     | 0.7109     | 1.2062       | 1.2815       | 0.9198     | 0.7724       | 1.3446   |           
346    | 3.1609     | 0.6777     | 1.2093       | 1.2740       | 0.9313     | 0.7198       | 1.3439   |           
347    | 3.1844     | 0.7016     | 1.2039       | 1.2790       | 0.9385     | 0.7382       | 1.3749   |           
348    | 3.1434     | 0.6799     | 1.1877       | 1.2758       | 0.9260     | 0.7286       | 1.4111   |           
349    | 3.1913     | 0.7033     | 1.2037       | 1.2843       | 0.9437     | 0.7224       | 1.3043   |           
350    | 3.1850     | 0.6929     | 1.2052       | 1.2869       | 0.9385     | 0.6932       | 1.3344   | (ADV 0.59)
351    | 3.0592     | 0.5929     | 1.1962       | 1.2701       | 0.9542     | 0.7257       | 1.3444   |           
352    | 3.2210     | 0.7111     | 1.2134       | 1.2964       | 0.9437     | 0.7393       | 1.3642   |           
353    | 3.1582     | 0.6635     | 1.1991       | 1.2956       | 0.9510     | 0.7754       | 1.3634   |           
354    | 3.1009     | 0.6292     | 1.1809       | 1.2908       | 0.9427     | 0.7512       | 1.3434   |           
355    | 3.1742     | 0.6789     | 1.2012       | 1.2942       | 0.9531     | 0.7425       | 1.3471   |           
356    | 3.2056     | 0.7150     | 1.2033       | 1.2874       | 0.9531     | 0.7201       | 1.3675   | (ADV 0.59)
357    | 3.1555     | 0.6331     | 1.2236       | 1.2988       | 0.9417     | 0.7301       | 1.3461   |           
358    | 3.1444     | 0.6527     | 1.2066       | 1.2850       | 0.9437     | 0.7104       | 1.3209   |           
359    | 3.1600     | 0.6739     | 1.2030       | 1.2831       | 0.9396     | 0.7537       | 1.3933   |           
360    | 3.1110     | 0.6382     | 1.1896       | 1.2832       | 0.9469     | 0.7601       | 1.3502   |           
361    | 3.1351     | 0.6412     | 1.2097       | 1.2842       | 0.9396     | 0.7261       | 1.2819   |           
362    | 3.1307     | 0.6583     | 1.1923       | 1.2800       | 0.9500     | 0.7515       | 1.3113   |           
363    | 3.1451     | 0.6442     | 1.2105       | 1.2904       | 0.9313     | 0.7956       | 1.3315   |           
364    | 3.1787     | 0.6935     | 1.2009       | 1.2843       | 0.9365     | 0.7451       | 1.3907   |           
365    | 3.1285     | 0.6362     | 1.2083       | 1.2841       | 0.9458     | 0.7872       | 1.3636   |           
366    | 3.1417     | 0.6628     | 1.2045       | 1.2744       | 0.9604     | 0.7295       | 1.3356   | (ADV 0.60)
367    | 3.1138     | 0.6339     | 1.1987       | 1.2811       | 0.9469     | 0.7485       | 1.3483   |           
368    | 3.1706     | 0.6739     | 1.2029       | 1.2938       | 0.9417     | 0.7294       | 1.3688   |           
369    | 3.1980     | 0.7021     | 1.2126       | 1.2833       | 0.9531     | 0.6917       | 1.3259   | (ADV 0.61)
370    | 3.2048     | 0.6979     | 1.2127       | 1.2942       | 0.9365     | 0.7172       | 1.3553   |           
371    | 3.0715     | 0.6009     | 1.1931       | 1.2775       | 0.9417     | 0.7066       | 1.3059   |           
372    | 3.1898     | 0.6867     | 1.2064       | 1.2967       | 0.9385     | 0.7776       | 1.3250   |           
373    | 3.1157     | 0.6237     | 1.2079       | 1.2840       | 0.9510     | 0.7466       | 1.3379   |           
374    | 3.1603     | 0.6646     | 1.2046       | 1.2912       | 0.9208     | 0.7855       | 1.3554   |           
375    | 3.1431     | 0.6577     | 1.1988       | 1.2866       | 0.9531     | 0.7014       | 1.3389   |           
376    | 3.1594     | 0.6857     | 1.1917       | 1.2820       | 0.9396     | 0.7375       | 1.3555   |           
377    | 3.1573     | 0.6677     | 1.1987       | 1.2909       | 0.9427     | 0.7087       | 1.3418   |           
378    | 3.1338     | 0.6559     | 1.2000       | 1.2779       | 0.9437     | 0.7284       | 1.3549   |           
379    | 3.1748     | 0.6891     | 1.2039       | 1.2818       | 0.9437     | 0.7456       | 1.3300   |           
380    | 3.1555     | 0.6687     | 1.2040       | 1.2828       | 0.9500     | 0.7208       | 1.3643   |           
381    | 3.1340     | 0.6613     | 1.1969       | 1.2759       | 0.9458     | 0.7664       | 1.3880   |           
382    | 3.1041     | 0.6239     | 1.1957       | 1.2845       | 0.9510     | 0.6751       | 1.3438   | (ADV 0.61)
383    | 3.1405     | 0.6574     | 1.1945       | 1.2886       | 0.9469     | 0.6932       | 1.3495   |           
384    | 3.1608     | 0.6689     | 1.2003       | 1.2916       | 0.9437     | 0.7419       | 1.3516   |           
385    | 3.1424     | 0.6516     | 1.2039       | 1.2869       | 0.9521     | 0.7621       | 1.2999   |           
386    | 3.0859     | 0.6189     | 1.1888       | 1.2782       | 0.9458     | 0.7727       | 1.3314   |           
387    | 3.1172     | 0.6306     | 1.2058       | 1.2808       | 0.9479     | 0.7532       | 1.3240   |           
388    | 3.1686     | 0.6631     | 1.2154       | 1.2901       | 0.9417     | 0.7587       | 1.3487   |           
389    | 3.1904     | 0.6745     | 1.2058       | 1.3102       | 0.9365     | 0.7394       | 1.3747   |           
390    | 3.2142     | 0.6906     | 1.2079       | 1.3156       | 0.9479     | 0.7422       | 1.3457   |           
391    | 3.2255     | 0.6954     | 1.2126       | 1.3175       | 0.9177     | 0.6650       | 1.3339   |           
392    | 3.1792     | 0.6736     | 1.2098       | 1.2958       | 0.9385     | 0.7686       | 1.3565   |           
393    | 3.1683     | 0.6540     | 1.2009       | 1.3134       | 0.9479     | 0.7499       | 1.3764   |           
394    | 3.1629     | 0.6550     | 1.2074       | 1.3005       | 0.9281     | 0.7495       | 1.3324   |           
395    | 3.1402     | 0.6490     | 1.2030       | 1.2882       | 0.9333     | 0.7110       | 1.3541   |           
396    | 3.1632     | 0.6547     | 1.2175       | 1.2911       | 0.9521     | 0.7129       | 1.3360   |           
397    | 3.0800     | 0.5885     | 1.2026       | 1.2889       | 0.9479     | 0.7484       | 1.3295   |           
398    | 3.1392     | 0.6424     | 1.2138       | 1.2830       | 0.9385     | 0.7121       | 1.2808   |           
399    | 3.1487     | 0.6541     | 1.2077       | 1.2869       | 0.9375     | 0.6920       | 1.3864   |           
400    | 3.1170     | 0.6191     | 1.2140       | 1.2839       | 0.9552     | 0.7257       | 1.3409   |           
Seed 123456 | Src Acc: 94.8980 | Src MDE: 0.0855 | Tgt Acc: 23.1633 | Tgt MDE: 1.3438
Finished Combo FusionCDAN_4. Results saved.
