/home/mcslab/yutung/MCSLAB_RSSI_RTT_Dataset/FusionCDAN/fusion_cdan_v2_noRSSIDiff.py:201: FutureWarning: DataFrameGroupBy.apply operated on the grouping columns. This behavior is deprecated, and in a future version of pandas the grouping columns will be excluded from the operation. Either pass `include_groups=False` to exclude the groupings or explicitly select the grouping columns after groupby to silence this warning.
  df = df.groupby('Label').apply(
/home/mcslab/yutung/MCSLAB_RSSI_RTT_Dataset/FusionCDAN/fusion_cdan_v2_noRSSIDiff.py:201: FutureWarning: DataFrameGroupBy.apply operated on the grouping columns. This behavior is deprecated, and in a future version of pandas the grouping columns will be excluded from the operation. Either pass `include_groups=False` to exclude the groupings or explicitly select the grouping columns after groupby to silence this warning.
  df = df.groupby('Label').apply(
==========================================
Current Experiment: RTT Combination: ['Dist_mm_1', 'Dist_mm_3']
RTT Input Dimension: 2
==========================================
Start Training Seed 42...

Start CDAN+E Training... (Entropy Conditioning Enabled)
Epoch  | Total Loss | Tr Cls     | Tr Dom RSSI  | Tr Dom RTT   | Val Cls    | Val RSSI Dls | Val RTT Dls  | Test MDE
------------------------------------------------------------------------------------------------------------------------
1      | 6.2414     | 3.4689     | 1.3860       | 1.3865       | 2.8693     | 1.3852       | 1.3854       | 1.6828   |           
2      | 5.5369     | 2.7661     | 1.3856       | 1.3852       | 2.3298     | 1.3840       | 1.3839       | 1.2827   |           
3      | 5.1386     | 2.3711     | 1.3837       | 1.3838       | 1.9635     | 1.3824       | 1.3814       | 1.1023   |           
4      | 4.7929     | 2.0334     | 1.3797       | 1.3798       | 1.6024     | 1.3765       | 1.3764       | 1.0731   |           
5      | 4.5516     | 1.7987     | 1.3762       | 1.3766       | 1.3189     | 1.3694       | 1.3672       | 1.0293   |           
6      | 4.3374     | 1.5992     | 1.3688       | 1.3694       | 1.0832     | 1.3541       | 1.3534       | 1.0819   |           
7      | 4.0959     | 1.3787     | 1.3567       | 1.3605       | 0.8986     | 1.3427       | 1.3395       | 1.0728   |           
8      | 3.9316     | 1.2388     | 1.3438       | 1.3490       | 0.7632     | 1.3224       | 1.3186       | 1.0575   |           
9      | 3.8251     | 1.1538     | 1.3323       | 1.3391       | 0.6115     | 1.2964       | 1.2925       | 0.9893   |           
10     | 3.6796     | 1.0459     | 1.3125       | 1.3211       | 0.5881     | 1.2826       | 1.2770       | 1.0689   |           
11     | 3.5550     | 0.9557     | 1.2937       | 1.3055       | 0.4678     | 1.2470       | 1.2444       | 1.1012   | (ADV -0.13)
12     | 3.4681     | 0.8967     | 1.2775       | 1.2939       | 0.4034     | 1.2189       | 1.2204       | 1.1645   | (ADV -0.12)
13     | 3.4060     | 0.8695     | 1.2585       | 1.2780       | 0.3383     | 1.1854       | 1.1902       | 1.0865   | (ADV -0.11)
14     | 3.3208     | 0.8161     | 1.2401       | 1.2646       | 0.3224     | 1.1645       | 1.1777       | 1.0880   |           
15     | 3.2592     | 0.7863     | 1.2202       | 1.2527       | 0.3122     | 1.1383       | 1.1528       | 1.0947   |           
16     | 3.1286     | 0.6966     | 1.1971       | 1.2349       | 0.2617     | 1.1138       | 1.1242       | 1.1989   | (ADV -0.10)
17     | 3.0950     | 0.6970     | 1.1741       | 1.2239       | 0.2516     | 1.0847       | 1.1063       | 1.1496   |           
18     | 2.9925     | 0.6428     | 1.1517       | 1.1980       | 0.2293     | 1.0536       | 1.0927       | 1.0850   |           
19     | 2.9987     | 0.6569     | 1.1446       | 1.1973       | 0.2276     | 1.0299       | 1.0682       | 1.2020   |           
20     | 2.9517     | 0.6451     | 1.1226       | 1.1840       | 0.2185     | 1.0081       | 1.0456       | 1.0748   |           
21     | 2.8828     | 0.6105     | 1.0998       | 1.1724       | 0.1937     | 0.9739       | 1.0284       | 1.0731   |           
22     | 2.8246     | 0.5845     | 1.0820       | 1.1581       | 0.1894     | 0.9640       | 1.0167       | 1.1147   |           
23     | 2.7947     | 0.5725     | 1.0689       | 1.1533       | 0.1853     | 0.9385       | 1.0045       | 1.1174   |           
24     | 2.7422     | 0.5478     | 1.0471       | 1.1473       | 0.1682     | 0.9203       | 1.0068       | 1.0824   |           
25     | 2.7222     | 0.5401     | 1.0405       | 1.1416       | 0.1941     | 0.9032       | 0.9848       | 1.0814   |           
26     | 2.6885     | 0.5285     | 1.0236       | 1.1363       | 0.1728     | 0.8823       | 0.9632       | 1.0865   |           
27     | 2.6596     | 0.5237     | 1.0121       | 1.1237       | 0.1578     | 0.8684       | 0.9547       | 1.1058   |           
28     | 2.6530     | 0.5243     | 1.0090       | 1.1197       | 0.1581     | 0.8376       | 0.9401       | 1.0532   |           
29     | 2.5949     | 0.4798     | 0.9975       | 1.1176       | 0.1493     | 0.8262       | 0.9225       | 1.1010   |           
30     | 2.6035     | 0.5091     | 0.9844       | 1.1100       | 0.1461     | 0.8138       | 0.9216       | 1.0549   |           
31     | 2.5706     | 0.4771     | 0.9868       | 1.1067       | 0.1596     | 0.8199       | 0.9029       | 1.0803   |           
32     | 2.5893     | 0.5018     | 0.9738       | 1.1136       | 0.1509     | 0.8174       | 0.9042       | 1.0369   |           
33     | 2.5155     | 0.4436     | 0.9776       | 1.0943       | 0.1510     | 0.8142       | 0.9099       | 1.1502   |           
34     | 2.5344     | 0.4553     | 0.9684       | 1.1107       | 0.1302     | 0.7896       | 0.9012       | 0.9978   |           
35     | 2.5616     | 0.4914     | 0.9680       | 1.1022       | 0.1374     | 0.7860       | 0.9016       | 1.0190   |           
36     | 2.5331     | 0.4588     | 0.9715       | 1.1028       | 0.1251     | 0.7717       | 0.8740       | 1.0124   |           
37     | 2.4861     | 0.4360     | 0.9701       | 1.0800       | 0.1185     | 0.7763       | 0.8746       | 1.0468   |           
38     | 2.5337     | 0.4668     | 0.9726       | 1.0943       | 0.1336     | 0.7789       | 0.8670       | 0.9517   |           
39     | 2.5067     | 0.4500     | 0.9665       | 1.0901       | 0.1288     | 0.7880       | 0.8590       | 0.9993   |           
40     | 2.5479     | 0.4611     | 0.9858       | 1.1009       | 0.1157     | 0.7815       | 0.8551       | 1.0499   |           
41     | 2.5264     | 0.4622     | 0.9741       | 1.0901       | 0.1316     | 0.7970       | 0.8690       | 0.9534   |           
42     | 2.5359     | 0.4506     | 0.9957       | 1.0896       | 0.1413     | 0.7944       | 0.8736       | 0.9310   |           
43     | 2.5209     | 0.4420     | 0.9922       | 1.0867       | 0.1310     | 0.8043       | 0.8636       | 0.9322   |           
44     | 2.5649     | 0.4560     | 1.0095       | 1.0994       | 0.1289     | 0.8291       | 0.8895       | 0.9871   |           
45     | 2.6360     | 0.4843     | 1.0399       | 1.1118       | 0.1369     | 0.8539       | 0.8662       | 1.0686   |           
46     | 2.5907     | 0.4577     | 1.0339       | 1.0991       | 0.1149     | 0.8334       | 0.8738       | 0.9946   |           
47     | 2.6055     | 0.4654     | 1.0353       | 1.1048       | 0.1209     | 0.8546       | 0.8768       | 0.9929   |           
48     | 2.6324     | 0.4816     | 1.0332       | 1.1176       | 0.1264     | 0.8540       | 0.8989       | 0.8650   |           
49     | 2.6230     | 0.4839     | 1.0302       | 1.1089       | 0.1275     | 0.8622       | 0.8764       | 1.0075   |           
50     | 2.6056     | 0.4607     | 1.0351       | 1.1098       | 0.1506     | 0.8505       | 0.9115       | 0.9346   |           
51     | 2.6437     | 0.4655     | 1.0473       | 1.1309       | 0.1297     | 0.8639       | 0.8799       | 0.9033   |           
52     | 2.6336     | 0.4617     | 1.0519       | 1.1200       | 0.1233     | 0.8703       | 0.9219       | 1.0377   |           
53     | 2.6134     | 0.4578     | 1.0485       | 1.1070       | 0.1288     | 0.8478       | 0.9249       | 0.9563   |           
54     | 2.6063     | 0.4469     | 1.0436       | 1.1158       | 0.1255     | 0.8509       | 0.9107       | 0.9466   |           
55     | 2.6461     | 0.4509     | 1.0561       | 1.1390       | 0.1293     | 0.8639       | 0.9264       | 0.8808   |           
56     | 2.6299     | 0.4505     | 1.0615       | 1.1179       | 0.1284     | 0.8875       | 0.8956       | 0.9279   |           
57     | 2.6791     | 0.4711     | 1.0779       | 1.1301       | 0.1227     | 0.8680       | 0.9268       | 0.9532   |           
58     | 2.6503     | 0.4501     | 1.0599       | 1.1402       | 0.1370     | 0.8854       | 0.9554       | 0.9375   |           
59     | 2.7035     | 0.4631     | 1.0776       | 1.1627       | 0.1308     | 0.8718       | 0.9548       | 0.9962   |           
60     | 2.6437     | 0.4410     | 1.0564       | 1.1463       | 0.1194     | 0.8727       | 0.9364       | 1.0381   |           
61     | 2.6779     | 0.4519     | 1.0725       | 1.1535       | 0.1233     | 0.8760       | 0.9787       | 0.9858   |           
62     | 2.6878     | 0.4506     | 1.0777       | 1.1595       | 0.1283     | 0.8702       | 0.9788       | 0.9927   |           
63     | 2.7109     | 0.4658     | 1.0684       | 1.1768       | 0.1272     | 0.8589       | 0.9578       | 1.0290   |           
64     | 2.7124     | 0.4721     | 1.0705       | 1.1698       | 0.1330     | 0.8782       | 0.9828       | 1.0210   |           
65     | 2.7118     | 0.4522     | 1.0853       | 1.1743       | 0.1355     | 0.8895       | 1.0036       | 0.9217   |           
66     | 2.7169     | 0.4754     | 1.0724       | 1.1690       | 0.1330     | 0.8695       | 0.9832       | 0.9451   |           
67     | 2.7196     | 0.4691     | 1.0794       | 1.1710       | 0.1306     | 0.8561       | 0.9831       | 0.9891   |           
68     | 2.7053     | 0.4353     | 1.0988       | 1.1713       | 0.1207     | 0.9018       | 0.9690       | 1.0073   |           
69     | 2.6977     | 0.4471     | 1.0738       | 1.1767       | 0.1304     | 0.8599       | 0.9814       | 0.9473   |           
70     | 2.7167     | 0.4607     | 1.0855       | 1.1706       | 0.1552     | 0.8921       | 0.9988       | 0.9622   |           
71     | 2.7543     | 0.4876     | 1.0890       | 1.1777       | 0.1378     | 0.8785       | 0.9848       | 1.0441   |           
72     | 2.7499     | 0.4657     | 1.0842       | 1.2000       | 0.1132     | 0.8560       | 0.9774       | 0.9309   |           
73     | 2.7424     | 0.4581     | 1.0945       | 1.1898       | 0.1309     | 0.8908       | 0.9754       | 1.0352   |           
74     | 2.7674     | 0.4727     | 1.1051       | 1.1897       | 0.1212     | 0.8720       | 0.9606       | 0.9407   |           
75     | 2.7465     | 0.4535     | 1.1112       | 1.1818       | 0.1390     | 0.9030       | 1.0229       | 0.9176   |           
76     | 2.7470     | 0.4750     | 1.0949       | 1.1771       | 0.1505     | 0.8861       | 0.9886       | 0.8261   |           
77     | 2.7899     | 0.5062     | 1.0887       | 1.1950       | 0.1297     | 0.8866       | 1.0183       | 0.9259   |           
78     | 2.7425     | 0.4573     | 1.0851       | 1.2001       | 0.1185     | 0.9238       | 1.0101       | 1.0399   |           
79     | 2.8317     | 0.4937     | 1.1182       | 1.2199       | 0.1278     | 0.8767       | 0.9927       | 0.9526   |           
80     | 2.7516     | 0.4554     | 1.0914       | 1.2048       | 0.1416     | 0.9129       | 1.0202       | 0.9301   |           
81     | 2.7701     | 0.4698     | 1.1093       | 1.1910       | 0.1341     | 0.9005       | 1.0057       | 0.9060   |           
82     | 2.8434     | 0.4974     | 1.1278       | 1.2182       | 0.1248     | 0.8974       | 1.0039       | 0.8695   |           
83     | 2.7788     | 0.4668     | 1.1060       | 1.2061       | 0.1224     | 0.9363       | 1.0140       | 0.9824   |           
84     | 2.7833     | 0.4593     | 1.1141       | 1.2099       | 0.1194     | 0.9414       | 1.0203       | 0.9288   |           
85     | 2.9095     | 0.5319     | 1.1443       | 1.2333       | 0.1376     | 0.9507       | 1.0430       | 1.0139   |           
86     | 2.8371     | 0.4961     | 1.1168       | 1.2242       | 0.1287     | 0.9449       | 1.0347       | 0.9147   |           
87     | 2.8283     | 0.4789     | 1.1311       | 1.2183       | 0.1149     | 0.9376       | 1.0503       | 0.9461   |           
88     | 2.7677     | 0.4437     | 1.1118       | 1.2122       | 0.1074     | 0.9649       | 1.0595       | 0.9786   |           
89     | 2.7982     | 0.4600     | 1.1132       | 1.2251       | 0.1321     | 0.9564       | 1.0817       | 0.9306   |           
90     | 2.8183     | 0.4679     | 1.1174       | 1.2330       | 0.1263     | 0.9255       | 1.0526       | 0.8650   |           
91     | 2.7983     | 0.4788     | 1.1105       | 1.2090       | 0.1344     | 0.9376       | 1.0687       | 0.9841   |           
92     | 2.7909     | 0.4341     | 1.1282       | 1.2286       | 0.1076     | 0.9496       | 1.0955       | 1.0207   |           
93     | 2.8122     | 0.4702     | 1.1162       | 1.2259       | 0.1250     | 0.9394       | 1.0944       | 1.0486   |           
94     | 2.8205     | 0.4811     | 1.1259       | 1.2135       | 0.1136     | 0.9298       | 1.0690       | 0.8630   |           
95     | 2.8410     | 0.5083     | 1.1164       | 1.2163       | 0.1021     | 0.9212       | 1.0596       | 0.9617   |           
96     | 2.7617     | 0.4498     | 1.1058       | 1.2061       | 0.1020     | 0.9048       | 1.0660       | 0.9333   |           
97     | 2.7658     | 0.4386     | 1.1001       | 1.2271       | 0.1184     | 0.9390       | 1.1020       | 0.9847   |           
98     | 2.8281     | 0.4936     | 1.1060       | 1.2285       | 0.1142     | 0.9205       | 1.0752       | 1.0540   |           
99     | 2.7757     | 0.4481     | 1.1077       | 1.2199       | 0.1178     | 0.9281       | 1.0505       | 1.0487   |           
100    | 2.8417     | 0.5091     | 1.1190       | 1.2137       | 0.1121     | 0.9176       | 1.0357       | 1.0474   |           
101    | 2.7692     | 0.4559     | 1.1062       | 1.2072       | 0.1135     | 0.9437       | 1.0779       | 0.9801   |           
102    | 2.8433     | 0.4887     | 1.1238       | 1.2308       | 0.1078     | 0.9097       | 1.0479       | 1.0947   |           
103    | 2.7282     | 0.4312     | 1.0944       | 1.2026       | 0.1118     | 0.9395       | 1.0461       | 0.9740   |           
104    | 2.7734     | 0.4501     | 1.1132       | 1.2101       | 0.1141     | 0.9411       | 1.0656       | 0.9049   |           
105    | 2.8070     | 0.4580     | 1.1341       | 1.2150       | 0.1375     | 0.9569       | 1.0880       | 0.8936   |           
106    | 2.8066     | 0.4592     | 1.1261       | 1.2213       | 0.1152     | 0.9544       | 1.0782       | 0.9584   |           
107    | 2.8405     | 0.4712     | 1.1454       | 1.2240       | 0.1349     | 0.9748       | 1.1071       | 0.9445   |           
108    | 2.8366     | 0.4756     | 1.1389       | 1.2221       | 0.1294     | 0.9690       | 1.0865       | 0.9457   |           
109    | 2.8112     | 0.4565     | 1.1322       | 1.2226       | 0.1187     | 0.9610       | 1.0960       | 0.8811   |           
110    | 2.8105     | 0.4573     | 1.1320       | 1.2212       | 0.1128     | 0.9429       | 1.0837       | 0.9946   |           
111    | 2.8187     | 0.4487     | 1.1345       | 1.2355       | 0.1162     | 0.9638       | 1.0913       | 1.0372   |           
112    | 2.8342     | 0.4633     | 1.1387       | 1.2321       | 0.1222     | 0.9572       | 1.0761       | 0.9494   |           
113    | 2.8066     | 0.4375     | 1.1459       | 1.2232       | 0.1244     | 0.9656       | 1.0859       | 0.9923   |           
114    | 2.8079     | 0.4424     | 1.1309       | 1.2346       | 0.1427     | 0.9819       | 1.0989       | 0.9687   |           
115    | 2.8047     | 0.4465     | 1.1290       | 1.2292       | 0.1109     | 0.9467       | 1.1013       | 0.9639   |           
116    | 2.8165     | 0.4526     | 1.1407       | 1.2232       | 0.1200     | 0.9547       | 1.0788       | 1.0799   |           
117    | 2.8347     | 0.4443     | 1.1565       | 1.2339       | 0.1366     | 1.0160       | 1.1197       | 0.9895   |           
118    | 2.7852     | 0.4240     | 1.1446       | 1.2167       | 0.1380     | 0.9543       | 1.0790       | 0.8979   |           
119    | 2.7664     | 0.4050     | 1.1295       | 1.2318       | 0.1161     | 0.9574       | 1.1044       | 1.0278   |           
120    | 2.8181     | 0.4491     | 1.1327       | 1.2363       | 0.1092     | 0.9714       | 1.1119       | 1.0735   |           
121    | 2.8185     | 0.4576     | 1.1275       | 1.2334       | 0.1173     | 0.9741       | 1.0899       | 0.9832   |           
122    | 2.8054     | 0.4358     | 1.1326       | 1.2370       | 0.1061     | 0.9536       | 1.1028       | 1.0679   |           
123    | 2.7802     | 0.4254     | 1.1221       | 1.2326       | 0.1210     | 0.9849       | 1.1194       | 1.0392   |           
124    | 2.8423     | 0.4677     | 1.1430       | 1.2317       | 0.1064     | 0.9634       | 1.1089       | 0.9784   |           
125    | 2.7930     | 0.4300     | 1.1334       | 1.2296       | 0.1045     | 0.9854       | 1.1004       | 0.9982   | (ADV -0.10)
126    | 2.7959     | 0.4261     | 1.1417       | 1.2281       | 0.1009     | 0.9878       | 1.1165       | 1.0789   |           
127    | 2.7990     | 0.4332     | 1.1335       | 1.2322       | 0.1264     | 0.9999       | 1.1379       | 0.9893   |           
128    | 2.8731     | 0.5013     | 1.1470       | 1.2249       | 0.1127     | 0.9880       | 1.1082       | 1.1180   |           
129    | 2.8703     | 0.4856     | 1.1494       | 1.2353       | 0.1160     | 0.9837       | 1.1317       | 0.9403   |           
130    | 2.8087     | 0.4213     | 1.1488       | 1.2387       | 0.1129     | 0.9720       | 1.0956       | 1.1146   |           
131    | 2.7904     | 0.4142     | 1.1402       | 1.2360       | 0.1074     | 0.9588       | 1.1314       | 1.0254   |           
132    | 2.8401     | 0.4482     | 1.1542       | 1.2377       | 0.1029     | 0.9791       | 1.1360       | 1.1150   |           
133    | 2.8211     | 0.4400     | 1.1474       | 1.2337       | 0.1115     | 0.9943       | 1.1362       | 1.0287   |           
134    | 2.8791     | 0.4733     | 1.1616       | 1.2442       | 0.1226     | 1.0072       | 1.1470       | 0.9584   |           
135    | 2.8376     | 0.4407     | 1.1505       | 1.2464       | 0.1158     | 1.0035       | 1.1616       | 0.9667   |           
136    | 2.8795     | 0.4595     | 1.1699       | 1.2502       | 0.1123     | 1.0081       | 1.1552       | 0.9185   |           
137    | 2.9079     | 0.4801     | 1.1848       | 1.2429       | 0.1228     | 1.0153       | 1.1319       | 0.9687   | (ADV -0.10)
138    | 2.8580     | 0.4419     | 1.1697       | 1.2463       | 0.1196     | 1.0141       | 1.1324       | 1.0514   | (ADV -0.10)
139    | 2.8697     | 0.4436     | 1.1705       | 1.2556       | 0.1156     | 1.0208       | 1.1602       | 1.0358   |           
140    | 2.9007     | 0.4610     | 1.1827       | 1.2570       | 0.1154     | 1.0215       | 1.1686       | 1.0408   |           
141    | 2.8542     | 0.4319     | 1.1806       | 1.2417       | 0.1085     | 1.0005       | 1.1245       | 0.9588   |           
142    | 2.8559     | 0.4254     | 1.1887       | 1.2418       | 0.1196     | 1.0317       | 1.1459       | 1.0042   | (ADV -0.09)
143    | 2.8755     | 0.4358     | 1.1930       | 1.2467       | 0.1416     | 1.0469       | 1.1344       | 0.9886   | (ADV -0.09)
144    | 2.8936     | 0.4350     | 1.2037       | 1.2549       | 0.1216     | 1.0513       | 1.1370       | 0.9445   | (ADV -0.08)
145    | 2.8839     | 0.4331     | 1.1983       | 1.2525       | 0.1402     | 1.0709       | 1.1414       | 1.0028   | (ADV -0.08)
146    | 2.9153     | 0.4508     | 1.2096       | 1.2548       | 0.1432     | 1.0842       | 1.1457       | 1.0489   | (ADV -0.08)
147    | 2.8946     | 0.4338     | 1.2091       | 1.2517       | 0.1235     | 1.0710       | 1.1329       | 0.9443   | (ADV -0.08)
148    | 2.8843     | 0.4316     | 1.2052       | 1.2474       | 0.0978     | 1.0635       | 1.1272       | 0.9939   | (ADV -0.07)
149    | 2.8597     | 0.4148     | 1.2046       | 1.2404       | 0.1196     | 1.0855       | 1.1296       | 0.9602   | (ADV -0.07)
150    | 2.9050     | 0.4445     | 1.2128       | 1.2477       | 0.1086     | 1.0713       | 1.1232       | 0.9199   |           
151    | 2.8858     | 0.4391     | 1.1980       | 1.2486       | 0.1327     | 1.0790       | 1.1483       | 0.9202   |           
152    | 2.8378     | 0.4253     | 1.1807       | 1.2318       | 0.1180     | 1.0753       | 1.1339       | 0.9353   |           
153    | 2.8834     | 0.4505     | 1.1955       | 1.2374       | 0.1186     | 1.0723       | 1.1257       | 1.0313   |           
154    | 2.8287     | 0.3817     | 1.2006       | 1.2464       | 0.1394     | 1.1019       | 1.1408       | 1.0187   |           
155    | 2.9221     | 0.4549     | 1.2091       | 1.2581       | 0.1058     | 1.0554       | 1.1520       | 0.9229   |           
156    | 2.8542     | 0.4211     | 1.1888       | 1.2442       | 0.1180     | 1.0868       | 1.1581       | 0.9413   |           
157    | 2.8608     | 0.4179     | 1.1987       | 1.2442       | 0.1141     | 1.0639       | 1.1482       | 0.8918   |           
158    | 2.8715     | 0.4171     | 1.2014       | 1.2530       | 0.1132     | 1.0724       | 1.1661       | 0.8677   |           
159    | 2.9193     | 0.4564     | 1.2080       | 1.2549       | 0.1233     | 1.0747       | 1.1642       | 0.9082   |           
160    | 2.8636     | 0.4242     | 1.1871       | 1.2523       | 0.0976     | 1.0611       | 1.1557       | 0.8798   |           
161    | 2.8739     | 0.4220     | 1.2045       | 1.2475       | 0.1337     | 1.0970       | 1.1609       | 0.8142   |           
162    | 2.8699     | 0.4262     | 1.1961       | 1.2477       | 0.1314     | 1.0888       | 1.1492       | 0.8104   |           
163    | 2.8278     | 0.3796     | 1.2064       | 1.2418       | 0.1159     | 1.0976       | 1.1598       | 0.9062   |           
164    | 2.8716     | 0.4149     | 1.2105       | 1.2463       | 0.1103     | 1.0908       | 1.1870       | 0.8650   |           
165    | 2.8961     | 0.4264     | 1.2049       | 1.2648       | 0.1118     | 1.0898       | 1.1805       | 0.9444   |           
166    | 2.8680     | 0.3965     | 1.2137       | 1.2578       | 0.1109     | 1.0907       | 1.1661       | 0.9243   |           
167    | 2.9038     | 0.4238     | 1.2180       | 1.2621       | 0.1188     | 1.1208       | 1.1758       | 1.0572   | (ADV -0.06)
168    | 2.9032     | 0.4176     | 1.2176       | 1.2680       | 0.1049     | 1.1004       | 1.1676       | 0.9328   |           
169    | 2.8946     | 0.4094     | 1.2214       | 1.2639       | 0.1200     | 1.1165       | 1.1813       | 0.8771   |           
170    | 2.8948     | 0.4177     | 1.2174       | 1.2597       | 0.1196     | 1.1196       | 1.1730       | 0.8460   |           
171    | 2.8769     | 0.3996     | 1.2152       | 1.2621       | 0.1117     | 1.1091       | 1.1688       | 0.9409   |           
172    | 2.8818     | 0.3978     | 1.2259       | 1.2581       | 0.1201     | 1.1216       | 1.1597       | 0.9308   | (ADV -0.06)
173    | 2.8861     | 0.3985     | 1.2322       | 1.2554       | 0.1103     | 1.1307       | 1.1560       | 0.8327   | (ADV -0.05)
174    | 2.8975     | 0.4151     | 1.2372       | 1.2452       | 0.1205     | 1.1369       | 1.1425       | 0.9458   | (ADV -0.05)
175    | 2.8967     | 0.4143     | 1.2261       | 1.2563       | 0.1285     | 1.1473       | 1.1645       | 0.8604   |           
176    | 2.8725     | 0.4044     | 1.2266       | 1.2415       | 0.1237     | 1.1245       | 1.1655       | 0.7852   |           
177    | 2.9130     | 0.4244     | 1.2256       | 1.2630       | 0.1180     | 1.1118       | 1.1791       | 0.7710   |           
178    | 2.8553     | 0.3829     | 1.2183       | 1.2541       | 0.1167     | 1.1100       | 1.1750       | 0.8508   |           
179    | 2.8669     | 0.3946     | 1.2165       | 1.2559       | 0.1307     | 1.1258       | 1.1709       | 0.7789   |           
180    | 2.9186     | 0.4290     | 1.2283       | 1.2612       | 0.1083     | 1.1107       | 1.1725       | 0.8158   |           
181    | 2.8659     | 0.4062     | 1.2135       | 1.2462       | 0.1184     | 1.1227       | 1.1738       | 0.7286   |           
182    | 2.9138     | 0.4215     | 1.2356       | 1.2567       | 0.1314     | 1.1475       | 1.1762       | 1.0574   |           
183    | 2.9050     | 0.4057     | 1.2371       | 1.2621       | 0.1330     | 1.1269       | 1.1723       | 0.8652   |           
184    | 2.9025     | 0.4109     | 1.2392       | 1.2525       | 0.1335     | 1.1435       | 1.1750       | 0.7767   |           
185    | 2.8912     | 0.3974     | 1.2406       | 1.2532       | 0.1279     | 1.1458       | 1.1954       | 0.7967   |           
186    | 2.9050     | 0.3810     | 1.2606       | 1.2634       | 0.1313     | 1.1629       | 1.1762       | 0.8039   | (ADV -0.05)
187    | 2.8954     | 0.3840     | 1.2488       | 1.2626       | 0.1351     | 1.1440       | 1.1818       | 0.8736   |           
188    | 2.9341     | 0.4247     | 1.2395       | 1.2699       | 0.1252     | 1.1405       | 1.1867       | 0.7553   |           
189    | 2.9179     | 0.4131     | 1.2418       | 1.2630       | 0.1052     | 1.1401       | 1.1923       | 0.8079   |           
190    | 2.9085     | 0.4044     | 1.2303       | 1.2738       | 0.1304     | 1.1348       | 1.1905       | 0.8214   |           
191    | 2.8641     | 0.3783     | 1.2198       | 1.2660       | 0.1156     | 1.1328       | 1.1937       | 0.7621   |           
192    | 2.9155     | 0.4003     | 1.2402       | 1.2750       | 0.1221     | 1.1382       | 1.1911       | 0.8280   |           
193    | 2.8929     | 0.3746     | 1.2442       | 1.2742       | 0.1288     | 1.1521       | 1.1909       | 0.9057   |           
194    | 2.9354     | 0.4222     | 1.2416       | 1.2717       | 0.1201     | 1.1545       | 1.2014       | 0.8654   |           
195    | 2.9542     | 0.4185     | 1.2595       | 1.2762       | 0.1470     | 1.1604       | 1.2168       | 0.8492   |           
196    | 2.8814     | 0.3549     | 1.2477       | 1.2788       | 0.1403     | 1.1698       | 1.2124       | 0.9552   |           
197    | 2.8873     | 0.3676     | 1.2461       | 1.2736       | 0.1018     | 1.1616       | 1.2173       | 0.9122   | (ADV -0.05)
198    | 2.9295     | 0.4039     | 1.2493       | 1.2763       | 0.1013     | 1.1500       | 1.2043       | 0.9487   |           
199    | 2.9293     | 0.3972     | 1.2499       | 1.2822       | 0.1072     | 1.1446       | 1.2138       | 0.7962   |           
200    | 2.9312     | 0.3993     | 1.2462       | 1.2857       | 0.1295     | 1.1630       | 1.2140       | 0.8593   |           
201    | 2.8942     | 0.3669     | 1.2393       | 1.2880       | 0.1167     | 1.1486       | 1.2118       | 0.7652   |           
202    | 2.8956     | 0.3705     | 1.2368       | 1.2884       | 0.1091     | 1.1547       | 1.2096       | 0.8331   |           
203    | 2.9169     | 0.3958     | 1.2402       | 1.2809       | 0.1028     | 1.1424       | 1.2147       | 0.9535   |           
204    | 2.9007     | 0.3730     | 1.2378       | 1.2899       | 0.1095     | 1.1562       | 1.2063       | 0.8640   |           
205    | 2.8800     | 0.3554     | 1.2370       | 1.2877       | 0.1023     | 1.1502       | 1.2162       | 0.8225   |           
206    | 2.9441     | 0.4007     | 1.2516       | 1.2918       | 0.0881     | 1.1595       | 1.2173       | 0.8184   | (ADV -0.05)
207    | 2.9220     | 0.3854     | 1.2557       | 1.2809       | 0.1149     | 1.1766       | 1.2163       | 0.7540   |           
208    | 2.9210     | 0.3875     | 1.2458       | 1.2878       | 0.1026     | 1.1920       | 1.2038       | 0.8159   | (ADV -0.03)
209    | 2.9532     | 0.3973     | 1.2597       | 1.2962       | 0.1377     | 1.1677       | 1.2214       | 0.7603   |           
210    | 2.8993     | 0.3597     | 1.2553       | 1.2843       | 0.0984     | 1.1844       | 1.2199       | 0.8093   |           
211    | 2.9073     | 0.3725     | 1.2519       | 1.2829       | 0.1176     | 1.1921       | 1.2284       | 0.7429   |           
212    | 2.9236     | 0.3798     | 1.2582       | 1.2856       | 0.1246     | 1.1886       | 1.2279       | 0.7982   |           
213    | 2.9577     | 0.4105     | 1.2604       | 1.2868       | 0.0939     | 1.1762       | 1.2204       | 0.8173   |           
214    | 2.9305     | 0.3772     | 1.2584       | 1.2948       | 0.1204     | 1.1949       | 1.2297       | 0.8411   |           
215    | 2.9238     | 0.3689     | 1.2638       | 1.2911       | 0.1081     | 1.1778       | 1.2226       | 0.9799   |           
216    | 2.9090     | 0.3631     | 1.2562       | 1.2896       | 0.0985     | 1.1979       | 1.2399       | 0.8983   |           
217    | 2.8947     | 0.3446     | 1.2538       | 1.2964       | 0.1150     | 1.2002       | 1.2357       | 0.8770   |           
218    | 2.8828     | 0.3388     | 1.2554       | 1.2886       | 0.1239     | 1.2134       | 1.2441       | 0.7993   |           
219    | 2.9317     | 0.3685     | 1.2602       | 1.3030       | 0.1224     | 1.2101       | 1.2333       | 0.8498   |           
220    | 2.9414     | 0.3750     | 1.2716       | 1.2948       | 0.1183     | 1.2153       | 1.2430       | 0.7932   |           
221    | 2.9184     | 0.3489     | 1.2722       | 1.2973       | 0.1161     | 1.2136       | 1.2343       | 0.9168   |           
222    | 2.9545     | 0.3784     | 1.2715       | 1.3045       | 0.1137     | 1.2234       | 1.2467       | 0.7982   | (ADV -0.03)
223    | 2.9286     | 0.3515     | 1.2737       | 1.3034       | 0.1367     | 1.2283       | 1.2416       | 0.8251   |           
224    | 2.9605     | 0.3831     | 1.2687       | 1.3087       | 0.1243     | 1.2289       | 1.2498       | 0.7741   |           
225    | 2.9084     | 0.3424     | 1.2701       | 1.2958       | 0.1414     | 1.2285       | 1.2484       | 0.7773   |           
226    | 2.9782     | 0.3879     | 1.2826       | 1.3077       | 0.1544     | 1.2262       | 1.2451       | 0.8311   |           
227    | 2.9264     | 0.3406     | 1.2744       | 1.3114       | 0.1183     | 1.2205       | 1.2497       | 0.8006   |           
228    | 2.9604     | 0.3749     | 1.2747       | 1.3108       | 0.1265     | 1.2200       | 1.2490       | 0.7520   |           
229    | 2.9488     | 0.3649     | 1.2746       | 1.3094       | 0.1111     | 1.2128       | 1.2514       | 0.9010   |           
230    | 2.9158     | 0.3442     | 1.2693       | 1.3024       | 0.1144     | 1.2204       | 1.2443       | 0.8055   |           
231    | 2.9601     | 0.3770     | 1.2755       | 1.3076       | 0.1512     | 1.2171       | 1.2405       | 0.7698   |           
232    | 2.9368     | 0.3569     | 1.2769       | 1.3030       | 0.1253     | 1.2296       | 1.2429       | 0.8097   |           
233    | 2.9292     | 0.3550     | 1.2704       | 1.3038       | 0.1226     | 1.2272       | 1.2477       | 0.8520   |           
234    | 2.9331     | 0.3555     | 1.2745       | 1.3031       | 0.1385     | 1.2100       | 1.2513       | 0.8466   |           
235    | 2.9845     | 0.3966     | 1.2795       | 1.3083       | 0.1180     | 1.2161       | 1.2434       | 0.9477   |           
236    | 2.9334     | 0.3513     | 1.2771       | 1.3049       | 0.1084     | 1.2065       | 1.2477       | 0.8628   |           
237    | 2.8849     | 0.3212     | 1.2670       | 1.2967       | 0.0948     | 1.2041       | 1.2451       | 0.9616   |           
238    | 2.9163     | 0.3417     | 1.2728       | 1.3018       | 0.1063     | 1.2225       | 1.2541       | 0.9322   | (ADV -0.03)
239    | 2.9587     | 0.3698     | 1.2794       | 1.3095       | 0.1199     | 1.2330       | 1.2597       | 0.8531   |           
240    | 2.9615     | 0.3653     | 1.2846       | 1.3115       | 0.1144     | 1.2122       | 1.2609       | 1.0072   |           
241    | 2.9355     | 0.3454     | 1.2821       | 1.3080       | 0.1315     | 1.2320       | 1.2681       | 0.8856   |           
242    | 2.9317     | 0.3369     | 1.2783       | 1.3165       | 0.1207     | 1.2462       | 1.2626       | 0.9354   | (ADV -0.03)
243    | 2.9121     | 0.3201     | 1.2816       | 1.3104       | 0.1104     | 1.2292       | 1.2638       | 0.8278   |           
244    | 2.9899     | 0.3864     | 1.2841       | 1.3194       | 0.1274     | 1.2272       | 1.2603       | 0.9708   |           
245    | 2.9241     | 0.3349     | 1.2772       | 1.3120       | 0.1124     | 1.2421       | 1.2616       | 0.9196   | (ADV -0.03)
246    | 2.9183     | 0.3245     | 1.2781       | 1.3158       | 0.1030     | 1.2450       | 1.2654       | 0.9439   | (ADV -0.03)
247    | 2.9295     | 0.3319     | 1.2749       | 1.3227       | 0.1231     | 1.2440       | 1.2777       | 0.8884   |           
248    | 2.9390     | 0.3356     | 1.2809       | 1.3226       | 0.1173     | 1.2335       | 1.2790       | 1.0052   |           
249    | 2.9448     | 0.3411     | 1.2874       | 1.3163       | 0.1002     | 1.2544       | 1.2622       | 0.9769   | (ADV -0.02)
250    | 2.9557     | 0.3581     | 1.2851       | 1.3125       | 0.1099     | 1.2427       | 1.2689       | 1.0202   |           
251    | 2.9217     | 0.3214     | 1.2851       | 1.3151       | 0.1215     | 1.2562       | 1.2830       | 0.8889   |           
252    | 2.9567     | 0.3368     | 1.2931       | 1.3268       | 0.1135     | 1.2468       | 1.2850       | 0.9773   |           
253    | 2.9336     | 0.3248     | 1.2876       | 1.3212       | 0.1054     | 1.2550       | 1.2775       | 0.9096   |           
254    | 2.9241     | 0.3208     | 1.2868       | 1.3166       | 0.1381     | 1.2490       | 1.2856       | 0.9042   |           
255    | 2.9403     | 0.3372     | 1.2855       | 1.3176       | 0.1238     | 1.2299       | 1.2896       | 0.8540   |           
256    | 2.9397     | 0.3409     | 1.2811       | 1.3178       | 0.1056     | 1.2293       | 1.2838       | 0.9721   |           
257    | 2.9241     | 0.3197     | 1.2865       | 1.3179       | 0.1022     | 1.2488       | 1.2871       | 0.9652   |           
258    | 2.9385     | 0.3264     | 1.2897       | 1.3224       | 0.1072     | 1.2386       | 1.2905       | 0.9110   |           
259    | 2.9348     | 0.3303     | 1.2806       | 1.3239       | 0.1149     | 1.2419       | 1.2822       | 0.9192   |           
260    | 2.9343     | 0.3248     | 1.2868       | 1.3227       | 0.0955     | 1.2513       | 1.2905       | 0.9575   |           
261    | 2.9114     | 0.3048     | 1.2874       | 1.3191       | 0.1173     | 1.2493       | 1.2915       | 0.8087   |           
262    | 2.9362     | 0.3240     | 1.2882       | 1.3240       | 0.1175     | 1.2478       | 1.2959       | 0.8355   |           
263    | 2.9453     | 0.3301     | 1.2894       | 1.3258       | 0.1128     | 1.2593       | 1.2940       | 0.9101   |           
264    | 2.9319     | 0.3197     | 1.2833       | 1.3289       | 0.1154     | 1.2499       | 1.2944       | 0.8693   |           
265    | 2.9243     | 0.3096     | 1.2863       | 1.3284       | 0.1181     | 1.2542       | 1.2937       | 0.9558   |           
266    | 2.9474     | 0.3323     | 1.2882       | 1.3269       | 0.1224     | 1.2649       | 1.3021       | 0.8704   |           
267    | 2.9282     | 0.3147     | 1.2850       | 1.3285       | 0.1115     | 1.2544       | 1.2966       | 0.8077   |           
268    | 2.9562     | 0.3233     | 1.2998       | 1.3331       | 0.1320     | 1.2626       | 1.3054       | 0.8787   |           
269    | 2.9433     | 0.3221     | 1.2901       | 1.3311       | 0.1280     | 1.2585       | 1.3013       | 0.8797   |           
270    | 2.9372     | 0.3158     | 1.2883       | 1.3331       | 0.1152     | 1.2538       | 1.3052       | 0.9330   |           
271    | 2.9318     | 0.3041     | 1.2957       | 1.3321       | 0.1091     | 1.2678       | 1.3109       | 0.8712   |           
272    | 2.9586     | 0.3287     | 1.2962       | 1.3336       | 0.1025     | 1.2586       | 1.3073       | 0.9027   |           
273    | 2.9428     | 0.3090     | 1.2959       | 1.3378       | 0.1346     | 1.2699       | 1.3088       | 0.9308   |           
274    | 2.9835     | 0.3471     | 1.3017       | 1.3347       | 0.1087     | 1.2686       | 1.3137       | 0.8738   |           
275    | 2.9326     | 0.3084     | 1.2942       | 1.3300       | 0.1111     | 1.2720       | 1.3022       | 0.8522   |           
276    | 2.9448     | 0.3164     | 1.2971       | 1.3313       | 0.1156     | 1.2550       | 1.3038       | 0.9767   |           
277    | 2.9217     | 0.2920     | 1.2964       | 1.3333       | 0.1154     | 1.2562       | 1.3075       | 0.8960   |           
278    | 2.9262     | 0.3001     | 1.2958       | 1.3304       | 0.1049     | 1.2623       | 1.3101       | 0.8167   |           
279    | 2.9371     | 0.3073     | 1.2978       | 1.3320       | 0.1058     | 1.2651       | 1.3131       | 0.8726   |           
280    | 2.9569     | 0.3207     | 1.3001       | 1.3360       | 0.1115     | 1.2657       | 1.3058       | 0.8035   |           
281    | 2.9527     | 0.3231     | 1.2983       | 1.3313       | 0.0966     | 1.2574       | 1.3091       | 0.8106   |           
282    | 2.9577     | 0.3229     | 1.3009       | 1.3339       | 0.1363     | 1.2611       | 1.3114       | 0.8707   |           
283    | 2.9714     | 0.3271     | 1.3071       | 1.3372       | 0.1107     | 1.2416       | 1.2987       | 0.9192   |           
284    | 2.9342     | 0.2945     | 1.3018       | 1.3379       | 0.1487     | 1.2829       | 1.3169       | 0.9116   |           
285    | 2.9380     | 0.3011     | 1.2978       | 1.3391       | 0.1012     | 1.2621       | 1.3101       | 0.9751   |           
286    | 2.9640     | 0.3258     | 1.3021       | 1.3360       | 0.1165     | 1.2483       | 1.3073       | 0.9253   |           
287    | 2.9202     | 0.2781     | 1.3015       | 1.3406       | 0.0986     | 1.2571       | 1.3235       | 0.8886   |           
288    | 2.9743     | 0.3328     | 1.2985       | 1.3430       | 0.1019     | 1.2663       | 1.3188       | 0.9122   |           
289    | 2.9765     | 0.3414     | 1.2943       | 1.3408       | 0.1160     | 1.2491       | 1.3124       | 0.8311   |           
290    | 2.9739     | 0.3355     | 1.3003       | 1.3382       | 0.1136     | 1.2430       | 1.3152       | 0.7863   |           
291    | 2.9555     | 0.3097     | 1.3046       | 1.3411       | 0.0942     | 1.2486       | 1.3127       | 0.8588   |           
292    | 2.9417     | 0.2969     | 1.3058       | 1.3389       | 0.1201     | 1.2635       | 1.3174       | 0.9103   |           
293    | 2.9489     | 0.3066     | 1.3032       | 1.3391       | 0.1118     | 1.2621       | 1.3181       | 0.9332   |           
294    | 2.9562     | 0.3020     | 1.3115       | 1.3427       | 0.1118     | 1.2561       | 1.3170       | 0.9146   |           
295    | 2.9280     | 0.2782     | 1.3065       | 1.3433       | 0.1015     | 1.2633       | 1.3115       | 0.8641   |           
296    | 2.9602     | 0.3132     | 1.3052       | 1.3418       | 0.1129     | 1.2626       | 1.3207       | 0.8937   |           
297    | 2.9546     | 0.3009     | 1.3096       | 1.3442       | 0.0967     | 1.2641       | 1.3195       | 0.8938   |           
298    | 2.9321     | 0.2793     | 1.3105       | 1.3423       | 0.0885     | 1.2660       | 1.3110       | 0.9849   |           
299    | 2.9297     | 0.2816     | 1.3067       | 1.3414       | 0.0956     | 1.2741       | 1.3191       | 0.8449   |           
300    | 2.9914     | 0.3419     | 1.3086       | 1.3408       | 0.0950     | 1.2665       | 1.3142       | 0.9464   |           
301    | 2.9685     | 0.3231     | 1.3028       | 1.3426       | 0.1012     | 1.2666       | 1.3164       | 0.8358   |           
302    | 2.9214     | 0.2819     | 1.2978       | 1.3417       | 0.0913     | 1.2663       | 1.3179       | 0.9446   |           
303    | 2.9579     | 0.3131     | 1.3053       | 1.3395       | 0.1010     | 1.2619       | 1.3169       | 0.8894   |           
304    | 2.9288     | 0.2869     | 1.3042       | 1.3377       | 0.1023     | 1.2635       | 1.3212       | 0.8906   |           
305    | 2.9208     | 0.2705     | 1.3101       | 1.3402       | 0.1283     | 1.2773       | 1.3249       | 0.8134   |           
306    | 2.9541     | 0.3018     | 1.3099       | 1.3424       | 0.1000     | 1.2674       | 1.3228       | 0.9621   |           
307    | 2.9333     | 0.2829     | 1.3065       | 1.3439       | 0.1007     | 1.2711       | 1.3210       | 0.8476   |           
308    | 2.9645     | 0.3096     | 1.3111       | 1.3438       | 0.1154     | 1.2687       | 1.3252       | 0.9028   |           
309    | 2.9417     | 0.2918     | 1.3083       | 1.3416       | 0.0950     | 1.2693       | 1.3188       | 0.9681   |           
310    | 2.9357     | 0.2911     | 1.3046       | 1.3400       | 0.0981     | 1.2665       | 1.3262       | 0.8923   |           
311    | 2.9488     | 0.2950     | 1.3115       | 1.3423       | 0.0969     | 1.2801       | 1.3212       | 0.8950   |           
312    | 2.9600     | 0.3130     | 1.3080       | 1.3390       | 0.0861     | 1.2556       | 1.3271       | 0.9509   |           
313    | 2.9288     | 0.2824     | 1.3028       | 1.3437       | 0.1020     | 1.2739       | 1.3250       | 0.8799   |           
314    | 2.9449     | 0.2894     | 1.3133       | 1.3422       | 0.0926     | 1.2694       | 1.3255       | 0.9882   |           
315    | 2.9374     | 0.2834     | 1.3132       | 1.3408       | 0.1066     | 1.2845       | 1.3297       | 0.9580   |           
316    | 2.9452     | 0.2888     | 1.3147       | 1.3418       | 0.1054     | 1.2693       | 1.3239       | 0.8616   |           
317    | 2.9400     | 0.2896     | 1.3100       | 1.3405       | 0.0914     | 1.2780       | 1.3183       | 0.9967   | (ADV -0.02)
318    | 2.9432     | 0.2921     | 1.3115       | 1.3396       | 0.0932     | 1.2739       | 1.3299       | 0.9955   |           
319    | 2.9263     | 0.2744     | 1.3095       | 1.3425       | 0.1082     | 1.2935       | 1.3217       | 0.9780   | (ADV -0.02)
320    | 2.9668     | 0.3104     | 1.3141       | 1.3424       | 0.1037     | 1.2828       | 1.3328       | 0.9836   |           
321    | 2.9413     | 0.2919     | 1.3116       | 1.3378       | 0.1044     | 1.2892       | 1.3211       | 0.9660   |           
322    | 2.9369     | 0.2788     | 1.3160       | 1.3421       | 0.1112     | 1.2784       | 1.3266       | 1.0166   |           
323    | 2.9580     | 0.3092     | 1.3078       | 1.3409       | 0.0911     | 1.2807       | 1.3155       | 0.8652   | (ADV -0.02)
324    | 2.9523     | 0.3048     | 1.3098       | 1.3377       | 0.0867     | 1.2834       | 1.3210       | 0.9847   | (ADV -0.02)
325    | 2.9366     | 0.2848     | 1.3108       | 1.3410       | 0.0933     | 1.2832       | 1.3236       | 0.9597   |           
326    | 2.9134     | 0.2625     | 1.3116       | 1.3393       | 0.1092     | 1.2962       | 1.3279       | 0.9195   |           
327    | 2.9782     | 0.3196     | 1.3150       | 1.3436       | 0.0834     | 1.2766       | 1.3237       | 1.0210   |           
328    | 2.9371     | 0.2929     | 1.3121       | 1.3321       | 0.0932     | 1.2892       | 1.3160       | 0.9536   | (ADV -0.02)
329    | 2.9389     | 0.2877     | 1.3136       | 1.3376       | 0.0961     | 1.2878       | 1.3255       | 0.9400   |           
330    | 2.9256     | 0.2727     | 1.3134       | 1.3395       | 0.0885     | 1.2791       | 1.3238       | 0.9853   |           
331    | 2.9781     | 0.3224     | 1.3140       | 1.3417       | 0.1048     | 1.2879       | 1.3183       | 0.9356   |           
332    | 2.9503     | 0.2956     | 1.3132       | 1.3415       | 0.0937     | 1.2904       | 1.3241       | 1.0734   |           
333    | 2.9170     | 0.2658     | 1.3117       | 1.3395       | 0.0989     | 1.2861       | 1.3292       | 0.8913   |           
334    | 2.9550     | 0.3008     | 1.3101       | 1.3441       | 0.0817     | 1.2774       | 1.3261       | 0.9755   |           
335    | 2.9341     | 0.2791     | 1.3144       | 1.3407       | 0.0982     | 1.2749       | 1.3258       | 1.0536   |           
336    | 2.9479     | 0.2985     | 1.3117       | 1.3377       | 0.0958     | 1.2754       | 1.3227       | 0.9555   |           
337    | 2.8912     | 0.2383     | 1.3135       | 1.3394       | 0.0892     | 1.2874       | 1.3271       | 0.9338   |           
338    | 2.9321     | 0.2722     | 1.3159       | 1.3441       | 0.0796     | 1.2761       | 1.3240       | 0.8020   |           
339    | 2.9464     | 0.2869     | 1.3155       | 1.3440       | 0.0908     | 1.2819       | 1.3322       | 0.9106   |           
340    | 2.9307     | 0.2718     | 1.3135       | 1.3454       | 0.1060     | 1.2975       | 1.3314       | 0.8985   |           
341    | 2.9345     | 0.2733     | 1.3190       | 1.3421       | 0.0993     | 1.2880       | 1.3305       | 0.9152   |           
342    | 2.9162     | 0.2606     | 1.3145       | 1.3412       | 0.0945     | 1.2819       | 1.3349       | 1.0309   |           
343    | 2.9380     | 0.2768     | 1.3182       | 1.3429       | 0.1160     | 1.2948       | 1.3342       | 0.9378   |           
344    | 2.9225     | 0.2617     | 1.3172       | 1.3436       | 0.1138     | 1.2840       | 1.3338       | 0.9447   |           
345    | 2.9549     | 0.2899     | 1.3195       | 1.3455       | 0.0933     | 1.2861       | 1.3285       | 1.0479   |           
346    | 2.9649     | 0.3031     | 1.3192       | 1.3427       | 0.0933     | 1.2797       | 1.3295       | 0.9505   |           
347    | 2.9422     | 0.2866     | 1.3128       | 1.3428       | 0.1117     | 1.2863       | 1.3223       | 0.8989   |           
348    | 2.9398     | 0.2841     | 1.3121       | 1.3436       | 0.1173     | 1.2918       | 1.3340       | 0.9580   |           
349    | 2.9453     | 0.2852     | 1.3164       | 1.3437       | 0.0925     | 1.2844       | 1.3289       | 0.9804   |           
350    | 2.9178     | 0.2578     | 1.3139       | 1.3461       | 0.1067     | 1.2886       | 1.3316       | 1.0183   |           
351    | 2.9258     | 0.2618     | 1.3166       | 1.3474       | 0.1013     | 1.2819       | 1.3376       | 1.0013   |           
352    | 2.9557     | 0.2848     | 1.3222       | 1.3487       | 0.1068     | 1.3013       | 1.3339       | 0.8843   |           
353    | 2.9338     | 0.2682     | 1.3185       | 1.3470       | 0.1147     | 1.2944       | 1.3391       | 0.9487   |           
354    | 2.9376     | 0.2773     | 1.3118       | 1.3485       | 0.1053     | 1.2880       | 1.3349       | 0.9478   |           
355    | 2.9368     | 0.2727     | 1.3178       | 1.3464       | 0.0900     | 1.2917       | 1.3352       | 0.9390   |           
356    | 2.9421     | 0.2714     | 1.3194       | 1.3512       | 0.0885     | 1.2934       | 1.3330       | 1.0707   |           
357    | 2.9617     | 0.2901     | 1.3212       | 1.3504       | 0.1160     | 1.3001       | 1.3340       | 0.9579   |           
358    | 2.9267     | 0.2570     | 1.3195       | 1.3502       | 0.0958     | 1.2991       | 1.3393       | 0.9385   |           
359    | 2.9329     | 0.2706     | 1.3173       | 1.3450       | 0.0945     | 1.2936       | 1.3280       | 0.9617   |           
360    | 2.9276     | 0.2613     | 1.3171       | 1.3491       | 0.0775     | 1.2977       | 1.3291       | 1.0275   | (ADV -0.01)
361    | 2.9207     | 0.2587     | 1.3184       | 1.3436       | 0.0957     | 1.2985       | 1.3348       | 1.0142   |           
362    | 2.9220     | 0.2548     | 1.3191       | 1.3482       | 0.1135     | 1.3001       | 1.3402       | 1.0021   |           
363    | 2.9255     | 0.2545     | 1.3198       | 1.3512       | 0.1052     | 1.2924       | 1.3345       | 1.0085   |           
364    | 2.9320     | 0.2697     | 1.3153       | 1.3470       | 0.0926     | 1.3006       | 1.3365       | 1.1465   |           
365    | 2.9226     | 0.2575     | 1.3190       | 1.3460       | 0.1067     | 1.2902       | 1.3411       | 0.9740   |           
366    | 2.9565     | 0.2929     | 1.3159       | 1.3477       | 0.1165     | 1.2985       | 1.3400       | 1.1127   |           
367    | 2.9353     | 0.2684     | 1.3182       | 1.3488       | 0.0951     | 1.2966       | 1.3377       | 1.0978   |           
368    | 2.9080     | 0.2460     | 1.3145       | 1.3476       | 0.1097     | 1.2919       | 1.3321       | 0.9422   |           
369    | 2.9357     | 0.2685     | 1.3175       | 1.3497       | 0.1001     | 1.2970       | 1.3378       | 0.9889   |           
370    | 2.9621     | 0.2930     | 1.3195       | 1.3496       | 0.1124     | 1.2928       | 1.3418       | 1.0398   |           
371    | 2.9327     | 0.2613     | 1.3210       | 1.3504       | 0.1121     | 1.2956       | 1.3366       | 1.0631   |           
/home/mcslab/yutung/MCSLAB_RSSI_RTT_Dataset/FusionCDAN/fusion_cdan_v2_noRSSIDiff.py:201: FutureWarning: DataFrameGroupBy.apply operated on the grouping columns. This behavior is deprecated, and in a future version of pandas the grouping columns will be excluded from the operation. Either pass `include_groups=False` to exclude the groupings or explicitly select the grouping columns after groupby to silence this warning.
  df = df.groupby('Label').apply(
/home/mcslab/yutung/MCSLAB_RSSI_RTT_Dataset/FusionCDAN/fusion_cdan_v2_noRSSIDiff.py:201: FutureWarning: DataFrameGroupBy.apply operated on the grouping columns. This behavior is deprecated, and in a future version of pandas the grouping columns will be excluded from the operation. Either pass `include_groups=False` to exclude the groupings or explicitly select the grouping columns after groupby to silence this warning.
  df = df.groupby('Label').apply(
372    | 2.9396     | 0.2695     | 1.3188       | 1.3513       | 0.1083     | 1.2907       | 1.3319       | 1.0516   |           
373    | 2.9300     | 0.2661     | 1.3154       | 1.3485       | 0.0940     | 1.2922       | 1.3401       | 0.9292   |           
374    | 2.9211     | 0.2570     | 1.3171       | 1.3471       | 0.0876     | 1.2840       | 1.3345       | 0.9706   |           
375    | 2.9269     | 0.2609     | 1.3151       | 1.3509       | 0.0911     | 1.2850       | 1.3348       | 1.0153   |           
376    | 2.9438     | 0.2815     | 1.3147       | 1.3475       | 0.0987     | 1.2948       | 1.3321       | 1.0012   |           
377    | 2.9350     | 0.2676     | 1.3194       | 1.3480       | 0.0971     | 1.2939       | 1.3407       | 1.1437   |           
378    | 2.9446     | 0.2661     | 1.3258       | 1.3527       | 0.1057     | 1.2878       | 1.3353       | 0.9847   |           
379    | 2.9401     | 0.2737     | 1.3156       | 1.3508       | 0.0950     | 1.2918       | 1.3320       | 1.0298   |           
380    | 2.9474     | 0.2751     | 1.3220       | 1.3503       | 0.0787     | 1.2936       | 1.3418       | 1.0586   |           
381    | 2.9285     | 0.2595     | 1.3186       | 1.3504       | 0.0981     | 1.2941       | 1.3400       | 1.1133   |           
382    | 2.9076     | 0.2387     | 1.3201       | 1.3489       | 0.1188     | 1.2994       | 1.3419       | 0.9040   |           
383    | 2.9333     | 0.2634     | 1.3178       | 1.3521       | 0.1075     | 1.3009       | 1.3414       | 0.8662   |           
384    | 2.9368     | 0.2649     | 1.3192       | 1.3527       | 0.0723     | 1.2882       | 1.3403       | 0.9509   |           
385    | 2.9543     | 0.2854     | 1.3167       | 1.3522       | 0.0897     | 1.2753       | 1.3348       | 0.9312   |           
386    | 2.9664     | 0.3016     | 1.3155       | 1.3492       | 0.1138     | 1.2909       | 1.3381       | 0.9423   |           
387    | 2.9371     | 0.2695     | 1.3203       | 1.3473       | 0.0834     | 1.2855       | 1.3372       | 1.0531   |           
388    | 2.9318     | 0.2581     | 1.3211       | 1.3525       | 0.1157     | 1.2965       | 1.3472       | 0.9800   |           
389    | 2.9415     | 0.2765     | 1.3162       | 1.3488       | 0.1110     | 1.2979       | 1.3396       | 0.8928   |           
390    | 2.9285     | 0.2578     | 1.3174       | 1.3532       | 0.1409     | 1.2954       | 1.3411       | 0.8536   |           
391    | 2.9301     | 0.2594     | 1.3207       | 1.3500       | 0.1170     | 1.2934       | 1.3352       | 0.9698   |           
392    | 2.9397     | 0.2755     | 1.3167       | 1.3474       | 0.1068     | 1.2831       | 1.3347       | 0.8969   |           
393    | 2.9316     | 0.2661     | 1.3167       | 1.3487       | 0.1005     | 1.2979       | 1.3409       | 1.0346   |           
394    | 2.9090     | 0.2504     | 1.3139       | 1.3446       | 0.1003     | 1.2973       | 1.3383       | 0.9725   |           
395    | 2.9501     | 0.2858     | 1.3190       | 1.3454       | 0.0979     | 1.2836       | 1.3390       | 1.0741   |           
396    | 2.9290     | 0.2608     | 1.3189       | 1.3493       | 0.1074     | 1.3026       | 1.3402       | 0.9393   |           
397    | 2.9445     | 0.2796     | 1.3162       | 1.3488       | 0.1350     | 1.3021       | 1.3333       | 0.9311   |           
398    | 2.9420     | 0.2756     | 1.3183       | 1.3481       | 0.1010     | 1.2900       | 1.3372       | 1.1124   |           
399    | 2.9298     | 0.2655     | 1.3179       | 1.3463       | 0.1257     | 1.2919       | 1.3296       | 0.9527   |           
400    | 2.9301     | 0.2637     | 1.3204       | 1.3461       | 0.0788     | 1.2856       | 1.3224       | 0.9593   |           
Seed 42 | Src Acc: 98.3673 | Src MDE: 0.0288 | Tgt Acc: 34.6939 | Tgt MDE: 1.0275
Start Training Seed 6767...

Start CDAN+E Training... (Entropy Conditioning Enabled)
Epoch  | Total Loss | Tr Cls     | Tr Dom RSSI  | Tr Dom RTT   | Val Cls    | Val RSSI Dls | Val RTT Dls  | Test MDE
------------------------------------------------------------------------------------------------------------------------
1      | 6.1858     | 3.4138     | 1.3861       | 1.3860       | 2.8786     | 1.3854       | 1.3862       | 1.6611   |           
2      | 5.5314     | 2.7597     | 1.3857       | 1.3860       | 2.3178     | 1.3842       | 1.3860       | 1.0744   |           
3      | 5.1419     | 2.3718     | 1.3845       | 1.3855       | 1.9524     | 1.3819       | 1.3834       | 0.9476   |           
4      | 4.7860     | 2.0211     | 1.3826       | 1.3822       | 1.5878     | 1.3773       | 1.3785       | 0.9198   |           
5      | 4.5374     | 1.7808     | 1.3783       | 1.3784       | 1.3226     | 1.3709       | 1.3709       | 1.0167   |           
6      | 4.3186     | 1.5759     | 1.3717       | 1.3710       | 1.1081     | 1.3616       | 1.3596       | 1.0005   |           
7      | 4.1297     | 1.4015     | 1.3655       | 1.3626       | 0.9291     | 1.3509       | 1.3467       | 1.0825   |           
8      | 3.9964     | 1.2901     | 1.3548       | 1.3515       | 0.8325     | 1.3362       | 1.3300       | 1.0739   |           
9      | 3.8538     | 1.1688     | 1.3445       | 1.3405       | 0.6735     | 1.3182       | 1.3129       | 1.0208   |           
10     | 3.7355     | 1.0749     | 1.3324       | 1.3282       | 0.6189     | 1.3021       | 1.2941       | 1.0508   |           
11     | 3.6041     | 0.9776     | 1.3152       | 1.3112       | 0.5189     | 1.2782       | 1.2691       | 1.0713   |           
12     | 3.5133     | 0.9125     | 1.3002       | 1.3006       | 0.4460     | 1.2576       | 1.2484       | 1.0044   | (ADV -0.13)
13     | 3.4539     | 0.8800     | 1.2881       | 1.2858       | 0.3966     | 1.2329       | 1.2243       | 1.1173   | (ADV -0.12)
14     | 3.3464     | 0.8149     | 1.2645       | 1.2670       | 0.3507     | 1.2038       | 1.2034       | 1.1367   | (ADV -0.10)
15     | 3.2958     | 0.7910     | 1.2478       | 1.2570       | 0.3282     | 1.1746       | 1.1785       | 1.0662   | (ADV -0.10)
16     | 3.2024     | 0.7399     | 1.2257       | 1.2369       | 0.2979     | 1.1512       | 1.1553       | 1.1749   | (ADV -0.10)
17     | 3.1764     | 0.7410     | 1.2070       | 1.2284       | 0.2829     | 1.1275       | 1.1451       | 1.0611   |           
18     | 3.1032     | 0.6962     | 1.1944       | 1.2126       | 0.2490     | 1.0962       | 1.1140       | 1.0712   | (ADV -0.10)
19     | 3.0116     | 0.6544     | 1.1661       | 1.1911       | 0.2375     | 1.0651       | 1.0913       | 1.1156   |           
20     | 2.9660     | 0.6390     | 1.1483       | 1.1787       | 0.2324     | 1.0398       | 1.0727       | 1.1116   |           
21     | 2.9204     | 0.6229     | 1.1291       | 1.1685       | 0.2154     | 1.0181       | 1.0573       | 1.0280   |           
22     | 2.8753     | 0.6089     | 1.1056       | 1.1609       | 0.1930     | 0.9933       | 1.0437       | 1.0944   |           
23     | 2.8349     | 0.5797     | 1.1001       | 1.1551       | 0.1858     | 0.9655       | 1.0336       | 1.0627   |           
24     | 2.7823     | 0.5584     | 1.0795       | 1.1444       | 0.1908     | 0.9553       | 1.0204       | 1.0916   |           
25     | 2.7379     | 0.5440     | 1.0589       | 1.1350       | 0.1902     | 0.9420       | 1.0088       | 1.0547   |           
26     | 2.7395     | 0.5545     | 1.0461       | 1.1389       | 0.1582     | 0.9190       | 1.0075       | 1.0390   |           
27     | 2.6911     | 0.5331     | 1.0251       | 1.1330       | 0.1557     | 0.8729       | 0.9757       | 1.1012   |           
28     | 2.6384     | 0.4981     | 1.0120       | 1.1283       | 0.1668     | 0.8557       | 0.9739       | 1.0305   |           
29     | 2.6559     | 0.5221     | 1.0167       | 1.1171       | 0.1582     | 0.8510       | 0.9554       | 0.9781   |           
30     | 2.6082     | 0.5191     | 0.9904       | 1.0987       | 0.1484     | 0.8405       | 0.9615       | 1.0146   |           
31     | 2.5939     | 0.4878     | 0.9923       | 1.1139       | 0.1450     | 0.8229       | 0.9347       | 1.1417   |           
32     | 2.5370     | 0.4672     | 0.9761       | 1.0937       | 0.1286     | 0.8065       | 0.9222       | 1.0956   |           
33     | 2.5469     | 0.4686     | 0.9828       | 1.0955       | 0.1338     | 0.8000       | 0.9166       | 1.0026   |           
34     | 2.5394     | 0.4803     | 0.9695       | 1.0896       | 0.1339     | 0.7901       | 0.9101       | 1.0500   |           
35     | 2.5735     | 0.4892     | 0.9801       | 1.1043       | 0.1231     | 0.7855       | 0.9114       | 1.0393   |           
36     | 2.5019     | 0.4631     | 0.9557       | 1.0832       | 0.1264     | 0.7698       | 0.9218       | 1.0072   |           
37     | 2.5254     | 0.4626     | 0.9638       | 1.0990       | 0.1318     | 0.7556       | 0.8994       | 1.0567   |           
38     | 2.5023     | 0.4654     | 0.9545       | 1.0823       | 0.1301     | 0.7465       | 0.9186       | 1.0380   |           
39     | 2.5051     | 0.4584     | 0.9534       | 1.0934       | 0.1201     | 0.7714       | 0.9253       | 1.0259   |           
40     | 2.5281     | 0.4466     | 0.9617       | 1.1198       | 0.1254     | 0.7460       | 0.9082       | 1.0242   |           
41     | 2.5255     | 0.4467     | 0.9706       | 1.1083       | 0.1185     | 0.7583       | 0.9174       | 0.9895   |           
42     | 2.5556     | 0.4718     | 0.9785       | 1.1053       | 0.1227     | 0.7757       | 0.8996       | 1.0505   |           
43     | 2.5442     | 0.4661     | 0.9794       | 1.0987       | 0.1208     | 0.7812       | 0.9007       | 1.0538   |           
44     | 2.6028     | 0.4944     | 0.9924       | 1.1160       | 0.1316     | 0.7769       | 0.8941       | 1.0674   |           
45     | 2.5720     | 0.4583     | 1.0003       | 1.1134       | 0.1277     | 0.7568       | 0.9010       | 1.0758   |           
46     | 2.5303     | 0.4359     | 0.9799       | 1.1145       | 0.1128     | 0.7640       | 0.9224       | 1.0352   |           
47     | 2.5636     | 0.4693     | 0.9908       | 1.1036       | 0.1267     | 0.7851       | 0.9238       | 1.0255   |           
48     | 2.5517     | 0.4479     | 0.9956       | 1.1081       | 0.1110     | 0.8244       | 0.8980       | 1.1030   |           
49     | 2.5913     | 0.4584     | 1.0213       | 1.1117       | 0.1098     | 0.7779       | 0.9032       | 1.0002   |           
50     | 2.6002     | 0.4557     | 1.0201       | 1.1244       | 0.1368     | 0.8369       | 0.9352       | 1.0905   |           
51     | 2.6043     | 0.4544     | 1.0190       | 1.1308       | 0.1094     | 0.7572       | 0.9309       | 1.0280   |           
52     | 2.5580     | 0.4209     | 1.0142       | 1.1229       | 0.1107     | 0.7914       | 0.9353       | 1.0129   |           
53     | 2.6327     | 0.4607     | 1.0299       | 1.1420       | 0.1318     | 0.8060       | 0.9288       | 0.9826   |           
54     | 2.6015     | 0.4533     | 1.0178       | 1.1305       | 0.1163     | 0.7810       | 0.9369       | 0.9844   |           
55     | 2.6528     | 0.4696     | 1.0331       | 1.1500       | 0.1134     | 0.8032       | 0.9650       | 0.9761   |           
56     | 2.5742     | 0.4279     | 1.0137       | 1.1326       | 0.1195     | 0.8014       | 0.9554       | 0.9945   |           
57     | 2.6777     | 0.4740     | 1.0462       | 1.1575       | 0.0969     | 0.8127       | 0.9660       | 1.0295   |           
58     | 2.6392     | 0.4492     | 1.0442       | 1.1458       | 0.1168     | 0.8120       | 0.9587       | 0.9213   |           
59     | 2.6490     | 0.4531     | 1.0486       | 1.1473       | 0.0967     | 0.8328       | 0.9511       | 1.0400   |           
60     | 2.6853     | 0.4574     | 1.0732       | 1.1547       | 0.1151     | 0.8807       | 0.9594       | 1.0583   |           
61     | 2.6757     | 0.4574     | 1.0595       | 1.1588       | 0.1190     | 0.8555       | 0.9525       | 0.9519   |           
62     | 2.6992     | 0.4695     | 1.0732       | 1.1565       | 0.1166     | 0.8504       | 0.9809       | 0.9057   |           
63     | 2.7237     | 0.4750     | 1.0757       | 1.1730       | 0.1160     | 0.8592       | 0.9838       | 0.9680   |           
64     | 2.7662     | 0.4904     | 1.1020       | 1.1738       | 0.1182     | 0.8982       | 0.9810       | 1.0360   |           
65     | 2.7326     | 0.4784     | 1.0909       | 1.1632       | 0.1102     | 0.8632       | 0.9717       | 0.9440   |           
66     | 2.8126     | 0.5139     | 1.1150       | 1.1838       | 0.1262     | 0.8735       | 0.9785       | 1.0189   |           
67     | 2.7295     | 0.4590     | 1.1047       | 1.1659       | 0.1112     | 0.8812       | 0.9743       | 1.0445   |           
68     | 2.7533     | 0.4596     | 1.1094       | 1.1844       | 0.1056     | 0.8914       | 1.0029       | 0.9778   |           
69     | 2.7191     | 0.4602     | 1.0911       | 1.1679       | 0.1063     | 0.8854       | 0.9858       | 0.9802   |           
70     | 2.7289     | 0.4598     | 1.0930       | 1.1762       | 0.1164     | 0.9060       | 1.0044       | 0.9465   |           
71     | 2.7579     | 0.4533     | 1.1070       | 1.1976       | 0.1155     | 0.8419       | 0.9886       | 1.0157   |           
72     | 2.7506     | 0.4736     | 1.0909       | 1.1861       | 0.1111     | 0.8904       | 1.0033       | 0.9986   |           
73     | 2.7739     | 0.4756     | 1.1023       | 1.1961       | 0.1110     | 0.9128       | 1.0119       | 1.0106   |           
74     | 2.7738     | 0.4873     | 1.1044       | 1.1821       | 0.1225     | 0.8972       | 0.9966       | 1.0732   |           
75     | 2.7063     | 0.4261     | 1.0885       | 1.1917       | 0.1047     | 0.8601       | 1.0116       | 1.0097   |           
76     | 2.7626     | 0.4745     | 1.0910       | 1.1971       | 0.1096     | 0.8538       | 1.0077       | 0.9857   |           
77     | 2.7639     | 0.4772     | 1.0918       | 1.1950       | 0.1207     | 0.8837       | 1.0295       | 0.9860   |           
78     | 2.7094     | 0.4516     | 1.0703       | 1.1876       | 0.1118     | 0.8724       | 1.0160       | 0.9386   |           
79     | 2.7398     | 0.4611     | 1.0891       | 1.1896       | 0.0980     | 0.8887       | 0.9945       | 0.9966   |           
80     | 2.7716     | 0.4847     | 1.1013       | 1.1855       | 0.1035     | 0.8833       | 1.0335       | 0.8856   |           
81     | 2.7232     | 0.4608     | 1.0823       | 1.1801       | 0.1239     | 0.8936       | 1.0310       | 1.0087   |           
82     | 2.7305     | 0.4532     | 1.0875       | 1.1898       | 0.1322     | 0.8900       | 0.9970       | 0.9286   |           
83     | 2.7893     | 0.4909     | 1.1035       | 1.1948       | 0.1158     | 0.8888       | 1.0352       | 0.8666   |           
84     | 2.7120     | 0.4186     | 1.0888       | 1.2046       | 0.1205     | 0.9371       | 1.0178       | 0.9113   |           
85     | 2.7765     | 0.4818     | 1.0891       | 1.2056       | 0.1066     | 0.8610       | 1.0423       | 0.8500   |           
86     | 2.6935     | 0.4281     | 1.0729       | 1.1925       | 0.1058     | 0.8741       | 1.0232       | 0.9140   |           
87     | 2.7134     | 0.4326     | 1.0720       | 1.2087       | 0.1239     | 0.8687       | 1.0597       | 0.8999   |           
88     | 2.7331     | 0.4641     | 1.0649       | 1.2041       | 0.1031     | 0.8514       | 1.0578       | 0.9793   |           
89     | 2.7432     | 0.4630     | 1.0651       | 1.2151       | 0.1132     | 0.8566       | 1.0546       | 0.9584   |           
90     | 2.7177     | 0.4370     | 1.0669       | 1.2138       | 0.1055     | 0.8562       | 1.0558       | 1.0068   |           
91     | 2.7002     | 0.4336     | 1.0658       | 1.2009       | 0.1328     | 0.8745       | 1.0548       | 0.9268   |           
92     | 2.7732     | 0.4771     | 1.0702       | 1.2259       | 0.0999     | 0.8502       | 1.0446       | 1.0179   |           
93     | 2.7231     | 0.4369     | 1.0775       | 1.2087       | 0.1088     | 0.8944       | 1.0380       | 1.0035   |           
94     | 2.7983     | 0.4769     | 1.1054       | 1.2161       | 0.1115     | 0.8918       | 1.0437       | 0.8837   |           
95     | 2.7145     | 0.4368     | 1.0761       | 1.2016       | 0.1104     | 0.8752       | 1.0508       | 0.9610   |           
96     | 2.7584     | 0.4529     | 1.0876       | 1.2179       | 0.1095     | 0.9051       | 1.0577       | 1.0348   |           
97     | 2.7763     | 0.4688     | 1.0916       | 1.2159       | 0.1092     | 0.9364       | 1.0603       | 1.0480   |           
98     | 2.8166     | 0.4820     | 1.1102       | 1.2245       | 0.1062     | 0.9110       | 1.0580       | 1.0518   |           
99     | 2.7689     | 0.4476     | 1.1059       | 1.2153       | 0.1046     | 0.9360       | 1.0682       | 0.9921   |           
100    | 2.7514     | 0.4437     | 1.0978       | 1.2098       | 0.1069     | 0.9361       | 1.0873       | 1.0339   |           
101    | 2.8506     | 0.4761     | 1.1322       | 1.2423       | 0.1175     | 0.9164       | 1.0767       | 0.9832   |           
102    | 2.8270     | 0.4749     | 1.1136       | 1.2384       | 0.1236     | 0.9169       | 1.0841       | 1.0146   |           
103    | 2.7856     | 0.4420     | 1.1144       | 1.2291       | 0.1264     | 0.9432       | 1.1042       | 0.9290   |           
104    | 2.8227     | 0.4627     | 1.1292       | 1.2309       | 0.1218     | 0.9575       | 1.0879       | 0.9475   |           
105    | 2.7924     | 0.4469     | 1.1303       | 1.2151       | 0.0963     | 0.9318       | 1.0863       | 0.9745   |           
106    | 2.7672     | 0.4345     | 1.1173       | 1.2154       | 0.1131     | 0.9357       | 1.0815       | 0.9751   |           
107    | 2.8001     | 0.4580     | 1.1177       | 1.2244       | 0.1100     | 0.9581       | 1.0817       | 0.9751   |           
108    | 2.7808     | 0.4450     | 1.1094       | 1.2264       | 0.1271     | 0.9369       | 1.0835       | 0.9594   |           
109    | 2.7518     | 0.4437     | 1.0935       | 1.2147       | 0.1221     | 0.9485       | 1.0761       | 1.0043   |           
110    | 2.8222     | 0.4912     | 1.1031       | 1.2278       | 0.0968     | 0.9281       | 1.0836       | 0.9707   |           
111    | 2.8136     | 0.4682     | 1.1290       | 1.2164       | 0.1204     | 0.9691       | 1.0853       | 0.9632   |           
112    | 2.8171     | 0.4590     | 1.1399       | 1.2182       | 0.1065     | 0.9607       | 1.0640       | 0.9461   |           
113    | 2.7912     | 0.4352     | 1.1355       | 1.2205       | 0.1063     | 0.9517       | 1.0665       | 1.0055   |           
114    | 2.7966     | 0.4477     | 1.1185       | 1.2303       | 0.1239     | 0.9476       | 1.0763       | 0.9181   |           
115    | 2.7439     | 0.4295     | 1.1040       | 1.2104       | 0.1088     | 0.9496       | 1.0922       | 0.8384   |           
116    | 2.7939     | 0.4426     | 1.1249       | 1.2264       | 0.0988     | 0.9505       | 1.0695       | 0.9025   |           
117    | 2.7876     | 0.4341     | 1.1224       | 1.2312       | 0.1140     | 0.9719       | 1.0866       | 0.8460   |           
118    | 2.8763     | 0.4882     | 1.1469       | 1.2412       | 0.1170     | 1.0105       | 1.1107       | 0.8694   | (ADV -0.09)
119    | 2.8525     | 0.4727     | 1.1434       | 1.2364       | 0.1128     | 0.9818       | 1.0926       | 0.9823   |           
120    | 2.8893     | 0.4885     | 1.1617       | 1.2392       | 0.1114     | 0.9872       | 1.0767       | 0.9842   |           
121    | 2.8281     | 0.4501     | 1.1457       | 1.2323       | 0.1099     | 0.9891       | 1.0776       | 0.9448   | (ADV -0.09)
122    | 2.8671     | 0.4750     | 1.1535       | 1.2387       | 0.0966     | 1.0066       | 1.1062       | 1.0046   | (ADV -0.09)
123    | 2.8383     | 0.4553     | 1.1518       | 1.2312       | 0.1066     | 1.0009       | 1.0889       | 0.9364   |           
124    | 2.8338     | 0.4576     | 1.1509       | 1.2254       | 0.0933     | 0.9930       | 1.0978       | 0.9753   |           
125    | 2.8151     | 0.4437     | 1.1389       | 1.2325       | 0.1054     | 1.0013       | 1.0967       | 0.8947   |           
126    | 2.8062     | 0.4363     | 1.1307       | 1.2393       | 0.1131     | 1.0181       | 1.0970       | 0.9435   | (ADV -0.09)
127    | 2.8337     | 0.4436     | 1.1460       | 1.2440       | 0.1050     | 0.9875       | 1.1062       | 0.8610   |           
128    | 2.8796     | 0.4799     | 1.1538       | 1.2459       | 0.1124     | 0.9837       | 1.0995       | 0.9720   |           
129    | 2.8626     | 0.4712     | 1.1564       | 1.2349       | 0.1179     | 1.0000       | 1.0968       | 1.0012   |           
130    | 2.8197     | 0.4380     | 1.1454       | 1.2363       | 0.0942     | 0.9794       | 1.1012       | 0.8546   |           
131    | 2.7942     | 0.4195     | 1.1354       | 1.2393       | 0.0989     | 1.0046       | 1.0781       | 0.9349   | (ADV -0.08)
132    | 2.8381     | 0.4560     | 1.1410       | 1.2410       | 0.1112     | 1.0028       | 1.1268       | 0.8987   |           
133    | 2.8813     | 0.4658     | 1.1465       | 1.2690       | 0.0924     | 0.9864       | 1.1180       | 0.8905   |           
134    | 2.8204     | 0.4423     | 1.1401       | 1.2380       | 0.0919     | 1.0045       | 1.1027       | 0.9415   |           
135    | 2.8272     | 0.4390     | 1.1600       | 1.2281       | 0.0942     | 1.0449       | 1.0981       | 0.8012   | (ADV -0.07)
136    | 2.8615     | 0.4675     | 1.1664       | 1.2276       | 0.0958     | 1.0183       | 1.1063       | 0.8991   |           
137    | 2.8259     | 0.4392     | 1.1650       | 1.2217       | 0.1031     | 1.0316       | 1.0859       | 0.8678   |           
138    | 2.8603     | 0.4644     | 1.1579       | 1.2381       | 0.1044     | 1.0047       | 1.0920       | 0.8982   |           
139    | 2.8657     | 0.4635     | 1.1640       | 1.2382       | 0.1011     | 1.0055       | 1.0907       | 0.8394   |           
140    | 2.8494     | 0.4546     | 1.1459       | 1.2489       | 0.0974     | 0.9952       | 1.0885       | 0.8308   |           
141    | 2.8343     | 0.4528     | 1.1551       | 1.2264       | 0.1069     | 1.0249       | 1.0995       | 0.9259   |           
142    | 2.8528     | 0.4439     | 1.1687       | 1.2402       | 0.1204     | 1.0443       | 1.1111       | 0.9239   |           
143    | 2.8714     | 0.4501     | 1.1789       | 1.2424       | 0.1090     | 1.0241       | 1.0933       | 0.8990   |           
144    | 2.8277     | 0.4309     | 1.1663       | 1.2306       | 0.1043     | 1.0239       | 1.0970       | 0.9578   |           
145    | 2.8673     | 0.4400     | 1.1778       | 1.2495       | 0.1065     | 1.0398       | 1.1146       | 0.9300   |           
146    | 2.9079     | 0.4719     | 1.1828       | 1.2532       | 0.1113     | 1.0336       | 1.1091       | 0.9816   |           
147    | 2.9242     | 0.4778     | 1.1844       | 1.2621       | 0.1099     | 1.0417       | 1.1140       | 0.9662   |           
148    | 2.8883     | 0.4661     | 1.1638       | 1.2584       | 0.1143     | 1.0472       | 1.1284       | 0.9997   |           
149    | 2.8234     | 0.4126     | 1.1679       | 1.2428       | 0.0925     | 1.0554       | 1.1235       | 0.9876   |           
150    | 2.9015     | 0.4484     | 1.1949       | 1.2582       | 0.1142     | 1.0533       | 1.1298       | 1.0614   |           
151    | 2.8824     | 0.4345     | 1.1927       | 1.2553       | 0.1341     | 1.0530       | 1.1292       | 0.9291   |           
152    | 2.8997     | 0.4463     | 1.1868       | 1.2666       | 0.1105     | 1.0656       | 1.1279       | 0.9218   |           
153    | 2.8825     | 0.4382     | 1.1973       | 1.2470       | 0.1069     | 1.0660       | 1.1158       | 0.8890   | (ADV -0.07)
154    | 2.8816     | 0.4251     | 1.2010       | 1.2554       | 0.1282     | 1.0995       | 1.1238       | 0.9550   | (ADV -0.06)
155    | 2.8978     | 0.4627     | 1.1888       | 1.2463       | 0.0968     | 1.0939       | 1.1488       | 0.9348   | (ADV -0.06)
156    | 2.8700     | 0.4170     | 1.1929       | 1.2601       | 0.0985     | 1.0920       | 1.1462       | 0.9302   |           
157    | 2.8560     | 0.4129     | 1.1859       | 1.2572       | 0.1003     | 1.0947       | 1.1415       | 0.9525   | (ADV -0.06)
158    | 2.8771     | 0.4173     | 1.1975       | 1.2623       | 0.0988     | 1.0946       | 1.1371       | 0.9901   | (ADV -0.06)
159    | 2.9124     | 0.4434     | 1.2033       | 1.2657       | 0.1023     | 1.1161       | 1.1619       | 1.1205   | (ADV -0.06)
160    | 2.8892     | 0.4265     | 1.2094       | 1.2533       | 0.1068     | 1.1131       | 1.1576       | 0.9767   |           
161    | 2.8975     | 0.4385     | 1.1976       | 1.2613       | 0.1048     | 1.1192       | 1.1540       | 1.0466   | (ADV -0.05)
162    | 2.8651     | 0.3977     | 1.2104       | 1.2570       | 0.1160     | 1.1246       | 1.1626       | 0.9839   |           
163    | 2.9321     | 0.4342     | 1.2206       | 1.2773       | 0.0904     | 1.1369       | 1.1624       | 0.9991   | (ADV -0.04)
164    | 2.9572     | 0.4727     | 1.2225       | 1.2620       | 0.1010     | 1.1140       | 1.1441       | 1.0052   |           
165    | 2.8664     | 0.4176     | 1.1956       | 1.2533       | 0.1013     | 1.1095       | 1.1543       | 1.0845   |           
166    | 2.9304     | 0.4585     | 1.2142       | 1.2577       | 0.0873     | 1.0980       | 1.1596       | 0.9776   |           
167    | 2.8675     | 0.4087     | 1.2022       | 1.2566       | 0.0990     | 1.0888       | 1.1438       | 1.0181   |           
168    | 2.9304     | 0.4571     | 1.2060       | 1.2672       | 0.0754     | 1.0778       | 1.1664       | 1.0078   |           
169    | 2.8767     | 0.4140     | 1.2033       | 1.2594       | 0.0872     | 1.1167       | 1.1602       | 0.9648   |           
170    | 2.8832     | 0.4086     | 1.2081       | 1.2664       | 0.0825     | 1.1060       | 1.1661       | 0.9388   |           
171    | 2.8962     | 0.4300     | 1.2026       | 1.2635       | 0.0792     | 1.1203       | 1.1682       | 0.9541   |           
172    | 2.9199     | 0.4334     | 1.2139       | 1.2727       | 0.0834     | 1.0956       | 1.1602       | 0.9618   |           
173    | 2.8526     | 0.3778     | 1.2111       | 1.2637       | 0.0979     | 1.1021       | 1.1556       | 0.9489   |           
174    | 2.8943     | 0.4092     | 1.2171       | 1.2680       | 0.0936     | 1.1053       | 1.1652       | 0.9738   |           
175    | 2.8728     | 0.3855     | 1.2260       | 1.2614       | 0.0830     | 1.1425       | 1.1647       | 0.8797   | (ADV -0.04)
176    | 2.9345     | 0.4336     | 1.2225       | 1.2783       | 0.0900     | 1.1164       | 1.1585       | 0.8569   |           
177    | 2.9057     | 0.4143     | 1.2220       | 1.2694       | 0.0860     | 1.1301       | 1.1672       | 0.9021   |           
178    | 2.8731     | 0.3880     | 1.2178       | 1.2672       | 0.0794     | 1.1215       | 1.1618       | 0.8896   |           
179    | 2.8976     | 0.4163     | 1.2184       | 1.2629       | 0.0813     | 1.1334       | 1.1585       | 0.9313   |           
180    | 2.8820     | 0.4065     | 1.2169       | 1.2586       | 0.0869     | 1.1230       | 1.1619       | 0.9494   |           
181    | 2.8611     | 0.3791     | 1.2193       | 1.2628       | 0.1020     | 1.1233       | 1.1636       | 0.8798   |           
182    | 2.8590     | 0.3850     | 1.2154       | 1.2585       | 0.0896     | 1.0992       | 1.1452       | 0.8443   |           
183    | 2.9261     | 0.4480     | 1.2187       | 1.2594       | 0.0899     | 1.1089       | 1.1473       | 0.9393   |           
184    | 2.9139     | 0.4434     | 1.2133       | 1.2572       | 0.0970     | 1.1072       | 1.1537       | 0.9418   |           
185    | 2.8632     | 0.3942     | 1.2079       | 1.2611       | 0.0997     | 1.1404       | 1.1524       | 1.0061   |           
186    | 2.8573     | 0.3910     | 1.2171       | 1.2492       | 0.0901     | 1.1273       | 1.1604       | 0.9660   |           
187    | 2.8924     | 0.4002     | 1.2350       | 1.2572       | 0.1004     | 1.1175       | 1.1601       | 0.9384   |           
188    | 2.9337     | 0.4254     | 1.2381       | 1.2702       | 0.1027     | 1.1461       | 1.1924       | 0.9189   |           
189    | 2.8903     | 0.3904     | 1.2227       | 1.2772       | 0.0801     | 1.1198       | 1.1730       | 0.9534   |           
190    | 2.8990     | 0.4031     | 1.2210       | 1.2749       | 0.0828     | 1.1268       | 1.1933       | 1.0546   |           
191    | 2.8776     | 0.3856     | 1.2143       | 1.2777       | 0.0947     | 1.1174       | 1.1990       | 0.9598   |           
192    | 2.8749     | 0.3846     | 1.2118       | 1.2785       | 0.0994     | 1.1297       | 1.2114       | 0.9249   |           
193    | 2.9215     | 0.4120     | 1.2205       | 1.2889       | 0.0971     | 1.1156       | 1.1787       | 1.0712   |           
194    | 2.8931     | 0.3865     | 1.2246       | 1.2820       | 0.1311     | 1.1376       | 1.2010       | 0.9617   |           
195    | 2.9203     | 0.4131     | 1.2281       | 1.2791       | 0.1057     | 1.1137       | 1.1798       | 0.9609   |           
196    | 2.9086     | 0.4138     | 1.2244       | 1.2704       | 0.1163     | 1.1341       | 1.2000       | 0.9597   |           
197    | 2.8873     | 0.3899     | 1.2205       | 1.2768       | 0.0968     | 1.1145       | 1.2011       | 0.9098   |           
198    | 2.9110     | 0.4032     | 1.2272       | 1.2807       | 0.0988     | 1.1275       | 1.2024       | 0.9948   |           
199    | 2.9065     | 0.3894     | 1.2330       | 1.2841       | 0.1415     | 1.1341       | 1.1943       | 0.9931   |           
200    | 2.9056     | 0.3870     | 1.2340       | 1.2846       | 0.0872     | 1.1378       | 1.2073       | 1.0002   |           
201    | 2.9391     | 0.4224     | 1.2317       | 1.2850       | 0.1089     | 1.1222       | 1.2066       | 0.9781   |           
202    | 2.9049     | 0.3908     | 1.2302       | 1.2839       | 0.0939     | 1.1543       | 1.1968       | 0.9832   |           
203    | 2.8734     | 0.3596     | 1.2310       | 1.2829       | 0.1041     | 1.1601       | 1.2248       | 0.9442   |           
204    | 2.8928     | 0.3622     | 1.2454       | 1.2852       | 0.0978     | 1.1633       | 1.2086       | 0.9887   |           
205    | 2.9532     | 0.4179     | 1.2503       | 1.2850       | 0.1042     | 1.1546       | 1.2110       | 1.0342   |           
206    | 2.8928     | 0.3754     | 1.2295       | 1.2879       | 0.1022     | 1.1506       | 1.2112       | 0.9751   |           
207    | 2.8713     | 0.3524     | 1.2374       | 1.2815       | 0.1133     | 1.1487       | 1.2114       | 0.9511   |           
208    | 2.8996     | 0.3702     | 1.2432       | 1.2861       | 0.0978     | 1.1327       | 1.2208       | 0.9915   |           
209    | 2.9624     | 0.4133     | 1.2492       | 1.2998       | 0.0865     | 1.1634       | 1.2287       | 0.9458   |           
210    | 2.8929     | 0.3553     | 1.2452       | 1.2924       | 0.0918     | 1.1861       | 1.2303       | 1.0027   | (ADV -0.04)
211    | 2.8833     | 0.3492     | 1.2470       | 1.2871       | 0.0929     | 1.1547       | 1.2240       | 1.0241   |           
212    | 2.8906     | 0.3535     | 1.2486       | 1.2885       | 0.0938     | 1.1792       | 1.2322       | 0.9618   |           
213    | 2.9201     | 0.3825     | 1.2454       | 1.2923       | 0.1287     | 1.1820       | 1.2268       | 0.9160   |           
214    | 2.9035     | 0.3651     | 1.2445       | 1.2939       | 0.0930     | 1.1632       | 1.2113       | 0.9280   |           
215    | 2.9286     | 0.3895     | 1.2490       | 1.2901       | 0.0961     | 1.1790       | 1.2324       | 0.9418   |           
216    | 2.9125     | 0.3810     | 1.2430       | 1.2885       | 0.1002     | 1.1622       | 1.2218       | 1.0336   |           
217    | 2.9146     | 0.3741     | 1.2512       | 1.2893       | 0.1030     | 1.1808       | 1.2211       | 1.0606   |           
218    | 2.9139     | 0.3692     | 1.2563       | 1.2885       | 0.0905     | 1.1772       | 1.2181       | 0.9877   |           
219    | 2.9236     | 0.3773     | 1.2584       | 1.2879       | 0.1223     | 1.1956       | 1.2280       | 1.0631   |           
220    | 2.9341     | 0.3781     | 1.2667       | 1.2893       | 0.1078     | 1.1880       | 1.2177       | 1.0647   |           
221    | 2.9198     | 0.3632     | 1.2625       | 1.2940       | 0.1064     | 1.1863       | 1.2298       | 0.9831   |           
222    | 2.9187     | 0.3719     | 1.2551       | 1.2916       | 0.0827     | 1.1920       | 1.2254       | 0.9443   | (ADV -0.03)
223    | 2.9149     | 0.3455     | 1.2743       | 1.2951       | 0.0966     | 1.1995       | 1.2322       | 0.8913   |           
224    | 2.9462     | 0.3711     | 1.2737       | 1.3015       | 0.0901     | 1.1888       | 1.2329       | 0.9822   |           
225    | 2.9373     | 0.3620     | 1.2756       | 1.2998       | 0.0831     | 1.2004       | 1.2284       | 0.9756   | (ADV -0.03)
226    | 2.9196     | 0.3539     | 1.2681       | 1.2975       | 0.0952     | 1.1987       | 1.2345       | 0.9070   |           
227    | 2.9484     | 0.3711     | 1.2782       | 1.2991       | 0.0884     | 1.2160       | 1.2386       | 0.9350   | (ADV -0.03)
228    | 2.9207     | 0.3481     | 1.2762       | 1.2964       | 0.0922     | 1.2139       | 1.2313       | 0.9854   |           
229    | 2.9582     | 0.3859     | 1.2728       | 1.2995       | 0.0812     | 1.2103       | 1.2426       | 0.9326   |           
230    | 2.9474     | 0.3632     | 1.2779       | 1.3062       | 0.1076     | 1.2183       | 1.2391       | 0.9224   |           
231    | 2.9028     | 0.3264     | 1.2763       | 1.3001       | 0.0916     | 1.2021       | 1.2390       | 0.9797   |           
232    | 2.9633     | 0.3746     | 1.2809       | 1.3078       | 0.0928     | 1.2115       | 1.2479       | 0.9495   |           
233    | 2.9283     | 0.3432     | 1.2780       | 1.3072       | 0.0995     | 1.2215       | 1.2544       | 0.9760   |           
234    | 2.9702     | 0.3799     | 1.2768       | 1.3136       | 0.0951     | 1.2118       | 1.2557       | 1.0358   |           
235    | 2.9311     | 0.3449     | 1.2801       | 1.3061       | 0.0876     | 1.2216       | 1.2625       | 0.9739   |           
236    | 2.9578     | 0.3600     | 1.2840       | 1.3137       | 0.0847     | 1.2159       | 1.2550       | 0.9339   |           
237    | 2.9111     | 0.3254     | 1.2786       | 1.3071       | 0.0906     | 1.2153       | 1.2608       | 0.9851   |           
238    | 2.9466     | 0.3517     | 1.2793       | 1.3156       | 0.0809     | 1.2247       | 1.2562       | 1.0565   | (ADV -0.03)
239    | 2.9554     | 0.3572     | 1.2890       | 1.3092       | 0.0877     | 1.2203       | 1.2526       | 0.9948   |           
240    | 2.9451     | 0.3535     | 1.2853       | 1.3064       | 0.0747     | 1.2333       | 1.2559       | 1.0614   | (ADV -0.02)
241    | 2.9133     | 0.3227     | 1.2801       | 1.3105       | 0.0985     | 1.2382       | 1.2600       | 1.0209   |           
242    | 2.9773     | 0.3733     | 1.2912       | 1.3128       | 0.0881     | 1.2374       | 1.2626       | 1.0054   |           
243    | 2.9291     | 0.3292     | 1.2884       | 1.3116       | 0.0972     | 1.2256       | 1.2660       | 1.0068   |           
244    | 2.9758     | 0.3684     | 1.2885       | 1.3189       | 0.0903     | 1.2344       | 1.2694       | 1.0171   |           
245    | 2.9792     | 0.3736     | 1.2855       | 1.3201       | 0.0774     | 1.2319       | 1.2741       | 1.0471   |           
246    | 2.9677     | 0.3653     | 1.2871       | 1.3154       | 0.0835     | 1.2301       | 1.2699       | 1.1529   |           
247    | 2.9247     | 0.3274     | 1.2842       | 1.3130       | 0.0766     | 1.2363       | 1.2712       | 1.1043   |           
248    | 2.9182     | 0.3214     | 1.2817       | 1.3151       | 0.0761     | 1.2338       | 1.2671       | 1.1179   |           
249    | 2.9652     | 0.3548     | 1.2869       | 1.3235       | 0.0730     | 1.2256       | 1.2644       | 1.0487   |           
250    | 2.9582     | 0.3607     | 1.2815       | 1.3159       | 0.0850     | 1.2380       | 1.2543       | 1.0714   |           
251    | 2.9164     | 0.3179     | 1.2812       | 1.3173       | 0.0846     | 1.2383       | 1.2639       | 1.0380   |           
252    | 2.9504     | 0.3433     | 1.2886       | 1.3185       | 0.1019     | 1.2485       | 1.2710       | 0.9836   |           
253    | 2.9546     | 0.3422     | 1.2932       | 1.3192       | 0.0898     | 1.2446       | 1.2768       | 1.0339   |           
254    | 2.8953     | 0.3029     | 1.2803       | 1.3121       | 0.0798     | 1.2444       | 1.2732       | 1.0389   |           
255    | 2.9312     | 0.3247     | 1.2911       | 1.3154       | 0.0857     | 1.2300       | 1.2732       | 1.0024   |           
256    | 2.9463     | 0.3400     | 1.2936       | 1.3127       | 0.0819     | 1.2546       | 1.2738       | 1.0023   | (ADV -0.02)
257    | 2.9483     | 0.3389     | 1.2941       | 1.3153       | 0.0761     | 1.2285       | 1.2745       | 1.0394   |           
258    | 2.9264     | 0.3167     | 1.2919       | 1.3178       | 0.0724     | 1.2407       | 1.2778       | 1.0649   |           
259    | 2.9418     | 0.3270     | 1.2959       | 1.3189       | 0.0856     | 1.2351       | 1.2800       | 1.0378   |           
260    | 2.9481     | 0.3393     | 1.2932       | 1.3156       | 0.0911     | 1.2594       | 1.2758       | 0.9792   |           
261    | 2.9533     | 0.3386     | 1.2953       | 1.3194       | 0.0881     | 1.2321       | 1.2800       | 1.0854   |           
262    | 2.9382     | 0.3256     | 1.2921       | 1.3205       | 0.0809     | 1.2314       | 1.2896       | 1.0241   |           
263    | 2.9135     | 0.3147     | 1.2869       | 1.3119       | 0.0733     | 1.2393       | 1.2939       | 0.9882   |           
264    | 2.9280     | 0.3046     | 1.2970       | 1.3264       | 0.0886     | 1.2513       | 1.2880       | 1.0000   |           
265    | 2.9348     | 0.3193     | 1.2946       | 1.3209       | 0.0768     | 1.2472       | 1.2853       | 0.9815   |           
266    | 2.9423     | 0.3340     | 1.2892       | 1.3192       | 0.0810     | 1.2475       | 1.3007       | 0.9389   |           
267    | 2.9486     | 0.3290     | 1.2926       | 1.3270       | 0.0973     | 1.2380       | 1.2942       | 0.9893   |           
268    | 2.9515     | 0.3294     | 1.2965       | 1.3256       | 0.0901     | 1.2426       | 1.2944       | 0.9842   |           
269    | 2.9298     | 0.3121     | 1.2906       | 1.3271       | 0.1016     | 1.2604       | 1.2973       | 1.0304   |           
270    | 2.9476     | 0.3348     | 1.2871       | 1.3256       | 0.0735     | 1.2367       | 1.2966       | 1.0360   |           
271    | 2.9417     | 0.3161     | 1.2988       | 1.3267       | 0.0860     | 1.2601       | 1.3015       | 1.0344   |           
272    | 2.9362     | 0.3209     | 1.2906       | 1.3247       | 0.0735     | 1.2471       | 1.3041       | 1.0796   |           
273    | 2.9496     | 0.3270     | 1.2938       | 1.3288       | 0.0814     | 1.2456       | 1.3041       | 1.0242   |           
274    | 2.9384     | 0.3143     | 1.2966       | 1.3276       | 0.0810     | 1.2437       | 1.3113       | 1.0107   |           
275    | 2.9331     | 0.3123     | 1.2962       | 1.3246       | 0.0805     | 1.2519       | 1.3070       | 1.0437   |           
276    | 2.9795     | 0.3559     | 1.2954       | 1.3281       | 0.0719     | 1.2366       | 1.3037       | 1.0305   |           
277    | 2.9062     | 0.2858     | 1.2950       | 1.3254       | 0.0698     | 1.2415       | 1.3050       | 0.9984   |           
278    | 2.9492     | 0.3236     | 1.2932       | 1.3323       | 0.0739     | 1.2506       | 1.3108       | 1.0921   |           
279    | 2.9446     | 0.3104     | 1.3035       | 1.3308       | 0.0719     | 1.2493       | 1.3143       | 1.0051   |           
280    | 2.9344     | 0.3065     | 1.2982       | 1.3296       | 0.0695     | 1.2428       | 1.3091       | 1.0296   |           
281    | 2.9424     | 0.3092     | 1.2977       | 1.3356       | 0.0886     | 1.2555       | 1.3195       | 1.0822   |           
282    | 2.9495     | 0.3110     | 1.2986       | 1.3399       | 0.0920     | 1.2579       | 1.3128       | 1.0361   |           
283    | 2.9634     | 0.3300     | 1.3015       | 1.3320       | 0.0849     | 1.2532       | 1.3062       | 1.1085   |           
284    | 2.9042     | 0.2834     | 1.2917       | 1.3291       | 0.0794     | 1.2492       | 1.3150       | 1.0479   |           
285    | 2.9335     | 0.2897     | 1.3042       | 1.3396       | 0.0834     | 1.2504       | 1.3164       | 1.0748   |           
286    | 2.9855     | 0.3474     | 1.3040       | 1.3342       | 0.0872     | 1.2648       | 1.3080       | 1.0872   |           
287    | 2.9698     | 0.3367     | 1.3032       | 1.3299       | 0.0844     | 1.2624       | 1.3099       | 1.0740   |           
288    | 2.9439     | 0.3182     | 1.2960       | 1.3297       | 0.0766     | 1.2708       | 1.3061       | 1.1012   | (ADV -0.02)
289    | 2.9602     | 0.3142     | 1.3073       | 1.3388       | 0.0789     | 1.2602       | 1.3125       | 1.0155   |           
290    | 2.9488     | 0.3103     | 1.3019       | 1.3366       | 0.0856     | 1.2652       | 1.3169       | 1.0306   |           
291    | 2.9297     | 0.2895     | 1.3029       | 1.3373       | 0.0878     | 1.2712       | 1.3206       | 1.0758   |           
292    | 2.9358     | 0.2981     | 1.3017       | 1.3360       | 0.0736     | 1.2662       | 1.3159       | 1.0723   |           
293    | 2.9682     | 0.3239     | 1.3052       | 1.3391       | 0.0834     | 1.2719       | 1.3181       | 1.1475   |           
294    | 2.9554     | 0.3126     | 1.3066       | 1.3362       | 0.0903     | 1.2809       | 1.3210       | 1.1253   |           
295    | 2.9362     | 0.2969     | 1.3038       | 1.3354       | 0.0835     | 1.2566       | 1.3143       | 1.0423   |           
296    | 2.9308     | 0.2944     | 1.2996       | 1.3368       | 0.0883     | 1.2812       | 1.3170       | 1.0914   |           
297    | 2.9690     | 0.3172     | 1.3081       | 1.3437       | 0.0995     | 1.2831       | 1.3279       | 1.0582   |           
298    | 2.9392     | 0.2934     | 1.3061       | 1.3396       | 0.0875     | 1.2612       | 1.3206       | 0.9608   |           
299    | 2.9951     | 0.3420     | 1.3102       | 1.3428       | 0.0719     | 1.2676       | 1.3091       | 1.0948   |           
300    | 2.9300     | 0.2860     | 1.3064       | 1.3376       | 0.0820     | 1.2701       | 1.3206       | 1.0393   |           
301    | 2.9287     | 0.2858     | 1.3028       | 1.3400       | 0.1001     | 1.2784       | 1.3223       | 1.0452   |           
302    | 2.9555     | 0.3115     | 1.3082       | 1.3357       | 0.0838     | 1.2855       | 1.3188       | 1.0306   | (ADV -0.01)
303    | 2.9487     | 0.3019     | 1.3087       | 1.3381       | 0.0862     | 1.2836       | 1.3193       | 1.0777   |           
304    | 2.9678     | 0.3177     | 1.3101       | 1.3400       | 0.0821     | 1.2777       | 1.3233       | 1.0215   |           
305    | 2.9521     | 0.3056     | 1.3086       | 1.3379       | 0.1008     | 1.2745       | 1.3250       | 0.9976   |           
306    | 2.9256     | 0.2819     | 1.3070       | 1.3367       | 0.0820     | 1.2879       | 1.3133       | 1.0228   | (ADV -0.01)
307    | 2.9634     | 0.3196     | 1.3044       | 1.3394       | 0.0871     | 1.2771       | 1.3180       | 1.0431   |           
308    | 2.9267     | 0.2782     | 1.3090       | 1.3395       | 0.0875     | 1.2690       | 1.3122       | 1.0225   |           
309    | 2.9342     | 0.2967     | 1.3016       | 1.3359       | 0.0747     | 1.2741       | 1.3163       | 1.0458   |           
310    | 2.9404     | 0.2905     | 1.3084       | 1.3415       | 0.0618     | 1.2751       | 1.3153       | 1.0644   | (ADV -0.01)
311    | 2.9417     | 0.2927     | 1.3079       | 1.3411       | 0.0660     | 1.2716       | 1.3160       | 1.0761   |           
312    | 2.9531     | 0.3058     | 1.3084       | 1.3389       | 0.0815     | 1.2734       | 1.3112       | 1.0673   |           
313    | 2.9659     | 0.3228     | 1.3091       | 1.3340       | 0.0898     | 1.2617       | 1.3100       | 1.1191   |           
314    | 2.9475     | 0.3059     | 1.3051       | 1.3365       | 0.0895     | 1.2721       | 1.3102       | 1.1216   |           
315    | 2.9279     | 0.2869     | 1.3076       | 1.3333       | 0.0837     | 1.2788       | 1.3149       | 1.0640   |           
316    | 2.9523     | 0.3056     | 1.3095       | 1.3373       | 0.0768     | 1.2718       | 1.3101       | 1.0951   |           
317    | 2.9065     | 0.2613     | 1.3093       | 1.3359       | 0.0689     | 1.2754       | 1.3168       | 1.0788   |           
318    | 2.9256     | 0.2805     | 1.3062       | 1.3389       | 0.0761     | 1.2785       | 1.3188       | 1.0898   |           
319    | 2.9410     | 0.2978     | 1.3016       | 1.3415       | 0.0788     | 1.2752       | 1.3220       | 1.0399   |           
320    | 2.9428     | 0.2960     | 1.3045       | 1.3423       | 0.0833     | 1.2786       | 1.3179       | 1.1067   |           
321    | 2.9287     | 0.2901     | 1.2985       | 1.3400       | 0.0740     | 1.2802       | 1.3299       | 1.0450   |           
322    | 2.9547     | 0.3057     | 1.3041       | 1.3449       | 0.0824     | 1.2690       | 1.3279       | 1.0699   |           
323    | 2.9305     | 0.2782     | 1.3090       | 1.3433       | 0.0819     | 1.2809       | 1.3323       | 0.9669   |           
324    | 2.9508     | 0.3010     | 1.3080       | 1.3418       | 0.0765     | 1.2726       | 1.3162       | 1.0387   |           
325    | 2.9192     | 0.2687     | 1.3080       | 1.3424       | 0.0848     | 1.2854       | 1.3259       | 1.0452   |           
326    | 2.9376     | 0.2841     | 1.3083       | 1.3452       | 0.0743     | 1.2802       | 1.3221       | 1.0896   |           
327    | 2.9632     | 0.3103     | 1.3104       | 1.3425       | 0.0942     | 1.2705       | 1.3231       | 1.0462   |           
328    | 2.9266     | 0.2782     | 1.3053       | 1.3432       | 0.0726     | 1.2668       | 1.3223       | 0.9812   |           
329    | 2.9565     | 0.2992     | 1.3092       | 1.3481       | 0.0743     | 1.2600       | 1.3255       | 1.0283   |           
330    | 2.9291     | 0.2821     | 1.3045       | 1.3425       | 0.0732     | 1.2715       | 1.3210       | 1.0941   |           
331    | 2.9497     | 0.2994     | 1.3066       | 1.3437       | 0.0585     | 1.2701       | 1.3191       | 1.0507   |           
332    | 2.9235     | 0.2738     | 1.3085       | 1.3412       | 0.0520     | 1.2718       | 1.3208       | 1.0954   | (ADV -0.01)
333    | 2.9552     | 0.2982     | 1.3130       | 1.3440       | 0.0615     | 1.2875       | 1.3305       | 1.0323   | (ADV -0.01)
334    | 2.9352     | 0.2792     | 1.3078       | 1.3482       | 0.0726     | 1.2724       | 1.3293       | 1.0454   |           
335    | 2.9449     | 0.2850     | 1.3146       | 1.3453       | 0.0762     | 1.2879       | 1.3202       | 0.9656   |           
336    | 2.9253     | 0.2730     | 1.3073       | 1.3450       | 0.0666     | 1.2780       | 1.3247       | 0.9803   |           
337    | 2.9206     | 0.2667     | 1.3108       | 1.3431       | 0.0865     | 1.2805       | 1.3217       | 1.0221   |           
338    | 2.9603     | 0.3018     | 1.3144       | 1.3442       | 0.0663     | 1.2725       | 1.3194       | 1.0858   |           
339    | 2.9226     | 0.2673     | 1.3145       | 1.3408       | 0.0696     | 1.2868       | 1.3232       | 1.1215   |           
340    | 2.9682     | 0.3119     | 1.3100       | 1.3463       | 0.0668     | 1.2604       | 1.3183       | 1.0381   |           
341    | 2.9477     | 0.2935     | 1.3052       | 1.3491       | 0.0916     | 1.2823       | 1.3257       | 0.9061   |           
/home/mcslab/yutung/MCSLAB_RSSI_RTT_Dataset/FusionCDAN/fusion_cdan_v2_noRSSIDiff.py:201: FutureWarning: DataFrameGroupBy.apply operated on the grouping columns. This behavior is deprecated, and in a future version of pandas the grouping columns will be excluded from the operation. Either pass `include_groups=False` to exclude the groupings or explicitly select the grouping columns after groupby to silence this warning.
  df = df.groupby('Label').apply(
/home/mcslab/yutung/MCSLAB_RSSI_RTT_Dataset/FusionCDAN/fusion_cdan_v2_noRSSIDiff.py:201: FutureWarning: DataFrameGroupBy.apply operated on the grouping columns. This behavior is deprecated, and in a future version of pandas the grouping columns will be excluded from the operation. Either pass `include_groups=False` to exclude the groupings or explicitly select the grouping columns after groupby to silence this warning.
  df = df.groupby('Label').apply(
342    | 2.9658     | 0.3097     | 1.3123       | 1.3437       | 0.0687     | 1.2672       | 1.3210       | 1.0020   |           
343    | 2.9260     | 0.2784     | 1.3073       | 1.3404       | 0.0690     | 1.2724       | 1.3197       | 0.9696   |           
344    | 2.9334     | 0.2820     | 1.3109       | 1.3405       | 0.0590     | 1.2699       | 1.3185       | 0.9800   |           
345    | 2.9085     | 0.2602     | 1.3118       | 1.3365       | 0.0747     | 1.2912       | 1.3152       | 1.0790   | (ADV -0.01)
346    | 2.9342     | 0.2773     | 1.3142       | 1.3427       | 0.0576     | 1.2828       | 1.3121       | 1.1468   | (ADV -0.01)
347    | 2.9448     | 0.2878     | 1.3103       | 1.3468       | 0.0773     | 1.2899       | 1.3194       | 1.1259   |           
348    | 2.9291     | 0.2682     | 1.3153       | 1.3456       | 0.0801     | 1.2839       | 1.3151       | 1.1450   |           
349    | 2.9112     | 0.2525     | 1.3150       | 1.3437       | 0.0593     | 1.2797       | 1.3181       | 0.9867   |           
350    | 2.9349     | 0.2818     | 1.3120       | 1.3411       | 0.0646     | 1.2850       | 1.3231       | 1.1240   |           
351    | 2.9466     | 0.2862     | 1.3136       | 1.3469       | 0.0678     | 1.2783       | 1.3136       | 1.0427   |           
352    | 2.9148     | 0.2630     | 1.3090       | 1.3428       | 0.0711     | 1.2874       | 1.3226       | 1.1218   |           
353    | 2.9375     | 0.2789     | 1.3148       | 1.3439       | 0.0663     | 1.2716       | 1.3199       | 1.0248   |           
354    | 2.9330     | 0.2779     | 1.3145       | 1.3406       | 0.0677     | 1.2796       | 1.3164       | 0.9385   |           
355    | 2.9162     | 0.2645     | 1.3104       | 1.3413       | 0.0607     | 1.2739       | 1.3200       | 1.1431   |           
356    | 2.9159     | 0.2665     | 1.3078       | 1.3416       | 0.0661     | 1.2789       | 1.3155       | 0.9698   |           
357    | 2.9317     | 0.2774     | 1.3113       | 1.3430       | 0.0604     | 1.2609       | 1.3216       | 0.9865   |           
358    | 2.9220     | 0.2735     | 1.3066       | 1.3419       | 0.0680     | 1.2723       | 1.3164       | 1.0149   |           
359    | 2.9132     | 0.2619     | 1.3070       | 1.3443       | 0.0734     | 1.2839       | 1.3197       | 1.0341   |           
360    | 2.9267     | 0.2763     | 1.3089       | 1.3415       | 0.0777     | 1.2733       | 1.3244       | 0.9765   |           
361    | 2.9506     | 0.2975     | 1.3086       | 1.3445       | 0.0759     | 1.2753       | 1.3287       | 0.9448   |           
362    | 2.9369     | 0.2793     | 1.3117       | 1.3459       | 0.0699     | 1.2819       | 1.3144       | 0.9836   |           
363    | 2.9131     | 0.2636     | 1.3051       | 1.3443       | 0.0746     | 1.2885       | 1.3212       | 0.9409   |           
364    | 2.8921     | 0.2420     | 1.3079       | 1.3422       | 0.0780     | 1.2918       | 1.3286       | 1.0041   |           
365    | 2.9360     | 0.2795     | 1.3140       | 1.3425       | 0.0725     | 1.2915       | 1.3201       | 1.0655   |           
366    | 2.9541     | 0.2976     | 1.3141       | 1.3424       | 0.0744     | 1.2831       | 1.3132       | 1.0829   |           
367    | 2.9140     | 0.2625     | 1.3111       | 1.3404       | 0.0770     | 1.2799       | 1.3218       | 0.9699   |           
368    | 2.9250     | 0.2676     | 1.3154       | 1.3420       | 0.0714     | 1.2802       | 1.3152       | 0.9832   |           
369    | 2.9250     | 0.2783     | 1.3081       | 1.3386       | 0.0657     | 1.2863       | 1.3279       | 0.9470   |           
370    | 2.9105     | 0.2562     | 1.3118       | 1.3425       | 0.0720     | 1.2932       | 1.3188       | 1.0733   |           
371    | 2.9497     | 0.2875     | 1.3184       | 1.3438       | 0.0696     | 1.2964       | 1.3171       | 0.9948   | (ADV -0.01)
372    | 2.9298     | 0.2712     | 1.3170       | 1.3416       | 0.0673     | 1.2931       | 1.3203       | 1.0147   |           
373    | 2.9454     | 0.2874     | 1.3170       | 1.3410       | 0.0751     | 1.2919       | 1.3195       | 0.9165   |           
374    | 2.9091     | 0.2432     | 1.3234       | 1.3425       | 0.0822     | 1.2963       | 1.3202       | 0.9680   |           
375    | 2.9164     | 0.2520     | 1.3193       | 1.3451       | 0.0715     | 1.2873       | 1.3238       | 1.0241   |           
376    | 2.9463     | 0.2817     | 1.3190       | 1.3455       | 0.0651     | 1.2867       | 1.3171       | 0.9669   |           
377    | 2.9332     | 0.2715     | 1.3200       | 1.3417       | 0.0581     | 1.2835       | 1.3176       | 1.0173   |           
378    | 2.9324     | 0.2702     | 1.3194       | 1.3428       | 0.0831     | 1.2900       | 1.3256       | 1.1724   |           
379    | 2.9447     | 0.2867     | 1.3179       | 1.3400       | 0.0780     | 1.2792       | 1.3210       | 0.9937   |           
380    | 2.9165     | 0.2579     | 1.3168       | 1.3418       | 0.0686     | 1.2829       | 1.3195       | 0.9495   |           
381    | 2.9097     | 0.2506     | 1.3180       | 1.3411       | 0.0652     | 1.2907       | 1.3161       | 0.9583   |           
382    | 2.9240     | 0.2680     | 1.3179       | 1.3382       | 0.0700     | 1.2812       | 1.3128       | 1.0424   |           
383    | 2.9051     | 0.2476     | 1.3166       | 1.3409       | 0.0697     | 1.2935       | 1.3231       | 1.0406   |           
384    | 2.9276     | 0.2650     | 1.3156       | 1.3471       | 0.0695     | 1.2858       | 1.3227       | 1.0860   |           
385    | 2.9089     | 0.2514     | 1.3155       | 1.3420       | 0.0620     | 1.2868       | 1.3261       | 1.0738   |           
386    | 2.9127     | 0.2498     | 1.3203       | 1.3426       | 0.0680     | 1.2852       | 1.3183       | 0.9463   |           
387    | 2.9241     | 0.2673     | 1.3142       | 1.3427       | 0.0620     | 1.2722       | 1.3150       | 1.0406   |           
388    | 2.9436     | 0.2827     | 1.3173       | 1.3436       | 0.0604     | 1.2954       | 1.3185       | 0.9610   | (ADV -0.00)
389    | 2.9482     | 0.2859     | 1.3203       | 1.3420       | 0.0753     | 1.2799       | 1.3148       | 1.1224   |           
390    | 2.9268     | 0.2729     | 1.3143       | 1.3395       | 0.0663     | 1.2822       | 1.3249       | 1.0643   |           
391    | 2.9124     | 0.2540     | 1.3168       | 1.3416       | 0.0621     | 1.2847       | 1.3289       | 0.9949   |           
392    | 2.9350     | 0.2767     | 1.3168       | 1.3415       | 0.0733     | 1.2843       | 1.3226       | 0.9982   |           
393    | 2.9395     | 0.2828     | 1.3156       | 1.3412       | 0.0852     | 1.2898       | 1.3207       | 0.9873   |           
394    | 2.9089     | 0.2476     | 1.3198       | 1.3416       | 0.0672     | 1.2805       | 1.3218       | 1.0397   |           
395    | 2.9282     | 0.2658     | 1.3189       | 1.3435       | 0.0614     | 1.2900       | 1.3265       | 0.9746   |           
396    | 2.9262     | 0.2633     | 1.3179       | 1.3450       | 0.0679     | 1.2873       | 1.3163       | 0.9962   |           
397    | 2.9212     | 0.2564     | 1.3226       | 1.3421       | 0.0659     | 1.2890       | 1.3254       | 0.9713   |           
398    | 2.9140     | 0.2537     | 1.3194       | 1.3409       | 0.0749     | 1.2916       | 1.3207       | 0.9986   |           
399    | 2.9113     | 0.2563     | 1.3144       | 1.3407       | 0.0721     | 1.2925       | 1.3304       | 1.0165   |           
400    | 2.9145     | 0.2548     | 1.3174       | 1.3423       | 0.0660     | 1.2877       | 1.3183       | 1.0762   |           
Seed 6767 | Src Acc: 97.7551 | Src MDE: 0.0251 | Tgt Acc: 31.0204 | Tgt MDE: 0.9610
Start Training Seed 123456...

Start CDAN+E Training... (Entropy Conditioning Enabled)
Epoch  | Total Loss | Tr Cls     | Tr Dom RSSI  | Tr Dom RTT   | Val Cls    | Val RSSI Dls | Val RTT Dls  | Test MDE
------------------------------------------------------------------------------------------------------------------------
1      | 6.2642     | 3.4915     | 1.3863       | 1.3864       | 2.8739     | 1.3856       | 1.3864       | 1.2098   |           
2      | 5.5377     | 2.7649     | 1.3865       | 1.3863       | 2.3177     | 1.3853       | 1.3859       | 1.1569   |           
3      | 5.1028     | 2.3324     | 1.3853       | 1.3851       | 1.8843     | 1.3835       | 1.3833       | 1.0453   |           
4      | 4.7834     | 2.0175     | 1.3830       | 1.3829       | 1.5928     | 1.3796       | 1.3790       | 1.0241   |           
5      | 4.5224     | 1.7640     | 1.3793       | 1.3791       | 1.3082     | 1.3730       | 1.3723       | 0.9268   |           
6      | 4.3042     | 1.5588     | 1.3720       | 1.3734       | 1.1312     | 1.3652       | 1.3633       | 0.9589   |           
7      | 4.1117     | 1.3827     | 1.3634       | 1.3657       | 0.8843     | 1.3489       | 1.3480       | 0.9700   |           
8      | 3.9479     | 1.2385     | 1.3536       | 1.3558       | 0.7890     | 1.3350       | 1.3319       | 0.9888   |           
9      | 3.8674     | 1.1749     | 1.3430       | 1.3495       | 0.6532     | 1.3170       | 1.3146       | 1.0266   |           
10     | 3.6933     | 1.0339     | 1.3262       | 1.3332       | 0.5687     | 1.2963       | 1.2947       | 0.9772   |           
11     | 3.6202     | 0.9825     | 1.3149       | 1.3227       | 0.5263     | 1.2795       | 1.2763       | 0.9455   |           
12     | 3.5031     | 0.9063     | 1.2917       | 1.3051       | 0.4646     | 1.2493       | 1.2491       | 1.0083   | (ADV -0.13)
13     | 3.3920     | 0.8302     | 1.2740       | 1.2878       | 0.4022     | 1.2283       | 1.2297       | 0.9754   | (ADV -0.12)
14     | 3.3545     | 0.8134     | 1.2604       | 1.2807       | 0.3571     | 1.1986       | 1.1991       | 1.0179   | (ADV -0.11)
15     | 3.2612     | 0.7632     | 1.2354       | 1.2625       | 0.3180     | 1.1709       | 1.1763       | 0.9909   | (ADV -0.10)
16     | 3.1757     | 0.7189     | 1.2131       | 1.2437       | 0.3273     | 1.1449       | 1.1543       | 1.0347   |           
17     | 3.1210     | 0.6934     | 1.1981       | 1.2295       | 0.2900     | 1.1174       | 1.1319       | 1.0350   |           
18     | 3.0860     | 0.6887     | 1.1766       | 1.2206       | 0.2791     | 1.0963       | 1.1114       | 1.0127   |           
19     | 3.0316     | 0.6603     | 1.1623       | 1.2090       | 0.2751     | 1.0782       | 1.1034       | 1.0309   |           
20     | 2.9635     | 0.6367     | 1.1370       | 1.1898       | 0.2648     | 1.0390       | 1.0871       | 1.0246   |           
21     | 2.8920     | 0.5927     | 1.1165       | 1.1828       | 0.2330     | 1.0190       | 1.0538       | 1.0448   |           
22     | 2.8557     | 0.5942     | 1.0967       | 1.1648       | 0.2219     | 0.9974       | 1.0368       | 1.0645   |           
23     | 2.8130     | 0.5695     | 1.0832       | 1.1603       | 0.2291     | 0.9739       | 1.0263       | 1.0083   |           
24     | 2.7422     | 0.5334     | 1.0628       | 1.1459       | 0.2107     | 0.9432       | 1.0135       | 1.0143   |           
25     | 2.7153     | 0.5168     | 1.0547       | 1.1438       | 0.2069     | 0.9184       | 0.9966       | 0.9982   |           
26     | 2.7129     | 0.5469     | 1.0326       | 1.1334       | 0.1889     | 0.8917       | 0.9718       | 1.0468   |           
27     | 2.6167     | 0.5031     | 1.0006       | 1.1131       | 0.1935     | 0.8817       | 0.9673       | 1.0593   |           
28     | 2.6768     | 0.5512     | 1.0036       | 1.1219       | 0.1976     | 0.8639       | 0.9546       | 1.0154   |           
29     | 2.6264     | 0.5157     | 0.9908       | 1.1200       | 0.1894     | 0.8436       | 0.9585       | 1.0443   |           
30     | 2.6192     | 0.5277     | 0.9878       | 1.1037       | 0.1883     | 0.8527       | 0.9557       | 1.0684   |           
31     | 2.5177     | 0.4661     | 0.9613       | 1.0902       | 0.1763     | 0.8080       | 0.9187       | 1.0764   |           
32     | 2.5080     | 0.4608     | 0.9621       | 1.0851       | 0.1825     | 0.8257       | 0.9219       | 1.0680   |           
33     | 2.5341     | 0.4808     | 0.9670       | 1.0863       | 0.1689     | 0.8006       | 0.9203       | 1.0373   |           
34     | 2.5021     | 0.4621     | 0.9633       | 1.0767       | 0.1668     | 0.7861       | 0.9112       | 1.0297   |           
35     | 2.4535     | 0.4262     | 0.9486       | 1.0787       | 0.1715     | 0.7962       | 0.8926       | 1.0749   |           
36     | 2.4581     | 0.4338     | 0.9506       | 1.0738       | 0.1546     | 0.7920       | 0.8880       | 1.0689   |           
37     | 2.5498     | 0.4831     | 0.9686       | 1.0981       | 0.1597     | 0.7713       | 0.8978       | 1.0909   |           
38     | 2.5009     | 0.4579     | 0.9582       | 1.0848       | 0.1612     | 0.7644       | 0.8929       | 1.0649   |           
39     | 2.5035     | 0.4416     | 0.9620       | 1.0999       | 0.1605     | 0.7809       | 0.9135       | 1.0105   |           
40     | 2.5138     | 0.4539     | 0.9686       | 1.0913       | 0.1672     | 0.7799       | 0.9091       | 0.9918   |           
41     | 2.5305     | 0.4426     | 0.9865       | 1.1013       | 0.1570     | 0.7823       | 0.9148       | 1.0339   |           
42     | 2.6054     | 0.4928     | 0.9929       | 1.1197       | 0.1577     | 0.7662       | 0.9077       | 0.9956   |           
43     | 2.5224     | 0.4524     | 0.9803       | 1.0897       | 0.1597     | 0.7601       | 0.9019       | 0.9804   |           
44     | 2.4827     | 0.4212     | 0.9677       | 1.0939       | 0.1475     | 0.7597       | 0.9021       | 1.0092   |           
45     | 2.5031     | 0.4337     | 0.9723       | 1.0972       | 0.1426     | 0.7924       | 0.9128       | 1.0007   |           
46     | 2.5258     | 0.4550     | 0.9702       | 1.1006       | 0.1624     | 0.7942       | 0.9251       | 0.9158   |           
47     | 2.5671     | 0.4668     | 0.9859       | 1.1145       | 0.1495     | 0.7815       | 0.9098       | 0.9954   |           
48     | 2.5656     | 0.4710     | 0.9953       | 1.0993       | 0.1506     | 0.7958       | 0.8994       | 0.9586   |           
49     | 2.5414     | 0.4332     | 0.9951       | 1.1131       | 0.1532     | 0.8036       | 0.9252       | 0.9666   |           
50     | 2.5558     | 0.4501     | 1.0015       | 1.1042       | 0.1426     | 0.7885       | 0.9139       | 0.9973   |           
51     | 2.5457     | 0.4291     | 1.0114       | 1.1052       | 0.1646     | 0.8251       | 0.9320       | 0.9509   |           
52     | 2.5955     | 0.4632     | 1.0192       | 1.1131       | 0.1430     | 0.8036       | 0.9277       | 0.9358   |           
53     | 2.5922     | 0.4551     | 1.0135       | 1.1236       | 0.1531     | 0.8150       | 0.9284       | 0.9425   |           
54     | 2.5538     | 0.4322     | 1.0092       | 1.1124       | 0.1487     | 0.8412       | 0.9423       | 0.9275   |           
55     | 2.5995     | 0.4449     | 1.0279       | 1.1267       | 0.1572     | 0.8544       | 0.9561       | 0.9898   |           
56     | 2.6218     | 0.4553     | 1.0300       | 1.1366       | 0.1536     | 0.8479       | 0.9397       | 0.8979   |           
57     | 2.6131     | 0.4610     | 1.0231       | 1.1290       | 0.1448     | 0.8302       | 0.9477       | 0.9250   |           
58     | 2.6331     | 0.4616     | 1.0250       | 1.1466       | 0.1436     | 0.8147       | 0.9727       | 0.9696   |           
59     | 2.6641     | 0.4675     | 1.0493       | 1.1473       | 0.1504     | 0.8561       | 0.9732       | 0.9745   |           
60     | 2.6611     | 0.4486     | 1.0616       | 1.1509       | 0.1642     | 0.8834       | 0.9498       | 0.9935   |           
61     | 2.6932     | 0.4606     | 1.0630       | 1.1696       | 0.1497     | 0.8553       | 0.9642       | 1.0664   |           
62     | 2.6869     | 0.4786     | 1.0472       | 1.1611       | 0.1504     | 0.8540       | 0.9669       | 0.9739   |           
63     | 2.6652     | 0.4431     | 1.0613       | 1.1607       | 0.1577     | 0.8766       | 0.9801       | 1.0265   |           
64     | 2.6679     | 0.4473     | 1.0587       | 1.1618       | 0.1564     | 0.8877       | 0.9815       | 0.9252   |           
65     | 2.7146     | 0.4742     | 1.0718       | 1.1685       | 0.1581     | 0.8783       | 0.9864       | 0.9899   |           
66     | 2.7231     | 0.4569     | 1.0764       | 1.1898       | 0.1628     | 0.8958       | 0.9837       | 1.0200   |           
67     | 2.7519     | 0.4775     | 1.0921       | 1.1823       | 0.1587     | 0.9215       | 0.9963       | 0.9151   |           
68     | 2.7809     | 0.4769     | 1.1070       | 1.1971       | 0.1495     | 0.9234       | 1.0070       | 0.9626   |           
69     | 2.8012     | 0.4878     | 1.1152       | 1.1982       | 0.1520     | 0.9372       | 1.0113       | 1.0279   |           
70     | 2.8047     | 0.4934     | 1.1086       | 1.2027       | 0.1631     | 0.9299       | 1.0315       | 0.9062   |           
71     | 2.7835     | 0.4741     | 1.1032       | 1.2062       | 0.1631     | 0.9315       | 1.0463       | 0.9740   |           
72     | 2.8220     | 0.4900     | 1.1124       | 1.2195       | 0.1486     | 0.9317       | 1.0294       | 0.9775   |           
73     | 2.8225     | 0.4829     | 1.1158       | 1.2238       | 0.1501     | 0.9319       | 1.0899       | 1.0879   |           
74     | 2.8508     | 0.4888     | 1.1330       | 1.2291       | 0.1512     | 0.9520       | 1.0703       | 1.0077   |           
75     | 2.7935     | 0.4766     | 1.1072       | 1.2096       | 0.1441     | 0.9457       | 1.0331       | 0.9704   |           
76     | 2.7765     | 0.4642     | 1.1057       | 1.2066       | 0.1611     | 0.9513       | 1.0691       | 0.9441   |           
77     | 2.7755     | 0.4643     | 1.1064       | 1.2048       | 0.1673     | 0.9713       | 1.0483       | 1.0333   |           
78     | 2.7612     | 0.4500     | 1.1118       | 1.1994       | 0.1465     | 0.9476       | 1.0522       | 1.0293   |           
79     | 2.7860     | 0.4720     | 1.1005       | 1.2135       | 0.1521     | 0.9634       | 1.0655       | 1.0076   |           
80     | 2.8386     | 0.5076     | 1.1138       | 1.2172       | 0.1465     | 0.9413       | 1.0250       | 1.0252   |           
81     | 2.7731     | 0.4674     | 1.1072       | 1.1984       | 0.1602     | 0.9412       | 1.0467       | 1.0661   |           
82     | 2.7647     | 0.4617     | 1.0960       | 1.2070       | 0.1492     | 0.9481       | 1.0413       | 0.9994   |           
83     | 2.7732     | 0.4623     | 1.1003       | 1.2107       | 0.1572     | 0.9288       | 1.0368       | 1.0355   |           
84     | 2.7741     | 0.4508     | 1.1116       | 1.2117       | 0.1509     | 0.9416       | 1.0490       | 1.0076   |           
85     | 2.7779     | 0.4465     | 1.1306       | 1.2008       | 0.1654     | 0.9731       | 1.0653       | 1.1084   |           
86     | 2.7905     | 0.4617     | 1.1267       | 1.2021       | 0.1575     | 0.9143       | 1.0320       | 1.0160   |           
87     | 2.7557     | 0.4398     | 1.1165       | 1.1994       | 0.1660     | 0.9474       | 1.0296       | 0.9931   |           
88     | 2.8140     | 0.4667     | 1.1268       | 1.2204       | 0.1846     | 0.9495       | 1.0341       | 0.9745   |           
89     | 2.7902     | 0.4614     | 1.1236       | 1.2051       | 0.1526     | 0.9460       | 1.0422       | 0.8981   |           
90     | 2.7435     | 0.4413     | 1.1099       | 1.1924       | 0.1469     | 0.9592       | 1.0438       | 0.9373   |           
91     | 2.7782     | 0.4473     | 1.1240       | 1.2069       | 0.1489     | 0.9558       | 1.0268       | 1.0359   |           
92     | 2.7797     | 0.4622     | 1.1145       | 1.2030       | 0.1376     | 0.9456       | 1.0253       | 0.9190   |           
93     | 2.8175     | 0.4685     | 1.1255       | 1.2236       | 0.1529     | 0.9683       | 1.0426       | 0.8781   |           
94     | 2.7920     | 0.4612     | 1.1212       | 1.2096       | 0.1441     | 0.9635       | 1.0599       | 0.9319   |           
95     | 2.7763     | 0.4511     | 1.1095       | 1.2157       | 0.1666     | 0.9654       | 1.0769       | 0.9255   |           
96     | 2.8048     | 0.4706     | 1.1240       | 1.2102       | 0.1439     | 0.9564       | 1.0458       | 0.8175   |           
97     | 2.7945     | 0.4547     | 1.1207       | 1.2191       | 0.1443     | 0.9575       | 1.0441       | 0.8475   |           
98     | 2.7984     | 0.4584     | 1.1288       | 1.2113       | 0.1506     | 0.9791       | 1.0426       | 0.8200   | (ADV -0.10)
99     | 2.8433     | 0.4488     | 1.1625       | 1.2320       | 0.1504     | 1.0085       | 1.0556       | 0.8528   | (ADV -0.09)
100    | 2.8481     | 0.4842     | 1.1427       | 1.2212       | 0.1597     | 0.9864       | 1.0540       | 0.8522   |           
101    | 2.8111     | 0.4593     | 1.1392       | 1.2127       | 0.1573     | 0.9919       | 1.0511       | 0.9153   |           
102    | 2.7833     | 0.4495     | 1.1259       | 1.2078       | 0.1480     | 0.9915       | 1.0650       | 0.8850   |           
103    | 2.7547     | 0.4351     | 1.1111       | 1.2084       | 0.1607     | 0.9835       | 1.0850       | 0.8324   |           
104    | 2.7864     | 0.4646     | 1.1166       | 1.2052       | 0.1627     | 1.0123       | 1.0751       | 0.9486   |           
105    | 2.7950     | 0.4428     | 1.1304       | 1.2218       | 0.1443     | 0.9955       | 1.0688       | 0.9263   |           
106    | 2.8044     | 0.4488     | 1.1442       | 1.2114       | 0.1508     | 1.0086       | 1.0671       | 0.9308   |           
107    | 2.8098     | 0.4676     | 1.1396       | 1.2027       | 0.1695     | 1.0061       | 1.0710       | 0.9323   |           
108    | 2.8009     | 0.4551     | 1.1372       | 1.2086       | 0.1404     | 0.9828       | 1.0687       | 0.9290   |           
109    | 2.7689     | 0.4464     | 1.1194       | 1.2031       | 0.1497     | 0.9923       | 1.0781       | 0.8121   |           
110    | 2.7580     | 0.4357     | 1.1267       | 1.1956       | 0.1491     | 0.9754       | 1.0766       | 0.9090   |           
111    | 2.7436     | 0.4281     | 1.1257       | 1.1898       | 0.1607     | 0.9984       | 1.0537       | 0.9664   |           
112    | 2.7865     | 0.4474     | 1.1389       | 1.2003       | 0.1481     | 0.9939       | 1.0656       | 0.9513   |           
113    | 2.7693     | 0.4347     | 1.1369       | 1.1977       | 0.1456     | 0.9680       | 1.0431       | 0.8493   |           
114    | 2.7940     | 0.4467     | 1.1352       | 1.2122       | 0.1756     | 0.9954       | 1.0641       | 0.8821   |           
115    | 2.7797     | 0.4346     | 1.1461       | 1.1989       | 0.1451     | 0.9961       | 1.0748       | 0.8719   |           
116    | 2.8167     | 0.4594     | 1.1500       | 1.2072       | 0.1364     | 0.9827       | 1.0730       | 0.9413   |           
117    | 2.8179     | 0.4714     | 1.1386       | 1.2079       | 0.1486     | 0.9910       | 1.0690       | 0.9893   |           
118    | 2.7607     | 0.4157     | 1.1531       | 1.1919       | 0.1494     | 0.9889       | 1.0540       | 0.9722   |           
119    | 2.8980     | 0.4959     | 1.1861       | 1.2160       | 0.1444     | 1.0351       | 1.0551       | 0.9181   | (ADV -0.08)
120    | 2.7943     | 0.4320     | 1.1674       | 1.1949       | 0.1622     | 1.0170       | 1.0717       | 0.9354   |           
121    | 2.8340     | 0.4523     | 1.1623       | 1.2194       | 0.1507     | 1.0036       | 1.0759       | 0.9243   |           
122    | 2.7880     | 0.4280     | 1.1526       | 1.2074       | 0.1464     | 0.9915       | 1.0548       | 0.9372   |           
123    | 2.7816     | 0.4257     | 1.1492       | 1.2068       | 0.1725     | 1.0079       | 1.0640       | 0.9195   |           
124    | 2.8708     | 0.4823     | 1.1691       | 1.2194       | 0.1475     | 0.9988       | 1.0891       | 0.9784   |           
125    | 2.7756     | 0.4167     | 1.1431       | 1.2159       | 0.1551     | 0.9946       | 1.0787       | 0.9306   |           
126    | 2.8150     | 0.4464     | 1.1608       | 1.2078       | 0.1491     | 1.0064       | 1.0725       | 1.0227   |           
127    | 2.8322     | 0.4462     | 1.1736       | 1.2124       | 0.1484     | 1.0073       | 1.0595       | 0.9814   |           
128    | 2.8029     | 0.4349     | 1.1635       | 1.2046       | 0.1539     | 0.9961       | 1.0672       | 0.9365   |           
129    | 2.8216     | 0.4469     | 1.1600       | 1.2148       | 0.1419     | 1.0141       | 1.0842       | 1.0259   |           
130    | 2.8320     | 0.4576     | 1.1636       | 1.2109       | 0.1495     | 1.0406       | 1.1048       | 0.9720   |           
131    | 2.8000     | 0.4162     | 1.1706       | 1.2133       | 0.1779     | 1.0411       | 1.0894       | 1.0043   |           
132    | 2.8678     | 0.4513     | 1.1945       | 1.2219       | 0.1521     | 1.0571       | 1.0858       | 0.8884   | (ADV -0.08)
133    | 2.8651     | 0.4604     | 1.1829       | 1.2218       | 0.1494     | 1.0259       | 1.0717       | 0.8631   |           
134    | 2.8497     | 0.4491     | 1.1822       | 1.2184       | 0.1567     | 1.0321       | 1.0931       | 0.9489   |           
135    | 2.8596     | 0.4579     | 1.1738       | 1.2278       | 0.1442     | 1.0285       | 1.0828       | 0.8871   |           
136    | 2.8272     | 0.4416     | 1.1622       | 1.2235       | 0.1439     | 1.0232       | 1.0794       | 0.9376   |           
137    | 2.8418     | 0.4432     | 1.1688       | 1.2298       | 0.1468     | 1.0238       | 1.0837       | 0.9198   |           
138    | 2.8115     | 0.4084     | 1.1643       | 1.2388       | 0.1405     | 1.0298       | 1.1027       | 0.9080   |           
139    | 2.8355     | 0.4490     | 1.1604       | 1.2262       | 0.1441     | 1.0307       | 1.0857       | 0.9251   |           
140    | 2.8321     | 0.4365     | 1.1735       | 1.2220       | 0.1460     | 1.0638       | 1.0976       | 0.9014   | (ADV -0.08)
141    | 2.8561     | 0.4576     | 1.1704       | 1.2281       | 0.1403     | 1.0403       | 1.0899       | 0.9641   |           
142    | 2.8021     | 0.4118     | 1.1654       | 1.2249       | 0.1266     | 1.0357       | 1.0907       | 0.8705   |           
143    | 2.8061     | 0.4066     | 1.1691       | 1.2305       | 0.1436     | 1.0230       | 1.0989       | 0.9973   |           
144    | 2.9045     | 0.4650     | 1.2024       | 1.2372       | 0.1371     | 1.0431       | 1.1124       | 1.0370   |           
145    | 2.8244     | 0.4176     | 1.1816       | 1.2251       | 0.1598     | 1.0643       | 1.1254       | 0.9401   |           
146    | 2.8961     | 0.4584     | 1.1789       | 1.2588       | 0.1562     | 1.0613       | 1.1335       | 0.8942   |           
147    | 2.9078     | 0.4506     | 1.1949       | 1.2622       | 0.1370     | 1.0457       | 1.1435       | 0.8802   |           
148    | 2.8344     | 0.4053     | 1.1808       | 1.2483       | 0.1396     | 1.0661       | 1.1190       | 0.9505   |           
149    | 2.8660     | 0.4463     | 1.1823       | 1.2374       | 0.1537     | 1.0701       | 1.1482       | 0.8911   |           
150    | 2.8895     | 0.4432     | 1.1884       | 1.2578       | 0.1268     | 1.0605       | 1.1262       | 0.9422   |           
151    | 2.8667     | 0.4314     | 1.1896       | 1.2457       | 0.1532     | 1.0865       | 1.1421       | 0.8530   |           
152    | 2.8331     | 0.4124     | 1.1818       | 1.2388       | 0.1279     | 1.0643       | 1.1106       | 0.9005   | (ADV -0.07)
153    | 2.8401     | 0.4184     | 1.1847       | 1.2370       | 0.1343     | 1.0734       | 1.1427       | 0.8812   |           
154    | 2.8526     | 0.4213     | 1.1935       | 1.2378       | 0.1328     | 1.0824       | 1.1316       | 0.9140   | (ADV -0.07)
155    | 2.9200     | 0.4737     | 1.2039       | 1.2424       | 0.1275     | 1.0862       | 1.1135       | 0.9702   | (ADV -0.07)
156    | 2.8602     | 0.4134     | 1.1984       | 1.2483       | 0.1381     | 1.0780       | 1.1373       | 0.9752   |           
157    | 2.8987     | 0.4518     | 1.2018       | 1.2451       | 0.1283     | 1.0599       | 1.1395       | 0.9970   |           
158    | 2.8610     | 0.4387     | 1.1812       | 1.2410       | 0.1310     | 1.0629       | 1.1271       | 0.9330   |           
159    | 2.8794     | 0.4406     | 1.1911       | 1.2477       | 0.1340     | 1.0719       | 1.1443       | 0.9411   |           
160    | 2.8570     | 0.4100     | 1.1903       | 1.2567       | 0.1360     | 1.0915       | 1.1582       | 0.9535   |           
161    | 2.8685     | 0.4095     | 1.1996       | 1.2594       | 0.1333     | 1.1075       | 1.1474       | 1.0996   |           
162    | 2.8441     | 0.3941     | 1.1986       | 1.2514       | 0.1517     | 1.1050       | 1.1519       | 0.9661   |           
163    | 2.8817     | 0.4139     | 1.2086       | 1.2593       | 0.1258     | 1.1008       | 1.1454       | 0.9746   |           
164    | 2.8429     | 0.3888     | 1.2021       | 1.2520       | 0.1353     | 1.1100       | 1.1335       | 0.9653   | (ADV -0.06)
165    | 2.8645     | 0.4032     | 1.2090       | 1.2524       | 0.1545     | 1.1212       | 1.1574       | 0.9374   |           
166    | 2.9008     | 0.4355     | 1.2030       | 1.2622       | 0.1359     | 1.1169       | 1.1558       | 1.0039   |           
167    | 2.8673     | 0.4057     | 1.2097       | 1.2518       | 0.1289     | 1.1279       | 1.1707       | 0.9343   | (ADV -0.06)
168    | 2.8576     | 0.3790     | 1.2195       | 1.2592       | 0.1263     | 1.1325       | 1.1838       | 0.9982   | (ADV -0.06)
169    | 2.9035     | 0.4202     | 1.2150       | 1.2682       | 0.1522     | 1.1445       | 1.1765       | 0.9366   |           
170    | 2.9222     | 0.4300     | 1.2221       | 1.2700       | 0.1310     | 1.1112       | 1.1675       | 0.9596   |           
171    | 2.8755     | 0.3987     | 1.2193       | 1.2574       | 0.1320     | 1.1103       | 1.1666       | 0.9540   |           
172    | 2.8634     | 0.3973     | 1.2059       | 1.2601       | 0.1426     | 1.1230       | 1.1780       | 1.0555   |           
173    | 2.8639     | 0.3976     | 1.2047       | 1.2616       | 0.1363     | 1.1134       | 1.1950       | 0.9662   |           
174    | 2.8499     | 0.3756     | 1.2112       | 1.2631       | 0.1474     | 1.1145       | 1.1872       | 0.9712   |           
175    | 2.8854     | 0.4020     | 1.2065       | 1.2770       | 0.1314     | 1.1160       | 1.1931       | 0.9834   |           
176    | 2.9210     | 0.4301     | 1.2161       | 1.2748       | 0.1301     | 1.1087       | 1.2005       | 0.9636   |           
177    | 2.9283     | 0.4276     | 1.2170       | 1.2837       | 0.1389     | 1.1092       | 1.1964       | 0.9163   |           
178    | 2.8804     | 0.3938     | 1.2224       | 1.2642       | 0.1407     | 1.1417       | 1.2019       | 0.8882   |           
179    | 2.8947     | 0.3891     | 1.2217       | 1.2839       | 0.1331     | 1.1333       | 1.2122       | 0.9245   |           
180    | 2.8655     | 0.3876     | 1.2077       | 1.2701       | 0.1401     | 1.1273       | 1.1931       | 0.9284   |           
181    | 2.8983     | 0.3958     | 1.2192       | 1.2832       | 0.1323     | 1.1218       | 1.1942       | 0.9026   |           
182    | 2.9093     | 0.4060     | 1.2206       | 1.2827       | 0.1277     | 1.1306       | 1.1996       | 0.9074   |           
183    | 2.8978     | 0.4048     | 1.2169       | 1.2761       | 0.1457     | 1.1316       | 1.2192       | 0.8934   |           
184    | 2.8941     | 0.3997     | 1.2159       | 1.2785       | 0.1654     | 1.1407       | 1.2072       | 0.9816   |           
185    | 2.9159     | 0.4177     | 1.2209       | 1.2774       | 0.1536     | 1.1206       | 1.1975       | 0.9408   |           
186    | 2.9101     | 0.4094     | 1.2223       | 1.2784       | 0.1352     | 1.1170       | 1.2054       | 0.9357   |           
187    | 2.8701     | 0.3804     | 1.2093       | 1.2804       | 0.1320     | 1.1180       | 1.2144       | 1.0197   |           
188    | 2.8543     | 0.3655     | 1.2068       | 1.2821       | 0.1398     | 1.1171       | 1.2078       | 1.0385   |           
189    | 2.8819     | 0.3888     | 1.2124       | 1.2806       | 0.1280     | 1.1234       | 1.2107       | 0.9901   |           
190    | 2.8810     | 0.3870     | 1.2114       | 1.2826       | 0.1372     | 1.1268       | 1.2165       | 0.9458   |           
191    | 2.8724     | 0.3609     | 1.2237       | 1.2878       | 0.1352     | 1.1313       | 1.2080       | 0.9456   |           
192    | 2.9033     | 0.3985     | 1.2151       | 1.2897       | 0.1450     | 1.1226       | 1.2206       | 0.9130   |           
193    | 2.8907     | 0.3779     | 1.2286       | 1.2842       | 0.1536     | 1.1386       | 1.2227       | 0.9404   |           
194    | 2.8827     | 0.3697     | 1.2322       | 1.2807       | 0.1352     | 1.1456       | 1.2331       | 0.8852   |           
195    | 2.9319     | 0.4002     | 1.2405       | 1.2912       | 0.1761     | 1.1738       | 1.2204       | 0.8314   |           
196    | 2.9358     | 0.4040     | 1.2415       | 1.2904       | 0.1363     | 1.1808       | 1.2329       | 0.8815   | (ADV -0.06)
197    | 2.8996     | 0.3823     | 1.2348       | 1.2825       | 0.1345     | 1.1693       | 1.2354       | 0.8872   |           
198    | 2.8627     | 0.3358     | 1.2374       | 1.2896       | 0.1423     | 1.1833       | 1.2297       | 0.9646   |           
199    | 2.9477     | 0.4022     | 1.2530       | 1.2925       | 0.1280     | 1.1808       | 1.2282       | 0.8376   | (ADV -0.05)
200    | 2.9339     | 0.3958     | 1.2511       | 1.2871       | 0.1456     | 1.1827       | 1.2243       | 0.8444   |           
201    | 2.9343     | 0.4039     | 1.2447       | 1.2857       | 0.1342     | 1.1866       | 1.2227       | 0.8845   | (ADV -0.05)
202    | 2.9136     | 0.3764     | 1.2530       | 1.2842       | 0.1196     | 1.1840       | 1.2237       | 0.9086   | (ADV -0.05)
203    | 2.8830     | 0.3471     | 1.2492       | 1.2868       | 0.1379     | 1.1796       | 1.2389       | 0.8757   |           
204    | 2.9025     | 0.3647     | 1.2438       | 1.2941       | 0.1366     | 1.1783       | 1.2422       | 0.9032   |           
205    | 2.9348     | 0.3837     | 1.2542       | 1.2969       | 0.1642     | 1.2004       | 1.2378       | 0.8585   |           
206    | 2.9319     | 0.3811     | 1.2553       | 1.2955       | 0.1492     | 1.1885       | 1.2377       | 0.8465   |           
207    | 2.9255     | 0.3797     | 1.2514       | 1.2944       | 0.1382     | 1.1842       | 1.2473       | 0.8253   |           
208    | 2.8821     | 0.3506     | 1.2389       | 1.2926       | 0.1456     | 1.2020       | 1.2447       | 0.8416   |           
209    | 2.8894     | 0.3513     | 1.2439       | 1.2942       | 0.1444     | 1.1853       | 1.2491       | 0.8976   |           
210    | 2.9251     | 0.3734     | 1.2559       | 1.2958       | 0.1413     | 1.1929       | 1.2502       | 0.8439   |           
211    | 2.9453     | 0.3710     | 1.2658       | 1.3086       | 0.1304     | 1.2154       | 1.2589       | 0.9113   | (ADV -0.04)
212    | 2.9563     | 0.3873     | 1.2651       | 1.3039       | 0.1386     | 1.1879       | 1.2554       | 0.8850   |           
213    | 2.9459     | 0.3790     | 1.2698       | 1.2971       | 0.1495     | 1.1981       | 1.2353       | 0.8785   |           
214    | 2.8978     | 0.3414     | 1.2647       | 1.2917       | 0.1522     | 1.1975       | 1.2449       | 0.8899   |           
215    | 2.8988     | 0.3391     | 1.2636       | 1.2961       | 0.1469     | 1.2076       | 1.2533       | 0.9645   |           
216    | 2.9173     | 0.3550     | 1.2675       | 1.2948       | 0.1329     | 1.2081       | 1.2609       | 0.9275   |           
217    | 2.9086     | 0.3382     | 1.2690       | 1.3013       | 0.1240     | 1.2118       | 1.2585       | 0.9310   | (ADV -0.04)
218    | 2.9771     | 0.3852     | 1.2809       | 1.3109       | 0.1253     | 1.2143       | 1.2559       | 0.9098   | (ADV -0.04)
219    | 2.9025     | 0.3268     | 1.2777       | 1.2980       | 0.1319     | 1.2223       | 1.2549       | 0.8645   | (ADV -0.04)
220    | 2.9640     | 0.3810     | 1.2752       | 1.3078       | 0.1393     | 1.2287       | 1.2565       | 0.8611   | (ADV -0.04)
221    | 2.9639     | 0.3705     | 1.2798       | 1.3136       | 0.1211     | 1.2211       | 1.2613       | 0.9379   | (ADV -0.04)
222    | 2.9458     | 0.3581     | 1.2755       | 1.3122       | 0.1361     | 1.2330       | 1.2591       | 0.9050   | (ADV -0.04)
223    | 2.9256     | 0.3401     | 1.2749       | 1.3106       | 0.1321     | 1.2160       | 1.2596       | 0.8535   |           
224    | 2.9275     | 0.3389     | 1.2782       | 1.3104       | 0.1199     | 1.2074       | 1.2601       | 0.8449   |           
225    | 2.9321     | 0.3455     | 1.2728       | 1.3139       | 0.1178     | 1.2144       | 1.2612       | 0.8269   |           
226    | 2.8872     | 0.3039     | 1.2777       | 1.3056       | 0.1380     | 1.2220       | 1.2611       | 0.8307   |           
227    | 2.9251     | 0.3369     | 1.2804       | 1.3077       | 0.1278     | 1.2250       | 1.2734       | 0.9355   |           
228    | 2.9005     | 0.3154     | 1.2751       | 1.3100       | 0.1159     | 1.2033       | 1.2567       | 0.9015   |           
229    | 2.9101     | 0.3392     | 1.2668       | 1.3041       | 0.1321     | 1.2164       | 1.2576       | 0.9032   |           
230    | 2.9023     | 0.3233     | 1.2693       | 1.3097       | 0.1193     | 1.2240       | 1.2617       | 0.9391   | (ADV -0.04)
231    | 2.9049     | 0.3286     | 1.2721       | 1.3042       | 0.1353     | 1.2123       | 1.2617       | 0.9133   |           
232    | 2.9432     | 0.3560     | 1.2793       | 1.3079       | 0.1447     | 1.2260       | 1.2633       | 0.8967   |           
233    | 2.9333     | 0.3410     | 1.2803       | 1.3120       | 0.1315     | 1.2157       | 1.2614       | 0.9523   |           
234    | 2.9418     | 0.3572     | 1.2791       | 1.3055       | 0.1279     | 1.2237       | 1.2716       | 0.9609   |           
235    | 2.9237     | 0.3327     | 1.2793       | 1.3117       | 0.1270     | 1.2207       | 1.2661       | 0.8845   |           
236    | 2.9248     | 0.3278     | 1.2818       | 1.3151       | 0.1220     | 1.2184       | 1.2621       | 0.9306   |           
237    | 2.9305     | 0.3407     | 1.2791       | 1.3108       | 0.1335     | 1.2277       | 1.2878       | 0.9022   |           
238    | 2.9095     | 0.3244     | 1.2712       | 1.3139       | 0.1237     | 1.2247       | 1.2759       | 0.8888   |           
239    | 2.9155     | 0.3220     | 1.2759       | 1.3177       | 0.1206     | 1.2226       | 1.2846       | 0.8933   |           
240    | 2.9093     | 0.3141     | 1.2746       | 1.3207       | 0.1282     | 1.2242       | 1.2822       | 0.8397   |           
241    | 2.9531     | 0.3475     | 1.2881       | 1.3174       | 0.1314     | 1.2337       | 1.2880       | 0.8611   |           
242    | 2.9571     | 0.3550     | 1.2756       | 1.3265       | 0.1155     | 1.2224       | 1.2923       | 0.8934   |           
243    | 2.9132     | 0.3200     | 1.2718       | 1.3214       | 0.1210     | 1.2299       | 1.2988       | 0.8659   |           
244    | 2.9187     | 0.3152     | 1.2799       | 1.3236       | 0.1300     | 1.2278       | 1.2948       | 0.8649   |           
245    | 2.8982     | 0.2891     | 1.2811       | 1.3281       | 0.1267     | 1.2406       | 1.3005       | 0.8015   |           
246    | 2.9874     | 0.3730     | 1.2885       | 1.3260       | 0.1376     | 1.2290       | 1.3011       | 0.9010   |           
247    | 2.9518     | 0.3475     | 1.2783       | 1.3260       | 0.1406     | 1.2284       | 1.2940       | 0.7985   |           
248    | 2.9237     | 0.3099     | 1.2852       | 1.3287       | 0.1349     | 1.2188       | 1.3019       | 0.9719   |           
249    | 2.9492     | 0.3368     | 1.2800       | 1.3324       | 0.1404     | 1.2196       | 1.3042       | 0.8831   |           
250    | 2.9771     | 0.3611     | 1.2814       | 1.3346       | 0.1218     | 1.2327       | 1.3079       | 0.8578   |           
251    | 2.9216     | 0.3066     | 1.2820       | 1.3330       | 0.1274     | 1.2302       | 1.3043       | 0.7493   |           
252    | 2.9333     | 0.3100     | 1.2824       | 1.3410       | 0.1389     | 1.2417       | 1.3127       | 0.8201   |           
253    | 2.9326     | 0.3077     | 1.2894       | 1.3356       | 0.1244     | 1.2234       | 1.3117       | 0.8283   |           
254    | 2.9302     | 0.3010     | 1.2876       | 1.3416       | 0.1342     | 1.2325       | 1.3057       | 0.8159   |           
255    | 2.9636     | 0.3383     | 1.2874       | 1.3380       | 0.1339     | 1.2483       | 1.3144       | 0.8560   |           
256    | 2.9670     | 0.3333     | 1.2969       | 1.3368       | 0.1435     | 1.2489       | 1.3054       | 0.8315   |           
257    | 2.9417     | 0.3200     | 1.2893       | 1.3323       | 0.1374     | 1.2351       | 1.3115       | 0.9172   |           
258    | 2.9338     | 0.3105     | 1.2896       | 1.3338       | 0.1255     | 1.2339       | 1.3024       | 0.9248   |           
259    | 2.9225     | 0.3023     | 1.2899       | 1.3303       | 0.1299     | 1.2483       | 1.3061       | 0.8773   |           
260    | 2.9448     | 0.3247     | 1.2887       | 1.3314       | 0.1369     | 1.2365       | 1.3063       | 0.9066   |           
261    | 2.9384     | 0.3105     | 1.2941       | 1.3339       | 0.1384     | 1.2385       | 1.3143       | 0.8504   |           
262    | 2.9411     | 0.3140     | 1.2928       | 1.3343       | 0.1438     | 1.2512       | 1.3098       | 0.9575   |           
263    | 2.9606     | 0.3238     | 1.2980       | 1.3387       | 0.1193     | 1.2404       | 1.3243       | 0.8864   |           
264    | 2.9484     | 0.3157     | 1.2953       | 1.3375       | 0.1327     | 1.2524       | 1.3189       | 0.8852   |           
265    | 2.9838     | 0.3477     | 1.2961       | 1.3400       | 0.1204     | 1.2483       | 1.3185       | 0.8578   |           
266    | 2.9256     | 0.2954     | 1.2908       | 1.3394       | 0.1324     | 1.2591       | 1.3205       | 0.8902   |           
267    | 2.9171     | 0.2915     | 1.2897       | 1.3359       | 0.1244     | 1.2528       | 1.3195       | 0.8860   |           
268    | 2.9645     | 0.3272     | 1.2982       | 1.3391       | 0.1317     | 1.2624       | 1.3210       | 0.9650   |           
269    | 2.9243     | 0.2980     | 1.2920       | 1.3343       | 0.1146     | 1.2541       | 1.3111       | 0.8824   | (ADV -0.03)
270    | 2.9341     | 0.2997     | 1.2978       | 1.3366       | 0.1141     | 1.2584       | 1.3124       | 0.8751   | (ADV -0.03)
271    | 2.9287     | 0.2978     | 1.2971       | 1.3338       | 0.1328     | 1.2693       | 1.3133       | 0.9200   |           
272    | 2.9335     | 0.3016     | 1.2973       | 1.3345       | 0.1198     | 1.2677       | 1.3154       | 0.8766   | (ADV -0.03)
273    | 2.9576     | 0.3251     | 1.2953       | 1.3372       | 0.1245     | 1.2454       | 1.3132       | 0.9026   |           
274    | 2.9236     | 0.2932     | 1.2967       | 1.3337       | 0.1205     | 1.2631       | 1.3166       | 0.9232   |           
275    | 2.9579     | 0.3224     | 1.2989       | 1.3366       | 0.1282     | 1.2577       | 1.3136       | 0.9032   |           
276    | 2.9130     | 0.2848     | 1.2968       | 1.3314       | 0.1455     | 1.2690       | 1.3109       | 0.8510   |           
277    | 2.9204     | 0.2907     | 1.2979       | 1.3318       | 0.1372     | 1.2697       | 1.3132       | 0.8591   |           
278    | 2.9665     | 0.3319     | 1.2997       | 1.3349       | 0.1203     | 1.2604       | 1.3122       | 0.8540   |           
279    | 2.9006     | 0.2745     | 1.2926       | 1.3335       | 0.1268     | 1.2547       | 1.3141       | 0.8458   |           
280    | 2.9078     | 0.2707     | 1.3006       | 1.3364       | 0.1234     | 1.2619       | 1.3183       | 0.7818   |           
281    | 2.9311     | 0.2959     | 1.2997       | 1.3355       | 0.1406     | 1.2626       | 1.3120       | 0.7814   |           
282    | 2.9215     | 0.2867     | 1.3028       | 1.3320       | 0.1371     | 1.2562       | 1.3175       | 0.8807   |           
283    | 2.9127     | 0.2820     | 1.3003       | 1.3303       | 0.1217     | 1.2739       | 1.3125       | 0.8625   | (ADV -0.03)
284    | 2.9496     | 0.3122     | 1.3027       | 1.3347       | 0.1308     | 1.2651       | 1.3090       | 0.8727   |           
285    | 2.9205     | 0.2876     | 1.3013       | 1.3316       | 0.1258     | 1.2568       | 1.3140       | 0.9400   |           
286    | 2.9289     | 0.2955     | 1.3032       | 1.3302       | 0.1171     | 1.2652       | 1.3142       | 0.8243   |           
287    | 2.9161     | 0.2818     | 1.3032       | 1.3310       | 0.1264     | 1.2683       | 1.3175       | 0.8387   |           
288    | 2.8955     | 0.2576     | 1.3045       | 1.3334       | 0.1196     | 1.2639       | 1.3173       | 0.8877   |           
289    | 2.9582     | 0.3215     | 1.3035       | 1.3332       | 0.1428     | 1.2733       | 1.3189       | 0.8669   |           
290    | 2.9663     | 0.3264     | 1.3019       | 1.3381       | 0.1320     | 1.2539       | 1.3168       | 0.8898   |           
291    | 2.9481     | 0.3149     | 1.2974       | 1.3358       | 0.1285     | 1.2562       | 1.3253       | 0.9447   |           
292    | 2.9045     | 0.2698     | 1.2966       | 1.3381       | 0.1279     | 1.2554       | 1.3262       | 0.9603   |           
293    | 2.9272     | 0.2887     | 1.2999       | 1.3387       | 0.1253     | 1.2623       | 1.3246       | 0.9614   |           
294    | 2.9063     | 0.2712     | 1.2989       | 1.3361       | 0.1321     | 1.2704       | 1.3273       | 0.8961   |           
295    | 2.9412     | 0.2984     | 1.3059       | 1.3369       | 0.1406     | 1.2723       | 1.3319       | 0.9187   |           
296    | 2.9391     | 0.2948     | 1.3059       | 1.3383       | 0.1199     | 1.2720       | 1.3241       | 0.9080   |           
297    | 2.9351     | 0.2846     | 1.3137       | 1.3368       | 0.1301     | 1.2763       | 1.3267       | 0.8935   |           
298    | 2.9350     | 0.2883     | 1.3076       | 1.3391       | 0.1129     | 1.2711       | 1.3229       | 0.9030   |           
299    | 2.9360     | 0.2907     | 1.3076       | 1.3377       | 0.1071     | 1.2747       | 1.3271       | 0.9121   | (ADV -0.03)
300    | 2.9160     | 0.2690     | 1.3079       | 1.3391       | 0.1258     | 1.2792       | 1.3263       | 0.9063   |           
301    | 2.9425     | 0.2931     | 1.3105       | 1.3389       | 0.0988     | 1.2694       | 1.3301       | 0.9314   |           
302    | 2.9426     | 0.2844     | 1.3152       | 1.3430       | 0.1226     | 1.2828       | 1.3244       | 0.9010   |           
303    | 2.9262     | 0.2804     | 1.3090       | 1.3367       | 0.1165     | 1.2756       | 1.3305       | 0.8586   |           
304    | 2.8970     | 0.2495     | 1.3096       | 1.3379       | 0.1191     | 1.2769       | 1.3325       | 0.9096   |           
305    | 2.9369     | 0.2864     | 1.3106       | 1.3399       | 0.1283     | 1.2757       | 1.3336       | 0.8761   |           
306    | 2.9527     | 0.3009     | 1.3124       | 1.3394       | 0.1118     | 1.2609       | 1.3301       | 0.9633   |           
307    | 2.9100     | 0.2518     | 1.3143       | 1.3439       | 0.1251     | 1.2816       | 1.3386       | 0.9447   |           
308    | 2.9651     | 0.3067     | 1.3133       | 1.3451       | 0.1252     | 1.2636       | 1.3309       | 0.9766   |           
309    | 2.9447     | 0.2914     | 1.3122       | 1.3412       | 0.1312     | 1.2782       | 1.3280       | 0.9430   |           
310    | 2.9529     | 0.2921     | 1.3180       | 1.3427       | 0.1167     | 1.2755       | 1.3325       | 1.0652   |           
311    | 2.9557     | 0.3087     | 1.3056       | 1.3414       | 0.1209     | 1.2753       | 1.3294       | 0.9554   |           
312    | 2.9328     | 0.2802     | 1.3091       | 1.3436       | 0.1252     | 1.2811       | 1.3349       | 1.0012   |           
313    | 2.9436     | 0.2947     | 1.3089       | 1.3400       | 0.1114     | 1.2742       | 1.3241       | 1.0291   |           
314    | 2.9496     | 0.2868     | 1.3190       | 1.3437       | 0.1346     | 1.2750       | 1.3274       | 0.9633   |           
315    | 2.9285     | 0.2739     | 1.3137       | 1.3409       | 0.1414     | 1.2779       | 1.3349       | 0.9854   |           
316    | 2.9704     | 0.3110     | 1.3150       | 1.3444       | 0.1283     | 1.2756       | 1.3278       | 0.9419   |           
317    | 2.9521     | 0.2978     | 1.3120       | 1.3422       | 0.1250     | 1.2709       | 1.3285       | 0.9809   |           
318    | 2.9211     | 0.2691     | 1.3089       | 1.3431       | 0.1077     | 1.2812       | 1.3306       | 0.9419   | (ADV -0.03)
319    | 2.9291     | 0.2739     | 1.3134       | 1.3418       | 0.1272     | 1.2800       | 1.3267       | 0.9450   |           
320    | 2.9609     | 0.3020     | 1.3141       | 1.3448       | 0.1333     | 1.2724       | 1.3309       | 0.8948   |           
321    | 2.9353     | 0.2845     | 1.3111       | 1.3397       | 0.1151     | 1.2803       | 1.3332       | 1.0890   |           
322    | 2.9176     | 0.2623     | 1.3133       | 1.3419       | 0.1123     | 1.2783       | 1.3275       | 0.9430   |           
323    | 2.9303     | 0.2735     | 1.3177       | 1.3391       | 0.1068     | 1.2794       | 1.3317       | 1.0351   |           
324    | 2.9247     | 0.2665     | 1.3147       | 1.3435       | 0.1191     | 1.2731       | 1.3274       | 0.9459   |           
325    | 2.9284     | 0.2756     | 1.3107       | 1.3421       | 0.1617     | 1.2791       | 1.3240       | 0.9775   |           
326    | 2.9349     | 0.2809     | 1.3149       | 1.3391       | 0.1157     | 1.2723       | 1.3183       | 0.8773   |           
327    | 2.9239     | 0.2746     | 1.3088       | 1.3405       | 0.1154     | 1.2738       | 1.3207       | 0.9886   |           
328    | 2.9353     | 0.2820     | 1.3102       | 1.3431       | 0.1062     | 1.2799       | 1.3228       | 1.0028   | (ADV -0.02)
329    | 2.9289     | 0.2749     | 1.3152       | 1.3388       | 0.1123     | 1.2767       | 1.3252       | 0.9741   |           
330    | 2.9064     | 0.2596     | 1.3093       | 1.3376       | 0.1153     | 1.2858       | 1.3250       | 0.9714   |           
331    | 2.9254     | 0.2710     | 1.3145       | 1.3399       | 0.1161     | 1.2737       | 1.3189       | 0.9433   |           
332    | 2.9285     | 0.2791     | 1.3133       | 1.3361       | 0.1189     | 1.2816       | 1.3196       | 1.0150   |           
333    | 2.9138     | 0.2542     | 1.3197       | 1.3399       | 0.1276     | 1.2907       | 1.3271       | 0.9889   |           
334    | 2.9208     | 0.2633     | 1.3191       | 1.3384       | 0.1127     | 1.2810       | 1.3215       | 1.0146   |           
335    | 2.9311     | 0.2744     | 1.3193       | 1.3374       | 0.1184     | 1.2816       | 1.3218       | 0.9973   |           
336    | 2.9338     | 0.2801     | 1.3151       | 1.3385       | 0.1422     | 1.2869       | 1.3228       | 0.9410   |           
337    | 2.9121     | 0.2507     | 1.3202       | 1.3412       | 0.1162     | 1.2873       | 1.3223       | 0.9519   | (ADV -0.02)
338    | 2.8994     | 0.2368     | 1.3214       | 1.3412       | 0.1300     | 1.2880       | 1.3251       | 1.0338   |           
339    | 2.9061     | 0.2480     | 1.3172       | 1.3408       | 0.1194     | 1.2868       | 1.3161       | 0.9973   | (ADV -0.02)
340    | 2.9160     | 0.2609     | 1.3173       | 1.3379       | 0.1147     | 1.2870       | 1.3226       | 0.9762   | (ADV -0.02)
341    | 2.9331     | 0.2757     | 1.3170       | 1.3404       | 0.1360     | 1.2912       | 1.3244       | 0.9740   |           
342    | 2.9335     | 0.2765     | 1.3163       | 1.3407       | 0.1212     | 1.2857       | 1.3204       | 0.9982   |           
343    | 2.9046     | 0.2487     | 1.3149       | 1.3411       | 0.1117     | 1.2943       | 1.3303       | 1.1122   | (ADV -0.02)
344    | 2.9200     | 0.2519     | 1.3246       | 1.3435       | 0.1206     | 1.3033       | 1.3291       | 1.0577   | (ADV -0.02)
345    | 2.9730     | 0.3038     | 1.3203       | 1.3488       | 0.1122     | 1.2866       | 1.3291       | 1.0686   |           
346    | 2.9364     | 0.2727     | 1.3221       | 1.3416       | 0.1002     | 1.2992       | 1.3253       | 0.9652   | (ADV -0.02)
347    | 2.9488     | 0.2798     | 1.3267       | 1.3424       | 0.1050     | 1.2970       | 1.3227       | 1.0062   |           
348    | 2.9366     | 0.2672     | 1.3251       | 1.3443       | 0.1220     | 1.2893       | 1.3206       | 0.9706   |           
349    | 2.9268     | 0.2585     | 1.3235       | 1.3448       | 0.0993     | 1.2956       | 1.3240       | 1.0442   |           
350    | 2.9388     | 0.2737     | 1.3194       | 1.3457       | 0.1317     | 1.2895       | 1.3203       | 0.9105   |           
351    | 2.8984     | 0.2381     | 1.3155       | 1.3448       | 0.1116     | 1.2949       | 1.3290       | 0.9720   |           
352    | 2.9645     | 0.2881     | 1.3229       | 1.3536       | 0.1276     | 1.2935       | 1.3322       | 0.9953   |           
353    | 2.9208     | 0.2533     | 1.3203       | 1.3471       | 0.1278     | 1.2882       | 1.3307       | 0.8979   |           
354    | 2.9148     | 0.2469     | 1.3212       | 1.3467       | 0.1160     | 1.2902       | 1.3342       | 0.9704   |           
355    | 2.9483     | 0.2806     | 1.3183       | 1.3494       | 0.1428     | 1.2929       | 1.3281       | 0.9475   |           
356    | 2.9289     | 0.2675     | 1.3162       | 1.3452       | 0.1165     | 1.2928       | 1.3298       | 0.9064   |           
357    | 2.9524     | 0.2885     | 1.3175       | 1.3464       | 0.1098     | 1.2957       | 1.3301       | 1.0035   |           
358    | 2.9124     | 0.2500     | 1.3179       | 1.3444       | 0.1167     | 1.2924       | 1.3258       | 0.9127   |           
359    | 2.9053     | 0.2437     | 1.3164       | 1.3453       | 0.0951     | 1.2969       | 1.3320       | 0.9240   |           
360    | 2.9380     | 0.2720     | 1.3201       | 1.3459       | 0.1234     | 1.2979       | 1.3269       | 0.9594   |           
361    | 2.9238     | 0.2605     | 1.3178       | 1.3455       | 0.1065     | 1.2971       | 1.3333       | 1.0019   |           
362    | 2.9277     | 0.2609     | 1.3200       | 1.3468       | 0.1146     | 1.2920       | 1.3298       | 0.9488   |           
363    | 2.9300     | 0.2610     | 1.3250       | 1.3440       | 0.1165     | 1.2980       | 1.3339       | 0.9390   |           
364    | 2.9159     | 0.2531     | 1.3196       | 1.3433       | 0.1137     | 1.2954       | 1.3268       | 0.9573   |           
365    | 2.9214     | 0.2574     | 1.3201       | 1.3439       | 0.1184     | 1.2945       | 1.3264       | 0.9678   |           
366    | 2.9249     | 0.2597     | 1.3225       | 1.3427       | 0.1326     | 1.2977       | 1.3311       | 0.9701   |           
367    | 2.9390     | 0.2701     | 1.3236       | 1.3453       | 0.1247     | 1.2889       | 1.3240       | 1.0781   |           
368    | 2.9290     | 0.2686     | 1.3198       | 1.3406       | 0.1329     | 1.3011       | 1.3282       | 0.8856   |           
369    | 2.9058     | 0.2458     | 1.3192       | 1.3408       | 0.0966     | 1.2877       | 1.3283       | 1.0046   |           
370    | 2.9127     | 0.2498     | 1.3217       | 1.3413       | 0.1189     | 1.2954       | 1.3277       | 1.0100   |           
371    | 2.9239     | 0.2620     | 1.3182       | 1.3437       | 0.1233     | 1.2909       | 1.3246       | 1.0026   |           
372    | 2.8939     | 0.2303     | 1.3222       | 1.3415       | 0.1147     | 1.2916       | 1.3300       | 1.0216   |           
373    | 2.9166     | 0.2519     | 1.3210       | 1.3437       | 0.1323     | 1.2997       | 1.3296       | 1.0446   |           
374    | 2.9017     | 0.2367     | 1.3226       | 1.3424       | 0.1251     | 1.3025       | 1.3313       | 0.9737   |           
375    | 2.9598     | 0.2890     | 1.3261       | 1.3448       | 0.1411     | 1.3049       | 1.3356       | 1.0438   |           
376    | 2.9467     | 0.2811     | 1.3225       | 1.3430       | 0.1101     | 1.2996       | 1.3370       | 1.0485   |           
377    | 2.9163     | 0.2527     | 1.3227       | 1.3409       | 0.1262     | 1.2968       | 1.3311       | 0.9750   |           
378    | 2.9078     | 0.2468     | 1.3200       | 1.3411       | 0.1222     | 1.2947       | 1.3277       | 0.9003   |           
379    | 2.9149     | 0.2530     | 1.3198       | 1.3422       | 0.1106     | 1.2925       | 1.3319       | 0.9720   |           
380    | 2.9432     | 0.2730     | 1.3271       | 1.3431       | 0.1341     | 1.2981       | 1.3313       | 0.9671   |           
381    | 2.9170     | 0.2582     | 1.3204       | 1.3385       | 0.1286     | 1.2916       | 1.3290       | 0.9552   |           
382    | 2.8952     | 0.2355     | 1.3199       | 1.3398       | 0.1282     | 1.2918       | 1.3328       | 0.9570   |           
383    | 2.9094     | 0.2467     | 1.3206       | 1.3422       | 0.1115     | 1.2906       | 1.3298       | 0.9192   |           
384    | 2.9184     | 0.2543     | 1.3242       | 1.3399       | 0.1184     | 1.2947       | 1.3315       | 0.9492   |           
385    | 2.9235     | 0.2619     | 1.3213       | 1.3403       | 0.1191     | 1.2878       | 1.3316       | 0.9498   |           
386    | 2.9294     | 0.2687     | 1.3210       | 1.3396       | 0.1239     | 1.2947       | 1.3342       | 1.0449   |           
387    | 2.8888     | 0.2299     | 1.3202       | 1.3387       | 0.1196     | 1.2896       | 1.3334       | 0.9774   |           
388    | 2.9076     | 0.2438     | 1.3230       | 1.3408       | 0.1111     | 1.2944       | 1.3302       | 1.0194   |           
389    | 2.9104     | 0.2482     | 1.3208       | 1.3414       | 0.1135     | 1.2871       | 1.3367       | 0.9048   |           
390    | 2.9282     | 0.2638     | 1.3231       | 1.3412       | 0.1149     | 1.2958       | 1.3306       | 0.9325   |           
391    | 2.9029     | 0.2378     | 1.3209       | 1.3442       | 0.1199     | 1.2982       | 1.3309       | 0.9627   |           
392    | 2.9258     | 0.2590     | 1.3243       | 1.3425       | 0.1286     | 1.2983       | 1.3362       | 0.9064   |           
393    | 2.9136     | 0.2473     | 1.3216       | 1.3447       | 0.1188     | 1.3050       | 1.3322       | 1.0288   |           
394    | 2.9160     | 0.2478     | 1.3235       | 1.3447       | 0.1134     | 1.2860       | 1.3317       | 0.9553   |           
395    | 2.9223     | 0.2550     | 1.3208       | 1.3464       | 0.1268     | 1.2976       | 1.3318       | 0.9908   |           
396    | 2.9446     | 0.2800     | 1.3211       | 1.3436       | 0.1255     | 1.2834       | 1.3280       | 0.9286   |           
397    | 2.9090     | 0.2441     | 1.3201       | 1.3449       | 0.1166     | 1.3008       | 1.3335       | 0.8708   |           
398    | 2.9088     | 0.2450     | 1.3187       | 1.3451       | 0.1102     | 1.2879       | 1.3286       | 0.9290   |           
399    | 2.9013     | 0.2426     | 1.3185       | 1.3402       | 0.1169     | 1.2946       | 1.3335       | 0.9784   |           
400    | 2.9255     | 0.2611     | 1.3182       | 1.3462       | 0.1181     | 1.3018       | 1.3349       | 0.9612   |           
Seed 123456 | Src Acc: 99.0816 | Src MDE: 0.0111 | Tgt Acc: 39.6939 | Tgt MDE: 0.9652
Finished Combo FusionCDAN_1_3. Results saved.
