/home/mcslab/yutung/MCSLAB_RSSI_RTT_Dataset/FusionCDAN/fusion_cdan_v2_noRSSIDiff.py:201: FutureWarning: DataFrameGroupBy.apply operated on the grouping columns. This behavior is deprecated, and in a future version of pandas the grouping columns will be excluded from the operation. Either pass `include_groups=False` to exclude the groupings or explicitly select the grouping columns after groupby to silence this warning.
  df = df.groupby('Label').apply(
/home/mcslab/yutung/MCSLAB_RSSI_RTT_Dataset/FusionCDAN/fusion_cdan_v2_noRSSIDiff.py:201: FutureWarning: DataFrameGroupBy.apply operated on the grouping columns. This behavior is deprecated, and in a future version of pandas the grouping columns will be excluded from the operation. Either pass `include_groups=False` to exclude the groupings or explicitly select the grouping columns after groupby to silence this warning.
  df = df.groupby('Label').apply(
==========================================
Current Experiment: RTT Combination: ['Dist_mm_1', 'Dist_mm_4']
RTT Input Dimension: 2
==========================================
Start Training Seed 42...

Start CDAN+E Training... (Entropy Conditioning Enabled)
Epoch  | Total Loss | Tr Cls     | Tr Dom RSSI  | Tr Dom RTT   | Val Cls    | Val RSSI Dls | Val RTT Dls  | Test MDE
------------------------------------------------------------------------------------------------------------------------
1      | 6.2576     | 3.4845     | 1.3863       | 1.3868       | 2.8997     | 1.3859       | 1.3861       | 1.6094   |           
2      | 5.5452     | 2.7727     | 1.3863       | 1.3861       | 2.3352     | 1.3851       | 1.3854       | 1.2035   |           
3      | 5.1267     | 2.3567     | 1.3847       | 1.3853       | 1.9472     | 1.3835       | 1.3838       | 1.1360   |           
4      | 4.7939     | 2.0298     | 1.3810       | 1.3831       | 1.5821     | 1.3772       | 1.3790       | 1.1631   |           
5      | 4.5275     | 1.7709     | 1.3770       | 1.3796       | 1.3170     | 1.3697       | 1.3718       | 1.1669   |           
6      | 4.3311     | 1.5872     | 1.3699       | 1.3740       | 1.0931     | 1.3561       | 1.3605       | 1.1024   |           
7      | 4.0963     | 1.3744     | 1.3572       | 1.3646       | 0.8945     | 1.3433       | 1.3460       | 1.1161   |           
8      | 3.9373     | 1.2395     | 1.3440       | 1.3537       | 0.7596     | 1.3244       | 1.3291       | 1.1466   |           
9      | 3.7986     | 1.1271     | 1.3309       | 1.3406       | 0.6108     | 1.2976       | 1.3033       | 1.0729   |           
10     | 3.6653     | 1.0248     | 1.3143       | 1.3262       | 0.5784     | 1.2825       | 1.2854       | 1.0889   |           
11     | 3.5440     | 0.9456     | 1.2918       | 1.3066       | 0.4654     | 1.2509       | 1.2562       | 1.1969   | (ADV -0.13)
12     | 3.4574     | 0.8814     | 1.2803       | 1.2956       | 0.3921     | 1.2219       | 1.2301       | 1.1640   | (ADV -0.11)
13     | 3.3955     | 0.8572     | 1.2605       | 1.2778       | 0.3310     | 1.1899       | 1.1974       | 1.1498   | (ADV -0.10)
14     | 3.3020     | 0.7974     | 1.2400       | 1.2646       | 0.3147     | 1.1708       | 1.1846       | 1.1095   |           
15     | 3.2599     | 0.7753     | 1.2305       | 1.2541       | 0.2970     | 1.1464       | 1.1556       | 1.1335   | (ADV -0.10)
16     | 3.1259     | 0.6958     | 1.2003       | 1.2298       | 0.2525     | 1.1305       | 1.1348       | 1.1858   | (ADV -0.09)
17     | 3.0650     | 0.6700     | 1.1796       | 1.2154       | 0.2336     | 1.0948       | 1.1036       | 1.1969   |           
18     | 2.9953     | 0.6357     | 1.1608       | 1.1989       | 0.2240     | 1.0584       | 1.0866       | 1.1991   |           
19     | 2.9965     | 0.6585     | 1.1477       | 1.1903       | 0.2085     | 1.0404       | 1.0676       | 1.1412   |           
20     | 2.9097     | 0.6175     | 1.1231       | 1.1691       | 0.1961     | 1.0185       | 1.0415       | 1.1271   |           
21     | 2.8715     | 0.6030     | 1.1031       | 1.1655       | 0.1700     | 0.9845       | 1.0204       | 1.1764   |           
22     | 2.7944     | 0.5621     | 1.0829       | 1.1494       | 0.1637     | 0.9764       | 1.0201       | 1.1205   |           
23     | 2.7856     | 0.5686     | 1.0757       | 1.1413       | 0.1605     | 0.9344       | 0.9900       | 1.1179   |           
24     | 2.7459     | 0.5434     | 1.0590       | 1.1435       | 0.1480     | 0.9254       | 0.9825       | 1.2396   |           
25     | 2.6700     | 0.5115     | 1.0380       | 1.1205       | 0.1671     | 0.8910       | 0.9599       | 1.1048   |           
26     | 2.6402     | 0.4875     | 1.0251       | 1.1276       | 0.1286     | 0.8794       | 0.9490       | 1.1779   |           
27     | 2.6264     | 0.5003     | 1.0075       | 1.1186       | 0.1291     | 0.8586       | 0.9474       | 1.1337   |           
28     | 2.6025     | 0.4980     | 0.9917       | 1.1128       | 0.1251     | 0.8305       | 0.9219       | 1.1607   |           
29     | 2.5543     | 0.4641     | 0.9871       | 1.1031       | 0.1176     | 0.8185       | 0.9129       | 1.1586   |           
30     | 2.5763     | 0.4926     | 0.9743       | 1.1094       | 0.1122     | 0.8047       | 0.9083       | 1.0705   |           
31     | 2.5183     | 0.4638     | 0.9556       | 1.0989       | 0.1245     | 0.7977       | 0.8945       | 1.0673   |           
32     | 2.5301     | 0.4730     | 0.9588       | 1.0983       | 0.1246     | 0.7894       | 0.8812       | 1.1154   |           
33     | 2.4602     | 0.4252     | 0.9497       | 1.0853       | 0.1147     | 0.7842       | 0.8984       | 1.1474   |           
34     | 2.4874     | 0.4406     | 0.9499       | 1.0970       | 0.0985     | 0.7541       | 0.8842       | 1.0859   |           
35     | 2.5034     | 0.4559     | 0.9548       | 1.0926       | 0.1061     | 0.7607       | 0.8842       | 1.0758   |           
36     | 2.4835     | 0.4357     | 0.9519       | 1.0960       | 0.0996     | 0.7526       | 0.8763       | 1.0692   |           
37     | 2.4663     | 0.4185     | 0.9605       | 1.0873       | 0.0969     | 0.7619       | 0.8763       | 1.1389   |           
38     | 2.5115     | 0.4519     | 0.9509       | 1.1086       | 0.1086     | 0.7455       | 0.8726       | 1.0089   |           
39     | 2.5009     | 0.4365     | 0.9558       | 1.1086       | 0.1030     | 0.7476       | 0.8566       | 1.0955   |           
40     | 2.5453     | 0.4632     | 0.9741       | 1.1080       | 0.0849     | 0.7714       | 0.8610       | 1.1824   |           
41     | 2.5026     | 0.4348     | 0.9699       | 1.0979       | 0.0939     | 0.7669       | 0.8761       | 1.1968   |           
42     | 2.5449     | 0.4371     | 0.9964       | 1.1114       | 0.1139     | 0.7849       | 0.8700       | 1.1229   |           
43     | 2.5392     | 0.4255     | 1.0072       | 1.1065       | 0.0938     | 0.7692       | 0.8519       | 1.0760   |           
44     | 2.5420     | 0.4424     | 0.9890       | 1.1106       | 0.1058     | 0.7839       | 0.8653       | 1.1326   |           
45     | 2.6058     | 0.4559     | 1.0175       | 1.1324       | 0.0984     | 0.7783       | 0.8522       | 1.1942   |           
46     | 2.5662     | 0.4327     | 1.0172       | 1.1163       | 0.0876     | 0.7855       | 0.8610       | 1.1743   |           
47     | 2.5761     | 0.4351     | 1.0285       | 1.1125       | 0.0819     | 0.8119       | 0.8806       | 1.1803   |           
48     | 2.6816     | 0.4711     | 1.0653       | 1.1451       | 0.0866     | 0.8152       | 0.8973       | 1.1348   |           
49     | 2.6583     | 0.4632     | 1.0539       | 1.1412       | 0.0900     | 0.8347       | 0.8991       | 1.1224   |           
50     | 2.6304     | 0.4369     | 1.0436       | 1.1499       | 0.1013     | 0.8369       | 0.9175       | 1.1574   |           
51     | 2.7030     | 0.4551     | 1.0746       | 1.1733       | 0.0779     | 0.8499       | 0.9414       | 1.1361   |           
52     | 2.6629     | 0.4535     | 1.0527       | 1.1567       | 0.0899     | 0.8232       | 0.9066       | 1.1335   |           
53     | 2.6673     | 0.4486     | 1.0552       | 1.1635       | 0.0949     | 0.8380       | 0.9045       | 1.0812   |           
54     | 2.7060     | 0.4716     | 1.0599       | 1.1745       | 0.1051     | 0.8404       | 0.9211       | 1.1681   |           
55     | 2.6308     | 0.4138     | 1.0652       | 1.1518       | 0.1038     | 0.8547       | 0.9048       | 1.1480   |           
56     | 2.6551     | 0.4264     | 1.0739       | 1.1548       | 0.0890     | 0.8668       | 0.8894       | 1.0797   |           
57     | 2.7036     | 0.4525     | 1.0920       | 1.1591       | 0.0841     | 0.8557       | 0.9019       | 1.0966   |           
58     | 2.6526     | 0.4256     | 1.0733       | 1.1537       | 0.0919     | 0.8667       | 0.9062       | 1.1270   |           
59     | 2.7011     | 0.4433     | 1.0898       | 1.1680       | 0.0917     | 0.8787       | 0.9332       | 1.1685   |           
60     | 2.6786     | 0.4165     | 1.0857       | 1.1764       | 0.0765     | 0.8887       | 0.9232       | 1.1041   |           
61     | 2.7013     | 0.4389     | 1.0838       | 1.1786       | 0.0900     | 0.8987       | 0.9394       | 1.1161   |           
62     | 2.7355     | 0.4474     | 1.1144       | 1.1737       | 0.0954     | 0.8941       | 0.9267       | 1.0861   |           
63     | 2.6980     | 0.4275     | 1.0896       | 1.1809       | 0.0901     | 0.8849       | 0.9520       | 1.1513   |           
64     | 2.7123     | 0.4354     | 1.0871       | 1.1898       | 0.0958     | 0.8985       | 0.9314       | 1.0458   |           
65     | 2.6805     | 0.4164     | 1.0790       | 1.1851       | 0.0997     | 0.9095       | 0.9519       | 0.9855   |           
66     | 2.7404     | 0.4567     | 1.0916       | 1.1921       | 0.0833     | 0.8712       | 0.9493       | 1.0398   |           
67     | 2.7177     | 0.4458     | 1.0804       | 1.1915       | 0.0772     | 0.8807       | 0.9302       | 1.0657   |           
68     | 2.7193     | 0.4323     | 1.1059       | 1.1811       | 0.0781     | 0.9348       | 0.9340       | 1.0933   | (ADV -0.08)
69     | 2.7060     | 0.4253     | 1.0992       | 1.1814       | 0.0918     | 0.9254       | 0.9723       | 1.0522   |           
70     | 2.7278     | 0.4428     | 1.0963       | 1.1888       | 0.1022     | 0.9129       | 0.9553       | 1.0425   |           
71     | 2.7094     | 0.4348     | 1.0959       | 1.1786       | 0.1035     | 0.9470       | 0.9888       | 0.9688   |           
72     | 2.7165     | 0.4224     | 1.1096       | 1.1845       | 0.0807     | 0.9308       | 0.9489       | 1.0565   |           
73     | 2.6919     | 0.4170     | 1.0903       | 1.1846       | 0.0811     | 0.9266       | 0.9500       | 1.0098   |           
74     | 2.7035     | 0.4358     | 1.0910       | 1.1767       | 0.0704     | 0.9103       | 0.9247       | 1.0001   |           
75     | 2.7066     | 0.4266     | 1.0947       | 1.1854       | 0.0844     | 0.9107       | 0.9606       | 0.9562   |           
76     | 2.7047     | 0.4352     | 1.0919       | 1.1776       | 0.0824     | 0.9313       | 0.9644       | 1.0827   |           
77     | 2.7625     | 0.4688     | 1.0918       | 1.2018       | 0.0935     | 0.9102       | 0.9682       | 1.0227   |           
78     | 2.7200     | 0.4416     | 1.0804       | 1.1980       | 0.0836     | 0.8875       | 0.9787       | 0.9798   |           
79     | 2.7497     | 0.4557     | 1.0914       | 1.2026       | 0.0774     | 0.8946       | 0.9831       | 0.9451   |           
80     | 2.7297     | 0.4298     | 1.0927       | 1.2072       | 0.0841     | 0.9283       | 0.9968       | 1.0227   |           
81     | 2.7326     | 0.4377     | 1.0855       | 1.2094       | 0.0861     | 0.8930       | 1.0005       | 0.9578   |           
82     | 2.7687     | 0.4765     | 1.0931       | 1.1991       | 0.0868     | 0.9070       | 1.0032       | 0.9808   |           
83     | 2.7065     | 0.4194     | 1.0872       | 1.1999       | 0.0626     | 0.9181       | 1.0121       | 0.9880   |           
84     | 2.6948     | 0.4012     | 1.0968       | 1.1969       | 0.0798     | 0.9291       | 1.0214       | 1.0874   |           
85     | 2.7613     | 0.4487     | 1.1025       | 1.2101       | 0.0941     | 0.9064       | 1.0204       | 0.9471   |           
86     | 2.7449     | 0.4360     | 1.0987       | 1.2103       | 0.0896     | 0.9068       | 1.0032       | 0.9207   |           
87     | 2.7300     | 0.4187     | 1.1075       | 1.2038       | 0.0764     | 0.9174       | 0.9991       | 0.9639   |           
88     | 2.6787     | 0.3957     | 1.0889       | 1.1940       | 0.0689     | 0.9317       | 1.0102       | 1.0357   |           
89     | 2.7370     | 0.4298     | 1.1030       | 1.2042       | 0.0724     | 0.9308       | 1.0071       | 1.0470   |           
90     | 2.7156     | 0.4199     | 1.0826       | 1.2131       | 0.0869     | 0.9286       | 1.0246       | 0.9438   |           
91     | 2.7735     | 0.4587     | 1.1038       | 1.2109       | 0.0780     | 0.9165       | 1.0117       | 1.0095   |           
92     | 2.7187     | 0.3844     | 1.1148       | 1.2195       | 0.0768     | 0.9059       | 1.0107       | 1.0658   |           
93     | 2.7266     | 0.4209     | 1.0957       | 1.2100       | 0.0800     | 0.9522       | 1.0312       | 1.2416   |           
94     | 2.7946     | 0.4581     | 1.1219       | 1.2146       | 0.1008     | 0.9836       | 1.0518       | 1.0628   |           
95     | 2.7616     | 0.4492     | 1.1066       | 1.2058       | 0.0854     | 0.9681       | 1.0068       | 1.0786   |           
96     | 2.7139     | 0.4078     | 1.1190       | 1.1872       | 0.0847     | 0.9968       | 1.0002       | 1.1274   | (ADV -0.07)
97     | 2.7686     | 0.4396     | 1.1351       | 1.1940       | 0.0986     | 1.0060       | 1.0044       | 1.1262   |           
98     | 2.8174     | 0.4715     | 1.1498       | 1.1961       | 0.0820     | 0.9715       | 0.9920       | 1.0938   |           
99     | 2.7089     | 0.4054     | 1.1195       | 1.1841       | 0.0842     | 0.9938       | 0.9826       | 1.0544   |           
100    | 2.8272     | 0.4854     | 1.1357       | 1.2061       | 0.0704     | 0.9751       | 0.9856       | 1.0520   |           
101    | 2.7437     | 0.4229     | 1.1186       | 1.2022       | 0.0745     | 1.0043       | 1.0179       | 1.0519   | (ADV -0.06)
102    | 2.7631     | 0.4436     | 1.1198       | 1.1996       | 0.0759     | 0.9677       | 1.0039       | 0.9906   |           
103    | 2.7435     | 0.4209     | 1.1139       | 1.2086       | 0.0759     | 0.9554       | 1.0058       | 0.9289   |           
104    | 2.7416     | 0.4078     | 1.1216       | 1.2122       | 0.0801     | 0.9954       | 1.0166       | 0.9311   |           
105    | 2.7524     | 0.4263     | 1.1142       | 1.2119       | 0.0650     | 0.9752       | 1.0338       | 1.0601   |           
106    | 2.7205     | 0.4123     | 1.1110       | 1.1972       | 0.0732     | 0.9683       | 1.0251       | 0.9948   |           
107    | 2.7342     | 0.4104     | 1.1143       | 1.2095       | 0.0715     | 0.9578       | 1.0173       | 1.0731   |           
108    | 2.7713     | 0.4286     | 1.1264       | 1.2163       | 0.0760     | 1.0040       | 1.0220       | 1.0769   |           
109    | 2.7340     | 0.3968     | 1.1223       | 1.2149       | 0.0863     | 0.9736       | 1.0093       | 1.0530   |           
110    | 2.7319     | 0.4149     | 1.1200       | 1.1970       | 0.0753     | 0.9836       | 1.0339       | 1.0881   |           
111    | 2.7570     | 0.4233     | 1.1203       | 1.2134       | 0.0723     | 0.9964       | 1.0068       | 1.0499   |           
112    | 2.7546     | 0.4288     | 1.1179       | 1.2079       | 0.0783     | 0.9915       | 1.0494       | 0.9766   |           
113    | 2.7578     | 0.4196     | 1.1312       | 1.2070       | 0.0705     | 0.9777       | 1.0338       | 0.9688   |           
114    | 2.7580     | 0.4298     | 1.1244       | 1.2039       | 0.0981     | 1.0206       | 1.0237       | 0.9237   |           
115    | 2.7963     | 0.4574     | 1.1327       | 1.2063       | 0.0867     | 0.9911       | 1.0235       | 1.0326   |           
116    | 2.7506     | 0.4322     | 1.1128       | 1.2056       | 0.0696     | 0.9561       | 1.0605       | 0.9476   |           
117    | 2.7745     | 0.4400     | 1.1150       | 1.2195       | 0.0814     | 0.9884       | 1.0406       | 0.9795   |           
118    | 2.7630     | 0.4272     | 1.1174       | 1.2184       | 0.0824     | 0.9790       | 1.0475       | 0.9352   |           
119    | 2.7353     | 0.4036     | 1.1042       | 1.2275       | 0.0796     | 0.9994       | 1.0626       | 1.0688   |           
120    | 2.7759     | 0.4355     | 1.1119       | 1.2285       | 0.0727     | 1.0171       | 1.0654       | 1.0481   |           
121    | 2.7645     | 0.4367     | 1.0965       | 1.2313       | 0.0923     | 0.9700       | 1.0628       | 1.0270   |           
122    | 2.8387     | 0.4568     | 1.1237       | 1.2582       | 0.0679     | 0.9773       | 1.0755       | 1.0128   |           
123    | 2.7620     | 0.4179     | 1.1030       | 1.2411       | 0.0829     | 1.0088       | 1.0741       | 1.0503   |           
124    | 2.7765     | 0.4254     | 1.1234       | 1.2276       | 0.0809     | 1.0081       | 1.0678       | 1.0742   |           
125    | 2.7421     | 0.3983     | 1.1222       | 1.2215       | 0.0802     | 1.0343       | 1.0667       | 1.2174   | (ADV -0.06)
126    | 2.7782     | 0.4098     | 1.1474       | 1.2210       | 0.0658     | 1.0283       | 1.0637       | 1.1545   | (ADV -0.06)
127    | 2.7812     | 0.4130     | 1.1478       | 1.2204       | 0.0912     | 1.0242       | 1.0815       | 1.0661   |           
128    | 2.8096     | 0.4488     | 1.1421       | 1.2187       | 0.0581     | 1.0376       | 1.0475       | 1.1286   | (ADV -0.05)
129    | 2.8102     | 0.4316     | 1.1487       | 1.2299       | 0.0707     | 1.0339       | 1.0611       | 1.1160   |           
130    | 2.7547     | 0.3991     | 1.1407       | 1.2148       | 0.0637     | 1.0269       | 1.0790       | 1.1113   |           
131    | 2.7658     | 0.4052     | 1.1442       | 1.2164       | 0.0619     | 1.0041       | 1.0699       | 1.1696   |           
132    | 2.7636     | 0.4093     | 1.1383       | 1.2160       | 0.0704     | 1.0036       | 1.0770       | 1.1485   |           
133    | 2.7678     | 0.4079     | 1.1303       | 1.2296       | 0.0674     | 1.0161       | 1.0841       | 0.9920   |           
134    | 2.7352     | 0.3971     | 1.1248       | 1.2133       | 0.0658     | 1.0248       | 1.0791       | 1.1154   |           
135    | 2.8126     | 0.4508     | 1.1337       | 1.2281       | 0.0710     | 1.0259       | 1.0786       | 1.0650   |           
136    | 2.7639     | 0.4068     | 1.1370       | 1.2201       | 0.0641     | 1.0004       | 1.0705       | 1.0798   |           
137    | 2.8241     | 0.4517     | 1.1419       | 1.2304       | 0.0778     | 1.0409       | 1.1140       | 1.1610   |           
138    | 2.7617     | 0.4108     | 1.1422       | 1.2087       | 0.0734     | 1.0258       | 1.0801       | 1.0920   |           
139    | 2.7745     | 0.4078     | 1.1441       | 1.2226       | 0.0561     | 1.0282       | 1.0857       | 1.0911   |           
140    | 2.7907     | 0.4257     | 1.1424       | 1.2226       | 0.0829     | 1.0505       | 1.0696       | 1.1027   |           
141    | 2.7726     | 0.3900     | 1.1563       | 1.2263       | 0.0811     | 1.0391       | 1.0904       | 1.0358   |           
142    | 2.7739     | 0.4015     | 1.1500       | 1.2223       | 0.0766     | 1.0864       | 1.1026       | 1.0340   | (ADV -0.05)
143    | 2.8058     | 0.4050     | 1.1639       | 1.2369       | 0.0831     | 1.0503       | 1.1057       | 0.9874   |           
144    | 2.8095     | 0.4179     | 1.1521       | 1.2394       | 0.0796     | 1.0691       | 1.0914       | 1.0485   |           
145    | 2.8035     | 0.4122     | 1.1616       | 1.2296       | 0.0670     | 1.0468       | 1.0907       | 0.9788   |           
146    | 2.7642     | 0.3846     | 1.1467       | 1.2330       | 0.0797     | 1.0866       | 1.1273       | 1.0807   |           
147    | 2.7621     | 0.3860     | 1.1446       | 1.2315       | 0.0725     | 1.0370       | 1.1041       | 0.9913   |           
148    | 2.7612     | 0.3866     | 1.1489       | 1.2257       | 0.0708     | 1.0521       | 1.1041       | 0.9952   |           
149    | 2.8085     | 0.4004     | 1.1736       | 1.2345       | 0.0653     | 1.0657       | 1.0862       | 1.0121   |           
150    | 2.8451     | 0.4263     | 1.1818       | 1.2370       | 0.0863     | 1.1034       | 1.1365       | 1.0068   |           
151    | 2.8465     | 0.4177     | 1.1790       | 1.2498       | 0.0648     | 1.0845       | 1.1164       | 1.1149   | (ADV -0.05)
152    | 2.8160     | 0.4062     | 1.1730       | 1.2368       | 0.0592     | 1.0590       | 1.1104       | 1.0800   |           
153    | 2.7840     | 0.3829     | 1.1718       | 1.2293       | 0.0674     | 1.0603       | 1.1007       | 0.9938   |           
154    | 2.8066     | 0.3916     | 1.1823       | 1.2326       | 0.0709     | 1.1003       | 1.1074       | 0.9762   | (ADV -0.04)
155    | 2.8610     | 0.4445     | 1.1832       | 1.2333       | 0.0679     | 1.0581       | 1.1270       | 1.0099   |           
156    | 2.7737     | 0.3796     | 1.1740       | 1.2201       | 0.0572     | 1.0536       | 1.1186       | 1.0375   |           
157    | 2.8109     | 0.4104     | 1.1676       | 1.2329       | 0.0762     | 1.0869       | 1.1171       | 1.0146   |           
158    | 2.7825     | 0.3753     | 1.1633       | 1.2439       | 0.0634     | 1.0848       | 1.1106       | 1.0654   |           
159    | 2.8295     | 0.4217     | 1.1693       | 1.2385       | 0.0585     | 1.0922       | 1.1202       | 1.0307   |           
160    | 2.8301     | 0.4271     | 1.1652       | 1.2378       | 0.0558     | 1.0594       | 1.1057       | 1.0908   |           
161    | 2.7755     | 0.3915     | 1.1545       | 1.2295       | 0.0718     | 1.0508       | 1.1137       | 1.0137   |           
162    | 2.7537     | 0.3771     | 1.1463       | 1.2302       | 0.0668     | 1.0582       | 1.1297       | 0.9765   |           
163    | 2.7709     | 0.3776     | 1.1643       | 1.2290       | 0.0630     | 1.0725       | 1.1260       | 0.9330   |           
164    | 2.8839     | 0.4475     | 1.1864       | 1.2500       | 0.0608     | 1.0960       | 1.1314       | 0.9706   |           
165    | 2.8750     | 0.4350     | 1.1887       | 1.2513       | 0.0654     | 1.0824       | 1.1255       | 1.0004   |           
166    | 2.8299     | 0.3869     | 1.1826       | 1.2604       | 0.0685     | 1.1127       | 1.1451       | 0.9745   |           
167    | 2.8417     | 0.4136     | 1.1861       | 1.2420       | 0.0757     | 1.0890       | 1.1403       | 1.0412   |           
168    | 2.8253     | 0.3984     | 1.1760       | 1.2509       | 0.0702     | 1.0986       | 1.1657       | 0.9941   |           
169    | 2.8548     | 0.4053     | 1.1927       | 1.2568       | 0.0727     | 1.1133       | 1.1603       | 0.9305   |           
170    | 2.8311     | 0.3809     | 1.1901       | 1.2602       | 0.0820     | 1.1051       | 1.1715       | 1.0185   |           
171    | 2.8295     | 0.3925     | 1.1842       | 1.2529       | 0.0627     | 1.1257       | 1.1510       | 1.0071   | (ADV -0.04)
172    | 2.8011     | 0.3674     | 1.1763       | 1.2574       | 0.0732     | 1.1079       | 1.1682       | 0.9557   |           
173    | 2.8577     | 0.4079     | 1.1915       | 1.2583       | 0.0697     | 1.1040       | 1.1613       | 0.9673   |           
174    | 2.8455     | 0.3934     | 1.1821       | 1.2700       | 0.0608     | 1.1031       | 1.1585       | 0.9030   |           
175    | 2.8428     | 0.3940     | 1.1853       | 1.2634       | 0.0930     | 1.1295       | 1.1663       | 1.0871   |           
176    | 2.8258     | 0.3692     | 1.1903       | 1.2663       | 0.0602     | 1.1065       | 1.1693       | 1.0040   |           
177    | 2.8537     | 0.4007     | 1.1913       | 1.2616       | 0.0677     | 1.1150       | 1.1686       | 1.0285   |           
178    | 2.8206     | 0.3681     | 1.1938       | 1.2586       | 0.0643     | 1.1198       | 1.1578       | 1.1080   |           
179    | 2.8762     | 0.4019     | 1.2055       | 1.2688       | 0.0726     | 1.1271       | 1.1848       | 1.0849   |           
180    | 2.9073     | 0.4187     | 1.2164       | 1.2722       | 0.0705     | 1.1408       | 1.1489       | 1.0935   | (ADV -0.03)
181    | 2.8770     | 0.4041     | 1.2074       | 1.2655       | 0.0794     | 1.1600       | 1.1741       | 1.0689   |           
182    | 2.9254     | 0.4290     | 1.2295       | 1.2669       | 0.0857     | 1.1271       | 1.1712       | 1.1277   |           
183    | 2.8495     | 0.3722     | 1.2142       | 1.2631       | 0.0706     | 1.1386       | 1.1727       | 1.0428   |           
184    | 2.8618     | 0.3893     | 1.2136       | 1.2589       | 0.0744     | 1.1734       | 1.1749       | 1.0361   | (ADV -0.03)
185    | 2.8533     | 0.3902     | 1.2154       | 1.2477       | 0.0762     | 1.1600       | 1.1841       | 1.0089   |           
186    | 2.8537     | 0.3706     | 1.2167       | 1.2664       | 0.0773     | 1.1688       | 1.1828       | 1.0213   |           
187    | 2.8570     | 0.3728     | 1.2155       | 1.2688       | 0.0694     | 1.1432       | 1.1777       | 0.9853   |           
188    | 2.8902     | 0.4027     | 1.2146       | 1.2729       | 0.0753     | 1.1521       | 1.1819       | 0.9533   |           
189    | 2.8753     | 0.3810     | 1.2224       | 1.2719       | 0.0653     | 1.1480       | 1.2105       | 0.9152   |           
190    | 2.8469     | 0.3520     | 1.2199       | 1.2749       | 0.0777     | 1.1801       | 1.2078       | 0.9412   |           
191    | 2.8585     | 0.3489     | 1.2287       | 1.2809       | 0.0660     | 1.1900       | 1.1873       | 1.0548   | (ADV -0.02)
192    | 2.8656     | 0.3568     | 1.2414       | 1.2674       | 0.0720     | 1.2021       | 1.1853       | 0.9726   |           
193    | 2.9083     | 0.3951     | 1.2464       | 1.2668       | 0.0800     | 1.1759       | 1.1839       | 0.9835   |           
194    | 2.8957     | 0.3953     | 1.2430       | 1.2574       | 0.0873     | 1.2044       | 1.1747       | 0.9879   |           
195    | 2.8722     | 0.3531     | 1.2530       | 1.2660       | 0.0777     | 1.2140       | 1.1787       | 1.1018   |           
196    | 2.8454     | 0.3439     | 1.2445       | 1.2570       | 0.0808     | 1.2220       | 1.1887       | 1.0921   |           
197    | 2.8756     | 0.3510     | 1.2589       | 1.2657       | 0.0665     | 1.2339       | 1.1718       | 1.1093   |           
198    | 2.9118     | 0.3786     | 1.2623       | 1.2709       | 0.0680     | 1.1939       | 1.1952       | 1.0884   | (ADV -0.02)
199    | 2.8872     | 0.3576     | 1.2430       | 1.2865       | 0.0634     | 1.2116       | 1.2176       | 1.0799   | (ADV -0.02)
200    | 2.9044     | 0.3632     | 1.2581       | 1.2831       | 0.0736     | 1.2100       | 1.1944       | 1.1287   |           
201    | 2.8521     | 0.3284     | 1.2583       | 1.2655       | 0.0722     | 1.2165       | 1.1802       | 1.1712   |           
202    | 2.8733     | 0.3478     | 1.2513       | 1.2742       | 0.0624     | 1.2021       | 1.1930       | 1.1390   |           
203    | 2.9047     | 0.3720     | 1.2581       | 1.2746       | 0.0636     | 1.2045       | 1.1914       | 1.0807   |           
204    | 2.9010     | 0.3560     | 1.2615       | 1.2834       | 0.0640     | 1.2129       | 1.2147       | 1.1176   | (ADV -0.02)
205    | 2.8746     | 0.3310     | 1.2607       | 1.2828       | 0.0582     | 1.2107       | 1.2125       | 1.1010   | (ADV -0.02)
206    | 2.8937     | 0.3590     | 1.2566       | 1.2782       | 0.0590     | 1.1882       | 1.2101       | 1.0638   |           
207    | 2.8692     | 0.3307     | 1.2480       | 1.2906       | 0.0571     | 1.2168       | 1.2235       | 1.0385   | (ADV -0.02)
208    | 2.8953     | 0.3423     | 1.2578       | 1.2952       | 0.0712     | 1.2288       | 1.2245       | 1.1107   |           
209    | 2.8960     | 0.3529     | 1.2552       | 1.2879       | 0.0642     | 1.2143       | 1.2337       | 1.0705   |           
210    | 2.8948     | 0.3349     | 1.2704       | 1.2895       | 0.0550     | 1.2391       | 1.2218       | 1.1183   |           
211    | 2.9139     | 0.3525     | 1.2704       | 1.2909       | 0.0544     | 1.2263       | 1.2270       | 1.1017   | (ADV -0.01)
212    | 2.9396     | 0.3678     | 1.2702       | 1.3017       | 0.0597     | 1.2392       | 1.2376       | 1.1453   | (ADV -0.01)
213    | 2.9344     | 0.3668     | 1.2616       | 1.3060       | 0.0591     | 1.2088       | 1.2398       | 1.1124   |           
214    | 2.9082     | 0.3257     | 1.2779       | 1.3046       | 0.0669     | 1.2415       | 1.2479       | 1.0461   |           
215    | 2.9057     | 0.3224     | 1.2740       | 1.3093       | 0.0546     | 1.2327       | 1.2463       | 1.0945   |           
216    | 2.9188     | 0.3450     | 1.2786       | 1.2952       | 0.0586     | 1.2335       | 1.2491       | 1.1273   |           
217    | 2.9038     | 0.3106     | 1.2827       | 1.3105       | 0.0608     | 1.2269       | 1.2478       | 1.1047   |           
218    | 2.9032     | 0.3287     | 1.2729       | 1.3016       | 0.0679     | 1.2333       | 1.2588       | 1.0541   |           
219    | 2.8993     | 0.3145     | 1.2789       | 1.3060       | 0.0645     | 1.2480       | 1.2493       | 1.0578   | (ADV -0.01)
220    | 2.9373     | 0.3422     | 1.2864       | 1.3086       | 0.0719     | 1.2273       | 1.2546       | 1.0580   |           
221    | 2.9033     | 0.3142     | 1.2832       | 1.3058       | 0.0657     | 1.2410       | 1.2564       | 1.1332   |           
222    | 2.9589     | 0.3596     | 1.2900       | 1.3093       | 0.0627     | 1.2491       | 1.2550       | 1.1733   |           
223    | 2.9201     | 0.3276     | 1.2832       | 1.3093       | 0.0605     | 1.2662       | 1.2607       | 1.1556   | (ADV -0.01)
224    | 2.9354     | 0.3500     | 1.2859       | 1.2995       | 0.0604     | 1.2462       | 1.2572       | 1.0554   |           
225    | 2.8965     | 0.3039     | 1.2860       | 1.3067       | 0.0682     | 1.2324       | 1.2648       | 1.0774   |           
226    | 2.9442     | 0.3503     | 1.2875       | 1.3064       | 0.0649     | 1.2407       | 1.2516       | 1.0735   |           
227    | 2.9077     | 0.3120     | 1.2886       | 1.3071       | 0.0582     | 1.2516       | 1.2667       | 1.0847   |           
228    | 2.9237     | 0.3212     | 1.2917       | 1.3108       | 0.0556     | 1.2467       | 1.2597       | 1.1420   |           
229    | 2.9449     | 0.3463     | 1.2893       | 1.3094       | 0.0661     | 1.2469       | 1.2588       | 1.1475   |           
230    | 2.8952     | 0.3043     | 1.2857       | 1.3052       | 0.0535     | 1.2510       | 1.2601       | 1.1482   |           
231    | 2.9252     | 0.3239     | 1.2903       | 1.3110       | 0.0780     | 1.2584       | 1.2723       | 1.2324   |           
232    | 2.9361     | 0.3355     | 1.2893       | 1.3114       | 0.0546     | 1.2516       | 1.2660       | 1.1015   |           
233    | 2.9011     | 0.2994     | 1.2918       | 1.3099       | 0.0609     | 1.2611       | 1.2709       | 0.9939   |           
234    | 2.9396     | 0.3247     | 1.2994       | 1.3156       | 0.0553     | 1.2215       | 1.2702       | 1.0687   |           
235    | 2.9231     | 0.3174     | 1.2858       | 1.3199       | 0.0602     | 1.2460       | 1.2720       | 1.0650   |           
236    | 2.9169     | 0.3123     | 1.2868       | 1.3179       | 0.0521     | 1.2456       | 1.2753       | 1.0476   |           
237    | 2.9151     | 0.3045     | 1.2909       | 1.3198       | 0.0544     | 1.2357       | 1.2744       | 1.0825   |           
238    | 2.9176     | 0.3104     | 1.2914       | 1.3159       | 0.0544     | 1.2587       | 1.2673       | 1.1231   | (ADV -0.01)
239    | 2.9362     | 0.3260     | 1.2960       | 1.3142       | 0.0642     | 1.2722       | 1.2783       | 1.0631   | (ADV -0.01)
240    | 2.9577     | 0.3401     | 1.2981       | 1.3195       | 0.0482     | 1.2534       | 1.2707       | 1.1634   |           
241    | 2.9274     | 0.3111     | 1.2971       | 1.3192       | 0.0533     | 1.2734       | 1.2847       | 1.0345   | (ADV -0.00)
242    | 2.9448     | 0.3152     | 1.3049       | 1.3247       | 0.0576     | 1.2568       | 1.2817       | 1.0117   |           
243    | 2.8995     | 0.2811     | 1.2994       | 1.3189       | 0.0619     | 1.2594       | 1.2912       | 1.0751   |           
244    | 2.9683     | 0.3470     | 1.2964       | 1.3250       | 0.0511     | 1.2454       | 1.2800       | 1.1245   |           
245    | 2.9109     | 0.2926     | 1.2961       | 1.3222       | 0.0572     | 1.2715       | 1.2792       | 1.1109   |           
246    | 2.9085     | 0.2882     | 1.2995       | 1.3208       | 0.0530     | 1.2560       | 1.2878       | 1.0355   |           
247    | 2.9175     | 0.2966     | 1.2957       | 1.3252       | 0.0701     | 1.2658       | 1.3000       | 0.9744   |           
248    | 2.9226     | 0.2961     | 1.3005       | 1.3260       | 0.0513     | 1.2522       | 1.2870       | 1.0876   |           
249    | 2.9262     | 0.3000     | 1.3045       | 1.3216       | 0.0457     | 1.2698       | 1.2941       | 1.0980   |           
250    | 2.9222     | 0.2991     | 1.2981       | 1.3250       | 0.0526     | 1.2647       | 1.2900       | 1.0667   |           
251    | 2.9365     | 0.3063     | 1.3042       | 1.3260       | 0.0567     | 1.2664       | 1.2921       | 1.0184   |           
252    | 2.9184     | 0.2911     | 1.3001       | 1.3272       | 0.0560     | 1.2659       | 1.2933       | 1.0480   |           
253    | 2.9241     | 0.2930     | 1.3040       | 1.3271       | 0.0754     | 1.2705       | 1.2952       | 0.9985   |           
254    | 2.9594     | 0.3238     | 1.3047       | 1.3308       | 0.0565     | 1.2781       | 1.2927       | 1.0712   |           
255    | 2.9390     | 0.3058     | 1.3073       | 1.3259       | 0.0671     | 1.2612       | 1.2923       | 1.0578   |           
256    | 2.9332     | 0.3106     | 1.2977       | 1.3249       | 0.0488     | 1.2474       | 1.2857       | 1.0505   |           
257    | 2.9146     | 0.2865     | 1.3040       | 1.3240       | 0.0598     | 1.2636       | 1.2904       | 1.0924   |           
258    | 2.9233     | 0.2894     | 1.3055       | 1.3284       | 0.0596     | 1.2646       | 1.2963       | 1.0202   |           
259    | 2.9032     | 0.2717     | 1.3032       | 1.3283       | 0.0528     | 1.2659       | 1.2953       | 1.1261   |           
260    | 2.9451     | 0.3200     | 1.2974       | 1.3277       | 0.0620     | 1.2631       | 1.3012       | 1.0715   |           
261    | 2.9035     | 0.2784     | 1.2971       | 1.3280       | 0.0731     | 1.2677       | 1.3016       | 1.1385   |           
262    | 2.9177     | 0.2833     | 1.3046       | 1.3298       | 0.0571     | 1.2674       | 1.3016       | 0.9897   |           
263    | 2.9571     | 0.3213     | 1.3062       | 1.3296       | 0.0573     | 1.2615       | 1.2946       | 1.1045   |           
264    | 2.9109     | 0.2885     | 1.2971       | 1.3252       | 0.0535     | 1.2686       | 1.3000       | 1.0939   |           
265    | 2.9084     | 0.2789     | 1.3058       | 1.3237       | 0.0620     | 1.2731       | 1.3055       | 1.0575   |           
266    | 2.9338     | 0.3005     | 1.3048       | 1.3284       | 0.0601     | 1.2770       | 1.2955       | 1.1011   |           
267    | 2.9224     | 0.2882     | 1.3062       | 1.3279       | 0.0570     | 1.2719       | 1.3069       | 1.1691   |           
268    | 2.9178     | 0.2807     | 1.3081       | 1.3291       | 0.0597     | 1.2745       | 1.2949       | 1.0101   |           
269    | 2.9018     | 0.2697     | 1.3081       | 1.3240       | 0.0521     | 1.2717       | 1.2989       | 1.0500   |           
270    | 2.9235     | 0.2923     | 1.3066       | 1.3246       | 0.0633     | 1.2639       | 1.2958       | 1.0247   |           
271    | 2.9099     | 0.2742     | 1.3083       | 1.3274       | 0.0639     | 1.2853       | 1.3064       | 1.0773   |           
272    | 2.9352     | 0.2944     | 1.3123       | 1.3285       | 0.0801     | 1.2791       | 1.3110       | 1.0280   |           
273    | 2.9132     | 0.2743     | 1.3090       | 1.3299       | 0.0578     | 1.2774       | 1.3053       | 0.9678   |           
274    | 2.9636     | 0.3239     | 1.3103       | 1.3295       | 0.0726     | 1.2753       | 1.3117       | 1.0600   |           
275    | 2.9211     | 0.2832     | 1.3065       | 1.3313       | 0.0689     | 1.2862       | 1.3085       | 1.0105   |           
276    | 2.9401     | 0.2995     | 1.3138       | 1.3269       | 0.0496     | 1.2783       | 1.2991       | 1.0607   | (ADV -0.00)
277    | 2.8802     | 0.2503     | 1.3054       | 1.3245       | 0.0592     | 1.2665       | 1.3027       | 1.0887   |           
278    | 2.9238     | 0.2767     | 1.3123       | 1.3347       | 0.0610     | 1.2769       | 1.3138       | 1.0573   |           
279    | 2.9041     | 0.2646     | 1.3100       | 1.3295       | 0.0554     | 1.2882       | 1.3184       | 0.9886   |           
280    | 2.9381     | 0.2922     | 1.3129       | 1.3330       | 0.0607     | 1.2785       | 1.3136       | 1.0236   |           
281    | 2.9204     | 0.2829     | 1.3090       | 1.3284       | 0.0526     | 1.2822       | 1.3072       | 1.0623   |           
282    | 2.9635     | 0.3156     | 1.3175       | 1.3304       | 0.0498     | 1.2722       | 1.3072       | 1.0540   |           
283    | 2.9145     | 0.2770     | 1.3133       | 1.3242       | 0.0507     | 1.2745       | 1.2970       | 1.0420   |           
284    | 2.9070     | 0.2682     | 1.3122       | 1.3266       | 0.0613     | 1.2772       | 1.3126       | 0.9894   |           
285    | 2.8881     | 0.2478     | 1.3125       | 1.3278       | 0.0501     | 1.2835       | 1.3097       | 1.0529   |           
286    | 2.9341     | 0.2889     | 1.3140       | 1.3312       | 0.0531     | 1.2745       | 1.3084       | 1.0087   |           
287    | 2.9075     | 0.2644     | 1.3157       | 1.3273       | 0.0507     | 1.2734       | 1.3018       | 1.0726   |           
288    | 2.9550     | 0.3090     | 1.3120       | 1.3340       | 0.0508     | 1.2813       | 1.3073       | 1.0825   |           
289    | 2.9301     | 0.2916     | 1.3108       | 1.3276       | 0.0545     | 1.2692       | 1.3066       | 1.0436   |           
290    | 2.9280     | 0.2875     | 1.3128       | 1.3277       | 0.0483     | 1.2648       | 1.3009       | 1.0889   |           
291    | 2.9059     | 0.2660     | 1.3113       | 1.3286       | 0.0460     | 1.2734       | 1.3036       | 1.0677   |           
292    | 2.9188     | 0.2821     | 1.3111       | 1.3257       | 0.0558     | 1.2820       | 1.2997       | 1.0862   |           
293    | 2.9032     | 0.2654     | 1.3130       | 1.3248       | 0.0524     | 1.2938       | 1.3070       | 1.1620   | (ADV 0.00)
294    | 2.9299     | 0.2873     | 1.3138       | 1.3287       | 0.0549     | 1.2849       | 1.3100       | 1.1125   |           
295    | 2.9159     | 0.2765     | 1.3129       | 1.3264       | 0.0548     | 1.2880       | 1.3137       | 1.1094   |           
296    | 2.9137     | 0.2738     | 1.3125       | 1.3274       | 0.0464     | 1.2854       | 1.3116       | 1.1938   |           
297    | 2.9048     | 0.2666     | 1.3102       | 1.3281       | 0.0422     | 1.3002       | 1.3029       | 1.1591   | (ADV 0.01)
298    | 2.8964     | 0.2593     | 1.3119       | 1.3252       | 0.0386     | 1.2773       | 1.3059       | 1.0603   |           
299    | 2.9156     | 0.2729     | 1.3109       | 1.3318       | 0.0514     | 1.2776       | 1.3077       | 1.0757   |           
300    | 2.9557     | 0.3200     | 1.3084       | 1.3274       | 0.0496     | 1.2823       | 1.3118       | 1.0559   |           
301    | 2.9139     | 0.2806     | 1.3076       | 1.3257       | 0.0485     | 1.2795       | 1.3068       | 1.0417   |           
302    | 2.8899     | 0.2553     | 1.3086       | 1.3259       | 0.0499     | 1.2836       | 1.3035       | 1.1518   |           
303    | 2.9249     | 0.2826     | 1.3146       | 1.3277       | 0.0546     | 1.2825       | 1.3044       | 1.0525   |           
304    | 2.8925     | 0.2506     | 1.3130       | 1.3288       | 0.0448     | 1.2905       | 1.3064       | 1.0525   |           
305    | 2.8933     | 0.2556     | 1.3113       | 1.3263       | 0.0844     | 1.2915       | 1.3118       | 1.0888   |           
306    | 2.9225     | 0.2785     | 1.3137       | 1.3302       | 0.0571     | 1.2929       | 1.3068       | 1.0870   |           
307    | 2.8787     | 0.2347     | 1.3116       | 1.3324       | 0.0688     | 1.2910       | 1.3209       | 1.0826   |           
308    | 2.9437     | 0.2987     | 1.3139       | 1.3311       | 0.0734     | 1.2883       | 1.3167       | 1.1519   |           
309    | 2.9023     | 0.2573     | 1.3124       | 1.3325       | 0.0526     | 1.2870       | 1.3138       | 1.1396   |           
310    | 2.8954     | 0.2539     | 1.3116       | 1.3299       | 0.0537     | 1.2756       | 1.3063       | 1.1664   |           
311    | 2.9139     | 0.2692     | 1.3147       | 1.3300       | 0.0527     | 1.2903       | 1.3072       | 1.1237   |           
312    | 2.9316     | 0.2830     | 1.3176       | 1.3310       | 0.0535     | 1.2833       | 1.3161       | 1.0995   |           
313    | 2.8980     | 0.2552     | 1.3138       | 1.3289       | 0.0471     | 1.2892       | 1.3108       | 1.1095   |           
314    | 2.8978     | 0.2568     | 1.3148       | 1.3262       | 0.0523     | 1.2779       | 1.3092       | 1.1602   |           
315    | 2.9053     | 0.2617     | 1.3140       | 1.3296       | 0.0542     | 1.2949       | 1.3072       | 1.0621   |           
316    | 2.9048     | 0.2574     | 1.3166       | 1.3308       | 0.0525     | 1.2888       | 1.3104       | 1.0197   |           
317    | 2.9117     | 0.2612     | 1.3156       | 1.3348       | 0.0519     | 1.2829       | 1.3092       | 1.0963   |           
318    | 2.8962     | 0.2534     | 1.3142       | 1.3286       | 0.0493     | 1.2864       | 1.3068       | 1.0429   |           
319    | 2.9106     | 0.2683     | 1.3106       | 1.3317       | 0.0518     | 1.2977       | 1.3194       | 1.0324   |           
320    | 2.9363     | 0.2814     | 1.3171       | 1.3377       | 0.0453     | 1.2820       | 1.3158       | 1.0825   |           
321    | 2.9167     | 0.2664     | 1.3171       | 1.3332       | 0.0458     | 1.2828       | 1.3153       | 1.0182   |           
322    | 2.9132     | 0.2601     | 1.3165       | 1.3366       | 0.0416     | 1.2722       | 1.3040       | 1.0699   |           
323    | 2.9104     | 0.2677     | 1.3097       | 1.3330       | 0.0453     | 1.2739       | 1.3040       | 1.0085   |           
324    | 2.9231     | 0.2708     | 1.3189       | 1.3335       | 0.0514     | 1.2865       | 1.3104       | 1.0174   |           
325    | 2.9334     | 0.2865     | 1.3142       | 1.3327       | 0.0540     | 1.2745       | 1.3013       | 1.0209   |           
326    | 2.8869     | 0.2429     | 1.3162       | 1.3279       | 0.0570     | 1.2790       | 1.3143       | 1.0560   |           
327    | 2.9584     | 0.3112     | 1.3140       | 1.3333       | 0.0412     | 1.2711       | 1.2995       | 1.0016   |           
328    | 2.8932     | 0.2481     | 1.3111       | 1.3341       | 0.0480     | 1.2859       | 1.3126       | 1.0969   |           
329    | 2.9248     | 0.2744     | 1.3149       | 1.3355       | 0.0471     | 1.2746       | 1.3136       | 1.0141   |           
330    | 2.9028     | 0.2538     | 1.3133       | 1.3357       | 0.0456     | 1.2852       | 1.3080       | 1.0215   |           
331    | 2.9335     | 0.2851     | 1.3147       | 1.3338       | 0.0543     | 1.2702       | 1.3052       | 1.1209   |           
332    | 2.9086     | 0.2635     | 1.3137       | 1.3314       | 0.0479     | 1.2787       | 1.3093       | 1.0899   |           
333    | 2.8884     | 0.2504     | 1.3060       | 1.3320       | 0.0543     | 1.2763       | 1.3094       | 1.0349   |           
334    | 2.9063     | 0.2641     | 1.3119       | 1.3303       | 0.0428     | 1.2700       | 1.3031       | 1.0613   |           
335    | 2.8876     | 0.2431     | 1.3112       | 1.3333       | 0.0477     | 1.2803       | 1.3165       | 1.0875   |           
336    | 2.9412     | 0.2886     | 1.3165       | 1.3361       | 0.0515     | 1.2860       | 1.3048       | 1.0360   |           
337    | 2.8672     | 0.2198     | 1.3140       | 1.3335       | 0.0534     | 1.2958       | 1.3203       | 0.9928   |           
338    | 2.9288     | 0.2688     | 1.3209       | 1.3391       | 0.0441     | 1.2792       | 1.3066       | 1.0737   |           
339    | 2.9044     | 0.2602     | 1.3139       | 1.3302       | 0.0433     | 1.2834       | 1.3134       | 1.0628   |           
340    | 2.8910     | 0.2357     | 1.3198       | 1.3355       | 0.0527     | 1.2864       | 1.3157       | 1.0309   |           
341    | 2.9019     | 0.2523     | 1.3191       | 1.3305       | 0.0466     | 1.2905       | 1.3173       | 1.0134   |           
342    | 2.9072     | 0.2454     | 1.3253       | 1.3365       | 0.0455     | 1.2828       | 1.3183       | 1.1256   |           
343    | 2.9055     | 0.2413     | 1.3231       | 1.3411       | 0.0600     | 1.2862       | 1.3253       | 1.0282   |           
344    | 2.9022     | 0.2529     | 1.3168       | 1.3324       | 0.0464     | 1.2790       | 1.3116       | 1.0546   |           
345    | 2.9323     | 0.2733     | 1.3223       | 1.3366       | 0.0440     | 1.2833       | 1.3118       | 0.9828   |           
346    | 2.9282     | 0.2731     | 1.3201       | 1.3350       | 0.0534     | 1.2834       | 1.3180       | 0.9732   |           
347    | 2.9196     | 0.2683     | 1.3180       | 1.3333       | 0.0593     | 1.2855       | 1.3198       | 0.9995   |           
348    | 2.9134     | 0.2606     | 1.3174       | 1.3354       | 0.0566     | 1.2829       | 1.3133       | 1.1197   |           
349    | 2.9159     | 0.2568     | 1.3213       | 1.3378       | 0.0559     | 1.2921       | 1.3163       | 1.0080   |           
350    | 2.8976     | 0.2457     | 1.3158       | 1.3361       | 0.0579     | 1.2931       | 1.3136       | 1.1090   |           
351    | 2.9020     | 0.2509     | 1.3170       | 1.3341       | 0.0446     | 1.2879       | 1.3146       | 1.0285   |           
352    | 2.9030     | 0.2472     | 1.3206       | 1.3352       | 0.0558     | 1.2904       | 1.3189       | 1.0605   |           
353    | 2.9192     | 0.2639     | 1.3172       | 1.3382       | 0.0630     | 1.2907       | 1.3181       | 1.0611   |           
354    | 2.9084     | 0.2523     | 1.3220       | 1.3341       | 0.0544     | 1.2936       | 1.3147       | 0.9763   |           
355    | 2.8993     | 0.2464     | 1.3172       | 1.3356       | 0.0472     | 1.2884       | 1.3208       | 1.1018   |           
356    | 2.9247     | 0.2691     | 1.3207       | 1.3349       | 0.0627     | 1.2865       | 1.3231       | 1.1411   |           
357    | 2.9199     | 0.2594     | 1.3188       | 1.3417       | 0.0643     | 1.2874       | 1.3159       | 1.0573   |           
358    | 2.8919     | 0.2398     | 1.3135       | 1.3386       | 0.0547     | 1.2859       | 1.3230       | 1.0512   |           
359    | 2.8936     | 0.2371     | 1.3179       | 1.3386       | 0.0644     | 1.2960       | 1.3214       | 1.1612   |           
360    | 2.9079     | 0.2526     | 1.3170       | 1.3384       | 0.0434     | 1.2950       | 1.3321       | 1.1143   |           
361    | 2.9052     | 0.2432     | 1.3227       | 1.3393       | 0.0484     | 1.2915       | 1.3236       | 1.1205   |           
362    | 2.9200     | 0.2615     | 1.3205       | 1.3379       | 0.0588     | 1.2852       | 1.3242       | 1.1141   |           
363    | 2.9214     | 0.2594     | 1.3247       | 1.3374       | 0.0467     | 1.2908       | 1.3269       | 1.0719   |           
364    | 2.9343     | 0.2745     | 1.3219       | 1.3379       | 0.0430     | 1.2812       | 1.3248       | 1.0946   |           
365    | 2.8921     | 0.2454     | 1.3139       | 1.3328       | 0.0609     | 1.2855       | 1.3196       | 1.1496   |           
366    | 2.9097     | 0.2515     | 1.3184       | 1.3398       | 0.0523     | 1.2973       | 1.3105       | 1.0768   |           
367    | 2.8861     | 0.2373     | 1.3143       | 1.3346       | 0.0462     | 1.2900       | 1.3195       | 1.0792   |           
368    | 2.8868     | 0.2285     | 1.3235       | 1.3348       | 0.0570     | 1.2907       | 1.3197       | 0.9799   |           
369    | 2.9063     | 0.2459     | 1.3230       | 1.3374       | 0.0651     | 1.2914       | 1.3227       | 1.0175   |           
370    | 2.9318     | 0.2725     | 1.3226       | 1.3367       | 0.0477     | 1.2952       | 1.3199       | 1.0154   |           
371    | 2.8959     | 0.2449     | 1.3171       | 1.3339       | 0.0650     | 1.2979       | 1.3252       | 1.0760   |           
372    | 2.9042     | 0.2380     | 1.3265       | 1.3397       | 0.0504     | 1.3014       | 1.3197       | 1.1530   |           
/home/mcslab/yutung/MCSLAB_RSSI_RTT_Dataset/FusionCDAN/fusion_cdan_v2_noRSSIDiff.py:201: FutureWarning: DataFrameGroupBy.apply operated on the grouping columns. This behavior is deprecated, and in a future version of pandas the grouping columns will be excluded from the operation. Either pass `include_groups=False` to exclude the groupings or explicitly select the grouping columns after groupby to silence this warning.
  df = df.groupby('Label').apply(
/home/mcslab/yutung/MCSLAB_RSSI_RTT_Dataset/FusionCDAN/fusion_cdan_v2_noRSSIDiff.py:201: FutureWarning: DataFrameGroupBy.apply operated on the grouping columns. This behavior is deprecated, and in a future version of pandas the grouping columns will be excluded from the operation. Either pass `include_groups=False` to exclude the groupings or explicitly select the grouping columns after groupby to silence this warning.
  df = df.groupby('Label').apply(
373    | 2.8917     | 0.2285     | 1.3264       | 1.3369       | 0.0462     | 1.3082       | 1.3244       | 1.0966   |           
374    | 2.9184     | 0.2437     | 1.3358       | 1.3389       | 0.0457     | 1.3073       | 1.3211       | 1.1086   |           
375    | 2.9130     | 0.2509     | 1.3259       | 1.3362       | 0.0492     | 1.3009       | 1.3138       | 1.1198   |           
376    | 2.9033     | 0.2444     | 1.3263       | 1.3326       | 0.0529     | 1.3037       | 1.3187       | 1.0869   |           
377    | 2.9214     | 0.2545     | 1.3310       | 1.3359       | 0.0701     | 1.3155       | 1.3102       | 1.0721   |           
378    | 2.9159     | 0.2503     | 1.3285       | 1.3371       | 0.0452     | 1.3126       | 1.3222       | 1.2138   | (ADV 0.01)
379    | 2.9084     | 0.2462     | 1.3265       | 1.3357       | 0.0561     | 1.3056       | 1.3185       | 1.1339   |           
380    | 2.9195     | 0.2484     | 1.3350       | 1.3360       | 0.0483     | 1.3000       | 1.3225       | 1.2949   |           
381    | 2.9085     | 0.2385     | 1.3335       | 1.3365       | 0.0483     | 1.3136       | 1.3226       | 1.1460   |           
382    | 2.9223     | 0.2576     | 1.3274       | 1.3373       | 0.0616     | 1.3012       | 1.3207       | 1.1649   |           
383    | 2.9081     | 0.2442     | 1.3288       | 1.3350       | 0.0742     | 1.3137       | 1.3092       | 1.1484   |           
384    | 2.9026     | 0.2368     | 1.3311       | 1.3347       | 0.0593     | 1.2967       | 1.3134       | 1.1463   |           
385    | 2.9302     | 0.2754     | 1.3259       | 1.3290       | 0.0616     | 1.3077       | 1.3190       | 1.2186   |           
386    | 2.9489     | 0.2826     | 1.3297       | 1.3366       | 0.0649     | 1.2996       | 1.3148       | 1.1761   |           
387    | 2.9046     | 0.2489     | 1.3240       | 1.3317       | 0.0469     | 1.2973       | 1.3203       | 1.1460   |           
388    | 2.9032     | 0.2334     | 1.3296       | 1.3401       | 0.0544     | 1.3057       | 1.3301       | 1.1948   |           
389    | 2.9229     | 0.2598     | 1.3260       | 1.3371       | 0.0568     | 1.3019       | 1.3147       | 1.1492   |           
390    | 2.9140     | 0.2522     | 1.3277       | 1.3340       | 0.0545     | 1.2931       | 1.3175       | 1.0277   |           
391    | 2.8904     | 0.2274     | 1.3261       | 1.3369       | 0.0496     | 1.2962       | 1.3210       | 1.0771   |           
392    | 2.9281     | 0.2688     | 1.3221       | 1.3372       | 0.0547     | 1.2915       | 1.3223       | 1.0326   |           
393    | 2.8850     | 0.2304     | 1.3193       | 1.3354       | 0.0471     | 1.2950       | 1.3167       | 1.0983   |           
394    | 2.9246     | 0.2616     | 1.3279       | 1.3351       | 0.0504     | 1.2884       | 1.3264       | 1.1133   |           
395    | 2.9465     | 0.2803     | 1.3286       | 1.3376       | 0.0477     | 1.2853       | 1.3191       | 1.2311   |           
396    | 2.9112     | 0.2510     | 1.3212       | 1.3390       | 0.0550     | 1.2961       | 1.3214       | 1.0751   |           
397    | 2.9241     | 0.2636     | 1.3231       | 1.3374       | 0.0707     | 1.2870       | 1.3156       | 1.1105   |           
398    | 2.8925     | 0.2426     | 1.3158       | 1.3341       | 0.0584     | 1.2962       | 1.3148       | 1.1032   |           
399    | 2.9070     | 0.2546     | 1.3176       | 1.3349       | 0.0556     | 1.2868       | 1.3160       | 1.0242   |           
400    | 2.9042     | 0.2508     | 1.3181       | 1.3353       | 0.0364     | 1.2934       | 1.3172       | 1.0510   |           
Seed 42 | Src Acc: 98.6735 | Src MDE: 0.0208 | Tgt Acc: 24.4898 | Tgt MDE: 1.2138
Start Training Seed 6767...

Start CDAN+E Training... (Entropy Conditioning Enabled)
Epoch  | Total Loss | Tr Cls     | Tr Dom RSSI  | Tr Dom RTT   | Val Cls    | Val RSSI Dls | Val RTT Dls  | Test MDE
------------------------------------------------------------------------------------------------------------------------
1      | 6.2064     | 3.4341     | 1.3861       | 1.3861       | 2.8884     | 1.3855       | 1.3859       | 1.5385   |           
2      | 5.5263     | 2.7547     | 1.3859       | 1.3857       | 2.3303     | 1.3844       | 1.3844       | 1.1636   |           
3      | 5.1302     | 2.3605     | 1.3848       | 1.3850       | 1.9571     | 1.3823       | 1.3820       | 1.0026   |           
4      | 4.7727     | 2.0076     | 1.3831       | 1.3820       | 1.5768     | 1.3783       | 1.3784       | 0.9271   |           
5      | 4.4995     | 1.7419     | 1.3788       | 1.3788       | 1.2817     | 1.3725       | 1.3703       | 0.9378   |           
6      | 4.2884     | 1.5424     | 1.3727       | 1.3733       | 1.0783     | 1.3644       | 1.3622       | 0.9373   |           
7      | 4.0923     | 1.3590     | 1.3673       | 1.3660       | 0.8994     | 1.3550       | 1.3499       | 0.9612   |           
8      | 3.9625     | 1.2520     | 1.3559       | 1.3546       | 0.7773     | 1.3414       | 1.3348       | 0.9700   |           
9      | 3.7995     | 1.1085     | 1.3473       | 1.3437       | 0.6376     | 1.3245       | 1.3171       | 1.0220   |           
10     | 3.6852     | 1.0212     | 1.3336       | 1.3304       | 0.5669     | 1.3091       | 1.2972       | 1.0172   |           
11     | 3.5674     | 0.9328     | 1.3185       | 1.3161       | 0.4739     | 1.2860       | 1.2716       | 1.0302   | (ADV -0.13)
12     | 3.4602     | 0.8585     | 1.3027       | 1.2990       | 0.4017     | 1.2652       | 1.2453       | 0.9825   | (ADV -0.12)
13     | 3.4035     | 0.8232     | 1.2905       | 1.2898       | 0.3473     | 1.2396       | 1.2206       | 1.0129   | (ADV -0.10)
14     | 3.3105     | 0.7741     | 1.2677       | 1.2687       | 0.3030     | 1.2128       | 1.1985       | 1.0389   | (ADV -0.09)
15     | 3.2628     | 0.7574     | 1.2497       | 1.2556       | 0.2827     | 1.1911       | 1.1765       | 1.0088   | (ADV -0.09)
16     | 3.1472     | 0.6874     | 1.2305       | 1.2293       | 0.2414     | 1.1599       | 1.1459       | 1.0142   | (ADV -0.09)
17     | 3.1505     | 0.7013     | 1.2168       | 1.2324       | 0.2490     | 1.1359       | 1.1318       | 1.0251   |           
18     | 3.0917     | 0.6723     | 1.2055       | 1.2139       | 0.2194     | 1.1137       | 1.1076       | 1.0291   | (ADV -0.09)
19     | 2.9865     | 0.6137     | 1.1751       | 1.1977       | 0.1985     | 1.0852       | 1.0902       | 1.0147   | (ADV -0.08)
20     | 2.9355     | 0.5975     | 1.1561       | 1.1820       | 0.1904     | 1.0490       | 1.0592       | 1.0198   |           
21     | 2.8929     | 0.5804     | 1.1419       | 1.1707       | 0.1811     | 1.0286       | 1.0417       | 1.0863   |           
22     | 2.8386     | 0.5547     | 1.1217       | 1.1622       | 0.1596     | 1.0041       | 1.0326       | 1.0879   |           
23     | 2.8363     | 0.5636     | 1.1113       | 1.1614       | 0.1562     | 0.9734       | 1.0199       | 1.0757   |           
24     | 2.7583     | 0.5202     | 1.0850       | 1.1530       | 0.1532     | 0.9582       | 1.0047       | 1.1319   |           
25     | 2.7206     | 0.5148     | 1.0641       | 1.1417       | 0.1481     | 0.9363       | 0.9941       | 1.0050   |           
26     | 2.7250     | 0.5211     | 1.0597       | 1.1442       | 0.1313     | 0.9121       | 0.9833       | 1.1041   |           
27     | 2.6768     | 0.5001     | 1.0405       | 1.1362       | 0.1293     | 0.8759       | 0.9764       | 1.1514   |           
28     | 2.6364     | 0.4744     | 1.0274       | 1.1346       | 0.1314     | 0.8385       | 0.9636       | 1.0576   |           
29     | 2.6407     | 0.4864     | 1.0245       | 1.1299       | 0.1277     | 0.8430       | 0.9506       | 1.0810   |           
30     | 2.5919     | 0.4685     | 1.0075       | 1.1159       | 0.1213     | 0.8114       | 0.9420       | 1.0774   |           
31     | 2.5854     | 0.4479     | 1.0000       | 1.1375       | 0.1206     | 0.7983       | 0.9300       | 1.1086   |           
32     | 2.5047     | 0.4234     | 0.9832       | 1.0981       | 0.1016     | 0.7884       | 0.9278       | 1.1181   |           
33     | 2.5191     | 0.4410     | 0.9763       | 1.1018       | 0.1053     | 0.7685       | 0.9205       | 1.1446   |           
34     | 2.4986     | 0.4374     | 0.9678       | 1.0934       | 0.0990     | 0.7678       | 0.9061       | 1.1408   |           
35     | 2.5676     | 0.4666     | 0.9824       | 1.1186       | 0.1047     | 0.7604       | 0.9026       | 1.0791   |           
36     | 2.4810     | 0.4253     | 0.9561       | 1.0996       | 0.1037     | 0.7419       | 0.9101       | 1.0939   |           
37     | 2.4861     | 0.4244     | 0.9600       | 1.1017       | 0.1083     | 0.7320       | 0.8902       | 1.0346   |           
38     | 2.5506     | 0.4587     | 0.9698       | 1.1221       | 0.1014     | 0.7362       | 0.9026       | 1.0286   |           
39     | 2.4736     | 0.4092     | 0.9627       | 1.1017       | 0.0997     | 0.7382       | 0.8925       | 1.0273   |           
40     | 2.4792     | 0.4132     | 0.9560       | 1.1100       | 0.0996     | 0.7304       | 0.9019       | 1.0751   |           
41     | 2.4827     | 0.4042     | 0.9629       | 1.1156       | 0.0919     | 0.7444       | 0.8968       | 1.0979   |           
42     | 2.5380     | 0.4511     | 0.9689       | 1.1180       | 0.1031     | 0.7604       | 0.9077       | 1.0157   |           
43     | 2.5121     | 0.4310     | 0.9720       | 1.1092       | 0.0884     | 0.7504       | 0.8977       | 1.0350   |           
44     | 2.5728     | 0.4519     | 0.9908       | 1.1301       | 0.0953     | 0.7504       | 0.9000       | 1.0532   |           
45     | 2.5075     | 0.4193     | 0.9749       | 1.1134       | 0.1073     | 0.7509       | 0.9060       | 1.0595   |           
46     | 2.5411     | 0.4211     | 0.9946       | 1.1253       | 0.0747     | 0.7620       | 0.9023       | 1.0818   |           
47     | 2.5843     | 0.4421     | 0.9997       | 1.1425       | 0.0982     | 0.7757       | 0.9078       | 0.9864   |           
48     | 2.5477     | 0.4134     | 1.0088       | 1.1255       | 0.0853     | 0.7881       | 0.9315       | 0.9691   |           
49     | 2.5896     | 0.4215     | 1.0234       | 1.1447       | 0.0846     | 0.7864       | 0.9469       | 0.9525   |           
50     | 2.5913     | 0.4294     | 1.0184       | 1.1436       | 0.1080     | 0.8078       | 0.9370       | 1.0213   |           
51     | 2.5964     | 0.4251     | 1.0334       | 1.1379       | 0.0859     | 0.7859       | 0.9110       | 0.9609   |           
52     | 2.6004     | 0.4186     | 1.0323       | 1.1495       | 0.0950     | 0.8031       | 0.9256       | 0.9931   |           
53     | 2.6464     | 0.4216     | 1.0489       | 1.1758       | 0.0925     | 0.8356       | 0.9680       | 0.9619   |           
54     | 2.6384     | 0.4276     | 1.0525       | 1.1582       | 0.0918     | 0.8326       | 0.9398       | 1.0004   |           
55     | 2.6662     | 0.4347     | 1.0699       | 1.1616       | 0.0999     | 0.8383       | 0.9462       | 1.0224   |           
56     | 2.6313     | 0.4129     | 1.0660       | 1.1524       | 0.0996     | 0.8650       | 0.9860       | 1.0386   |           
57     | 2.7220     | 0.4543     | 1.0881       | 1.1796       | 0.0810     | 0.8818       | 0.9778       | 1.0658   |           
58     | 2.7263     | 0.4500     | 1.1035       | 1.1728       | 0.1036     | 0.8666       | 0.9405       | 1.0457   |           
59     | 2.6908     | 0.4507     | 1.0880       | 1.1521       | 0.0874     | 0.8652       | 0.9307       | 1.0859   |           
60     | 2.6726     | 0.4227     | 1.0905       | 1.1593       | 0.0899     | 0.9168       | 0.9616       | 1.0821   |           
61     | 2.7000     | 0.4192     | 1.1062       | 1.1746       | 0.0877     | 0.8828       | 0.9738       | 1.0108   |           
62     | 2.7357     | 0.4596     | 1.1032       | 1.1728       | 0.1002     | 0.9390       | 0.9775       | 0.8968   |           
63     | 2.7173     | 0.4355     | 1.1068       | 1.1750       | 0.0913     | 0.8870       | 0.9458       | 1.0080   |           
64     | 2.7601     | 0.4573     | 1.1204       | 1.1824       | 0.0922     | 0.9113       | 0.9651       | 0.9517   |           
65     | 2.7386     | 0.4462     | 1.1172       | 1.1752       | 0.0905     | 0.9017       | 0.9371       | 0.9313   |           
66     | 2.8039     | 0.4847     | 1.1259       | 1.1934       | 0.0809     | 0.8949       | 0.9498       | 1.0736   |           
67     | 2.7226     | 0.4237     | 1.1125       | 1.1864       | 0.0783     | 0.8883       | 0.9571       | 1.0443   |           
68     | 2.7172     | 0.4277     | 1.1140       | 1.1755       | 0.0858     | 0.8920       | 0.9703       | 1.0146   |           
69     | 2.7246     | 0.4279     | 1.1097       | 1.1870       | 0.0814     | 0.9325       | 0.9612       | 1.0241   |           
70     | 2.6975     | 0.4161     | 1.1085       | 1.1728       | 0.0896     | 0.9369       | 1.0177       | 0.9535   |           
71     | 2.7756     | 0.4519     | 1.1236       | 1.2002       | 0.0914     | 0.9242       | 0.9825       | 1.0659   |           
72     | 2.7615     | 0.4386     | 1.1094       | 1.2136       | 0.0850     | 0.9182       | 0.9709       | 0.9839   |           
73     | 2.7580     | 0.4449     | 1.1122       | 1.2008       | 0.0770     | 0.9060       | 0.9902       | 1.0644   |           
74     | 2.7990     | 0.4676     | 1.1180       | 1.2134       | 0.0997     | 0.9015       | 0.9955       | 1.0384   |           
75     | 2.6853     | 0.4116     | 1.0939       | 1.1798       | 0.0972     | 0.9048       | 1.0111       | 1.0452   |           
76     | 2.7484     | 0.4578     | 1.0949       | 1.1957       | 0.0897     | 0.8750       | 0.9902       | 1.0670   |           
77     | 2.7838     | 0.4701     | 1.0985       | 1.2152       | 0.0942     | 0.8827       | 0.9869       | 1.0377   |           
78     | 2.6713     | 0.4040     | 1.0807       | 1.1866       | 0.0825     | 0.8847       | 1.0087       | 1.0584   |           
79     | 2.6888     | 0.4226     | 1.0792       | 1.1871       | 0.0799     | 0.9014       | 0.9922       | 1.1531   |           
80     | 2.7231     | 0.4424     | 1.0970       | 1.1837       | 0.0820     | 0.8686       | 0.9769       | 1.0761   |           
81     | 2.7119     | 0.4231     | 1.1063       | 1.1825       | 0.0867     | 0.8882       | 0.9874       | 1.1272   |           
82     | 2.7121     | 0.4300     | 1.1043       | 1.1778       | 0.0813     | 0.9018       | 1.0121       | 1.0873   |           
83     | 2.7261     | 0.4412     | 1.1011       | 1.1838       | 0.0858     | 0.8846       | 0.9990       | 1.1340   |           
84     | 2.6604     | 0.3775     | 1.0885       | 1.1944       | 0.1154     | 0.9063       | 1.0288       | 1.1008   |           
85     | 2.7724     | 0.4570     | 1.1010       | 1.2144       | 0.0947     | 0.8985       | 1.0308       | 1.0995   |           
86     | 2.7162     | 0.4132     | 1.1138       | 1.1892       | 0.0794     | 0.9085       | 1.0174       | 1.0089   |           
87     | 2.7191     | 0.4001     | 1.1099       | 1.2091       | 0.0901     | 0.9383       | 1.0386       | 1.1038   |           
88     | 2.7733     | 0.4418     | 1.1145       | 1.2170       | 0.0824     | 0.9233       | 1.0279       | 1.1385   |           
89     | 2.7832     | 0.4438     | 1.1279       | 1.2115       | 0.0865     | 0.9371       | 1.0275       | 1.0559   |           
90     | 2.7729     | 0.4332     | 1.1160       | 1.2236       | 0.0876     | 0.9538       | 1.0525       | 1.1601   |           
91     | 2.7711     | 0.4463     | 1.1207       | 1.2040       | 0.1152     | 0.9675       | 1.0381       | 1.1593   |           
92     | 2.7863     | 0.4602     | 1.1181       | 1.2081       | 0.0792     | 0.9359       | 1.0228       | 1.2032   |           
93     | 2.7175     | 0.4131     | 1.1115       | 1.1929       | 0.0778     | 0.9361       | 1.0104       | 1.0978   |           
94     | 2.7319     | 0.4289     | 1.1068       | 1.1963       | 0.0956     | 0.9579       | 1.0395       | 1.1320   |           
95     | 2.7084     | 0.4015     | 1.1084       | 1.1985       | 0.0932     | 0.9422       | 1.0424       | 1.0569   |           
96     | 2.7065     | 0.3971     | 1.1023       | 1.2071       | 0.0853     | 0.9548       | 1.0293       | 1.0678   |           
97     | 2.7534     | 0.4382     | 1.1151       | 1.2001       | 0.0828     | 0.9405       | 1.0339       | 1.0915   |           
98     | 2.7695     | 0.4371     | 1.1243       | 1.2081       | 0.0732     | 0.9530       | 1.0364       | 1.1053   |           
99     | 2.7636     | 0.4373     | 1.1247       | 1.2016       | 0.0766     | 0.9327       | 1.0233       | 1.0850   |           
100    | 2.7256     | 0.4225     | 1.1141       | 1.1890       | 0.0788     | 0.9422       | 1.0277       | 1.0650   |           
101    | 2.7692     | 0.4427     | 1.1205       | 1.2060       | 0.0704     | 0.9131       | 1.0120       | 1.0428   |           
102    | 2.7424     | 0.4290     | 1.1172       | 1.1962       | 0.0837     | 0.9395       | 1.0305       | 1.1178   |           
103    | 2.7203     | 0.3901     | 1.1341       | 1.1961       | 0.0904     | 0.9586       | 1.0318       | 0.9968   |           
104    | 2.7464     | 0.4220     | 1.1269       | 1.1974       | 0.0977     | 0.9763       | 1.0562       | 1.0827   |           
105    | 2.7285     | 0.4026     | 1.1195       | 1.2065       | 0.0686     | 0.9347       | 1.0304       | 1.0762   |           
106    | 2.7265     | 0.3975     | 1.1245       | 1.2045       | 0.0769     | 0.9482       | 1.0336       | 1.0086   |           
107    | 2.7602     | 0.4161     | 1.1382       | 1.2060       | 0.0772     | 0.9684       | 1.0290       | 1.0548   | (ADV -0.08)
108    | 2.7260     | 0.3972     | 1.1258       | 1.2031       | 0.0811     | 0.9651       | 1.0430       | 1.0312   |           
109    | 2.7316     | 0.3970     | 1.1435       | 1.1912       | 0.0765     | 0.9820       | 1.0442       | 1.0878   | (ADV -0.08)
110    | 2.7934     | 0.4415     | 1.1412       | 1.2106       | 0.0597     | 1.0270       | 1.0409       | 1.0726   | (ADV -0.06)
111    | 2.8029     | 0.4333     | 1.1545       | 1.2151       | 0.0725     | 0.9555       | 1.0365       | 1.0066   |           
112    | 2.7398     | 0.4071     | 1.1440       | 1.1887       | 0.0813     | 1.0036       | 1.0559       | 1.0927   |           
113    | 2.7786     | 0.4135     | 1.1593       | 1.2058       | 0.0727     | 0.9804       | 1.0504       | 1.0792   |           
114    | 2.7520     | 0.4086     | 1.1471       | 1.1963       | 0.0867     | 0.9838       | 1.0638       | 0.9617   |           
115    | 2.7315     | 0.3951     | 1.1285       | 1.2079       | 0.0658     | 0.9745       | 1.0676       | 1.0660   |           
116    | 2.7550     | 0.4061     | 1.1401       | 1.2088       | 0.0663     | 0.9714       | 1.0745       | 1.0327   |           
117    | 2.7640     | 0.3959     | 1.1541       | 1.2140       | 0.0856     | 0.9824       | 1.0569       | 1.0612   |           
118    | 2.7911     | 0.4428     | 1.1420       | 1.2064       | 0.0783     | 0.9895       | 1.0632       | 1.0037   |           
119    | 2.7682     | 0.4120     | 1.1412       | 1.2150       | 0.0880     | 0.9970       | 1.0617       | 1.0174   |           
120    | 2.7805     | 0.4066     | 1.1578       | 1.2162       | 0.0796     | 0.9831       | 1.0505       | 1.0659   |           
121    | 2.7712     | 0.4075     | 1.1576       | 1.2062       | 0.0765     | 1.0011       | 1.0515       | 1.0814   |           
122    | 2.7682     | 0.4054     | 1.1608       | 1.2020       | 0.0651     | 0.9793       | 1.0734       | 1.1097   |           
123    | 2.7406     | 0.3906     | 1.1520       | 1.1981       | 0.0711     | 0.9808       | 1.0788       | 0.9656   |           
124    | 2.7573     | 0.3998     | 1.1470       | 1.2105       | 0.0741     | 0.9807       | 1.0818       | 1.0466   |           
125    | 2.7416     | 0.3913     | 1.1504       | 1.2000       | 0.0841     | 1.0000       | 1.0892       | 1.0475   |           
126    | 2.7788     | 0.4213     | 1.1485       | 1.2090       | 0.0788     | 1.0041       | 1.0907       | 1.0017   |           
127    | 2.7888     | 0.4119     | 1.1671       | 1.2099       | 0.0769     | 0.9891       | 1.0930       | 1.0592   |           
128    | 2.8083     | 0.4377     | 1.1613       | 1.2093       | 0.0674     | 0.9981       | 1.0920       | 1.0687   |           
129    | 2.7933     | 0.4199     | 1.1619       | 1.2115       | 0.0889     | 1.0121       | 1.0821       | 1.0805   |           
130    | 2.7455     | 0.3743     | 1.1638       | 1.2074       | 0.0610     | 1.0047       | 1.0774       | 1.0963   |           
131    | 2.8162     | 0.4238     | 1.1694       | 1.2230       | 0.0726     | 1.0410       | 1.0670       | 1.0204   |           
132    | 2.7638     | 0.3965     | 1.1557       | 1.2115       | 0.0743     | 1.0100       | 1.0678       | 1.0745   |           
133    | 2.8234     | 0.4475     | 1.1535       | 1.2224       | 0.0725     | 1.0133       | 1.0829       | 1.0741   |           
134    | 2.7926     | 0.4137     | 1.1741       | 1.2048       | 0.0757     | 1.0203       | 1.0806       | 1.0427   |           
135    | 2.7934     | 0.4043     | 1.1666       | 1.2225       | 0.0634     | 1.0195       | 1.0850       | 1.1221   |           
136    | 2.7597     | 0.4057     | 1.1580       | 1.1961       | 0.0664     | 1.0369       | 1.0683       | 1.0231   |           
137    | 2.7830     | 0.3821     | 1.1811       | 1.2199       | 0.0806     | 1.0384       | 1.0784       | 1.0706   |           
138    | 2.8353     | 0.4266     | 1.1768       | 1.2319       | 0.0643     | 1.0430       | 1.1021       | 1.0358   |           
139    | 2.8184     | 0.4113     | 1.1869       | 1.2203       | 0.0586     | 1.0304       | 1.0921       | 0.9956   |           
140    | 2.7902     | 0.3952     | 1.1750       | 1.2200       | 0.0714     | 1.0416       | 1.0844       | 1.0391   |           
141    | 2.8440     | 0.4283     | 1.1877       | 1.2279       | 0.0710     | 1.0571       | 1.1260       | 1.0143   |           
142    | 2.8006     | 0.3973     | 1.1808       | 1.2225       | 0.0666     | 1.0746       | 1.1206       | 0.9873   | (ADV -0.05)
143    | 2.8240     | 0.4059     | 1.1836       | 1.2346       | 0.0861     | 1.0476       | 1.1328       | 1.0397   |           
144    | 2.8086     | 0.4144     | 1.1769       | 1.2174       | 0.0732     | 1.0523       | 1.1263       | 1.0167   |           
145    | 2.8006     | 0.3917     | 1.1784       | 1.2304       | 0.0702     | 1.0493       | 1.1259       | 1.0161   |           
146    | 2.7740     | 0.3779     | 1.1830       | 1.2131       | 0.0660     | 1.0488       | 1.1165       | 1.0454   |           
147    | 2.8051     | 0.4025     | 1.1786       | 1.2241       | 0.0607     | 1.0525       | 1.1129       | 1.0939   |           
148    | 2.7962     | 0.3923     | 1.1855       | 1.2184       | 0.0585     | 1.0437       | 1.1203       | 1.0449   |           
149    | 2.7685     | 0.3633     | 1.1852       | 1.2200       | 0.0651     | 1.0491       | 1.1198       | 1.1713   |           
150    | 2.8123     | 0.4029     | 1.1772       | 1.2322       | 0.0766     | 1.0653       | 1.1140       | 1.0807   |           
151    | 2.8034     | 0.3995     | 1.1818       | 1.2221       | 0.0956     | 1.0502       | 1.1208       | 1.0720   |           
152    | 2.8076     | 0.4087     | 1.1757       | 1.2232       | 0.0744     | 1.0714       | 1.1209       | 1.0450   |           
153    | 2.7965     | 0.3891     | 1.1825       | 1.2250       | 0.0805     | 1.0565       | 1.1432       | 1.0298   |           
154    | 2.7993     | 0.3698     | 1.1846       | 1.2450       | 0.0824     | 1.0892       | 1.1490       | 0.9995   |           
155    | 2.8211     | 0.3886     | 1.1871       | 1.2454       | 0.0654     | 1.0750       | 1.1366       | 1.0428   |           
156    | 2.8066     | 0.3781     | 1.1905       | 1.2380       | 0.0632     | 1.0732       | 1.1446       | 1.0144   |           
157    | 2.7981     | 0.3687     | 1.1918       | 1.2376       | 0.0762     | 1.0866       | 1.1517       | 1.0580   |           
158    | 2.8139     | 0.3720     | 1.2001       | 1.2418       | 0.0747     | 1.0937       | 1.1545       | 1.0018   |           
159    | 2.8421     | 0.3864     | 1.2071       | 1.2486       | 0.0660     | 1.0853       | 1.1724       | 1.0569   |           
160    | 2.8198     | 0.3782     | 1.2007       | 1.2409       | 0.0868     | 1.0967       | 1.1477       | 0.9895   |           
161    | 2.8504     | 0.3938     | 1.2027       | 1.2539       | 0.0746     | 1.0957       | 1.1468       | 0.9455   | (ADV -0.05)
162    | 2.8251     | 0.3729     | 1.2001       | 1.2521       | 0.0572     | 1.0895       | 1.1451       | 1.0023   | (ADV -0.05)
163    | 2.8339     | 0.3780     | 1.2106       | 1.2453       | 0.0656     | 1.0803       | 1.1447       | 1.0694   |           
164    | 2.8394     | 0.3801     | 1.2095       | 1.2498       | 0.0724     | 1.0759       | 1.1477       | 1.0520   |           
165    | 2.8021     | 0.3649     | 1.1925       | 1.2446       | 0.0754     | 1.0913       | 1.1660       | 0.9776   |           
166    | 2.8581     | 0.3968     | 1.2055       | 1.2558       | 0.0651     | 1.1165       | 1.1627       | 1.0024   | (ADV -0.05)
167    | 2.8453     | 0.3674     | 1.2173       | 1.2606       | 0.0694     | 1.1095       | 1.1892       | 1.0250   |           
168    | 2.8629     | 0.3794     | 1.2221       | 1.2614       | 0.0706     | 1.1042       | 1.1921       | 1.0577   |           
169    | 2.8578     | 0.3756     | 1.2219       | 1.2603       | 0.0828     | 1.0927       | 1.1786       | 0.9624   |           
170    | 2.8535     | 0.3837     | 1.2124       | 1.2575       | 0.0809     | 1.1189       | 1.1785       | 1.0706   |           
171    | 2.8598     | 0.3880     | 1.2224       | 1.2494       | 0.0689     | 1.1235       | 1.1761       | 1.0551   |           
172    | 2.8798     | 0.3816     | 1.2284       | 1.2698       | 0.0919     | 1.1004       | 1.1819       | 1.0583   |           
173    | 2.8159     | 0.3436     | 1.2144       | 1.2580       | 0.0700     | 1.1122       | 1.1864       | 1.0676   |           
174    | 2.8400     | 0.3603     | 1.2195       | 1.2602       | 0.0912     | 1.1245       | 1.1904       | 1.0589   |           
175    | 2.8640     | 0.3734     | 1.2284       | 1.2622       | 0.0678     | 1.1249       | 1.1863       | 1.1036   |           
176    | 2.8692     | 0.3821     | 1.2226       | 1.2644       | 0.0605     | 1.1340       | 1.1582       | 1.0055   | (ADV -0.04)
177    | 2.8524     | 0.3692     | 1.2216       | 1.2616       | 0.0755     | 1.1269       | 1.1927       | 1.0509   |           
178    | 2.8184     | 0.3429     | 1.2225       | 1.2531       | 0.0601     | 1.1175       | 1.1740       | 0.9339   |           
179    | 2.8359     | 0.3553     | 1.2277       | 1.2530       | 0.0647     | 1.1203       | 1.1572       | 0.9950   |           
180    | 2.8351     | 0.3493     | 1.2288       | 1.2570       | 0.0528     | 1.1197       | 1.1676       | 1.0360   |           
181    | 2.8204     | 0.3303     | 1.2437       | 1.2464       | 0.0848     | 1.1598       | 1.1671       | 1.0010   | (ADV -0.03)
182    | 2.8528     | 0.3673     | 1.2330       | 1.2525       | 0.0608     | 1.1484       | 1.1653       | 1.0701   | (ADV -0.03)
183    | 2.9134     | 0.4213     | 1.2380       | 1.2540       | 0.0736     | 1.1493       | 1.1855       | 1.0114   |           
184    | 2.8606     | 0.3688     | 1.2366       | 1.2551       | 0.0639     | 1.1454       | 1.1864       | 1.0854   |           
185    | 2.8635     | 0.3600     | 1.2354       | 1.2681       | 0.0607     | 1.1422       | 1.2007       | 1.0917   |           
186    | 2.8729     | 0.3530     | 1.2499       | 1.2700       | 0.0531     | 1.1483       | 1.1977       | 1.0898   |           
187    | 2.8563     | 0.3463     | 1.2417       | 1.2682       | 0.0714     | 1.1400       | 1.2045       | 1.1326   |           
188    | 2.9217     | 0.4024     | 1.2379       | 1.2814       | 0.0582     | 1.1460       | 1.1912       | 1.0724   |           
189    | 2.8709     | 0.3507     | 1.2403       | 1.2799       | 0.0692     | 1.1525       | 1.1891       | 1.2201   |           
190    | 2.8665     | 0.3613     | 1.2322       | 1.2729       | 0.0663     | 1.1477       | 1.1906       | 1.0497   |           
191    | 2.8641     | 0.3404     | 1.2495       | 1.2742       | 0.0688     | 1.1501       | 1.1939       | 1.1443   |           
192    | 2.8915     | 0.3605     | 1.2529       | 1.2781       | 0.0786     | 1.1576       | 1.1957       | 1.0827   |           
193    | 2.8959     | 0.3506     | 1.2600       | 1.2853       | 0.0619     | 1.1525       | 1.2015       | 1.0851   |           
194    | 2.8715     | 0.3362     | 1.2534       | 1.2819       | 0.0751     | 1.1773       | 1.2019       | 1.0173   |           
195    | 2.9256     | 0.3868     | 1.2583       | 1.2805       | 0.0677     | 1.1541       | 1.1923       | 1.0205   |           
196    | 2.8884     | 0.3625     | 1.2519       | 1.2740       | 0.0719     | 1.1814       | 1.2021       | 1.0517   | (ADV -0.03)
197    | 2.8937     | 0.3577     | 1.2625       | 1.2736       | 0.0665     | 1.1719       | 1.1994       | 0.9788   |           
198    | 2.8997     | 0.3578     | 1.2638       | 1.2781       | 0.0571     | 1.1723       | 1.1983       | 1.0440   | (ADV -0.03)
199    | 2.9005     | 0.3663     | 1.2587       | 1.2755       | 0.0911     | 1.1934       | 1.2171       | 1.0729   |           
200    | 2.9025     | 0.3508     | 1.2707       | 1.2810       | 0.0578     | 1.1785       | 1.2125       | 1.1583   |           
201    | 2.9083     | 0.3610     | 1.2624       | 1.2848       | 0.0680     | 1.1737       | 1.2126       | 1.0644   |           
202    | 2.8681     | 0.3317     | 1.2559       | 1.2805       | 0.0810     | 1.1838       | 1.2277       | 1.1437   |           
203    | 2.8784     | 0.3308     | 1.2601       | 1.2875       | 0.0964     | 1.1834       | 1.2271       | 1.0957   |           
204    | 2.8469     | 0.3126     | 1.2613       | 1.2730       | 0.0782     | 1.1897       | 1.2208       | 1.1932   |           
205    | 2.9339     | 0.3842     | 1.2728       | 1.2769       | 0.0563     | 1.1881       | 1.2231       | 1.1508   | (ADV -0.03)
206    | 2.8839     | 0.3305     | 1.2662       | 1.2872       | 0.0703     | 1.1895       | 1.2254       | 1.1715   |           
207    | 2.8741     | 0.3200     | 1.2690       | 1.2851       | 0.0597     | 1.2062       | 1.2135       | 1.0694   | (ADV -0.02)
208    | 2.8834     | 0.3337     | 1.2707       | 1.2790       | 0.0614     | 1.1888       | 1.2153       | 1.2095   |           
209    | 2.9140     | 0.3678     | 1.2670       | 1.2792       | 0.0732     | 1.2121       | 1.2165       | 1.1518   |           
210    | 2.8817     | 0.3224     | 1.2750       | 1.2843       | 0.0644     | 1.2141       | 1.2338       | 1.1209   |           
211    | 2.8940     | 0.3264     | 1.2843       | 1.2834       | 0.0648     | 1.2113       | 1.2239       | 1.1634   |           
212    | 2.8830     | 0.3122     | 1.2842       | 1.2865       | 0.0712     | 1.2252       | 1.2519       | 1.1413   |           
213    | 2.8987     | 0.3294     | 1.2783       | 1.2909       | 0.0747     | 1.2183       | 1.2343       | 1.0834   |           
214    | 2.8857     | 0.3165     | 1.2792       | 1.2900       | 0.0542     | 1.2207       | 1.2428       | 1.1133   | (ADV -0.02)
215    | 2.9250     | 0.3586     | 1.2769       | 1.2895       | 0.0541     | 1.2068       | 1.2357       | 1.0885   |           
216    | 2.9022     | 0.3365     | 1.2764       | 1.2893       | 0.0659     | 1.2031       | 1.2399       | 1.0787   |           
217    | 2.9032     | 0.3342     | 1.2771       | 1.2918       | 0.0842     | 1.2294       | 1.2410       | 1.1349   |           
218    | 2.9049     | 0.3332     | 1.2807       | 1.2910       | 0.0608     | 1.2184       | 1.2528       | 1.0655   |           
219    | 2.9001     | 0.3239     | 1.2816       | 1.2946       | 0.0638     | 1.2157       | 1.2491       | 1.1532   |           
220    | 2.9276     | 0.3405     | 1.2866       | 1.3005       | 0.0662     | 1.2214       | 1.2509       | 1.1667   |           
221    | 2.8621     | 0.2945     | 1.2790       | 1.2886       | 0.0507     | 1.2309       | 1.2592       | 1.1509   | (ADV -0.01)
222    | 2.9222     | 0.3270     | 1.2893       | 1.3059       | 0.0587     | 1.2255       | 1.2639       | 1.1493   |           
223    | 2.8940     | 0.3037     | 1.2942       | 1.2961       | 0.0813     | 1.2388       | 1.2620       | 1.1246   |           
224    | 2.9127     | 0.3177     | 1.2934       | 1.3016       | 0.0679     | 1.2357       | 1.2638       | 1.1124   |           
225    | 2.8741     | 0.2869     | 1.2900       | 1.2972       | 0.0610     | 1.2446       | 1.2628       | 1.1170   | (ADV -0.01)
226    | 2.9019     | 0.3052     | 1.2936       | 1.3030       | 0.0475     | 1.2479       | 1.2679       | 1.1355   | (ADV -0.01)
227    | 2.9363     | 0.3327     | 1.2993       | 1.3043       | 0.0540     | 1.2259       | 1.2672       | 1.1618   |           
228    | 2.8797     | 0.2948     | 1.2885       | 1.2964       | 0.0631     | 1.2451       | 1.2665       | 1.1184   |           
229    | 2.9240     | 0.3305     | 1.2880       | 1.3055       | 0.0491     | 1.2409       | 1.2724       | 1.2032   |           
230    | 2.9128     | 0.3102     | 1.2981       | 1.3045       | 0.0871     | 1.2466       | 1.2706       | 1.1480   |           
231    | 2.8888     | 0.2958     | 1.2938       | 1.2993       | 0.0676     | 1.2263       | 1.2629       | 1.1022   |           
232    | 2.9052     | 0.3137     | 1.2892       | 1.3023       | 0.0706     | 1.2343       | 1.2782       | 1.0619   |           
233    | 2.8912     | 0.2842     | 1.2961       | 1.3109       | 0.0572     | 1.2524       | 1.2784       | 1.0923   |           
234    | 2.9097     | 0.3030     | 1.2944       | 1.3123       | 0.0515     | 1.2519       | 1.2720       | 1.1647   |           
235    | 2.9172     | 0.3059     | 1.3022       | 1.3092       | 0.0440     | 1.2540       | 1.2854       | 1.1008   | (ADV -0.01)
236    | 2.9288     | 0.3158     | 1.3014       | 1.3115       | 0.0547     | 1.2522       | 1.2824       | 1.1206   |           
237    | 2.9067     | 0.3040     | 1.2951       | 1.3077       | 0.0529     | 1.2529       | 1.2814       | 1.1237   |           
238    | 2.9144     | 0.2949     | 1.3012       | 1.3184       | 0.0561     | 1.2550       | 1.2834       | 1.0860   |           
239    | 2.9200     | 0.2977     | 1.3061       | 1.3162       | 0.0630     | 1.2476       | 1.2842       | 1.2166   |           
240    | 2.9189     | 0.3006     | 1.2990       | 1.3192       | 0.0694     | 1.2559       | 1.2896       | 1.0949   |           
241    | 2.9033     | 0.2856     | 1.3018       | 1.3159       | 0.0650     | 1.2605       | 1.2925       | 1.0837   |           
242    | 2.9462     | 0.3193     | 1.3043       | 1.3225       | 0.0480     | 1.2437       | 1.2921       | 1.1524   |           
243    | 2.9272     | 0.3073     | 1.2976       | 1.3223       | 0.0761     | 1.2481       | 1.2947       | 1.0967   |           
244    | 2.9363     | 0.3126     | 1.3000       | 1.3237       | 0.0564     | 1.2518       | 1.2879       | 1.1064   |           
245    | 2.9042     | 0.2944     | 1.2961       | 1.3137       | 0.0580     | 1.2617       | 1.2954       | 1.0776   |           
246    | 2.9468     | 0.3233     | 1.3058       | 1.3177       | 0.0508     | 1.2577       | 1.2966       | 1.1992   |           
247    | 2.9039     | 0.2738     | 1.3063       | 1.3238       | 0.0488     | 1.2720       | 1.2962       | 1.1480   | (ADV -0.01)
248    | 2.9213     | 0.2972     | 1.3038       | 1.3203       | 0.0502     | 1.2779       | 1.2958       | 1.1748   | (ADV -0.00)
249    | 2.9569     | 0.3199     | 1.3104       | 1.3266       | 0.0600     | 1.2584       | 1.2933       | 1.1590   |           
250    | 2.9420     | 0.3110     | 1.3085       | 1.3225       | 0.0726     | 1.2660       | 1.2939       | 1.1869   |           
251    | 2.9312     | 0.2983     | 1.3085       | 1.3244       | 0.0489     | 1.2492       | 1.2949       | 1.1375   |           
252    | 2.9262     | 0.2944     | 1.3046       | 1.3273       | 0.0563     | 1.2646       | 1.2959       | 1.0281   |           
253    | 2.9400     | 0.3095     | 1.3050       | 1.3255       | 0.0583     | 1.2617       | 1.2987       | 1.0890   |           
254    | 2.8721     | 0.2521     | 1.2978       | 1.3223       | 0.0607     | 1.2698       | 1.3004       | 1.0954   |           
255    | 2.9118     | 0.2794     | 1.3062       | 1.3263       | 0.0691     | 1.2574       | 1.2972       | 1.1679   |           
256    | 2.9234     | 0.2923     | 1.3021       | 1.3289       | 0.0611     | 1.2827       | 1.2982       | 1.0591   |           
257    | 2.9755     | 0.3343     | 1.3112       | 1.3300       | 0.0674     | 1.2703       | 1.3069       | 1.1566   |           
258    | 2.8870     | 0.2593     | 1.3004       | 1.3273       | 0.0547     | 1.2621       | 1.2994       | 1.0998   |           
259    | 2.9235     | 0.2908     | 1.3087       | 1.3240       | 0.0494     | 1.2749       | 1.2996       | 1.1653   |           
260    | 2.9173     | 0.2744     | 1.3118       | 1.3311       | 0.0691     | 1.2855       | 1.3039       | 1.1025   |           
261    | 2.9301     | 0.2919     | 1.3087       | 1.3294       | 0.0581     | 1.2696       | 1.2996       | 1.1492   |           
262    | 2.9330     | 0.2945     | 1.3088       | 1.3297       | 0.0487     | 1.2679       | 1.2999       | 1.2080   |           
263    | 2.9220     | 0.2844     | 1.3076       | 1.3301       | 0.0605     | 1.2746       | 1.3039       | 1.1657   |           
264    | 2.9299     | 0.2819     | 1.3120       | 1.3360       | 0.0489     | 1.2785       | 1.3009       | 1.0175   |           
265    | 2.8958     | 0.2557     | 1.3072       | 1.3328       | 0.0690     | 1.2651       | 1.3123       | 1.1918   |           
266    | 2.9561     | 0.3129     | 1.3089       | 1.3343       | 0.0542     | 1.2727       | 1.3007       | 1.0895   |           
267    | 2.9463     | 0.3088     | 1.3115       | 1.3260       | 0.0574     | 1.2711       | 1.3037       | 1.1411   |           
268    | 2.9385     | 0.3100     | 1.2990       | 1.3296       | 0.0653     | 1.2627       | 1.3050       | 1.0702   |           
269    | 2.9275     | 0.2938     | 1.3048       | 1.3290       | 0.0642     | 1.2705       | 1.3053       | 1.1321   |           
270    | 2.9268     | 0.2887     | 1.3073       | 1.3308       | 0.0742     | 1.2554       | 1.3054       | 1.1079   |           
271    | 2.9195     | 0.2788     | 1.3079       | 1.3328       | 0.0533     | 1.2716       | 1.3000       | 1.1086   |           
272    | 2.9010     | 0.2636     | 1.3090       | 1.3284       | 0.0584     | 1.2731       | 1.3074       | 1.0508   |           
273    | 2.9211     | 0.2854     | 1.3064       | 1.3293       | 0.0582     | 1.2579       | 1.3112       | 1.1068   |           
274    | 2.9179     | 0.2757     | 1.3076       | 1.3346       | 0.0596     | 1.2732       | 1.3163       | 1.1707   |           
275    | 2.9184     | 0.2688     | 1.3087       | 1.3410       | 0.0558     | 1.2643       | 1.3259       | 1.0664   |           
276    | 2.9475     | 0.2970     | 1.3044       | 1.3461       | 0.0619     | 1.2695       | 1.3318       | 1.0490   |           
277    | 2.9226     | 0.2739     | 1.3081       | 1.3406       | 0.0587     | 1.2596       | 1.3187       | 1.0380   |           
278    | 2.9422     | 0.2934     | 1.3084       | 1.3404       | 0.0613     | 1.2715       | 1.3162       | 1.1253   |           
279    | 2.8928     | 0.2515     | 1.3073       | 1.3341       | 0.0597     | 1.2880       | 1.3175       | 1.0231   |           
280    | 2.9298     | 0.2781     | 1.3158       | 1.3359       | 0.0559     | 1.2826       | 1.3178       | 1.0749   |           
281    | 2.9314     | 0.2849     | 1.3114       | 1.3351       | 0.0560     | 1.2768       | 1.3106       | 1.0545   |           
282    | 2.9152     | 0.2653     | 1.3131       | 1.3368       | 0.0646     | 1.2687       | 1.3147       | 1.0233   |           
283    | 2.9411     | 0.2887     | 1.3118       | 1.3406       | 0.0707     | 1.2631       | 1.2968       | 1.0087   |           
284    | 2.9234     | 0.2718     | 1.3198       | 1.3318       | 0.0634     | 1.2704       | 1.3083       | 1.0503   |           
285    | 2.9062     | 0.2629     | 1.3146       | 1.3287       | 0.0589     | 1.2741       | 1.3078       | 1.1272   |           
286    | 2.9502     | 0.3013     | 1.3182       | 1.3306       | 0.0655     | 1.2783       | 1.3116       | 1.0888   |           
287    | 2.9102     | 0.2690     | 1.3133       | 1.3279       | 0.0473     | 1.2729       | 1.3103       | 1.0780   |           
288    | 2.9106     | 0.2706     | 1.3098       | 1.3301       | 0.0504     | 1.2682       | 1.3088       | 1.0888   |           
289    | 2.9121     | 0.2683     | 1.3159       | 1.3279       | 0.0585     | 1.2714       | 1.3092       | 1.1146   |           
290    | 2.9072     | 0.2548     | 1.3162       | 1.3362       | 0.0729     | 1.2885       | 1.3130       | 1.0930   |           
291    | 2.9124     | 0.2556     | 1.3214       | 1.3354       | 0.0551     | 1.2778       | 1.3121       | 1.1399   |           
292    | 2.8912     | 0.2465     | 1.3167       | 1.3280       | 0.0659     | 1.2795       | 1.3104       | 1.0720   |           
293    | 2.9310     | 0.2762     | 1.3206       | 1.3341       | 0.0549     | 1.2923       | 1.3120       | 1.1008   | (ADV -0.00)
294    | 2.9442     | 0.2873     | 1.3226       | 1.3343       | 0.0531     | 1.2824       | 1.3151       | 1.1074   |           
295    | 2.9315     | 0.2856     | 1.3183       | 1.3276       | 0.0653     | 1.2814       | 1.3072       | 1.0868   |           
296    | 2.8951     | 0.2491     | 1.3150       | 1.3311       | 0.0571     | 1.2816       | 1.3136       | 1.0560   |           
297    | 2.9133     | 0.2570     | 1.3228       | 1.3335       | 0.0604     | 1.2861       | 1.3102       | 1.0770   |           
298    | 2.9007     | 0.2580     | 1.3166       | 1.3261       | 0.0629     | 1.2850       | 1.3083       | 1.0492   |           
299    | 2.9532     | 0.2973     | 1.3221       | 1.3338       | 0.0518     | 1.2919       | 1.3096       | 1.1225   | (ADV -0.00)
300    | 2.9215     | 0.2669     | 1.3238       | 1.3308       | 0.0727     | 1.2881       | 1.3123       | 1.0707   |           
301    | 2.9151     | 0.2618     | 1.3233       | 1.3300       | 0.0672     | 1.2795       | 1.3107       | 1.1041   |           
302    | 2.9184     | 0.2707     | 1.3172       | 1.3305       | 0.0707     | 1.2877       | 1.3172       | 1.1259   |           
303    | 2.9325     | 0.2862     | 1.3139       | 1.3323       | 0.0657     | 1.2877       | 1.3149       | 1.0981   |           
304    | 2.9164     | 0.2716     | 1.3160       | 1.3289       | 0.0603     | 1.2905       | 1.3096       | 1.0958   |           
305    | 2.9028     | 0.2594     | 1.3128       | 1.3307       | 0.0687     | 1.2751       | 1.3202       | 1.0847   |           
306    | 2.8936     | 0.2426     | 1.3173       | 1.3338       | 0.0632     | 1.2814       | 1.3122       | 1.0385   |           
307    | 2.9190     | 0.2625     | 1.3221       | 1.3344       | 0.0701     | 1.2816       | 1.3189       | 1.0573   |           
308    | 2.8997     | 0.2414     | 1.3237       | 1.3346       | 0.0592     | 1.2821       | 1.3141       | 1.1161   |           
309    | 2.9076     | 0.2603     | 1.3156       | 1.3316       | 0.0718     | 1.2855       | 1.3191       | 1.0856   |           
310    | 2.9195     | 0.2633     | 1.3254       | 1.3307       | 0.0458     | 1.2927       | 1.3099       | 1.1155   | (ADV 0.00)
311    | 2.9049     | 0.2508     | 1.3223       | 1.3318       | 0.0535     | 1.2933       | 1.3106       | 1.1378   |           
312    | 2.9159     | 0.2627     | 1.3196       | 1.3336       | 0.0453     | 1.2953       | 1.3050       | 1.1348   | (ADV 0.00)
313    | 2.9301     | 0.2730     | 1.3263       | 1.3308       | 0.0728     | 1.2931       | 1.3139       | 1.1310   |           
314    | 2.9218     | 0.2673     | 1.3222       | 1.3324       | 0.0576     | 1.2893       | 1.3147       | 1.1003   |           
315    | 2.9097     | 0.2538     | 1.3237       | 1.3322       | 0.0685     | 1.2967       | 1.3215       | 1.0912   |           
316    | 2.9242     | 0.2727     | 1.3187       | 1.3328       | 0.0656     | 1.2815       | 1.3204       | 0.9943   |           
317    | 2.9015     | 0.2522     | 1.3180       | 1.3313       | 0.0594     | 1.2807       | 1.3191       | 1.0793   |           
318    | 2.9164     | 0.2628     | 1.3237       | 1.3299       | 0.0512     | 1.2944       | 1.3156       | 1.0632   |           
319    | 2.9091     | 0.2637     | 1.3138       | 1.3316       | 0.0574     | 1.3027       | 1.3122       | 1.1156   |           
320    | 2.8924     | 0.2392     | 1.3204       | 1.3329       | 0.0546     | 1.3031       | 1.3177       | 1.0319   |           
321    | 2.9080     | 0.2569     | 1.3219       | 1.3292       | 0.0451     | 1.2869       | 1.3145       | 1.0738   |           
322    | 2.9315     | 0.2757     | 1.3229       | 1.3329       | 0.0729     | 1.2892       | 1.3211       | 0.9870   |           
323    | 2.9172     | 0.2602     | 1.3229       | 1.3341       | 0.0689     | 1.2916       | 1.3188       | 1.0521   |           
324    | 2.9117     | 0.2556     | 1.3226       | 1.3335       | 0.0546     | 1.2931       | 1.3118       | 1.1131   |           
325    | 2.8986     | 0.2443     | 1.3255       | 1.3288       | 0.0725     | 1.2960       | 1.3197       | 1.2004   |           
326    | 2.9075     | 0.2528     | 1.3191       | 1.3356       | 0.0597     | 1.2896       | 1.3216       | 1.0343   |           
327    | 2.9444     | 0.2919     | 1.3210       | 1.3314       | 0.0954     | 1.2861       | 1.3279       | 1.1678   |           
328    | 2.8942     | 0.2435     | 1.3191       | 1.3316       | 0.0632     | 1.2861       | 1.3197       | 1.0595   |           
329    | 2.9084     | 0.2592     | 1.3201       | 1.3291       | 0.0588     | 1.2772       | 1.3148       | 1.1014   |           
330    | 2.8967     | 0.2496     | 1.3180       | 1.3291       | 0.0614     | 1.2861       | 1.3139       | 1.1817   |           
331    | 2.9250     | 0.2740     | 1.3173       | 1.3337       | 0.0599     | 1.2855       | 1.3163       | 1.0943   |           
332    | 2.8971     | 0.2469     | 1.3178       | 1.3325       | 0.0490     | 1.2822       | 1.3196       | 1.0814   |           
333    | 2.9098     | 0.2561     | 1.3184       | 1.3353       | 0.0563     | 1.2946       | 1.3206       | 1.0575   |           
334    | 2.9016     | 0.2493     | 1.3169       | 1.3355       | 0.0617     | 1.2825       | 1.3230       | 1.1410   |           
335    | 2.8960     | 0.2446     | 1.3205       | 1.3308       | 0.0666     | 1.2991       | 1.3247       | 1.0624   |           
336    | 2.8823     | 0.2244     | 1.3208       | 1.3371       | 0.0678     | 1.2893       | 1.3242       | 1.1746   |           
337    | 2.9080     | 0.2506     | 1.3219       | 1.3355       | 0.0605     | 1.2874       | 1.3202       | 1.0347   |           
338    | 2.8860     | 0.2308     | 1.3231       | 1.3320       | 0.0537     | 1.2850       | 1.3195       | 1.0976   |           
339    | 2.9124     | 0.2559     | 1.3194       | 1.3370       | 0.0604     | 1.2876       | 1.3222       | 1.1093   |           
340    | 2.9207     | 0.2642     | 1.3221       | 1.3344       | 0.0656     | 1.2842       | 1.3217       | 1.0277   |           
341    | 2.9009     | 0.2457     | 1.3194       | 1.3358       | 0.0778     | 1.2925       | 1.3285       | 1.1227   |           
342    | 2.9605     | 0.3036     | 1.3215       | 1.3354       | 0.0567     | 1.2942       | 1.3130       | 1.0907   |           
343    | 2.8916     | 0.2434     | 1.3195       | 1.3287       | 0.0817     | 1.2821       | 1.3214       | 1.0954   |           
/home/mcslab/yutung/MCSLAB_RSSI_RTT_Dataset/FusionCDAN/fusion_cdan_v2_noRSSIDiff.py:201: FutureWarning: DataFrameGroupBy.apply operated on the grouping columns. This behavior is deprecated, and in a future version of pandas the grouping columns will be excluded from the operation. Either pass `include_groups=False` to exclude the groupings or explicitly select the grouping columns after groupby to silence this warning.
  df = df.groupby('Label').apply(
/home/mcslab/yutung/MCSLAB_RSSI_RTT_Dataset/FusionCDAN/fusion_cdan_v2_noRSSIDiff.py:201: FutureWarning: DataFrameGroupBy.apply operated on the grouping columns. This behavior is deprecated, and in a future version of pandas the grouping columns will be excluded from the operation. Either pass `include_groups=False` to exclude the groupings or explicitly select the grouping columns after groupby to silence this warning.
  df = df.groupby('Label').apply(
344    | 2.8897     | 0.2415     | 1.3153       | 1.3329       | 0.0461     | 1.2884       | 1.3207       | 1.1524   |           
345    | 2.8673     | 0.2101     | 1.3211       | 1.3362       | 0.0604     | 1.3018       | 1.3270       | 1.1364   |           
346    | 2.9069     | 0.2504     | 1.3230       | 1.3335       | 0.0673     | 1.2916       | 1.3148       | 1.1972   |           
347    | 2.9196     | 0.2712     | 1.3161       | 1.3323       | 0.0670     | 1.2927       | 1.3235       | 1.1344   |           
348    | 2.8930     | 0.2374     | 1.3207       | 1.3349       | 0.0603     | 1.2997       | 1.3297       | 1.1742   |           
349    | 2.8957     | 0.2353     | 1.3242       | 1.3363       | 0.0473     | 1.2966       | 1.3163       | 1.0850   |           
350    | 2.9097     | 0.2508     | 1.3244       | 1.3345       | 0.0726     | 1.3081       | 1.3261       | 1.1003   |           
351    | 2.9117     | 0.2524     | 1.3219       | 1.3375       | 0.0565     | 1.2870       | 1.3162       | 1.1168   |           
352    | 2.9147     | 0.2569     | 1.3218       | 1.3361       | 0.0551     | 1.2934       | 1.3192       | 1.1116   |           
353    | 2.8914     | 0.2321     | 1.3223       | 1.3370       | 0.0520     | 1.2898       | 1.3147       | 1.0691   |           
354    | 2.8834     | 0.2329     | 1.3175       | 1.3330       | 0.0645     | 1.2852       | 1.3179       | 1.1539   |           
355    | 2.9140     | 0.2626     | 1.3201       | 1.3314       | 0.0477     | 1.2932       | 1.3203       | 1.1914   |           
356    | 2.8794     | 0.2274     | 1.3199       | 1.3321       | 0.0638     | 1.2933       | 1.3233       | 1.1399   |           
357    | 2.8970     | 0.2359     | 1.3227       | 1.3385       | 0.0664     | 1.2873       | 1.3324       | 1.1087   |           
358    | 2.9002     | 0.2388     | 1.3228       | 1.3386       | 0.0646     | 1.2983       | 1.3264       | 1.2281   |           
359    | 2.9062     | 0.2466     | 1.3246       | 1.3350       | 0.0734     | 1.3002       | 1.3262       | 1.1579   |           
360    | 2.9218     | 0.2614     | 1.3248       | 1.3357       | 0.0588     | 1.2878       | 1.3210       | 1.1012   |           
361    | 2.9091     | 0.2502     | 1.3245       | 1.3344       | 0.0631     | 1.2890       | 1.3206       | 1.1104   |           
362    | 2.9023     | 0.2405     | 1.3242       | 1.3375       | 0.0583     | 1.2898       | 1.3208       | 1.1707   |           
363    | 2.9097     | 0.2480     | 1.3249       | 1.3368       | 0.0650     | 1.3034       | 1.3253       | 1.1283   |           
364    | 2.8991     | 0.2425     | 1.3199       | 1.3367       | 0.0555     | 1.2885       | 1.3241       | 1.2218   |           
365    | 2.9330     | 0.2746     | 1.3219       | 1.3364       | 0.0692     | 1.2896       | 1.3323       | 1.0994   |           
366    | 2.9362     | 0.2757     | 1.3209       | 1.3395       | 0.0537     | 1.2967       | 1.3227       | 1.0691   |           
367    | 2.8801     | 0.2174     | 1.3249       | 1.3378       | 0.0650     | 1.3005       | 1.3229       | 1.1043   |           
368    | 2.8885     | 0.2323     | 1.3210       | 1.3352       | 0.0646     | 1.2920       | 1.3202       | 1.2337   |           
369    | 2.8924     | 0.2333     | 1.3255       | 1.3335       | 0.0623     | 1.2898       | 1.3294       | 1.2684   |           
370    | 2.9040     | 0.2414     | 1.3250       | 1.3377       | 0.0523     | 1.2917       | 1.3185       | 1.0682   |           
371    | 2.9182     | 0.2534     | 1.3250       | 1.3398       | 0.0827     | 1.3037       | 1.3265       | 1.1052   |           
372    | 2.9147     | 0.2507     | 1.3247       | 1.3393       | 0.0560     | 1.2954       | 1.3254       | 1.1996   |           
373    | 2.9130     | 0.2506     | 1.3249       | 1.3376       | 0.0475     | 1.2954       | 1.3196       | 1.0919   |           
374    | 2.9037     | 0.2355     | 1.3272       | 1.3410       | 0.0700     | 1.2959       | 1.3275       | 1.1904   |           
375    | 2.8719     | 0.2068     | 1.3241       | 1.3410       | 0.0629     | 1.2957       | 1.3315       | 1.2048   |           
376    | 2.9377     | 0.2651     | 1.3315       | 1.3412       | 0.0726     | 1.2995       | 1.3248       | 1.1959   |           
377    | 2.9145     | 0.2499     | 1.3246       | 1.3400       | 0.0470     | 1.2999       | 1.3174       | 1.2854   |           
378    | 2.9140     | 0.2482     | 1.3275       | 1.3383       | 0.0637     | 1.3178       | 1.3243       | 1.2492   |           
379    | 2.9167     | 0.2534     | 1.3266       | 1.3367       | 0.0525     | 1.2949       | 1.3246       | 1.2483   |           
380    | 2.8644     | 0.2061     | 1.3232       | 1.3350       | 0.0674     | 1.3024       | 1.3324       | 1.2981   |           
381    | 2.9107     | 0.2387     | 1.3310       | 1.3411       | 0.0647     | 1.3000       | 1.3243       | 1.1815   |           
382    | 2.9154     | 0.2514     | 1.3223       | 1.3417       | 0.0646     | 1.2845       | 1.3207       | 1.2298   |           
383    | 2.8985     | 0.2320     | 1.3265       | 1.3399       | 0.0596     | 1.3099       | 1.3225       | 1.1368   |           
384    | 2.8985     | 0.2344     | 1.3252       | 1.3389       | 0.0611     | 1.3101       | 1.3218       | 1.2587   |           
385    | 2.8764     | 0.2107     | 1.3291       | 1.3366       | 0.0658     | 1.2981       | 1.3280       | 1.3008   |           
386    | 2.8926     | 0.2192     | 1.3321       | 1.3413       | 0.0692     | 1.2944       | 1.3264       | 1.3085   |           
387    | 2.9309     | 0.2569     | 1.3313       | 1.3427       | 0.0666     | 1.2997       | 1.3233       | 1.2391   |           
388    | 2.9368     | 0.2708     | 1.3249       | 1.3412       | 0.0749     | 1.2936       | 1.3252       | 1.1619   |           
389    | 2.9010     | 0.2321     | 1.3280       | 1.3409       | 0.0624     | 1.3052       | 1.3312       | 1.2666   |           
390    | 2.9027     | 0.2359     | 1.3289       | 1.3380       | 0.0663     | 1.3037       | 1.3180       | 1.1882   |           
391    | 2.8926     | 0.2292     | 1.3274       | 1.3360       | 0.0533     | 1.3003       | 1.3277       | 1.2391   |           
392    | 2.9035     | 0.2398     | 1.3261       | 1.3376       | 0.0684     | 1.3024       | 1.3264       | 1.2611   |           
393    | 2.8993     | 0.2384     | 1.3264       | 1.3345       | 0.0651     | 1.3054       | 1.3295       | 1.1685   |           
394    | 2.8873     | 0.2188     | 1.3316       | 1.3369       | 0.0644     | 1.3002       | 1.3341       | 1.1862   |           
395    | 2.8967     | 0.2239     | 1.3293       | 1.3434       | 0.0539     | 1.2968       | 1.3254       | 1.1864   |           
396    | 2.9015     | 0.2350     | 1.3286       | 1.3380       | 0.0626     | 1.3000       | 1.3268       | 1.1438   |           
397    | 2.8760     | 0.2111     | 1.3266       | 1.3383       | 0.0700     | 1.3155       | 1.3313       | 1.2201   |           
398    | 2.8959     | 0.2283     | 1.3308       | 1.3368       | 0.0758     | 1.3048       | 1.3289       | 1.2724   |           
399    | 2.8827     | 0.2219     | 1.3256       | 1.3352       | 0.0478     | 1.3029       | 1.3256       | 1.1801   |           
400    | 2.8874     | 0.2231     | 1.3298       | 1.3345       | 0.0828     | 1.3001       | 1.3178       | 1.2259   |           
Seed 6767 | Src Acc: 98.2653 | Src MDE: 0.0236 | Tgt Acc: 27.2449 | Tgt MDE: 1.1348
Start Training Seed 123456...

Start CDAN+E Training... (Entropy Conditioning Enabled)
Epoch  | Total Loss | Tr Cls     | Tr Dom RSSI  | Tr Dom RTT   | Val Cls    | Val RSSI Dls | Val RTT Dls  | Test MDE
------------------------------------------------------------------------------------------------------------------------
1      | 6.2291     | 3.4563     | 1.3864       | 1.3865       | 2.8667     | 1.3855       | 1.3860       | 1.3327   |           
2      | 5.5295     | 2.7567     | 1.3867       | 1.3861       | 2.3302     | 1.3856       | 1.3858       | 1.1869   |           
3      | 5.0916     | 2.3199     | 1.3861       | 1.3855       | 1.8919     | 1.3845       | 1.3844       | 1.1059   |           
4      | 4.7790     | 2.0101     | 1.3847       | 1.3842       | 1.6185     | 1.3816       | 1.3815       | 1.1159   |           
5      | 4.5128     | 1.7505     | 1.3811       | 1.3812       | 1.3311     | 1.3754       | 1.3753       | 1.0840   |           
6      | 4.2873     | 1.5374     | 1.3744       | 1.3755       | 1.1494     | 1.3686       | 1.3679       | 1.0987   |           
7      | 4.1166     | 1.3837     | 1.3654       | 1.3676       | 0.9007     | 1.3532       | 1.3539       | 1.1021   |           
8      | 3.9305     | 1.2151     | 1.3566       | 1.3587       | 0.8023     | 1.3405       | 1.3396       | 1.0870   |           
9      | 3.8399     | 1.1458     | 1.3444       | 1.3497       | 0.6405     | 1.3196       | 1.3192       | 1.1555   |           
10     | 3.6800     | 1.0177     | 1.3280       | 1.3343       | 0.5605     | 1.3013       | 1.2998       | 1.1436   |           
11     | 3.6145     | 0.9738     | 1.3168       | 1.3238       | 0.5223     | 1.2845       | 1.2830       | 1.0908   |           
12     | 3.4982     | 0.8956     | 1.2967       | 1.3059       | 0.4414     | 1.2585       | 1.2593       | 1.0443   | (ADV -0.12)
13     | 3.3720     | 0.8090     | 1.2774       | 1.2856       | 0.3767     | 1.2336       | 1.2358       | 1.1193   | (ADV -0.11)
14     | 3.3250     | 0.7876     | 1.2627       | 1.2747       | 0.3445     | 1.2151       | 1.2125       | 1.1223   | (ADV -0.10)
15     | 3.2358     | 0.7386     | 1.2404       | 1.2568       | 0.2992     | 1.1963       | 1.1927       | 1.2180   | (ADV -0.09)
16     | 3.1657     | 0.7030     | 1.2216       | 1.2411       | 0.2971     | 1.1642       | 1.1624       | 1.1584   |           
17     | 3.1058     | 0.6714     | 1.2086       | 1.2258       | 0.2653     | 1.1471       | 1.1473       | 1.2077   | (ADV -0.09)
18     | 3.0747     | 0.6643     | 1.1927       | 1.2177       | 0.2470     | 1.1286       | 1.1246       | 1.1359   | (ADV -0.09)
19     | 3.0096     | 0.6297     | 1.1784       | 1.2015       | 0.2381     | 1.1057       | 1.1039       | 1.1960   |           
20     | 2.9677     | 0.6226     | 1.1588       | 1.1864       | 0.2367     | 1.0797       | 1.0847       | 1.1430   |           
21     | 2.8664     | 0.5638     | 1.1313       | 1.1712       | 0.2007     | 1.0594       | 1.0648       | 1.1858   | (ADV -0.09)
22     | 2.8306     | 0.5585     | 1.1116       | 1.1605       | 0.1902     | 1.0390       | 1.0561       | 1.1006   |           
23     | 2.8039     | 0.5468     | 1.1065       | 1.1506       | 0.1946     | 1.0141       | 1.0246       | 1.1601   |           
24     | 2.7451     | 0.5322     | 1.0798       | 1.1332       | 0.1838     | 0.9855       | 1.0047       | 1.1440   |           
25     | 2.7044     | 0.5061     | 1.0734       | 1.1249       | 0.1761     | 0.9664       | 0.9995       | 1.0417   |           
26     | 2.7024     | 0.5273     | 1.0524       | 1.1227       | 0.1670     | 0.9445       | 0.9709       | 1.1901   |           
27     | 2.6284     | 0.4836     | 1.0364       | 1.1084       | 0.1590     | 0.9202       | 0.9570       | 1.1393   |           
28     | 2.6684     | 0.5219     | 1.0318       | 1.1147       | 0.1690     | 0.8980       | 0.9416       | 1.1019   |           
29     | 2.5981     | 0.4822     | 1.0109       | 1.1051       | 0.1598     | 0.8847       | 0.9491       | 1.0355   |           
30     | 2.6006     | 0.4818     | 1.0122       | 1.1066       | 0.1548     | 0.8782       | 0.9455       | 1.1720   |           
31     | 2.4926     | 0.4392     | 0.9738       | 1.0796       | 0.1437     | 0.8608       | 0.9278       | 1.0771   |           
32     | 2.4803     | 0.4383     | 0.9729       | 1.0691       | 0.1437     | 0.8495       | 0.9004       | 1.2500   |           
33     | 2.5062     | 0.4563     | 0.9685       | 1.0813       | 0.1385     | 0.8204       | 0.9007       | 1.1120   |           
34     | 2.4703     | 0.4359     | 0.9635       | 1.0709       | 0.1310     | 0.8262       | 0.8953       | 1.1336   |           
35     | 2.4466     | 0.4198     | 0.9510       | 1.0758       | 0.1429     | 0.8063       | 0.8766       | 1.0963   |           
36     | 2.4231     | 0.4150     | 0.9482       | 1.0600       | 0.1226     | 0.7932       | 0.8640       | 1.1703   |           
37     | 2.5097     | 0.4509     | 0.9700       | 1.0888       | 0.1411     | 0.7912       | 0.8776       | 1.1454   |           
38     | 2.4728     | 0.4369     | 0.9560       | 1.0799       | 0.1335     | 0.7943       | 0.8965       | 1.1235   |           
39     | 2.4557     | 0.4143     | 0.9608       | 1.0805       | 0.1250     | 0.8021       | 0.8858       | 1.1640   |           
40     | 2.4659     | 0.4256     | 0.9547       | 1.0856       | 0.1369     | 0.8041       | 0.8934       | 1.1424   |           
41     | 2.4654     | 0.4147     | 0.9570       | 1.0936       | 0.1255     | 0.7946       | 0.9019       | 1.1260   |           
42     | 2.5588     | 0.4712     | 0.9807       | 1.1069       | 0.1249     | 0.7798       | 0.9002       | 1.0208   |           
43     | 2.5352     | 0.4385     | 0.9827       | 1.1140       | 0.1324     | 0.7714       | 0.8940       | 1.1650   |           
44     | 2.4791     | 0.4112     | 0.9663       | 1.1016       | 0.1111     | 0.7887       | 0.8960       | 1.1044   |           
45     | 2.4864     | 0.4124     | 0.9751       | 1.0989       | 0.1078     | 0.8085       | 0.9164       | 1.1314   |           
46     | 2.5654     | 0.4345     | 0.9983       | 1.1326       | 0.1302     | 0.8291       | 0.8959       | 1.1079   |           
47     | 2.5980     | 0.4617     | 1.0209       | 1.1155       | 0.1253     | 0.8279       | 0.9118       | 1.1273   |           
48     | 2.5870     | 0.4498     | 1.0159       | 1.1214       | 0.1203     | 0.8361       | 0.9208       | 1.0675   |           
49     | 2.5382     | 0.3989     | 1.0206       | 1.1187       | 0.1315     | 0.8306       | 0.9225       | 1.1115   |           
50     | 2.5957     | 0.4339     | 1.0299       | 1.1319       | 0.1101     | 0.8649       | 0.9135       | 1.1642   |           
51     | 2.6194     | 0.4250     | 1.0623       | 1.1322       | 0.1372     | 0.8691       | 0.9254       | 1.0717   |           
52     | 2.6924     | 0.4660     | 1.0651       | 1.1613       | 0.1171     | 0.8748       | 0.9391       | 1.1215   |           
53     | 2.7071     | 0.4590     | 1.0850       | 1.1631       | 0.1204     | 0.8508       | 0.9067       | 1.0835   |           
54     | 2.5943     | 0.4015     | 1.0670       | 1.1258       | 0.1221     | 0.8712       | 0.9315       | 1.0323   |           
55     | 2.6843     | 0.4327     | 1.0890       | 1.1625       | 0.1298     | 0.8812       | 0.9431       | 1.0777   |           
56     | 2.7137     | 0.4500     | 1.0953       | 1.1683       | 0.1248     | 0.8690       | 0.9349       | 1.1283   |           
57     | 2.7391     | 0.4662     | 1.0926       | 1.1804       | 0.1098     | 0.8832       | 0.9466       | 1.0312   |           
58     | 2.6759     | 0.4241     | 1.0836       | 1.1682       | 0.1036     | 0.8841       | 0.9405       | 1.0581   |           
59     | 2.6964     | 0.4436     | 1.0971       | 1.1558       | 0.1290     | 0.8795       | 0.9464       | 1.1136   |           
60     | 2.7059     | 0.4179     | 1.1241       | 1.1639       | 0.1203     | 0.9411       | 0.9621       | 1.1364   |           
61     | 2.7102     | 0.4433     | 1.1083       | 1.1586       | 0.1187     | 0.9137       | 0.9686       | 1.0791   |           
62     | 2.7308     | 0.4536     | 1.1080       | 1.1691       | 0.1185     | 0.9083       | 0.9437       | 1.0935   |           
63     | 2.6809     | 0.4092     | 1.1041       | 1.1676       | 0.1058     | 0.8798       | 0.9325       | 1.1621   |           
64     | 2.6703     | 0.4056     | 1.0949       | 1.1698       | 0.1242     | 0.9316       | 0.9462       | 1.1802   |           
65     | 2.7177     | 0.4338     | 1.1204       | 1.1635       | 0.1238     | 0.9180       | 0.9576       | 1.1299   |           
66     | 2.7571     | 0.4344     | 1.1338       | 1.1889       | 0.1203     | 0.9786       | 0.9668       | 1.2429   | (ADV -0.09)
67     | 2.7510     | 0.4530     | 1.1187       | 1.1793       | 0.1200     | 0.9218       | 0.9461       | 1.1791   |           
68     | 2.7022     | 0.4448     | 1.0914       | 1.1661       | 0.1221     | 0.9199       | 0.9676       | 1.1478   |           
69     | 2.7012     | 0.4385     | 1.0986       | 1.1641       | 0.1178     | 0.9126       | 0.9659       | 1.0999   |           
70     | 2.7114     | 0.4380     | 1.1057       | 1.1677       | 0.1284     | 0.9167       | 0.9849       | 1.1211   |           
71     | 2.7105     | 0.4283     | 1.1006       | 1.1815       | 0.1251     | 0.9266       | 0.9851       | 1.1831   |           
72     | 2.7346     | 0.4394     | 1.1129       | 1.1824       | 0.1258     | 0.9312       | 1.0030       | 1.2189   |           
73     | 2.6904     | 0.4258     | 1.0938       | 1.1708       | 0.1244     | 0.9232       | 0.9891       | 1.1197   |           
74     | 2.7530     | 0.4490     | 1.1088       | 1.1952       | 0.1080     | 0.9325       | 0.9905       | 1.1557   |           
75     | 2.7445     | 0.4459     | 1.0989       | 1.1997       | 0.1179     | 0.9449       | 1.0180       | 1.1548   |           
76     | 2.7512     | 0.4503     | 1.1066       | 1.1943       | 0.1332     | 0.9352       | 0.9990       | 1.0603   |           
77     | 2.7016     | 0.4224     | 1.0952       | 1.1841       | 0.1183     | 0.9364       | 0.9942       | 1.1256   |           
78     | 2.7392     | 0.4166     | 1.1259       | 1.1966       | 0.1179     | 0.9644       | 1.0189       | 1.1736   |           
79     | 2.7354     | 0.4307     | 1.1151       | 1.1896       | 0.1245     | 0.9479       | 1.0150       | 1.1845   |           
80     | 2.7399     | 0.4479     | 1.0964       | 1.1956       | 0.1141     | 0.9329       | 1.0268       | 1.1989   |           
81     | 2.7445     | 0.4351     | 1.1125       | 1.1968       | 0.1318     | 0.9614       | 1.0150       | 1.1737   |           
82     | 2.7395     | 0.4362     | 1.1183       | 1.1849       | 0.1137     | 0.9644       | 1.0190       | 1.1894   |           
83     | 2.7512     | 0.4428     | 1.1202       | 1.1882       | 0.1272     | 0.9500       | 1.0095       | 1.1669   |           
84     | 2.7356     | 0.4306     | 1.1031       | 1.2018       | 0.1272     | 0.9382       | 1.0107       | 1.1794   |           
85     | 2.7112     | 0.4190     | 1.1055       | 1.1867       | 0.1211     | 0.9467       | 1.0368       | 1.1587   |           
86     | 2.6876     | 0.3995     | 1.1099       | 1.1782       | 0.1373     | 0.9401       | 1.0260       | 1.1970   |           
87     | 2.6996     | 0.4041     | 1.1081       | 1.1874       | 0.1411     | 0.9531       | 1.0255       | 1.1206   |           
88     | 2.7394     | 0.4229     | 1.1182       | 1.1982       | 0.1185     | 0.9691       | 1.0587       | 1.1654   |           
89     | 2.7590     | 0.4225     | 1.1366       | 1.1999       | 0.1216     | 0.9640       | 1.0317       | 1.1631   |           
90     | 2.7143     | 0.4217     | 1.1192       | 1.1734       | 0.1168     | 0.9596       | 1.0172       | 1.1959   |           
91     | 2.7212     | 0.4187     | 1.1137       | 1.1888       | 0.1326     | 0.9493       | 1.0286       | 1.1241   |           
92     | 2.7378     | 0.4321     | 1.1113       | 1.1944       | 0.1198     | 0.9697       | 1.0341       | 1.1471   |           
93     | 2.7330     | 0.4166     | 1.1339       | 1.1825       | 0.1354     | 0.9881       | 1.0478       | 1.1508   |           
94     | 2.7742     | 0.4329     | 1.1380       | 1.2033       | 0.1194     | 1.0021       | 1.0288       | 1.1738   | (ADV -0.08)
95     | 2.7352     | 0.4215     | 1.1290       | 1.1847       | 0.1336     | 0.9815       | 1.0202       | 1.0155   |           
96     | 2.7418     | 0.4362     | 1.1147       | 1.1910       | 0.1672     | 1.0137       | 1.0482       | 1.1056   |           
97     | 2.7306     | 0.4080     | 1.1179       | 1.2046       | 0.1242     | 0.9686       | 1.0349       | 1.1206   |           
98     | 2.7521     | 0.4487     | 1.1127       | 1.1907       | 0.1161     | 0.9683       | 1.0219       | 1.1170   |           
99     | 2.7543     | 0.4240     | 1.1147       | 1.2156       | 0.1234     | 0.9568       | 1.0485       | 1.1305   |           
100    | 2.8120     | 0.4369     | 1.1385       | 1.2367       | 0.1508     | 0.9807       | 1.0741       | 1.1534   |           
101    | 2.7316     | 0.3961     | 1.1320       | 1.2035       | 0.1077     | 0.9684       | 1.0233       | 1.1220   |           
102    | 2.7326     | 0.4198     | 1.1250       | 1.1878       | 0.1136     | 0.9815       | 1.0316       | 1.1842   |           
103    | 2.7380     | 0.4049     | 1.1363       | 1.1969       | 0.1199     | 0.9931       | 1.0517       | 1.1466   |           
104    | 2.7645     | 0.4235     | 1.1409       | 1.2001       | 0.1861     | 1.0302       | 1.0768       | 1.1159   |           
105    | 2.7744     | 0.4364     | 1.1400       | 1.1979       | 0.1077     | 0.9983       | 1.0390       | 1.1230   |           
106    | 2.7358     | 0.3871     | 1.1428       | 1.2058       | 0.1140     | 0.9864       | 1.0626       | 1.1237   |           
107    | 2.7548     | 0.4058     | 1.1395       | 1.2095       | 0.1224     | 0.9949       | 1.0522       | 1.0902   |           
108    | 2.7732     | 0.4200     | 1.1430       | 1.2101       | 0.1276     | 0.9695       | 1.0507       | 1.0639   |           
109    | 2.7635     | 0.4033     | 1.1545       | 1.2058       | 0.1496     | 1.0078       | 1.0665       | 1.1330   |           
110    | 2.7908     | 0.4301     | 1.1562       | 1.2045       | 0.1230     | 1.0046       | 1.0544       | 1.0975   |           
111    | 2.7949     | 0.4241     | 1.1626       | 1.2083       | 0.1253     | 1.0389       | 1.0696       | 1.1376   | (ADV -0.08)
112    | 2.7793     | 0.4164     | 1.1540       | 1.2089       | 0.1228     | 1.0081       | 1.0499       | 1.0166   |           
113    | 2.7659     | 0.4012     | 1.1585       | 1.2062       | 0.1121     | 0.9748       | 1.0513       | 1.1076   |           
114    | 2.7985     | 0.4218     | 1.1667       | 1.2100       | 0.1283     | 0.9874       | 1.0535       | 1.1987   |           
115    | 2.7339     | 0.4082     | 1.1378       | 1.1879       | 0.1082     | 0.9904       | 1.0357       | 1.1663   |           
116    | 2.6993     | 0.3712     | 1.1416       | 1.1865       | 0.1326     | 1.0135       | 1.0458       | 1.1926   |           
117    | 2.8293     | 0.4419     | 1.1594       | 1.2280       | 0.1228     | 1.0215       | 1.0777       | 1.0853   |           
118    | 2.7423     | 0.3863     | 1.1543       | 1.2016       | 0.1176     | 1.0255       | 1.0665       | 1.0834   |           
119    | 2.7915     | 0.4202     | 1.1609       | 1.2104       | 0.1201     | 1.0247       | 1.0305       | 1.1023   | (ADV -0.07)
120    | 2.7638     | 0.3930     | 1.1605       | 1.2103       | 0.1250     | 1.0182       | 1.0725       | 1.2064   |           
121    | 2.7650     | 0.4083     | 1.1515       | 1.2052       | 0.1151     | 1.0195       | 1.0389       | 1.1687   |           
122    | 2.7517     | 0.3871     | 1.1596       | 1.2050       | 0.1255     | 1.0538       | 1.0719       | 1.0942   | (ADV -0.07)
123    | 2.7494     | 0.3827     | 1.1619       | 1.2047       | 0.1387     | 1.0704       | 1.0676       | 1.0392   | (ADV -0.07)
124    | 2.8536     | 0.4407     | 1.1888       | 1.2240       | 0.1249     | 1.0441       | 1.0364       | 1.0592   |           
125    | 2.7752     | 0.3922     | 1.1817       | 1.2014       | 0.1364     | 1.0536       | 1.0402       | 1.1306   |           
126    | 2.7848     | 0.4176     | 1.1780       | 1.1892       | 0.1058     | 1.0232       | 1.0484       | 1.0302   |           
127    | 2.7309     | 0.3878     | 1.1553       | 1.1877       | 0.1066     | 1.0254       | 1.0737       | 1.0478   |           
128    | 2.7492     | 0.3886     | 1.1659       | 1.1948       | 0.1074     | 1.0371       | 1.0756       | 1.0917   |           
129    | 2.8014     | 0.4156     | 1.1716       | 1.2141       | 0.1047     | 1.0370       | 1.0800       | 1.1689   |           
130    | 2.7762     | 0.3973     | 1.1671       | 1.2117       | 0.1145     | 1.0296       | 1.0613       | 1.1877   |           
131    | 2.7529     | 0.3829     | 1.1612       | 1.2088       | 0.0976     | 1.0194       | 1.0666       | 1.1632   |           
132    | 2.7903     | 0.4132     | 1.1721       | 1.2049       | 0.1095     | 1.0179       | 1.0500       | 1.1658   |           
133    | 2.7916     | 0.4206     | 1.1650       | 1.2060       | 0.1084     | 1.0200       | 1.0615       | 1.1005   |           
134    | 2.7322     | 0.3825     | 1.1533       | 1.1964       | 0.1040     | 1.0189       | 1.0597       | 1.1041   |           
135    | 2.7592     | 0.4005     | 1.1620       | 1.1967       | 0.1009     | 1.0155       | 1.0511       | 1.2008   |           
136    | 2.7662     | 0.3936     | 1.1610       | 1.2116       | 0.1030     | 1.0154       | 1.0733       | 1.1126   |           
137    | 2.7766     | 0.3989     | 1.1600       | 1.2177       | 0.1084     | 1.0149       | 1.0737       | 1.1011   |           
138    | 2.7443     | 0.3770     | 1.1613       | 1.2060       | 0.1179     | 1.0406       | 1.0720       | 1.0584   |           
139    | 2.7777     | 0.3994     | 1.1590       | 1.2193       | 0.1367     | 1.0443       | 1.0682       | 1.0691   |           
140    | 2.8205     | 0.4162     | 1.1856       | 1.2187       | 0.1225     | 1.0650       | 1.0767       | 1.1060   | (ADV -0.07)
141    | 2.8490     | 0.4273     | 1.2011       | 1.2206       | 0.1167     | 1.0712       | 1.0634       | 1.1633   | (ADV -0.06)
142    | 2.7814     | 0.3613     | 1.2031       | 1.2170       | 0.0976     | 1.0787       | 1.0670       | 1.0399   | (ADV -0.06)
143    | 2.7839     | 0.3846     | 1.1956       | 1.2038       | 0.1005     | 1.0907       | 1.0695       | 1.0551   |           
144    | 2.8367     | 0.4185     | 1.1998       | 1.2184       | 0.1194     | 1.0835       | 1.0608       | 1.1229   |           
145    | 2.8154     | 0.3955     | 1.2014       | 1.2185       | 0.1361     | 1.0871       | 1.1049       | 1.1195   |           
146    | 2.8033     | 0.3953     | 1.1829       | 1.2251       | 0.1202     | 1.0792       | 1.0891       | 1.0074   |           
147    | 2.8264     | 0.4119     | 1.1922       | 1.2223       | 0.1076     | 1.0649       | 1.0734       | 1.0977   |           
148    | 2.7890     | 0.3763     | 1.1905       | 1.2221       | 0.1093     | 1.0952       | 1.0879       | 1.0454   | (ADV -0.06)
149    | 2.8487     | 0.4049     | 1.2058       | 1.2379       | 0.1166     | 1.1101       | 1.1081       | 1.0343   | (ADV -0.05)
150    | 2.8567     | 0.4194     | 1.2099       | 1.2274       | 0.1124     | 1.1251       | 1.1044       | 1.0740   |           
151    | 2.8135     | 0.3897     | 1.2047       | 1.2191       | 0.1213     | 1.1060       | 1.0939       | 1.0669   |           
152    | 2.8202     | 0.3739     | 1.2156       | 1.2307       | 0.1200     | 1.0968       | 1.0847       | 1.0489   |           
153    | 2.8335     | 0.3995     | 1.2043       | 1.2297       | 0.1096     | 1.0990       | 1.0985       | 1.1294   | (ADV -0.05)
154    | 2.8180     | 0.3860     | 1.1974       | 1.2347       | 0.1211     | 1.0877       | 1.1010       | 1.1001   |           
155    | 2.8693     | 0.4090     | 1.2062       | 1.2541       | 0.1057     | 1.0969       | 1.1374       | 1.0243   |           
156    | 2.8175     | 0.3743     | 1.2008       | 1.2424       | 0.1129     | 1.0991       | 1.1542       | 1.0014   |           
157    | 2.8422     | 0.4021     | 1.2081       | 1.2320       | 0.0950     | 1.0968       | 1.1334       | 1.0533   |           
158    | 2.8806     | 0.4176     | 1.2115       | 1.2515       | 0.1256     | 1.1019       | 1.1368       | 1.1027   |           
159    | 2.8611     | 0.4179     | 1.2038       | 1.2394       | 0.1048     | 1.0873       | 1.1452       | 1.0272   |           
160    | 2.7789     | 0.3529     | 1.1948       | 1.2312       | 0.1071     | 1.1112       | 1.1342       | 1.1102   |           
161    | 2.8676     | 0.3941     | 1.2167       | 1.2568       | 0.1035     | 1.1094       | 1.1404       | 1.0687   |           
162    | 2.8433     | 0.3867     | 1.2166       | 1.2399       | 0.1197     | 1.1116       | 1.1487       | 1.0345   |           
163    | 2.8503     | 0.3869     | 1.2177       | 1.2456       | 0.1110     | 1.1154       | 1.1532       | 1.0622   |           
164    | 2.8486     | 0.3915     | 1.2101       | 1.2470       | 0.1060     | 1.0958       | 1.1417       | 1.0539   |           
165    | 2.8431     | 0.3875     | 1.2112       | 1.2443       | 0.1274     | 1.1242       | 1.1442       | 1.0425   |           
166    | 2.8262     | 0.3649     | 1.2171       | 1.2441       | 0.1021     | 1.1223       | 1.1337       | 1.0504   | (ADV -0.05)
167    | 2.8108     | 0.3594     | 1.2116       | 1.2398       | 0.0966     | 1.1168       | 1.1450       | 1.0619   |           
168    | 2.8203     | 0.3569     | 1.2153       | 1.2480       | 0.1061     | 1.1184       | 1.1554       | 1.0114   |           
169    | 2.8204     | 0.3617     | 1.2112       | 1.2475       | 0.0996     | 1.1392       | 1.1446       | 1.0320   | (ADV -0.04)
170    | 2.8889     | 0.3908     | 1.2272       | 1.2710       | 0.1139     | 1.1201       | 1.1608       | 1.0112   |           
171    | 2.8623     | 0.3876     | 1.2162       | 1.2585       | 0.1120     | 1.1314       | 1.1520       | 1.0407   |           
172    | 2.8462     | 0.3798     | 1.2122       | 1.2543       | 0.0999     | 1.1191       | 1.1620       | 1.0233   |           
173    | 2.8777     | 0.3870     | 1.2210       | 1.2696       | 0.1105     | 1.1428       | 1.1896       | 1.2042   |           
174    | 2.8832     | 0.3723     | 1.2319       | 1.2790       | 0.1057     | 1.1419       | 1.1897       | 1.1985   |           
175    | 2.8550     | 0.3621     | 1.2292       | 1.2637       | 0.1084     | 1.1569       | 1.1893       | 1.0611   |           
176    | 2.9018     | 0.4007     | 1.2261       | 1.2750       | 0.0982     | 1.1360       | 1.1913       | 1.0620   |           
177    | 2.9185     | 0.3865     | 1.2427       | 1.2893       | 0.1139     | 1.1458       | 1.2122       | 1.1535   |           
178    | 2.8922     | 0.3656     | 1.2397       | 1.2869       | 0.1137     | 1.1565       | 1.2251       | 1.0658   |           
179    | 2.8913     | 0.3748     | 1.2330       | 1.2835       | 0.1002     | 1.1729       | 1.2362       | 1.0909   |           
180    | 2.8591     | 0.3414     | 1.2364       | 1.2814       | 0.1210     | 1.1642       | 1.2173       | 1.1536   |           
181    | 2.8836     | 0.3611     | 1.2434       | 1.2791       | 0.1086     | 1.1426       | 1.2135       | 1.1422   |           
182    | 2.8704     | 0.3583     | 1.2301       | 1.2820       | 0.1026     | 1.1630       | 1.2305       | 1.1149   |           
183    | 2.9153     | 0.3827     | 1.2421       | 1.2905       | 0.1321     | 1.1526       | 1.2184       | 1.0736   |           
184    | 2.8828     | 0.3567     | 1.2472       | 1.2789       | 0.1215     | 1.1787       | 1.2244       | 1.1178   |           
185    | 2.9111     | 0.3811     | 1.2562       | 1.2738       | 0.1113     | 1.1697       | 1.2084       | 1.0671   |           
186    | 2.8784     | 0.3629     | 1.2427       | 1.2729       | 0.1323     | 1.1681       | 1.2158       | 1.0791   |           
187    | 2.8669     | 0.3443     | 1.2480       | 1.2747       | 0.1057     | 1.1697       | 1.1961       | 1.1194   | (ADV -0.04)
188    | 2.8644     | 0.3347     | 1.2563       | 1.2735       | 0.1060     | 1.1933       | 1.2105       | 1.1332   | (ADV -0.04)
189    | 2.9195     | 0.3799     | 1.2583       | 1.2814       | 0.1088     | 1.1585       | 1.2003       | 1.1110   |           
190    | 2.8905     | 0.3645     | 1.2428       | 1.2832       | 0.1070     | 1.1761       | 1.2158       | 1.0425   |           
191    | 2.8671     | 0.3227     | 1.2602       | 1.2843       | 0.1219     | 1.1644       | 1.2205       | 1.0698   |           
192    | 2.9076     | 0.3720     | 1.2603       | 1.2753       | 0.1005     | 1.1539       | 1.2155       | 1.0543   |           
193    | 2.8751     | 0.3448     | 1.2467       | 1.2836       | 0.1128     | 1.1733       | 1.2224       | 1.0620   |           
194    | 2.8546     | 0.3288     | 1.2464       | 1.2794       | 0.1083     | 1.1644       | 1.2263       | 1.1029   |           
195    | 2.8685     | 0.3354     | 1.2572       | 1.2759       | 0.1171     | 1.1861       | 1.2161       | 1.1214   |           
196    | 2.9065     | 0.3789     | 1.2499       | 1.2777       | 0.1213     | 1.1807       | 1.2247       | 1.0973   |           
197    | 2.8519     | 0.3199     | 1.2567       | 1.2754       | 0.1001     | 1.1874       | 1.2236       | 1.0129   |           
198    | 2.8595     | 0.3152     | 1.2534       | 1.2909       | 0.1079     | 1.2032       | 1.2453       | 1.0361   |           
199    | 2.8830     | 0.3365     | 1.2624       | 1.2842       | 0.0995     | 1.1748       | 1.2342       | 1.0542   |           
200    | 2.8988     | 0.3428     | 1.2652       | 1.2908       | 0.1115     | 1.1750       | 1.2251       | 1.0082   |           
201    | 2.9091     | 0.3631     | 1.2598       | 1.2862       | 0.1084     | 1.1790       | 1.2273       | 1.0700   |           
202    | 2.8929     | 0.3451     | 1.2678       | 1.2800       | 0.0914     | 1.1857       | 1.2206       | 1.0812   |           
203    | 2.8487     | 0.3033     | 1.2586       | 1.2868       | 0.1160     | 1.1824       | 1.2305       | 1.0627   |           
204    | 2.8676     | 0.3263     | 1.2633       | 1.2781       | 0.0957     | 1.1797       | 1.2282       | 1.0874   |           
205    | 2.8818     | 0.3305     | 1.2631       | 1.2882       | 0.1298     | 1.1909       | 1.2372       | 1.0957   |           
206    | 2.8777     | 0.3252     | 1.2623       | 1.2902       | 0.1139     | 1.1870       | 1.2418       | 1.0946   |           
207    | 2.8893     | 0.3280     | 1.2708       | 1.2905       | 0.1144     | 1.1974       | 1.2367       | 1.1032   |           
208    | 2.8866     | 0.3325     | 1.2695       | 1.2847       | 0.0935     | 1.1949       | 1.2350       | 1.0438   |           
209    | 2.8993     | 0.3449     | 1.2708       | 1.2836       | 0.0964     | 1.1966       | 1.2415       | 1.1536   |           
210    | 2.9019     | 0.3384     | 1.2739       | 1.2896       | 0.1089     | 1.2143       | 1.2281       | 1.0920   | (ADV -0.03)
211    | 2.8860     | 0.3317     | 1.2701       | 1.2843       | 0.1024     | 1.2077       | 1.2366       | 1.0530   |           
212    | 2.8946     | 0.3437     | 1.2699       | 1.2810       | 0.1044     | 1.1999       | 1.2489       | 1.0796   |           
213    | 2.9044     | 0.3523     | 1.2629       | 1.2892       | 0.1057     | 1.1869       | 1.2381       | 1.1333   |           
214    | 2.8549     | 0.3056     | 1.2649       | 1.2844       | 0.1122     | 1.2111       | 1.2517       | 1.0649   |           
215    | 2.8652     | 0.3094     | 1.2689       | 1.2869       | 0.1109     | 1.2126       | 1.2481       | 1.1694   |           
216    | 2.8652     | 0.2976     | 1.2729       | 1.2947       | 0.0976     | 1.2116       | 1.2550       | 1.1191   |           
217    | 2.8548     | 0.2998     | 1.2682       | 1.2868       | 0.1167     | 1.2232       | 1.2529       | 1.1282   |           
218    | 2.9211     | 0.3379     | 1.2774       | 1.3059       | 0.1037     | 1.2103       | 1.2568       | 1.1536   |           
219    | 2.8692     | 0.2946     | 1.2754       | 1.2991       | 0.1076     | 1.2136       | 1.2417       | 1.1190   |           
220    | 2.8888     | 0.3211     | 1.2732       | 1.2945       | 0.0926     | 1.2176       | 1.2551       | 1.1234   | (ADV -0.03)
221    | 2.9238     | 0.3425     | 1.2780       | 1.3033       | 0.1016     | 1.2054       | 1.2543       | 1.1292   |           
222    | 2.8586     | 0.2881     | 1.2722       | 1.2983       | 0.1011     | 1.2160       | 1.2544       | 1.1105   |           
223    | 2.8731     | 0.2998     | 1.2727       | 1.3006       | 0.1011     | 1.2133       | 1.2700       | 1.0520   |           
224    | 2.8867     | 0.3002     | 1.2797       | 1.3068       | 0.1036     | 1.2271       | 1.2697       | 1.1001   |           
225    | 2.9111     | 0.3097     | 1.2902       | 1.3112       | 0.1185     | 1.2368       | 1.2651       | 1.1048   |           
226    | 2.9215     | 0.3179     | 1.2965       | 1.3071       | 0.1098     | 1.2410       | 1.2765       | 1.1430   |           
227    | 2.9059     | 0.3083     | 1.2904       | 1.3072       | 0.1113     | 1.2369       | 1.2652       | 1.0102   | (ADV -0.03)
228    | 2.9152     | 0.3194     | 1.2897       | 1.3060       | 0.0972     | 1.2298       | 1.2763       | 1.1071   |           
229    | 2.9012     | 0.2984     | 1.2940       | 1.3087       | 0.1066     | 1.2417       | 1.2733       | 1.0579   | (ADV -0.03)
230    | 2.9102     | 0.3051     | 1.2942       | 1.3108       | 0.0901     | 1.2414       | 1.2747       | 1.0968   | (ADV -0.03)
231    | 2.9351     | 0.3277     | 1.2950       | 1.3125       | 0.0962     | 1.2424       | 1.2685       | 1.1199   |           
232    | 2.9152     | 0.3131     | 1.2929       | 1.3091       | 0.1082     | 1.2613       | 1.2725       | 1.0830   | (ADV -0.02)
233    | 2.9273     | 0.3175     | 1.2987       | 1.3111       | 0.1182     | 1.2634       | 1.2691       | 1.1257   |           
234    | 2.9435     | 0.3315     | 1.3029       | 1.3092       | 0.1017     | 1.2481       | 1.2743       | 1.1109   |           
235    | 2.8992     | 0.2879     | 1.3013       | 1.3100       | 0.1093     | 1.2577       | 1.2887       | 1.1073   |           
236    | 2.8980     | 0.2877     | 1.3005       | 1.3099       | 0.0917     | 1.2609       | 1.2787       | 1.1123   | (ADV -0.02)
237    | 2.9109     | 0.2990     | 1.3029       | 1.3089       | 0.1103     | 1.2669       | 1.2813       | 1.1050   |           
238    | 2.9185     | 0.3002     | 1.3043       | 1.3140       | 0.0995     | 1.2549       | 1.2731       | 1.1250   |           
239    | 2.9114     | 0.2950     | 1.3026       | 1.3138       | 0.1094     | 1.2608       | 1.2834       | 1.0980   |           
240    | 2.9290     | 0.3045     | 1.3059       | 1.3186       | 0.1117     | 1.2604       | 1.2884       | 1.0762   |           
241    | 2.9423     | 0.3182     | 1.3086       | 1.3155       | 0.1010     | 1.2675       | 1.2857       | 1.1418   |           
242    | 2.9812     | 0.3500     | 1.3059       | 1.3252       | 0.0981     | 1.2569       | 1.2885       | 1.1169   |           
243    | 2.9048     | 0.2831     | 1.3024       | 1.3193       | 0.0947     | 1.2607       | 1.2892       | 1.1247   |           
244    | 2.8945     | 0.2746     | 1.3068       | 1.3132       | 0.1004     | 1.2479       | 1.2815       | 1.0883   |           
245    | 2.8666     | 0.2450     | 1.2993       | 1.3223       | 0.0954     | 1.2682       | 1.3002       | 1.1256   |           
246    | 2.9562     | 0.3236     | 1.3082       | 1.3245       | 0.1156     | 1.2553       | 1.2986       | 1.1612   |           
247    | 2.9404     | 0.3127     | 1.3033       | 1.3244       | 0.1125     | 1.2655       | 1.2961       | 1.0847   |           
248    | 2.9006     | 0.2768     | 1.3056       | 1.3183       | 0.0937     | 1.2536       | 1.2894       | 1.0930   |           
249    | 2.8977     | 0.2763     | 1.3003       | 1.3211       | 0.0982     | 1.2555       | 1.3050       | 1.1612   |           
250    | 2.9589     | 0.3327     | 1.3039       | 1.3223       | 0.1021     | 1.2482       | 1.2997       | 1.1024   |           
251    | 2.8797     | 0.2571     | 1.3013       | 1.3213       | 0.1048     | 1.2553       | 1.3013       | 1.0980   |           
252    | 2.9333     | 0.2977     | 1.3110       | 1.3247       | 0.1157     | 1.2707       | 1.2935       | 1.0739   |           
253    | 2.9009     | 0.2680     | 1.3081       | 1.3249       | 0.0929     | 1.2457       | 1.3008       | 1.0753   |           
254    | 2.9070     | 0.2732     | 1.3070       | 1.3269       | 0.1072     | 1.2683       | 1.2984       | 1.1179   |           
255    | 2.9288     | 0.3073     | 1.3002       | 1.3212       | 0.1154     | 1.2622       | 1.2938       | 1.1962   |           
256    | 2.9114     | 0.2792     | 1.3105       | 1.3217       | 0.1040     | 1.2779       | 1.2949       | 1.0915   |           
257    | 2.9262     | 0.2925     | 1.3097       | 1.3240       | 0.1106     | 1.2623       | 1.3010       | 1.1387   |           
258    | 2.9012     | 0.2713     | 1.3062       | 1.3237       | 0.1148     | 1.2754       | 1.3044       | 1.1690   |           
259    | 2.8960     | 0.2631     | 1.3056       | 1.3273       | 0.1100     | 1.2669       | 1.2990       | 1.1887   |           
260    | 2.9503     | 0.3187     | 1.3071       | 1.3245       | 0.1111     | 1.2551       | 1.3112       | 1.1619   |           
261    | 2.9242     | 0.2863     | 1.3083       | 1.3296       | 0.0992     | 1.2568       | 1.3037       | 1.1260   |           
262    | 2.9307     | 0.2959     | 1.3052       | 1.3296       | 0.1025     | 1.2637       | 1.3068       | 1.1774   |           
263    | 2.9184     | 0.2819     | 1.3083       | 1.3282       | 0.1159     | 1.2656       | 1.3152       | 1.1765   |           
264    | 2.9008     | 0.2608     | 1.3109       | 1.3292       | 0.0925     | 1.2676       | 1.3040       | 1.2048   |           
265    | 2.9622     | 0.3213     | 1.3116       | 1.3294       | 0.0983     | 1.2757       | 1.2974       | 1.1588   | (ADV -0.02)
266    | 2.9344     | 0.2922     | 1.3133       | 1.3289       | 0.1056     | 1.2735       | 1.3091       | 1.1816   |           
267    | 2.9094     | 0.2769     | 1.3089       | 1.3235       | 0.1027     | 1.2745       | 1.3061       | 1.1113   |           
268    | 2.9359     | 0.2969     | 1.3090       | 1.3299       | 0.1028     | 1.2747       | 1.3039       | 1.1191   |           
269    | 2.9010     | 0.2602     | 1.3124       | 1.3284       | 0.1080     | 1.2656       | 1.3102       | 1.1660   |           
270    | 2.8958     | 0.2611     | 1.3097       | 1.3249       | 0.1060     | 1.2732       | 1.3103       | 1.2225   |           
271    | 2.9019     | 0.2582     | 1.3116       | 1.3322       | 0.1082     | 1.2685       | 1.3080       | 1.1942   |           
272    | 2.9102     | 0.2737     | 1.3099       | 1.3266       | 0.0851     | 1.2814       | 1.3035       | 1.1705   | (ADV -0.01)
273    | 2.9399     | 0.2947     | 1.3196       | 1.3256       | 0.1012     | 1.2629       | 1.3003       | 1.1753   |           
274    | 2.8923     | 0.2560     | 1.3108       | 1.3255       | 0.0894     | 1.2710       | 1.3026       | 1.2175   |           
275    | 2.9411     | 0.2974     | 1.3157       | 1.3280       | 0.1045     | 1.2739       | 1.3057       | 1.1893   |           
276    | 2.8968     | 0.2538     | 1.3138       | 1.3292       | 0.1000     | 1.2709       | 1.3073       | 1.1709   |           
277    | 2.9283     | 0.2845     | 1.3160       | 1.3278       | 0.1253     | 1.2872       | 1.3043       | 1.1384   |           
278    | 2.9413     | 0.2989     | 1.3130       | 1.3293       | 0.0998     | 1.2759       | 1.3066       | 1.0995   |           
279    | 2.9187     | 0.2731     | 1.3131       | 1.3325       | 0.1095     | 1.2641       | 1.3059       | 1.1584   |           
280    | 2.8843     | 0.2380     | 1.3132       | 1.3330       | 0.0993     | 1.2782       | 1.3195       | 1.1678   |           
281    | 2.9425     | 0.2846     | 1.3234       | 1.3345       | 0.1053     | 1.2721       | 1.3164       | 1.1501   |           
282    | 2.9185     | 0.2704     | 1.3168       | 1.3313       | 0.0977     | 1.2646       | 1.3109       | 1.1494   |           
283    | 2.9161     | 0.2671     | 1.3195       | 1.3295       | 0.0972     | 1.2764       | 1.3112       | 1.1314   |           
284    | 2.9171     | 0.2737     | 1.3138       | 1.3295       | 0.0956     | 1.2758       | 1.3070       | 1.1885   |           
285    | 2.9131     | 0.2657     | 1.3201       | 1.3274       | 0.1174     | 1.2825       | 1.3129       | 1.1685   |           
286    | 2.9186     | 0.2699     | 1.3173       | 1.3314       | 0.1040     | 1.2848       | 1.3154       | 1.1128   |           
287    | 2.9055     | 0.2550     | 1.3187       | 1.3318       | 0.1261     | 1.2927       | 1.3170       | 1.2355   |           
288    | 2.8928     | 0.2480     | 1.3151       | 1.3297       | 0.1071     | 1.2794       | 1.3169       | 1.1620   |           
289    | 2.9559     | 0.3003     | 1.3210       | 1.3346       | 0.1137     | 1.2789       | 1.3083       | 1.1820   |           
290    | 2.9381     | 0.2894     | 1.3166       | 1.3321       | 0.1059     | 1.2826       | 1.3135       | 1.1441   |           
291    | 2.9285     | 0.2804     | 1.3179       | 1.3302       | 0.0937     | 1.2891       | 1.3143       | 1.0802   |           
292    | 2.8879     | 0.2415     | 1.3159       | 1.3305       | 0.1101     | 1.2839       | 1.3142       | 1.1624   |           
293    | 2.9346     | 0.2842     | 1.3179       | 1.3325       | 0.1100     | 1.2862       | 1.3132       | 1.1366   |           
294    | 2.8736     | 0.2241     | 1.3195       | 1.3300       | 0.1281     | 1.2951       | 1.3238       | 1.1439   |           
295    | 2.9331     | 0.2769     | 1.3244       | 1.3319       | 0.1075     | 1.2948       | 1.3141       | 1.0986   |           
296    | 2.8930     | 0.2375     | 1.3253       | 1.3301       | 0.1070     | 1.3048       | 1.3190       | 1.0980   |           
297    | 2.9398     | 0.2837     | 1.3257       | 1.3305       | 0.1048     | 1.3103       | 1.3098       | 1.0920   | (ADV -0.01)
298    | 2.9284     | 0.2714     | 1.3271       | 1.3299       | 0.0831     | 1.2943       | 1.3063       | 1.1221   | (ADV -0.01)
299    | 2.9171     | 0.2602     | 1.3264       | 1.3305       | 0.0848     | 1.3020       | 1.3121       | 1.1888   | (ADV -0.01)
300    | 2.9019     | 0.2433     | 1.3263       | 1.3322       | 0.0940     | 1.3005       | 1.3186       | 1.1035   |           
301    | 2.9207     | 0.2650     | 1.3248       | 1.3309       | 0.0888     | 1.2923       | 1.3161       | 1.0817   |           
302    | 2.9348     | 0.2727     | 1.3276       | 1.3344       | 0.1174     | 1.2999       | 1.3137       | 1.1606   |           
303    | 2.9070     | 0.2543     | 1.3217       | 1.3309       | 0.0930     | 1.2958       | 1.3156       | 1.1603   |           
304    | 2.9072     | 0.2467     | 1.3267       | 1.3338       | 0.1201     | 1.3105       | 1.3182       | 1.1947   |           
305    | 2.9514     | 0.2898     | 1.3269       | 1.3346       | 0.0943     | 1.3012       | 1.3116       | 1.1465   |           
306    | 2.9186     | 0.2687     | 1.3182       | 1.3317       | 0.1011     | 1.2940       | 1.3075       | 1.1252   |           
307    | 2.8784     | 0.2286     | 1.3204       | 1.3294       | 0.1159     | 1.2954       | 1.3206       | 1.0834   |           
308    | 2.9226     | 0.2679     | 1.3216       | 1.3331       | 0.0872     | 1.2876       | 1.3153       | 1.1163   |           
309    | 2.9287     | 0.2696     | 1.3238       | 1.3353       | 0.1107     | 1.2961       | 1.3130       | 1.1738   |           
310    | 2.9209     | 0.2664     | 1.3203       | 1.3342       | 0.1080     | 1.3018       | 1.3121       | 1.1785   |           
311    | 2.9293     | 0.2778     | 1.3178       | 1.3337       | 0.1173     | 1.3019       | 1.3112       | 1.1605   |           
312    | 2.9012     | 0.2399     | 1.3244       | 1.3369       | 0.1219     | 1.3065       | 1.3185       | 1.1060   |           
313    | 2.9086     | 0.2488     | 1.3227       | 1.3371       | 0.0879     | 1.2941       | 1.3176       | 1.1926   |           
314    | 2.9235     | 0.2593     | 1.3254       | 1.3388       | 0.1171     | 1.3039       | 1.3177       | 1.1559   |           
315    | 2.9182     | 0.2557     | 1.3279       | 1.3347       | 0.1186     | 1.3025       | 1.3199       | 1.1134   |           
316    | 2.9443     | 0.2814     | 1.3206       | 1.3423       | 0.0987     | 1.2958       | 1.3216       | 1.1514   |           
317    | 2.9248     | 0.2556     | 1.3285       | 1.3407       | 0.1065     | 1.2998       | 1.3259       | 1.1643   |           
318    | 2.9229     | 0.2591     | 1.3232       | 1.3406       | 0.1152     | 1.3075       | 1.3255       | 1.1842   |           
319    | 2.9233     | 0.2589     | 1.3281       | 1.3362       | 0.1119     | 1.3130       | 1.3197       | 1.1435   |           
320    | 2.9548     | 0.2844     | 1.3270       | 1.3434       | 0.1089     | 1.2905       | 1.3262       | 1.1647   |           
321    | 2.9167     | 0.2573     | 1.3232       | 1.3362       | 0.0916     | 1.2984       | 1.3212       | 1.1295   |           
322    | 2.8909     | 0.2320     | 1.3240       | 1.3350       | 0.0963     | 1.3065       | 1.3211       | 1.1581   |           
323    | 2.9146     | 0.2514     | 1.3264       | 1.3368       | 0.0893     | 1.3059       | 1.3227       | 1.1692   |           
324    | 2.9131     | 0.2486     | 1.3258       | 1.3386       | 0.0893     | 1.3078       | 1.3204       | 1.1743   |           
325    | 2.9155     | 0.2507     | 1.3255       | 1.3393       | 0.1075     | 1.3164       | 1.3232       | 1.1716   |           
326    | 2.9112     | 0.2498     | 1.3281       | 1.3333       | 0.1002     | 1.3049       | 1.3248       | 1.1252   |           
327    | 2.9450     | 0.2782     | 1.3279       | 1.3388       | 0.1039     | 1.3010       | 1.3272       | 1.2342   |           
328    | 2.9198     | 0.2563     | 1.3241       | 1.3395       | 0.0993     | 1.2942       | 1.3168       | 1.1484   |           
329    | 2.9155     | 0.2630     | 1.3201       | 1.3325       | 0.1008     | 1.2906       | 1.3175       | 1.1654   |           
330    | 2.8957     | 0.2386     | 1.3210       | 1.3360       | 0.1214     | 1.2960       | 1.3226       | 1.1128   |           
331    | 2.9096     | 0.2493     | 1.3220       | 1.3384       | 0.1070     | 1.2973       | 1.3238       | 1.1301   |           
332    | 2.9112     | 0.2597     | 1.3182       | 1.3333       | 0.0996     | 1.2936       | 1.3170       | 1.1688   |           
333    | 2.8912     | 0.2331     | 1.3209       | 1.3372       | 0.1058     | 1.3072       | 1.3259       | 1.1646   |           
334    | 2.8785     | 0.2153     | 1.3244       | 1.3388       | 0.0941     | 1.3012       | 1.3252       | 1.0948   |           
335    | 2.9214     | 0.2576     | 1.3263       | 1.3375       | 0.1107     | 1.2907       | 1.3301       | 1.1274   |           
336    | 2.8948     | 0.2337     | 1.3250       | 1.3361       | 0.0985     | 1.2994       | 1.3192       | 1.1945   |           
337    | 2.8856     | 0.2220     | 1.3252       | 1.3384       | 0.1083     | 1.2980       | 1.3300       | 1.1159   |           
338    | 2.8730     | 0.2096     | 1.3254       | 1.3380       | 0.1034     | 1.2954       | 1.3197       | 1.1663   |           
339    | 2.8888     | 0.2226     | 1.3258       | 1.3405       | 0.0999     | 1.2959       | 1.3209       | 1.0867   |           
340    | 2.8927     | 0.2311     | 1.3231       | 1.3384       | 0.0973     | 1.3013       | 1.3308       | 1.0992   |           
341    | 2.9153     | 0.2561     | 1.3225       | 1.3368       | 0.1129     | 1.2967       | 1.3188       | 1.1288   |           
342    | 2.9011     | 0.2440     | 1.3209       | 1.3361       | 0.1000     | 1.3019       | 1.3255       | 1.1211   |           
343    | 2.8922     | 0.2343     | 1.3204       | 1.3375       | 0.1038     | 1.3018       | 1.3288       | 1.0977   |           
344    | 2.9056     | 0.2368     | 1.3272       | 1.3416       | 0.0984     | 1.3006       | 1.3255       | 1.1430   |           
345    | 2.9597     | 0.2855     | 1.3308       | 1.3434       | 0.1095     | 1.3050       | 1.3111       | 1.1577   |           
346    | 2.9246     | 0.2700     | 1.3211       | 1.3335       | 0.1007     | 1.3008       | 1.3180       | 1.1341   |           
347    | 2.9030     | 0.2514     | 1.3221       | 1.3294       | 0.0888     | 1.3002       | 1.3060       | 1.1251   |           
348    | 2.9126     | 0.2536     | 1.3264       | 1.3327       | 0.0959     | 1.2929       | 1.3153       | 1.1645   |           
349    | 2.9108     | 0.2543     | 1.3246       | 1.3318       | 0.0840     | 1.2983       | 1.3173       | 1.1051   |           
350    | 2.9012     | 0.2418     | 1.3276       | 1.3317       | 0.1020     | 1.3039       | 1.3180       | 1.1801   |           
351    | 2.9139     | 0.2572     | 1.3223       | 1.3344       | 0.0959     | 1.3012       | 1.3275       | 1.0803   |           
352    | 2.9171     | 0.2581     | 1.3248       | 1.3343       | 0.1007     | 1.3096       | 1.3158       | 1.1518   |           
353    | 2.8946     | 0.2328     | 1.3278       | 1.3340       | 0.1095     | 1.2996       | 1.3282       | 1.1056   |           
354    | 2.8900     | 0.2256     | 1.3284       | 1.3359       | 0.1061     | 1.3020       | 1.3269       | 1.1591   |           
355    | 2.9068     | 0.2440     | 1.3254       | 1.3374       | 0.1294     | 1.3007       | 1.3201       | 1.1081   |           
356    | 2.9001     | 0.2355     | 1.3252       | 1.3395       | 0.1233     | 1.3051       | 1.3364       | 1.0956   |           
357    | 2.9346     | 0.2711     | 1.3273       | 1.3362       | 0.1035     | 1.3040       | 1.3257       | 1.1546   |           
358    | 2.9120     | 0.2444     | 1.3308       | 1.3368       | 0.1142     | 1.3069       | 1.3239       | 1.0934   |           
359    | 2.9001     | 0.2346     | 1.3287       | 1.3368       | 0.1032     | 1.3024       | 1.3256       | 1.1399   |           
360    | 2.8958     | 0.2334     | 1.3238       | 1.3385       | 0.0986     | 1.3013       | 1.3227       | 1.1030   |           
361    | 2.9320     | 0.2676     | 1.3265       | 1.3379       | 0.1118     | 1.3026       | 1.3304       | 1.0904   |           
362    | 2.9056     | 0.2393     | 1.3298       | 1.3366       | 0.1130     | 1.2937       | 1.3242       | 1.1626   |           
363    | 2.9179     | 0.2517     | 1.3307       | 1.3355       | 0.1140     | 1.2979       | 1.3262       | 1.1441   |           
364    | 2.8831     | 0.2234     | 1.3262       | 1.3335       | 0.0838     | 1.2988       | 1.3220       | 1.0946   |           
365    | 2.9016     | 0.2364     | 1.3250       | 1.3402       | 0.0957     | 1.3004       | 1.3259       | 1.1189   |           
366    | 2.8906     | 0.2264     | 1.3268       | 1.3374       | 0.0998     | 1.2913       | 1.3237       | 1.1218   |           
367    | 2.8961     | 0.2387     | 1.3211       | 1.3363       | 0.1191     | 1.2968       | 1.3273       | 1.1159   |           
368    | 2.9115     | 0.2480     | 1.3281       | 1.3353       | 0.0928     | 1.3120       | 1.3231       | 1.1236   |           
369    | 2.9019     | 0.2349     | 1.3262       | 1.3408       | 0.1056     | 1.2947       | 1.3376       | 1.2048   |           
370    | 2.8825     | 0.2193     | 1.3237       | 1.3395       | 0.1098     | 1.2959       | 1.3303       | 1.0988   |           
371    | 2.9180     | 0.2510     | 1.3236       | 1.3434       | 0.1169     | 1.2899       | 1.3377       | 1.1743   |           
372    | 2.8927     | 0.2250     | 1.3265       | 1.3412       | 0.0954     | 1.3003       | 1.3335       | 1.0994   |           
373    | 2.8959     | 0.2323     | 1.3241       | 1.3396       | 0.1118     | 1.2957       | 1.3277       | 1.1526   |           
374    | 2.8588     | 0.2053     | 1.3212       | 1.3323       | 0.1069     | 1.2969       | 1.3169       | 1.0444   |           
375    | 2.9034     | 0.2356     | 1.3310       | 1.3368       | 0.1153     | 1.2964       | 1.3276       | 1.1628   |           
376    | 2.9246     | 0.2559     | 1.3263       | 1.3423       | 0.0983     | 1.2952       | 1.3338       | 1.1625   |           
377    | 2.9247     | 0.2570     | 1.3271       | 1.3407       | 0.1183     | 1.3018       | 1.3245       | 1.1670   |           
378    | 2.9159     | 0.2508     | 1.3253       | 1.3398       | 0.1077     | 1.3012       | 1.3367       | 1.1889   |           
379    | 2.9191     | 0.2584     | 1.3263       | 1.3344       | 0.1099     | 1.2885       | 1.3178       | 1.0707   |           
380    | 2.9122     | 0.2497     | 1.3238       | 1.3387       | 0.1138     | 1.2933       | 1.3214       | 1.1055   |           
381    | 2.9185     | 0.2666     | 1.3174       | 1.3345       | 0.1102     | 1.2906       | 1.3298       | 1.1551   |           
382    | 2.8740     | 0.2166     | 1.3202       | 1.3372       | 0.0949     | 1.3007       | 1.3267       | 1.1776   |           
383    | 2.8835     | 0.2211     | 1.3263       | 1.3361       | 0.1008     | 1.3010       | 1.3361       | 1.1884   |           
384    | 2.9030     | 0.2396     | 1.3268       | 1.3365       | 0.1079     | 1.2951       | 1.3220       | 1.0940   |           
385    | 2.8975     | 0.2338     | 1.3273       | 1.3364       | 0.1022     | 1.2990       | 1.3298       | 1.0988   |           
386    | 2.8912     | 0.2306     | 1.3250       | 1.3355       | 0.1199     | 1.3099       | 1.3295       | 1.1425   |           
387    | 2.8909     | 0.2225     | 1.3282       | 1.3402       | 0.1149     | 1.3035       | 1.3302       | 1.0921   |           
388    | 2.9072     | 0.2429     | 1.3259       | 1.3384       | 0.0950     | 1.2947       | 1.3389       | 1.1756   |           
389    | 2.9144     | 0.2528     | 1.3254       | 1.3362       | 0.0852     | 1.2933       | 1.3212       | 1.2789   |           
390    | 2.9209     | 0.2572     | 1.3294       | 1.3343       | 0.1033     | 1.2950       | 1.3331       | 1.1622   |           
391    | 2.9046     | 0.2392     | 1.3302       | 1.3352       | 0.0906     | 1.2951       | 1.3232       | 1.1418   |           
392    | 2.9143     | 0.2534     | 1.3272       | 1.3337       | 0.1195     | 1.2907       | 1.3409       | 1.1863   |           
393    | 2.8877     | 0.2282     | 1.3245       | 1.3350       | 0.0991     | 1.2987       | 1.3269       | 1.2256   |           
394    | 2.9005     | 0.2325     | 1.3310       | 1.3370       | 0.0992     | 1.3022       | 1.3379       | 1.1483   |           
395    | 2.9078     | 0.2413     | 1.3264       | 1.3400       | 0.0885     | 1.2928       | 1.3295       | 1.1529   |           
396    | 2.9020     | 0.2400     | 1.3249       | 1.3371       | 0.1070     | 1.2991       | 1.3274       | 1.1557   |           
397    | 2.9205     | 0.2496     | 1.3331       | 1.3378       | 0.1031     | 1.3067       | 1.3331       | 1.1932   |           
398    | 2.8981     | 0.2277     | 1.3276       | 1.3428       | 0.0995     | 1.3089       | 1.3377       | 1.1613   |           
399    | 2.8718     | 0.2117     | 1.3244       | 1.3357       | 0.0777     | 1.3007       | 1.3199       | 1.1859   | (ADV -0.01)
400    | 2.8837     | 0.2179     | 1.3274       | 1.3384       | 0.0814     | 1.2986       | 1.3271       | 1.1674   |           
Seed 123456 | Src Acc: 98.9796 | Src MDE: 0.0135 | Tgt Acc: 27.4490 | Tgt MDE: 1.1859
Finished Combo FusionCDAN_1_4. Results saved.
