==========================================
Current Experiment: RTT Combination: ['Dist_mm_2', 'Dist_mm_3', 'Dist_mm_4']
RTT Input Dimension: 3
==========================================
Start Training Seed 42...

Start CDAN+E Training... (Entropy Conditioning Enabled)
Epoch  | Total Loss | Tr Cls     | Tr Dom RSSI  | Tr Dom RTT   | Val T Acc  | Val T Entropy | Test MDE | Test Target Weights
--------------------------------------------------------------------------------------------------------------------------------------------
1      | 6.7332     | 4.0031     | 1.3577       | 1.3724       | 0.4156     | 3.7510       | 1.5811   | 0.3048  , 0.6952   |           
2      | 5.8860     | 3.2944     | 1.2728       | 1.3188       | 0.6073     | 3.6303       | 1.2073   | 0.3123  , 0.6877   |           
3      | 5.2796     | 2.8155     | 1.1899       | 1.2742       | 0.7229     | 3.4983       | 1.1185   | 0.3304  , 0.6696   |           
4      | 4.8192     | 2.4572     | 1.1385       | 1.2235       | 0.7844     | 3.3344       | 0.9400   | 0.3401  , 0.6599   |           
5      | 4.4053     | 2.1550     | 1.0774       | 1.1729       | 0.8927     | 3.1067       | 0.9803   | 0.3532  , 0.6468   |           
6      | 4.0722     | 1.9210     | 1.0228       | 1.1284       | 0.9458     | 3.0105       | 0.8697   | 0.3613  , 0.6387   |           
7      | 3.7857     | 1.7131     | 0.9859       | 1.0868       | 0.9417     | 2.8540       | 0.8173   | 0.3676  , 0.6324   |           
8      | 3.5937     | 1.5715     | 0.9740       | 1.0482       | 0.9594     | 2.6720       | 0.8310   | 0.3821  , 0.6179   |           
9      | 3.3931     | 1.4257     | 0.9383       | 1.0290       | 0.9708     | 2.5310       | 0.8524   | 0.3812  , 0.6188   |           
10     | 3.2697     | 1.3234     | 0.9308       | 1.0155       | 0.9812     | 2.3706       | 0.8807   | 0.3825  , 0.6175   |           
11     | 3.1070     | 1.2054     | 0.9118       | 0.9898       | 0.9708     | 2.2066       | 0.8490   | 0.3899  , 0.6101   | (ADV -0.13)
12     | 2.9698     | 1.1354     | 0.8541       | 0.9803       | 0.9802     | 2.1037       | 0.8951   | 0.3976  , 0.6024   | (ADV -0.07)
13     | 2.8660     | 1.0545     | 0.8545       | 0.9569       | 0.9677     | 2.0588       | 0.9122   | 0.4173  , 0.5827   | (ADV -0.06)
14     | 2.8090     | 1.0062     | 0.8558       | 0.9470       | 0.9792     | 1.9464       | 0.9430   | 0.4188  , 0.5812   | (ADV 0.01)
15     | 2.7497     | 0.9634     | 0.8542       | 0.9320       | 0.9844     | 1.8480       | 0.9399   | 0.4088  , 0.5912   | (ADV 0.06)
16     | 2.7247     | 0.9070     | 0.8674       | 0.9503       | 0.9833     | 1.7941       | 0.9645   | 0.4158  , 0.5842   | (ADV 0.09)
17     | 2.6891     | 0.8884     | 0.8724       | 0.9283       | 0.9802     | 1.7080       | 0.9389   | 0.4202  , 0.5798   | (ADV 0.13)
18     | 2.6309     | 0.8187     | 0.8736       | 0.9386       | 0.9688     | 1.6420       | 0.9378   | 0.4281  , 0.5719   | (ADV 0.15)
19     | 2.6537     | 0.8096     | 0.8924       | 0.9516       | 0.9792     | 1.5824       | 0.9430   | 0.4226  , 0.5774   | (ADV 0.19)
20     | 2.6846     | 0.8237     | 0.9155       | 0.9453       | 0.9792     | 1.5386       | 0.8995   | 0.4294  , 0.5706   | (ADV 0.21)
21     | 2.5951     | 0.7477     | 0.9045       | 0.9429       | 0.9760     | 1.4835       | 0.9501   | 0.4253  , 0.5747   | (ADV 0.23)
22     | 2.6042     | 0.7447     | 0.9144       | 0.9451       | 0.9792     | 1.4625       | 0.9357   | 0.4264  , 0.5736   | (ADV 0.25)
23     | 2.5467     | 0.7019     | 0.8930       | 0.9517       | 0.9812     | 1.3636       | 0.9842   | 0.4378  , 0.5622   | (ADV 0.30)
24     | 2.5648     | 0.6904     | 0.9094       | 0.9649       | 0.9844     | 1.3807       | 0.9078   | 0.4141  , 0.5859   |           
25     | 2.5064     | 0.6756     | 0.8936       | 0.9371       | 0.9823     | 1.3423       | 0.9440   | 0.4578  , 0.5422   | (ADV 0.31)
26     | 2.5184     | 0.6752     | 0.9030       | 0.9402       | 0.9823     | 1.3142       | 0.9516   | 0.4452  , 0.5548   | (ADV 0.33)
27     | 2.4735     | 0.6252     | 0.8985       | 0.9498       | 0.9833     | 1.2499       | 0.9543   | 0.4424  , 0.5576   | (ADV 0.36)
28     | 2.4734     | 0.6411     | 0.8971       | 0.9351       | 0.9875     | 1.2326       | 0.9692   | 0.4379  , 0.5621   | (ADV 0.37)
29     | 2.4970     | 0.6306     | 0.9148       | 0.9517       | 0.9812     | 1.2001       | 0.9612   | 0.4332  , 0.5668   | (ADV 0.38)
30     | 2.5015     | 0.6266     | 0.9243       | 0.9506       | 0.9833     | 1.1397       | 0.9704   | 0.4437  , 0.5563   | (ADV 0.41)
31     | 2.4878     | 0.6253     | 0.9182       | 0.9444       | 0.9812     | 1.1744       | 0.9425   | 0.4456  , 0.5544   |           
32     | 2.4361     | 0.5909     | 0.9141       | 0.9311       | 0.9792     | 1.1089       | 0.9380   | 0.4328  , 0.5672   | (ADV 0.42)
33     | 2.4370     | 0.5844     | 0.9084       | 0.9442       | 0.9844     | 1.1087       | 0.9694   | 0.4460  , 0.5540   | (ADV 0.43)
34     | 2.4658     | 0.5980     | 0.9100       | 0.9579       | 0.9781     | 1.1172       | 0.9748   | 0.4471  , 0.5529   |           
35     | 2.4306     | 0.5649     | 0.9164       | 0.9492       | 0.9865     | 1.0838       | 0.9593   | 0.4347  , 0.5653   | (ADV 0.44)
36     | 2.4083     | 0.5665     | 0.9013       | 0.9405       | 0.9812     | 1.0341       | 0.9508   | 0.4581  , 0.5419   | (ADV 0.46)
37     | 2.4223     | 0.5599     | 0.9131       | 0.9492       | 0.9802     | 1.0965       | 0.9315   | 0.4541  , 0.5459   |           
38     | 2.4649     | 0.5724     | 0.9342       | 0.9583       | 0.9771     | 1.0269       | 1.0001   | 0.4449  , 0.5551   |           
39     | 2.4576     | 0.5743     | 0.9204       | 0.9630       | 0.9833     | 0.9917       | 0.9823   | 0.4364  , 0.5636   | (ADV 0.49)
40     | 2.3801     | 0.5321     | 0.8979       | 0.9502       | 0.9896     | 0.9681       | 0.9923   | 0.4472  , 0.5528   | (ADV 0.51)
41     | 2.3658     | 0.5089     | 0.9034       | 0.9535       | 0.9885     | 1.0028       | 1.0024   | 0.4581  , 0.5419   |           
42     | 2.4900     | 0.5773     | 0.9380       | 0.9748       | 0.9812     | 1.0114       | 0.9848   | 0.4621  , 0.5379   |           
43     | 2.3953     | 0.5205     | 0.9162       | 0.9586       | 0.9771     | 0.9911       | 0.9660   | 0.4448  , 0.5552   |           
44     | 2.3803     | 0.5099     | 0.9123       | 0.9581       | 0.9833     | 0.9660       | 0.9764   | 0.4482  , 0.5518   |           
45     | 2.4175     | 0.4923     | 0.9392       | 0.9861       | 0.9844     | 0.9761       | 1.0220   | 0.4460  , 0.5540   |           
46     | 2.4667     | 0.5425     | 0.9480       | 0.9762       | 0.9854     | 0.8965       | 0.9675   | 0.4409  , 0.5591   | (ADV 0.54)
47     | 2.4790     | 0.5205     | 0.9638       | 0.9947       | 0.9823     | 0.9377       | 1.0192   | 0.4521  , 0.5479   |           
48     | 2.4695     | 0.5151     | 0.9568       | 0.9976       | 0.9823     | 0.9596       | 0.9311   | 0.4470  , 0.5530   |           
49     | 2.5291     | 0.5334     | 0.9909       | 1.0048       | 0.9792     | 0.9778       | 1.0557   | 0.4497  , 0.5503   |           
50     | 2.5437     | 0.5315     | 0.9991       | 1.0130       | 0.9833     | 0.9342       | 1.0338   | 0.4456  , 0.5544   |           
51     | 2.4836     | 0.4903     | 0.9980       | 0.9953       | 0.9771     | 0.8619       | 1.0032   | 0.4365  , 0.5635   | (ADV 0.55)
52     | 2.5646     | 0.5274     | 1.0150       | 1.0222       | 0.9750     | 0.9325       | 0.9934   | 0.4438  , 0.5562   |           
53     | 2.5445     | 0.5340     | 0.9810       | 1.0294       | 0.9802     | 0.9326       | 0.9419   | 0.4333  , 0.5667   |           
54     | 2.5592     | 0.5063     | 1.0177       | 1.0351       | 0.9812     | 0.8831       | 0.9822   | 0.4319  , 0.5681   |           
55     | 2.5213     | 0.5114     | 0.9986       | 1.0113       | 0.9833     | 0.8737       | 0.9664   | 0.4407  , 0.5593   | (ADV 0.55)
56     | 2.5561     | 0.5184     | 1.0033       | 1.0344       | 0.9812     | 0.8834       | 0.9803   | 0.4495  , 0.5505   |           
57     | 2.5294     | 0.5045     | 1.0090       | 1.0159       | 0.9823     | 0.8595       | 1.0393   | 0.4290  , 0.5710   | (ADV 0.55)
58     | 2.6036     | 0.5094     | 1.0315       | 1.0627       | 0.9760     | 0.8959       | 1.0403   | 0.4519  , 0.5481   |           
59     | 2.5848     | 0.5062     | 1.0223       | 1.0564       | 0.9802     | 0.8670       | 1.0000   | 0.4478  , 0.5522   |           
60     | 2.5628     | 0.4852     | 1.0451       | 1.0325       | 0.9844     | 0.7993       | 1.0336   | 0.4419  , 0.5581   | (ADV 0.58)
61     | 2.5734     | 0.5119     | 1.0200       | 1.0415       | 0.9854     | 0.8152       | 1.0273   | 0.4218  , 0.5782   |           
62     | 2.5516     | 0.4930     | 1.0148       | 1.0438       | 0.9781     | 0.8194       | 0.9905   | 0.4439  , 0.5561   |           
63     | 2.5643     | 0.4917     | 1.0306       | 1.0421       | 0.9844     | 0.7846       | 0.9944   | 0.4450  , 0.5550   | (ADV 0.59)
64     | 2.6091     | 0.5152     | 1.0427       | 1.0511       | 0.9792     | 0.7633       | 1.0458   | 0.4489  , 0.5511   | (ADV 0.60)
65     | 2.6012     | 0.5147     | 1.0380       | 1.0484       | 0.9844     | 0.7993       | 1.0291   | 0.4323  , 0.5677   |           
66     | 2.5760     | 0.5083     | 1.0348       | 1.0329       | 0.9885     | 0.7639       | 1.0752   | 0.4642  , 0.5358   | (ADV 0.61)
67     | 2.5022     | 0.4576     | 1.0186       | 1.0260       | 0.9812     | 0.8153       | 1.0414   | 0.4610  , 0.5390   |           
68     | 2.5515     | 0.4796     | 1.0350       | 1.0369       | 0.9823     | 0.7749       | 1.0195   | 0.4611  , 0.5389   |           
69     | 2.5983     | 0.4827     | 1.0720       | 1.0435       | 0.9802     | 0.8037       | 1.0019   | 0.4473  , 0.5527   |           
70     | 2.5856     | 0.4745     | 1.0450       | 1.0661       | 0.9844     | 0.7942       | 1.0001   | 0.4513  , 0.5487   |           
71     | 2.6948     | 0.5437     | 1.0759       | 1.0753       | 0.9792     | 0.8120       | 0.9706   | 0.4396  , 0.5604   |           
72     | 2.6486     | 0.5305     | 1.0629       | 1.0552       | 0.9781     | 0.7592       | 0.9986   | 0.4541  , 0.5459   |           
73     | 2.5889     | 0.4739     | 1.0630       | 1.0520       | 0.9792     | 0.7658       | 0.9872   | 0.4540  , 0.5460   |           
74     | 2.6534     | 0.5155     | 1.0751       | 1.0628       | 0.9688     | 0.8386       | 1.0513   | 0.4752  , 0.5248   |           
75     | 2.6317     | 0.5034     | 1.0754       | 1.0529       | 0.9854     | 0.7568       | 0.9912   | 0.4409  , 0.5591   | (ADV 0.61)
76     | 2.6430     | 0.5096     | 1.0815       | 1.0520       | 0.9823     | 0.7663       | 1.0359   | 0.4896  , 0.5104   |           
77     | 2.5727     | 0.4495     | 1.0675       | 1.0557       | 0.9781     | 0.7643       | 0.9946   | 0.4444  , 0.5556   |           
78     | 2.6312     | 0.4897     | 1.0790       | 1.0625       | 0.9802     | 0.7428       | 0.9797   | 0.4760  , 0.5240   | (ADV 0.61)
79     | 2.6736     | 0.5160     | 1.0780       | 1.0796       | 0.9792     | 0.7903       | 0.9485   | 0.4606  , 0.5394   |           
80     | 2.6895     | 0.5094     | 1.0827       | 1.0974       | 0.9865     | 0.7545       | 0.9876   | 0.4406  , 0.5594   | (ADV 0.61)
81     | 2.6764     | 0.5122     | 1.0718       | 1.0923       | 0.9865     | 0.7675       | 0.9359   | 0.4548  , 0.5452   |           
82     | 2.6186     | 0.4529     | 1.0824       | 1.0833       | 0.9771     | 0.7381       | 0.9884   | 0.4515  , 0.5485   |           
83     | 2.6061     | 0.4536     | 1.0682       | 1.0842       | 0.9750     | 0.7307       | 0.9690   | 0.4487  , 0.5513   | (ADV 0.61)
84     | 2.7342     | 0.5356     | 1.0985       | 1.1001       | 0.9771     | 0.7229       | 0.9112   | 0.4647  , 0.5353   | (ADV 0.62)
85     | 2.6780     | 0.4897     | 1.0800       | 1.1083       | 0.9719     | 0.7157       | 0.9788   | 0.4397  , 0.5603   |           
86     | 2.6762     | 0.4902     | 1.0804       | 1.1056       | 0.9792     | 0.7798       | 0.9835   | 0.4604  , 0.5396   |           
87     | 2.6731     | 0.4758     | 1.0856       | 1.1117       | 0.9823     | 0.7366       | 0.9604   | 0.4568  , 0.5432   |           
88     | 2.7240     | 0.5096     | 1.1018       | 1.1126       | 0.9740     | 0.7364       | 0.9523   | 0.4460  , 0.5540   |           
89     | 2.6947     | 0.4722     | 1.1188       | 1.1037       | 0.9896     | 0.8237       | 0.9777   | 0.4629  , 0.5371   |           
90     | 2.7892     | 0.5368     | 1.1154       | 1.1370       | 0.9792     | 0.7432       | 0.9798   | 0.4670  , 0.5330   |           
91     | 2.6594     | 0.4510     | 1.1068       | 1.1016       | 0.9792     | 0.6978       | 0.9854   | 0.4563  , 0.5437   | (ADV 0.63)
92     | 2.6888     | 0.4625     | 1.0970       | 1.1293       | 0.9833     | 0.7215       | 0.9358   | 0.4671  , 0.5329   |           
93     | 2.7175     | 0.4911     | 1.1001       | 1.1263       | 0.9781     | 0.6835       | 0.9472   | 0.4342  , 0.5658   | (ADV 0.64)
94     | 2.7664     | 0.5297     | 1.1165       | 1.1203       | 0.9750     | 0.7118       | 0.9252   | 0.4684  , 0.5316   |           
95     | 2.7521     | 0.5133     | 1.1000       | 1.1388       | 0.9802     | 0.7107       | 0.9760   | 0.4391  , 0.5609   |           
96     | 2.6943     | 0.4868     | 1.0796       | 1.1279       | 0.9833     | 0.7126       | 0.9529   | 0.4580  , 0.5420   |           
97     | 2.6896     | 0.4779     | 1.0820       | 1.1296       | 0.9812     | 0.6799       | 0.9260   | 0.4651  , 0.5349   | (ADV 0.64)
98     | 2.7452     | 0.4900     | 1.1135       | 1.1416       | 0.9771     | 0.6555       | 0.9820   | 0.4598  , 0.5402   | (ADV 0.65)
99     | 2.7080     | 0.4602     | 1.1119       | 1.1358       | 0.9781     | 0.6576       | 0.9261   | 0.4604  , 0.5396   |           
100    | 2.7233     | 0.4758     | 1.1110       | 1.1365       | 0.9760     | 0.6732       | 0.9555   | 0.4575  , 0.5425   |           
101    | 2.6907     | 0.4583     | 1.1188       | 1.1137       | 0.9802     | 0.6942       | 1.0078   | 0.4791  , 0.5209   |           
102    | 2.7690     | 0.4993     | 1.1390       | 1.1307       | 0.9854     | 0.6769       | 1.0107   | 0.4530  , 0.5470   |           
103    | 2.7842     | 0.5248     | 1.1273       | 1.1321       | 0.9823     | 0.7411       | 0.9763   | 0.4475  , 0.5525   |           
104    | 2.7488     | 0.4612     | 1.1368       | 1.1509       | 0.9802     | 0.7493       | 0.9010   | 0.4647  , 0.5353   |           
105    | 2.7583     | 0.4847     | 1.1226       | 1.1509       | 0.9844     | 0.7148       | 0.9282   | 0.4359  , 0.5641   |           
106    | 2.7467     | 0.4625     | 1.1365       | 1.1477       | 0.9677     | 0.6328       | 0.9605   | 0.4458  , 0.5542   | (ADV 0.65)
107    | 2.7691     | 0.4789     | 1.1374       | 1.1528       | 0.9844     | 0.7022       | 0.9321   | 0.4620  , 0.5380   |           
108    | 2.7737     | 0.4930     | 1.1385       | 1.1422       | 0.9729     | 0.7360       | 0.9579   | 0.4310  , 0.5690   |           
109    | 2.7570     | 0.4708     | 1.1563       | 1.1299       | 0.9823     | 0.7241       | 0.9575   | 0.4700  , 0.5300   |           
110    | 2.7877     | 0.4683     | 1.1692       | 1.1502       | 0.9833     | 0.6820       | 0.9737   | 0.4825  , 0.5175   |           
111    | 2.7675     | 0.4636     | 1.1513       | 1.1526       | 0.9792     | 0.6856       | 0.9753   | 0.4469  , 0.5531   |           
112    | 2.7858     | 0.4922     | 1.1616       | 1.1320       | 0.9854     | 0.6980       | 0.9005   | 0.4672  , 0.5328   |           
113    | 2.7768     | 0.4893     | 1.1617       | 1.1259       | 0.9833     | 0.6707       | 0.9520   | 0.4691  , 0.5309   |           
114    | 2.8389     | 0.5072     | 1.1936       | 1.1381       | 0.9854     | 0.6862       | 0.9368   | 0.4306  , 0.5694   |           
115    | 2.7239     | 0.4461     | 1.1517       | 1.1261       | 0.9823     | 0.6572       | 0.9954   | 0.4511  , 0.5489   | (ADV 0.65)
116    | 2.7463     | 0.4591     | 1.1628       | 1.1244       | 0.9792     | 0.6834       | 0.9962   | 0.4659  , 0.5341   |           
117    | 2.6836     | 0.4033     | 1.1575       | 1.1228       | 0.9823     | 0.6517       | 0.9600   | 0.4366  , 0.5634   | (ADV 0.66)
118    | 2.7293     | 0.4408     | 1.1530       | 1.1355       | 0.9802     | 0.6417       | 0.9300   | 0.4494  , 0.5506   | (ADV 0.66)
119    | 2.7288     | 0.4445     | 1.1520       | 1.1323       | 0.9802     | 0.6515       | 0.9176   | 0.4412  , 0.5588   |           
120    | 2.7969     | 0.4992     | 1.1531       | 1.1446       | 0.9844     | 0.6161       | 0.9658   | 0.4816  , 0.5184   | (ADV 0.68)
121    | 2.7514     | 0.4518     | 1.1649       | 1.1347       | 0.9865     | 0.6152       | 0.9315   | 0.4605  , 0.5395   | (ADV 0.68)
122    | 2.7828     | 0.4793     | 1.1594       | 1.1442       | 0.9812     | 0.6616       | 0.9807   | 0.4686  , 0.5314   |           
123    | 2.7768     | 0.4609     | 1.1548       | 1.1611       | 0.9781     | 0.6740       | 0.9439   | 0.4830  , 0.5170   |           
124    | 2.8131     | 0.4799     | 1.1709       | 1.1622       | 0.9812     | 0.6740       | 0.9257   | 0.4784  , 0.5216   |           
125    | 2.7626     | 0.4494     | 1.1693       | 1.1438       | 0.9823     | 0.6498       | 1.0204   | 0.4577  , 0.5423   |           
126    | 2.8213     | 0.5005     | 1.1777       | 1.1430       | 0.9719     | 0.6834       | 0.9591   | 0.4624  , 0.5376   |           
127    | 2.7625     | 0.4595     | 1.1591       | 1.1439       | 0.9812     | 0.6163       | 0.9686   | 0.4737  , 0.5263   |           
128    | 2.7898     | 0.4893     | 1.1443       | 1.1561       | 0.9802     | 0.6239       | 0.9045   | 0.4543  , 0.5457   |           
129    | 2.8271     | 0.4839     | 1.1600       | 1.1832       | 0.9656     | 0.5741       | 0.9221   | 0.4814  , 0.5186   |           
130    | 2.7538     | 0.4349     | 1.1705       | 1.1484       | 0.9865     | 0.6072       | 0.9607   | 0.4394  , 0.5606   | (ADV 0.68)
131    | 2.8634     | 0.5330     | 1.1661       | 1.1643       | 0.9812     | 0.6456       | 0.9599   | 0.4690  , 0.5310   |           
132    | 2.7998     | 0.4656     | 1.1825       | 1.1517       | 0.9771     | 0.5997       | 0.9490   | 0.4466  , 0.5534   |           
133    | 2.8479     | 0.4628     | 1.1956       | 1.1895       | 0.9854     | 0.6660       | 0.9548   | 0.4714  , 0.5286   |           
134    | 2.8436     | 0.4919     | 1.1751       | 1.1766       | 0.9823     | 0.6216       | 0.9469   | 0.4618  , 0.5382   |           
135    | 2.8052     | 0.4672     | 1.1801       | 1.1580       | 0.9865     | 0.6576       | 0.9646   | 0.4521  , 0.5479   |           
136    | 2.8599     | 0.4747     | 1.1998       | 1.1853       | 0.9833     | 0.6139       | 0.9724   | 0.4460  , 0.5540   |           
137    | 2.8044     | 0.4636     | 1.1769       | 1.1639       | 0.9844     | 0.5736       | 0.9162   | 0.4510  , 0.5490   | (ADV 0.70)
138    | 2.7886     | 0.4248     | 1.1769       | 1.1869       | 0.9844     | 0.5614       | 0.9229   | 0.4490  , 0.5510   | (ADV 0.70)
139    | 2.7902     | 0.4253     | 1.1835       | 1.1813       | 0.9833     | 0.5708       | 0.9577   | 0.4361  , 0.5639   |           
140    | 2.8492     | 0.4935     | 1.1692       | 1.1865       | 0.9854     | 0.5813       | 0.9174   | 0.4594  , 0.5406   |           
141    | 2.8248     | 0.4663     | 1.1777       | 1.1808       | 0.9833     | 0.5683       | 0.9217   | 0.4659  , 0.5341   |           
142    | 2.8136     | 0.4461     | 1.1922       | 1.1753       | 0.9854     | 0.5648       | 0.9557   | 0.4399  , 0.5601   |           
143    | 2.8745     | 0.4891     | 1.1998       | 1.1857       | 0.9896     | 0.5754       | 1.0042   | 0.4685  , 0.5315   |           
144    | 2.8245     | 0.4444     | 1.2043       | 1.1757       | 0.9802     | 0.5687       | 1.0093   | 0.4709  , 0.5291   |           
145    | 2.7784     | 0.4140     | 1.1967       | 1.1677       | 0.9823     | 0.5430       | 0.9820   | 0.4715  , 0.5285   | (ADV 0.71)
146    | 2.8694     | 0.4720     | 1.2149       | 1.1824       | 0.9812     | 0.5831       | 0.9217   | 0.4501  , 0.5499   |           
147    | 2.8238     | 0.4231     | 1.2099       | 1.1908       | 0.9802     | 0.5813       | 0.9575   | 0.4643  , 0.5357   |           
148    | 2.8817     | 0.4856     | 1.1988       | 1.1973       | 0.9865     | 0.6289       | 0.9313   | 0.4583  , 0.5417   |           
149    | 2.8447     | 0.4597     | 1.2056       | 1.1794       | 0.9854     | 0.5786       | 0.9398   | 0.4663  , 0.5337   |           
150    | 2.8528     | 0.4503     | 1.2171       | 1.1853       | 0.9854     | 0.5869       | 0.8937   | 0.4414  , 0.5586   |           
151    | 2.7982     | 0.4304     | 1.1837       | 1.1841       | 0.9854     | 0.5344       | 0.9387   | 0.4505  , 0.5495   | (ADV 0.72)
152    | 2.8076     | 0.4216     | 1.1915       | 1.1945       | 0.9729     | 0.5486       | 0.9542   | 0.4671  , 0.5329   |           
153    | 2.8519     | 0.4562     | 1.2154       | 1.1803       | 0.9844     | 0.5263       | 0.9067   | 0.4612  , 0.5388   | (ADV 0.72)
154    | 2.8943     | 0.4950     | 1.1871       | 1.2122       | 0.9823     | 0.5676       | 0.8788   | 0.4721  , 0.5279   |           
155    | 2.8119     | 0.4358     | 1.1950       | 1.1811       | 0.9885     | 0.5391       | 0.8868   | 0.4662  , 0.5338   |           
156    | 2.8633     | 0.4721     | 1.2012       | 1.1900       | 0.9885     | 0.6095       | 0.9278   | 0.4419  , 0.5581   |           
157    | 2.8799     | 0.4752     | 1.2118       | 1.1929       | 0.9844     | 0.6090       | 0.9121   | 0.4680  , 0.5320   |           
158    | 2.8341     | 0.4558     | 1.1913       | 1.1870       | 0.9844     | 0.5479       | 0.9329   | 0.4606  , 0.5394   |           
159    | 2.8482     | 0.4499     | 1.2058       | 1.1925       | 0.9854     | 0.5365       | 0.9083   | 0.4276  , 0.5724   |           
160    | 2.8510     | 0.4643     | 1.1947       | 1.1920       | 0.9865     | 0.5724       | 1.0177   | 0.4787  , 0.5213   |           
161    | 2.8571     | 0.4319     | 1.2101       | 1.2150       | 0.9833     | 0.5671       | 0.8984   | 0.4575  , 0.5425   |           
162    | 2.8556     | 0.4501     | 1.2014       | 1.2040       | 0.9844     | 0.5349       | 0.9396   | 0.4683  , 0.5317   |           
163    | 2.8504     | 0.4330     | 1.2158       | 1.2016       | 0.9823     | 0.5518       | 0.9453   | 0.4681  , 0.5319   |           
164    | 2.8082     | 0.4304     | 1.1998       | 1.1781       | 0.9875     | 0.5609       | 0.8957   | 0.4636  , 0.5364   |           
165    | 2.8475     | 0.4405     | 1.2083       | 1.1987       | 0.9865     | 0.5481       | 0.8980   | 0.4707  , 0.5293   |           
166    | 2.8010     | 0.4198     | 1.2007       | 1.1805       | 0.9781     | 0.5532       | 0.8944   | 0.4362  , 0.5638   |           
167    | 2.8736     | 0.4628     | 1.2209       | 1.1899       | 0.9896     | 0.5522       | 0.9681   | 0.4430  , 0.5570   |           
168    | 2.8087     | 0.4188     | 1.2046       | 1.1853       | 0.9875     | 0.5018       | 0.9226   | 0.4595  , 0.5405   | (ADV 0.74)
169    | 2.8541     | 0.4626     | 1.1915       | 1.2001       | 0.9823     | 0.5601       | 0.8686   | 0.4445  , 0.5555   |           
170    | 2.8010     | 0.4103     | 1.1876       | 1.2030       | 0.9833     | 0.5862       | 0.9037   | 0.4422  , 0.5578   |           
171    | 2.8910     | 0.4545     | 1.2047       | 1.2319       | 0.9844     | 0.5574       | 0.9719   | 0.4691  , 0.5309   |           
172    | 2.8479     | 0.4325     | 1.1959       | 1.2195       | 0.9844     | 0.5467       | 0.9539   | 0.4606  , 0.5394   |           
173    | 2.8525     | 0.4536     | 1.1905       | 1.2085       | 0.9823     | 0.5802       | 0.9317   | 0.4830  , 0.5170   |           
174    | 2.8356     | 0.4322     | 1.1985       | 1.2049       | 0.9875     | 0.5047       | 0.9753   | 0.4612  , 0.5388   |           
175    | 2.8043     | 0.4152     | 1.1933       | 1.1958       | 0.9781     | 0.5566       | 0.8719   | 0.4548  , 0.5452   |           
176    | 2.9079     | 0.4709     | 1.2139       | 1.2231       | 0.9896     | 0.5040       | 0.9192   | 0.4749  , 0.5251   | (ADV 0.74)
177    | 2.8144     | 0.4169     | 1.2032       | 1.1943       | 0.9844     | 0.5554       | 0.9827   | 0.4906  , 0.5094   |           
178    | 2.8762     | 0.4436     | 1.2164       | 1.2161       | 0.9854     | 0.5223       | 0.9092   | 0.4707  , 0.5293   |           
179    | 2.9060     | 0.4729     | 1.2176       | 1.2154       | 0.9885     | 0.5091       | 0.9339   | 0.4601  , 0.5399   |           
180    | 2.8277     | 0.4053     | 1.2074       | 1.2150       | 0.9844     | 0.5187       | 0.8962   | 0.4646  , 0.5354   |           
181    | 2.8747     | 0.4434     | 1.2129       | 1.2183       | 0.9823     | 0.5490       | 0.9599   | 0.4808  , 0.5192   |           
182    | 2.8081     | 0.3989     | 1.2135       | 1.1957       | 0.9833     | 0.5263       | 0.8441   | 0.4626  , 0.5374   |           
183    | 2.8793     | 0.4524     | 1.2154       | 1.2114       | 0.9802     | 0.5379       | 0.9299   | 0.4625  , 0.5375   |           
184    | 2.8798     | 0.4542     | 1.2158       | 1.2098       | 0.9854     | 0.5082       | 0.8732   | 0.4815  , 0.5185   |           
185    | 2.9009     | 0.4532     | 1.2327       | 1.2150       | 0.9833     | 0.5519       | 0.9212   | 0.4746  , 0.5254   |           
186    | 2.8743     | 0.4533     | 1.2196       | 1.2014       | 0.9896     | 0.5243       | 0.9462   | 0.4750  , 0.5250   |           
187    | 2.9144     | 0.4740     | 1.2266       | 1.2138       | 0.9812     | 0.5318       | 0.8922   | 0.4569  , 0.5431   |           
188    | 2.8756     | 0.4382     | 1.2233       | 1.2140       | 0.9844     | 0.5394       | 0.9023   | 0.4674  , 0.5326   |           
189    | 2.9164     | 0.4459     | 1.2325       | 1.2381       | 0.9854     | 0.5995       | 0.9397   | 0.4627  , 0.5373   |           
190    | 2.8502     | 0.4184     | 1.2213       | 1.2105       | 0.9833     | 0.5143       | 0.9686   | 0.4522  , 0.5478   |           
191    | 2.8704     | 0.4258     | 1.2268       | 1.2178       | 0.9812     | 0.5031       | 0.8681   | 0.4308  , 0.5692   |           
192    | 2.8990     | 0.4322     | 1.2455       | 1.2213       | 0.9823     | 0.5744       | 0.9574   | 0.4703  , 0.5297   |           
193    | 2.9145     | 0.4502     | 1.2394       | 1.2248       | 0.9823     | 0.5493       | 0.8995   | 0.4655  , 0.5345   |           
194    | 2.9235     | 0.4499     | 1.2627       | 1.2109       | 0.9906     | 0.5435       | 0.9426   | 0.4480  , 0.5520   |           
195    | 2.8752     | 0.4198     | 1.2541       | 1.2013       | 0.9865     | 0.5112       | 0.9222   | 0.4450  , 0.5550   |           
196    | 2.8846     | 0.4240     | 1.2599       | 1.2007       | 0.9844     | 0.5009       | 0.9990   | 0.4513  , 0.5487   |           
197    | 2.9235     | 0.4605     | 1.2524       | 1.2105       | 0.9865     | 0.5232       | 0.9919   | 0.4414  , 0.5586   |           
198    | 2.9047     | 0.4436     | 1.2394       | 1.2217       | 0.9823     | 0.4780       | 0.9844   | 0.4535  , 0.5465   | (ADV 0.74)
199    | 2.8738     | 0.4392     | 1.2112       | 1.2234       | 0.9844     | 0.4952       | 0.9004   | 0.4544  , 0.5456   |           
200    | 2.8127     | 0.3920     | 1.2144       | 1.2063       | 0.9760     | 0.5000       | 0.8986   | 0.4391  , 0.5609   |           
201    | 2.8737     | 0.4323     | 1.2091       | 1.2323       | 0.9792     | 0.5102       | 0.8619   | 0.4590  , 0.5410   |           
202    | 2.8550     | 0.4182     | 1.2160       | 1.2208       | 0.9812     | 0.5101       | 0.9300   | 0.4477  , 0.5523   |           
203    | 2.8501     | 0.4088     | 1.2157       | 1.2255       | 0.9760     | 0.5396       | 0.9148   | 0.4643  , 0.5357   |           
204    | 2.8985     | 0.4564     | 1.2269       | 1.2151       | 0.9802     | 0.5707       | 0.9872   | 0.4450  , 0.5550   |           
205    | 2.8867     | 0.4354     | 1.2278       | 1.2234       | 0.9844     | 0.4762       | 0.9381   | 0.4453  , 0.5547   | (ADV 0.75)
206    | 2.8877     | 0.4324     | 1.2255       | 1.2298       | 0.9823     | 0.4775       | 0.9578   | 0.4556  , 0.5444   |           
207    | 2.9399     | 0.4686     | 1.2346       | 1.2367       | 0.9792     | 0.4871       | 0.9378   | 0.4436  , 0.5564   |           
208    | 2.9009     | 0.4218     | 1.2316       | 1.2475       | 0.9677     | 0.4872       | 0.9446   | 0.4282  , 0.5718   |           
209    | 2.8910     | 0.4241     | 1.2357       | 1.2313       | 0.9792     | 0.5349       | 0.9144   | 0.4508  , 0.5492   |           
210    | 2.9528     | 0.4841     | 1.2401       | 1.2286       | 0.9792     | 0.5038       | 0.8413   | 0.4248  , 0.5752   |           
211    | 2.8807     | 0.3930     | 1.2504       | 1.2373       | 0.9812     | 0.5181       | 0.9629   | 0.4509  , 0.5491   |           
212    | 2.9062     | 0.4170     | 1.2469       | 1.2423       | 0.9844     | 0.5214       | 0.9065   | 0.4575  , 0.5425   |           
213    | 2.8838     | 0.4059     | 1.2312       | 1.2467       | 0.9812     | 0.4737       | 0.9494   | 0.4506  , 0.5494   |           
214    | 2.9022     | 0.4307     | 1.2297       | 1.2419       | 0.9760     | 0.5111       | 0.8715   | 0.4664  , 0.5336   |           
215    | 2.8973     | 0.4271     | 1.2340       | 1.2361       | 0.9802     | 0.4720       | 0.9617   | 0.4704  , 0.5296   |           
216    | 2.9035     | 0.4261     | 1.2382       | 1.2392       | 0.9896     | 0.4667       | 0.8929   | 0.4458  , 0.5542   | (ADV 0.76)
217    | 2.9029     | 0.4365     | 1.2502       | 1.2162       | 0.9865     | 0.4866       | 0.8835   | 0.4203  , 0.5797   |           
218    | 2.9062     | 0.4120     | 1.2505       | 1.2437       | 0.9844     | 0.4884       | 0.8899   | 0.4449  , 0.5551   |           
219    | 2.9165     | 0.4238     | 1.2475       | 1.2453       | 0.9812     | 0.5160       | 0.8762   | 0.4589  , 0.5411   |           
220    | 2.9221     | 0.4427     | 1.2530       | 1.2264       | 0.9854     | 0.5177       | 0.8959   | 0.4505  , 0.5495   |           
221    | 2.8540     | 0.3808     | 1.2486       | 1.2246       | 0.9812     | 0.4906       | 0.9168   | 0.4434  , 0.5566   |           
222    | 2.8945     | 0.4110     | 1.2548       | 1.2287       | 0.9854     | 0.4699       | 0.8945   | 0.4337  , 0.5663   |           
223    | 2.8738     | 0.4075     | 1.2357       | 1.2306       | 0.9812     | 0.5303       | 0.8876   | 0.4099  , 0.5901   |           
224    | 2.9004     | 0.4217     | 1.2443       | 1.2344       | 0.9792     | 0.4996       | 0.9475   | 0.4592  , 0.5408   |           
225    | 2.8450     | 0.4014     | 1.2366       | 1.2069       | 0.9812     | 0.4986       | 0.9264   | 0.4239  , 0.5761   |           
226    | 2.9171     | 0.4346     | 1.2399       | 1.2426       | 0.9823     | 0.5105       | 0.9335   | 0.4580  , 0.5420   |           
227    | 2.9372     | 0.4421     | 1.2527       | 1.2425       | 0.9823     | 0.4888       | 1.0014   | 0.4637  , 0.5363   |           
228    | 2.8739     | 0.4059     | 1.2420       | 1.2260       | 0.9792     | 0.4583       | 0.9263   | 0.4507  , 0.5493   |           
229    | 2.9050     | 0.4311     | 1.2449       | 1.2289       | 0.9812     | 0.5013       | 0.9196   | 0.4322  , 0.5678   |           
230    | 2.9121     | 0.4163     | 1.2613       | 1.2345       | 0.9833     | 0.4798       | 0.9957   | 0.4087  , 0.5913   |           
231    | 2.8943     | 0.4182     | 1.2485       | 1.2277       | 0.9771     | 0.4734       | 0.9453   | 0.4410  , 0.5590   |           
232    | 2.9387     | 0.4407     | 1.2603       | 1.2377       | 0.9833     | 0.4640       | 0.9814   | 0.4456  , 0.5544   |           
233    | 2.8745     | 0.4040     | 1.2506       | 1.2198       | 0.9781     | 0.4718       | 0.9426   | 0.4559  , 0.5441   |           
234    | 2.8950     | 0.4179     | 1.2455       | 1.2317       | 0.9854     | 0.4883       | 0.8426   | 0.4557  , 0.5443   |           
235    | 2.9423     | 0.4478     | 1.2533       | 1.2412       | 0.9833     | 0.4972       | 0.9445   | 0.4556  , 0.5444   |           
236    | 2.9112     | 0.4269     | 1.2429       | 1.2414       | 0.9854     | 0.4577       | 0.9056   | 0.4455  , 0.5545   | (ADV 0.76)
237    | 2.9258     | 0.4347     | 1.2518       | 1.2393       | 0.9823     | 0.4666       | 0.9037   | 0.4544  , 0.5456   |           
238    | 2.9463     | 0.4601     | 1.2500       | 1.2363       | 0.9812     | 0.4551       | 0.9504   | 0.4597  , 0.5403   |           
239    | 2.9353     | 0.4222     | 1.2620       | 1.2511       | 0.9833     | 0.5208       | 0.9033   | 0.4361  , 0.5639   |           
240    | 2.9194     | 0.4344     | 1.2515       | 1.2335       | 0.9802     | 0.5112       | 0.9844   | 0.4263  , 0.5737   |           
241    | 2.8342     | 0.3567     | 1.2632       | 1.2144       | 0.9823     | 0.5102       | 0.9060   | 0.4229  , 0.5771   |           
242    | 2.9036     | 0.4062     | 1.2570       | 1.2404       | 0.9771     | 0.4717       | 0.9158   | 0.4216  , 0.5784   |           
243    | 2.9548     | 0.4531     | 1.2552       | 1.2466       | 0.9833     | 0.4803       | 0.9422   | 0.4314  , 0.5686   |           
244    | 2.8859     | 0.3977     | 1.2447       | 1.2434       | 0.9844     | 0.4891       | 0.9090   | 0.4168  , 0.5832   |           
245    | 2.9419     | 0.4308     | 1.2720       | 1.2391       | 0.9833     | 0.4751       | 0.9305   | 0.4322  , 0.5678   |           
246    | 2.8804     | 0.3888     | 1.2632       | 1.2285       | 0.9812     | 0.4921       | 0.9506   | 0.4418  , 0.5582   |           
247    | 2.9042     | 0.4110     | 1.2691       | 1.2241       | 0.9854     | 0.4901       | 0.9916   | 0.4391  , 0.5609   |           
248    | 2.8590     | 0.3723     | 1.2622       | 1.2244       | 0.9833     | 0.4538       | 0.9291   | 0.4494  , 0.5506   |           
249    | 2.9218     | 0.4227     | 1.2709       | 1.2281       | 0.9833     | 0.4403       | 0.9446   | 0.4514  , 0.5486   | (ADV 0.76)
250    | 2.9269     | 0.4118     | 1.2722       | 1.2428       | 0.9823     | 0.4902       | 0.9385   | 0.4469  , 0.5531   |           
251    | 2.8998     | 0.3953     | 1.2673       | 1.2372       | 0.9844     | 0.4676       | 0.9471   | 0.4383  , 0.5617   |           
252    | 2.8469     | 0.3705     | 1.2527       | 1.2237       | 0.9844     | 0.4377       | 0.9501   | 0.4307  , 0.5693   | (ADV 0.77)
253    | 2.9111     | 0.4007     | 1.2705       | 1.2399       | 0.9802     | 0.4827       | 0.9331   | 0.4596  , 0.5404   |           
254    | 2.9173     | 0.3889     | 1.2747       | 1.2537       | 0.9844     | 0.4722       | 0.9560   | 0.4506  , 0.5494   |           
255    | 2.9364     | 0.4125     | 1.2728       | 1.2510       | 0.9792     | 0.4536       | 0.9127   | 0.4423  , 0.5577   |           
256    | 2.9216     | 0.4064     | 1.2651       | 1.2501       | 0.9833     | 0.5092       | 0.9112   | 0.4400  , 0.5600   |           
257    | 2.8932     | 0.3861     | 1.2622       | 1.2449       | 0.9792     | 0.4796       | 0.8973   | 0.4526  , 0.5474   |           
258    | 2.9414     | 0.4203     | 1.2757       | 1.2454       | 0.9823     | 0.4287       | 0.9013   | 0.4400  , 0.5600   | (ADV 0.77)
259    | 2.9051     | 0.4021     | 1.2543       | 1.2487       | 0.9812     | 0.4546       | 0.8861   | 0.4245  , 0.5755   |           
260    | 2.9550     | 0.4361     | 1.2524       | 1.2665       | 0.9802     | 0.4780       | 0.9284   | 0.4529  , 0.5471   |           
261    | 2.9194     | 0.3963     | 1.2719       | 1.2512       | 0.9833     | 0.4380       | 0.9249   | 0.4531  , 0.5469   |           
262    | 2.9106     | 0.4003     | 1.2526       | 1.2577       | 0.9792     | 0.4433       | 0.9114   | 0.4558  , 0.5442   |           
263    | 2.9407     | 0.4387     | 1.2520       | 1.2500       | 0.9781     | 0.5288       | 0.8849   | 0.4386  , 0.5614   |           
264    | 2.9137     | 0.3943     | 1.2658       | 1.2535       | 0.9812     | 0.4804       | 0.9602   | 0.4458  , 0.5542   |           
265    | 2.9174     | 0.4007     | 1.2620       | 1.2547       | 0.9833     | 0.4524       | 0.8860   | 0.4687  , 0.5313   |           
266    | 2.9057     | 0.3839     | 1.2528       | 1.2690       | 0.9854     | 0.4742       | 0.9555   | 0.4689  , 0.5311   |           
267    | 2.9048     | 0.3978     | 1.2477       | 1.2593       | 0.9802     | 0.4487       | 0.8852   | 0.4510  , 0.5490   |           
268    | 2.8506     | 0.3562     | 1.2487       | 1.2456       | 0.9823     | 0.4594       | 0.8952   | 0.4385  , 0.5615   |           
269    | 2.8957     | 0.3957     | 1.2480       | 1.2520       | 0.9823     | 0.4425       | 0.9337   | 0.4555  , 0.5445   |           
270    | 2.8732     | 0.3718     | 1.2481       | 1.2533       | 0.9812     | 0.4404       | 0.9039   | 0.4502  , 0.5498   |           
271    | 2.8396     | 0.3508     | 1.2401       | 1.2486       | 0.9781     | 0.4311       | 0.9051   | 0.4378  , 0.5622   |           
272    | 2.8947     | 0.3740     | 1.2663       | 1.2544       | 0.9833     | 0.4097       | 0.9339   | 0.4486  , 0.5514   | (ADV 0.78)
273    | 2.9197     | 0.4053     | 1.2579       | 1.2565       | 0.9823     | 0.4162       | 0.8859   | 0.4633  , 0.5367   |           
274    | 2.8805     | 0.3654     | 1.2673       | 1.2478       | 0.9833     | 0.4865       | 0.8890   | 0.4497  , 0.5503   |           
275    | 2.9174     | 0.3993     | 1.2684       | 1.2498       | 0.9844     | 0.4517       | 0.9415   | 0.4462  , 0.5538   |           
276    | 2.8797     | 0.3700     | 1.2626       | 1.2472       | 0.9812     | 0.4469       | 0.8673   | 0.4468  , 0.5532   |           
277    | 2.8588     | 0.3627     | 1.2505       | 1.2457       | 0.9802     | 0.4646       | 1.0170   | 0.4490  , 0.5510   |           
278    | 2.9099     | 0.4014     | 1.2706       | 1.2379       | 0.9792     | 0.4923       | 0.9219   | 0.4415  , 0.5585   |           
279    | 2.8748     | 0.3698     | 1.2640       | 1.2411       | 0.9823     | 0.3963       | 0.9593   | 0.4574  , 0.5426   | (ADV 0.78)
280    | 2.8994     | 0.3783     | 1.2656       | 1.2555       | 0.9854     | 0.4611       | 0.8444   | 0.4378  , 0.5622   |           
281    | 2.9146     | 0.4016     | 1.2766       | 1.2364       | 0.9844     | 0.4419       | 0.9004   | 0.4371  , 0.5629   |           
282    | 2.9142     | 0.4068     | 1.2631       | 1.2443       | 0.9833     | 0.4740       | 0.8871   | 0.4643  , 0.5357   |           
283    | 2.9410     | 0.4380     | 1.2633       | 1.2397       | 0.9802     | 0.4771       | 0.9122   | 0.4464  , 0.5536   |           
284    | 2.8997     | 0.3784     | 1.2722       | 1.2490       | 0.9833     | 0.4114       | 0.8906   | 0.4583  , 0.5417   |           
285    | 2.9216     | 0.3979     | 1.2661       | 1.2576       | 0.9823     | 0.4478       | 0.8662   | 0.4618  , 0.5382   |           
286    | 2.8907     | 0.3896     | 1.2613       | 1.2399       | 0.9875     | 0.4395       | 0.8866   | 0.4253  , 0.5747   |           
287    | 2.9175     | 0.4027     | 1.2641       | 1.2506       | 0.9865     | 0.4472       | 0.9077   | 0.4562  , 0.5438   |           
288    | 2.8811     | 0.3808     | 1.2622       | 1.2381       | 0.9844     | 0.4495       | 0.8853   | 0.4510  , 0.5490   |           
289    | 2.8856     | 0.3840     | 1.2624       | 1.2392       | 0.9833     | 0.4115       | 0.8650   | 0.4464  , 0.5536   |           
290    | 2.9429     | 0.4243     | 1.2780       | 1.2406       | 0.9865     | 0.4472       | 0.9260   | 0.4420  , 0.5580   |           
291    | 2.8734     | 0.3665     | 1.2608       | 1.2460       | 0.9823     | 0.4457       | 0.9619   | 0.4560  , 0.5440   |           
292    | 2.8849     | 0.3853     | 1.2693       | 1.2303       | 0.9875     | 0.4431       | 0.9469   | 0.4451  , 0.5549   |           
293    | 2.8631     | 0.3402     | 1.2745       | 1.2485       | 0.9823     | 0.3784       | 0.9094   | 0.4703  , 0.5297   | (ADV 0.79)
294    | 2.9375     | 0.4174     | 1.2768       | 1.2433       | 0.9812     | 0.4641       | 0.9401   | 0.4656  , 0.5344   |           
295    | 2.8912     | 0.3860     | 1.2665       | 1.2386       | 0.9823     | 0.4703       | 0.9684   | 0.4588  , 0.5412   |           
296    | 2.9128     | 0.3896     | 1.2778       | 1.2453       | 0.9802     | 0.4822       | 0.9417   | 0.4737  , 0.5263   |           
297    | 2.8640     | 0.3525     | 1.2740       | 1.2374       | 0.9865     | 0.4516       | 0.9153   | 0.4574  , 0.5426   |           
298    | 2.8460     | 0.3405     | 1.2644       | 1.2411       | 0.9844     | 0.4605       | 0.8440   | 0.4596  , 0.5404   |           
299    | 2.9849     | 0.4430     | 1.2791       | 1.2628       | 0.9844     | 0.4837       | 0.9539   | 0.5057  , 0.4943   |           
300    | 2.9658     | 0.4410     | 1.2730       | 1.2518       | 0.9844     | 0.4568       | 0.9495   | 0.4784  , 0.5216   |           
301    | 2.8670     | 0.3685     | 1.2594       | 1.2391       | 0.9885     | 0.4735       | 0.9392   | 0.4441  , 0.5559   |           
302    | 2.8961     | 0.3782     | 1.2704       | 1.2475       | 0.9844     | 0.4809       | 0.9121   | 0.4479  , 0.5521   |           
303    | 2.8533     | 0.3438     | 1.2672       | 1.2423       | 0.9812     | 0.4226       | 0.9150   | 0.4698  , 0.5302   |           
304    | 2.8707     | 0.3565     | 1.2685       | 1.2458       | 0.9812     | 0.4275       | 0.8859   | 0.4526  , 0.5474   |           
305    | 2.9283     | 0.3977     | 1.2719       | 1.2586       | 0.9854     | 0.3987       | 0.8696   | 0.4622  , 0.5378   |           
306    | 2.8739     | 0.3598     | 1.2746       | 1.2395       | 0.9865     | 0.3997       | 0.9020   | 0.4582  , 0.5418   |           
307    | 2.9218     | 0.4006     | 1.2688       | 1.2525       | 0.9823     | 0.3873       | 0.9481   | 0.4695  , 0.5305   |           
308    | 2.8829     | 0.3542     | 1.2815       | 1.2471       | 0.9854     | 0.4297       | 0.9243   | 0.4435  , 0.5565   |           
309    | 2.8990     | 0.3777     | 1.2673       | 1.2539       | 0.9844     | 0.4265       | 0.8884   | 0.4662  , 0.5338   |           
310    | 2.8746     | 0.3548     | 1.2654       | 1.2543       | 0.9885     | 0.4409       | 0.9394   | 0.4494  , 0.5506   |           
311    | 2.8900     | 0.3641     | 1.2739       | 1.2521       | 0.9833     | 0.3918       | 0.8964   | 0.4810  , 0.5190   |           
312    | 2.9181     | 0.3754     | 1.2831       | 1.2596       | 0.9844     | 0.4380       | 0.9134   | 0.4638  , 0.5362   |           
313    | 2.8715     | 0.3438     | 1.2745       | 1.2532       | 0.9844     | 0.4193       | 0.8895   | 0.4527  , 0.5473   |           
314    | 2.9334     | 0.3974     | 1.2834       | 1.2527       | 0.9844     | 0.4279       | 0.9330   | 0.4538  , 0.5462   |           
315    | 2.9297     | 0.3966     | 1.2672       | 1.2659       | 0.9802     | 0.4586       | 0.9135   | 0.4478  , 0.5522   |           
316    | 2.9529     | 0.4103     | 1.2769       | 1.2657       | 0.9885     | 0.4461       | 0.8714   | 0.4526  , 0.5474   |           
317    | 2.8754     | 0.3611     | 1.2696       | 1.2447       | 0.9802     | 0.4238       | 0.9090   | 0.4480  , 0.5520   |           
318    | 2.8845     | 0.3691     | 1.2635       | 1.2519       | 0.9833     | 0.4181       | 0.8722   | 0.4602  , 0.5398   |           
319    | 2.8940     | 0.3627     | 1.2721       | 1.2591       | 0.9823     | 0.3742       | 0.8902   | 0.4557  , 0.5443   | (ADV 0.80)
320    | 2.9357     | 0.3961     | 1.2860       | 1.2536       | 0.9812     | 0.4451       | 0.9511   | 0.4513  , 0.5487   |           
321    | 2.8712     | 0.3590     | 1.2681       | 1.2441       | 0.9854     | 0.4092       | 0.9119   | 0.4526  , 0.5474   |           
322    | 2.8251     | 0.3174     | 1.2633       | 1.2444       | 0.9833     | 0.4164       | 0.9096   | 0.4509  , 0.5491   |           
323    | 2.8860     | 0.3471     | 1.2736       | 1.2654       | 0.9812     | 0.4424       | 0.9775   | 0.4601  , 0.5399   |           
324    | 2.8984     | 0.3672     | 1.2726       | 1.2587       | 0.9802     | 0.4546       | 0.9412   | 0.4309  , 0.5691   |           
325    | 2.9231     | 0.3859     | 1.2696       | 1.2676       | 0.9833     | 0.4380       | 0.8548   | 0.4535  , 0.5465   |           
326    | 2.8787     | 0.3495     | 1.2675       | 1.2617       | 0.9833     | 0.4502       | 0.9232   | 0.4651  , 0.5349   |           
327    | 2.9214     | 0.3941     | 1.2744       | 1.2529       | 0.9844     | 0.4398       | 0.9689   | 0.4572  , 0.5428   |           
328    | 2.9037     | 0.3820     | 1.2786       | 1.2431       | 0.9833     | 0.4213       | 0.9508   | 0.4753  , 0.5247   |           
329    | 2.9051     | 0.3597     | 1.2796       | 1.2658       | 0.9844     | 0.4382       | 0.9226   | 0.4661  , 0.5339   |           
330    | 2.9097     | 0.3800     | 1.2732       | 1.2565       | 0.9844     | 0.4156       | 0.9264   | 0.4675  , 0.5325   |           
331    | 2.9074     | 0.3718     | 1.2691       | 1.2665       | 0.9823     | 0.4844       | 0.9592   | 0.4665  , 0.5335   |           
332    | 2.8554     | 0.3353     | 1.2661       | 1.2540       | 0.9854     | 0.4352       | 0.8527   | 0.4756  , 0.5244   |           
333    | 2.9069     | 0.3735     | 1.2792       | 1.2542       | 0.9823     | 0.4227       | 0.9008   | 0.4615  , 0.5385   |           
334    | 2.9478     | 0.3944     | 1.2889       | 1.2645       | 0.9771     | 0.4010       | 0.9151   | 0.4696  , 0.5304   |           
335    | 2.8982     | 0.3734     | 1.2733       | 1.2515       | 0.9833     | 0.4226       | 0.9599   | 0.4790  , 0.5210   |           
336    | 2.8843     | 0.3547     | 1.2699       | 1.2597       | 0.9823     | 0.4071       | 0.9230   | 0.4837  , 0.5163   |           
337    | 2.8947     | 0.3608     | 1.2748       | 1.2591       | 0.9812     | 0.4429       | 0.8788   | 0.4588  , 0.5412   |           
338    | 2.9080     | 0.3723     | 1.2719       | 1.2638       | 0.9844     | 0.4289       | 0.9604   | 0.4905  , 0.5095   |           
339    | 2.8697     | 0.3311     | 1.2817       | 1.2569       | 0.9812     | 0.4164       | 0.9520   | 0.4563  , 0.5437   |           
340    | 2.9298     | 0.3765     | 1.2842       | 1.2691       | 0.9802     | 0.4244       | 0.9372   | 0.4587  , 0.5413   |           
341    | 2.9455     | 0.4080     | 1.2832       | 1.2543       | 0.9823     | 0.3775       | 0.9349   | 0.4807  , 0.5193   |           
342    | 2.8902     | 0.3591     | 1.2735       | 1.2576       | 0.9802     | 0.4423       | 0.8797   | 0.4969  , 0.5031   |           
343    | 2.8831     | 0.3588     | 1.2745       | 1.2498       | 0.9792     | 0.3938       | 0.8779   | 0.4804  , 0.5196   |           
344    | 2.9282     | 0.4025     | 1.2719       | 1.2538       | 0.9844     | 0.4072       | 0.9270   | 0.4724  , 0.5276   |           
345    | 2.8315     | 0.3281     | 1.2650       | 1.2384       | 0.9771     | 0.3554       | 0.9186   | 0.4627  , 0.5373   | (ADV 0.80)
346    | 2.9027     | 0.3803     | 1.2744       | 1.2480       | 0.9802     | 0.4065       | 0.8659   | 0.4825  , 0.5175   |           
347    | 2.9031     | 0.3714     | 1.2676       | 1.2641       | 0.9865     | 0.4166       | 0.9352   | 0.4574  , 0.5426   |           
348    | 2.9469     | 0.4064     | 1.2865       | 1.2540       | 0.9729     | 0.4437       | 0.9598   | 0.4877  , 0.5123   |           
349    | 2.8941     | 0.3510     | 1.2845       | 1.2585       | 0.9719     | 0.4231       | 0.9731   | 0.4950  , 0.5050   |           
350    | 2.9066     | 0.3719     | 1.2710       | 1.2637       | 0.9812     | 0.4025       | 0.9747   | 0.4778  , 0.5222   |           
351    | 2.8775     | 0.3515     | 1.2664       | 1.2595       | 0.9844     | 0.4162       | 0.9712   | 0.4763  , 0.5237   |           
352    | 2.9236     | 0.3757     | 1.2844       | 1.2636       | 0.9792     | 0.4011       | 0.9392   | 0.4648  , 0.5352   |           
353    | 2.8597     | 0.3322     | 1.2730       | 1.2545       | 0.9844     | 0.4588       | 0.9019   | 0.4594  , 0.5406   |           
354    | 2.9165     | 0.3864     | 1.2790       | 1.2511       | 0.9812     | 0.4209       | 0.9808   | 0.4919  , 0.5081   |           
355    | 2.8931     | 0.3599     | 1.2892       | 1.2440       | 0.9844     | 0.4147       | 0.9958   | 0.4874  , 0.5126   |           
356    | 2.9139     | 0.3706     | 1.2876       | 1.2558       | 0.9875     | 0.4751       | 0.9404   | 0.4732  , 0.5268   |           
357    | 2.9199     | 0.3802     | 1.2745       | 1.2652       | 0.9823     | 0.4166       | 0.9069   | 0.4696  , 0.5304   |           
358    | 2.9093     | 0.3719     | 1.2739       | 1.2634       | 0.9844     | 0.3540       | 0.9299   | 0.4636  , 0.5364   | (ADV 0.81)
359    | 2.9252     | 0.3679     | 1.2837       | 1.2736       | 0.9812     | 0.3833       | 0.9367   | 0.4869  , 0.5131   |           
360    | 2.8720     | 0.3376     | 1.2764       | 1.2580       | 0.9750     | 0.4081       | 0.9371   | 0.4882  , 0.5118   |           
361    | 2.9339     | 0.3751     | 1.2923       | 1.2665       | 0.9802     | 0.3780       | 0.9298   | 0.4748  , 0.5252   |           
362    | 2.9108     | 0.3751     | 1.2758       | 1.2599       | 0.9865     | 0.4218       | 0.9532   | 0.4850  , 0.5150   |           
363    | 2.8890     | 0.3568     | 1.2795       | 1.2526       | 0.9812     | 0.4041       | 0.9439   | 0.4739  , 0.5261   |           
364    | 2.9091     | 0.3811     | 1.2781       | 1.2499       | 0.9844     | 0.3711       | 0.9655   | 0.4441  , 0.5559   |           
365    | 2.9164     | 0.3853     | 1.2714       | 1.2598       | 0.9823     | 0.4180       | 0.9063   | 0.4466  , 0.5534   |           
366    | 2.8902     | 0.3702     | 1.2664       | 1.2535       | 0.9781     | 0.3932       | 0.9746   | 0.4701  , 0.5299   |           
367    | 2.8872     | 0.3432     | 1.2758       | 1.2682       | 0.9833     | 0.3783       | 0.9431   | 0.4728  , 0.5272   |           
368    | 2.8888     | 0.3417     | 1.2825       | 1.2646       | 0.9854     | 0.4052       | 0.9701   | 0.4657  , 0.5343   |           
369    | 2.9258     | 0.3874     | 1.2774       | 1.2611       | 0.9844     | 0.3789       | 0.9219   | 0.4657  , 0.5343   |           
370    | 2.8591     | 0.3384     | 1.2697       | 1.2510       | 0.9833     | 0.3940       | 0.9958   | 0.4573  , 0.5427   |           
371    | 2.9111     | 0.3643     | 1.2820       | 1.2648       | 0.9823     | 0.4085       | 1.0079   | 0.4716  , 0.5284   |           
372    | 2.8928     | 0.3458     | 1.2833       | 1.2637       | 0.9885     | 0.4318       | 0.9706   | 0.4732  , 0.5268   |           
373    | 2.8858     | 0.3338     | 1.2875       | 1.2645       | 0.9844     | 0.4199       | 0.9208   | 0.4669  , 0.5331   |           
374    | 2.8999     | 0.3501     | 1.2799       | 1.2698       | 0.9792     | 0.4086       | 0.9953   | 0.4712  , 0.5288   |           
375    | 2.9085     | 0.3719     | 1.2745       | 1.2621       | 0.9854     | 0.3792       | 1.0132   | 0.4720  , 0.5280   |           
376    | 2.9556     | 0.3938     | 1.2876       | 1.2742       | 0.9833     | 0.3952       | 0.9865   | 0.4720  , 0.5280   |           
377    | 2.8988     | 0.3440     | 1.2878       | 1.2670       | 0.9844     | 0.4119       | 1.0057   | 0.4623  , 0.5377   |           
378    | 2.8861     | 0.3534     | 1.2742       | 1.2584       | 0.9854     | 0.4155       | 0.9573   | 0.4714  , 0.5286   |           
379    | 2.8932     | 0.3428     | 1.2886       | 1.2619       | 0.9854     | 0.3640       | 0.9791   | 0.4849  , 0.5151   |           
380    | 2.9084     | 0.3639     | 1.2807       | 1.2638       | 0.9854     | 0.3677       | 0.9506   | 0.4700  , 0.5300   |           
381    | 2.8798     | 0.3408     | 1.2754       | 1.2635       | 0.9854     | 0.3805       | 0.9280   | 0.4757  , 0.5243   |           
382    | 2.9049     | 0.3557     | 1.2782       | 1.2711       | 0.9865     | 0.3791       | 0.9546   | 0.4783  , 0.5217   |           
383    | 2.8813     | 0.3444     | 1.2847       | 1.2522       | 0.9823     | 0.3987       | 0.9529   | 0.4615  , 0.5385   |           
384    | 2.8979     | 0.3485     | 1.2862       | 1.2632       | 0.9792     | 0.4046       | 0.9871   | 0.4673  , 0.5327   |           
385    | 2.9069     | 0.3585     | 1.2901       | 1.2582       | 0.9833     | 0.3401       | 0.8793   | 0.4800  , 0.5200   | (ADV 0.81)
386    | 3.0004     | 0.4212     | 1.2955       | 1.2837       | 0.9708     | 0.3913       | 0.9498   | 0.4946  , 0.5054   |           
387    | 2.9337     | 0.3774     | 1.2961       | 1.2602       | 0.9812     | 0.4186       | 0.9268   | 0.4864  , 0.5136   |           
388    | 2.9108     | 0.3493     | 1.2968       | 1.2647       | 0.9812     | 0.4210       | 0.9454   | 0.4845  , 0.5155   |           
389    | 2.9435     | 0.3976     | 1.2919       | 1.2541       | 0.9802     | 0.3817       | 0.9551   | 0.5030  , 0.4970   |           
390    | 2.9220     | 0.3764     | 1.2823       | 1.2633       | 0.9760     | 0.3392       | 0.9159   | 0.4556  , 0.5444   |           
391    | 2.9257     | 0.3675     | 1.2839       | 1.2743       | 0.9802     | 0.3957       | 0.9738   | 0.4733  , 0.5267   |           
392    | 2.8992     | 0.3602     | 1.2799       | 1.2591       | 0.9844     | 0.3749       | 0.9648   | 0.4744  , 0.5256   |           
393    | 2.9498     | 0.3825     | 1.3000       | 1.2673       | 0.9823     | 0.3946       | 0.9192   | 0.4781  , 0.5219   |           
394    | 2.9135     | 0.3562     | 1.3005       | 1.2569       | 0.9812     | 0.4082       | 0.9380   | 0.4924  , 0.5076   |           
395    | 2.9638     | 0.3794     | 1.3156       | 1.2688       | 0.9844     | 0.4223       | 0.9958   | 0.4718  , 0.5282   |           
396    | 2.9828     | 0.4174     | 1.3006       | 1.2648       | 0.9865     | 0.4425       | 0.9035   | 0.4629  , 0.5371   |           
397    | 2.8944     | 0.3290     | 1.3139       | 1.2515       | 0.9750     | 0.4297       | 0.9223   | 0.4557  , 0.5443   |           
398    | 2.9968     | 0.4064     | 1.3207       | 1.2697       | 0.9833     | 0.3896       | 0.9607   | 0.4785  , 0.5215   |           
399    | 2.9592     | 0.3753     | 1.3152       | 1.2686       | 0.9865     | 0.4183       | 0.8704   | 0.4412  , 0.5588   |           
400    | 2.9044     | 0.3524     | 1.2941       | 1.2579       | 0.9823     | 0.3764       | 0.9436   | 0.4365  , 0.5635   |           
Seed 42 | Src Acc: 97.8571 | Src MDE: 0.0270 | Tgt Acc: 35.3061 | Tgt MDE: 0.8793
Start Training Seed 6767...

Start CDAN+E Training... (Entropy Conditioning Enabled)
Epoch  | Total Loss | Tr Cls     | Tr Dom RSSI  | Tr Dom RTT   | Val T Acc  | Val T Entropy | Test MDE | Test Target Weights
--------------------------------------------------------------------------------------------------------------------------------------------
1      | 6.6110     | 3.8707     | 1.3742       | 1.3661       | 0.5635     | 3.7541       | 1.6477   | 0.6201  , 0.3799   |           
2      | 5.7847     | 3.1702     | 1.3071       | 1.3073       | 0.8427     | 3.6570       | 1.3209   | 0.5909  , 0.4091   |           
3      | 5.2086     | 2.7057     | 1.2491       | 1.2539       | 0.8458     | 3.5157       | 1.1766   | 0.5672  , 0.4328   |           
4      | 4.7306     | 2.3530     | 1.1823       | 1.1953       | 0.8542     | 3.3478       | 1.1308   | 0.5489  , 0.4511   |           
5      | 4.3083     | 2.0335     | 1.1269       | 1.1479       | 0.9083     | 3.2073       | 0.9963   | 0.5372  , 0.4628   |           
6      | 3.9980     | 1.8125     | 1.0944       | 1.0911       | 0.9500     | 3.0374       | 1.0653   | 0.5409  , 0.4591   |           
7      | 3.6981     | 1.5867     | 1.0493       | 1.0621       | 0.9646     | 2.8639       | 1.0060   | 0.5169  , 0.4831   |           
8      | 3.5325     | 1.4763     | 1.0199       | 1.0362       | 0.9583     | 2.7496       | 0.9774   | 0.5055  , 0.4945   |           
9      | 3.3260     | 1.3407     | 0.9937       | 0.9916       | 0.9708     | 2.5805       | 0.9843   | 0.4948  , 0.5052   |           
10     | 3.1492     | 1.2155     | 0.9576       | 0.9761       | 0.9750     | 2.4715       | 0.9914   | 0.5025  , 0.4975   |           
11     | 3.0309     | 1.1513     | 0.9252       | 0.9544       | 0.9729     | 2.3343       | 0.9635   | 0.4891  , 0.5109   | (ADV -0.19)
12     | 2.9402     | 1.0831     | 0.9168       | 0.9404       | 0.9771     | 2.2787       | 0.9560   | 0.4868  , 0.5132   | (ADV -0.16)
13     | 2.8430     | 0.9949     | 0.9066       | 0.9416       | 0.9771     | 2.1520       | 0.9561   | 0.4818  , 0.5182   | (ADV -0.10)
14     | 2.7885     | 0.9333     | 0.9217       | 0.9335       | 0.9792     | 2.0459       | 0.9331   | 0.4798  , 0.5202   | (ADV -0.04)
15     | 2.7277     | 0.9045     | 0.8849       | 0.9383       | 0.9760     | 1.9560       | 0.9524   | 0.4782  , 0.5218   | (ADV -0.00)
16     | 2.7308     | 0.8806     | 0.9115       | 0.9387       | 0.9812     | 1.8656       | 0.9381   | 0.4888  , 0.5112   | (ADV 0.05)
17     | 2.7383     | 0.8496     | 0.9326       | 0.9561       | 0.9812     | 1.7988       | 0.8980   | 0.4909  , 0.5091   | (ADV 0.08)
18     | 2.6257     | 0.7665     | 0.9220       | 0.9372       | 0.9812     | 1.7177       | 0.9346   | 0.4879  , 0.5121   | (ADV 0.12)
19     | 2.6607     | 0.7674     | 0.9295       | 0.9639       | 0.9844     | 1.6663       | 0.9211   | 0.4889  , 0.5111   | (ADV 0.15)
20     | 2.6567     | 0.7607     | 0.9325       | 0.9635       | 0.9792     | 1.5934       | 0.9370   | 0.4974  , 0.5026   | (ADV 0.18)
21     | 2.5764     | 0.7010     | 0.9184       | 0.9570       | 0.9812     | 1.5660       | 0.9618   | 0.4722  , 0.5278   | (ADV 0.20)
22     | 2.5058     | 0.6746     | 0.9016       | 0.9297       | 0.9781     | 1.4914       | 0.9522   | 0.4818  , 0.5182   | (ADV 0.23)
23     | 2.5785     | 0.7024     | 0.9115       | 0.9645       | 0.9792     | 1.4632       | 0.9218   | 0.4802  , 0.5198   | (ADV 0.25)
24     | 2.5744     | 0.7047     | 0.9168       | 0.9529       | 0.9823     | 1.4298       | 0.9238   | 0.4869  , 0.5131   | (ADV 0.27)
25     | 2.4794     | 0.6391     | 0.9007       | 0.9396       | 0.9792     | 1.3474       | 0.9242   | 0.4759  , 0.5241   | (ADV 0.31)
26     | 2.4479     | 0.6333     | 0.8899       | 0.9246       | 0.9833     | 1.3487       | 0.9497   | 0.4752  , 0.5248   | (ADV 0.31)
27     | 2.4611     | 0.6460     | 0.8801       | 0.9349       | 0.9854     | 1.3104       | 0.9259   | 0.4899  , 0.5101   | (ADV 0.33)
28     | 2.4765     | 0.6382     | 0.8859       | 0.9524       | 0.9802     | 1.2428       | 0.9598   | 0.4742  , 0.5258   | (ADV 0.36)
29     | 2.4744     | 0.6122     | 0.8957       | 0.9666       | 0.9854     | 1.2735       | 0.9473   | 0.4739  , 0.5261   |           
30     | 2.4144     | 0.5845     | 0.8936       | 0.9363       | 0.9802     | 1.2364       | 0.9692   | 0.4698  , 0.5302   | (ADV 0.36)
31     | 2.4091     | 0.5774     | 0.8819       | 0.9499       | 0.9823     | 1.2128       | 0.9818   | 0.4971  , 0.5029   | (ADV 0.38)
32     | 2.3731     | 0.5435     | 0.9015       | 0.9280       | 0.9802     | 1.1984       | 0.9779   | 0.4622  , 0.5378   | (ADV 0.38)
33     | 2.4141     | 0.5622     | 0.9147       | 0.9372       | 0.9844     | 1.1486       | 0.9617   | 0.4876  , 0.5124   | (ADV 0.41)
34     | 2.3917     | 0.5434     | 0.9059       | 0.9425       | 0.9865     | 1.1792       | 0.9432   | 0.4563  , 0.5437   |           
35     | 2.4383     | 0.5610     | 0.9204       | 0.9569       | 0.9823     | 1.1619       | 0.9431   | 0.4719  , 0.5281   |           
36     | 2.4348     | 0.5456     | 0.9110       | 0.9782       | 0.9812     | 1.0570       | 0.9680   | 0.4653  , 0.5347   | (ADV 0.45)
37     | 2.3941     | 0.5323     | 0.9077       | 0.9541       | 0.9885     | 1.0749       | 0.9616   | 0.4788  , 0.5212   |           
38     | 2.4761     | 0.5708     | 0.9235       | 0.9818       | 0.9802     | 1.0882       | 0.9651   | 0.4933  , 0.5067   |           
39     | 2.3982     | 0.5023     | 0.9104       | 0.9856       | 0.9823     | 1.0450       | 1.0084   | 0.4813  , 0.5187   | (ADV 0.46)
40     | 2.4222     | 0.4967     | 0.9152       | 1.0103       | 0.9833     | 1.0528       | 0.9958   | 0.4773  , 0.5227   |           
41     | 2.5352     | 0.5555     | 0.9502       | 1.0295       | 0.9854     | 1.0402       | 0.9906   | 0.4716  , 0.5284   | (ADV 0.47)
42     | 2.4333     | 0.5146     | 0.9171       | 1.0017       | 0.9854     | 1.0431       | 1.0053   | 0.4713  , 0.5287   |           
43     | 2.4300     | 0.5003     | 0.9374       | 0.9923       | 0.9896     | 0.9851       | 1.0112   | 0.4853  , 0.5147   | (ADV 0.50)
44     | 2.4143     | 0.4817     | 0.9204       | 1.0122       | 0.9833     | 1.0417       | 1.0032   | 0.4811  , 0.5189   |           
45     | 2.5185     | 0.5493     | 0.9539       | 1.0153       | 0.9812     | 1.0155       | 1.0194   | 0.4654  , 0.5346   |           
46     | 2.4100     | 0.4806     | 0.9309       | 0.9985       | 0.9854     | 0.9780       | 0.9981   | 0.4858  , 0.5142   |           
47     | 2.4411     | 0.4944     | 0.9359       | 1.0109       | 0.9844     | 0.9271       | 0.9632   | 0.4724  , 0.5276   | (ADV 0.52)
48     | 2.4376     | 0.4800     | 0.9415       | 1.0161       | 0.9875     | 0.9823       | 0.9728   | 0.4677  , 0.5323   |           
49     | 2.5297     | 0.5424     | 0.9677       | 1.0196       | 0.9844     | 0.8780       | 0.9270   | 0.4587  , 0.5413   | (ADV 0.55)
50     | 2.4281     | 0.4692     | 0.9378       | 1.0211       | 0.9865     | 0.9055       | 0.9767   | 0.4668  , 0.5332   |           
51     | 2.4912     | 0.4948     | 0.9623       | 1.0341       | 0.9865     | 0.9295       | 1.0052   | 0.4683  , 0.5317   |           
52     | 2.4716     | 0.4722     | 0.9734       | 1.0260       | 0.9823     | 0.8606       | 1.0356   | 0.4748  , 0.5252   | (ADV 0.55)
53     | 2.5038     | 0.4947     | 0.9654       | 1.0437       | 0.9833     | 0.8736       | 1.0092   | 0.4598  , 0.5402   |           
54     | 2.4877     | 0.4896     | 0.9649       | 1.0332       | 0.9833     | 0.8616       | 0.9662   | 0.4551  , 0.5449   | (ADV 0.55)
55     | 2.5223     | 0.4986     | 0.9781       | 1.0457       | 0.9802     | 0.8319       | 1.0149   | 0.4759  , 0.5241   | (ADV 0.56)
56     | 2.5928     | 0.5311     | 1.0004       | 1.0613       | 0.9844     | 0.8192       | 1.0362   | 0.4694  , 0.5306   | (ADV 0.57)
57     | 2.5544     | 0.4931     | 0.9981       | 1.0631       | 0.9865     | 0.8057       | 0.9659   | 0.4581  , 0.5419   | (ADV 0.58)
58     | 2.4900     | 0.4722     | 0.9790       | 1.0388       | 0.9812     | 0.8184       | 1.0264   | 0.4710  , 0.5290   |           
59     | 2.5375     | 0.4801     | 1.0038       | 1.0536       | 0.9812     | 0.8182       | 1.0283   | 0.4731  , 0.5269   |           
60     | 2.5301     | 0.4732     | 1.0135       | 1.0434       | 0.9854     | 0.8467       | 1.0046   | 0.4748  , 0.5252   |           
61     | 2.5510     | 0.4665     | 1.0066       | 1.0779       | 0.9865     | 0.8711       | 1.0171   | 0.4781  , 0.5219   |           
62     | 2.5978     | 0.5057     | 1.0115       | 1.0806       | 0.9875     | 0.8292       | 0.9630   | 0.4719  , 0.5281   |           
63     | 2.5574     | 0.4592     | 1.0211       | 1.0772       | 0.9823     | 0.7985       | 0.9931   | 0.4673  , 0.5327   |           
64     | 2.5666     | 0.4924     | 1.0077       | 1.0664       | 0.9812     | 0.8356       | 0.9952   | 0.4555  , 0.5445   |           
65     | 2.5420     | 0.4757     | 1.0193       | 1.0470       | 0.9865     | 0.8071       | 1.0143   | 0.4533  , 0.5467   |           
66     | 2.5988     | 0.4911     | 1.0307       | 1.0770       | 0.9823     | 0.8272       | 1.0380   | 0.4470  , 0.5530   |           
67     | 2.6109     | 0.4828     | 1.0421       | 1.0860       | 0.9823     | 0.7853       | 0.9162   | 0.4494  , 0.5506   | (ADV 0.59)
68     | 2.6008     | 0.4910     | 1.0288       | 1.0809       | 0.9854     | 0.7859       | 0.9911   | 0.4786  , 0.5214   | (ADV 0.59)
69     | 2.5950     | 0.4961     | 1.0371       | 1.0618       | 0.9844     | 0.7916       | 1.0074   | 0.4734  , 0.5266   |           
70     | 2.5919     | 0.4781     | 1.0350       | 1.0788       | 0.9885     | 0.7820       | 0.9346   | 0.4913  , 0.5087   | (ADV 0.60)
71     | 2.5465     | 0.4538     | 1.0335       | 1.0592       | 0.9802     | 0.7571       | 1.0016   | 0.4601  , 0.5399   | (ADV 0.60)
72     | 2.6413     | 0.4917     | 1.0553       | 1.0942       | 0.9802     | 0.7720       | 0.9898   | 0.4899  , 0.5101   |           
73     | 2.5552     | 0.4537     | 1.0392       | 1.0623       | 0.9885     | 0.7681       | 0.9684   | 0.4830  , 0.5170   | (ADV 0.60)
74     | 2.6280     | 0.4784     | 1.0626       | 1.0870       | 0.9854     | 0.7544       | 0.9912   | 0.4684  , 0.5316   | (ADV 0.61)
75     | 2.6241     | 0.4720     | 1.0790       | 1.0730       | 0.9812     | 0.7531       | 0.9870   | 0.4730  , 0.5270   |           
76     | 2.6411     | 0.4864     | 1.0967       | 1.0580       | 0.9792     | 0.7043       | 0.9861   | 0.4670  , 0.5330   | (ADV 0.63)
77     | 2.6334     | 0.4770     | 1.0792       | 1.0773       | 0.9865     | 0.7362       | 1.0489   | 0.4757  , 0.5243   |           
78     | 2.6335     | 0.4854     | 1.0889       | 1.0593       | 0.9854     | 0.7033       | 1.0279   | 0.4801  , 0.5199   | (ADV 0.63)
79     | 2.6776     | 0.4840     | 1.1185       | 1.0752       | 0.9865     | 0.7440       | 1.0292   | 0.4665  , 0.5335   |           
80     | 2.6967     | 0.4787     | 1.1074       | 1.1106       | 0.9719     | 0.7255       | 1.0304   | 0.4291  , 0.5709   |           
81     | 2.6540     | 0.4675     | 1.1098       | 1.0768       | 0.9802     | 0.7303       | 1.0188   | 0.4703  , 0.5297   |           
82     | 2.7613     | 0.5387     | 1.1143       | 1.1083       | 0.9844     | 0.6959       | 0.9708   | 0.4752  , 0.5248   | (ADV 0.64)
83     | 2.6345     | 0.4489     | 1.0959       | 1.0897       | 0.9865     | 0.6901       | 1.0450   | 0.4594  , 0.5406   | (ADV 0.64)
84     | 2.6504     | 0.4627     | 1.1105       | 1.0771       | 0.9844     | 0.7270       | 0.9690   | 0.4599  , 0.5401   |           
85     | 2.6874     | 0.4843     | 1.1088       | 1.0943       | 0.9865     | 0.7419       | 0.9842   | 0.4589  , 0.5411   |           
86     | 2.6531     | 0.4808     | 1.0927       | 1.0796       | 0.9865     | 0.7073       | 1.0495   | 0.4659  , 0.5341   |           
87     | 2.6385     | 0.4360     | 1.1114       | 1.0911       | 0.9823     | 0.7062       | 1.0061   | 0.4786  , 0.5214   |           
88     | 2.6609     | 0.4548     | 1.1157       | 1.0904       | 0.9865     | 0.7024       | 1.0112   | 0.4585  , 0.5415   |           
89     | 2.6740     | 0.4635     | 1.1091       | 1.1013       | 0.9844     | 0.7544       | 1.0260   | 0.4412  , 0.5588   |           
90     | 2.7366     | 0.4964     | 1.1260       | 1.1142       | 0.9844     | 0.7226       | 1.0189   | 0.4590  , 0.5410   |           
91     | 2.6897     | 0.4757     | 1.1173       | 1.0968       | 0.9896     | 0.6794       | 0.9416   | 0.4728  , 0.5272   | (ADV 0.65)
92     | 2.7038     | 0.4738     | 1.1447       | 1.0853       | 0.9844     | 0.6336       | 1.0098   | 0.4788  , 0.5212   | (ADV 0.67)
93     | 2.7195     | 0.4862     | 1.1430       | 1.0903       | 0.9875     | 0.6207       | 1.0432   | 0.4809  , 0.5191   | (ADV 0.68)
94     | 2.6593     | 0.4429     | 1.1316       | 1.0848       | 0.9823     | 0.7163       | 0.9779   | 0.4683  , 0.5317   |           
95     | 2.6853     | 0.4404     | 1.1447       | 1.1002       | 0.9833     | 0.6723       | 1.0451   | 0.4435  , 0.5565   |           
96     | 2.6588     | 0.4337     | 1.1308       | 1.0943       | 0.9854     | 0.6894       | 0.9824   | 0.4574  , 0.5426   |           
97     | 2.7440     | 0.4808     | 1.1411       | 1.1221       | 0.9833     | 0.6627       | 1.0940   | 0.4538  , 0.5462   |           
98     | 2.6787     | 0.4494     | 1.1214       | 1.1079       | 0.9833     | 0.6225       | 1.0669   | 0.4597  , 0.5403   |           
99     | 2.7299     | 0.4586     | 1.1489       | 1.1224       | 0.9865     | 0.6573       | 0.9980   | 0.4641  , 0.5359   |           
100    | 2.7564     | 0.4781     | 1.1496       | 1.1287       | 0.9812     | 0.6775       | 1.0155   | 0.4496  , 0.5504   |           
101    | 2.7718     | 0.4871     | 1.1639       | 1.1208       | 0.9844     | 0.6684       | 0.9924   | 0.4589  , 0.5411   |           
102    | 2.8052     | 0.4838     | 1.1782       | 1.1432       | 0.9844     | 0.6875       | 1.0490   | 0.4751  , 0.5249   |           
103    | 2.7739     | 0.4830     | 1.1573       | 1.1337       | 0.9865     | 0.6316       | 0.9927   | 0.4626  , 0.5374   |           
104    | 2.8024     | 0.4878     | 1.1776       | 1.1370       | 0.9823     | 0.6209       | 0.9832   | 0.4642  , 0.5358   |           
105    | 2.7273     | 0.4461     | 1.1486       | 1.1325       | 0.9885     | 0.6387       | 1.0124   | 0.4876  , 0.5124   |           
106    | 2.7733     | 0.4685     | 1.1760       | 1.1288       | 0.9812     | 0.6507       | 0.9972   | 0.4794  , 0.5206   |           
107    | 2.8386     | 0.5129     | 1.1806       | 1.1450       | 0.9750     | 0.6438       | 0.9826   | 0.4793  , 0.5207   |           
108    | 2.7768     | 0.4586     | 1.1659       | 1.1523       | 0.9854     | 0.5971       | 1.0049   | 0.4871  , 0.5129   | (ADV 0.69)
109    | 2.7792     | 0.4794     | 1.1540       | 1.1457       | 0.9823     | 0.6323       | 0.9752   | 0.4644  , 0.5356   |           
110    | 2.8087     | 0.4929     | 1.1775       | 1.1383       | 0.9865     | 0.6447       | 1.0286   | 0.4912  , 0.5088   |           
111    | 2.7407     | 0.4470     | 1.1702       | 1.1235       | 0.9865     | 0.6292       | 0.9494   | 0.4903  , 0.5097   |           
112    | 2.7430     | 0.4401     | 1.1657       | 1.1372       | 0.9865     | 0.6891       | 0.9344   | 0.4965  , 0.5035   |           
113    | 2.7952     | 0.4725     | 1.1826       | 1.1401       | 0.9833     | 0.6828       | 0.8288   | 0.4835  , 0.5165   |           
114    | 2.8460     | 0.4984     | 1.1897       | 1.1579       | 0.9885     | 0.6242       | 0.9529   | 0.4891  , 0.5109   |           
115    | 2.7981     | 0.4542     | 1.2017       | 1.1422       | 0.9854     | 0.6601       | 0.9462   | 0.4835  , 0.5165   |           
116    | 2.8900     | 0.5247     | 1.2034       | 1.1619       | 0.9812     | 0.7062       | 0.9053   | 0.4968  , 0.5032   |           
117    | 2.7606     | 0.4344     | 1.1759       | 1.1503       | 0.9854     | 0.6465       | 0.9829   | 0.4659  , 0.5341   |           
118    | 2.8214     | 0.4698     | 1.2004       | 1.1513       | 0.9833     | 0.6909       | 0.9917   | 0.4877  , 0.5123   |           
119    | 2.8306     | 0.4671     | 1.1993       | 1.1643       | 0.9854     | 0.6701       | 1.0029   | 0.4978  , 0.5022   |           
120    | 2.8274     | 0.4662     | 1.2126       | 1.1486       | 0.9854     | 0.6630       | 0.9816   | 0.4707  , 0.5293   |           
121    | 2.7922     | 0.4394     | 1.2043       | 1.1485       | 0.9844     | 0.6400       | 1.0113   | 0.4862  , 0.5138   |           
122    | 2.8629     | 0.4831     | 1.2135       | 1.1663       | 0.9812     | 0.6558       | 0.9509   | 0.4532  , 0.5468   |           
123    | 2.8970     | 0.5128     | 1.2214       | 1.1628       | 0.9833     | 0.6368       | 0.9774   | 0.4561  , 0.5439   |           
124    | 2.8317     | 0.4748     | 1.2045       | 1.1524       | 0.9865     | 0.6385       | 0.9579   | 0.4922  , 0.5078   |           
125    | 2.8532     | 0.4732     | 1.2206       | 1.1594       | 0.9854     | 0.6389       | 1.0486   | 0.4898  , 0.5102   |           
126    | 2.8735     | 0.4862     | 1.2353       | 1.1520       | 0.9833     | 0.6257       | 0.9500   | 0.4464  , 0.5536   |           
127    | 2.8708     | 0.4769     | 1.2241       | 1.1698       | 0.9833     | 0.6506       | 1.0629   | 0.4570  , 0.5430   |           
128    | 2.9078     | 0.5112     | 1.2295       | 1.1671       | 0.9823     | 0.6424       | 0.9054   | 0.4574  , 0.5426   |           
129    | 2.8633     | 0.4723     | 1.2147       | 1.1763       | 0.9833     | 0.6612       | 0.9665   | 0.4752  , 0.5248   |           
130    | 2.8364     | 0.4455     | 1.2144       | 1.1765       | 0.9854     | 0.6112       | 0.9724   | 0.4762  , 0.5238   |           
131    | 2.8673     | 0.4765     | 1.2239       | 1.1668       | 0.9844     | 0.6420       | 1.0376   | 0.4591  , 0.5409   |           
132    | 2.7838     | 0.4294     | 1.2131       | 1.1413       | 0.9854     | 0.6277       | 1.0718   | 0.4562  , 0.5438   |           
133    | 2.8026     | 0.4378     | 1.2085       | 1.1563       | 0.9792     | 0.6059       | 0.9734   | 0.4850  , 0.5150   |           
134    | 2.8458     | 0.4728     | 1.2225       | 1.1505       | 0.9844     | 0.6038       | 0.8596   | 0.4716  , 0.5284   |           
135    | 2.8635     | 0.4822     | 1.2157       | 1.1655       | 0.9833     | 0.6134       | 0.9125   | 0.4534  , 0.5466   |           
136    | 2.7952     | 0.4310     | 1.2161       | 1.1481       | 0.9802     | 0.6236       | 0.9726   | 0.4844  , 0.5156   |           
137    | 2.9045     | 0.4914     | 1.2414       | 1.1717       | 0.9833     | 0.6401       | 0.9751   | 0.4656  , 0.5344   |           
138    | 2.8331     | 0.4369     | 1.2385       | 1.1577       | 0.9771     | 0.5597       | 0.9766   | 0.4506  , 0.5494   | (ADV 0.70)
139    | 2.8597     | 0.4721     | 1.2224       | 1.1652       | 0.9823     | 0.5381       | 0.9568   | 0.4825  , 0.5175   | (ADV 0.71)
140    | 2.8459     | 0.4464     | 1.2293       | 1.1702       | 0.9844     | 0.5762       | 0.9404   | 0.4760  , 0.5240   |           
141    | 2.7996     | 0.4292     | 1.2223       | 1.1481       | 0.9802     | 0.5604       | 0.9108   | 0.4870  , 0.5130   |           
142    | 2.8187     | 0.4314     | 1.2389       | 1.1484       | 0.9833     | 0.5851       | 0.9282   | 0.4605  , 0.5395   |           
143    | 2.8672     | 0.4737     | 1.2382       | 1.1553       | 0.9865     | 0.6089       | 0.9255   | 0.4582  , 0.5418   |           
144    | 2.8174     | 0.4366     | 1.2307       | 1.1502       | 0.9865     | 0.6026       | 0.8869   | 0.4374  , 0.5626   |           
145    | 2.8750     | 0.4642     | 1.2308       | 1.1800       | 0.9823     | 0.5581       | 0.8924   | 0.4681  , 0.5319   |           
146    | 2.8701     | 0.4687     | 1.2321       | 1.1693       | 0.9844     | 0.6016       | 0.9656   | 0.4666  , 0.5334   |           
147    | 2.8840     | 0.4607     | 1.2275       | 1.1959       | 0.9844     | 0.6099       | 0.9132   | 0.4970  , 0.5030   |           
148    | 2.8433     | 0.4359     | 1.2259       | 1.1816       | 0.9823     | 0.5592       | 0.8638   | 0.4773  , 0.5227   |           
149    | 2.8598     | 0.4442     | 1.2289       | 1.1867       | 0.9812     | 0.5479       | 0.8947   | 0.4598  , 0.5402   |           
150    | 2.8781     | 0.4567     | 1.2432       | 1.1783       | 0.9885     | 0.5719       | 0.9148   | 0.4962  , 0.5038   |           
151    | 2.9018     | 0.4749     | 1.2374       | 1.1894       | 0.9781     | 0.5803       | 0.9041   | 0.4952  , 0.5048   |           
152    | 2.8512     | 0.4473     | 1.2343       | 1.1695       | 0.9865     | 0.5917       | 0.8778   | 0.4707  , 0.5293   |           
153    | 2.9272     | 0.4942     | 1.2382       | 1.1947       | 0.9823     | 0.6045       | 0.9383   | 0.4727  , 0.5273   |           
154    | 2.8943     | 0.4645     | 1.2388       | 1.1910       | 0.9812     | 0.5665       | 0.9289   | 0.4827  , 0.5173   |           
155    | 2.8843     | 0.4729     | 1.2300       | 1.1814       | 0.9823     | 0.6043       | 0.8365   | 0.4638  , 0.5362   |           
156    | 2.9105     | 0.4648     | 1.2488       | 1.1970       | 0.9844     | 0.5598       | 0.8717   | 0.4647  , 0.5353   |           
157    | 2.8644     | 0.4268     | 1.2434       | 1.1941       | 0.9844     | 0.5461       | 0.9346   | 0.4615  , 0.5385   |           
158    | 2.9340     | 0.4913     | 1.2476       | 1.1951       | 0.9896     | 0.5682       | 0.9761   | 0.4735  , 0.5265   |           
159    | 2.8769     | 0.4413     | 1.2439       | 1.1917       | 0.9854     | 0.5729       | 0.9143   | 0.4830  , 0.5170   |           
160    | 2.8522     | 0.4318     | 1.2341       | 1.1863       | 0.9854     | 0.5931       | 0.8984   | 0.4747  , 0.5253   |           
161    | 2.8981     | 0.4683     | 1.2485       | 1.1813       | 0.9823     | 0.5330       | 0.8814   | 0.4685  , 0.5315   | (ADV 0.72)
162    | 2.8898     | 0.4523     | 1.2486       | 1.1888       | 0.9823     | 0.5653       | 0.8868   | 0.4714  , 0.5286   |           
163    | 2.8874     | 0.4425     | 1.2423       | 1.2026       | 0.9823     | 0.5674       | 0.9412   | 0.4695  , 0.5305   |           
164    | 2.8786     | 0.4249     | 1.2493       | 1.2044       | 0.9760     | 0.5644       | 0.8683   | 0.5035  , 0.4965   |           
165    | 2.8774     | 0.4304     | 1.2455       | 1.2014       | 0.9823     | 0.5091       | 0.9119   | 0.4877  , 0.5123   | (ADV 0.73)
166    | 2.8413     | 0.4163     | 1.2370       | 1.1880       | 0.9802     | 0.5680       | 0.9919   | 0.4888  , 0.5112   |           
167    | 2.9144     | 0.4708     | 1.2420       | 1.2017       | 0.9844     | 0.5303       | 0.9400   | 0.4936  , 0.5064   |           
168    | 2.8803     | 0.4383     | 1.2448       | 1.1972       | 0.9792     | 0.5355       | 0.9205   | 0.4703  , 0.5297   |           
169    | 2.8738     | 0.4397     | 1.2533       | 1.1808       | 0.9854     | 0.5839       | 0.8705   | 0.4932  , 0.5068   |           
170    | 2.8606     | 0.4341     | 1.2448       | 1.1817       | 0.9823     | 0.6270       | 0.9878   | 0.4960  , 0.5040   |           
171    | 2.8694     | 0.4250     | 1.2470       | 1.1975       | 0.9802     | 0.5701       | 0.9735   | 0.4906  , 0.5094   |           
172    | 2.8601     | 0.4236     | 1.2462       | 1.1903       | 0.9823     | 0.5494       | 0.9513   | 0.4911  , 0.5089   |           
173    | 2.8768     | 0.4403     | 1.2358       | 1.2007       | 0.9854     | 0.5530       | 0.9395   | 0.4941  , 0.5059   |           
174    | 2.8303     | 0.4015     | 1.2385       | 1.1903       | 0.9854     | 0.5365       | 0.8920   | 0.4833  , 0.5167   |           
175    | 2.9395     | 0.4543     | 1.2641       | 1.2212       | 0.9802     | 0.5668       | 0.9534   | 0.4665  , 0.5335   |           
176    | 2.8654     | 0.4212     | 1.2371       | 1.2071       | 0.9802     | 0.4960       | 0.8925   | 0.4553  , 0.5447   | (ADV 0.73)
177    | 2.8722     | 0.4214     | 1.2542       | 1.1965       | 0.9802     | 0.5605       | 0.9143   | 0.4463  , 0.5537   |           
178    | 2.8542     | 0.4256     | 1.2495       | 1.1792       | 0.9833     | 0.5682       | 0.8610   | 0.4879  , 0.5121   |           
179    | 2.8466     | 0.4041     | 1.2392       | 1.2033       | 0.9812     | 0.5885       | 0.9977   | 0.4939  , 0.5061   |           
180    | 2.9353     | 0.4704     | 1.2642       | 1.2007       | 0.9771     | 0.5500       | 0.8795   | 0.4730  , 0.5270   |           
181    | 2.9041     | 0.4451     | 1.2527       | 1.2063       | 0.9792     | 0.5809       | 0.8617   | 0.4727  , 0.5273   |           
182    | 2.9555     | 0.4939     | 1.2648       | 1.1967       | 0.9792     | 0.5266       | 0.8715   | 0.4703  , 0.5297   |           
183    | 2.8557     | 0.4247     | 1.2410       | 1.1900       | 0.9771     | 0.5214       | 0.8356   | 0.4764  , 0.5236   |           
184    | 2.8855     | 0.4034     | 1.2666       | 1.2155       | 0.9844     | 0.5202       | 0.9537   | 0.4795  , 0.5205   |           
185    | 2.8383     | 0.3843     | 1.2480       | 1.2060       | 0.9812     | 0.5430       | 0.9964   | 0.4622  , 0.5378   |           
186    | 2.8654     | 0.4213     | 1.2419       | 1.2023       | 0.9865     | 0.5578       | 0.9322   | 0.4714  , 0.5286   |           
187    | 2.8803     | 0.4353     | 1.2435       | 1.2015       | 0.9823     | 0.5480       | 0.8756   | 0.4860  , 0.5140   |           
188    | 2.8703     | 0.4172     | 1.2557       | 1.1974       | 0.9792     | 0.5324       | 0.8705   | 0.4630  , 0.5370   |           
189    | 2.8976     | 0.4190     | 1.2635       | 1.2151       | 0.9833     | 0.5275       | 0.9085   | 0.4554  , 0.5446   |           
190    | 2.8988     | 0.4470     | 1.2469       | 1.2049       | 0.9781     | 0.5488       | 0.9666   | 0.4942  , 0.5058   |           
191    | 2.9096     | 0.4430     | 1.2488       | 1.2178       | 0.9823     | 0.4903       | 0.8855   | 0.4598  , 0.5402   | (ADV 0.74)
192    | 2.9392     | 0.4594     | 1.2519       | 1.2279       | 0.9833     | 0.5386       | 0.8415   | 0.4740  , 0.5260   |           
193    | 2.8613     | 0.4196     | 1.2456       | 1.1961       | 0.9875     | 0.5340       | 0.8318   | 0.4529  , 0.5471   |           
194    | 2.8806     | 0.4202     | 1.2581       | 1.2022       | 0.9792     | 0.5061       | 0.8694   | 0.4614  , 0.5386   |           
195    | 2.8697     | 0.4065     | 1.2538       | 1.2095       | 0.9812     | 0.5421       | 0.9638   | 0.4495  , 0.5505   |           
196    | 2.9103     | 0.4415     | 1.2616       | 1.2071       | 0.9792     | 0.5456       | 0.8595   | 0.4710  , 0.5290   |           
197    | 2.9039     | 0.4327     | 1.2607       | 1.2105       | 0.9823     | 0.5105       | 0.8366   | 0.4587  , 0.5413   |           
198    | 2.8531     | 0.4132     | 1.2475       | 1.1923       | 0.9844     | 0.5267       | 0.9128   | 0.4560  , 0.5440   |           
199    | 2.8312     | 0.3867     | 1.2455       | 1.1989       | 0.9792     | 0.5252       | 0.8701   | 0.4778  , 0.5222   |           
200    | 2.8946     | 0.4357     | 1.2518       | 1.2070       | 0.9812     | 0.5110       | 1.0003   | 0.4510  , 0.5490   |           
201    | 2.8863     | 0.4235     | 1.2507       | 1.2121       | 0.9854     | 0.5281       | 0.8990   | 0.4740  , 0.5260   |           
202    | 2.9223     | 0.4433     | 1.2667       | 1.2122       | 0.9854     | 0.5104       | 0.8321   | 0.4749  , 0.5251   |           
203    | 2.9135     | 0.4451     | 1.2592       | 1.2092       | 0.9802     | 0.4974       | 0.8390   | 0.4653  , 0.5347   |           
204    | 2.9039     | 0.4112     | 1.2590       | 1.2336       | 0.9833     | 0.5332       | 0.8746   | 0.4715  , 0.5285   |           
205    | 2.9016     | 0.4109     | 1.2602       | 1.2305       | 0.9812     | 0.5466       | 0.9296   | 0.4621  , 0.5379   |           
206    | 2.9029     | 0.4408     | 1.2482       | 1.2139       | 0.9865     | 0.5277       | 0.9285   | 0.4706  , 0.5294   |           
207    | 2.8496     | 0.3976     | 1.2393       | 1.2126       | 0.9812     | 0.5404       | 0.9005   | 0.4962  , 0.5038   |           
208    | 2.8869     | 0.4025     | 1.2641       | 1.2203       | 0.9833     | 0.5167       | 0.8931   | 0.4514  , 0.5486   |           
209    | 2.9003     | 0.4455     | 1.2621       | 1.1927       | 0.9844     | 0.4882       | 0.9630   | 0.4775  , 0.5225   | (ADV 0.74)
210    | 2.8544     | 0.4002     | 1.2568       | 1.1974       | 0.9802     | 0.5078       | 0.8465   | 0.4771  , 0.5229   |           
211    | 2.8531     | 0.4079     | 1.2558       | 1.1894       | 0.9833     | 0.5333       | 0.9077   | 0.4702  , 0.5298   |           
212    | 2.8792     | 0.4220     | 1.2501       | 1.2071       | 0.9844     | 0.5352       | 0.8720   | 0.4667  , 0.5333   |           
213    | 2.8868     | 0.4232     | 1.2519       | 1.2117       | 0.9833     | 0.4879       | 0.9185   | 0.4722  , 0.5278   |           
214    | 2.8822     | 0.4102     | 1.2532       | 1.2189       | 0.9844     | 0.5121       | 0.9024   | 0.4759  , 0.5241   |           
215    | 2.8479     | 0.3885     | 1.2514       | 1.2080       | 0.9823     | 0.4556       | 0.9257   | 0.4721  , 0.5279   | (ADV 0.75)
216    | 2.9130     | 0.4282     | 1.2594       | 1.2254       | 0.9865     | 0.5096       | 0.9538   | 0.4873  , 0.5127   |           
217    | 2.9156     | 0.4391     | 1.2549       | 1.2217       | 0.9833     | 0.5332       | 0.9677   | 0.4862  , 0.5138   |           
218    | 2.8600     | 0.4004     | 1.2497       | 1.2099       | 0.9833     | 0.4781       | 0.9494   | 0.4755  , 0.5245   |           
219    | 2.8881     | 0.4248     | 1.2601       | 1.2033       | 0.9833     | 0.5541       | 0.8770   | 0.4802  , 0.5198   |           
220    | 2.8999     | 0.4156     | 1.2608       | 1.2235       | 0.9792     | 0.4798       | 0.9427   | 0.4847  , 0.5153   |           
221    | 2.8653     | 0.4066     | 1.2439       | 1.2148       | 0.9833     | 0.4726       | 0.9096   | 0.4454  , 0.5546   |           
222    | 2.8711     | 0.4103     | 1.2485       | 1.2123       | 0.9802     | 0.4951       | 0.8853   | 0.4805  , 0.5195   |           
223    | 2.8886     | 0.3979     | 1.2628       | 1.2280       | 0.9781     | 0.5049       | 1.0491   | 0.4842  , 0.5158   |           
224    | 2.8871     | 0.4100     | 1.2569       | 1.2203       | 0.9823     | 0.5196       | 0.9598   | 0.4812  , 0.5188   |           
225    | 2.8707     | 0.3917     | 1.2546       | 1.2243       | 0.9812     | 0.5162       | 0.9762   | 0.4935  , 0.5065   |           
226    | 2.8835     | 0.4187     | 1.2505       | 1.2143       | 0.9823     | 0.4797       | 0.9580   | 0.4705  , 0.5295   |           
227    | 2.9045     | 0.4321     | 1.2550       | 1.2173       | 0.9823     | 0.5223       | 0.9646   | 0.4764  , 0.5236   |           
228    | 2.8991     | 0.4190     | 1.2578       | 1.2223       | 0.9844     | 0.4974       | 0.9514   | 0.4726  , 0.5274   |           
229    | 2.8706     | 0.3902     | 1.2611       | 1.2193       | 0.9812     | 0.4842       | 0.9376   | 0.4997  , 0.5003   |           
230    | 2.8780     | 0.3914     | 1.2575       | 1.2291       | 0.9833     | 0.4756       | 0.9100   | 0.4700  , 0.5300   |           
231    | 2.8552     | 0.3810     | 1.2523       | 1.2219       | 0.9812     | 0.4727       | 0.9911   | 0.4865  , 0.5135   |           
232    | 2.8885     | 0.4144     | 1.2566       | 1.2175       | 0.9812     | 0.5070       | 0.8746   | 0.5035  , 0.4965   |           
233    | 2.8628     | 0.4028     | 1.2540       | 1.2060       | 0.9823     | 0.4806       | 0.9173   | 0.4827  , 0.5173   |           
234    | 2.8300     | 0.3724     | 1.2509       | 1.2067       | 0.9760     | 0.4474       | 0.8582   | 0.4864  , 0.5136   |           
235    | 2.8831     | 0.4056     | 1.2621       | 1.2155       | 0.9802     | 0.5150       | 0.9067   | 0.4729  , 0.5271   |           
236    | 2.8883     | 0.3888     | 1.2689       | 1.2306       | 0.9812     | 0.5370       | 0.9379   | 0.4974  , 0.5026   |           
237    | 2.8485     | 0.3768     | 1.2533       | 1.2184       | 0.9844     | 0.4428       | 0.9193   | 0.4649  , 0.5351   | (ADV 0.76)
238    | 2.8840     | 0.4036     | 1.2640       | 1.2163       | 0.9802     | 0.5051       | 0.8566   | 0.4868  , 0.5132   |           
239    | 2.8444     | 0.3746     | 1.2580       | 1.2118       | 0.9833     | 0.4953       | 0.8477   | 0.4721  , 0.5279   |           
240    | 2.8590     | 0.3707     | 1.2750       | 1.2134       | 0.9781     | 0.4523       | 0.9730   | 0.4864  , 0.5136   |           
241    | 2.9317     | 0.4252     | 1.2734       | 1.2331       | 0.9823     | 0.4583       | 0.9067   | 0.4804  , 0.5196   |           
242    | 2.8651     | 0.3794     | 1.2636       | 1.2221       | 0.9844     | 0.5076       | 0.8306   | 0.4740  , 0.5260   |           
243    | 2.9006     | 0.4086     | 1.2591       | 1.2329       | 0.9812     | 0.4896       | 0.8578   | 0.4625  , 0.5375   |           
244    | 2.8599     | 0.3787     | 1.2680       | 1.2132       | 0.9823     | 0.5207       | 0.8900   | 0.4794  , 0.5206   |           
245    | 2.9089     | 0.4175     | 1.2708       | 1.2206       | 0.9844     | 0.4732       | 0.8815   | 0.4577  , 0.5423   |           
246    | 2.9117     | 0.4244     | 1.2682       | 1.2191       | 0.9812     | 0.4622       | 0.8884   | 0.4561  , 0.5439   |           
247    | 2.8825     | 0.3944     | 1.2627       | 1.2255       | 0.9802     | 0.4508       | 0.9046   | 0.4683  , 0.5317   |           
248    | 2.8560     | 0.3738     | 1.2565       | 1.2257       | 0.9781     | 0.5006       | 0.8555   | 0.4599  , 0.5401   |           
249    | 2.8938     | 0.3998     | 1.2624       | 1.2315       | 0.9823     | 0.4982       | 0.8761   | 0.4637  , 0.5363   |           
250    | 2.8738     | 0.3939     | 1.2580       | 1.2219       | 0.9833     | 0.4933       | 0.9254   | 0.4653  , 0.5347   |           
251    | 2.9383     | 0.4365     | 1.2649       | 1.2368       | 0.9740     | 0.4949       | 0.9244   | 0.4962  , 0.5038   |           
252    | 2.8889     | 0.3944     | 1.2546       | 1.2399       | 0.9833     | 0.5021       | 0.9521   | 0.4765  , 0.5235   |           
253    | 2.9061     | 0.4017     | 1.2700       | 1.2344       | 0.9865     | 0.4678       | 0.9039   | 0.4866  , 0.5134   |           
254    | 2.8697     | 0.3992     | 1.2551       | 1.2154       | 0.9844     | 0.4594       | 0.9154   | 0.4636  , 0.5364   |           
255    | 2.8810     | 0.4004     | 1.2655       | 1.2151       | 0.9812     | 0.4345       | 0.9481   | 0.4866  , 0.5134   | (ADV 0.76)
256    | 2.8907     | 0.4029     | 1.2686       | 1.2192       | 0.9833     | 0.4706       | 0.8454   | 0.4809  , 0.5191   |           
257    | 2.9284     | 0.4152     | 1.2814       | 1.2319       | 0.9792     | 0.4967       | 0.9487   | 0.4905  , 0.5095   |           
258    | 2.8719     | 0.3812     | 1.2662       | 1.2245       | 0.9781     | 0.5322       | 0.9182   | 0.4690  , 0.5310   |           
259    | 2.8663     | 0.3845     | 1.2583       | 1.2236       | 0.9771     | 0.4660       | 0.8699   | 0.4839  , 0.5161   |           
260    | 2.8672     | 0.3823     | 1.2551       | 1.2298       | 0.9792     | 0.5047       | 0.9734   | 0.4653  , 0.5347   |           
261    | 2.8912     | 0.3921     | 1.2659       | 1.2332       | 0.9792     | 0.4877       | 0.9999   | 0.4900  , 0.5100   |           
262    | 2.8919     | 0.3983     | 1.2701       | 1.2235       | 0.9802     | 0.4582       | 0.9541   | 0.4946  , 0.5054   |           
263    | 2.8808     | 0.3955     | 1.2651       | 1.2202       | 0.9823     | 0.4354       | 0.9413   | 0.4846  , 0.5154   | (ADV 0.76)
264    | 2.8587     | 0.3717     | 1.2659       | 1.2211       | 0.9792     | 0.5099       | 0.8813   | 0.4793  , 0.5207   |           
265    | 2.8914     | 0.3837     | 1.2645       | 1.2432       | 0.9812     | 0.4822       | 0.8993   | 0.4825  , 0.5175   |           
266    | 2.9253     | 0.4121     | 1.2729       | 1.2402       | 0.9802     | 0.4702       | 0.8660   | 0.4838  , 0.5162   |           
267    | 2.8922     | 0.4102     | 1.2597       | 1.2222       | 0.9823     | 0.4691       | 0.9159   | 0.4731  , 0.5269   |           
268    | 2.8792     | 0.3923     | 1.2523       | 1.2347       | 0.9823     | 0.4538       | 0.8731   | 0.4728  , 0.5272   |           
269    | 2.8316     | 0.3505     | 1.2484       | 1.2327       | 0.9802     | 0.4895       | 0.9738   | 0.4649  , 0.5351   |           
270    | 2.8782     | 0.3803     | 1.2659       | 1.2319       | 0.9802     | 0.4675       | 0.9199   | 0.4819  , 0.5181   |           
271    | 2.9168     | 0.4155     | 1.2760       | 1.2253       | 0.9854     | 0.4556       | 0.9356   | 0.4873  , 0.5127   |           
272    | 2.8413     | 0.3574     | 1.2634       | 1.2206       | 0.9812     | 0.4490       | 0.9310   | 0.4805  , 0.5195   |           
273    | 2.8864     | 0.3789     | 1.2717       | 1.2359       | 0.9760     | 0.4368       | 0.9641   | 0.4802  , 0.5198   |           
274    | 2.9059     | 0.4086     | 1.2625       | 1.2348       | 0.9792     | 0.4709       | 0.9552   | 0.4906  , 0.5094   |           
275    | 2.8583     | 0.3793     | 1.2659       | 1.2132       | 0.9823     | 0.4189       | 0.8966   | 0.4948  , 0.5052   | (ADV 0.77)
276    | 2.8980     | 0.3983     | 1.2824       | 1.2173       | 0.9802     | 0.4230       | 0.9124   | 0.4909  , 0.5091   |           
277    | 2.8848     | 0.3925     | 1.2697       | 1.2226       | 0.9823     | 0.4780       | 0.9077   | 0.4581  , 0.5419   |           
278    | 2.9115     | 0.4142     | 1.2702       | 1.2270       | 0.9823     | 0.4530       | 0.9504   | 0.4514  , 0.5486   |           
279    | 2.8635     | 0.3808     | 1.2589       | 1.2238       | 0.9792     | 0.4769       | 0.8704   | 0.4679  , 0.5321   |           
280    | 2.8632     | 0.3687     | 1.2656       | 1.2288       | 0.9833     | 0.4787       | 0.8874   | 0.4635  , 0.5365   |           
281    | 2.8588     | 0.3646     | 1.2781       | 1.2161       | 0.9729     | 0.4155       | 0.9007   | 0.4602  , 0.5398   |           
282    | 2.9334     | 0.4251     | 1.2726       | 1.2358       | 0.9781     | 0.4424       | 0.9053   | 0.4788  , 0.5212   |           
283    | 2.9256     | 0.4129     | 1.2808       | 1.2320       | 0.9802     | 0.4179       | 0.9011   | 0.4570  , 0.5430   |           
284    | 2.8419     | 0.3452     | 1.2735       | 1.2232       | 0.9833     | 0.5048       | 0.8995   | 0.4652  , 0.5348   |           
285    | 2.8945     | 0.3784     | 1.2700       | 1.2462       | 0.9792     | 0.4677       | 0.8920   | 0.4647  , 0.5353   |           
286    | 2.8999     | 0.3822     | 1.2797       | 1.2380       | 0.9802     | 0.5177       | 1.0054   | 0.4559  , 0.5441   |           
287    | 2.9057     | 0.3946     | 1.2835       | 1.2275       | 0.9854     | 0.5007       | 0.9633   | 0.4769  , 0.5231   |           
288    | 2.8926     | 0.3846     | 1.2814       | 1.2266       | 0.9781     | 0.4817       | 0.8788   | 0.4351  , 0.5649   |           
289    | 2.8942     | 0.3633     | 1.2786       | 1.2522       | 0.9875     | 0.5046       | 0.9115   | 0.4733  , 0.5267   |           
290    | 2.8869     | 0.3758     | 1.2750       | 1.2361       | 0.9833     | 0.5254       | 0.9162   | 0.4653  , 0.5347   |           
291    | 2.9239     | 0.4202     | 1.2715       | 1.2322       | 0.9854     | 0.5308       | 0.9157   | 0.4478  , 0.5522   |           
292    | 2.9248     | 0.4154     | 1.2629       | 1.2465       | 0.9802     | 0.4951       | 0.8532   | 0.4561  , 0.5439   |           
293    | 2.8815     | 0.3834     | 1.2677       | 1.2304       | 0.9823     | 0.4860       | 0.8584   | 0.4709  , 0.5291   |           
294    | 2.9134     | 0.3855     | 1.2744       | 1.2535       | 0.9812     | 0.4539       | 0.8646   | 0.4647  , 0.5353   |           
295    | 2.8578     | 0.3591     | 1.2650       | 1.2338       | 0.9802     | 0.5011       | 0.9761   | 0.4890  , 0.5110   |           
296    | 2.9027     | 0.3921     | 1.2703       | 1.2404       | 0.9854     | 0.5077       | 0.9241   | 0.4815  , 0.5185   |           
297    | 2.8730     | 0.3588     | 1.2747       | 1.2395       | 0.9771     | 0.5168       | 0.9640   | 0.4984  , 0.5016   |           
298    | 2.9134     | 0.3992     | 1.2605       | 1.2538       | 0.9792     | 0.4709       | 0.9879   | 0.4812  , 0.5188   |           
299    | 2.9262     | 0.4108     | 1.2719       | 1.2436       | 0.9833     | 0.4995       | 0.9773   | 0.4847  , 0.5153   |           
300    | 2.9429     | 0.4285     | 1.2643       | 1.2502       | 0.9812     | 0.5262       | 0.9565   | 0.4901  , 0.5099   |           
301    | 2.8946     | 0.3839     | 1.2578       | 1.2529       | 0.9802     | 0.5547       | 0.9081   | 0.4940  , 0.5060   |           
302    | 2.9015     | 0.3764     | 1.2710       | 1.2541       | 0.9812     | 0.4758       | 0.8497   | 0.4957  , 0.5043   |           
303    | 2.8994     | 0.3980     | 1.2656       | 1.2358       | 0.9833     | 0.4787       | 0.9249   | 0.5153  , 0.4847   |           
304    | 2.8336     | 0.3552     | 1.2592       | 1.2192       | 0.9854     | 0.4990       | 0.9733   | 0.4991  , 0.5009   |           
305    | 2.8582     | 0.3688     | 1.2597       | 1.2297       | 0.9823     | 0.4819       | 0.9040   | 0.5056  , 0.4944   |           
306    | 2.8580     | 0.3651     | 1.2718       | 1.2211       | 0.9802     | 0.4762       | 1.0004   | 0.4857  , 0.5143   |           
307    | 2.9380     | 0.4252     | 1.2815       | 1.2313       | 0.9781     | 0.4659       | 0.9943   | 0.5132  , 0.4868   |           
308    | 2.8334     | 0.3279     | 1.2705       | 1.2350       | 0.9792     | 0.5101       | 1.0136   | 0.4854  , 0.5146   |           
309    | 2.8471     | 0.3507     | 1.2721       | 1.2244       | 0.9792     | 0.4636       | 0.9253   | 0.5078  , 0.4922   |           
310    | 2.8895     | 0.3828     | 1.2767       | 1.2300       | 0.9771     | 0.4689       | 0.9367   | 0.4978  , 0.5022   |           
311    | 2.9043     | 0.3865     | 1.2781       | 1.2397       | 0.9792     | 0.4990       | 1.0454   | 0.4900  , 0.5100   |           
312    | 2.8999     | 0.3758     | 1.2900       | 1.2341       | 0.9802     | 0.5000       | 0.9707   | 0.4798  , 0.5202   |           
313    | 2.8850     | 0.3768     | 1.2769       | 1.2313       | 0.9823     | 0.5495       | 0.9677   | 0.4707  , 0.5293   |           
314    | 2.9303     | 0.3929     | 1.2849       | 1.2526       | 0.9750     | 0.5101       | 1.0348   | 0.4967  , 0.5033   |           
315    | 2.9066     | 0.3920     | 1.2864       | 1.2281       | 0.9792     | 0.5243       | 0.8945   | 0.4906  , 0.5094   |           
316    | 2.9589     | 0.4346     | 1.2784       | 1.2459       | 0.9792     | 0.4941       | 0.9372   | 0.4887  , 0.5113   |           
317    | 2.8407     | 0.3494     | 1.2712       | 1.2201       | 0.9802     | 0.4842       | 0.8562   | 0.5024  , 0.4976   |           
318    | 2.9000     | 0.3784     | 1.2797       | 1.2418       | 0.9823     | 0.4899       | 0.9029   | 0.4947  , 0.5053   |           
319    | 2.8787     | 0.3800     | 1.2739       | 1.2249       | 0.9833     | 0.5563       | 0.9404   | 0.5093  , 0.4907   |           
320    | 2.9199     | 0.4032     | 1.2831       | 1.2336       | 0.9812     | 0.5334       | 0.8860   | 0.5021  , 0.4979   |           
321    | 2.8798     | 0.3639     | 1.2772       | 1.2387       | 0.9802     | 0.5602       | 0.9359   | 0.4965  , 0.5035   |           
322    | 2.9089     | 0.4003     | 1.2665       | 1.2421       | 0.9833     | 0.4858       | 0.8874   | 0.4946  , 0.5054   |           
323    | 2.8791     | 0.3864     | 1.2652       | 1.2274       | 0.9771     | 0.5280       | 0.9028   | 0.5090  , 0.4910   |           
324    | 2.8970     | 0.3776     | 1.2765       | 1.2429       | 0.9760     | 0.4946       | 0.9593   | 0.5093  , 0.4907   |           
325    | 2.9274     | 0.3876     | 1.2918       | 1.2480       | 0.9802     | 0.5233       | 0.9528   | 0.5034  , 0.4966   |           
326    | 2.8922     | 0.3796     | 1.2854       | 1.2272       | 0.9760     | 0.4783       | 0.8468   | 0.5298  , 0.4702   |           
327    | 2.8927     | 0.3559     | 1.2910       | 1.2458       | 0.9802     | 0.5269       | 0.9513   | 0.5292  , 0.4708   |           
328    | 2.8862     | 0.3615     | 1.2849       | 1.2398       | 0.9802     | 0.4940       | 0.9633   | 0.4971  , 0.5029   |           
329    | 2.8442     | 0.3348     | 1.2861       | 1.2234       | 0.9771     | 0.5175       | 0.9065   | 0.5152  , 0.4848   |           
330    | 2.9014     | 0.3924     | 1.2733       | 1.2357       | 0.9833     | 0.4901       | 0.8867   | 0.5270  , 0.4730   |           
331    | 2.9059     | 0.3813     | 1.2914       | 1.2332       | 0.9750     | 0.4989       | 0.8760   | 0.5205  , 0.4795   |           
332    | 2.9058     | 0.3853     | 1.2735       | 1.2469       | 0.9802     | 0.4830       | 0.9552   | 0.4919  , 0.5081   |           
333    | 2.9223     | 0.3804     | 1.2897       | 1.2522       | 0.9802     | 0.5212       | 0.9410   | 0.5021  , 0.4979   |           
334    | 2.9235     | 0.3816     | 1.2931       | 1.2488       | 0.9812     | 0.4819       | 0.9037   | 0.5080  , 0.4920   |           
335    | 2.9187     | 0.3836     | 1.2966       | 1.2385       | 0.9844     | 0.4626       | 0.9146   | 0.5104  , 0.4896   |           
336    | 2.8930     | 0.3934     | 1.2734       | 1.2263       | 0.9812     | 0.4638       | 0.8853   | 0.5122  , 0.4878   |           
337    | 2.8742     | 0.3603     | 1.2714       | 1.2425       | 0.9802     | 0.4697       | 0.8328   | 0.5019  , 0.4981   |           
338    | 2.8644     | 0.3465     | 1.2725       | 1.2453       | 0.9729     | 0.4956       | 0.8601   | 0.4864  , 0.5136   |           
339    | 2.8935     | 0.3745     | 1.2766       | 1.2423       | 0.9792     | 0.4438       | 0.9395   | 0.5191  , 0.4809   |           
340    | 2.8457     | 0.3399     | 1.2687       | 1.2372       | 0.9812     | 0.4773       | 0.9268   | 0.5024  , 0.4976   |           
341    | 2.8840     | 0.3639     | 1.2730       | 1.2471       | 0.9812     | 0.4659       | 0.8568   | 0.4761  , 0.5239   |           
342    | 2.9195     | 0.3955     | 1.2743       | 1.2497       | 0.9802     | 0.4708       | 0.9496   | 0.5259  , 0.4741   |           
343    | 2.8832     | 0.3659     | 1.2784       | 1.2389       | 0.9781     | 0.4720       | 0.9210   | 0.5075  , 0.4925   |           
344    | 2.8629     | 0.3406     | 1.2740       | 1.2484       | 0.9781     | 0.4930       | 0.9446   | 0.5152  , 0.4848   |           
345    | 2.8745     | 0.3499     | 1.2725       | 1.2521       | 0.9781     | 0.4844       | 0.8752   | 0.5040  , 0.4960   |           
346    | 2.8873     | 0.3690     | 1.2752       | 1.2431       | 0.9802     | 0.5347       | 0.9171   | 0.5084  , 0.4916   |           
347    | 2.8971     | 0.3760     | 1.2820       | 1.2391       | 0.9844     | 0.4899       | 0.8987   | 0.4913  , 0.5087   |           
348    | 2.8744     | 0.3758     | 1.2515       | 1.2471       | 0.9812     | 0.4782       | 0.9005   | 0.4947  , 0.5053   |           
349    | 2.9108     | 0.3683     | 1.2823       | 1.2601       | 0.9812     | 0.4747       | 0.9887   | 0.5355  , 0.4645   |           
350    | 2.9022     | 0.3815     | 1.2776       | 1.2431       | 0.9802     | 0.4802       | 0.8717   | 0.5070  , 0.4930   |           
351    | 2.9225     | 0.3915     | 1.2716       | 1.2594       | 0.9844     | 0.5068       | 0.9328   | 0.5125  , 0.4875   |           
352    | 2.9413     | 0.4023     | 1.2857       | 1.2534       | 0.9833     | 0.4554       | 0.9327   | 0.4947  , 0.5053   |           
353    | 2.9029     | 0.3610     | 1.2888       | 1.2532       | 0.9760     | 0.5009       | 0.9357   | 0.4942  , 0.5058   |           
354    | 2.9312     | 0.3875     | 1.2831       | 1.2607       | 0.9781     | 0.4905       | 0.9572   | 0.4971  , 0.5029   |           
355    | 2.8956     | 0.3760     | 1.2658       | 1.2538       | 0.9760     | 0.4653       | 1.0209   | 0.4790  , 0.5210   |           
356    | 2.9190     | 0.3666     | 1.2847       | 1.2677       | 0.9812     | 0.4739       | 0.9301   | 0.5157  , 0.4843   |           
357    | 2.9380     | 0.3938     | 1.2828       | 1.2614       | 0.9781     | 0.4619       | 0.9245   | 0.4967  , 0.5033   |           
358    | 2.8766     | 0.3418     | 1.2745       | 1.2603       | 0.9833     | 0.5015       | 0.9376   | 0.5141  , 0.4859   |           
359    | 2.9205     | 0.3819     | 1.2737       | 1.2649       | 0.9844     | 0.4383       | 0.8740   | 0.5019  , 0.4981   |           
360    | 2.9086     | 0.3812     | 1.2701       | 1.2574       | 0.9812     | 0.5017       | 0.9867   | 0.4955  , 0.5045   |           
361    | 2.8548     | 0.3396     | 1.2621       | 1.2530       | 0.9792     | 0.4692       | 0.9445   | 0.5056  , 0.4944   |           
362    | 2.9296     | 0.3880     | 1.2877       | 1.2539       | 0.9802     | 0.4920       | 0.9348   | 0.5228  , 0.4772   |           
363    | 2.9143     | 0.3635     | 1.2933       | 1.2575       | 0.9792     | 0.5069       | 0.8047   | 0.4938  , 0.5062   |           
364    | 2.8942     | 0.3526     | 1.2823       | 1.2592       | 0.9812     | 0.4859       | 0.9849   | 0.5271  , 0.4729   |           
365    | 2.9281     | 0.3864     | 1.2846       | 1.2571       | 0.9771     | 0.4762       | 0.9605   | 0.5016  , 0.4984   |           
366    | 2.9424     | 0.3775     | 1.2951       | 1.2698       | 0.9812     | 0.4965       | 0.9486   | 0.5210  , 0.4790   |           
367    | 2.9488     | 0.3770     | 1.3027       | 1.2690       | 0.9812     | 0.4728       | 1.0362   | 0.5054  , 0.4946   |           
368    | 2.9226     | 0.3786     | 1.2900       | 1.2540       | 0.9792     | 0.4584       | 0.9438   | 0.5121  , 0.4879   |           
369    | 2.9252     | 0.3738     | 1.2887       | 1.2627       | 0.9802     | 0.4933       | 0.9140   | 0.4957  , 0.5043   |           
370    | 2.9400     | 0.3761     | 1.3003       | 1.2636       | 0.9802     | 0.4894       | 0.9533   | 0.4913  , 0.5087   |           
371    | 2.9547     | 0.3894     | 1.2948       | 1.2706       | 0.9760     | 0.4790       | 0.9439   | 0.4776  , 0.5224   |           
372    | 2.9192     | 0.3605     | 1.2905       | 1.2681       | 0.9823     | 0.4705       | 0.9039   | 0.4947  , 0.5053   |           
373    | 2.9453     | 0.3726     | 1.2991       | 1.2735       | 0.9802     | 0.4833       | 0.9514   | 0.4799  , 0.5201   |           
374    | 2.9370     | 0.3605     | 1.2943       | 1.2821       | 0.9812     | 0.5038       | 0.9903   | 0.4909  , 0.5091   |           
375    | 2.9878     | 0.4028     | 1.3006       | 1.2845       | 0.9792     | 0.4730       | 0.9212   | 0.4823  , 0.5177   |           
376    | 2.9519     | 0.3778     | 1.3090       | 1.2650       | 0.9792     | 0.4760       | 0.9189   | 0.4943  , 0.5057   |           
377    | 2.9299     | 0.3626     | 1.2953       | 1.2720       | 0.9781     | 0.4710       | 0.8947   | 0.4798  , 0.5202   |           
378    | 2.9719     | 0.3972     | 1.3034       | 1.2713       | 0.9760     | 0.4768       | 0.9356   | 0.4837  , 0.5163   |           
379    | 2.9181     | 0.3541     | 1.2909       | 1.2731       | 0.9781     | 0.4236       | 0.9140   | 0.4924  , 0.5076   |           
380    | 2.9490     | 0.3789     | 1.2947       | 1.2754       | 0.9844     | 0.4497       | 0.9509   | 0.4727  , 0.5273   |           
381    | 2.9624     | 0.3901     | 1.2941       | 1.2782       | 0.9802     | 0.4754       | 0.9765   | 0.5246  , 0.4754   |           
382    | 2.9274     | 0.3686     | 1.2908       | 1.2679       | 0.9812     | 0.4913       | 0.8969   | 0.5151  , 0.4849   |           
383    | 2.9321     | 0.3688     | 1.2950       | 1.2683       | 0.9812     | 0.4872       | 0.8781   | 0.4952  , 0.5048   |           
384    | 2.9134     | 0.3516     | 1.2960       | 1.2658       | 0.9823     | 0.4434       | 0.9272   | 0.4954  , 0.5046   |           
385    | 2.9508     | 0.3801     | 1.2959       | 1.2749       | 0.9812     | 0.4782       | 0.9832   | 0.5105  , 0.4895   |           
386    | 2.8902     | 0.3272     | 1.2956       | 1.2673       | 0.9823     | 0.4852       | 0.8959   | 0.5180  , 0.4820   |           
387    | 2.9388     | 0.3737     | 1.2982       | 1.2669       | 0.9781     | 0.4653       | 0.9364   | 0.4864  , 0.5136   |           
388    | 2.9601     | 0.3914     | 1.2926       | 1.2761       | 0.9792     | 0.5032       | 1.0688   | 0.5276  , 0.4724   |           
389    | 2.9690     | 0.3972     | 1.2931       | 1.2787       | 0.9792     | 0.4947       | 0.8896   | 0.4985  , 0.5015   |           
390    | 2.8890     | 0.3484     | 1.2823       | 1.2584       | 0.9771     | 0.4729       | 1.0179   | 0.5022  , 0.4978   |           
391    | 2.9087     | 0.3548     | 1.2913       | 1.2626       | 0.9781     | 0.5236       | 0.9752   | 0.5200  , 0.4800   |           
392    | 2.9480     | 0.3735     | 1.3028       | 1.2716       | 0.9823     | 0.4968       | 0.9931   | 0.5032  , 0.4968   |           
393    | 2.8903     | 0.3316     | 1.2959       | 1.2628       | 0.9740     | 0.4989       | 1.0322   | 0.5092  , 0.4908   |           
394    | 2.9051     | 0.3265     | 1.3031       | 1.2755       | 0.9802     | 0.4797       | 1.0165   | 0.5167  , 0.4833   |           
395    | 2.8898     | 0.3258     | 1.3007       | 1.2633       | 0.9812     | 0.4834       | 0.9152   | 0.4951  , 0.5049   |           
396    | 2.9040     | 0.3270     | 1.2984       | 1.2785       | 0.9833     | 0.4637       | 0.9696   | 0.5169  , 0.4831   |           
397    | 2.9102     | 0.3511     | 1.2895       | 1.2696       | 0.9833     | 0.4633       | 0.9746   | 0.5201  , 0.4799   |           
398    | 2.9365     | 0.3600     | 1.3073       | 1.2691       | 0.9781     | 0.4596       | 0.9399   | 0.4930  , 0.5070   |           
399    | 2.9667     | 0.3889     | 1.3111       | 1.2667       | 0.9802     | 0.5082       | 0.9872   | 0.5207  , 0.4793   |           
400    | 2.9202     | 0.3482     | 1.3082       | 1.2638       | 0.9812     | 0.5005       | 0.9623   | 0.4997  , 0.5003   |           
Seed 6767 | Src Acc: 98.1633 | Src MDE: 0.0233 | Tgt Acc: 36.0204 | Tgt MDE: 0.8966
Start Training Seed 123456...

Start CDAN+E Training... (Entropy Conditioning Enabled)
Epoch  | Total Loss | Tr Cls     | Tr Dom RSSI  | Tr Dom RTT   | Val T Acc  | Val T Entropy | Test MDE | Test Target Weights
--------------------------------------------------------------------------------------------------------------------------------------------
1      | 6.6168     | 3.8860     | 1.3631       | 1.3677       | 0.3781     | 3.7410       | 1.5007   | 0.5224  , 0.4776   |           
2      | 5.8039     | 3.1883     | 1.3009       | 1.3147       | 0.6198     | 3.6345       | 1.2543   | 0.5052  , 0.4948   |           
3      | 5.2546     | 2.7426     | 1.2373       | 1.2747       | 0.7646     | 3.5044       | 1.2141   | 0.5039  , 0.4961   |           
4      | 4.7788     | 2.3652     | 1.1822       | 1.2314       | 0.8802     | 3.3758       | 0.9870   | 0.4687  , 0.5313   |           
5      | 4.4167     | 2.0839     | 1.1398       | 1.1931       | 0.8906     | 3.1822       | 0.9813   | 0.4873  , 0.5127   |           
6      | 4.0848     | 1.8502     | 1.0865       | 1.1480       | 0.9417     | 3.0060       | 1.0069   | 0.4786  , 0.5214   |           
7      | 3.7881     | 1.6363     | 1.0359       | 1.1159       | 0.9531     | 2.8826       | 1.0044   | 0.4614  , 0.5386   |           
8      | 3.5220     | 1.4615     | 0.9877       | 1.0728       | 0.9677     | 2.7236       | 1.0389   | 0.4736  , 0.5264   |           
9      | 3.3765     | 1.3502     | 0.9942       | 1.0321       | 0.9615     | 2.5526       | 1.0180   | 0.4802  , 0.5198   |           
10     | 3.2288     | 1.2398     | 0.9713       | 1.0177       | 0.9688     | 2.4461       | 1.0156   | 0.4846  , 0.5154   |           
11     | 3.0969     | 1.1642     | 0.9544       | 0.9783       | 0.9708     | 2.3284       | 1.0715   | 0.4848  , 0.5152   | (ADV -0.19)
12     | 2.9396     | 1.0553     | 0.9324       | 0.9520       | 0.9750     | 2.1513       | 1.0102   | 0.4808  , 0.5192   | (ADV -0.10)
13     | 2.8320     | 1.0075     | 0.8908       | 0.9337       | 0.9719     | 2.0971       | 1.0051   | 0.4734  , 0.5266   | (ADV -0.08)
14     | 2.7653     | 0.9345     | 0.9073       | 0.9235       | 0.9760     | 2.0212       | 1.0003   | 0.4707  , 0.5293   | (ADV -0.03)
15     | 2.6853     | 0.8841     | 0.8916       | 0.9096       | 0.9729     | 1.9634       | 0.9666   | 0.4728  , 0.5272   | (ADV -0.01)
16     | 2.6292     | 0.8623     | 0.8762       | 0.8907       | 0.9781     | 1.8913       | 0.9999   | 0.4742  , 0.5258   | (ADV 0.03)
17     | 2.6556     | 0.8393     | 0.8939       | 0.9224       | 0.9677     | 1.7538       | 0.9478   | 0.4677  , 0.5323   | (ADV 0.09)
18     | 2.5542     | 0.7718     | 0.8759       | 0.9065       | 0.9729     | 1.6890       | 0.9855   | 0.4758  , 0.5242   | (ADV 0.13)
19     | 2.5377     | 0.7715     | 0.8564       | 0.9098       | 0.9771     | 1.6466       | 1.0366   | 0.4822  , 0.5178   | (ADV 0.15)
20     | 2.5110     | 0.7418     | 0.8387       | 0.9306       | 0.9750     | 1.6098       | 1.0201   | 0.4739  , 0.5261   | (ADV 0.17)
21     | 2.5184     | 0.7231     | 0.8531       | 0.9422       | 0.9760     | 1.5756       | 0.9727   | 0.4779  , 0.5221   | (ADV 0.19)
22     | 2.4464     | 0.6765     | 0.8425       | 0.9274       | 0.9792     | 1.5465       | 1.0066   | 0.4759  , 0.5241   | (ADV 0.21)
23     | 2.4582     | 0.6776     | 0.8566       | 0.9240       | 0.9740     | 1.4860       | 1.0290   | 0.4657  , 0.5343   | (ADV 0.23)
24     | 2.4631     | 0.6762     | 0.8560       | 0.9310       | 0.9781     | 1.4581       | 0.9959   | 0.4817  , 0.5183   | (ADV 0.25)
25     | 2.4298     | 0.6247     | 0.8466       | 0.9585       | 0.9750     | 1.3967       | 1.0191   | 0.4819  , 0.5181   | (ADV 0.28)
26     | 2.4843     | 0.6671     | 0.8656       | 0.9516       | 0.9760     | 1.3448       | 1.0464   | 0.4828  , 0.5172   | (ADV 0.30)
27     | 2.3937     | 0.6103     | 0.8539       | 0.9294       | 0.9760     | 1.3020       | 1.0687   | 0.4760  , 0.5240   | (ADV 0.33)
28     | 2.3488     | 0.5905     | 0.8365       | 0.9219       | 0.9729     | 1.3038       | 1.0239   | 0.4669  , 0.5331   |           
29     | 2.3322     | 0.5709     | 0.8398       | 0.9214       | 0.9812     | 1.2706       | 1.0217   | 0.4639  , 0.5361   | (ADV 0.35)
30     | 2.3524     | 0.5690     | 0.8514       | 0.9320       | 0.9792     | 1.2691       | 1.0718   | 0.4825  , 0.5175   |           
31     | 2.2935     | 0.5493     | 0.8321       | 0.9121       | 0.9760     | 1.2266       | 1.0568   | 0.5017  , 0.4983   | (ADV 0.36)
32     | 2.3744     | 0.5692     | 0.8753       | 0.9299       | 0.9740     | 1.1835       | 1.0135   | 0.4814  , 0.5186   | (ADV 0.38)
33     | 2.3261     | 0.5436     | 0.8632       | 0.9193       | 0.9729     | 1.1719       | 1.0496   | 0.4852  , 0.5148   | (ADV 0.39)
34     | 2.3375     | 0.5324     | 0.8828       | 0.9222       | 0.9760     | 1.1128       | 1.0177   | 0.4760  , 0.5240   | (ADV 0.42)
35     | 2.3340     | 0.5180     | 0.8728       | 0.9432       | 0.9719     | 1.1736       | 1.0212   | 0.5055  , 0.4945   |           
36     | 2.3806     | 0.5514     | 0.8876       | 0.9415       | 0.9740     | 1.1603       | 1.0301   | 0.4771  , 0.5229   |           
37     | 2.3381     | 0.5469     | 0.8716       | 0.9196       | 0.9740     | 1.1167       | 1.0815   | 0.4974  , 0.5026   |           
38     | 2.3010     | 0.5000     | 0.8905       | 0.9104       | 0.9750     | 1.0921       | 0.9261   | 0.4688  , 0.5312   | (ADV 0.43)
39     | 2.4084     | 0.5485     | 0.9016       | 0.9584       | 0.9750     | 1.1004       | 0.9904   | 0.4784  , 0.5216   |           
40     | 2.3491     | 0.5329     | 0.8848       | 0.9315       | 0.9740     | 1.0885       | 0.9897   | 0.4645  , 0.5355   | (ADV 0.43)
41     | 2.3825     | 0.5069     | 0.9150       | 0.9606       | 0.9729     | 1.0380       | 0.9879   | 0.4732  , 0.5268   | (ADV 0.45)
42     | 2.3980     | 0.5236     | 0.9182       | 0.9562       | 0.9771     | 1.0780       | 0.9738   | 0.4695  , 0.5305   |           
43     | 2.3482     | 0.4747     | 0.9207       | 0.9529       | 0.9792     | 1.0485       | 0.9794   | 0.4866  , 0.5134   | (ADV 0.45)
44     | 2.4100     | 0.5120     | 0.9372       | 0.9608       | 0.9771     | 1.0340       | 0.9741   | 0.4807  , 0.5193   | (ADV 0.46)
45     | 2.4186     | 0.5240     | 0.9243       | 0.9703       | 0.9719     | 0.9862       | 0.9980   | 0.4845  , 0.5155   | (ADV 0.48)
46     | 2.4249     | 0.5087     | 0.9228       | 0.9934       | 0.9729     | 1.0240       | 1.0093   | 0.4874  , 0.5126   |           
47     | 2.3464     | 0.4696     | 0.9198       | 0.9570       | 0.9729     | 0.9479       | 0.9491   | 0.4662  , 0.5338   | (ADV 0.50)
48     | 2.4567     | 0.5179     | 0.9329       | 1.0059       | 0.9771     | 0.9992       | 1.0569   | 0.4824  , 0.5176   |           
49     | 2.4327     | 0.4866     | 0.9470       | 0.9991       | 0.9740     | 0.9958       | 1.0774   | 0.4722  , 0.5278   |           
50     | 2.4247     | 0.4815     | 0.9639       | 0.9794       | 0.9781     | 0.9446       | 0.9506   | 0.4828  , 0.5172   | (ADV 0.51)
51     | 2.4740     | 0.5191     | 0.9588       | 0.9961       | 0.9760     | 0.9094       | 0.9984   | 0.4897  , 0.5103   | (ADV 0.52)
52     | 2.4734     | 0.5258     | 0.9622       | 0.9853       | 0.9792     | 0.8887       | 0.9258   | 0.4766  , 0.5234   | (ADV 0.53)
53     | 2.4359     | 0.4887     | 0.9816       | 0.9657       | 0.9688     | 0.8943       | 0.9355   | 0.4642  , 0.5358   |           
54     | 2.4043     | 0.4597     | 0.9710       | 0.9736       | 0.9792     | 0.8604       | 1.0083   | 0.4604  , 0.5396   | (ADV 0.55)
55     | 2.4530     | 0.4752     | 0.9898       | 0.9880       | 0.9729     | 0.8305       | 0.9253   | 0.4669  , 0.5331   | (ADV 0.56)
56     | 2.4691     | 0.4782     | 1.0019       | 0.9890       | 0.9771     | 0.9101       | 1.0212   | 0.4765  , 0.5235   |           
57     | 2.4586     | 0.4856     | 0.9838       | 0.9892       | 0.9792     | 0.8274       | 0.9659   | 0.4752  , 0.5248   | (ADV 0.57)
58     | 2.5215     | 0.5073     | 1.0201       | 0.9941       | 0.9729     | 0.8522       | 0.9308   | 0.4541  , 0.5459   |           
59     | 2.4305     | 0.4385     | 0.9966       | 0.9954       | 0.9802     | 0.8715       | 0.9159   | 0.4588  , 0.5412   |           
60     | 2.5238     | 0.4919     | 0.9862       | 1.0457       | 0.9760     | 0.8297       | 0.9571   | 0.4669  , 0.5331   |           
61     | 2.5943     | 0.5335     | 1.0132       | 1.0475       | 0.9677     | 0.8387       | 0.9211   | 0.4631  , 0.5369   |           
62     | 2.5518     | 0.4997     | 1.0192       | 1.0329       | 0.9802     | 0.8158       | 0.9384   | 0.4821  , 0.5179   | (ADV 0.57)
63     | 2.5202     | 0.4867     | 0.9991       | 1.0344       | 0.9812     | 0.8174       | 1.0063   | 0.4845  , 0.5155   | (ADV 0.57)
64     | 2.5019     | 0.4594     | 1.0005       | 1.0420       | 0.9812     | 0.8046       | 0.9255   | 0.4604  , 0.5396   | (ADV 0.58)
65     | 2.4823     | 0.4620     | 0.9867       | 1.0335       | 0.9802     | 0.8685       | 0.9116   | 0.4497  , 0.5503   |           
66     | 2.5071     | 0.4551     | 1.0049       | 1.0471       | 0.9698     | 0.7756       | 0.9313   | 0.4578  , 0.5422   | (ADV 0.58)
67     | 2.5161     | 0.4537     | 1.0093       | 1.0530       | 0.9750     | 0.7838       | 0.9637   | 0.4745  , 0.5255   | (ADV 0.58)
68     | 2.4917     | 0.4676     | 1.0022       | 1.0219       | 0.9802     | 0.8455       | 0.9529   | 0.4520  , 0.5480   |           
69     | 2.5457     | 0.4711     | 1.0210       | 1.0535       | 0.9771     | 0.7756       | 0.9504   | 0.4551  , 0.5449   | (ADV 0.59)
70     | 2.5936     | 0.4989     | 1.0291       | 1.0655       | 0.9792     | 0.7210       | 0.9564   | 0.4558  , 0.5442   | (ADV 0.62)
71     | 2.6080     | 0.4931     | 1.0395       | 1.0754       | 0.9750     | 0.7288       | 0.9926   | 0.4410  , 0.5590   |           
72     | 2.5383     | 0.4604     | 1.0271       | 1.0508       | 0.9698     | 0.7473       | 0.9870   | 0.4679  , 0.5321   |           
73     | 2.6096     | 0.4786     | 1.0507       | 1.0803       | 0.9740     | 0.7552       | 0.9824   | 0.4807  , 0.5193   |           
74     | 2.6534     | 0.5112     | 1.0583       | 1.0839       | 0.9760     | 0.7813       | 0.9567   | 0.4593  , 0.5407   |           
75     | 2.5494     | 0.4570     | 1.0199       | 1.0724       | 0.9729     | 0.7514       | 0.9149   | 0.4782  , 0.5218   |           
76     | 2.5797     | 0.4708     | 1.0341       | 1.0749       | 0.9760     | 0.7343       | 0.9847   | 0.4348  , 0.5652   |           
77     | 2.6095     | 0.4855     | 1.0496       | 1.0744       | 0.9708     | 0.7883       | 0.9700   | 0.4572  , 0.5428   |           
78     | 2.6082     | 0.4718     | 1.0473       | 1.0891       | 0.9771     | 0.7731       | 0.9202   | 0.4607  , 0.5393   |           
79     | 2.6208     | 0.4816     | 1.0479       | 1.0913       | 0.9719     | 0.6900       | 0.9746   | 0.4548  , 0.5452   | (ADV 0.63)
80     | 2.6770     | 0.4958     | 1.0699       | 1.1113       | 0.9708     | 0.7483       | 0.9178   | 0.4536  , 0.5464   |           
81     | 2.6729     | 0.4970     | 1.0663       | 1.1096       | 0.9677     | 0.7040       | 0.9407   | 0.4501  , 0.5499   |           
82     | 2.7415     | 0.5180     | 1.0990       | 1.1244       | 0.9760     | 0.7886       | 0.9710   | 0.4569  , 0.5431   |           
83     | 2.6109     | 0.4420     | 1.0645       | 1.1044       | 0.9802     | 0.7152       | 1.0481   | 0.4648  , 0.5352   |           
84     | 2.6655     | 0.4590     | 1.0852       | 1.1212       | 0.9792     | 0.7160       | 0.9251   | 0.4556  , 0.5444   |           
85     | 2.6380     | 0.4284     | 1.0737       | 1.1359       | 0.9646     | 0.6954       | 1.0191   | 0.4421  , 0.5579   |           
86     | 2.7339     | 0.4910     | 1.1180       | 1.1250       | 0.9802     | 0.7140       | 1.0458   | 0.4795  , 0.5205   |           
87     | 2.6780     | 0.4664     | 1.0909       | 1.1207       | 0.9781     | 0.6757       | 1.0513   | 0.4614  , 0.5386   | (ADV 0.64)
88     | 2.7031     | 0.4614     | 1.1054       | 1.1363       | 0.9740     | 0.6877       | 0.9656   | 0.4530  , 0.5470   |           
89     | 2.7543     | 0.4903     | 1.1122       | 1.1518       | 0.9729     | 0.6994       | 0.9716   | 0.4428  , 0.5572   |           
90     | 2.7477     | 0.4864     | 1.1144       | 1.1468       | 0.9812     | 0.7103       | 1.0356   | 0.4572  , 0.5428   |           
91     | 2.7420     | 0.4676     | 1.1212       | 1.1533       | 0.9802     | 0.6695       | 1.0089   | 0.4599  , 0.5401   | (ADV 0.65)
92     | 2.7376     | 0.4868     | 1.1041       | 1.1467       | 0.9792     | 0.6822       | 1.0152   | 0.4347  , 0.5653   |           
93     | 2.6898     | 0.4313     | 1.1389       | 1.1196       | 0.9792     | 0.7008       | 0.9571   | 0.4462  , 0.5538   |           
94     | 2.7316     | 0.4468     | 1.1472       | 1.1376       | 0.9823     | 0.6850       | 0.9846   | 0.4439  , 0.5561   |           
95     | 2.7524     | 0.4628     | 1.1558       | 1.1338       | 0.9729     | 0.6590       | 0.9687   | 0.4348  , 0.5652   |           
96     | 2.7763     | 0.4826     | 1.1550       | 1.1386       | 0.9760     | 0.6766       | 0.9734   | 0.4470  , 0.5530   |           
97     | 2.8116     | 0.4903     | 1.1602       | 1.1610       | 0.9719     | 0.6960       | 1.0747   | 0.4753  , 0.5247   |           
98     | 2.7660     | 0.4834     | 1.1458       | 1.1367       | 0.9812     | 0.6627       | 0.9860   | 0.4629  , 0.5371   | (ADV 0.65)
99     | 2.7581     | 0.4647     | 1.1365       | 1.1569       | 0.9760     | 0.6675       | 0.9758   | 0.4617  , 0.5383   |           
100    | 2.8091     | 0.4969     | 1.1603       | 1.1519       | 0.9708     | 0.7431       | 1.0385   | 0.4462  , 0.5538   |           
101    | 2.8009     | 0.4753     | 1.1716       | 1.1540       | 0.9729     | 0.6893       | 1.0043   | 0.4664  , 0.5336   |           
102    | 2.8169     | 0.4742     | 1.1677       | 1.1750       | 0.9750     | 0.7074       | 1.0472   | 0.4515  , 0.5485   |           
103    | 2.7409     | 0.4598     | 1.1469       | 1.1342       | 0.9781     | 0.7126       | 1.0217   | 0.4634  , 0.5366   |           
104    | 2.7194     | 0.4469     | 1.1428       | 1.1296       | 0.9771     | 0.6800       | 0.9846   | 0.4493  , 0.5507   |           
105    | 2.8375     | 0.5243     | 1.1566       | 1.1567       | 0.9792     | 0.6614       | 1.0342   | 0.4596  , 0.5404   |           
106    | 2.8240     | 0.4974     | 1.1618       | 1.1649       | 0.9750     | 0.6621       | 1.0094   | 0.4670  , 0.5330   |           
107    | 2.7259     | 0.4526     | 1.1282       | 1.1451       | 0.9792     | 0.6413       | 0.9943   | 0.4385  , 0.5615   | (ADV 0.66)
108    | 2.7971     | 0.4783     | 1.1495       | 1.1693       | 0.9750     | 0.6580       | 1.0086   | 0.4569  , 0.5431   |           
109    | 2.7683     | 0.4564     | 1.1470       | 1.1650       | 0.9771     | 0.6830       | 0.9800   | 0.4657  , 0.5343   |           
110    | 2.7683     | 0.4592     | 1.1554       | 1.1537       | 0.9760     | 0.6474       | 1.0362   | 0.4374  , 0.5626   |           
111    | 2.7429     | 0.4393     | 1.1476       | 1.1560       | 0.9760     | 0.6369       | 0.9626   | 0.4364  , 0.5636   |           
112    | 2.7462     | 0.4525     | 1.1496       | 1.1441       | 0.9708     | 0.6652       | 0.9543   | 0.4365  , 0.5635   |           
113    | 2.8291     | 0.4796     | 1.1754       | 1.1741       | 0.9740     | 0.6492       | 0.9935   | 0.4558  , 0.5442   |           
114    | 2.8022     | 0.4616     | 1.1715       | 1.1691       | 0.9760     | 0.6053       | 0.9843   | 0.4578  , 0.5422   | (ADV 0.67)
115    | 2.7727     | 0.4640     | 1.1414       | 1.1673       | 0.9729     | 0.6268       | 0.9314   | 0.4522  , 0.5478   |           
116    | 2.7486     | 0.4300     | 1.1616       | 1.1571       | 0.9760     | 0.6518       | 0.9993   | 0.4581  , 0.5419   |           
117    | 2.7927     | 0.4531     | 1.1663       | 1.1733       | 0.9760     | 0.6499       | 0.9649   | 0.4675  , 0.5325   |           
118    | 2.8546     | 0.5087     | 1.1728       | 1.1731       | 0.9792     | 0.6700       | 0.9734   | 0.4456  , 0.5544   |           
119    | 2.7678     | 0.4465     | 1.1581       | 1.1632       | 0.9771     | 0.6594       | 0.9291   | 0.4340  , 0.5660   |           
120    | 2.7609     | 0.4420     | 1.1537       | 1.1652       | 0.9729     | 0.6397       | 0.9768   | 0.4653  , 0.5347   |           
121    | 2.8151     | 0.4771     | 1.1667       | 1.1713       | 0.9740     | 0.6799       | 1.0076   | 0.4544  , 0.5456   |           
122    | 2.8570     | 0.4826     | 1.1878       | 1.1865       | 0.9792     | 0.6836       | 1.0220   | 0.4387  , 0.5613   |           
123    | 2.7660     | 0.4305     | 1.1692       | 1.1663       | 0.9771     | 0.6792       | 0.9805   | 0.4674  , 0.5326   |           
124    | 2.7792     | 0.4546     | 1.1691       | 1.1555       | 0.9781     | 0.6219       | 0.9136   | 0.4474  , 0.5526   |           
125    | 2.7811     | 0.4630     | 1.1582       | 1.1599       | 0.9792     | 0.6645       | 0.9136   | 0.4422  , 0.5578   |           
126    | 2.7627     | 0.4406     | 1.1598       | 1.1623       | 0.9750     | 0.6022       | 0.9651   | 0.4559  , 0.5441   | (ADV 0.67)
127    | 2.7609     | 0.4355     | 1.1616       | 1.1638       | 0.9812     | 0.6243       | 1.0158   | 0.4518  , 0.5482   |           
128    | 2.7337     | 0.4106     | 1.1585       | 1.1645       | 0.9760     | 0.6045       | 0.9544   | 0.4374  , 0.5626   |           
129    | 2.8152     | 0.4549     | 1.1819       | 1.1784       | 0.9792     | 0.5957       | 0.9724   | 0.4364  , 0.5636   | (ADV 0.68)
130    | 2.8187     | 0.4777     | 1.1717       | 1.1692       | 0.9823     | 0.6489       | 1.0298   | 0.4620  , 0.5380   |           
131    | 2.8218     | 0.4736     | 1.1640       | 1.1842       | 0.9719     | 0.6378       | 1.0517   | 0.4210  , 0.5790   |           
132    | 2.7255     | 0.3965     | 1.1675       | 1.1615       | 0.9750     | 0.6196       | 1.0289   | 0.4596  , 0.5404   |           
133    | 2.8230     | 0.4534     | 1.1929       | 1.1767       | 0.9760     | 0.6081       | 1.0200   | 0.4681  , 0.5319   |           
134    | 2.7776     | 0.4210     | 1.1853       | 1.1713       | 0.9760     | 0.5965       | 1.0025   | 0.4537  , 0.5463   |           
135    | 2.8297     | 0.4470     | 1.2000       | 1.1827       | 0.9812     | 0.6298       | 0.9740   | 0.4505  , 0.5495   |           
136    | 2.7911     | 0.4284     | 1.1849       | 1.1778       | 0.9719     | 0.5793       | 1.0134   | 0.4688  , 0.5312   | (ADV 0.68)
137    | 2.7836     | 0.4260     | 1.1936       | 1.1639       | 0.9812     | 0.5948       | 0.9951   | 0.4549  , 0.5451   | (ADV 0.68)
138    | 2.8290     | 0.4552     | 1.1994       | 1.1744       | 0.9760     | 0.6116       | 1.0675   | 0.4328  , 0.5672   |           
139    | 2.8060     | 0.4237     | 1.2059       | 1.1765       | 0.9781     | 0.5715       | 1.0609   | 0.4645  , 0.5355   | (ADV 0.69)
140    | 2.7694     | 0.3971     | 1.1953       | 1.1771       | 0.9771     | 0.6113       | 1.0544   | 0.4439  , 0.5561   |           
141    | 2.8457     | 0.4486     | 1.1941       | 1.2029       | 0.9667     | 0.5964       | 1.0575   | 0.4279  , 0.5721   |           
142    | 2.8615     | 0.4495     | 1.2120       | 1.2000       | 0.9740     | 0.5769       | 1.0259   | 0.4767  , 0.5233   |           
143    | 2.7814     | 0.3955     | 1.2040       | 1.1819       | 0.9844     | 0.5662       | 1.0303   | 0.4541  , 0.5459   | (ADV 0.70)
144    | 2.8252     | 0.4333     | 1.2046       | 1.1874       | 0.9729     | 0.5375       | 1.0740   | 0.4564  , 0.5436   | (ADV 0.70)
145    | 2.8236     | 0.4398     | 1.1904       | 1.1934       | 0.9792     | 0.5922       | 1.0368   | 0.4367  , 0.5633   |           
146    | 2.8732     | 0.4591     | 1.2133       | 1.2009       | 0.9771     | 0.6057       | 0.9951   | 0.4327  , 0.5673   |           
147    | 2.7706     | 0.3892     | 1.1910       | 1.1904       | 0.9771     | 0.6209       | 0.9865   | 0.4210  , 0.5790   |           
148    | 2.8453     | 0.4416     | 1.1981       | 1.2056       | 0.9760     | 0.5662       | 0.9946   | 0.4430  , 0.5570   |           
149    | 2.8876     | 0.4592     | 1.2105       | 1.2179       | 0.9729     | 0.5691       | 0.9707   | 0.4447  , 0.5553   |           
150    | 2.8778     | 0.4627     | 1.2075       | 1.2075       | 0.9760     | 0.6145       | 0.9880   | 0.4449  , 0.5551   |           
151    | 2.8134     | 0.4231     | 1.2093       | 1.1810       | 0.9760     | 0.5939       | 1.0318   | 0.4431  , 0.5569   |           
152    | 2.8496     | 0.4328     | 1.2085       | 1.2083       | 0.9781     | 0.5893       | 0.9922   | 0.4969  , 0.5031   |           
153    | 2.8260     | 0.4584     | 1.1865       | 1.1811       | 0.9792     | 0.5446       | 1.0281   | 0.4587  , 0.5413   | (ADV 0.71)
154    | 2.8271     | 0.4468     | 1.1942       | 1.1861       | 0.9729     | 0.5996       | 0.9963   | 0.4614  , 0.5386   |           
155    | 2.8116     | 0.4201     | 1.1968       | 1.1947       | 0.9781     | 0.6249       | 1.0274   | 0.4335  , 0.5665   |           
156    | 2.8895     | 0.4921     | 1.1971       | 1.2004       | 0.9719     | 0.6229       | 0.9459   | 0.4387  , 0.5613   |           
157    | 2.8380     | 0.4291     | 1.2019       | 1.2070       | 0.9750     | 0.6494       | 1.0304   | 0.4497  , 0.5503   |           
158    | 2.8225     | 0.4385     | 1.1989       | 1.1850       | 0.9667     | 0.5925       | 0.9969   | 0.4445  , 0.5555   |           
159    | 2.8028     | 0.4069     | 1.1959       | 1.2000       | 0.9812     | 0.6002       | 1.0389   | 0.4519  , 0.5481   |           
160    | 2.8547     | 0.4581     | 1.2053       | 1.1913       | 0.9719     | 0.6504       | 1.0328   | 0.4721  , 0.5279   |           
161    | 2.8469     | 0.4496     | 1.2016       | 1.1957       | 0.9740     | 0.5676       | 1.0230   | 0.4471  , 0.5529   |           
162    | 2.8080     | 0.4074     | 1.2013       | 1.1993       | 0.9719     | 0.5741       | 1.0051   | 0.4417  , 0.5583   |           
163    | 2.8060     | 0.4145     | 1.2065       | 1.1851       | 0.9750     | 0.5993       | 1.0642   | 0.4669  , 0.5331   |           
164    | 2.8307     | 0.4270     | 1.2115       | 1.1922       | 0.9750     | 0.5733       | 1.0143   | 0.4524  , 0.5476   |           
165    | 2.8380     | 0.4307     | 1.2175       | 1.1899       | 0.9750     | 0.5758       | 0.9748   | 0.4367  , 0.5633   |           
166    | 2.7868     | 0.3915     | 1.2029       | 1.1924       | 0.9771     | 0.5593       | 0.9862   | 0.4262  , 0.5738   |           
167    | 2.8727     | 0.4586     | 1.2144       | 1.1997       | 0.9740     | 0.6162       | 0.9412   | 0.4263  , 0.5737   |           
168    | 2.8742     | 0.4481     | 1.2127       | 1.2134       | 0.9760     | 0.6226       | 1.0298   | 0.4659  , 0.5341   |           
169    | 2.8237     | 0.4213     | 1.2132       | 1.1892       | 0.9719     | 0.5582       | 1.0378   | 0.4552  , 0.5448   |           
170    | 2.8083     | 0.4109     | 1.2025       | 1.1949       | 0.9729     | 0.5972       | 1.0395   | 0.4687  , 0.5313   |           
171    | 2.8196     | 0.4256     | 1.1982       | 1.1957       | 0.9750     | 0.5923       | 1.0450   | 0.4510  , 0.5490   |           
172    | 2.8301     | 0.4300     | 1.2035       | 1.1966       | 0.9760     | 0.5936       | 1.0414   | 0.4590  , 0.5410   |           
173    | 2.8058     | 0.4033     | 1.2020       | 1.2006       | 0.9802     | 0.6008       | 1.0425   | 0.4541  , 0.5459   |           
174    | 2.7919     | 0.3738     | 1.2173       | 1.2008       | 0.9719     | 0.6340       | 1.0603   | 0.4657  , 0.5343   |           
175    | 2.8699     | 0.4447     | 1.2265       | 1.1987       | 0.9740     | 0.6025       | 0.9528   | 0.4391  , 0.5609   |           
176    | 2.9001     | 0.4413     | 1.2436       | 1.2152       | 0.9708     | 0.5775       | 0.9554   | 0.4223  , 0.5777   |           
177    | 2.8544     | 0.4345     | 1.2130       | 1.2069       | 0.9823     | 0.5402       | 0.9548   | 0.4428  , 0.5572   | (ADV 0.71)
178    | 2.8559     | 0.4295     | 1.2127       | 1.2136       | 0.9781     | 0.5523       | 0.9393   | 0.4336  , 0.5664   |           
179    | 2.8619     | 0.4152     | 1.2433       | 1.2034       | 0.9781     | 0.5418       | 0.9176   | 0.4530  , 0.5470   |           
180    | 2.8554     | 0.4151     | 1.2236       | 1.2167       | 0.9740     | 0.5610       | 0.9602   | 0.4598  , 0.5402   |           
181    | 2.8736     | 0.4193     | 1.2446       | 1.2097       | 0.9708     | 0.5303       | 0.9218   | 0.4208  , 0.5792   |           
182    | 2.9255     | 0.4613     | 1.2544       | 1.2099       | 0.9750     | 0.5688       | 0.9775   | 0.4476  , 0.5524   |           
183    | 2.9225     | 0.4373     | 1.2617       | 1.2236       | 0.9760     | 0.5794       | 0.9283   | 0.4434  , 0.5566   |           
184    | 2.8512     | 0.4103     | 1.2389       | 1.2019       | 0.9792     | 0.5707       | 1.0179   | 0.4334  , 0.5666   |           
185    | 2.9428     | 0.4788     | 1.2370       | 1.2270       | 0.9792     | 0.5625       | 0.9882   | 0.4242  , 0.5758   |           
186    | 2.8937     | 0.4339     | 1.2541       | 1.2058       | 0.9771     | 0.5842       | 0.9074   | 0.4301  , 0.5699   |           
187    | 2.8945     | 0.4385     | 1.2419       | 1.2141       | 0.9750     | 0.5907       | 1.0117   | 0.4589  , 0.5411   |           
188    | 2.8319     | 0.4117     | 1.2227       | 1.1975       | 0.9854     | 0.5301       | 0.9711   | 0.4347  , 0.5653   | (ADV 0.72)
189    | 2.8718     | 0.4193     | 1.2326       | 1.2199       | 0.9781     | 0.5932       | 0.9354   | 0.4079  , 0.5921   |           
190    | 2.9229     | 0.4375     | 1.2567       | 1.2287       | 0.9781     | 0.5473       | 0.9404   | 0.4300  , 0.5700   |           
191    | 2.9064     | 0.4575     | 1.2408       | 1.2081       | 0.9771     | 0.5168       | 0.9547   | 0.4582  , 0.5418   |           
192    | 2.8817     | 0.4308     | 1.2417       | 1.2093       | 0.9771     | 0.5403       | 0.9894   | 0.4718  , 0.5282   |           
193    | 2.8894     | 0.4180     | 1.2483       | 1.2230       | 0.9771     | 0.5006       | 0.9148   | 0.4314  , 0.5686   | (ADV 0.73)
194    | 2.8548     | 0.4091     | 1.2296       | 1.2161       | 0.9781     | 0.5041       | 0.9113   | 0.4419  , 0.5581   |           
195    | 2.9068     | 0.4480     | 1.2452       | 1.2136       | 0.9823     | 0.5180       | 0.9217   | 0.4361  , 0.5639   |           
196    | 2.8531     | 0.4099     | 1.2282       | 1.2151       | 0.9833     | 0.5004       | 0.8963   | 0.4606  , 0.5394   | (ADV 0.73)
197    | 2.8767     | 0.4212     | 1.2365       | 1.2190       | 0.9812     | 0.5002       | 0.9097   | 0.4545  , 0.5455   |           
198    | 2.8669     | 0.4040     | 1.2411       | 1.2218       | 0.9719     | 0.5072       | 0.9325   | 0.4518  , 0.5482   |           
199    | 2.8724     | 0.4129     | 1.2399       | 1.2195       | 0.9771     | 0.5219       | 0.9341   | 0.4655  , 0.5345   |           
200    | 2.8306     | 0.3815     | 1.2554       | 1.1937       | 0.9802     | 0.5063       | 0.9561   | 0.4258  , 0.5742   |           
201    | 2.8249     | 0.3844     | 1.2276       | 1.2129       | 0.9781     | 0.5650       | 0.9503   | 0.4154  , 0.5846   |           
202    | 2.8837     | 0.4347     | 1.2252       | 1.2238       | 0.9792     | 0.5479       | 0.9419   | 0.4453  , 0.5547   |           
203    | 2.8905     | 0.4340     | 1.2269       | 1.2296       | 0.9802     | 0.5625       | 0.9100   | 0.4324  , 0.5676   |           
204    | 2.8440     | 0.3937     | 1.2148       | 1.2355       | 0.9781     | 0.5210       | 0.9360   | 0.4411  , 0.5589   |           
205    | 2.8104     | 0.3796     | 1.2141       | 1.2167       | 0.9823     | 0.5385       | 0.9468   | 0.4698  , 0.5302   |           
206    | 2.8245     | 0.3892     | 1.2190       | 1.2163       | 0.9833     | 0.5035       | 0.9181   | 0.4536  , 0.5464   |           
207    | 2.8496     | 0.4182     | 1.2205       | 1.2109       | 0.9792     | 0.4956       | 0.9253   | 0.4442  , 0.5558   |           
208    | 2.8435     | 0.3964     | 1.2329       | 1.2143       | 0.9781     | 0.5320       | 0.9385   | 0.4527  , 0.5473   |           
209    | 2.8167     | 0.3795     | 1.2189       | 1.2182       | 0.9771     | 0.5245       | 0.9726   | 0.4585  , 0.5415   |           
210    | 2.8198     | 0.3779     | 1.2252       | 1.2167       | 0.9698     | 0.5365       | 0.9074   | 0.4427  , 0.5573   |           
211    | 2.8540     | 0.4060     | 1.2324       | 1.2156       | 0.9750     | 0.5501       | 0.9920   | 0.4778  , 0.5222   |           
212    | 2.8391     | 0.4040     | 1.2239       | 1.2111       | 0.9781     | 0.4997       | 0.8954   | 0.4296  , 0.5704   |           
213    | 2.8639     | 0.4202     | 1.2268       | 1.2168       | 0.9792     | 0.5429       | 0.9314   | 0.4607  , 0.5393   |           
214    | 2.8567     | 0.4039     | 1.2274       | 1.2254       | 0.9802     | 0.5649       | 0.9581   | 0.4361  , 0.5639   |           
215    | 2.8328     | 0.4074     | 1.2269       | 1.1986       | 0.9760     | 0.5374       | 0.9147   | 0.4330  , 0.5670   |           
216    | 2.8689     | 0.4325     | 1.2334       | 1.2030       | 0.9771     | 0.5355       | 0.8887   | 0.4555  , 0.5445   |           
217    | 2.8531     | 0.4082     | 1.2384       | 1.2065       | 0.9771     | 0.5495       | 0.9560   | 0.4583  , 0.5417   |           
218    | 2.8385     | 0.3900     | 1.2354       | 1.2130       | 0.9781     | 0.5102       | 0.9972   | 0.4755  , 0.5245   |           
219    | 2.8261     | 0.4081     | 1.2183       | 1.1998       | 0.9792     | 0.5418       | 0.9270   | 0.4383  , 0.5617   |           
220    | 2.8686     | 0.4215     | 1.2344       | 1.2127       | 0.9771     | 0.4831       | 0.9346   | 0.4405  , 0.5595   | (ADV 0.74)
221    | 2.8905     | 0.4395     | 1.2385       | 1.2125       | 0.9802     | 0.5054       | 0.9826   | 0.4493  , 0.5507   |           
222    | 2.8072     | 0.3578     | 1.2511       | 1.1983       | 0.9740     | 0.4770       | 1.0267   | 0.4658  , 0.5342   |           
223    | 2.8289     | 0.3753     | 1.2499       | 1.2037       | 0.9750     | 0.4988       | 0.9194   | 0.4056  , 0.5944   |           
224    | 2.8835     | 0.4184     | 1.2477       | 1.2174       | 0.9792     | 0.5138       | 0.9235   | 0.4432  , 0.5568   |           
225    | 2.8481     | 0.3974     | 1.2445       | 1.2062       | 0.9792     | 0.4886       | 0.9637   | 0.4365  , 0.5635   |           
226    | 2.8675     | 0.3857     | 1.2547       | 1.2271       | 0.9750     | 0.5204       | 0.9333   | 0.4360  , 0.5640   |           
227    | 2.8994     | 0.4245     | 1.2575       | 1.2174       | 0.9760     | 0.5160       | 0.9291   | 0.4361  , 0.5639   |           
228    | 2.8266     | 0.3941     | 1.2352       | 1.1973       | 0.9760     | 0.5254       | 0.8938   | 0.4122  , 0.5878   |           
229    | 2.8943     | 0.4077     | 1.2583       | 1.2283       | 0.9719     | 0.5378       | 0.9455   | 0.4520  , 0.5480   |           
230    | 2.8897     | 0.4061     | 1.2705       | 1.2131       | 0.9771     | 0.4844       | 0.8896   | 0.4103  , 0.5897   |           
231    | 2.8552     | 0.3915     | 1.2448       | 1.2190       | 0.9740     | 0.4844       | 0.9289   | 0.3963  , 0.6037   |           
232    | 2.8449     | 0.3801     | 1.2458       | 1.2189       | 0.9792     | 0.4876       | 0.9486   | 0.4298  , 0.5702   |           
233    | 2.8363     | 0.3857     | 1.2324       | 1.2181       | 0.9792     | 0.5152       | 0.9848   | 0.4469  , 0.5531   |           
234    | 2.8581     | 0.3804     | 1.2451       | 1.2326       | 0.9792     | 0.4679       | 0.9510   | 0.4364  , 0.5636   | (ADV 0.75)
235    | 2.8368     | 0.3809     | 1.2338       | 1.2222       | 0.9812     | 0.4904       | 0.9218   | 0.4406  , 0.5594   |           
236    | 2.8597     | 0.3983     | 1.2334       | 1.2280       | 0.9771     | 0.5134       | 0.9866   | 0.4562  , 0.5438   |           
237    | 2.8633     | 0.3873     | 1.2495       | 1.2264       | 0.9708     | 0.4836       | 0.9118   | 0.4665  , 0.5335   |           
238    | 2.8742     | 0.4162     | 1.2320       | 1.2260       | 0.9729     | 0.5297       | 0.9393   | 0.4504  , 0.5496   |           
239    | 2.9083     | 0.4106     | 1.2710       | 1.2268       | 0.9802     | 0.5097       | 0.9837   | 0.4450  , 0.5550   |           
240    | 2.9156     | 0.4196     | 1.2760       | 1.2200       | 0.9802     | 0.5266       | 0.8887   | 0.4430  , 0.5570   |           
241    | 2.8728     | 0.3915     | 1.2549       | 1.2264       | 0.9750     | 0.5203       | 0.9325   | 0.4535  , 0.5465   |           
242    | 2.8856     | 0.4096     | 1.2500       | 1.2260       | 0.9781     | 0.4610       | 0.9041   | 0.4335  , 0.5665   | (ADV 0.75)
243    | 2.8968     | 0.3982     | 1.2726       | 1.2260       | 0.9812     | 0.5059       | 0.9754   | 0.4331  , 0.5669   |           
244    | 2.8593     | 0.3805     | 1.2547       | 1.2241       | 0.9823     | 0.5181       | 0.9585   | 0.4217  , 0.5783   |           
245    | 2.8578     | 0.3701     | 1.2643       | 1.2234       | 0.9823     | 0.5440       | 0.9600   | 0.4417  , 0.5583   |           
246    | 2.8571     | 0.3685     | 1.2763       | 1.2123       | 0.9760     | 0.5077       | 0.9550   | 0.4578  , 0.5422   |           
247    | 2.9231     | 0.4211     | 1.2704       | 1.2316       | 0.9771     | 0.4728       | 0.9069   | 0.4211  , 0.5789   |           
248    | 2.8771     | 0.3954     | 1.2792       | 1.2024       | 0.9792     | 0.4858       | 0.9898   | 0.4551  , 0.5449   |           
249    | 2.9575     | 0.4621     | 1.2693       | 1.2261       | 0.9781     | 0.5073       | 0.9291   | 0.4569  , 0.5431   |           
250    | 2.8852     | 0.3951     | 1.2657       | 1.2243       | 0.9792     | 0.5031       | 0.9331   | 0.4679  , 0.5321   |           
251    | 2.9007     | 0.4047     | 1.2716       | 1.2244       | 0.9771     | 0.5039       | 0.8760   | 0.4472  , 0.5528   |           
252    | 2.8487     | 0.3787     | 1.2487       | 1.2213       | 0.9771     | 0.5309       | 0.8833   | 0.4517  , 0.5483   |           
253    | 2.8933     | 0.4193     | 1.2602       | 1.2138       | 0.9802     | 0.5065       | 0.9363   | 0.4538  , 0.5462   |           
254    | 2.8350     | 0.3698     | 1.2514       | 1.2138       | 0.9792     | 0.4771       | 0.9797   | 0.4337  , 0.5663   |           
255    | 2.8754     | 0.3830     | 1.2615       | 1.2310       | 0.9750     | 0.4949       | 0.9511   | 0.4310  , 0.5690   |           
256    | 2.8879     | 0.4137     | 1.2445       | 1.2296       | 0.9792     | 0.4574       | 0.9788   | 0.4536  , 0.5464   | (ADV 0.75)
257    | 2.9146     | 0.4142     | 1.2588       | 1.2415       | 0.9771     | 0.4693       | 0.9038   | 0.4470  , 0.5530   |           
258    | 2.8389     | 0.3694     | 1.2541       | 1.2154       | 0.9802     | 0.4662       | 1.0304   | 0.4762  , 0.5238   |           
259    | 2.8621     | 0.3873     | 1.2503       | 1.2244       | 0.9781     | 0.4855       | 1.0200   | 0.4673  , 0.5327   |           
260    | 2.8955     | 0.4144     | 1.2662       | 1.2148       | 0.9708     | 0.5219       | 0.9427   | 0.4631  , 0.5369   |           
261    | 2.8293     | 0.3564     | 1.2513       | 1.2216       | 0.9760     | 0.4556       | 0.9300   | 0.4484  , 0.5516   |           
262    | 2.9212     | 0.4229     | 1.2610       | 1.2373       | 0.9781     | 0.4966       | 0.9112   | 0.4640  , 0.5360   |           
263    | 2.9545     | 0.4524     | 1.2748       | 1.2273       | 0.9760     | 0.4611       | 0.9365   | 0.4556  , 0.5444   |           
264    | 2.8801     | 0.3791     | 1.2691       | 1.2319       | 0.9750     | 0.4953       | 0.9676   | 0.4744  , 0.5256   |           
265    | 2.9003     | 0.4106     | 1.2560       | 1.2337       | 0.9781     | 0.4702       | 0.8988   | 0.4671  , 0.5329   |           
266    | 2.8559     | 0.3790     | 1.2511       | 1.2257       | 0.9771     | 0.4665       | 0.8973   | 0.4494  , 0.5506   |           
267    | 2.8899     | 0.3989     | 1.2625       | 1.2286       | 0.9771     | 0.4710       | 0.8495   | 0.4588  , 0.5412   |           
268    | 2.8559     | 0.3649     | 1.2598       | 1.2312       | 0.9792     | 0.4669       | 0.9133   | 0.4322  , 0.5678   |           
269    | 2.8671     | 0.3720     | 1.2663       | 1.2289       | 0.9760     | 0.4233       | 0.8715   | 0.4692  , 0.5308   | (ADV 0.76)
270    | 2.9096     | 0.4066     | 1.2636       | 1.2393       | 0.9844     | 0.4251       | 0.9514   | 0.4696  , 0.5304   | (ADV 0.77)
271    | 2.8730     | 0.3811     | 1.2556       | 1.2363       | 0.9792     | 0.4998       | 0.9414   | 0.4544  , 0.5456   |           
272    | 2.9144     | 0.4119     | 1.2676       | 1.2349       | 0.9792     | 0.4594       | 0.8882   | 0.4760  , 0.5240   |           
273    | 2.9042     | 0.3782     | 1.2710       | 1.2550       | 0.9781     | 0.4714       | 0.9280   | 0.4741  , 0.5259   |           
274    | 2.8508     | 0.3584     | 1.2624       | 1.2299       | 0.9750     | 0.4442       | 0.9557   | 0.4656  , 0.5344   |           
275    | 2.8798     | 0.3852     | 1.2604       | 1.2343       | 0.9760     | 0.4857       | 0.9933   | 0.4630  , 0.5370   |           
276    | 2.8589     | 0.3679     | 1.2570       | 1.2340       | 0.9740     | 0.4642       | 0.9917   | 0.4602  , 0.5398   |           
277    | 2.8684     | 0.3716     | 1.2660       | 1.2309       | 0.9781     | 0.4709       | 0.9333   | 0.4651  , 0.5349   |           
278    | 2.8345     | 0.3371     | 1.2659       | 1.2315       | 0.9771     | 0.4538       | 0.8959   | 0.4644  , 0.5356   |           
279    | 2.9102     | 0.3962     | 1.2779       | 1.2361       | 0.9771     | 0.4826       | 0.9292   | 0.4750  , 0.5250   |           
280    | 2.9106     | 0.3884     | 1.2962       | 1.2260       | 0.9792     | 0.5081       | 0.9177   | 0.4677  , 0.5323   |           
281    | 2.8945     | 0.3801     | 1.2871       | 1.2272       | 0.9792     | 0.4906       | 0.9187   | 0.4519  , 0.5481   |           
282    | 2.9200     | 0.4008     | 1.2819       | 1.2372       | 0.9781     | 0.4556       | 0.8745   | 0.4554  , 0.5446   |           
283    | 2.8619     | 0.3561     | 1.2629       | 1.2429       | 0.9792     | 0.4695       | 0.9249   | 0.4456  , 0.5544   |           
284    | 2.8976     | 0.3892     | 1.2773       | 1.2310       | 0.9729     | 0.4861       | 0.9236   | 0.4468  , 0.5532   |           
285    | 2.9144     | 0.3932     | 1.2781       | 1.2432       | 0.9771     | 0.4263       | 0.8851   | 0.4299  , 0.5701   |           
286    | 2.9101     | 0.4058     | 1.2784       | 1.2258       | 0.9760     | 0.5118       | 0.9310   | 0.4688  , 0.5312   |           
287    | 2.8584     | 0.3694     | 1.2580       | 1.2311       | 0.9708     | 0.4678       | 0.9998   | 0.4606  , 0.5394   |           
288    | 2.8767     | 0.3930     | 1.2564       | 1.2273       | 0.9812     | 0.4705       | 0.8649   | 0.4628  , 0.5372   |           
289    | 2.9201     | 0.4145     | 1.2642       | 1.2414       | 0.9792     | 0.4795       | 0.9196   | 0.4461  , 0.5539   |           
290    | 2.8654     | 0.3797     | 1.2639       | 1.2218       | 0.9740     | 0.4981       | 0.9823   | 0.4937  , 0.5063   |           
291    | 2.8512     | 0.3561     | 1.2568       | 1.2383       | 0.9792     | 0.5292       | 0.9795   | 0.4489  , 0.5511   |           
292    | 2.8628     | 0.3643     | 1.2635       | 1.2350       | 0.9740     | 0.4525       | 0.9969   | 0.4662  , 0.5338   |           
293    | 2.8201     | 0.3216     | 1.2675       | 1.2310       | 0.9812     | 0.4446       | 0.9275   | 0.4601  , 0.5399   |           
294    | 2.8649     | 0.3612     | 1.2633       | 1.2404       | 0.9792     | 0.4581       | 0.9221   | 0.4733  , 0.5267   |           
295    | 2.8769     | 0.3676     | 1.2565       | 1.2528       | 0.9792     | 0.4809       | 0.9048   | 0.4795  , 0.5205   |           
296    | 2.8900     | 0.3949     | 1.2607       | 1.2343       | 0.9812     | 0.4415       | 0.9375   | 0.4611  , 0.5389   |           
297    | 2.8540     | 0.3580     | 1.2612       | 1.2349       | 0.9802     | 0.4608       | 0.9468   | 0.4727  , 0.5273   |           
298    | 2.8772     | 0.3579     | 1.2692       | 1.2501       | 0.9771     | 0.4486       | 0.9536   | 0.4628  , 0.5372   |           
299    | 2.9239     | 0.3891     | 1.2790       | 1.2557       | 0.9771     | 0.4392       | 0.9115   | 0.4859  , 0.5141   |           
300    | 2.8597     | 0.3503     | 1.2610       | 1.2484       | 0.9781     | 0.4450       | 0.9694   | 0.4723  , 0.5277   |           
301    | 2.9140     | 0.4062     | 1.2675       | 1.2404       | 0.9833     | 0.4518       | 0.9712   | 0.4701  , 0.5299   |           
302    | 2.8857     | 0.3695     | 1.2675       | 1.2487       | 0.9708     | 0.4493       | 0.8894   | 0.4630  , 0.5370   |           
303    | 2.9409     | 0.4155     | 1.2725       | 1.2529       | 0.9698     | 0.5091       | 0.9758   | 0.4878  , 0.5122   |           
304    | 2.9035     | 0.3819     | 1.2738       | 1.2478       | 0.9812     | 0.4974       | 0.9750   | 0.4861  , 0.5139   |           
305    | 2.9378     | 0.4230     | 1.2714       | 1.2434       | 0.9781     | 0.4451       | 0.9212   | 0.4849  , 0.5151   |           
306    | 2.8870     | 0.3730     | 1.2647       | 1.2492       | 0.9802     | 0.4772       | 0.9492   | 0.4837  , 0.5163   |           
307    | 2.8575     | 0.3487     | 1.2587       | 1.2502       | 0.9771     | 0.4855       | 0.9801   | 0.4789  , 0.5211   |           
308    | 2.8954     | 0.3756     | 1.2785       | 1.2413       | 0.9792     | 0.4973       | 1.0142   | 0.4895  , 0.5105   |           
309    | 2.8976     | 0.3768     | 1.2786       | 1.2423       | 0.9771     | 0.4458       | 0.9570   | 0.4635  , 0.5365   |           
310    | 2.8920     | 0.3793     | 1.2718       | 1.2409       | 0.9750     | 0.4814       | 0.8914   | 0.4717  , 0.5283   |           
311    | 2.9037     | 0.3891     | 1.2612       | 1.2534       | 0.9760     | 0.4804       | 0.9222   | 0.4657  , 0.5343   |           
312    | 2.8967     | 0.3884     | 1.2700       | 1.2383       | 0.9771     | 0.4777       | 0.9489   | 0.4820  , 0.5180   |           
313    | 2.8988     | 0.3911     | 1.2683       | 1.2395       | 0.9802     | 0.4734       | 1.0329   | 0.5070  , 0.4930   |           
314    | 2.8662     | 0.3667     | 1.2655       | 1.2340       | 0.9802     | 0.4314       | 0.9972   | 0.4680  , 0.5320   |           
315    | 2.9253     | 0.3968     | 1.2792       | 1.2493       | 0.9729     | 0.4350       | 0.9925   | 0.4823  , 0.5177   |           
316    | 2.8438     | 0.3470     | 1.2629       | 1.2339       | 0.9740     | 0.4859       | 0.9732   | 0.4854  , 0.5146   |           
317    | 2.8678     | 0.3341     | 1.2731       | 1.2606       | 0.9802     | 0.4389       | 0.9626   | 0.4709  , 0.5291   |           
318    | 2.9553     | 0.4071     | 1.2812       | 1.2670       | 0.9771     | 0.4769       | 0.9609   | 0.4720  , 0.5280   |           
319    | 2.8721     | 0.3409     | 1.2821       | 1.2492       | 0.9792     | 0.4858       | 0.9621   | 0.4622  , 0.5378   |           
320    | 2.8775     | 0.3502     | 1.2803       | 1.2469       | 0.9740     | 0.4578       | 0.8916   | 0.4530  , 0.5470   |           
321    | 2.8912     | 0.3438     | 1.2834       | 1.2639       | 0.9740     | 0.4516       | 0.9737   | 0.4436  , 0.5564   |           
322    | 2.9306     | 0.3970     | 1.2659       | 1.2677       | 0.9771     | 0.4667       | 0.9652   | 0.4517  , 0.5483   |           
323    | 2.9363     | 0.3865     | 1.2820       | 1.2678       | 0.9844     | 0.4580       | 1.0133   | 0.4454  , 0.5546   |           
324    | 2.9511     | 0.4173     | 1.2730       | 1.2608       | 0.9792     | 0.4418       | 0.9558   | 0.4528  , 0.5472   |           
325    | 2.8686     | 0.3463     | 1.2675       | 1.2547       | 0.9781     | 0.4401       | 0.8989   | 0.4539  , 0.5461   |           
326    | 2.9075     | 0.3665     | 1.2834       | 1.2577       | 0.9781     | 0.4548       | 0.9267   | 0.4652  , 0.5348   |           
327    | 2.9324     | 0.3953     | 1.2873       | 1.2498       | 0.9833     | 0.4680       | 0.9433   | 0.4715  , 0.5285   |           
328    | 2.9191     | 0.3861     | 1.2738       | 1.2592       | 0.9708     | 0.4450       | 0.9808   | 0.4694  , 0.5306   |           
329    | 2.9053     | 0.3767     | 1.2748       | 1.2538       | 0.9760     | 0.4349       | 0.9136   | 0.4544  , 0.5456   |           
330    | 2.9135     | 0.3541     | 1.2796       | 1.2798       | 0.9792     | 0.4449       | 0.9139   | 0.4757  , 0.5243   |           
331    | 2.9340     | 0.3827     | 1.2848       | 1.2665       | 0.9740     | 0.5100       | 0.9699   | 0.4850  , 0.5150   |           
332    | 2.9073     | 0.3587     | 1.2810       | 1.2676       | 0.9802     | 0.4865       | 0.9704   | 0.4743  , 0.5257   |           
333    | 2.8949     | 0.3640     | 1.2792       | 1.2517       | 0.9781     | 0.4257       | 0.9119   | 0.4473  , 0.5527   |           
334    | 2.9127     | 0.3757     | 1.2737       | 1.2633       | 0.9792     | 0.4371       | 0.9240   | 0.4546  , 0.5454   |           
335    | 2.8764     | 0.3457     | 1.2717       | 1.2590       | 0.9802     | 0.4515       | 0.9304   | 0.4822  , 0.5178   |           
336    | 2.8776     | 0.3519     | 1.2736       | 1.2521       | 0.9750     | 0.4503       | 0.9111   | 0.4775  , 0.5225   |           
337    | 2.9114     | 0.3742     | 1.2786       | 1.2586       | 0.9740     | 0.4719       | 0.9373   | 0.4883  , 0.5117   |           
338    | 2.9019     | 0.3679     | 1.2822       | 1.2518       | 0.9771     | 0.4597       | 0.9792   | 0.4718  , 0.5282   |           
339    | 2.8741     | 0.3435     | 1.2778       | 1.2528       | 0.9719     | 0.4619       | 0.9925   | 0.4751  , 0.5249   |           
340    | 2.8826     | 0.3590     | 1.2745       | 1.2491       | 0.9771     | 0.4507       | 0.9587   | 0.4750  , 0.5250   |           
341    | 2.9221     | 0.3933     | 1.2806       | 1.2482       | 0.9771     | 0.4827       | 0.9591   | 0.4733  , 0.5267   |           
342    | 2.9019     | 0.3732     | 1.2702       | 1.2585       | 0.9802     | 0.4644       | 0.9858   | 0.4700  , 0.5300   |           
343    | 2.8641     | 0.3402     | 1.2749       | 1.2490       | 0.9792     | 0.4513       | 0.8815   | 0.4731  , 0.5269   |           
344    | 2.9064     | 0.3687     | 1.2821       | 1.2556       | 0.9781     | 0.4033       | 0.9286   | 0.4593  , 0.5407   | (ADV 0.78)
345    | 2.8988     | 0.3637     | 1.2761       | 1.2590       | 0.9823     | 0.4582       | 0.9519   | 0.4847  , 0.5153   |           
346    | 2.8894     | 0.3563     | 1.2718       | 1.2613       | 0.9792     | 0.4668       | 0.8697   | 0.4878  , 0.5122   |           
347    | 2.9120     | 0.3626     | 1.2847       | 1.2648       | 0.9802     | 0.4505       | 0.9320   | 0.4947  , 0.5053   |           
348    | 2.9468     | 0.4038     | 1.2852       | 1.2578       | 0.9781     | 0.5001       | 0.9217   | 0.4875  , 0.5125   |           
349    | 2.8919     | 0.3716     | 1.2757       | 1.2445       | 0.9750     | 0.4782       | 0.9191   | 0.5059  , 0.4941   |           
350    | 2.9107     | 0.3658     | 1.2895       | 1.2554       | 0.9760     | 0.4718       | 0.9708   | 0.5087  , 0.4913   |           
351    | 2.9157     | 0.3785     | 1.2938       | 1.2434       | 0.9760     | 0.4980       | 0.9531   | 0.4894  , 0.5106   |           
352    | 2.9057     | 0.3791     | 1.2866       | 1.2399       | 0.9781     | 0.4445       | 0.8883   | 0.4865  , 0.5135   |           
353    | 2.8796     | 0.3420     | 1.2793       | 1.2583       | 0.9760     | 0.4659       | 0.9048   | 0.4897  , 0.5103   |           
354    | 2.8855     | 0.3485     | 1.2880       | 1.2490       | 0.9792     | 0.4694       | 0.9732   | 0.4970  , 0.5030   |           
355    | 2.8773     | 0.3474     | 1.2797       | 1.2502       | 0.9812     | 0.4579       | 0.9289   | 0.5009  , 0.4991   |           
356    | 2.8814     | 0.3477     | 1.2793       | 1.2544       | 0.9740     | 0.4900       | 0.9050   | 0.4909  , 0.5091   |           
357    | 2.9501     | 0.3996     | 1.2913       | 1.2591       | 0.9750     | 0.4895       | 0.9500   | 0.4895  , 0.5105   |           
358    | 2.8912     | 0.3521     | 1.2891       | 1.2500       | 0.9760     | 0.4838       | 0.9373   | 0.4835  , 0.5165   |           
359    | 2.9099     | 0.3690     | 1.2851       | 1.2558       | 0.9698     | 0.5210       | 0.9681   | 0.5004  , 0.4996   |           
360    | 2.9035     | 0.3597     | 1.2791       | 1.2647       | 0.9771     | 0.4952       | 0.9614   | 0.4829  , 0.5171   |           
361    | 2.9176     | 0.3710     | 1.2884       | 1.2581       | 0.9781     | 0.4732       | 0.9901   | 0.4787  , 0.5213   |           
362    | 2.9137     | 0.3637     | 1.2788       | 1.2712       | 0.9823     | 0.5042       | 0.9352   | 0.4763  , 0.5237   |           
363    | 2.9017     | 0.3675     | 1.2818       | 1.2524       | 0.9771     | 0.5031       | 1.0249   | 0.4789  , 0.5211   |           
364    | 2.9267     | 0.3806     | 1.2820       | 1.2641       | 0.9729     | 0.4981       | 0.9501   | 0.4710  , 0.5290   |           
365    | 2.8792     | 0.3539     | 1.2749       | 1.2505       | 0.9812     | 0.4665       | 0.9425   | 0.4686  , 0.5314   |           
366    | 2.9253     | 0.3858     | 1.2806       | 1.2589       | 0.9740     | 0.4501       | 0.9589   | 0.4872  , 0.5128   |           
367    | 2.9003     | 0.3586     | 1.2826       | 1.2591       | 0.9750     | 0.4847       | 1.0002   | 0.4928  , 0.5072   |           
368    | 2.8687     | 0.3384     | 1.2767       | 1.2536       | 0.9812     | 0.4673       | 0.9634   | 0.4874  , 0.5126   |           
369    | 2.8957     | 0.3607     | 1.2774       | 1.2576       | 0.9792     | 0.4415       | 0.9428   | 0.4727  , 0.5273   |           
370    | 2.8803     | 0.3250     | 1.2932       | 1.2620       | 0.9802     | 0.4225       | 0.9174   | 0.4592  , 0.5408   |           
371    | 2.9010     | 0.3590     | 1.2909       | 1.2511       | 0.9771     | 0.4008       | 0.9506   | 0.4887  , 0.5113   | (ADV 0.78)
372    | 2.8466     | 0.3138     | 1.2850       | 1.2478       | 0.9771     | 0.3748       | 0.9161   | 0.4759  , 0.5241   | (ADV 0.79)
373    | 2.9239     | 0.3654     | 1.2974       | 1.2612       | 0.9833     | 0.4058       | 0.9591   | 0.4559  , 0.5441   |           
374    | 2.8804     | 0.3343     | 1.2919       | 1.2541       | 0.9760     | 0.4125       | 0.9160   | 0.4555  , 0.5445   |           
375    | 2.8842     | 0.3332     | 1.2862       | 1.2648       | 0.9781     | 0.4454       | 0.9532   | 0.4923  , 0.5077   |           
376    | 2.8771     | 0.3432     | 1.2811       | 1.2529       | 0.9781     | 0.4396       | 0.9654   | 0.4625  , 0.5375   |           
377    | 2.8590     | 0.3236     | 1.2905       | 1.2449       | 0.9771     | 0.4535       | 0.9099   | 0.4788  , 0.5212   |           
378    | 2.8462     | 0.3073     | 1.2877       | 1.2512       | 0.9750     | 0.4127       | 0.9362   | 0.4751  , 0.5249   |           
379    | 2.9062     | 0.3574     | 1.2884       | 1.2603       | 0.9802     | 0.4503       | 0.9862   | 0.4842  , 0.5158   |           
380    | 2.8630     | 0.3299     | 1.2787       | 1.2543       | 0.9833     | 0.4200       | 0.9632   | 0.5123  , 0.4877   |           
381    | 2.9106     | 0.3562     | 1.2928       | 1.2616       | 0.9823     | 0.4400       | 0.9476   | 0.4860  , 0.5140   |           
382    | 2.8747     | 0.3256     | 1.2982       | 1.2509       | 0.9844     | 0.4548       | 0.9828   | 0.5216  , 0.4784   |           
383    | 2.8927     | 0.3443     | 1.2916       | 1.2569       | 0.9792     | 0.4059       | 0.8869   | 0.5076  , 0.4924   |           
384    | 2.9118     | 0.3583     | 1.2908       | 1.2627       | 0.9802     | 0.4609       | 0.9013   | 0.5087  , 0.4913   |           
385    | 2.8897     | 0.3353     | 1.2952       | 1.2592       | 0.9802     | 0.4959       | 0.9189   | 0.5391  , 0.4609   |           
386    | 2.8832     | 0.3267     | 1.3038       | 1.2527       | 0.9833     | 0.4210       | 0.9113   | 0.5057  , 0.4943   |           
387    | 2.9061     | 0.3371     | 1.2961       | 1.2729       | 0.9781     | 0.4586       | 0.9528   | 0.5165  , 0.4835   |           
388    | 2.9099     | 0.3524     | 1.3060       | 1.2515       | 0.9750     | 0.4243       | 0.8616   | 0.5197  , 0.4803   |           
389    | 2.8873     | 0.3243     | 1.3052       | 1.2577       | 0.9802     | 0.4318       | 0.9486   | 0.4936  , 0.5064   |           
390    | 2.8925     | 0.3341     | 1.3010       | 1.2574       | 0.9750     | 0.4385       | 0.9428   | 0.5059  , 0.4941   |           
391    | 2.9414     | 0.3849     | 1.3048       | 1.2517       | 0.9792     | 0.4247       | 0.8563   | 0.5079  , 0.4921   |           
392    | 2.9401     | 0.3720     | 1.3062       | 1.2618       | 0.9844     | 0.4689       | 0.8818   | 0.5069  , 0.4931   |           
393    | 2.9198     | 0.3631     | 1.2962       | 1.2605       | 0.9750     | 0.4808       | 0.9442   | 0.5076  , 0.4924   |           
394    | 2.8937     | 0.3426     | 1.2928       | 1.2583       | 0.9792     | 0.4671       | 0.9221   | 0.4743  , 0.5257   |           
395    | 2.9058     | 0.3601     | 1.2822       | 1.2634       | 0.9792     | 0.4341       | 0.9552   | 0.4788  , 0.5212   |           
396    | 2.9508     | 0.3969     | 1.2931       | 1.2608       | 0.9781     | 0.4515       | 0.9529   | 0.4982  , 0.5018   |           
397    | 2.8710     | 0.3269     | 1.2953       | 1.2488       | 0.9750     | 0.4078       | 0.8935   | 0.4974  , 0.5026   |           
398    | 2.8763     | 0.3459     | 1.2885       | 1.2419       | 0.9823     | 0.3753       | 0.8541   | 0.5025  , 0.4975   | (ADV 0.79)
399    | 2.8683     | 0.3316     | 1.2895       | 1.2472       | 0.9823     | 0.4157       | 0.9135   | 0.5064  , 0.4936   |           
400    | 2.8716     | 0.3365     | 1.2948       | 1.2402       | 0.9771     | 0.4426       | 0.9106   | 0.5087  , 0.4913   |           
Seed 123456 | Src Acc: 98.2653 | Src MDE: 0.0237 | Tgt Acc: 40.9184 | Tgt MDE: 0.8541
Finished Combo FusionCDAN_2_3_4. Results saved.
