/home/mcslab/yutung/MCSLAB_RSSI_RTT_Dataset/FusionCDAN/fusion_cdan_v2_noRSSIDiff.py:201: FutureWarning: DataFrameGroupBy.apply operated on the grouping columns. This behavior is deprecated, and in a future version of pandas the grouping columns will be excluded from the operation. Either pass `include_groups=False` to exclude the groupings or explicitly select the grouping columns after groupby to silence this warning.
  df = df.groupby('Label').apply(
/home/mcslab/yutung/MCSLAB_RSSI_RTT_Dataset/FusionCDAN/fusion_cdan_v2_noRSSIDiff.py:201: FutureWarning: DataFrameGroupBy.apply operated on the grouping columns. This behavior is deprecated, and in a future version of pandas the grouping columns will be excluded from the operation. Either pass `include_groups=False` to exclude the groupings or explicitly select the grouping columns after groupby to silence this warning.
  df = df.groupby('Label').apply(
==========================================
Current Experiment: RTT Combination: ['Dist_mm_1', 'Dist_mm_2', 'Dist_mm_4']
RTT Input Dimension: 3
==========================================
Start Training Seed 42...

Start CDAN+E Training... (Entropy Conditioning Enabled)
Epoch  | Total Loss | Tr Cls     | Tr Dom RSSI  | Tr Dom RTT   | Val Cls    | Val RSSI Dls | Val RTT Dls  | Test MDE
------------------------------------------------------------------------------------------------------------------------
1      | 6.1727     | 3.4002     | 1.3863       | 1.3862       | 2.7939     | 1.3871       | 1.3856       | 1.5179   |           
2      | 5.4199     | 2.6498     | 1.3859       | 1.3842       | 2.2979     | 1.3874       | 1.3825       | 1.1414   |           
3      | 4.9805     | 2.2153     | 1.3843       | 1.3810       | 1.8338     | 1.3859       | 1.3785       | 0.9074   |           
4      | 4.6407     | 1.8827     | 1.3815       | 1.3764       | 1.5104     | 1.3815       | 1.3720       | 0.9130   |           
5      | 4.3936     | 1.6483     | 1.3755       | 1.3698       | 1.2096     | 1.3743       | 1.3647       | 0.9120   |           
6      | 4.1403     | 1.4127     | 1.3653       | 1.3623       | 1.0756     | 1.3666       | 1.3565       | 0.9231   |           
7      | 3.9784     | 1.2779     | 1.3522       | 1.3483       | 0.7948     | 1.3475       | 1.3376       | 0.9548   |           
8      | 3.7968     | 1.1223     | 1.3381       | 1.3364       | 0.6848     | 1.3318       | 1.3206       | 0.9261   |           
9      | 3.6455     | 1.0015     | 1.3229       | 1.3210       | 0.5538     | 1.3096       | 1.2999       | 0.9061   |           
10     | 3.5334     | 0.9203     | 1.3073       | 1.3058       | 0.5078     | 1.2921       | 1.2792       | 0.9661   |           
11     | 3.4324     | 0.8527     | 1.2885       | 1.2912       | 0.4120     | 1.2644       | 1.2513       | 0.9309   | (ADV -0.12)
12     | 3.3277     | 0.7884     | 1.2689       | 1.2704       | 0.3394     | 1.2380       | 1.2237       | 0.9296   | (ADV -0.10)
13     | 3.2570     | 0.7505     | 1.2528       | 1.2537       | 0.2882     | 1.2144       | 1.2032       | 0.9509   | (ADV -0.09)
14     | 3.1255     | 0.6720     | 1.2277       | 1.2259       | 0.2432     | 1.1776       | 1.1638       | 0.9448   | (ADV -0.08)
15     | 3.0799     | 0.6535     | 1.2104       | 1.2160       | 0.2162     | 1.1559       | 1.1381       | 0.9110   | (ADV -0.08)
16     | 2.9918     | 0.6120     | 1.1888       | 1.1910       | 0.2211     | 1.1407       | 1.1135       | 0.9448   |           
17     | 2.9509     | 0.5940     | 1.1782       | 1.1787       | 0.2014     | 1.1114       | 1.0865       | 0.9431   |           
18     | 2.8912     | 0.5761     | 1.1561       | 1.1589       | 0.1718     | 1.0888       | 1.0663       | 0.8969   |           
19     | 2.8008     | 0.5276     | 1.1344       | 1.1388       | 0.1532     | 1.0577       | 1.0353       | 0.9209   |           
20     | 2.7773     | 0.5393     | 1.1178       | 1.1202       | 0.1555     | 1.0337       | 1.0177       | 0.9084   |           
21     | 2.7155     | 0.4987     | 1.1027       | 1.1141       | 0.1363     | 1.0307       | 1.0070       | 0.8848   |           
22     | 2.6737     | 0.4868     | 1.0862       | 1.1007       | 0.1223     | 0.9928       | 0.9790       | 0.9137   |           
23     | 2.6562     | 0.4795     | 1.0824       | 1.0943       | 0.1107     | 0.9784       | 0.9636       | 0.9021   |           
24     | 2.6341     | 0.4814     | 1.0702       | 1.0825       | 0.1103     | 0.9494       | 0.9296       | 0.9254   |           
25     | 2.5671     | 0.4426     | 1.0490       | 1.0755       | 0.0996     | 0.9397       | 0.9309       | 0.9305   |           
26     | 2.5103     | 0.4197     | 1.0331       | 1.0576       | 0.0944     | 0.9294       | 0.9168       | 0.8837   |           
27     | 2.5096     | 0.4313     | 1.0297       | 1.0486       | 0.0877     | 0.9155       | 0.9056       | 0.9237   |           
28     | 2.4695     | 0.4144     | 1.0128       | 1.0423       | 0.0990     | 0.9107       | 0.8972       | 0.9007   |           
29     | 2.4600     | 0.4064     | 1.0070       | 1.0466       | 0.0788     | 0.8881       | 0.8897       | 0.8893   |           
30     | 2.4254     | 0.3974     | 0.9982       | 1.0298       | 0.0814     | 0.8748       | 0.8722       | 0.8859   |           
31     | 2.3807     | 0.3616     | 0.9949       | 1.0242       | 0.0728     | 0.8753       | 0.8724       | 0.9172   |           
32     | 2.4286     | 0.3816     | 1.0023       | 1.0447       | 0.0746     | 0.8493       | 0.8851       | 0.9149   |           
33     | 2.3979     | 0.3749     | 0.9927       | 1.0303       | 0.0771     | 0.8595       | 0.8566       | 0.9245   |           
34     | 2.3564     | 0.3488     | 0.9840       | 1.0236       | 0.0675     | 0.8653       | 0.8924       | 0.9098   |           
35     | 2.4130     | 0.3828     | 0.9910       | 1.0392       | 0.0737     | 0.8575       | 0.8509       | 0.9157   |           
36     | 2.4539     | 0.3910     | 1.0172       | 1.0456       | 0.0746     | 0.8688       | 0.8806       | 0.8586   |           
37     | 2.3802     | 0.3545     | 0.9895       | 1.0363       | 0.0735     | 0.8590       | 0.8679       | 0.8730   |           
38     | 2.4327     | 0.3677     | 1.0122       | 1.0527       | 0.0699     | 0.8675       | 0.8664       | 0.9162   |           
39     | 2.4479     | 0.3740     | 1.0121       | 1.0618       | 0.0725     | 0.8819       | 0.8955       | 0.8787   |           
40     | 2.4986     | 0.4109     | 1.0216       | 1.0661       | 0.0727     | 0.8694       | 0.8668       | 0.9129   |           
41     | 2.4612     | 0.3762     | 1.0234       | 1.0617       | 0.0749     | 0.9008       | 0.8792       | 0.8972   |           
42     | 2.4402     | 0.3503     | 1.0310       | 1.0590       | 0.0645     | 0.8901       | 0.8993       | 0.8935   |           
43     | 2.5407     | 0.3951     | 1.0636       | 1.0819       | 0.0645     | 0.9060       | 0.8896       | 0.8806   |           
44     | 2.4826     | 0.3467     | 1.0548       | 1.0811       | 0.0686     | 0.9094       | 0.8958       | 0.8937   |           
45     | 2.5220     | 0.3697     | 1.0592       | 1.0931       | 0.0582     | 0.8814       | 0.9061       | 0.9351   |           
46     | 2.5091     | 0.3616     | 1.0551       | 1.0924       | 0.0649     | 0.9129       | 0.9033       | 0.9349   | (ADV -0.08)
47     | 2.5415     | 0.3676     | 1.0772       | 1.0967       | 0.0644     | 0.9429       | 0.9405       | 0.8883   | (ADV -0.07)
48     | 2.5264     | 0.3616     | 1.0725       | 1.0923       | 0.0665     | 0.9360       | 0.9394       | 0.9344   |           
49     | 2.5510     | 0.3510     | 1.0834       | 1.1166       | 0.0690     | 0.9490       | 0.9625       | 0.9457   |           
50     | 2.5840     | 0.3905     | 1.0829       | 1.1106       | 0.0669     | 0.9325       | 0.9453       | 0.9356   |           
51     | 2.5891     | 0.3946     | 1.0818       | 1.1127       | 0.0725     | 0.9603       | 0.9635       | 0.9730   | (ADV -0.07)
52     | 2.5822     | 0.3795     | 1.0837       | 1.1189       | 0.0605     | 0.9538       | 0.9606       | 0.9682   | (ADV -0.07)
53     | 2.5690     | 0.3683     | 1.0812       | 1.1194       | 0.0540     | 0.9280       | 0.9675       | 1.0028   |           
54     | 2.5711     | 0.3562     | 1.0953       | 1.1196       | 0.0581     | 0.9375       | 0.9617       | 0.9427   |           
55     | 2.5463     | 0.3621     | 1.0823       | 1.1020       | 0.0565     | 0.9257       | 0.9581       | 0.9389   |           
56     | 2.5919     | 0.3659     | 1.1102       | 1.1159       | 0.0950     | 0.9564       | 0.9734       | 0.9455   |           
57     | 2.5764     | 0.3597     | 1.0889       | 1.1278       | 0.0648     | 0.9401       | 0.9519       | 0.9306   |           
58     | 2.6035     | 0.3648     | 1.1053       | 1.1334       | 0.0618     | 0.9536       | 0.9591       | 0.8930   |           
59     | 2.5959     | 0.3654     | 1.0981       | 1.1324       | 0.0649     | 0.9496       | 0.9648       | 0.9540   |           
60     | 2.6371     | 0.3823     | 1.1148       | 1.1399       | 0.0613     | 0.9548       | 0.9629       | 0.9248   |           
61     | 2.5882     | 0.3513     | 1.1100       | 1.1269       | 0.0599     | 0.9871       | 0.9620       | 0.9683   |           
62     | 2.6392     | 0.3780     | 1.1237       | 1.1375       | 0.0672     | 0.9743       | 0.9601       | 0.9365   |           
63     | 2.6504     | 0.3869     | 1.1190       | 1.1445       | 0.0549     | 0.9804       | 0.9665       | 0.9441   | (ADV -0.07)
64     | 2.5961     | 0.3567     | 1.1041       | 1.1352       | 0.0657     | 0.9988       | 0.9739       | 0.9657   |           
65     | 2.5874     | 0.3384     | 1.1122       | 1.1368       | 0.0525     | 0.9863       | 0.9723       | 0.9344   | (ADV -0.06)
66     | 2.6315     | 0.3662     | 1.1264       | 1.1388       | 0.0616     | 1.0132       | 0.9878       | 0.9718   |           
67     | 2.6755     | 0.3860     | 1.1325       | 1.1571       | 0.0498     | 0.9909       | 0.9645       | 0.9472   |           
68     | 2.5909     | 0.3360     | 1.1189       | 1.1359       | 0.0595     | 1.0188       | 0.9813       | 0.9088   |           
69     | 2.6487     | 0.3514     | 1.1360       | 1.1613       | 0.0519     | 1.0215       | 0.9579       | 0.8886   |           
70     | 2.6589     | 0.3865     | 1.1207       | 1.1518       | 0.0517     | 1.0183       | 0.9851       | 0.9345   |           
71     | 2.6212     | 0.3640     | 1.1211       | 1.1361       | 0.0565     | 1.0311       | 0.9999       | 0.9548   | (ADV -0.06)
72     | 2.6668     | 0.3777     | 1.1303       | 1.1588       | 0.0572     | 1.0296       | 0.9963       | 0.8740   |           
73     | 2.6814     | 0.3864     | 1.1403       | 1.1546       | 0.0625     | 1.0334       | 0.9847       | 0.9156   |           
74     | 2.6301     | 0.3663     | 1.1214       | 1.1425       | 0.0537     | 1.0279       | 0.9720       | 0.8601   |           
75     | 2.6208     | 0.3573     | 1.1301       | 1.1334       | 0.0600     | 1.0325       | 0.9638       | 0.8884   |           
76     | 2.6460     | 0.3671     | 1.1465       | 1.1325       | 0.0517     | 1.0550       | 0.9753       | 0.8769   |           
77     | 2.7039     | 0.3856     | 1.1691       | 1.1492       | 0.0687     | 1.0411       | 0.9655       | 0.8761   |           
78     | 2.6805     | 0.3789     | 1.1588       | 1.1428       | 0.0480     | 1.0121       | 0.9716       | 0.9131   |           
79     | 2.6890     | 0.3896     | 1.1511       | 1.1483       | 0.0625     | 1.0291       | 0.9920       | 0.8602   |           
80     | 2.6492     | 0.3511     | 1.1550       | 1.1431       | 0.0516     | 1.0475       | 0.9874       | 0.8455   |           
81     | 2.7188     | 0.3802     | 1.1649       | 1.1737       | 0.0511     | 1.0241       | 0.9892       | 0.8655   |           
82     | 2.6834     | 0.3660     | 1.1545       | 1.1629       | 0.0923     | 1.0381       | 1.0061       | 0.8968   |           
83     | 2.6658     | 0.3566     | 1.1561       | 1.1531       | 0.0530     | 1.0410       | 1.0083       | 0.9058   | (ADV -0.06)
84     | 2.6821     | 0.3718     | 1.1692       | 1.1411       | 0.0516     | 1.0864       | 1.0069       | 0.9143   |           
85     | 2.7031     | 0.3694     | 1.1684       | 1.1653       | 0.0686     | 1.0643       | 0.9926       | 0.8578   |           
86     | 2.7183     | 0.3849     | 1.1727       | 1.1607       | 0.0504     | 1.0431       | 1.0021       | 0.8961   |           
87     | 2.6860     | 0.3733     | 1.1561       | 1.1566       | 0.0512     | 1.0612       | 1.0133       | 0.9121   |           
88     | 2.6395     | 0.3442     | 1.1417       | 1.1536       | 0.0606     | 1.0611       | 1.0492       | 0.9017   | (ADV -0.05)
89     | 2.7285     | 0.3768     | 1.1628       | 1.1889       | 0.0454     | 1.0492       | 1.0273       | 0.8529   |           
90     | 2.7349     | 0.3847     | 1.1726       | 1.1776       | 0.0545     | 1.0532       | 1.0424       | 0.9313   | (ADV -0.05)
91     | 2.7042     | 0.3720     | 1.1493       | 1.1829       | 0.0494     | 1.0367       | 1.0394       | 0.8663   | (ADV -0.05)
92     | 2.6381     | 0.3268     | 1.1480       | 1.1632       | 0.0522     | 1.0501       | 1.0343       | 0.8783   |           
93     | 2.6763     | 0.3498     | 1.1433       | 1.1832       | 0.0473     | 1.0491       | 1.0408       | 0.9027   | (ADV -0.05)
94     | 2.7011     | 0.3733     | 1.1610       | 1.1668       | 0.0514     | 1.0433       | 1.0308       | 0.9471   |           
95     | 2.6716     | 0.3669     | 1.1493       | 1.1553       | 0.0512     | 1.0370       | 1.0136       | 0.7885   |           
96     | 2.6413     | 0.3490     | 1.1387       | 1.1537       | 0.0462     | 1.0418       | 1.0030       | 0.8442   |           
97     | 2.6354     | 0.3318     | 1.1532       | 1.1503       | 0.0454     | 1.0307       | 0.9998       | 0.9113   |           
98     | 2.6669     | 0.3605     | 1.1521       | 1.1542       | 0.0547     | 1.0593       | 1.0101       | 0.8436   |           
99     | 2.6796     | 0.3715     | 1.1545       | 1.1535       | 0.0524     | 1.0254       | 1.0016       | 0.8189   |           
100    | 2.6881     | 0.3562     | 1.1642       | 1.1676       | 0.0440     | 1.0343       | 1.0162       | 0.8994   |           
101    | 2.6126     | 0.3214     | 1.1500       | 1.1412       | 0.0477     | 1.0342       | 0.9978       | 0.8552   |           
102    | 2.6790     | 0.3643     | 1.1465       | 1.1682       | 0.0482     | 1.0362       | 1.0201       | 0.9336   |           
103    | 2.6266     | 0.3287     | 1.1465       | 1.1513       | 0.0446     | 1.0519       | 1.0185       | 0.9128   |           
104    | 2.6941     | 0.3685     | 1.1614       | 1.1643       | 0.0565     | 1.0385       | 1.0260       | 0.9247   |           
105    | 2.6536     | 0.3405     | 1.1520       | 1.1611       | 0.0475     | 1.0646       | 1.0124       | 0.8229   |           
106    | 2.6926     | 0.3729     | 1.1569       | 1.1627       | 0.0516     | 1.0427       | 1.0063       | 0.8310   |           
107    | 2.6797     | 0.3526     | 1.1580       | 1.1692       | 0.0571     | 1.0977       | 1.0168       | 0.8627   |           
108    | 2.6873     | 0.3501     | 1.1690       | 1.1682       | 0.0644     | 1.0815       | 1.0267       | 0.8910   |           
109    | 2.6723     | 0.3498     | 1.1586       | 1.1640       | 0.0519     | 1.0860       | 1.0014       | 0.7905   |           
110    | 2.6423     | 0.3253     | 1.1564       | 1.1606       | 0.0468     | 1.0727       | 1.0198       | 0.9267   |           
111    | 2.6697     | 0.3375     | 1.1695       | 1.1627       | 0.0509     | 1.1004       | 1.0187       | 0.8602   |           
112    | 2.7206     | 0.3606     | 1.1786       | 1.1814       | 0.0561     | 1.1155       | 1.0431       | 0.8285   |           
113    | 2.7147     | 0.3637     | 1.1789       | 1.1722       | 0.0583     | 1.0931       | 1.0260       | 0.8404   |           
114    | 2.7281     | 0.3818     | 1.1731       | 1.1731       | 0.0621     | 1.0854       | 1.0371       | 0.7962   |           
115    | 2.6743     | 0.3466     | 1.1718       | 1.1559       | 0.0503     | 1.0684       | 1.0060       | 0.8198   |           
116    | 2.6826     | 0.3347     | 1.1762       | 1.1717       | 0.0489     | 1.0771       | 1.0505       | 0.8446   |           
117    | 2.7201     | 0.3690     | 1.1731       | 1.1780       | 0.0470     | 1.0756       | 1.0499       | 0.7425   |           
118    | 2.7427     | 0.3856     | 1.1809       | 1.1762       | 0.0467     | 1.0740       | 1.0397       | 0.8279   |           
119    | 2.6912     | 0.3515     | 1.1708       | 1.1689       | 0.0442     | 1.0640       | 1.0422       | 0.7992   |           
120    | 2.7053     | 0.3444     | 1.1860       | 1.1748       | 0.0508     | 1.0897       | 1.0348       | 0.8072   |           
121    | 2.7512     | 0.3726     | 1.1935       | 1.1851       | 0.0700     | 1.1252       | 1.0775       | 0.8010   |           
122    | 2.7422     | 0.3705     | 1.1901       | 1.1817       | 0.0445     | 1.0642       | 1.0404       | 0.8748   |           
123    | 2.7056     | 0.3417     | 1.1900       | 1.1739       | 0.0499     | 1.0789       | 1.0499       | 0.8181   |           
124    | 2.7398     | 0.3648     | 1.1908       | 1.1841       | 0.0495     | 1.0511       | 1.0368       | 0.8536   |           
125    | 2.7242     | 0.3458     | 1.1869       | 1.1916       | 0.0671     | 1.0988       | 1.0464       | 0.8960   |           
126    | 2.7166     | 0.3621     | 1.1730       | 1.1815       | 0.0595     | 1.0808       | 1.0550       | 0.8567   |           
127    | 2.7239     | 0.3559     | 1.1864       | 1.1816       | 0.0578     | 1.1030       | 1.0762       | 0.8418   | (ADV -0.05)
128    | 2.7335     | 0.3545     | 1.1919       | 1.1871       | 0.0451     | 1.0792       | 1.0425       | 0.7875   |           
129    | 2.7346     | 0.3591     | 1.2064       | 1.1690       | 0.0667     | 1.0847       | 1.0614       | 0.8938   |           
130    | 2.7282     | 0.3507     | 1.1932       | 1.1843       | 0.0616     | 1.0980       | 1.0724       | 0.9597   |           
131    | 2.7047     | 0.3336     | 1.1989       | 1.1722       | 0.0526     | 1.1287       | 1.0757       | 0.9108   |           
132    | 2.6576     | 0.3130     | 1.1808       | 1.1638       | 0.0488     | 1.0849       | 1.0694       | 0.8698   | (ADV -0.04)
133    | 2.7183     | 0.3561     | 1.1813       | 1.1810       | 0.0469     | 1.0735       | 1.0652       | 0.8890   | (ADV -0.04)
134    | 2.7063     | 0.3391     | 1.1796       | 1.1877       | 0.0508     | 1.0805       | 1.0687       | 0.8994   |           
135    | 2.7207     | 0.3591     | 1.1741       | 1.1875       | 0.0602     | 1.0887       | 1.0739       | 0.9596   |           
136    | 2.7245     | 0.3398     | 1.1965       | 1.1883       | 0.0490     | 1.1225       | 1.0794       | 0.9810   |           
137    | 2.7340     | 0.3438     | 1.1973       | 1.1930       | 0.0512     | 1.0980       | 1.0650       | 0.9063   |           
138    | 2.7279     | 0.3466     | 1.1990       | 1.1824       | 0.0534     | 1.1100       | 1.0780       | 0.8722   |           
139    | 2.7167     | 0.3268     | 1.1963       | 1.1936       | 0.0614     | 1.1164       | 1.0615       | 0.9248   |           
140    | 2.7442     | 0.3425     | 1.2024       | 1.1993       | 0.0746     | 1.1341       | 1.0880       | 0.8630   |           
141    | 2.7664     | 0.3537     | 1.2110       | 1.2018       | 0.0564     | 1.1265       | 1.0578       | 0.7871   |           
142    | 2.7602     | 0.3470     | 1.2093       | 1.2039       | 0.0532     | 1.1405       | 1.0602       | 0.7545   |           
143    | 2.7763     | 0.3561     | 1.2223       | 1.1979       | 0.0467     | 1.1370       | 1.0597       | 0.8708   |           
144    | 2.7738     | 0.3536     | 1.2173       | 1.2030       | 0.0539     | 1.1537       | 1.0874       | 0.8114   |           
145    | 2.7653     | 0.3663     | 1.2019       | 1.1970       | 0.0490     | 1.1287       | 1.0883       | 0.8516   |           
146    | 2.7603     | 0.3480     | 1.2112       | 1.2011       | 0.0441     | 1.1279       | 1.0703       | 0.8673   |           
147    | 2.7409     | 0.3297     | 1.2093       | 1.2019       | 0.0505     | 1.1383       | 1.0875       | 0.8445   |           
148    | 2.7225     | 0.3140     | 1.2129       | 1.1956       | 0.0423     | 1.1400       | 1.0896       | 0.8931   |           
149    | 2.7429     | 0.3275     | 1.2104       | 1.2051       | 0.0471     | 1.1474       | 1.1027       | 0.8704   | (ADV -0.04)
150    | 2.7627     | 0.3279     | 1.2180       | 1.2168       | 0.0596     | 1.1648       | 1.1169       | 0.8462   |           
151    | 2.7909     | 0.3386     | 1.2301       | 1.2222       | 0.0428     | 1.1498       | 1.0975       | 0.8736   |           
152    | 2.7787     | 0.3304     | 1.2327       | 1.2156       | 0.0555     | 1.1468       | 1.1056       | 0.8788   |           
153    | 2.7814     | 0.3303     | 1.2286       | 1.2226       | 0.0547     | 1.1591       | 1.1182       | 0.8775   | (ADV -0.04)
154    | 2.7880     | 0.3257     | 1.2318       | 1.2304       | 0.0549     | 1.1657       | 1.1234       | 0.7843   | (ADV -0.04)
155    | 2.7778     | 0.3314     | 1.2310       | 1.2154       | 0.0416     | 1.1483       | 1.1165       | 0.8122   | (ADV -0.04)
156    | 2.8091     | 0.3366     | 1.2360       | 1.2365       | 0.0433     | 1.1761       | 1.1240       | 0.7670   |           
157    | 2.8048     | 0.3378     | 1.2444       | 1.2226       | 0.0650     | 1.1854       | 1.1373       | 0.7444   |           
158    | 2.7862     | 0.3244     | 1.2371       | 1.2247       | 0.0588     | 1.1792       | 1.1232       | 0.7827   |           
159    | 2.7964     | 0.3438     | 1.2384       | 1.2142       | 0.0420     | 1.1605       | 1.1012       | 0.8316   |           
160    | 2.7550     | 0.3156     | 1.2250       | 1.2145       | 0.0551     | 1.1692       | 1.1069       | 0.7974   |           
161    | 2.7495     | 0.3103     | 1.2336       | 1.2056       | 0.0429     | 1.1609       | 1.1104       | 0.7982   |           
162    | 2.7818     | 0.3266     | 1.2343       | 1.2209       | 0.0556     | 1.1724       | 1.1229       | 0.8278   |           
163    | 2.7750     | 0.3187     | 1.2416       | 1.2147       | 0.0501     | 1.1836       | 1.1262       | 0.8435   |           
164    | 2.7546     | 0.3090     | 1.2397       | 1.2059       | 0.0471     | 1.1768       | 1.1189       | 0.8366   |           
165    | 2.8190     | 0.3454     | 1.2546       | 1.2189       | 0.0408     | 1.1701       | 1.1120       | 0.8859   |           
166    | 2.7683     | 0.3077     | 1.2449       | 1.2157       | 0.0629     | 1.1837       | 1.1361       | 0.8666   |           
167    | 2.7360     | 0.2835     | 1.2385       | 1.2141       | 0.0583     | 1.1895       | 1.1494       | 0.8513   |           
168    | 2.7816     | 0.3130     | 1.2483       | 1.2203       | 0.0460     | 1.1902       | 1.1278       | 0.8240   |           
169    | 2.7668     | 0.3127     | 1.2340       | 1.2201       | 0.0573     | 1.1873       | 1.1338       | 0.8350   |           
170    | 2.7684     | 0.3080     | 1.2364       | 1.2240       | 0.0546     | 1.1773       | 1.1294       | 0.8431   |           
171    | 2.7780     | 0.3169     | 1.2328       | 1.2283       | 0.0433     | 1.1940       | 1.1404       | 0.8372   |           
172    | 2.7302     | 0.2756     | 1.2295       | 1.2251       | 0.0522     | 1.1925       | 1.1348       | 0.7824   |           
173    | 2.7750     | 0.3020     | 1.2407       | 1.2323       | 0.0459     | 1.2043       | 1.1316       | 0.7981   |           
174    | 2.7969     | 0.3246     | 1.2400       | 1.2322       | 0.0474     | 1.2050       | 1.1399       | 0.8426   |           
175    | 2.7748     | 0.3067     | 1.2401       | 1.2281       | 0.0665     | 1.2046       | 1.1500       | 0.8568   |           
176    | 2.7792     | 0.3010     | 1.2345       | 1.2438       | 0.0507     | 1.2148       | 1.1598       | 0.8106   | (ADV -0.03)
177    | 2.8059     | 0.3153     | 1.2489       | 1.2417       | 0.0405     | 1.2198       | 1.1658       | 0.8584   | (ADV -0.03)
178    | 2.8345     | 0.3300     | 1.2603       | 1.2443       | 0.0441     | 1.2154       | 1.1471       | 0.8502   |           
179    | 2.7953     | 0.3076     | 1.2509       | 1.2369       | 0.0450     | 1.2022       | 1.1466       | 0.8705   |           
180    | 2.8163     | 0.3084     | 1.2616       | 1.2463       | 0.0407     | 1.2309       | 1.1677       | 0.8908   |           
181    | 2.8259     | 0.3096     | 1.2633       | 1.2529       | 0.0454     | 1.2153       | 1.1848       | 0.8732   | (ADV -0.02)
182    | 2.7743     | 0.2751     | 1.2493       | 1.2499       | 0.0463     | 1.2287       | 1.1869       | 0.8080   |           
183    | 2.8115     | 0.3095     | 1.2525       | 1.2495       | 0.0416     | 1.2342       | 1.1829       | 0.8408   |           
184    | 2.8215     | 0.2980     | 1.2581       | 1.2653       | 0.0414     | 1.2313       | 1.1968       | 0.7773   | (ADV -0.02)
185    | 2.8079     | 0.2967     | 1.2571       | 1.2541       | 0.0509     | 1.2418       | 1.2009       | 0.8485   |           
186    | 2.7757     | 0.2686     | 1.2545       | 1.2526       | 0.0412     | 1.2493       | 1.2001       | 0.8122   |           
187    | 2.8196     | 0.2847     | 1.2664       | 1.2685       | 0.0531     | 1.2297       | 1.1925       | 0.8583   |           
188    | 2.8415     | 0.3078     | 1.2728       | 1.2610       | 0.0477     | 1.2595       | 1.1990       | 0.8182   |           
189    | 2.8220     | 0.2894     | 1.2709       | 1.2617       | 0.0574     | 1.2564       | 1.2134       | 0.8242   |           
190    | 2.8474     | 0.2982     | 1.2742       | 1.2750       | 0.0457     | 1.2587       | 1.2115       | 0.8163   |           
191    | 2.8403     | 0.2938     | 1.2833       | 1.2632       | 0.0439     | 1.2360       | 1.1990       | 0.8850   |           
192    | 2.8547     | 0.3102     | 1.2785       | 1.2660       | 0.0434     | 1.2387       | 1.1988       | 0.8871   |           
193    | 2.8580     | 0.3195     | 1.2733       | 1.2652       | 0.0448     | 1.2436       | 1.2034       | 0.8241   |           
194    | 2.7994     | 0.2634     | 1.2681       | 1.2679       | 0.0530     | 1.2400       | 1.2153       | 0.8734   | (ADV -0.02)
195    | 2.8249     | 0.2789     | 1.2773       | 1.2686       | 0.0438     | 1.2518       | 1.2297       | 0.8548   | (ADV -0.01)
196    | 2.8625     | 0.3140     | 1.2778       | 1.2707       | 0.0459     | 1.2434       | 1.2212       | 0.8508   |           
197    | 2.8627     | 0.3142     | 1.2757       | 1.2728       | 0.0414     | 1.2345       | 1.2197       | 0.8744   | (ADV -0.01)
198    | 2.8104     | 0.2722     | 1.2762       | 1.2620       | 0.0530     | 1.2413       | 1.2238       | 0.9207   |           
199    | 2.8363     | 0.2938     | 1.2764       | 1.2661       | 0.0533     | 1.2528       | 1.2202       | 0.8760   |           
200    | 2.8087     | 0.2603     | 1.2781       | 1.2702       | 0.0476     | 1.2530       | 1.2304       | 0.8896   |           
201    | 2.8341     | 0.2796     | 1.2829       | 1.2716       | 0.0362     | 1.2513       | 1.2202       | 0.8494   |           
202    | 2.8192     | 0.2641     | 1.2789       | 1.2762       | 0.0511     | 1.2623       | 1.2280       | 0.8291   |           
203    | 2.8394     | 0.2806     | 1.2812       | 1.2776       | 0.0482     | 1.2633       | 1.2307       | 0.8628   |           
204    | 2.8405     | 0.2744     | 1.2856       | 1.2806       | 0.0399     | 1.2675       | 1.2260       | 0.8446   |           
205    | 2.8220     | 0.2634     | 1.2825       | 1.2761       | 0.0371     | 1.2743       | 1.2339       | 0.8456   |           
206    | 2.8252     | 0.2528     | 1.2909       | 1.2815       | 0.0403     | 1.2719       | 1.2446       | 0.8079   | (ADV -0.01)
207    | 2.8446     | 0.2634     | 1.2893       | 1.2919       | 0.0693     | 1.2870       | 1.2560       | 0.8384   |           
208    | 2.8335     | 0.2463     | 1.2920       | 1.2952       | 0.0454     | 1.2733       | 1.2507       | 0.8876   | (ADV -0.01)
209    | 2.8533     | 0.2647     | 1.2987       | 1.2900       | 0.0428     | 1.2688       | 1.2534       | 0.8208   | (ADV -0.01)
210    | 2.8410     | 0.2476     | 1.2916       | 1.3018       | 0.0462     | 1.2641       | 1.2573       | 0.8109   | (ADV -0.00)
211    | 2.8662     | 0.2691     | 1.2965       | 1.3006       | 0.0467     | 1.2774       | 1.2519       | 0.8374   |           
212    | 2.8452     | 0.2551     | 1.2989       | 1.2912       | 0.0350     | 1.2695       | 1.2535       | 0.8576   | (ADV -0.00)
213    | 2.8503     | 0.2623     | 1.2915       | 1.2965       | 0.0415     | 1.2823       | 1.2635       | 0.8524   |           
214    | 2.8360     | 0.2426     | 1.2958       | 1.2976       | 0.0401     | 1.2775       | 1.2665       | 0.8517   | (ADV -0.00)
215    | 2.8258     | 0.2331     | 1.2968       | 1.2959       | 0.0420     | 1.2776       | 1.2616       | 0.8311   |           
216    | 2.8851     | 0.2832     | 1.3024       | 1.2996       | 0.0338     | 1.2821       | 1.2667       | 0.8115   | (ADV 0.00)
217    | 2.8662     | 0.2719     | 1.3006       | 1.2937       | 0.0446     | 1.2893       | 1.2710       | 0.8202   |           
218    | 2.8665     | 0.2700     | 1.2976       | 1.2989       | 0.0396     | 1.2891       | 1.2723       | 0.8353   |           
219    | 2.8491     | 0.2531     | 1.2993       | 1.2967       | 0.0391     | 1.2746       | 1.2737       | 0.9385   | (ADV 0.00)
220    | 2.8343     | 0.2367     | 1.3008       | 1.2968       | 0.0472     | 1.2818       | 1.2764       | 0.8491   |           
221    | 2.8496     | 0.2449     | 1.3013       | 1.3035       | 0.0338     | 1.2829       | 1.2829       | 0.8288   | (ADV 0.01)
222    | 2.8522     | 0.2460     | 1.3027       | 1.3035       | 0.0348     | 1.2861       | 1.2782       | 0.8306   |           
223    | 2.8604     | 0.2504     | 1.3036       | 1.3063       | 0.0408     | 1.2895       | 1.2810       | 0.8663   |           
224    | 2.8670     | 0.2567     | 1.3019       | 1.3085       | 0.0441     | 1.2843       | 1.2868       | 0.8526   |           
225    | 2.8183     | 0.2069     | 1.3063       | 1.3051       | 0.0489     | 1.2928       | 1.2849       | 0.8382   |           
226    | 2.8816     | 0.2617     | 1.3094       | 1.3105       | 0.0431     | 1.2799       | 1.2828       | 0.7815   |           
227    | 2.8782     | 0.2581     | 1.3090       | 1.3111       | 0.0447     | 1.2855       | 1.2909       | 0.8248   |           
228    | 2.8706     | 0.2491     | 1.3092       | 1.3123       | 0.0361     | 1.2845       | 1.2899       | 0.7967   |           
229    | 2.8550     | 0.2358     | 1.3061       | 1.3131       | 0.0369     | 1.2934       | 1.2879       | 0.8225   |           
230    | 2.8808     | 0.2556     | 1.3100       | 1.3153       | 0.0363     | 1.2900       | 1.2867       | 0.7450   |           
231    | 2.8673     | 0.2456     | 1.3102       | 1.3115       | 0.0439     | 1.2873       | 1.2936       | 0.7982   |           
232    | 2.8573     | 0.2318     | 1.3146       | 1.3110       | 0.0416     | 1.2979       | 1.3003       | 0.8078   | (ADV 0.01)
233    | 2.8597     | 0.2275     | 1.3111       | 1.3211       | 0.0360     | 1.2980       | 1.2960       | 0.7804   | (ADV 0.01)
234    | 2.8715     | 0.2393     | 1.3121       | 1.3202       | 0.0559     | 1.2952       | 1.3006       | 0.8112   |           
235    | 2.8895     | 0.2567     | 1.3141       | 1.3188       | 0.0391     | 1.2936       | 1.2946       | 0.8142   |           
236    | 2.8433     | 0.2127     | 1.3164       | 1.3142       | 0.0403     | 1.2965       | 1.2940       | 0.7469   |           
237    | 2.8724     | 0.2381     | 1.3147       | 1.3197       | 0.0377     | 1.3011       | 1.2923       | 0.7854   |           
238    | 2.8656     | 0.2342     | 1.3201       | 1.3113       | 0.0395     | 1.2990       | 1.2934       | 0.7875   |           
239    | 2.8744     | 0.2313     | 1.3243       | 1.3188       | 0.0341     | 1.2957       | 1.2956       | 0.8305   | (ADV 0.01)
240    | 2.8795     | 0.2338     | 1.3246       | 1.3211       | 0.0431     | 1.2978       | 1.2995       | 0.8157   |           
241    | 2.8786     | 0.2337     | 1.3266       | 1.3182       | 0.0414     | 1.2991       | 1.2930       | 0.8038   |           
242    | 2.8674     | 0.2250     | 1.3215       | 1.3209       | 0.0429     | 1.2967       | 1.2995       | 0.7750   |           
243    | 2.8413     | 0.2091     | 1.3159       | 1.3163       | 0.0419     | 1.2935       | 1.3000       | 0.7531   |           
244    | 2.8646     | 0.2243     | 1.3215       | 1.3187       | 0.0377     | 1.2975       | 1.3001       | 0.7924   |           
245    | 2.8702     | 0.2288     | 1.3202       | 1.3213       | 0.0524     | 1.2980       | 1.3121       | 0.7386   |           
246    | 2.8618     | 0.2243     | 1.3186       | 1.3189       | 0.0512     | 1.3009       | 1.3065       | 0.9178   |           
247    | 2.8775     | 0.2376     | 1.3214       | 1.3186       | 0.0480     | 1.3056       | 1.3001       | 0.8860   |           
248    | 2.8524     | 0.2144     | 1.3211       | 1.3170       | 0.0539     | 1.2936       | 1.3033       | 0.8628   |           
249    | 2.8730     | 0.2338     | 1.3180       | 1.3212       | 0.0509     | 1.3014       | 1.3081       | 0.9241   |           
250    | 2.8510     | 0.2099     | 1.3242       | 1.3169       | 0.0433     | 1.2998       | 1.2982       | 0.8389   |           
251    | 2.8483     | 0.2050     | 1.3225       | 1.3208       | 0.0417     | 1.2960       | 1.3002       | 0.8079   |           
252    | 2.8526     | 0.2129     | 1.3210       | 1.3187       | 0.0434     | 1.2994       | 1.2975       | 0.8723   |           
253    | 2.8568     | 0.2133     | 1.3235       | 1.3200       | 0.0341     | 1.3090       | 1.3007       | 0.8636   |           
254    | 2.8680     | 0.2170     | 1.3285       | 1.3225       | 0.0466     | 1.3107       | 1.2933       | 0.8870   |           
255    | 2.8622     | 0.2154     | 1.3284       | 1.3184       | 0.0440     | 1.3034       | 1.3018       | 0.8438   |           
256    | 2.8715     | 0.2272     | 1.3259       | 1.3185       | 0.0405     | 1.3086       | 1.3047       | 0.8424   |           
257    | 2.8638     | 0.2153     | 1.3287       | 1.3199       | 0.0368     | 1.3126       | 1.2991       | 0.7864   |           
258    | 2.8737     | 0.2289     | 1.3299       | 1.3150       | 0.0508     | 1.3138       | 1.2958       | 0.8185   |           
259    | 2.8727     | 0.2241     | 1.3292       | 1.3194       | 0.0452     | 1.3124       | 1.2944       | 0.7841   |           
260    | 2.8537     | 0.2096     | 1.3261       | 1.3180       | 0.0442     | 1.3133       | 1.3057       | 0.8591   |           
261    | 2.8399     | 0.1903     | 1.3329       | 1.3167       | 0.0382     | 1.3182       | 1.3005       | 0.8173   |           
262    | 2.8738     | 0.2203     | 1.3365       | 1.3169       | 0.0471     | 1.3220       | 1.3021       | 0.8270   |           
263    | 2.8626     | 0.2093     | 1.3343       | 1.3189       | 0.0562     | 1.3258       | 1.3043       | 0.8940   |           
264    | 2.8572     | 0.2011     | 1.3373       | 1.3188       | 0.0462     | 1.3255       | 1.2962       | 0.8348   |           
265    | 2.8839     | 0.2288     | 1.3359       | 1.3192       | 0.0387     | 1.3172       | 1.3075       | 0.8212   |           
266    | 2.8618     | 0.2100     | 1.3294       | 1.3225       | 0.0424     | 1.3238       | 1.3027       | 0.8169   |           
267    | 2.8740     | 0.2228     | 1.3297       | 1.3216       | 0.0396     | 1.3178       | 1.2967       | 0.7780   |           
268    | 2.8560     | 0.2046     | 1.3339       | 1.3175       | 0.0538     | 1.3215       | 1.3058       | 0.8177   |           
269    | 2.8751     | 0.2155     | 1.3334       | 1.3262       | 0.0418     | 1.3231       | 1.3141       | 0.8174   |           
270    | 2.8594     | 0.2072     | 1.3316       | 1.3206       | 0.0355     | 1.3203       | 1.3107       | 0.7694   | (ADV 0.01)
271    | 2.8890     | 0.2316     | 1.3314       | 1.3261       | 0.0386     | 1.3206       | 1.3077       | 0.8433   |           
272    | 2.8678     | 0.2132     | 1.3309       | 1.3237       | 0.0442     | 1.3228       | 1.3202       | 0.7741   | (ADV 0.01)
273    | 2.8784     | 0.2184     | 1.3340       | 1.3260       | 0.0416     | 1.3210       | 1.3170       | 0.8055   |           
274    | 2.8865     | 0.2174     | 1.3337       | 1.3353       | 0.0393     | 1.3212       | 1.3197       | 0.8640   | (ADV 0.01)
275    | 2.8556     | 0.1897     | 1.3315       | 1.3344       | 0.0357     | 1.3202       | 1.3249       | 0.8525   | (ADV 0.01)
276    | 2.8900     | 0.2182     | 1.3345       | 1.3373       | 0.0381     | 1.3176       | 1.3270       | 0.8319   |           
277    | 2.8974     | 0.2234     | 1.3347       | 1.3393       | 0.0387     | 1.3154       | 1.3268       | 0.8578   |           
278    | 2.9023     | 0.2355     | 1.3344       | 1.3324       | 0.0410     | 1.3182       | 1.3320       | 0.8833   |           
279    | 2.8610     | 0.1973     | 1.3337       | 1.3301       | 0.0439     | 1.3240       | 1.3403       | 0.8757   |           
280    | 2.8724     | 0.2099     | 1.3306       | 1.3319       | 0.0377     | 1.3261       | 1.3245       | 0.7498   | (ADV 0.01)
281    | 2.8803     | 0.2192     | 1.3288       | 1.3323       | 0.0470     | 1.3212       | 1.3198       | 0.8556   |           
282    | 2.8611     | 0.2074     | 1.3292       | 1.3245       | 0.0328     | 1.3257       | 1.3174       | 0.8387   |           
283    | 2.8508     | 0.1834     | 1.3336       | 1.3337       | 0.0513     | 1.3325       | 1.3269       | 0.8510   |           
284    | 2.8751     | 0.2107     | 1.3389       | 1.3256       | 0.0387     | 1.3329       | 1.3248       | 0.8140   |           
285    | 2.8811     | 0.2079     | 1.3410       | 1.3322       | 0.0344     | 1.3119       | 1.3208       | 0.8171   |           
286    | 2.8707     | 0.2048     | 1.3334       | 1.3325       | 0.0380     | 1.3266       | 1.3220       | 0.8366   |           
287    | 2.8604     | 0.1973     | 1.3346       | 1.3286       | 0.0409     | 1.3211       | 1.3242       | 0.8330   |           
288    | 2.8559     | 0.1925     | 1.3334       | 1.3300       | 0.0375     | 1.3282       | 1.3185       | 0.8436   |           
289    | 2.8712     | 0.2047     | 1.3327       | 1.3339       | 0.0421     | 1.3230       | 1.3218       | 0.8188   |           
290    | 2.8726     | 0.2089     | 1.3338       | 1.3299       | 0.0450     | 1.3256       | 1.3176       | 0.7895   |           
291    | 2.8602     | 0.1973     | 1.3347       | 1.3282       | 0.0370     | 1.3247       | 1.3184       | 0.8709   |           
292    | 2.8660     | 0.1973     | 1.3357       | 1.3330       | 0.0400     | 1.3245       | 1.3266       | 0.8905   |           
293    | 2.8875     | 0.2139     | 1.3372       | 1.3364       | 0.0506     | 1.3303       | 1.3235       | 0.8508   |           
294    | 2.8736     | 0.2134     | 1.3316       | 1.3286       | 0.0508     | 1.3337       | 1.3245       | 0.8536   |           
295    | 2.8476     | 0.1855     | 1.3336       | 1.3285       | 0.0370     | 1.3325       | 1.3167       | 0.7970   |           
296    | 2.8706     | 0.2003     | 1.3365       | 1.3338       | 0.0451     | 1.3299       | 1.3159       | 0.8471   |           
297    | 2.8579     | 0.1960     | 1.3327       | 1.3293       | 0.0400     | 1.3298       | 1.3167       | 0.8886   |           
298    | 2.8481     | 0.1829     | 1.3324       | 1.3328       | 0.0416     | 1.3311       | 1.3215       | 0.8858   |           
299    | 2.8758     | 0.2078     | 1.3363       | 1.3317       | 0.0443     | 1.3300       | 1.3216       | 0.8255   |           
300    | 2.8659     | 0.1973     | 1.3321       | 1.3366       | 0.0376     | 1.3229       | 1.3212       | 0.7949   |           
301    | 2.8249     | 0.1599     | 1.3371       | 1.3280       | 0.0408     | 1.3338       | 1.3253       | 0.8467   |           
302    | 2.8730     | 0.2003     | 1.3410       | 1.3316       | 0.0349     | 1.3299       | 1.3192       | 0.8184   |           
303    | 2.8583     | 0.1948     | 1.3318       | 1.3318       | 0.0453     | 1.3341       | 1.3143       | 0.8144   |           
304    | 2.8346     | 0.1728     | 1.3343       | 1.3275       | 0.0423     | 1.3307       | 1.3208       | 0.8285   |           
305    | 2.8649     | 0.1950     | 1.3361       | 1.3338       | 0.0395     | 1.3329       | 1.3234       | 0.8447   |           
306    | 2.8554     | 0.1907     | 1.3346       | 1.3301       | 0.0348     | 1.3332       | 1.3305       | 0.8188   | (ADV 0.02)
307    | 2.8555     | 0.1934     | 1.3340       | 1.3281       | 0.0388     | 1.3320       | 1.3217       | 0.7757   |           
308    | 2.8363     | 0.1741     | 1.3341       | 1.3281       | 0.0414     | 1.3325       | 1.3159       | 0.7901   |           
309    | 2.8783     | 0.2116     | 1.3368       | 1.3298       | 0.0495     | 1.3324       | 1.3162       | 0.8067   |           
310    | 2.8183     | 0.1560     | 1.3347       | 1.3276       | 0.0431     | 1.3360       | 1.3277       | 0.8288   |           
311    | 2.8623     | 0.1916     | 1.3387       | 1.3320       | 0.0409     | 1.3360       | 1.3183       | 0.8522   |           
312    | 2.8487     | 0.1780     | 1.3391       | 1.3316       | 0.0457     | 1.3272       | 1.3199       | 0.8013   |           
313    | 2.8613     | 0.1919     | 1.3388       | 1.3305       | 0.0425     | 1.3331       | 1.3212       | 0.8039   |           
314    | 2.8606     | 0.1904     | 1.3387       | 1.3315       | 0.0429     | 1.3272       | 1.3137       | 0.7650   |           
315    | 2.8539     | 0.1881     | 1.3397       | 1.3261       | 0.0423     | 1.3328       | 1.3165       | 0.7555   |           
316    | 2.8619     | 0.1935     | 1.3357       | 1.3327       | 0.0392     | 1.3250       | 1.3176       | 0.8100   |           
317    | 2.8607     | 0.1949     | 1.3335       | 1.3323       | 0.0406     | 1.3301       | 1.3166       | 0.8126   |           
318    | 2.8474     | 0.1815     | 1.3363       | 1.3297       | 0.0541     | 1.3225       | 1.3223       | 0.8358   |           
319    | 2.8568     | 0.1903     | 1.3350       | 1.3314       | 0.0346     | 1.3281       | 1.3185       | 0.8074   |           
320    | 2.8564     | 0.1884     | 1.3361       | 1.3318       | 0.0410     | 1.3344       | 1.3229       | 0.8154   |           
321    | 2.8541     | 0.1886     | 1.3358       | 1.3298       | 0.0469     | 1.3237       | 1.3209       | 0.8389   |           
322    | 2.8454     | 0.1793     | 1.3335       | 1.3326       | 0.0389     | 1.3322       | 1.3217       | 0.8420   |           
323    | 2.8660     | 0.1997     | 1.3346       | 1.3316       | 0.0383     | 1.3308       | 1.3177       | 0.8287   |           
324    | 2.8533     | 0.1883     | 1.3362       | 1.3288       | 0.0395     | 1.3303       | 1.3228       | 0.7948   |           
325    | 2.8477     | 0.1796     | 1.3371       | 1.3310       | 0.0461     | 1.3391       | 1.3253       | 0.7703   |           
326    | 2.8291     | 0.1613     | 1.3343       | 1.3336       | 0.0457     | 1.3176       | 1.3257       | 0.8005   |           
327    | 2.8666     | 0.2000     | 1.3330       | 1.3337       | 0.0343     | 1.3219       | 1.3169       | 0.7675   |           
328    | 2.8481     | 0.1799     | 1.3343       | 1.3339       | 0.0483     | 1.3257       | 1.3245       | 0.7582   |           
329    | 2.8842     | 0.2159     | 1.3369       | 1.3314       | 0.0512     | 1.3265       | 1.3248       | 0.8619   |           
330    | 2.8553     | 0.1889     | 1.3348       | 1.3316       | 0.0433     | 1.3231       | 1.3182       | 0.7688   |           
331    | 2.8457     | 0.1819     | 1.3357       | 1.3281       | 0.0368     | 1.3210       | 1.3164       | 0.8479   |           
332    | 2.8434     | 0.1810     | 1.3334       | 1.3290       | 0.0409     | 1.3318       | 1.3160       | 0.7898   |           
333    | 2.8278     | 0.1557     | 1.3375       | 1.3346       | 0.0500     | 1.3282       | 1.3209       | 0.8218   |           
334    | 2.8747     | 0.2022     | 1.3363       | 1.3362       | 0.0454     | 1.3266       | 1.3207       | 0.7941   |           
335    | 2.8516     | 0.1829     | 1.3354       | 1.3332       | 0.0355     | 1.3273       | 1.3249       | 0.7981   |           
336    | 2.8630     | 0.1956     | 1.3366       | 1.3308       | 0.0423     | 1.3329       | 1.3228       | 0.8093   |           
337    | 2.8758     | 0.2027     | 1.3396       | 1.3336       | 0.0292     | 1.3283       | 1.3196       | 0.8347   |           
338    | 2.8468     | 0.1772     | 1.3372       | 1.3325       | 0.0329     | 1.3326       | 1.3286       | 0.8461   |           
339    | 2.8781     | 0.2088     | 1.3359       | 1.3333       | 0.0339     | 1.3238       | 1.3281       | 0.8175   |           
340    | 2.8333     | 0.1759     | 1.3293       | 1.3281       | 0.0388     | 1.3279       | 1.3180       | 0.8538   |           
341    | 2.8658     | 0.1963     | 1.3380       | 1.3316       | 0.0399     | 1.3303       | 1.3163       | 0.8376   |           
342    | 2.8544     | 0.1856     | 1.3362       | 1.3326       | 0.0356     | 1.3374       | 1.3178       | 0.7954   |           
343    | 2.8554     | 0.1835     | 1.3389       | 1.3329       | 0.0374     | 1.3384       | 1.3266       | 0.8506   |           
344    | 2.8509     | 0.1728     | 1.3399       | 1.3383       | 0.0378     | 1.3437       | 1.3287       | 0.8610   |           
345    | 2.8423     | 0.1667     | 1.3397       | 1.3359       | 0.0355     | 1.3426       | 1.3347       | 0.8139   |           
346    | 2.8776     | 0.1996     | 1.3413       | 1.3367       | 0.0329     | 1.3383       | 1.3282       | 0.8160   |           
347    | 2.8609     | 0.1871     | 1.3389       | 1.3349       | 0.0346     | 1.3382       | 1.3358       | 0.8199   | (ADV 0.02)
348    | 2.8680     | 0.1964     | 1.3382       | 1.3333       | 0.0489     | 1.3376       | 1.3300       | 0.7708   |           
349    | 2.8424     | 0.1712     | 1.3362       | 1.3350       | 0.0324     | 1.3333       | 1.3231       | 0.7935   |           
350    | 2.8784     | 0.2039     | 1.3390       | 1.3355       | 0.0374     | 1.3367       | 1.3334       | 0.8405   |           
351    | 2.8773     | 0.2036     | 1.3377       | 1.3360       | 0.0434     | 1.3350       | 1.3339       | 0.8956   |           
352    | 2.8532     | 0.1781     | 1.3402       | 1.3349       | 0.0367     | 1.3357       | 1.3295       | 0.8386   |           
353    | 2.8680     | 0.1958     | 1.3389       | 1.3333       | 0.0334     | 1.3369       | 1.3206       | 0.8294   |           
354    | 2.8913     | 0.2212     | 1.3391       | 1.3310       | 0.0359     | 1.3346       | 1.3164       | 0.8022   |           
355    | 2.8622     | 0.1892     | 1.3396       | 1.3334       | 0.0349     | 1.3400       | 1.3303       | 0.8315   |           
356    | 2.8455     | 0.1740     | 1.3367       | 1.3348       | 0.0287     | 1.3347       | 1.3258       | 0.8169   |           
357    | 2.8706     | 0.1938     | 1.3400       | 1.3369       | 0.0354     | 1.3296       | 1.3334       | 0.8422   |           
358    | 2.8448     | 0.1767     | 1.3353       | 1.3329       | 0.0358     | 1.3380       | 1.3213       | 0.8262   |           
359    | 2.8684     | 0.1908     | 1.3424       | 1.3352       | 0.0305     | 1.3310       | 1.3273       | 0.8271   |           
360    | 2.8593     | 0.1881     | 1.3406       | 1.3306       | 0.0344     | 1.3385       | 1.3214       | 0.8126   |           
361    | 2.8346     | 0.1702     | 1.3358       | 1.3286       | 0.0354     | 1.3303       | 1.3275       | 0.8040   |           
362    | 2.8640     | 0.1891     | 1.3374       | 1.3375       | 0.0309     | 1.3213       | 1.3284       | 0.7588   |           
363    | 2.8624     | 0.1898     | 1.3354       | 1.3371       | 0.0293     | 1.3307       | 1.3266       | 0.8322   |           
364    | 2.8349     | 0.1596     | 1.3369       | 1.3384       | 0.0354     | 1.3355       | 1.3285       | 0.8210   |           
365    | 2.8594     | 0.1863     | 1.3402       | 1.3329       | 0.0326     | 1.3373       | 1.3214       | 0.7680   |           
366    | 2.8521     | 0.1825     | 1.3406       | 1.3290       | 0.0359     | 1.3357       | 1.3284       | 0.8839   |           
367    | 2.8528     | 0.1819     | 1.3368       | 1.3342       | 0.0395     | 1.3283       | 1.3269       | 0.8061   |           
368    | 2.8478     | 0.1856     | 1.3340       | 1.3282       | 0.0340     | 1.3287       | 1.3305       | 0.7996   |           
369    | 2.8469     | 0.1831     | 1.3319       | 1.3319       | 0.0399     | 1.3324       | 1.3262       | 0.8439   |           
370    | 2.8357     | 0.1739     | 1.3333       | 1.3286       | 0.0318     | 1.3331       | 1.3289       | 0.7928   |           
371    | 2.8504     | 0.1805     | 1.3394       | 1.3305       | 0.0346     | 1.3384       | 1.3284       | 0.7834   |           
/home/mcslab/yutung/MCSLAB_RSSI_RTT_Dataset/FusionCDAN/fusion_cdan_v2_noRSSIDiff.py:201: FutureWarning: DataFrameGroupBy.apply operated on the grouping columns. This behavior is deprecated, and in a future version of pandas the grouping columns will be excluded from the operation. Either pass `include_groups=False` to exclude the groupings or explicitly select the grouping columns after groupby to silence this warning.
  df = df.groupby('Label').apply(
/home/mcslab/yutung/MCSLAB_RSSI_RTT_Dataset/FusionCDAN/fusion_cdan_v2_noRSSIDiff.py:201: FutureWarning: DataFrameGroupBy.apply operated on the grouping columns. This behavior is deprecated, and in a future version of pandas the grouping columns will be excluded from the operation. Either pass `include_groups=False` to exclude the groupings or explicitly select the grouping columns after groupby to silence this warning.
  df = df.groupby('Label').apply(
372    | 2.8759     | 0.2035     | 1.3379       | 1.3345       | 0.0320     | 1.3245       | 1.3225       | 0.7957   |           
373    | 2.8420     | 0.1707     | 1.3425       | 1.3287       | 0.0332     | 1.3406       | 1.3266       | 0.7645   |           
374    | 2.8529     | 0.1787     | 1.3421       | 1.3321       | 0.0511     | 1.3422       | 1.3279       | 0.8134   |           
375    | 2.8537     | 0.1833     | 1.3384       | 1.3320       | 0.0354     | 1.3362       | 1.3260       | 0.7931   |           
376    | 2.8440     | 0.1706     | 1.3397       | 1.3337       | 0.0364     | 1.3344       | 1.3266       | 0.8351   |           
377    | 2.8546     | 0.1825     | 1.3425       | 1.3296       | 0.0345     | 1.3336       | 1.3230       | 0.7579   |           
378    | 2.8570     | 0.1826     | 1.3401       | 1.3343       | 0.0335     | 1.3351       | 1.3299       | 0.7881   |           
379    | 2.8287     | 0.1576     | 1.3408       | 1.3302       | 0.0358     | 1.3391       | 1.3337       | 0.8084   |           
380    | 2.8598     | 0.1828     | 1.3438       | 1.3333       | 0.0298     | 1.3355       | 1.3186       | 0.7857   |           
381    | 2.8379     | 0.1647     | 1.3410       | 1.3321       | 0.0309     | 1.3339       | 1.3277       | 0.8306   |           
382    | 2.8342     | 0.1633     | 1.3409       | 1.3300       | 0.0346     | 1.3405       | 1.3322       | 0.7819   |           
383    | 2.8677     | 0.1896     | 1.3439       | 1.3342       | 0.0385     | 1.3347       | 1.3191       | 0.7814   |           
384    | 2.8420     | 0.1735     | 1.3406       | 1.3279       | 0.0325     | 1.3343       | 1.3187       | 0.7720   |           
385    | 2.8617     | 0.1850     | 1.3418       | 1.3349       | 0.0338     | 1.3399       | 1.3226       | 0.8369   |           
386    | 2.8320     | 0.1631     | 1.3396       | 1.3292       | 0.0351     | 1.3391       | 1.3253       | 0.7530   |           
387    | 2.8321     | 0.1583     | 1.3435       | 1.3304       | 0.0346     | 1.3449       | 1.3292       | 0.7814   |           
388    | 2.8698     | 0.1862     | 1.3457       | 1.3379       | 0.0403     | 1.3427       | 1.3302       | 0.7916   |           
389    | 2.8435     | 0.1670     | 1.3438       | 1.3327       | 0.0377     | 1.3400       | 1.3162       | 0.7733   |           
390    | 2.8272     | 0.1558     | 1.3428       | 1.3286       | 0.0370     | 1.3412       | 1.3284       | 0.8164   |           
391    | 2.8640     | 0.1876     | 1.3421       | 1.3342       | 0.0405     | 1.3395       | 1.3296       | 0.8046   |           
392    | 2.8531     | 0.1730     | 1.3436       | 1.3365       | 0.0297     | 1.3383       | 1.3293       | 0.8448   |           
393    | 2.8300     | 0.1543     | 1.3401       | 1.3357       | 0.0300     | 1.3403       | 1.3359       | 0.8435   | (ADV 0.02)
394    | 2.8755     | 0.1940     | 1.3449       | 1.3366       | 0.0450     | 1.3452       | 1.3195       | 0.8391   |           
395    | 2.8569     | 0.1827     | 1.3425       | 1.3318       | 0.0292     | 1.3306       | 1.3304       | 0.8114   |           
396    | 2.8518     | 0.1835     | 1.3373       | 1.3310       | 0.0396     | 1.3348       | 1.3224       | 0.8165   |           
397    | 2.8591     | 0.1878     | 1.3394       | 1.3319       | 0.0293     | 1.3310       | 1.3284       | 0.8673   |           
398    | 2.8386     | 0.1640     | 1.3406       | 1.3340       | 0.0392     | 1.3344       | 1.3377       | 0.8269   |           
399    | 2.8376     | 0.1637     | 1.3363       | 1.3376       | 0.0382     | 1.3308       | 1.3335       | 0.8175   |           
400    | 2.8403     | 0.1695     | 1.3348       | 1.3360       | 0.0301     | 1.3291       | 1.3254       | 0.8228   |           
Seed 42 | Src Acc: 99.2857 | Src MDE: 0.0140 | Tgt Acc: 39.7959 | Tgt MDE: 0.8435
Start Training Seed 6767...

Start CDAN+E Training... (Entropy Conditioning Enabled)
Epoch  | Total Loss | Tr Cls     | Tr Dom RSSI  | Tr Dom RTT   | Val Cls    | Val RSSI Dls | Val RTT Dls  | Test MDE
------------------------------------------------------------------------------------------------------------------------
1      | 6.2028     | 3.4293     | 1.3866       | 1.3869       | 2.8777     | 1.3866       | 1.3859       | 1.8694   |           
2      | 5.4864     | 2.7151     | 1.3856       | 1.3857       | 2.3778     | 1.3859       | 1.3835       | 1.3552   |           
3      | 5.0658     | 2.2986     | 1.3837       | 1.3835       | 1.9880     | 1.3849       | 1.3807       | 1.2158   |           
4      | 4.7433     | 1.9823     | 1.3808       | 1.3801       | 1.6004     | 1.3820       | 1.3759       | 1.0384   |           
5      | 4.4297     | 1.6807     | 1.3752       | 1.3739       | 1.3273     | 1.3786       | 1.3678       | 1.0021   |           
6      | 4.1998     | 1.4693     | 1.3671       | 1.3635       | 1.1512     | 1.3729       | 1.3580       | 0.9907   |           
7      | 4.0101     | 1.3006     | 1.3569       | 1.3526       | 0.8816     | 1.3616       | 1.3413       | 0.9907   |           
8      | 3.8404     | 1.1566     | 1.3455       | 1.3383       | 0.6608     | 1.3433       | 1.3180       | 0.9436   |           
9      | 3.7121     | 1.0547     | 1.3330       | 1.3244       | 0.5639     | 1.3284       | 1.2955       | 0.9659   |           
10     | 3.5530     | 0.9342     | 1.3143       | 1.3045       | 0.4732     | 1.3096       | 1.2738       | 0.9680   |           
11     | 3.4341     | 0.8465     | 1.3012       | 1.2864       | 0.4239     | 1.2942       | 1.2473       | 0.9461   | (ADV -0.13)
12     | 3.3045     | 0.7601     | 1.2788       | 1.2656       | 0.3392     | 1.2708       | 1.2176       | 0.9993   | (ADV -0.11)
13     | 3.2507     | 0.7295     | 1.2702       | 1.2510       | 0.3019     | 1.2550       | 1.1918       | 0.9687   | (ADV -0.10)
14     | 3.1875     | 0.6982     | 1.2524       | 1.2369       | 0.2856     | 1.2386       | 1.1694       | 0.9391   |           
15     | 3.0910     | 0.6446     | 1.2312       | 1.2152       | 0.2195     | 1.2013       | 1.1367       | 0.9781   | (ADV -0.09)
16     | 3.0207     | 0.6044     | 1.2146       | 1.2017       | 0.2229     | 1.1818       | 1.1183       | 0.9834   |           
17     | 2.9785     | 0.5956     | 1.1982       | 1.1847       | 0.1973     | 1.1630       | 1.0967       | 0.9788   |           
18     | 2.8882     | 0.5527     | 1.1751       | 1.1603       | 0.1945     | 1.1364       | 1.0778       | 0.9230   |           
19     | 2.8069     | 0.5066     | 1.1522       | 1.1482       | 0.1470     | 1.0960       | 1.0424       | 0.9662   | (ADV -0.09)
20     | 2.8165     | 0.5347     | 1.1428       | 1.1391       | 0.1404     | 1.0653       | 1.0166       | 0.9572   |           
21     | 2.6868     | 0.4541     | 1.1147       | 1.1180       | 0.1299     | 1.0466       | 1.0003       | 0.9979   |           
22     | 2.6688     | 0.4552     | 1.1032       | 1.1104       | 0.1202     | 1.0158       | 0.9862       | 0.9350   | (ADV -0.08)
23     | 2.6126     | 0.4479     | 1.0761       | 1.0886       | 0.1113     | 0.9867       | 0.9601       | 0.9166   |           
24     | 2.6055     | 0.4508     | 1.0670       | 1.0877       | 0.1089     | 0.9760       | 0.9495       | 0.9530   |           
25     | 2.5749     | 0.4358     | 1.0528       | 1.0862       | 0.1140     | 0.9672       | 0.9365       | 0.9209   |           
26     | 2.4496     | 0.3805     | 1.0208       | 1.0484       | 0.0950     | 0.9331       | 0.9163       | 0.9542   |           
27     | 2.4854     | 0.3948     | 1.0228       | 1.0679       | 0.0902     | 0.9057       | 0.8992       | 0.9627   |           
28     | 2.4645     | 0.4017     | 1.0079       | 1.0550       | 0.0778     | 0.8738       | 0.8858       | 0.9479   |           
29     | 2.4297     | 0.3891     | 0.9919       | 1.0487       | 0.0831     | 0.8867       | 0.8891       | 0.9091   |           
30     | 2.4100     | 0.3806     | 0.9823       | 1.0471       | 0.0747     | 0.8645       | 0.8666       | 0.9318   |           
31     | 2.3577     | 0.3649     | 0.9646       | 1.0282       | 0.0789     | 0.8468       | 0.8647       | 0.9760   |           
32     | 2.4220     | 0.3877     | 0.9856       | 1.0487       | 0.0765     | 0.8538       | 0.8648       | 0.9346   |           
33     | 2.3588     | 0.3363     | 0.9860       | 1.0365       | 0.0745     | 0.8746       | 0.8802       | 0.9097   |           
34     | 2.3762     | 0.3751     | 0.9608       | 1.0403       | 0.0842     | 0.8757       | 0.8776       | 0.9056   |           
35     | 2.4157     | 0.3658     | 0.9839       | 1.0659       | 0.0764     | 0.8740       | 0.8690       | 0.8928   |           
36     | 2.3630     | 0.3560     | 0.9641       | 1.0428       | 0.0719     | 0.8441       | 0.8798       | 0.9408   |           
37     | 2.3977     | 0.3634     | 0.9830       | 1.0513       | 0.0676     | 0.8634       | 0.8772       | 0.9469   |           
38     | 2.3986     | 0.3628     | 0.9798       | 1.0561       | 0.0696     | 0.8576       | 0.8697       | 0.9150   |           
39     | 2.3419     | 0.3354     | 0.9765       | 1.0300       | 0.0674     | 0.8464       | 0.8668       | 0.9240   |           
40     | 2.3998     | 0.3424     | 0.9942       | 1.0632       | 0.0595     | 0.8774       | 0.8681       | 0.9491   |           
41     | 2.4167     | 0.3423     | 1.0062       | 1.0682       | 0.0651     | 0.8880       | 0.8878       | 0.9063   | (ADV -0.08)
42     | 2.4683     | 0.3632     | 1.0408       | 1.0643       | 0.0641     | 0.8876       | 0.8773       | 0.9139   |           
43     | 2.4879     | 0.3657     | 1.0589       | 1.0633       | 0.0724     | 0.9224       | 0.8850       | 0.9712   |           
44     | 2.4319     | 0.3379     | 1.0412       | 1.0529       | 0.0673     | 0.9291       | 0.8759       | 0.9050   |           
45     | 2.4497     | 0.3317     | 1.0646       | 1.0534       | 0.0605     | 0.9236       | 0.8656       | 0.9354   |           
46     | 2.4962     | 0.3754     | 1.0553       | 1.0655       | 0.0847     | 0.9542       | 0.8814       | 0.9638   |           
47     | 2.5023     | 0.3646     | 1.0800       | 1.0578       | 0.0608     | 0.9526       | 0.8715       | 0.9297   |           
48     | 2.4908     | 0.3387     | 1.0895       | 1.0625       | 0.0775     | 0.9714       | 0.8774       | 1.0006   |           
49     | 2.5323     | 0.3537     | 1.1038       | 1.0749       | 0.0597     | 0.9725       | 0.8965       | 0.9973   |           
50     | 2.4969     | 0.3374     | 1.1040       | 1.0555       | 0.0515     | 0.9894       | 0.8821       | 0.9211   |           
51     | 2.5064     | 0.3395     | 1.1216       | 1.0453       | 0.0570     | 0.9846       | 0.8858       | 0.9423   |           
52     | 2.5643     | 0.3612     | 1.1214       | 1.0817       | 0.0487     | 0.9962       | 0.8756       | 0.9909   |           
53     | 2.5931     | 0.3735     | 1.1278       | 1.0919       | 0.0579     | 0.9990       | 0.8856       | 0.9745   |           
54     | 2.5788     | 0.3603     | 1.1363       | 1.0821       | 0.0624     | 1.0034       | 0.8907       | 1.0221   |           
55     | 2.5926     | 0.3551     | 1.1397       | 1.0978       | 0.0582     | 1.0298       | 0.9299       | 1.0225   |           
56     | 2.5718     | 0.3372     | 1.1307       | 1.1039       | 0.0608     | 1.0045       | 0.9046       | 0.9897   |           
57     | 2.5946     | 0.3586     | 1.1293       | 1.1067       | 0.0619     | 0.9935       | 0.8899       | 1.0625   |           
58     | 2.6013     | 0.3673     | 1.1286       | 1.1054       | 0.0610     | 0.9960       | 0.9223       | 0.9888   |           
59     | 2.5825     | 0.3560     | 1.1197       | 1.1068       | 0.0617     | 0.9923       | 0.9193       | 0.9582   |           
60     | 2.6137     | 0.3691     | 1.1280       | 1.1165       | 0.0628     | 0.9958       | 0.9477       | 0.9898   | (ADV -0.08)
61     | 2.6090     | 0.3357     | 1.1266       | 1.1467       | 0.0592     | 1.0209       | 0.9721       | 1.0534   | (ADV -0.07)
62     | 2.6532     | 0.3720     | 1.1289       | 1.1523       | 0.0646     | 1.0146       | 0.9619       | 1.0107   |           
63     | 2.6263     | 0.3521     | 1.1379       | 1.1363       | 0.0471     | 1.0236       | 0.9386       | 1.0246   |           
64     | 2.6394     | 0.3527     | 1.1411       | 1.1455       | 0.0579     | 1.0174       | 0.9497       | 0.9951   |           
65     | 2.6564     | 0.3672     | 1.1375       | 1.1517       | 0.0630     | 1.0008       | 0.9455       | 0.9475   |           
66     | 2.5921     | 0.3379     | 1.1186       | 1.1357       | 0.0540     | 0.9998       | 0.9685       | 0.9528   | (ADV -0.07)
67     | 2.6185     | 0.3515     | 1.1178       | 1.1492       | 0.0510     | 1.0147       | 0.9462       | 0.9668   |           
68     | 2.6111     | 0.3311     | 1.1333       | 1.1468       | 0.0633     | 1.0151       | 0.9699       | 1.0075   |           
69     | 2.6337     | 0.3432     | 1.1185       | 1.1721       | 0.0557     | 1.0057       | 0.9707       | 0.9443   |           
70     | 2.5871     | 0.3160     | 1.1216       | 1.1495       | 0.0577     | 1.0017       | 0.9728       | 0.9980   | (ADV -0.07)
71     | 2.6788     | 0.3845     | 1.1377       | 1.1567       | 0.0534     | 0.9935       | 0.9628       | 0.9615   |           
72     | 2.6419     | 0.3579     | 1.1351       | 1.1489       | 0.0500     | 1.0248       | 0.9525       | 0.9690   |           
73     | 2.5787     | 0.3193     | 1.1278       | 1.1315       | 0.0545     | 1.0138       | 0.9398       | 0.9425   |           
74     | 2.6078     | 0.3428     | 1.1329       | 1.1321       | 0.0759     | 1.0650       | 0.9532       | 0.9590   |           
75     | 2.6527     | 0.3575     | 1.1424       | 1.1528       | 0.0717     | 1.0521       | 0.9692       | 0.9317   |           
76     | 2.6618     | 0.3774     | 1.1407       | 1.1437       | 0.0632     | 1.0368       | 0.9581       | 0.9348   |           
77     | 2.6496     | 0.3632     | 1.1474       | 1.1390       | 0.0591     | 1.0642       | 0.9584       | 0.9538   |           
78     | 2.6583     | 0.3524     | 1.1572       | 1.1487       | 0.0587     | 1.0430       | 0.9594       | 0.9461   |           
79     | 2.6161     | 0.3341     | 1.1443       | 1.1377       | 0.0628     | 1.0465       | 0.9774       | 0.9011   |           
80     | 2.6468     | 0.3679     | 1.1299       | 1.1491       | 0.0543     | 1.0295       | 0.9559       | 0.9309   |           
81     | 2.6075     | 0.3455     | 1.1323       | 1.1298       | 0.0691     | 1.0451       | 0.9735       | 0.9308   |           
82     | 2.6103     | 0.3409     | 1.1259       | 1.1435       | 0.0652     | 1.0571       | 0.9461       | 0.9041   |           
83     | 2.6555     | 0.3650     | 1.1425       | 1.1480       | 0.0613     | 1.0552       | 0.9704       | 0.9751   |           
84     | 2.6091     | 0.3409     | 1.1307       | 1.1374       | 0.0459     | 1.0489       | 0.9534       | 0.9098   |           
85     | 2.6496     | 0.3582     | 1.1463       | 1.1451       | 0.0562     | 1.0809       | 0.9660       | 0.8921   |           
86     | 2.6987     | 0.3763     | 1.1573       | 1.1651       | 0.0550     | 1.0829       | 0.9826       | 0.9036   |           
87     | 2.6640     | 0.3614     | 1.1506       | 1.1520       | 0.0532     | 1.0553       | 0.9708       | 0.9630   |           
88     | 2.6724     | 0.3562     | 1.1610       | 1.1552       | 0.0513     | 1.0342       | 0.9771       | 0.9131   |           
89     | 2.6212     | 0.3347     | 1.1320       | 1.1544       | 0.0490     | 1.0448       | 0.9913       | 0.9709   | (ADV -0.07)
90     | 2.6902     | 0.3571     | 1.1659       | 1.1672       | 0.0690     | 1.0469       | 0.9947       | 1.0031   |           
91     | 2.6949     | 0.3568     | 1.1610       | 1.1772       | 0.0537     | 1.0699       | 1.0049       | 0.9153   |           
92     | 2.7147     | 0.3808     | 1.1723       | 1.1616       | 0.0577     | 1.0372       | 1.0107       | 0.9825   | (ADV -0.06)
93     | 2.7021     | 0.3479     | 1.1659       | 1.1883       | 0.0524     | 1.0371       | 1.0225       | 0.9830   | (ADV -0.05)
94     | 2.6804     | 0.3461     | 1.1480       | 1.1863       | 0.0535     | 1.0521       | 1.0206       | 0.9688   |           
95     | 2.7100     | 0.3534     | 1.1655       | 1.1910       | 0.0518     | 1.0286       | 1.0109       | 1.0067   |           
96     | 2.7153     | 0.3596     | 1.1636       | 1.1921       | 0.0519     | 1.0394       | 1.0305       | 0.8987   | (ADV -0.05)
97     | 2.7117     | 0.3520     | 1.1706       | 1.1891       | 0.0504     | 1.0800       | 1.0247       | 0.9153   |           
98     | 2.7265     | 0.3561     | 1.1796       | 1.1908       | 0.0732     | 1.0808       | 1.0555       | 0.9248   |           
99     | 2.6863     | 0.3333     | 1.1675       | 1.1855       | 0.0497     | 1.0776       | 1.0366       | 0.8912   |           
100    | 2.6950     | 0.3375     | 1.1642       | 1.1933       | 0.0570     | 1.0734       | 1.0355       | 0.9456   |           
101    | 2.7182     | 0.3473     | 1.1832       | 1.1876       | 0.0484     | 1.0673       | 1.0046       | 0.8655   |           
102    | 2.6837     | 0.3219     | 1.1785       | 1.1832       | 0.0508     | 1.0716       | 1.0207       | 1.0301   |           
103    | 2.7049     | 0.3360     | 1.1807       | 1.1881       | 0.0649     | 1.0955       | 1.0186       | 0.9209   |           
104    | 2.6984     | 0.3397     | 1.1853       | 1.1735       | 0.0592     | 1.1228       | 1.0181       | 0.9062   |           
105    | 2.7171     | 0.3519     | 1.1773       | 1.1878       | 0.0549     | 1.1265       | 1.0430       | 0.9262   |           
106    | 2.6960     | 0.3398     | 1.1787       | 1.1775       | 0.0561     | 1.1202       | 1.0427       | 0.9432   |           
107    | 2.7489     | 0.3482     | 1.2074       | 1.1933       | 0.0644     | 1.1043       | 1.0418       | 0.9261   |           
108    | 2.7715     | 0.3547     | 1.2008       | 1.2159       | 0.0697     | 1.1277       | 1.0808       | 0.9037   |           
109    | 2.7121     | 0.3298     | 1.1913       | 1.1910       | 0.0485     | 1.1013       | 1.0335       | 0.9451   |           
110    | 2.7323     | 0.3531     | 1.1980       | 1.1813       | 0.0582     | 1.1182       | 1.0414       | 0.9866   |           
111    | 2.7375     | 0.3556     | 1.1938       | 1.1882       | 0.0617     | 1.1285       | 1.0468       | 0.9939   |           
112    | 2.7046     | 0.3248     | 1.1942       | 1.1857       | 0.0522     | 1.1069       | 1.0388       | 0.9122   |           
113    | 2.7203     | 0.3377     | 1.1953       | 1.1873       | 0.0635     | 1.1142       | 1.0472       | 1.0123   |           
114    | 2.7043     | 0.3376     | 1.1873       | 1.1793       | 0.0572     | 1.1134       | 1.0367       | 0.9936   |           
115    | 2.6864     | 0.3247     | 1.1934       | 1.1682       | 0.0476     | 1.0936       | 1.0408       | 0.9338   |           
116    | 2.7175     | 0.3397     | 1.1905       | 1.1872       | 0.0639     | 1.1017       | 1.0499       | 0.8844   |           
117    | 2.7158     | 0.3316     | 1.1886       | 1.1956       | 0.0478     | 1.1094       | 1.0427       | 0.9160   |           
118    | 2.7152     | 0.3223     | 1.1946       | 1.1983       | 0.0450     | 1.1199       | 1.0476       | 0.9767   |           
119    | 2.7282     | 0.3417     | 1.1858       | 1.2007       | 0.0501     | 1.1313       | 1.0430       | 0.9382   |           
120    | 2.7278     | 0.3342     | 1.1948       | 1.1988       | 0.0505     | 1.1135       | 1.0302       | 0.9721   |           
121    | 2.7005     | 0.3072     | 1.2001       | 1.1932       | 0.0508     | 1.1209       | 1.0756       | 0.9432   | (ADV -0.05)
122    | 2.7390     | 0.3248     | 1.2023       | 1.2119       | 0.0573     | 1.1310       | 1.0714       | 0.9026   |           
123    | 2.7209     | 0.3187     | 1.1904       | 1.2118       | 0.0690     | 1.1542       | 1.0754       | 0.9484   |           
124    | 2.7699     | 0.3434     | 1.2071       | 1.2193       | 0.0435     | 1.1279       | 1.0720       | 0.9137   |           
125    | 2.7754     | 0.3557     | 1.1945       | 1.2252       | 0.0739     | 1.1054       | 1.0900       | 0.9020   | (ADV -0.05)
126    | 2.7621     | 0.3458     | 1.2005       | 1.2158       | 0.0558     | 1.1109       | 1.0752       | 0.9834   |           
127    | 2.7314     | 0.3148     | 1.1991       | 1.2175       | 0.0545     | 1.1216       | 1.0833       | 0.9382   |           
128    | 2.7856     | 0.3484     | 1.2074       | 1.2298       | 0.0709     | 1.1333       | 1.0925       | 0.9480   |           
129    | 2.7365     | 0.3382     | 1.1915       | 1.2068       | 0.0618     | 1.1267       | 1.0838       | 0.9449   |           
130    | 2.7158     | 0.3251     | 1.1888       | 1.2019       | 0.0607     | 1.1308       | 1.0737       | 0.9014   |           
131    | 2.7309     | 0.3390     | 1.1885       | 1.2035       | 0.0549     | 1.1205       | 1.0914       | 0.9143   | (ADV -0.04)
132    | 2.6985     | 0.3187     | 1.1863       | 1.1936       | 0.0495     | 1.1154       | 1.0825       | 0.8902   |           
133    | 2.7295     | 0.3283     | 1.1907       | 1.2104       | 0.0487     | 1.1221       | 1.0866       | 0.9210   |           
134    | 2.7179     | 0.3155     | 1.1963       | 1.2062       | 0.0581     | 1.1390       | 1.0981       | 0.9088   |           
135    | 2.7554     | 0.3436     | 1.1967       | 1.2151       | 0.0520     | 1.1389       | 1.0941       | 0.8895   |           
136    | 2.7274     | 0.3309     | 1.2011       | 1.1955       | 0.0741     | 1.1443       | 1.0716       | 0.9075   |           
137    | 2.7416     | 0.3365     | 1.2092       | 1.1959       | 0.0494     | 1.1737       | 1.0740       | 0.9539   |           
138    | 2.7617     | 0.3513     | 1.2121       | 1.1983       | 0.0576     | 1.1555       | 1.0813       | 0.9078   |           
139    | 2.7073     | 0.3028     | 1.2076       | 1.1969       | 0.0744     | 1.1661       | 1.0889       | 0.9460   |           
140    | 2.7692     | 0.3336     | 1.2218       | 1.2138       | 0.0576     | 1.1743       | 1.0896       | 0.9645   |           
141    | 2.7620     | 0.3189     | 1.2323       | 1.2107       | 0.0590     | 1.1973       | 1.1131       | 0.9493   |           
142    | 2.7662     | 0.3165     | 1.2282       | 1.2215       | 0.0452     | 1.1825       | 1.1299       | 0.9643   | (ADV -0.04)
143    | 2.7563     | 0.2964     | 1.2258       | 1.2341       | 0.0574     | 1.1916       | 1.1218       | 0.9884   |           
144    | 2.8132     | 0.3536     | 1.2273       | 1.2323       | 0.0537     | 1.1841       | 1.1270       | 1.0407   |           
145    | 2.7772     | 0.3256     | 1.2227       | 1.2289       | 0.0518     | 1.1970       | 1.1108       | 1.0345   |           
146    | 2.7641     | 0.3192     | 1.2228       | 1.2221       | 0.0545     | 1.1789       | 1.1093       | 1.0047   |           
147    | 2.7902     | 0.3253     | 1.2260       | 1.2389       | 0.0542     | 1.1657       | 1.1035       | 1.0147   |           
148    | 2.7602     | 0.3197     | 1.2170       | 1.2236       | 0.0462     | 1.1666       | 1.1011       | 1.0387   |           
149    | 2.7683     | 0.3131     | 1.2243       | 1.2309       | 0.0693     | 1.1926       | 1.1187       | 0.9780   |           
150    | 2.7619     | 0.3079     | 1.2214       | 1.2326       | 0.0381     | 1.1791       | 1.1151       | 0.9205   |           
151    | 2.7808     | 0.3189     | 1.2267       | 1.2352       | 0.0473     | 1.1709       | 1.1166       | 0.9857   |           
152    | 2.7318     | 0.3022     | 1.2173       | 1.2123       | 0.0429     | 1.1788       | 1.1189       | 1.0191   |           
153    | 2.7181     | 0.2803     | 1.2216       | 1.2163       | 0.0573     | 1.2183       | 1.1200       | 0.9459   |           
154    | 2.7863     | 0.3258     | 1.2399       | 1.2205       | 0.0663     | 1.2223       | 1.1104       | 0.9834   |           
155    | 2.7593     | 0.3094     | 1.2267       | 1.2232       | 0.0541     | 1.1991       | 1.1226       | 0.9492   |           
156    | 2.7893     | 0.3264     | 1.2303       | 1.2326       | 0.0518     | 1.1947       | 1.1171       | 0.9732   |           
157    | 2.7948     | 0.3221     | 1.2331       | 1.2397       | 0.0650     | 1.2189       | 1.1453       | 1.0094   |           
158    | 2.7699     | 0.3109     | 1.2254       | 1.2336       | 0.0563     | 1.2112       | 1.1455       | 0.9518   |           
159    | 2.7923     | 0.3147     | 1.2451       | 1.2326       | 0.0468     | 1.2028       | 1.1266       | 0.9192   |           
160    | 2.7965     | 0.3117     | 1.2441       | 1.2407       | 0.0437     | 1.2044       | 1.1473       | 0.9182   | (ADV -0.04)
161    | 2.8051     | 0.3217     | 1.2466       | 1.2368       | 0.0466     | 1.2036       | 1.1325       | 0.9024   |           
162    | 2.8119     | 0.3219     | 1.2548       | 1.2352       | 0.0659     | 1.2153       | 1.1324       | 0.9135   |           
163    | 2.8022     | 0.3153     | 1.2524       | 1.2345       | 0.0422     | 1.1945       | 1.1176       | 0.9582   |           
164    | 2.7507     | 0.2771     | 1.2515       | 1.2221       | 0.0517     | 1.2191       | 1.1426       | 1.0166   |           
165    | 2.7657     | 0.2868     | 1.2530       | 1.2259       | 0.0472     | 1.2101       | 1.1338       | 0.9336   |           
166    | 2.7820     | 0.2868     | 1.2573       | 1.2379       | 0.0538     | 1.2360       | 1.1270       | 1.0107   |           
167    | 2.8108     | 0.3133     | 1.2668       | 1.2308       | 0.0501     | 1.2172       | 1.1466       | 0.9362   |           
168    | 2.7843     | 0.2852     | 1.2575       | 1.2416       | 0.0530     | 1.2132       | 1.1626       | 0.9699   | (ADV -0.03)
169    | 2.7976     | 0.2956     | 1.2605       | 1.2416       | 0.0574     | 1.2258       | 1.1602       | 0.9266   |           
170    | 2.7780     | 0.2836     | 1.2528       | 1.2416       | 0.0404     | 1.2080       | 1.1341       | 0.9238   |           
171    | 2.7969     | 0.2818     | 1.2595       | 1.2556       | 0.0438     | 1.2233       | 1.1361       | 0.9689   |           
172    | 2.7916     | 0.2823     | 1.2628       | 1.2465       | 0.0453     | 1.2298       | 1.1577       | 0.9959   |           
173    | 2.7908     | 0.2847     | 1.2549       | 1.2512       | 0.0639     | 1.2442       | 1.1540       | 0.9920   |           
174    | 2.7820     | 0.2879     | 1.2538       | 1.2403       | 0.0484     | 1.2293       | 1.1658       | 0.9579   |           
175    | 2.8233     | 0.3131     | 1.2598       | 1.2504       | 0.0427     | 1.2313       | 1.1539       | 0.9999   |           
176    | 2.8119     | 0.2989     | 1.2626       | 1.2504       | 0.0467     | 1.2503       | 1.1678       | 0.9810   |           
177    | 2.7915     | 0.2781     | 1.2597       | 1.2538       | 0.0519     | 1.2339       | 1.1757       | 0.9922   | (ADV -0.03)
178    | 2.7880     | 0.2790     | 1.2524       | 1.2566       | 0.0456     | 1.2301       | 1.1738       | 0.9858   | (ADV -0.03)
179    | 2.8001     | 0.2871     | 1.2592       | 1.2538       | 0.0489     | 1.2459       | 1.1771       | 1.0034   |           
180    | 2.8121     | 0.2945     | 1.2593       | 1.2583       | 0.0448     | 1.2132       | 1.1765       | 0.9960   | (ADV -0.03)
181    | 2.7892     | 0.2756     | 1.2555       | 1.2581       | 0.0514     | 1.2390       | 1.1776       | 0.9999   |           
182    | 2.8067     | 0.2840     | 1.2602       | 1.2625       | 0.0528     | 1.2603       | 1.1955       | 1.0253   |           
183    | 2.8086     | 0.2824     | 1.2659       | 1.2603       | 0.0443     | 1.2488       | 1.1799       | 0.9802   |           
184    | 2.7896     | 0.2595     | 1.2722       | 1.2578       | 0.0589     | 1.2632       | 1.1888       | 1.0151   |           
185    | 2.8309     | 0.2972     | 1.2762       | 1.2576       | 0.0421     | 1.2488       | 1.1689       | 1.0298   |           
186    | 2.8263     | 0.2875     | 1.2837       | 1.2551       | 0.0401     | 1.2566       | 1.1850       | 0.9899   |           
187    | 2.8284     | 0.2961     | 1.2760       | 1.2562       | 0.0537     | 1.2515       | 1.1827       | 1.0292   |           
188    | 2.7728     | 0.2541     | 1.2732       | 1.2455       | 0.0469     | 1.2501       | 1.1805       | 1.0226   |           
189    | 2.7980     | 0.2614     | 1.2765       | 1.2601       | 0.0508     | 1.2626       | 1.1785       | 0.9608   |           
190    | 2.8295     | 0.2863     | 1.2831       | 1.2601       | 0.0535     | 1.2459       | 1.1824       | 0.9677   |           
191    | 2.8137     | 0.2646     | 1.2846       | 1.2645       | 0.0437     | 1.2530       | 1.1861       | 0.9491   |           
192    | 2.8161     | 0.2759     | 1.2809       | 1.2593       | 0.0439     | 1.2371       | 1.2004       | 0.9973   | (ADV -0.02)
193    | 2.8306     | 0.2787     | 1.2782       | 1.2737       | 0.0569     | 1.2488       | 1.2041       | 0.9952   |           
194    | 2.8687     | 0.3087     | 1.2859       | 1.2741       | 0.0698     | 1.2664       | 1.2082       | 1.0338   |           
195    | 2.8239     | 0.2689     | 1.2834       | 1.2716       | 0.0496     | 1.2612       | 1.2084       | 1.0753   |           
196    | 2.7988     | 0.2542     | 1.2762       | 1.2685       | 0.0491     | 1.2735       | 1.1885       | 1.0672   |           
197    | 2.8102     | 0.2482     | 1.2899       | 1.2721       | 0.0512     | 1.2911       | 1.2181       | 1.0193   |           
198    | 2.8071     | 0.2490     | 1.2928       | 1.2652       | 0.0678     | 1.2719       | 1.1984       | 1.0527   |           
199    | 2.8709     | 0.3013     | 1.2950       | 1.2746       | 0.0514     | 1.2748       | 1.2167       | 0.9571   |           
200    | 2.8045     | 0.2477     | 1.2870       | 1.2698       | 0.0532     | 1.2655       | 1.2150       | 0.9938   |           
201    | 2.7940     | 0.2389     | 1.2900       | 1.2651       | 0.0491     | 1.2712       | 1.2123       | 0.9997   |           
202    | 2.8202     | 0.2495     | 1.2929       | 1.2778       | 0.0377     | 1.2676       | 1.2032       | 0.9850   |           
203    | 2.8167     | 0.2522     | 1.2920       | 1.2725       | 0.0410     | 1.2752       | 1.2250       | 0.9930   | (ADV -0.02)
204    | 2.8155     | 0.2546     | 1.2905       | 1.2704       | 0.0569     | 1.2878       | 1.2058       | 1.0225   |           
205    | 2.8125     | 0.2440     | 1.2989       | 1.2695       | 0.0447     | 1.2799       | 1.2219       | 1.0372   |           
206    | 2.8234     | 0.2402     | 1.3017       | 1.2815       | 0.0360     | 1.2792       | 1.2123       | 1.0182   |           
207    | 2.8274     | 0.2452     | 1.3040       | 1.2781       | 0.0317     | 1.2856       | 1.2247       | 1.0206   | (ADV -0.02)
208    | 2.8446     | 0.2623     | 1.2985       | 1.2838       | 0.0484     | 1.2937       | 1.2305       | 0.9635   |           
209    | 2.8233     | 0.2385     | 1.2987       | 1.2861       | 0.0528     | 1.3062       | 1.2337       | 1.0158   |           
210    | 2.8519     | 0.2584     | 1.3101       | 1.2834       | 0.0374     | 1.2893       | 1.2256       | 1.0416   |           
211    | 2.8361     | 0.2471     | 1.3014       | 1.2877       | 0.0406     | 1.2999       | 1.2347       | 1.0339   |           
212    | 2.8212     | 0.2360     | 1.3034       | 1.2818       | 0.0384     | 1.2942       | 1.2375       | 1.0327   | (ADV -0.02)
213    | 2.8589     | 0.2627     | 1.3077       | 1.2885       | 0.0320     | 1.2900       | 1.2298       | 0.9808   |           
214    | 2.8502     | 0.2520     | 1.3155       | 1.2826       | 0.0398     | 1.2918       | 1.2416       | 1.0040   | (ADV -0.01)
215    | 2.8573     | 0.2652     | 1.3077       | 1.2844       | 0.0414     | 1.2848       | 1.2306       | 0.9722   |           
216    | 2.8377     | 0.2585     | 1.2991       | 1.2801       | 0.0360     | 1.2846       | 1.2388       | 0.9879   | (ADV -0.01)
217    | 2.8450     | 0.2512     | 1.3054       | 1.2884       | 0.0339     | 1.2835       | 1.2324       | 0.9769   |           
218    | 2.8283     | 0.2386     | 1.2982       | 1.2915       | 0.0395     | 1.2967       | 1.2349       | 1.0019   |           
219    | 2.8177     | 0.2275     | 1.3065       | 1.2837       | 0.0390     | 1.2914       | 1.2347       | 1.0225   |           
220    | 2.8052     | 0.2178     | 1.3047       | 1.2826       | 0.0290     | 1.3076       | 1.2441       | 0.9893   |           
221    | 2.8690     | 0.2694     | 1.3128       | 1.2868       | 0.0426     | 1.2917       | 1.2303       | 1.0114   |           
222    | 2.8276     | 0.2257     | 1.3146       | 1.2873       | 0.0353     | 1.2963       | 1.2370       | 0.9178   |           
223    | 2.8575     | 0.2509     | 1.3143       | 1.2922       | 0.0319     | 1.2958       | 1.2605       | 0.9473   | (ADV -0.00)
224    | 2.8297     | 0.2155     | 1.3177       | 1.2965       | 0.0371     | 1.3015       | 1.2613       | 0.9550   |           
225    | 2.8618     | 0.2487     | 1.3153       | 1.2977       | 0.0345     | 1.3040       | 1.2601       | 0.9430   |           
226    | 2.8610     | 0.2427     | 1.3221       | 1.2962       | 0.0318     | 1.3041       | 1.2615       | 0.9867   |           
227    | 2.8269     | 0.2011     | 1.3179       | 1.3079       | 0.0375     | 1.3080       | 1.2604       | 0.9591   |           
228    | 2.8888     | 0.2681     | 1.3188       | 1.3019       | 0.0400     | 1.2953       | 1.2567       | 0.9508   |           
229    | 2.8347     | 0.2188     | 1.3164       | 1.2994       | 0.0315     | 1.2976       | 1.2594       | 0.9627   |           
230    | 2.8619     | 0.2473     | 1.3161       | 1.2985       | 0.0489     | 1.3056       | 1.2607       | 0.9741   |           
231    | 2.8567     | 0.2345     | 1.3165       | 1.3056       | 0.0341     | 1.2892       | 1.2617       | 0.9908   | (ADV -0.00)
232    | 2.8601     | 0.2361     | 1.3129       | 1.3111       | 0.0368     | 1.2943       | 1.2650       | 0.9716   |           
233    | 2.8352     | 0.2146     | 1.3123       | 1.3084       | 0.0466     | 1.3017       | 1.2666       | 1.0073   |           
234    | 2.8771     | 0.2539     | 1.3156       | 1.3077       | 0.0412     | 1.2899       | 1.2615       | 0.9771   |           
235    | 2.8312     | 0.2142     | 1.3106       | 1.3064       | 0.0449     | 1.2993       | 1.2570       | 0.9751   |           
236    | 2.8301     | 0.2041     | 1.3214       | 1.3046       | 0.0437     | 1.3028       | 1.2676       | 0.9642   |           
237    | 2.8455     | 0.2144     | 1.3211       | 1.3100       | 0.0316     | 1.3105       | 1.2698       | 0.9660   |           
238    | 2.8644     | 0.2366     | 1.3157       | 1.3120       | 0.0424     | 1.2993       | 1.2617       | 1.0001   |           
239    | 2.8352     | 0.2105     | 1.3184       | 1.3063       | 0.0445     | 1.3131       | 1.2730       | 0.9993   |           
240    | 2.8718     | 0.2392     | 1.3201       | 1.3126       | 0.0393     | 1.3069       | 1.2624       | 0.9990   |           
241    | 2.8941     | 0.2602     | 1.3215       | 1.3124       | 0.0387     | 1.3044       | 1.2711       | 0.9520   |           
242    | 2.8612     | 0.2328     | 1.3187       | 1.3097       | 0.0398     | 1.3024       | 1.2736       | 0.9388   | (ADV -0.00)
243    | 2.8591     | 0.2307     | 1.3199       | 1.3084       | 0.0377     | 1.3144       | 1.2622       | 0.9793   |           
244    | 2.8573     | 0.2300     | 1.3214       | 1.3059       | 0.0428     | 1.3065       | 1.2729       | 0.9867   |           
245    | 2.8418     | 0.2079     | 1.3239       | 1.3100       | 0.0341     | 1.2970       | 1.2724       | 0.9759   | (ADV -0.00)
246    | 2.8466     | 0.2116     | 1.3225       | 1.3125       | 0.0455     | 1.3173       | 1.2751       | 0.9837   |           
247    | 2.8820     | 0.2374     | 1.3264       | 1.3182       | 0.0410     | 1.3191       | 1.2833       | 0.9691   |           
248    | 2.8767     | 0.2382     | 1.3215       | 1.3170       | 0.0342     | 1.3158       | 1.2676       | 0.9709   |           
249    | 2.8392     | 0.2060     | 1.3245       | 1.3087       | 0.0311     | 1.3087       | 1.2771       | 0.9810   | (ADV -0.00)
250    | 2.8528     | 0.2114     | 1.3224       | 1.3189       | 0.0444     | 1.3143       | 1.2780       | 0.9550   |           
251    | 2.8494     | 0.2078     | 1.3265       | 1.3152       | 0.0396     | 1.3164       | 1.2766       | 0.9153   |           
252    | 2.8494     | 0.2121     | 1.3249       | 1.3124       | 0.0481     | 1.3090       | 1.2795       | 0.9482   |           
253    | 2.8675     | 0.2217     | 1.3289       | 1.3170       | 0.0489     | 1.3182       | 1.2775       | 0.9427   |           
254    | 2.8649     | 0.2216     | 1.3309       | 1.3124       | 0.0351     | 1.3108       | 1.2804       | 0.9789   |           
255    | 2.8736     | 0.2348     | 1.3231       | 1.3157       | 0.0410     | 1.2999       | 1.2833       | 0.9976   | (ADV 0.00)
256    | 2.8378     | 0.1987     | 1.3232       | 1.3159       | 0.0382     | 1.3044       | 1.2945       | 0.9337   | (ADV 0.01)
257    | 2.8854     | 0.2369     | 1.3266       | 1.3219       | 0.0347     | 1.3054       | 1.2917       | 1.0101   |           
258    | 2.8775     | 0.2346     | 1.3223       | 1.3205       | 0.0359     | 1.3071       | 1.2961       | 0.9872   | (ADV 0.01)
259    | 2.8722     | 0.2276     | 1.3220       | 1.3226       | 0.0532     | 1.3118       | 1.3020       | 0.9879   |           
260    | 2.8413     | 0.1935     | 1.3247       | 1.3231       | 0.0479     | 1.3042       | 1.2998       | 0.9978   |           
261    | 2.8351     | 0.1883     | 1.3218       | 1.3250       | 0.0418     | 1.3169       | 1.3000       | 0.9501   |           
262    | 2.8633     | 0.2187     | 1.3190       | 1.3256       | 0.0418     | 1.3145       | 1.3020       | 0.9526   |           
263    | 2.8450     | 0.1944     | 1.3266       | 1.3240       | 0.0466     | 1.3176       | 1.3078       | 0.9869   |           
264    | 2.8654     | 0.2118     | 1.3276       | 1.3260       | 0.0493     | 1.3087       | 1.3008       | 0.9565   |           
265    | 2.8654     | 0.2132     | 1.3227       | 1.3295       | 0.0479     | 1.3144       | 1.3047       | 0.9556   |           
266    | 2.8562     | 0.2016     | 1.3256       | 1.3290       | 0.0440     | 1.3165       | 1.3044       | 0.9562   |           
267    | 2.8757     | 0.2212     | 1.3266       | 1.3279       | 0.0355     | 1.3097       | 1.2991       | 0.9535   | (ADV 0.01)
268    | 2.8674     | 0.2139     | 1.3255       | 1.3280       | 0.0363     | 1.3134       | 1.3001       | 0.9406   |           
269    | 2.8624     | 0.2113     | 1.3265       | 1.3246       | 0.0335     | 1.3111       | 1.2963       | 0.9370   |           
270    | 2.8605     | 0.2075     | 1.3254       | 1.3275       | 0.0402     | 1.3046       | 1.3015       | 0.8909   | (ADV 0.01)
271    | 2.8657     | 0.2091     | 1.3279       | 1.3288       | 0.0473     | 1.3120       | 1.3023       | 0.9275   |           
272    | 2.8670     | 0.2180     | 1.3255       | 1.3234       | 0.0434     | 1.3116       | 1.3023       | 0.9228   |           
273    | 2.8640     | 0.2135     | 1.3258       | 1.3247       | 0.0445     | 1.3064       | 1.2989       | 0.9393   |           
274    | 2.8316     | 0.1836     | 1.3265       | 1.3215       | 0.0391     | 1.3214       | 1.2998       | 0.9199   |           
275    | 2.8662     | 0.2042     | 1.3301       | 1.3319       | 0.0442     | 1.3134       | 1.3152       | 0.9258   | (ADV 0.01)
276    | 2.8657     | 0.2060     | 1.3279       | 1.3318       | 0.0516     | 1.3217       | 1.3093       | 0.9259   |           
277    | 2.8618     | 0.1977     | 1.3326       | 1.3315       | 0.0520     | 1.3260       | 1.3102       | 0.9567   |           
278    | 2.8646     | 0.2013     | 1.3340       | 1.3293       | 0.0343     | 1.3265       | 1.3048       | 0.9367   |           
279    | 2.8836     | 0.2221     | 1.3304       | 1.3310       | 0.0444     | 1.3225       | 1.3093       | 0.9079   |           
280    | 2.8755     | 0.2188     | 1.3277       | 1.3290       | 0.0510     | 1.3203       | 1.3136       | 0.9399   |           
281    | 2.8765     | 0.2184     | 1.3267       | 1.3314       | 0.0510     | 1.3237       | 1.3155       | 1.0268   |           
282    | 2.8913     | 0.2284     | 1.3318       | 1.3311       | 0.0521     | 1.3201       | 1.3082       | 0.9013   |           
283    | 2.8820     | 0.2204     | 1.3294       | 1.3321       | 0.0474     | 1.3248       | 1.3134       | 0.8811   |           
284    | 2.8622     | 0.2029     | 1.3311       | 1.3282       | 0.0423     | 1.3210       | 1.3141       | 0.9172   |           
285    | 2.8907     | 0.2322     | 1.3288       | 1.3298       | 0.0490     | 1.3206       | 1.3088       | 0.8876   |           
286    | 2.8751     | 0.2130     | 1.3315       | 1.3306       | 0.0494     | 1.3095       | 1.3070       | 0.9058   |           
287    | 2.8838     | 0.2267     | 1.3298       | 1.3273       | 0.0348     | 1.3070       | 1.3106       | 0.9185   | (ADV 0.01)
288    | 2.8585     | 0.2036     | 1.3256       | 1.3293       | 0.0463     | 1.3158       | 1.3116       | 0.8967   |           
289    | 2.8498     | 0.1904     | 1.3297       | 1.3297       | 0.0411     | 1.3136       | 1.3052       | 0.9289   |           
290    | 2.8526     | 0.1861     | 1.3325       | 1.3340       | 0.0460     | 1.3186       | 1.3147       | 0.8784   |           
291    | 2.8753     | 0.2041     | 1.3327       | 1.3385       | 0.0393     | 1.3187       | 1.3089       | 0.9249   |           
292    | 2.8718     | 0.2111     | 1.3327       | 1.3279       | 0.0540     | 1.3296       | 1.3079       | 0.9056   |           
293    | 2.8614     | 0.1927     | 1.3385       | 1.3302       | 0.0464     | 1.3193       | 1.3103       | 0.8976   |           
294    | 2.8661     | 0.1993     | 1.3345       | 1.3322       | 0.0343     | 1.3259       | 1.3104       | 0.9144   |           
295    | 2.8812     | 0.2174     | 1.3320       | 1.3317       | 0.0358     | 1.3226       | 1.3195       | 0.9226   | (ADV 0.01)
296    | 2.8658     | 0.2019     | 1.3319       | 1.3320       | 0.0410     | 1.3083       | 1.3004       | 0.9152   |           
297    | 2.8699     | 0.2146     | 1.3283       | 1.3270       | 0.0586     | 1.3155       | 1.3152       | 0.9096   |           
298    | 2.8659     | 0.1952     | 1.3331       | 1.3377       | 0.0318     | 1.3253       | 1.3155       | 0.8766   |           
299    | 2.8723     | 0.2012     | 1.3330       | 1.3381       | 0.0382     | 1.3177       | 1.3074       | 0.8630   |           
300    | 2.8571     | 0.1827     | 1.3369       | 1.3375       | 0.0426     | 1.3296       | 1.3218       | 0.8803   |           
301    | 2.8749     | 0.2057     | 1.3296       | 1.3396       | 0.0460     | 1.3192       | 1.3254       | 0.9003   |           
302    | 2.8522     | 0.1792     | 1.3325       | 1.3405       | 0.0416     | 1.3243       | 1.3245       | 0.8827   |           
303    | 2.8602     | 0.1896     | 1.3328       | 1.3379       | 0.0388     | 1.3200       | 1.3171       | 0.9078   |           
304    | 2.8563     | 0.1837     | 1.3331       | 1.3395       | 0.0476     | 1.3228       | 1.3198       | 0.8929   |           
305    | 2.8497     | 0.1806     | 1.3346       | 1.3346       | 0.0431     | 1.3278       | 1.3163       | 0.8913   |           
306    | 2.8804     | 0.2047     | 1.3396       | 1.3361       | 0.0471     | 1.3215       | 1.3090       | 0.9011   |           
307    | 2.8694     | 0.2011     | 1.3329       | 1.3354       | 0.0458     | 1.3227       | 1.3108       | 0.8868   |           
308    | 2.8537     | 0.1888     | 1.3322       | 1.3327       | 0.0463     | 1.3080       | 1.3083       | 0.9009   |           
309    | 2.8474     | 0.1862     | 1.3299       | 1.3313       | 0.0338     | 1.3223       | 1.3165       | 0.9411   |           
310    | 2.8309     | 0.1663     | 1.3319       | 1.3327       | 0.0655     | 1.3210       | 1.3145       | 0.8990   |           
311    | 2.8758     | 0.2133     | 1.3286       | 1.3339       | 0.0461     | 1.3169       | 1.3059       | 0.9076   |           
312    | 2.8692     | 0.2016     | 1.3294       | 1.3382       | 0.0423     | 1.3067       | 1.3175       | 0.9374   |           
313    | 2.8373     | 0.1699     | 1.3298       | 1.3376       | 0.0470     | 1.3280       | 1.3170       | 0.9004   |           
314    | 2.8464     | 0.1785     | 1.3307       | 1.3372       | 0.0353     | 1.3261       | 1.3130       | 0.8816   |           
315    | 2.8497     | 0.1916     | 1.3303       | 1.3278       | 0.0425     | 1.3190       | 1.3109       | 0.9023   |           
316    | 2.8590     | 0.1914     | 1.3324       | 1.3352       | 0.0409     | 1.3186       | 1.3118       | 0.8813   |           
317    | 2.8760     | 0.2059     | 1.3334       | 1.3367       | 0.0489     | 1.3188       | 1.3129       | 0.9551   |           
318    | 2.8485     | 0.1822     | 1.3283       | 1.3381       | 0.0412     | 1.3146       | 1.3120       | 0.8916   |           
319    | 2.8452     | 0.1726     | 1.3318       | 1.3407       | 0.0506     | 1.3216       | 1.3172       | 0.9589   |           
320    | 2.8509     | 0.1857     | 1.3293       | 1.3358       | 0.0445     | 1.3195       | 1.3155       | 0.9148   |           
321    | 2.8447     | 0.1795     | 1.3290       | 1.3362       | 0.0371     | 1.3293       | 1.3220       | 0.9756   |           
322    | 2.8784     | 0.2062     | 1.3338       | 1.3384       | 0.0346     | 1.3215       | 1.3147       | 0.9767   |           
323    | 2.8624     | 0.1877     | 1.3329       | 1.3419       | 0.0516     | 1.3257       | 1.3217       | 0.9514   |           
324    | 2.8445     | 0.1780     | 1.3302       | 1.3363       | 0.0467     | 1.3223       | 1.3167       | 0.9733   |           
325    | 2.8607     | 0.1888     | 1.3335       | 1.3385       | 0.0479     | 1.3264       | 1.3155       | 0.9056   |           
326    | 2.8538     | 0.1823     | 1.3343       | 1.3372       | 0.0628     | 1.3200       | 1.3187       | 0.9937   |           
327    | 2.8877     | 0.2227     | 1.3306       | 1.3345       | 0.0421     | 1.3164       | 1.3156       | 0.9944   |           
328    | 2.8215     | 0.1526     | 1.3304       | 1.3384       | 0.0393     | 1.3296       | 1.3156       | 0.9739   |           
329    | 2.8508     | 0.1771     | 1.3373       | 1.3364       | 0.0520     | 1.3294       | 1.3158       | 0.9980   |           
330    | 2.8733     | 0.1990     | 1.3357       | 1.3385       | 0.0403     | 1.3194       | 1.3125       | 0.9366   |           
331    | 2.8359     | 0.1674     | 1.3319       | 1.3365       | 0.0392     | 1.3178       | 1.3120       | 0.9381   |           
332    | 2.8680     | 0.1966     | 1.3333       | 1.3381       | 0.0427     | 1.3186       | 1.3102       | 0.9176   |           
333    | 2.8784     | 0.2061     | 1.3341       | 1.3382       | 0.0595     | 1.3224       | 1.3048       | 0.9245   |           
334    | 2.8415     | 0.1742     | 1.3291       | 1.3382       | 0.0477     | 1.3138       | 1.3103       | 1.0352   |           
335    | 2.8445     | 0.1798     | 1.3300       | 1.3348       | 0.0372     | 1.3254       | 1.3138       | 0.8324   |           
336    | 2.8675     | 0.1964     | 1.3360       | 1.3351       | 0.0382     | 1.3242       | 1.3132       | 0.9037   |           
337    | 2.8588     | 0.1905     | 1.3314       | 1.3369       | 0.0486     | 1.3273       | 1.3090       | 0.9917   |           
338    | 2.8694     | 0.1984     | 1.3333       | 1.3377       | 0.0453     | 1.3268       | 1.3112       | 0.9790   |           
339    | 2.8268     | 0.1654     | 1.3291       | 1.3323       | 0.0423     | 1.3219       | 1.3086       | 0.9301   |           
340    | 2.8352     | 0.1550     | 1.3403       | 1.3399       | 0.0421     | 1.3332       | 1.3125       | 0.9912   |           
341    | 2.8775     | 0.1973     | 1.3381       | 1.3421       | 0.0471     | 1.3277       | 1.3172       | 1.0129   |           
/home/mcslab/yutung/MCSLAB_RSSI_RTT_Dataset/FusionCDAN/fusion_cdan_v2_noRSSIDiff.py:201: FutureWarning: DataFrameGroupBy.apply operated on the grouping columns. This behavior is deprecated, and in a future version of pandas the grouping columns will be excluded from the operation. Either pass `include_groups=False` to exclude the groupings or explicitly select the grouping columns after groupby to silence this warning.
  df = df.groupby('Label').apply(
/home/mcslab/yutung/MCSLAB_RSSI_RTT_Dataset/FusionCDAN/fusion_cdan_v2_noRSSIDiff.py:201: FutureWarning: DataFrameGroupBy.apply operated on the grouping columns. This behavior is deprecated, and in a future version of pandas the grouping columns will be excluded from the operation. Either pass `include_groups=False` to exclude the groupings or explicitly select the grouping columns after groupby to silence this warning.
  df = df.groupby('Label').apply(
342    | 2.8701     | 0.1974     | 1.3332       | 1.3396       | 0.0774     | 1.3390       | 1.3198       | 0.9550   |           
343    | 2.8377     | 0.1702     | 1.3331       | 1.3344       | 0.0428     | 1.3355       | 1.3144       | 0.9166   |           
344    | 2.8324     | 0.1608     | 1.3341       | 1.3376       | 0.0623     | 1.3399       | 1.3108       | 0.9118   |           
345    | 2.8607     | 0.1837     | 1.3330       | 1.3440       | 0.0463     | 1.3203       | 1.3128       | 0.9934   |           
346    | 2.8593     | 0.1875     | 1.3339       | 1.3379       | 0.0534     | 1.3261       | 1.3118       | 0.9347   |           
347    | 2.8514     | 0.1846     | 1.3283       | 1.3385       | 0.0572     | 1.3284       | 1.3079       | 0.9532   |           
348    | 2.8773     | 0.2095     | 1.3333       | 1.3344       | 0.0646     | 1.3228       | 1.3019       | 0.9331   |           
349    | 2.8608     | 0.1932     | 1.3362       | 1.3314       | 0.0543     | 1.3218       | 1.3027       | 0.9477   |           
350    | 2.8651     | 0.1896     | 1.3397       | 1.3358       | 0.0482     | 1.3300       | 1.3018       | 0.9290   |           
351    | 2.8406     | 0.1649     | 1.3384       | 1.3374       | 0.0541     | 1.3389       | 1.3083       | 0.9792   |           
352    | 2.8544     | 0.1817     | 1.3345       | 1.3382       | 0.0420     | 1.3334       | 1.3062       | 0.9746   |           
353    | 2.8476     | 0.1777     | 1.3356       | 1.3343       | 0.0531     | 1.3358       | 1.3086       | 0.9799   |           
354    | 2.8821     | 0.2097     | 1.3388       | 1.3336       | 0.0365     | 1.3289       | 1.3076       | 0.9031   |           
355    | 2.8450     | 0.1748     | 1.3361       | 1.3341       | 0.0456     | 1.3320       | 1.3169       | 0.9543   |           
356    | 2.8523     | 0.1780     | 1.3371       | 1.3372       | 0.0472     | 1.3336       | 1.3067       | 0.9233   |           
357    | 2.8400     | 0.1664     | 1.3392       | 1.3345       | 0.0436     | 1.3365       | 1.3187       | 1.0217   |           
358    | 2.8625     | 0.1864     | 1.3422       | 1.3339       | 0.0464     | 1.3357       | 1.3160       | 0.9729   |           
359    | 2.8573     | 0.1874     | 1.3340       | 1.3360       | 0.0324     | 1.3413       | 1.3086       | 1.0008   |           
360    | 2.8809     | 0.2034     | 1.3377       | 1.3398       | 0.0633     | 1.3220       | 1.3181       | 0.9470   |           
361    | 2.8455     | 0.1654     | 1.3401       | 1.3399       | 0.0450     | 1.3341       | 1.3170       | 0.8962   |           
362    | 2.8842     | 0.2116     | 1.3389       | 1.3337       | 0.0489     | 1.3209       | 1.3060       | 0.9480   |           
363    | 2.8485     | 0.1793     | 1.3351       | 1.3342       | 0.0414     | 1.3239       | 1.3176       | 0.8761   |           
364    | 2.8323     | 0.1572     | 1.3363       | 1.3389       | 0.0442     | 1.3298       | 1.3143       | 0.9099   |           
365    | 2.8727     | 0.1959     | 1.3350       | 1.3418       | 0.0540     | 1.3247       | 1.3047       | 0.8966   |           
366    | 2.8643     | 0.1962     | 1.3333       | 1.3348       | 0.0393     | 1.3293       | 1.3099       | 0.9083   |           
367    | 2.8641     | 0.1953     | 1.3321       | 1.3367       | 0.0489     | 1.3269       | 1.3135       | 0.8858   |           
368    | 2.8684     | 0.1965     | 1.3351       | 1.3368       | 0.0571     | 1.3334       | 1.3093       | 0.9363   |           
369    | 2.8492     | 0.1783     | 1.3319       | 1.3390       | 0.0525     | 1.3391       | 1.3184       | 0.9893   |           
370    | 2.8691     | 0.1955     | 1.3362       | 1.3374       | 0.0398     | 1.3193       | 1.3144       | 0.9097   |           
371    | 2.8381     | 0.1636     | 1.3332       | 1.3414       | 0.0429     | 1.3330       | 1.3301       | 0.9438   | (ADV 0.01)
372    | 2.8636     | 0.1800     | 1.3401       | 1.3435       | 0.0496     | 1.3322       | 1.3176       | 0.9473   |           
373    | 2.8556     | 0.1725     | 1.3389       | 1.3441       | 0.0412     | 1.3357       | 1.3198       | 0.8759   |           
374    | 2.8606     | 0.1850     | 1.3343       | 1.3413       | 0.0534     | 1.3441       | 1.3263       | 0.9355   |           
375    | 2.8455     | 0.1574     | 1.3437       | 1.3444       | 0.0367     | 1.3331       | 1.3251       | 0.9100   |           
376    | 2.8512     | 0.1698     | 1.3370       | 1.3444       | 0.0583     | 1.3445       | 1.3172       | 0.9106   |           
377    | 2.8644     | 0.1815     | 1.3409       | 1.3421       | 0.0694     | 1.3459       | 1.3252       | 0.9768   |           
378    | 2.8501     | 0.1658     | 1.3421       | 1.3422       | 0.0539     | 1.3359       | 1.3205       | 0.9697   |           
379    | 2.8793     | 0.2008     | 1.3366       | 1.3418       | 0.0481     | 1.3329       | 1.3099       | 0.9287   |           
380    | 2.8480     | 0.1693     | 1.3383       | 1.3405       | 0.0476     | 1.3323       | 1.3209       | 0.8893   |           
381    | 2.8324     | 0.1542     | 1.3352       | 1.3430       | 0.0491     | 1.3295       | 1.3191       | 0.8695   |           
382    | 2.8262     | 0.1457     | 1.3401       | 1.3404       | 0.0555     | 1.3371       | 1.3159       | 0.9079   |           
383    | 2.8792     | 0.1975     | 1.3378       | 1.3439       | 0.0419     | 1.3278       | 1.3237       | 0.9109   |           
384    | 2.8449     | 0.1691     | 1.3347       | 1.3411       | 0.0525     | 1.3438       | 1.3314       | 0.8807   |           
385    | 2.8667     | 0.1803     | 1.3408       | 1.3457       | 0.0408     | 1.3304       | 1.3269       | 0.8821   |           
386    | 2.8734     | 0.1937     | 1.3370       | 1.3427       | 0.0513     | 1.3346       | 1.3271       | 0.9164   |           
387    | 2.8464     | 0.1680     | 1.3397       | 1.3388       | 0.0614     | 1.3389       | 1.3259       | 0.9114   |           
388    | 2.8540     | 0.1742     | 1.3373       | 1.3425       | 0.0445     | 1.3283       | 1.3262       | 0.8855   |           
389    | 2.8418     | 0.1617     | 1.3375       | 1.3427       | 0.0365     | 1.3392       | 1.3383       | 0.9329   | (ADV 0.02)
390    | 2.8523     | 0.1710     | 1.3372       | 1.3442       | 0.0369     | 1.3417       | 1.3264       | 0.8691   |           
391    | 2.8702     | 0.1924     | 1.3416       | 1.3362       | 0.0347     | 1.3357       | 1.3105       | 0.8692   |           
392    | 2.8505     | 0.1736     | 1.3398       | 1.3370       | 0.0405     | 1.3352       | 1.3070       | 0.8886   |           
393    | 2.8560     | 0.1726     | 1.3386       | 1.3448       | 0.0351     | 1.3379       | 1.3249       | 0.8546   |           
394    | 2.8510     | 0.1684     | 1.3407       | 1.3420       | 0.0540     | 1.3413       | 1.3252       | 0.8704   |           
395    | 2.8448     | 0.1805     | 1.3336       | 1.3307       | 0.0382     | 1.3277       | 1.3183       | 0.8982   |           
396    | 2.8539     | 0.1756     | 1.3372       | 1.3411       | 0.0429     | 1.3356       | 1.3253       | 0.8672   |           
397    | 2.8616     | 0.1798     | 1.3394       | 1.3423       | 0.0432     | 1.3399       | 1.3147       | 0.8793   |           
398    | 2.8424     | 0.1610     | 1.3373       | 1.3440       | 0.0356     | 1.3283       | 1.3289       | 0.8742   |           
399    | 2.8550     | 0.1781     | 1.3371       | 1.3398       | 0.0477     | 1.3387       | 1.3236       | 0.9006   |           
400    | 2.8952     | 0.2174     | 1.3363       | 1.3416       | 0.0344     | 1.3324       | 1.3199       | 0.8511   |           
Seed 6767 | Src Acc: 98.6735 | Src MDE: 0.0160 | Tgt Acc: 32.3469 | Tgt MDE: 0.9329
Start Training Seed 123456...

Start CDAN+E Training... (Entropy Conditioning Enabled)
Epoch  | Total Loss | Tr Cls     | Tr Dom RSSI  | Tr Dom RTT   | Val Cls    | Val RSSI Dls | Val RTT Dls  | Test MDE
------------------------------------------------------------------------------------------------------------------------
1      | 6.2257     | 3.4525     | 1.3865       | 1.3868       | 2.9095     | 1.3871       | 1.3865       | 1.4154   |           
2      | 5.5251     | 2.7529     | 1.3858       | 1.3863       | 2.4097     | 1.3865       | 1.3859       | 1.0948   |           
3      | 5.0787     | 2.3089     | 1.3850       | 1.3848       | 1.9542     | 1.3853       | 1.3841       | 1.0258   |           
4      | 4.7362     | 1.9708     | 1.3830       | 1.3824       | 1.6077     | 1.3830       | 1.3805       | 1.0066   |           
5      | 4.4461     | 1.6902     | 1.3787       | 1.3773       | 1.3044     | 1.3778       | 1.3735       | 0.9445   |           
6      | 4.1953     | 1.4516     | 1.3730       | 1.3707       | 1.0653     | 1.3709       | 1.3637       | 0.9593   |           
7      | 4.0248     | 1.2976     | 1.3656       | 1.3617       | 0.9081     | 1.3628       | 1.3519       | 0.9952   |           
8      | 3.8318     | 1.1304     | 1.3529       | 1.3485       | 0.7322     | 1.3502       | 1.3362       | 0.8953   |           
9      | 3.7047     | 1.0270     | 1.3403       | 1.3374       | 0.6007     | 1.3339       | 1.3175       | 0.9230   |           
10     | 3.5771     | 0.9239     | 1.3282       | 1.3250       | 0.5235     | 1.3169       | 1.2975       | 0.8797   |           
11     | 3.4687     | 0.8455     | 1.3144       | 1.3088       | 0.4283     | 1.2969       | 1.2738       | 0.9177   | (ADV -0.12)
12     | 3.3744     | 0.7811     | 1.2987       | 1.2946       | 0.3516     | 1.2752       | 1.2497       | 0.8788   | (ADV -0.10)
13     | 3.2693     | 0.7166     | 1.2788       | 1.2739       | 0.3144     | 1.2493       | 1.2215       | 0.9274   | (ADV -0.10)
14     | 3.2046     | 0.6766     | 1.2670       | 1.2610       | 0.2740     | 1.2319       | 1.1982       | 0.9225   | (ADV -0.09)
15     | 3.1287     | 0.6326     | 1.2505       | 1.2456       | 0.2609     | 1.2025       | 1.1670       | 0.8810   |           
16     | 3.0635     | 0.6098     | 1.2277       | 1.2260       | 0.2259     | 1.1834       | 1.1449       | 0.8631   | (ADV -0.09)
17     | 3.0100     | 0.5825     | 1.2187       | 1.2088       | 0.2271     | 1.1689       | 1.1216       | 0.8918   |           
18     | 2.9253     | 0.5437     | 1.1911       | 1.1905       | 0.1953     | 1.1306       | 1.0950       | 0.8998   |           
19     | 2.8628     | 0.5203     | 1.1686       | 1.1739       | 0.1804     | 1.1089       | 1.0703       | 0.8796   |           
20     | 2.8052     | 0.4957     | 1.1551       | 1.1544       | 0.1606     | 1.0672       | 1.0353       | 0.8914   |           
21     | 2.7734     | 0.4924     | 1.1340       | 1.1469       | 0.1582     | 1.0513       | 1.0360       | 0.9062   | (ADV -0.08)
22     | 2.7126     | 0.4672     | 1.1169       | 1.1285       | 0.1423     | 1.0218       | 1.0035       | 0.8688   |           
23     | 2.6388     | 0.4325     | 1.0874       | 1.1190       | 0.1428     | 0.9989       | 0.9767       | 0.9104   |           
24     | 2.6300     | 0.4361     | 1.0806       | 1.1134       | 0.1359     | 0.9772       | 0.9678       | 0.8924   |           
25     | 2.5780     | 0.4182     | 1.0616       | 1.0982       | 0.1182     | 0.9514       | 0.9508       | 0.9121   |           
26     | 2.5249     | 0.4017     | 1.0356       | 1.0877       | 0.1221     | 0.9344       | 0.9240       | 0.8627   |           
27     | 2.5017     | 0.3979     | 1.0243       | 1.0795       | 0.1163     | 0.9056       | 0.9124       | 0.8747   |           
28     | 2.4625     | 0.3850     | 1.0065       | 1.0710       | 0.1093     | 0.8871       | 0.9008       | 0.8408   |           
29     | 2.4420     | 0.3786     | 1.0048       | 1.0585       | 0.1185     | 0.8767       | 0.8941       | 0.8786   |           
30     | 2.4186     | 0.3755     | 0.9888       | 1.0543       | 0.1086     | 0.8613       | 0.8885       | 0.8284   |           
31     | 2.4221     | 0.3884     | 0.9804       | 1.0533       | 0.1036     | 0.8545       | 0.8676       | 0.8638   |           
32     | 2.3986     | 0.3683     | 0.9802       | 1.0501       | 0.0988     | 0.8316       | 0.8615       | 0.8597   |           
33     | 2.4045     | 0.3637     | 0.9869       | 1.0539       | 0.1050     | 0.8369       | 0.8498       | 0.8829   |           
34     | 2.3256     | 0.3417     | 0.9577       | 1.0261       | 0.0984     | 0.8428       | 0.8674       | 0.8558   |           
35     | 2.3526     | 0.3428     | 0.9657       | 1.0442       | 0.0921     | 0.8326       | 0.8544       | 0.8671   |           
36     | 2.3699     | 0.3658     | 0.9598       | 1.0443       | 0.0886     | 0.8323       | 0.8575       | 0.9005   |           
37     | 2.3928     | 0.3677     | 0.9782       | 1.0469       | 0.0962     | 0.8239       | 0.8353       | 0.8949   |           
38     | 2.3623     | 0.3582     | 0.9666       | 1.0375       | 0.0951     | 0.8250       | 0.8423       | 0.9145   |           
39     | 2.3335     | 0.3322     | 0.9678       | 1.0335       | 0.0899     | 0.8308       | 0.8393       | 0.8830   |           
40     | 2.4057     | 0.3748     | 0.9796       | 1.0513       | 0.0917     | 0.8368       | 0.8397       | 0.8741   |           
41     | 2.3882     | 0.3443     | 0.9942       | 1.0496       | 0.0966     | 0.8378       | 0.8488       | 0.8903   |           
42     | 2.3841     | 0.3414     | 0.9899       | 1.0528       | 0.0990     | 0.8650       | 0.8586       | 0.8617   |           
43     | 2.4182     | 0.3391     | 1.0185       | 1.0607       | 0.0858     | 0.8698       | 0.8560       | 0.8640   |           
44     | 2.4448     | 0.3554     | 1.0192       | 1.0701       | 0.0968     | 0.8565       | 0.8357       | 0.9079   |           
45     | 2.4341     | 0.3460     | 1.0244       | 1.0637       | 0.0925     | 0.8905       | 0.8688       | 0.8989   |           
46     | 2.4394     | 0.3368     | 1.0410       | 1.0616       | 0.0879     | 0.8928       | 0.8584       | 0.8506   |           
47     | 2.4500     | 0.3363     | 1.0416       | 1.0720       | 0.0894     | 0.9149       | 0.8744       | 0.8335   |           
48     | 2.4995     | 0.3653     | 1.0551       | 1.0792       | 0.0885     | 0.8970       | 0.8546       | 0.8632   |           
49     | 2.4907     | 0.3571     | 1.0577       | 1.0759       | 0.0937     | 0.9271       | 0.8724       | 0.8595   |           
50     | 2.4659     | 0.3308     | 1.0640       | 1.0712       | 0.0914     | 0.9487       | 0.8797       | 0.8626   |           
51     | 2.5226     | 0.3559     | 1.0917       | 1.0750       | 0.0863     | 0.9657       | 0.8957       | 0.8168   |           
52     | 2.5524     | 0.3658     | 1.0940       | 1.0926       | 0.0884     | 0.9526       | 0.8968       | 0.8559   |           
53     | 2.5392     | 0.3596     | 1.0857       | 1.0939       | 0.0969     | 0.9397       | 0.8979       | 0.8761   |           
54     | 2.5418     | 0.3545     | 1.0804       | 1.1068       | 0.0911     | 0.9700       | 0.9023       | 0.9123   |           
55     | 2.6145     | 0.3887     | 1.1126       | 1.1133       | 0.0886     | 0.9654       | 0.8821       | 0.8746   |           
56     | 2.5588     | 0.3695     | 1.0926       | 1.0968       | 0.0885     | 0.9592       | 0.9028       | 0.8475   |           
57     | 2.5348     | 0.3304     | 1.1173       | 1.0872       | 0.0905     | 0.9849       | 0.8862       | 0.8284   |           
58     | 2.5807     | 0.3629     | 1.1122       | 1.1055       | 0.1029     | 0.9678       | 0.9222       | 0.8892   |           
59     | 2.5429     | 0.3516     | 1.0935       | 1.0978       | 0.0815     | 0.9624       | 0.9173       | 0.8389   |           
60     | 2.6193     | 0.3718     | 1.1154       | 1.1321       | 0.0941     | 0.9797       | 0.9231       | 0.8458   |           
61     | 2.5832     | 0.3585     | 1.1005       | 1.1241       | 0.0850     | 0.9641       | 0.9003       | 0.8888   |           
62     | 2.5941     | 0.3632     | 1.0939       | 1.1370       | 0.0864     | 0.9576       | 0.9057       | 0.9000   |           
63     | 2.6274     | 0.3791     | 1.1012       | 1.1471       | 0.0846     | 0.9615       | 0.9360       | 0.8434   | (ADV -0.08)
64     | 2.5991     | 0.3471     | 1.1138       | 1.1382       | 0.0874     | 0.9759       | 0.9397       | 0.8362   |           
65     | 2.6605     | 0.3702     | 1.1366       | 1.1537       | 0.0874     | 0.9807       | 0.9395       | 0.8918   |           
66     | 2.5983     | 0.3482     | 1.1124       | 1.1376       | 0.0900     | 0.9909       | 0.9469       | 0.9175   |           
67     | 2.6170     | 0.3681     | 1.1005       | 1.1484       | 0.0851     | 0.9789       | 0.9620       | 0.8550   | (ADV -0.08)
68     | 2.6119     | 0.3608     | 1.1078       | 1.1432       | 0.0993     | 0.9955       | 0.9952       | 0.7971   | (ADV -0.07)
69     | 2.6271     | 0.3648     | 1.1150       | 1.1473       | 0.0919     | 0.9926       | 0.9571       | 0.8856   |           
70     | 2.6092     | 0.3407     | 1.1023       | 1.1662       | 0.0909     | 0.9953       | 0.9686       | 0.9080   |           
71     | 2.5887     | 0.3346     | 1.0992       | 1.1550       | 0.0966     | 1.0216       | 1.0091       | 0.9185   | (ADV -0.07)
72     | 2.6186     | 0.3342     | 1.1146       | 1.1698       | 0.0945     | 1.0122       | 0.9916       | 0.8882   |           
73     | 2.6549     | 0.3495     | 1.1317       | 1.1736       | 0.0933     | 1.0071       | 1.0163       | 0.8911   | (ADV -0.07)
74     | 2.7005     | 0.3815     | 1.1355       | 1.1835       | 0.0999     | 1.0045       | 0.9990       | 0.9165   |           
75     | 2.6416     | 0.3456     | 1.1187       | 1.1773       | 0.0961     | 1.0132       | 0.9999       | 0.9080   |           
76     | 2.6665     | 0.3557     | 1.1384       | 1.1725       | 0.0866     | 1.0067       | 0.9993       | 0.9076   | (ADV -0.07)
77     | 2.6964     | 0.3783     | 1.1373       | 1.1809       | 0.1097     | 1.0072       | 1.0139       | 0.9161   |           
78     | 2.6855     | 0.3576     | 1.1471       | 1.1808       | 0.1005     | 1.0271       | 1.0233       | 0.9583   | (ADV -0.07)
79     | 2.7025     | 0.3758     | 1.1537       | 1.1729       | 0.1087     | 1.0277       | 0.9920       | 0.8962   |           
80     | 2.6700     | 0.3547     | 1.1411       | 1.1742       | 0.0963     | 1.0039       | 0.9973       | 0.9408   |           
81     | 2.6266     | 0.3274     | 1.1309       | 1.1683       | 0.0881     | 0.9997       | 1.0103       | 0.9061   |           
82     | 2.6876     | 0.3547     | 1.1485       | 1.1844       | 0.0976     | 1.0207       | 1.0331       | 0.9255   |           
83     | 2.6919     | 0.3667     | 1.1493       | 1.1759       | 0.0937     | 1.0030       | 1.0029       | 0.9114   |           
84     | 2.6375     | 0.3224     | 1.1481       | 1.1670       | 0.1096     | 1.0345       | 1.0323       | 0.9040   |           
85     | 2.7385     | 0.3918     | 1.1566       | 1.1901       | 0.1010     | 1.0124       | 1.0235       | 0.8550   |           
86     | 2.6952     | 0.3722     | 1.1457       | 1.1773       | 0.0969     | 1.0124       | 1.0164       | 0.8999   |           
87     | 2.6598     | 0.3508     | 1.1441       | 1.1649       | 0.0991     | 1.0242       | 1.0083       | 0.8980   |           
88     | 2.6629     | 0.3438     | 1.1627       | 1.1565       | 0.0966     | 1.0418       | 1.0059       | 0.9251   |           
89     | 2.6934     | 0.3642     | 1.1737       | 1.1555       | 0.1021     | 1.0285       | 1.0034       | 0.9363   |           
90     | 2.6691     | 0.3618     | 1.1526       | 1.1547       | 0.1019     | 1.0357       | 1.0081       | 0.8902   |           
91     | 2.6616     | 0.3424     | 1.1532       | 1.1660       | 0.1039     | 1.0343       | 1.0099       | 0.8548   |           
92     | 2.6597     | 0.3428     | 1.1556       | 1.1613       | 0.0952     | 1.0228       | 1.0060       | 0.7899   |           
93     | 2.6854     | 0.3659     | 1.1570       | 1.1625       | 0.1150     | 1.0284       | 1.0038       | 0.8847   |           
94     | 2.7154     | 0.3719     | 1.1676       | 1.1759       | 0.0937     | 1.0322       | 0.9952       | 0.8360   |           
95     | 2.6418     | 0.3241     | 1.1569       | 1.1608       | 0.0985     | 1.0215       | 1.0129       | 0.8576   |           
96     | 2.7039     | 0.3682     | 1.1508       | 1.1849       | 0.0954     | 1.0262       | 1.0222       | 0.8550   | (ADV -0.06)
97     | 2.6124     | 0.3106     | 1.1284       | 1.1733       | 0.1005     | 1.0221       | 1.0312       | 0.8490   |           
98     | 2.6603     | 0.3336     | 1.1463       | 1.1804       | 0.1036     | 1.0109       | 1.0543       | 0.8001   |           
99     | 2.6666     | 0.3433     | 1.1382       | 1.1851       | 0.0961     | 1.0020       | 1.0422       | 0.7910   |           
100    | 2.7041     | 0.3504     | 1.1590       | 1.1947       | 0.1158     | 1.0221       | 1.0391       | 0.8452   |           
101    | 2.6601     | 0.3314     | 1.1483       | 1.1804       | 0.1182     | 1.0206       | 1.0397       | 0.8908   |           
102    | 2.6705     | 0.3491     | 1.1414       | 1.1799       | 0.0963     | 1.0185       | 1.0419       | 0.8003   |           
103    | 2.6747     | 0.3538     | 1.1347       | 1.1862       | 0.0896     | 1.0289       | 1.0336       | 0.8276   | (ADV -0.06)
104    | 2.6539     | 0.3348     | 1.1374       | 1.1817       | 0.0989     | 1.0422       | 1.0358       | 0.8439   |           
105    | 2.6610     | 0.3401     | 1.1462       | 1.1746       | 0.1010     | 1.0326       | 1.0615       | 0.8768   |           
106    | 2.6651     | 0.3395     | 1.1438       | 1.1819       | 0.1025     | 1.0296       | 1.0512       | 0.9083   |           
107    | 2.6503     | 0.3252     | 1.1410       | 1.1841       | 0.1251     | 1.0524       | 1.0515       | 0.8568   |           
108    | 2.7180     | 0.3501     | 1.1760       | 1.1919       | 0.1072     | 1.0451       | 1.0566       | 0.8517   |           
109    | 2.6066     | 0.3004     | 1.1322       | 1.1740       | 0.1014     | 1.0304       | 1.0614       | 0.8367   |           
110    | 2.6628     | 0.3259     | 1.1542       | 1.1827       | 0.0971     | 1.0459       | 1.0721       | 0.9132   |           
111    | 2.6941     | 0.3492     | 1.1576       | 1.1873       | 0.0994     | 1.0438       | 1.0653       | 0.8556   |           
112    | 2.6876     | 0.3425     | 1.1661       | 1.1789       | 0.0911     | 1.0342       | 1.0532       | 0.8457   |           
113    | 2.6474     | 0.3089     | 1.1562       | 1.1824       | 0.1094     | 1.0765       | 1.0817       | 0.8505   | (ADV -0.06)
114    | 2.6788     | 0.3342     | 1.1554       | 1.1892       | 0.0874     | 1.0525       | 1.0781       | 0.8489   |           
115    | 2.6765     | 0.3267     | 1.1627       | 1.1871       | 0.0930     | 1.0752       | 1.0847       | 0.8496   | (ADV -0.05)
116    | 2.7164     | 0.3505     | 1.1744       | 1.1915       | 0.1101     | 1.0687       | 1.0859       | 0.8885   |           
117    | 2.6423     | 0.3177     | 1.1588       | 1.1657       | 0.0942     | 1.0600       | 1.0822       | 0.8796   |           
118    | 2.6686     | 0.3407     | 1.1619       | 1.1659       | 0.0930     | 1.0689       | 1.0838       | 0.8916   |           
119    | 2.6850     | 0.3415     | 1.1679       | 1.1756       | 0.0997     | 1.0902       | 1.0624       | 0.8762   |           
120    | 2.6831     | 0.3334     | 1.1795       | 1.1702       | 0.1049     | 1.0864       | 1.0534       | 0.9081   |           
121    | 2.6552     | 0.3147     | 1.1690       | 1.1714       | 0.1150     | 1.0859       | 1.0743       | 0.9022   |           
122    | 2.6757     | 0.3176     | 1.1803       | 1.1777       | 0.1070     | 1.0953       | 1.0663       | 0.9585   |           
123    | 2.6890     | 0.3252     | 1.1809       | 1.1828       | 0.1066     | 1.1105       | 1.0885       | 0.9671   |           
124    | 2.6930     | 0.3324     | 1.1824       | 1.1782       | 0.0974     | 1.0958       | 1.0682       | 0.9222   |           
125    | 2.6823     | 0.3236     | 1.1803       | 1.1785       | 0.0941     | 1.0926       | 1.0785       | 0.8461   |           
126    | 2.6883     | 0.3304     | 1.1796       | 1.1782       | 0.1067     | 1.0982       | 1.0792       | 0.8721   |           
127    | 2.6946     | 0.3279     | 1.1903       | 1.1764       | 0.0886     | 1.1092       | 1.0790       | 0.8636   |           
128    | 2.6778     | 0.3082     | 1.1912       | 1.1784       | 0.1032     | 1.1178       | 1.0746       | 0.9023   |           
129    | 2.7080     | 0.3378     | 1.1836       | 1.1865       | 0.0921     | 1.1169       | 1.0941       | 0.8801   | (ADV -0.05)
130    | 2.6690     | 0.3096     | 1.1825       | 1.1770       | 0.1025     | 1.1198       | 1.0841       | 0.8677   |           
131    | 2.7243     | 0.3531     | 1.1857       | 1.1855       | 0.1115     | 1.1165       | 1.1061       | 0.8199   |           
132    | 2.7048     | 0.3241     | 1.1899       | 1.1908       | 0.1060     | 1.1288       | 1.0770       | 0.8537   |           
133    | 2.7138     | 0.3319     | 1.1978       | 1.1841       | 0.1085     | 1.1185       | 1.0688       | 0.8872   |           
134    | 2.6851     | 0.3176     | 1.1941       | 1.1735       | 0.1288     | 1.1311       | 1.0784       | 0.8586   |           
135    | 2.7148     | 0.3287     | 1.2011       | 1.1850       | 0.1062     | 1.1260       | 1.0683       | 0.8118   |           
136    | 2.6971     | 0.3180     | 1.1965       | 1.1825       | 0.1005     | 1.1535       | 1.0694       | 0.8472   |           
137    | 2.7005     | 0.3104     | 1.2063       | 1.1838       | 0.1028     | 1.1563       | 1.0752       | 0.8697   |           
138    | 2.7161     | 0.3145     | 1.2048       | 1.1969       | 0.1053     | 1.1530       | 1.0680       | 0.8577   |           
139    | 2.7377     | 0.3331     | 1.2226       | 1.1820       | 0.0967     | 1.1458       | 1.0663       | 0.8193   |           
140    | 2.7239     | 0.3174     | 1.2184       | 1.1881       | 0.0989     | 1.1671       | 1.1004       | 0.8616   |           
141    | 2.7528     | 0.3356     | 1.2237       | 1.1935       | 0.0934     | 1.1341       | 1.0825       | 0.8425   |           
142    | 2.7129     | 0.3060     | 1.2143       | 1.1926       | 0.0892     | 1.1358       | 1.0860       | 0.8612   |           
143    | 2.7043     | 0.3110     | 1.2097       | 1.1836       | 0.0838     | 1.1406       | 1.0813       | 0.8675   |           
144    | 2.6955     | 0.2910     | 1.2092       | 1.1953       | 0.0894     | 1.1400       | 1.1106       | 0.7872   | (ADV -0.05)
145    | 2.7094     | 0.3062     | 1.2087       | 1.1946       | 0.1052     | 1.1548       | 1.1065       | 0.8650   |           
146    | 2.7388     | 0.3106     | 1.2274       | 1.2008       | 0.0888     | 1.1558       | 1.1036       | 0.8460   |           
147    | 2.7660     | 0.3383     | 1.2186       | 1.2091       | 0.0908     | 1.1509       | 1.1038       | 0.8815   |           
148    | 2.7480     | 0.3043     | 1.2305       | 1.2132       | 0.0969     | 1.1477       | 1.1169       | 0.9042   |           
149    | 2.7471     | 0.3210     | 1.2195       | 1.2066       | 0.0964     | 1.1624       | 1.1192       | 0.7856   |           
150    | 2.7541     | 0.3229     | 1.2156       | 1.2156       | 0.0945     | 1.1486       | 1.1044       | 0.8597   |           
151    | 2.7720     | 0.3309     | 1.2185       | 1.2226       | 0.1048     | 1.1582       | 1.1065       | 0.8780   |           
152    | 2.7593     | 0.3202     | 1.2255       | 1.2135       | 0.0969     | 1.1654       | 1.0797       | 0.8458   |           
153    | 2.7503     | 0.3077     | 1.2388       | 1.2038       | 0.0928     | 1.1485       | 1.0888       | 0.8533   |           
154    | 2.7279     | 0.3000     | 1.2284       | 1.1995       | 0.0900     | 1.1588       | 1.0986       | 0.7963   |           
155    | 2.7542     | 0.3162     | 1.2316       | 1.2063       | 0.0897     | 1.1714       | 1.1202       | 0.9182   |           
156    | 2.7302     | 0.2889     | 1.2341       | 1.2073       | 0.0908     | 1.1827       | 1.1042       | 0.9027   |           
157    | 2.7530     | 0.2983     | 1.2381       | 1.2166       | 0.1147     | 1.1893       | 1.1191       | 0.8624   |           
158    | 2.7628     | 0.2963     | 1.2415       | 1.2251       | 0.0903     | 1.1719       | 1.1186       | 0.7778   |           
159    | 2.7930     | 0.3253     | 1.2444       | 1.2233       | 0.0921     | 1.1823       | 1.1131       | 0.8150   |           
160    | 2.7359     | 0.2734     | 1.2405       | 1.2221       | 0.0987     | 1.1822       | 1.1229       | 0.7885   |           
161    | 2.7530     | 0.2848     | 1.2408       | 1.2274       | 0.0934     | 1.1710       | 1.1261       | 0.7843   |           
162    | 2.7656     | 0.2972     | 1.2416       | 1.2269       | 0.0970     | 1.1711       | 1.1254       | 0.8166   |           
163    | 2.7501     | 0.2924     | 1.2371       | 1.2206       | 0.0874     | 1.1693       | 1.1435       | 0.8253   | (ADV -0.04)
164    | 2.7535     | 0.2837     | 1.2413       | 1.2284       | 0.0852     | 1.1826       | 1.1379       | 0.8126   |           
165    | 2.8103     | 0.3247     | 1.2494       | 1.2362       | 0.0847     | 1.1815       | 1.1424       | 0.9301   |           
166    | 2.7540     | 0.2743     | 1.2452       | 1.2346       | 0.0992     | 1.1982       | 1.1377       | 0.9018   |           
167    | 2.7979     | 0.3120     | 1.2508       | 1.2351       | 0.1000     | 1.1861       | 1.1347       | 0.8459   |           
168    | 2.7723     | 0.2917     | 1.2434       | 1.2372       | 0.0805     | 1.1898       | 1.1307       | 0.8887   |           
169    | 2.7627     | 0.2954     | 1.2367       | 1.2307       | 0.0841     | 1.1980       | 1.1521       | 0.8307   |           
170    | 2.7716     | 0.2843     | 1.2516       | 1.2357       | 0.0795     | 1.1953       | 1.1449       | 0.8972   |           
171    | 2.7737     | 0.2854     | 1.2512       | 1.2370       | 0.0874     | 1.1959       | 1.1396       | 0.8132   |           
172    | 2.7858     | 0.2894     | 1.2550       | 1.2415       | 0.0891     | 1.1987       | 1.1554       | 0.8356   |           
173    | 2.7624     | 0.2732     | 1.2525       | 1.2367       | 0.1014     | 1.2076       | 1.1506       | 0.8389   |           
174    | 2.7624     | 0.2791     | 1.2542       | 1.2291       | 0.0890     | 1.2202       | 1.1543       | 0.8510   |           
175    | 2.7902     | 0.2818     | 1.2664       | 1.2420       | 0.0919     | 1.2222       | 1.1639       | 0.7799   |           
176    | 2.7825     | 0.2996     | 1.2498       | 1.2330       | 0.0875     | 1.2079       | 1.1644       | 0.7958   | (ADV -0.04)
177    | 2.7594     | 0.2746     | 1.2546       | 1.2301       | 0.0802     | 1.2288       | 1.1762       | 0.8926   | (ADV -0.04)
178    | 2.7655     | 0.2720     | 1.2649       | 1.2286       | 0.0873     | 1.2156       | 1.1575       | 0.8404   |           
179    | 2.7774     | 0.2835     | 1.2587       | 1.2352       | 0.0888     | 1.2115       | 1.1734       | 0.8468   |           
180    | 2.8168     | 0.3083     | 1.2588       | 1.2497       | 0.0914     | 1.2173       | 1.1710       | 0.8910   |           
181    | 2.7501     | 0.2603     | 1.2560       | 1.2339       | 0.0848     | 1.2176       | 1.1783       | 0.8909   | (ADV -0.04)
182    | 2.7867     | 0.2739     | 1.2617       | 1.2511       | 0.0913     | 1.2261       | 1.1842       | 0.8882   |           
183    | 2.8029     | 0.2901     | 1.2685       | 1.2443       | 0.0895     | 1.2252       | 1.1885       | 0.9017   | (ADV -0.04)
184    | 2.7966     | 0.2746     | 1.2658       | 1.2562       | 0.0885     | 1.2357       | 1.2034       | 0.9394   | (ADV -0.03)
185    | 2.7775     | 0.2648     | 1.2670       | 1.2456       | 0.0945     | 1.2482       | 1.1982       | 0.8975   |           
186    | 2.7860     | 0.2589     | 1.2713       | 1.2559       | 0.0967     | 1.2453       | 1.2017       | 0.8630   |           
187    | 2.8266     | 0.2960     | 1.2690       | 1.2616       | 0.0862     | 1.2423       | 1.1928       | 0.8675   |           
188    | 2.8087     | 0.2848     | 1.2660       | 1.2579       | 0.0785     | 1.2518       | 1.1965       | 0.8640   |           
189    | 2.7878     | 0.2541     | 1.2758       | 1.2579       | 0.0813     | 1.2417       | 1.2075       | 0.8506   | (ADV -0.03)
190    | 2.8062     | 0.2648     | 1.2805       | 1.2609       | 0.0810     | 1.2442       | 1.1956       | 0.9070   |           
191    | 2.7971     | 0.2619     | 1.2767       | 1.2585       | 0.0779     | 1.2457       | 1.2021       | 0.9867   |           
192    | 2.7894     | 0.2562     | 1.2762       | 1.2570       | 0.0793     | 1.2579       | 1.1994       | 0.8666   |           
193    | 2.7957     | 0.2496     | 1.2878       | 1.2584       | 0.0717     | 1.2643       | 1.1998       | 0.9182   |           
194    | 2.8550     | 0.2915     | 1.2935       | 1.2700       | 0.1004     | 1.2820       | 1.2190       | 0.8883   |           
195    | 2.7989     | 0.2439     | 1.2882       | 1.2668       | 0.0825     | 1.2915       | 1.2082       | 0.8918   |           
196    | 2.8195     | 0.2562     | 1.3022       | 1.2611       | 0.0753     | 1.2790       | 1.2029       | 0.8810   |           
197    | 2.8227     | 0.2521     | 1.2972       | 1.2734       | 0.0839     | 1.2899       | 1.2128       | 0.9188   |           
198    | 2.8108     | 0.2451     | 1.2971       | 1.2686       | 0.0852     | 1.2930       | 1.2160       | 0.8390   |           
199    | 2.8440     | 0.2623     | 1.3027       | 1.2790       | 0.0785     | 1.2913       | 1.2268       | 0.8750   |           
200    | 2.8421     | 0.2620     | 1.2993       | 1.2808       | 0.0757     | 1.2813       | 1.2176       | 0.8655   |           
201    | 2.7883     | 0.2212     | 1.2933       | 1.2737       | 0.0737     | 1.3044       | 1.2323       | 0.9086   |           
202    | 2.8474     | 0.2568     | 1.3081       | 1.2824       | 0.0691     | 1.3101       | 1.2270       | 0.8610   |           
203    | 2.8288     | 0.2442     | 1.3026       | 1.2820       | 0.0743     | 1.2983       | 1.2318       | 0.8883   | (ADV -0.03)
204    | 2.8862     | 0.2870     | 1.3095       | 1.2897       | 0.0700     | 1.2974       | 1.2195       | 0.9092   |           
205    | 2.8102     | 0.2339     | 1.2995       | 1.2767       | 0.0692     | 1.3079       | 1.2267       | 0.8709   |           
206    | 2.8481     | 0.2527     | 1.3059       | 1.2894       | 0.0735     | 1.3050       | 1.2337       | 0.9180   |           
207    | 2.8295     | 0.2335     | 1.3099       | 1.2861       | 0.0744     | 1.3098       | 1.2314       | 0.9133   |           
208    | 2.8577     | 0.2633     | 1.3129       | 1.2815       | 0.0707     | 1.3011       | 1.2370       | 0.8942   | (ADV -0.03)
209    | 2.8454     | 0.2382     | 1.3132       | 1.2940       | 0.0615     | 1.3068       | 1.2264       | 0.9202   |           
210    | 2.8477     | 0.2429     | 1.3136       | 1.2912       | 0.0670     | 1.2963       | 1.2334       | 0.9228   | (ADV -0.03)
211    | 2.8211     | 0.2186     | 1.3148       | 1.2877       | 0.0690     | 1.3160       | 1.2439       | 0.8777   |           
212    | 2.8558     | 0.2420     | 1.3151       | 1.2987       | 0.0785     | 1.3115       | 1.2427       | 0.9073   |           
213    | 2.8430     | 0.2342     | 1.3092       | 1.2996       | 0.0762     | 1.3109       | 1.2479       | 0.8972   | (ADV -0.03)
214    | 2.8592     | 0.2506     | 1.3117       | 1.2969       | 0.0694     | 1.3105       | 1.2373       | 0.8622   |           
215    | 2.8358     | 0.2291     | 1.3101       | 1.2967       | 0.0730     | 1.3118       | 1.2467       | 0.8544   | (ADV -0.03)
216    | 2.8481     | 0.2399     | 1.3101       | 1.2982       | 0.0788     | 1.3198       | 1.2359       | 0.8600   |           
217    | 2.8522     | 0.2413     | 1.3107       | 1.3002       | 0.0683     | 1.3006       | 1.2456       | 0.8959   | (ADV -0.02)
218    | 2.8162     | 0.2097     | 1.3072       | 1.2992       | 0.0635     | 1.3076       | 1.2517       | 0.8703   | (ADV -0.02)
219    | 2.8554     | 0.2314     | 1.3176       | 1.3064       | 0.0752     | 1.3123       | 1.2572       | 0.8697   |           
220    | 2.8556     | 0.2381     | 1.3093       | 1.3082       | 0.0659     | 1.2993       | 1.2581       | 0.8697   | (ADV -0.02)
221    | 2.8221     | 0.2058     | 1.3101       | 1.3062       | 0.0715     | 1.3054       | 1.2637       | 0.8710   |           
222    | 2.9044     | 0.2762     | 1.3161       | 1.3122       | 0.0759     | 1.3084       | 1.2685       | 0.8822   |           
223    | 2.8688     | 0.2475     | 1.3109       | 1.3104       | 0.0696     | 1.3103       | 1.2635       | 0.8840   |           
224    | 2.8553     | 0.2259     | 1.3174       | 1.3121       | 0.0721     | 1.3189       | 1.2679       | 0.8604   |           
225    | 2.8707     | 0.2386     | 1.3207       | 1.3114       | 0.0708     | 1.3130       | 1.2705       | 0.8486   | (ADV -0.02)
226    | 2.8645     | 0.2326     | 1.3151       | 1.3169       | 0.0703     | 1.3209       | 1.2744       | 0.8019   | (ADV -0.02)
227    | 2.8565     | 0.2216     | 1.3184       | 1.3165       | 0.0683     | 1.3169       | 1.2799       | 0.8353   | (ADV -0.01)
228    | 2.8649     | 0.2359     | 1.3152       | 1.3138       | 0.0609     | 1.3184       | 1.2750       | 0.9048   |           
229    | 2.8639     | 0.2313     | 1.3200       | 1.3127       | 0.0674     | 1.3207       | 1.2714       | 0.9300   |           
230    | 2.8605     | 0.2210     | 1.3218       | 1.3176       | 0.0741     | 1.3296       | 1.2930       | 0.8878   | (ADV -0.01)
231    | 2.8947     | 0.2540     | 1.3213       | 1.3194       | 0.0777     | 1.3258       | 1.2814       | 0.9163   |           
232    | 2.8873     | 0.2464     | 1.3204       | 1.3205       | 0.0769     | 1.3223       | 1.2805       | 0.8472   |           
233    | 2.8567     | 0.2184     | 1.3214       | 1.3168       | 0.0715     | 1.3274       | 1.2891       | 0.8521   |           
234    | 2.8658     | 0.2192     | 1.3260       | 1.3205       | 0.0809     | 1.3237       | 1.2895       | 0.8435   |           
235    | 2.8402     | 0.2027     | 1.3187       | 1.3188       | 0.0762     | 1.3303       | 1.2954       | 0.8542   | (ADV -0.01)
236    | 2.8550     | 0.2122     | 1.3221       | 1.3207       | 0.0742     | 1.3314       | 1.2827       | 0.8310   |           
237    | 2.8371     | 0.1947     | 1.3249       | 1.3175       | 0.0673     | 1.3311       | 1.2979       | 0.8686   | (ADV -0.01)
238    | 2.8855     | 0.2359     | 1.3286       | 1.3210       | 0.0787     | 1.3257       | 1.2818       | 0.8546   |           
239    | 2.8600     | 0.2212     | 1.3227       | 1.3161       | 0.0682     | 1.3244       | 1.2909       | 0.8448   |           
240    | 2.8714     | 0.2265     | 1.3246       | 1.3203       | 0.0759     | 1.3257       | 1.2902       | 0.8089   |           
241    | 2.8506     | 0.2088     | 1.3236       | 1.3182       | 0.0709     | 1.3285       | 1.2845       | 0.7786   |           
242    | 2.8486     | 0.2039     | 1.3273       | 1.3174       | 0.0725     | 1.3297       | 1.2919       | 0.8134   |           
243    | 2.8788     | 0.2264     | 1.3304       | 1.3219       | 0.0740     | 1.3268       | 1.2986       | 0.7691   |           
244    | 2.8586     | 0.2058     | 1.3286       | 1.3242       | 0.0714     | 1.3291       | 1.2950       | 0.7925   |           
245    | 2.8666     | 0.2133     | 1.3315       | 1.3217       | 0.0724     | 1.3347       | 1.2920       | 0.7837   |           
246    | 2.8639     | 0.2175     | 1.3277       | 1.3187       | 0.0673     | 1.3143       | 1.2892       | 0.8374   |           
247    | 2.8160     | 0.1789     | 1.3219       | 1.3152       | 0.0629     | 1.3285       | 1.3036       | 0.8417   | (ADV -0.00)
248    | 2.8530     | 0.2010     | 1.3302       | 1.3218       | 0.0795     | 1.3283       | 1.3044       | 0.8495   |           
249    | 2.8671     | 0.2084     | 1.3334       | 1.3254       | 0.0668     | 1.3282       | 1.2980       | 0.7987   |           
250    | 2.8488     | 0.1975     | 1.3299       | 1.3214       | 0.0736     | 1.3260       | 1.3021       | 0.8019   |           
251    | 2.8553     | 0.1968     | 1.3285       | 1.3299       | 0.0774     | 1.3200       | 1.2976       | 0.7937   |           
252    | 2.8600     | 0.2031     | 1.3292       | 1.3278       | 0.0794     | 1.3261       | 1.3085       | 0.8567   |           
253    | 2.8632     | 0.2074     | 1.3303       | 1.3254       | 0.0811     | 1.3264       | 1.2955       | 0.8182   |           
254    | 2.8528     | 0.2020     | 1.3284       | 1.3223       | 0.0716     | 1.3293       | 1.2949       | 0.8768   |           
255    | 2.8693     | 0.2114     | 1.3278       | 1.3301       | 0.0764     | 1.3219       | 1.2939       | 0.8762   |           
256    | 2.8394     | 0.1892     | 1.3285       | 1.3217       | 0.0830     | 1.3321       | 1.2994       | 0.8676   |           
257    | 2.8767     | 0.2193     | 1.3304       | 1.3269       | 0.0802     | 1.3307       | 1.3010       | 0.8996   |           
258    | 2.8650     | 0.2107     | 1.3290       | 1.3253       | 0.0907     | 1.3366       | 1.3021       | 0.8543   |           
259    | 2.8613     | 0.2043     | 1.3340       | 1.3231       | 0.0790     | 1.3287       | 1.2878       | 0.9089   |           
260    | 2.8582     | 0.2034     | 1.3308       | 1.3240       | 0.0750     | 1.3255       | 1.3048       | 0.8481   |           
261    | 2.8669     | 0.2102     | 1.3311       | 1.3256       | 0.0788     | 1.3399       | 1.3086       | 0.8697   |           
262    | 2.8389     | 0.1838     | 1.3295       | 1.3256       | 0.0768     | 1.3318       | 1.3037       | 0.8962   |           
263    | 2.8721     | 0.2175     | 1.3293       | 1.3252       | 0.0714     | 1.3332       | 1.2965       | 0.8324   |           
264    | 2.8659     | 0.2002     | 1.3335       | 1.3322       | 0.0809     | 1.3347       | 1.3068       | 0.8694   |           
265    | 2.8503     | 0.1921     | 1.3307       | 1.3274       | 0.0739     | 1.3322       | 1.3040       | 0.8635   |           
266    | 2.8915     | 0.2264     | 1.3346       | 1.3306       | 0.0804     | 1.3332       | 1.3093       | 0.8380   |           
267    | 2.8668     | 0.2155     | 1.3290       | 1.3223       | 0.0738     | 1.3190       | 1.3062       | 0.8296   |           
268    | 2.8482     | 0.1934     | 1.3295       | 1.3253       | 0.0659     | 1.3248       | 1.2919       | 0.9059   |           
269    | 2.8317     | 0.1766     | 1.3313       | 1.3238       | 0.0778     | 1.3321       | 1.3138       | 0.8606   |           
270    | 2.8732     | 0.2145     | 1.3299       | 1.3289       | 0.0663     | 1.3253       | 1.3029       | 0.8251   |           
271    | 2.8470     | 0.1919     | 1.3296       | 1.3255       | 0.0771     | 1.3264       | 1.3031       | 0.8381   |           
272    | 2.8523     | 0.1946     | 1.3334       | 1.3244       | 0.0775     | 1.3281       | 1.3014       | 0.8353   |           
273    | 2.8577     | 0.1945     | 1.3346       | 1.3286       | 0.0722     | 1.3398       | 1.3118       | 0.7868   |           
274    | 2.8486     | 0.1911     | 1.3302       | 1.3273       | 0.0741     | 1.3311       | 1.3015       | 0.8255   |           
275    | 2.8615     | 0.2031     | 1.3318       | 1.3266       | 0.0792     | 1.3310       | 1.2906       | 0.8094   |           
276    | 2.8311     | 0.1759     | 1.3308       | 1.3244       | 0.0761     | 1.3304       | 1.3091       | 0.8062   |           
277    | 2.8683     | 0.2044     | 1.3332       | 1.3306       | 0.0787     | 1.3314       | 1.3076       | 0.8025   |           
278    | 2.8753     | 0.2112     | 1.3347       | 1.3295       | 0.0813     | 1.3330       | 1.3081       | 0.8258   |           
279    | 2.8820     | 0.2148     | 1.3354       | 1.3319       | 0.0811     | 1.3256       | 1.2954       | 0.8132   |           
280    | 2.8511     | 0.1976     | 1.3278       | 1.3257       | 0.0723     | 1.3284       | 1.2985       | 0.7233   |           
281    | 2.8556     | 0.1896     | 1.3331       | 1.3329       | 0.0690     | 1.3289       | 1.3009       | 0.7199   |           
282    | 2.8508     | 0.1909     | 1.3304       | 1.3294       | 0.0733     | 1.3353       | 1.3118       | 0.7700   |           
283    | 2.8691     | 0.2052     | 1.3346       | 1.3292       | 0.0865     | 1.3307       | 1.2961       | 0.7219   |           
284    | 2.8551     | 0.1870     | 1.3340       | 1.3341       | 0.0772     | 1.3316       | 1.3129       | 0.7205   |           
285    | 2.8460     | 0.1812     | 1.3326       | 1.3323       | 0.0783     | 1.3299       | 1.3029       | 0.7869   |           
286    | 2.8311     | 0.1682     | 1.3325       | 1.3305       | 0.0685     | 1.3304       | 1.3108       | 0.8270   | (ADV -0.00)
287    | 2.8468     | 0.1761     | 1.3359       | 1.3347       | 0.0747     | 1.3314       | 1.3072       | 0.7421   |           
288    | 2.8595     | 0.1915     | 1.3374       | 1.3306       | 0.0868     | 1.3302       | 1.3050       | 0.7072   |           
289    | 2.8363     | 0.1644     | 1.3384       | 1.3336       | 0.0720     | 1.3358       | 1.3094       | 0.7946   |           
290    | 2.8397     | 0.1693     | 1.3395       | 1.3309       | 0.0639     | 1.3343       | 1.3162       | 0.7849   | (ADV 0.00)
291    | 2.8639     | 0.1893     | 1.3390       | 1.3356       | 0.0845     | 1.3361       | 1.3078       | 0.7910   |           
292    | 2.8452     | 0.1760     | 1.3363       | 1.3329       | 0.0702     | 1.3407       | 1.3206       | 0.8179   |           
293    | 2.8489     | 0.1788     | 1.3375       | 1.3326       | 0.0723     | 1.3364       | 1.3113       | 0.8134   |           
294    | 2.8374     | 0.1664     | 1.3374       | 1.3336       | 0.0717     | 1.3412       | 1.3162       | 0.7559   |           
295    | 2.8833     | 0.2059     | 1.3388       | 1.3386       | 0.0703     | 1.3399       | 1.3106       | 0.7510   |           
296    | 2.8430     | 0.1776     | 1.3342       | 1.3311       | 0.0760     | 1.3327       | 1.3131       | 0.7571   |           
297    | 2.8425     | 0.1705     | 1.3383       | 1.3336       | 0.0677     | 1.3340       | 1.3168       | 0.7151   |           
298    | 2.8801     | 0.2068     | 1.3393       | 1.3340       | 0.0657     | 1.3354       | 1.3090       | 0.7364   |           
299    | 2.8607     | 0.1933     | 1.3363       | 1.3311       | 0.0782     | 1.3306       | 1.3143       | 0.7325   |           
300    | 2.8425     | 0.1761     | 1.3333       | 1.3331       | 0.0628     | 1.3354       | 1.3164       | 0.7442   | (ADV 0.00)
301    | 2.8675     | 0.1922     | 1.3365       | 1.3388       | 0.0687     | 1.3387       | 1.3093       | 0.7276   |           
302    | 2.8401     | 0.1728     | 1.3348       | 1.3325       | 0.0708     | 1.3355       | 1.3132       | 0.7117   |           
303    | 2.8507     | 0.1812     | 1.3321       | 1.3373       | 0.0748     | 1.3353       | 1.3156       | 0.7176   |           
304    | 2.8550     | 0.1784     | 1.3366       | 1.3401       | 0.0727     | 1.3416       | 1.3223       | 0.7201   |           
305    | 2.8742     | 0.1914     | 1.3398       | 1.3430       | 0.0788     | 1.3324       | 1.3138       | 0.7050   |           
306    | 2.8777     | 0.2046     | 1.3343       | 1.3387       | 0.0741     | 1.3337       | 1.3112       | 0.6975   |           
307    | 2.8472     | 0.1791     | 1.3352       | 1.3329       | 0.0706     | 1.3376       | 1.3204       | 0.7417   |           
308    | 2.8304     | 0.1577     | 1.3388       | 1.3339       | 0.0683     | 1.3383       | 1.3189       | 0.7091   |           
309    | 2.8539     | 0.1774     | 1.3391       | 1.3374       | 0.0769     | 1.3338       | 1.3201       | 0.7322   |           
310    | 2.8522     | 0.1771     | 1.3376       | 1.3375       | 0.0690     | 1.3419       | 1.3175       | 0.7904   |           
311    | 2.8350     | 0.1655     | 1.3351       | 1.3344       | 0.0791     | 1.3391       | 1.3172       | 0.7020   |           
312    | 2.8431     | 0.1664     | 1.3378       | 1.3389       | 0.0900     | 1.3466       | 1.3220       | 0.6693   |           
313    | 2.8599     | 0.1876     | 1.3339       | 1.3384       | 0.0696     | 1.3325       | 1.3192       | 0.7108   |           
314    | 2.8584     | 0.1851     | 1.3372       | 1.3361       | 0.0687     | 1.3419       | 1.3165       | 0.7266   |           
315    | 2.8484     | 0.1756     | 1.3383       | 1.3345       | 0.0701     | 1.3449       | 1.3239       | 0.7683   |           
316    | 2.8578     | 0.1783     | 1.3379       | 1.3416       | 0.0717     | 1.3346       | 1.3220       | 0.7288   |           
317    | 2.8413     | 0.1640     | 1.3384       | 1.3389       | 0.0835     | 1.3385       | 1.3185       | 0.7321   |           
318    | 2.8448     | 0.1685     | 1.3375       | 1.3389       | 0.0715     | 1.3372       | 1.3222       | 0.7605   |           
319    | 2.8451     | 0.1673     | 1.3401       | 1.3377       | 0.0658     | 1.3390       | 1.3225       | 0.7107   | (ADV 0.00)
320    | 2.8467     | 0.1698     | 1.3395       | 1.3375       | 0.0690     | 1.3369       | 1.3152       | 0.7269   |           
321    | 2.8544     | 0.1806     | 1.3368       | 1.3370       | 0.0787     | 1.3417       | 1.3191       | 0.7244   |           
322    | 2.8626     | 0.1904     | 1.3362       | 1.3360       | 0.0751     | 1.3310       | 1.3204       | 0.7237   |           
323    | 2.8265     | 0.1557     | 1.3368       | 1.3341       | 0.0682     | 1.3407       | 1.3258       | 0.7211   | (ADV 0.00)
324    | 2.8488     | 0.1752     | 1.3364       | 1.3372       | 0.0876     | 1.3360       | 1.3200       | 0.7215   |           
325    | 2.8410     | 0.1676     | 1.3384       | 1.3350       | 0.0662     | 1.3432       | 1.3279       | 0.7034   | (ADV 0.00)
326    | 2.8499     | 0.1686     | 1.3410       | 1.3403       | 0.0756     | 1.3411       | 1.3197       | 0.6836   |           
327    | 2.8552     | 0.1759     | 1.3395       | 1.3398       | 0.0792     | 1.3386       | 1.3172       | 0.7342   |           
328    | 2.8342     | 0.1559     | 1.3391       | 1.3392       | 0.0677     | 1.3347       | 1.3196       | 0.7435   |           
329    | 2.8339     | 0.1584     | 1.3375       | 1.3379       | 0.0716     | 1.3375       | 1.3208       | 0.7046   |           
330    | 2.8305     | 0.1557     | 1.3379       | 1.3370       | 0.0703     | 1.3397       | 1.3193       | 0.7370   |           
331    | 2.8584     | 0.1838     | 1.3383       | 1.3363       | 0.0721     | 1.3317       | 1.3203       | 0.7301   |           
332    | 2.8286     | 0.1594     | 1.3335       | 1.3357       | 0.0798     | 1.3396       | 1.3157       | 0.6881   |           
333    | 2.8535     | 0.1810     | 1.3352       | 1.3373       | 0.0799     | 1.3339       | 1.3141       | 0.7636   |           
334    | 2.8576     | 0.1873     | 1.3331       | 1.3373       | 0.0669     | 1.3321       | 1.3221       | 0.7170   |           
335    | 2.8255     | 0.1513     | 1.3364       | 1.3378       | 0.0768     | 1.3386       | 1.3224       | 0.7067   |           
336    | 2.8379     | 0.1632     | 1.3366       | 1.3381       | 0.0701     | 1.3280       | 1.3237       | 0.7070   | (ADV 0.00)
337    | 2.8365     | 0.1626     | 1.3395       | 1.3344       | 0.0750     | 1.3304       | 1.3144       | 0.7057   |           
338    | 2.8448     | 0.1724     | 1.3381       | 1.3344       | 0.0855     | 1.3401       | 1.3232       | 0.7359   |           
339    | 2.8335     | 0.1606     | 1.3367       | 1.3362       | 0.0630     | 1.3361       | 1.3219       | 0.7609   |           
340    | 2.8410     | 0.1599     | 1.3424       | 1.3387       | 0.0829     | 1.3422       | 1.3205       | 0.7263   |           
341    | 2.8435     | 0.1729     | 1.3343       | 1.3363       | 0.0721     | 1.3328       | 1.3207       | 0.7042   |           
342    | 2.8491     | 0.1810     | 1.3352       | 1.3329       | 0.0656     | 1.3340       | 1.3242       | 0.6843   | (ADV 0.00)
343    | 2.8358     | 0.1594     | 1.3359       | 1.3404       | 0.0683     | 1.3244       | 1.3314       | 0.7702   |           
344    | 2.8471     | 0.1699     | 1.3384       | 1.3388       | 0.0743     | 1.3281       | 1.3343       | 0.7702   |           
345    | 2.8545     | 0.1783     | 1.3379       | 1.3383       | 0.0744     | 1.3257       | 1.3230       | 0.7893   |           
346    | 2.8387     | 0.1667     | 1.3362       | 1.3357       | 0.0728     | 1.3305       | 1.3241       | 0.6953   |           
347    | 2.8092     | 0.1378     | 1.3379       | 1.3334       | 0.0693     | 1.3429       | 1.3310       | 0.6879   |           
348    | 2.8408     | 0.1537     | 1.3406       | 1.3464       | 0.0745     | 1.3343       | 1.3313       | 0.7251   | (ADV 0.00)
349    | 2.8560     | 0.1753     | 1.3371       | 1.3436       | 0.0794     | 1.3304       | 1.3310       | 0.7246   |           
350    | 2.8493     | 0.1669     | 1.3396       | 1.3429       | 0.0905     | 1.3326       | 1.3314       | 0.7931   |           
351    | 2.8578     | 0.1816     | 1.3335       | 1.3427       | 0.0735     | 1.3400       | 1.3383       | 0.7617   | (ADV 0.01)
352    | 2.8731     | 0.1967     | 1.3332       | 1.3433       | 0.0651     | 1.3238       | 1.3170       | 0.7139   |           
353    | 2.8353     | 0.1619     | 1.3321       | 1.3412       | 0.0746     | 1.3232       | 1.3232       | 0.7720   |           
354    | 2.8280     | 0.1517     | 1.3330       | 1.3434       | 0.0728     | 1.3310       | 1.3269       | 0.7779   |           
355    | 2.8469     | 0.1749     | 1.3326       | 1.3394       | 0.0726     | 1.3254       | 1.3212       | 0.7198   |           
356    | 2.8395     | 0.1719     | 1.3309       | 1.3367       | 0.0856     | 1.3279       | 1.3184       | 0.7638   |           
357    | 2.8271     | 0.1570     | 1.3311       | 1.3390       | 0.0774     | 1.3300       | 1.3264       | 0.6988   |           
358    | 2.8576     | 0.1743     | 1.3384       | 1.3449       | 0.0816     | 1.3269       | 1.3339       | 0.7924   |           
359    | 2.8646     | 0.1879     | 1.3362       | 1.3406       | 0.0699     | 1.3283       | 1.3280       | 0.8008   |           
360    | 2.8434     | 0.1749     | 1.3318       | 1.3367       | 0.0671     | 1.3245       | 1.3242       | 0.8155   |           
361    | 2.8332     | 0.1625     | 1.3334       | 1.3373       | 0.0721     | 1.3372       | 1.3269       | 0.7258   |           
362    | 2.8382     | 0.1615     | 1.3365       | 1.3402       | 0.0746     | 1.3399       | 1.3278       | 0.7610   |           
363    | 2.8487     | 0.1756     | 1.3328       | 1.3402       | 0.0827     | 1.3275       | 1.3291       | 0.7900   |           
364    | 2.8379     | 0.1633     | 1.3368       | 1.3378       | 0.0882     | 1.3335       | 1.3203       | 0.7673   |           
365    | 2.8427     | 0.1686     | 1.3364       | 1.3377       | 0.0835     | 1.3340       | 1.3256       | 0.8180   |           
366    | 2.8548     | 0.1816     | 1.3366       | 1.3366       | 0.0765     | 1.3326       | 1.3174       | 0.7288   |           
367    | 2.8505     | 0.1699     | 1.3396       | 1.3410       | 0.0666     | 1.3353       | 1.3354       | 0.7354   | (ADV 0.01)
368    | 2.8386     | 0.1609     | 1.3387       | 1.3390       | 0.0925     | 1.3468       | 1.3309       | 0.8269   |           
369    | 2.8741     | 0.2010     | 1.3349       | 1.3382       | 0.1071     | 1.3349       | 1.3279       | 0.7607   |           
370    | 2.8384     | 0.1628     | 1.3386       | 1.3370       | 0.0708     | 1.3368       | 1.3215       | 0.7243   |           
371    | 2.8529     | 0.1779     | 1.3382       | 1.3368       | 0.0651     | 1.3220       | 1.3114       | 0.7698   |           
372    | 2.8426     | 0.1732     | 1.3357       | 1.3338       | 0.0756     | 1.3354       | 1.3245       | 0.7461   |           
373    | 2.8268     | 0.1537     | 1.3352       | 1.3379       | 0.0707     | 1.3341       | 1.3213       | 0.7549   |           
374    | 2.8505     | 0.1725     | 1.3392       | 1.3388       | 0.0702     | 1.3420       | 1.3272       | 0.7158   |           
375    | 2.8576     | 0.1870     | 1.3351       | 1.3355       | 0.0742     | 1.3346       | 1.3203       | 0.7753   |           
376    | 2.8400     | 0.1672     | 1.3349       | 1.3379       | 0.0699     | 1.3329       | 1.3235       | 0.7398   |           
377    | 2.8570     | 0.1781     | 1.3380       | 1.3408       | 0.0661     | 1.3424       | 1.3201       | 0.7303   |           
378    | 2.8307     | 0.1555     | 1.3376       | 1.3376       | 0.0782     | 1.3403       | 1.3227       | 0.7690   |           
379    | 2.8376     | 0.1508     | 1.3443       | 1.3426       | 0.0741     | 1.3395       | 1.3306       | 0.7473   |           
380    | 2.8565     | 0.1733     | 1.3444       | 1.3388       | 0.0786     | 1.3463       | 1.3229       | 0.7197   |           
381    | 2.8325     | 0.1586     | 1.3364       | 1.3376       | 0.0760     | 1.3349       | 1.3198       | 0.7014   |           
382    | 2.8284     | 0.1499     | 1.3387       | 1.3398       | 0.0719     | 1.3442       | 1.3207       | 0.7347   |           
383    | 2.8500     | 0.1696     | 1.3413       | 1.3391       | 0.0714     | 1.3417       | 1.3209       | 0.7536   |           
384    | 2.8599     | 0.1775     | 1.3397       | 1.3426       | 0.0703     | 1.3348       | 1.3193       | 0.7784   |           
385    | 2.8487     | 0.1699     | 1.3417       | 1.3371       | 0.0676     | 1.3408       | 1.3176       | 0.7160   |           
386    | 2.8395     | 0.1581     | 1.3427       | 1.3387       | 0.0733     | 1.3464       | 1.3255       | 0.7129   |           
387    | 2.8557     | 0.1731     | 1.3408       | 1.3418       | 0.0800     | 1.3363       | 1.3189       | 0.7208   |           
388    | 2.8408     | 0.1665     | 1.3365       | 1.3378       | 0.0810     | 1.3406       | 1.3231       | 0.7474   |           
389    | 2.8576     | 0.1748     | 1.3381       | 1.3447       | 0.0658     | 1.3349       | 1.3258       | 0.7301   |           
390    | 2.8384     | 0.1596     | 1.3403       | 1.3385       | 0.0749     | 1.3389       | 1.3236       | 0.6930   |           
391    | 2.8532     | 0.1724     | 1.3396       | 1.3412       | 0.0818     | 1.3402       | 1.3221       | 0.7951   |           
392    | 2.8627     | 0.1850     | 1.3382       | 1.3396       | 0.0684     | 1.3396       | 1.3213       | 0.7323   |           
393    | 2.8294     | 0.1535     | 1.3402       | 1.3357       | 0.0708     | 1.3405       | 1.3179       | 0.7009   |           
394    | 2.8346     | 0.1592     | 1.3368       | 1.3386       | 0.0680     | 1.3354       | 1.3202       | 0.7781   |           
395    | 2.8399     | 0.1605     | 1.3401       | 1.3394       | 0.0712     | 1.3420       | 1.3240       | 0.7859   |           
396    | 2.8583     | 0.1783     | 1.3408       | 1.3392       | 0.0688     | 1.3373       | 1.3232       | 0.7577   |           
397    | 2.8206     | 0.1448     | 1.3367       | 1.3391       | 0.0717     | 1.3410       | 1.3246       | 0.7908   |           
398    | 2.8550     | 0.1776     | 1.3414       | 1.3360       | 0.0911     | 1.3365       | 1.3212       | 0.7053   |           
399    | 2.8331     | 0.1542     | 1.3423       | 1.3366       | 0.0648     | 1.3394       | 1.3189       | 0.7245   |           
400    | 2.8229     | 0.1450     | 1.3402       | 1.3376       | 0.0765     | 1.3381       | 1.3243       | 0.7588   |           
Seed 123456 | Src Acc: 98.9796 | Src MDE: 0.0091 | Tgt Acc: 41.5306 | Tgt MDE: 0.7354
Finished Combo FusionCDAN_1_2_4. Results saved.
