/home/mcslab/yutung/MCSLAB_RSSI_RTT_Dataset/FusionCDAN/fusion_cdan_v2_noRSSIDiff.py:201: FutureWarning: DataFrameGroupBy.apply operated on the grouping columns. This behavior is deprecated, and in a future version of pandas the grouping columns will be excluded from the operation. Either pass `include_groups=False` to exclude the groupings or explicitly select the grouping columns after groupby to silence this warning.
  df = df.groupby('Label').apply(
/home/mcslab/yutung/MCSLAB_RSSI_RTT_Dataset/FusionCDAN/fusion_cdan_v2_noRSSIDiff.py:201: FutureWarning: DataFrameGroupBy.apply operated on the grouping columns. This behavior is deprecated, and in a future version of pandas the grouping columns will be excluded from the operation. Either pass `include_groups=False` to exclude the groupings or explicitly select the grouping columns after groupby to silence this warning.
  df = df.groupby('Label').apply(
==========================================
Current Experiment: RTT Combination: ['Dist_mm_1']
RTT Input Dimension: 1
==========================================
Start Training Seed 42...

Start CDAN+E Training... (Entropy Conditioning Enabled)
Epoch  | Total Loss | Tr Cls     | Tr Dom RSSI  | Tr Dom RTT   | Val Cls    | Val RSSI Dls | Val RTT Dls  | Test MDE
------------------------------------------------------------------------------------------------------------------------
1      | 6.2695     | 3.4969     | 1.3864       | 1.3863       | 3.0021     | 1.3875       | 1.3856       | 1.9887   |           
2      | 5.6216     | 2.8501     | 1.3858       | 1.3857       | 2.6044     | 1.3871       | 1.3850       | 1.7273   |           
3      | 5.2298     | 2.4632     | 1.3835       | 1.3830       | 2.1549     | 1.3870       | 1.3830       | 1.6101   |           
4      | 4.9176     | 2.1562     | 1.3809       | 1.3805       | 1.9131     | 1.3848       | 1.3806       | 1.4527   |           
5      | 4.7053     | 1.9512     | 1.3776       | 1.3765       | 1.6253     | 1.3831       | 1.3771       | 1.3653   |           
6      | 4.5059     | 1.7601     | 1.3721       | 1.3736       | 1.3902     | 1.3800       | 1.3729       | 1.2743   |           
7      | 4.2709     | 1.5425     | 1.3626       | 1.3658       | 1.1768     | 1.3731       | 1.3658       | 1.2619   |           
8      | 4.1811     | 1.4618     | 1.3565       | 1.3628       | 1.1001     | 1.3665       | 1.3593       | 1.2342   |           
9      | 4.0374     | 1.3366     | 1.3472       | 1.3536       | 0.9016     | 1.3569       | 1.3512       | 1.1906   |           
10     | 3.8815     | 1.1983     | 1.3364       | 1.3467       | 0.8081     | 1.3471       | 1.3424       | 1.1706   |           
11     | 3.8053     | 1.1408     | 1.3259       | 1.3386       | 0.7010     | 1.3379       | 1.3347       | 1.1974   |           
12     | 3.7135     | 1.0710     | 1.3122       | 1.3303       | 0.6010     | 1.3245       | 1.3190       | 1.1641   |           
13     | 3.6350     | 1.0115     | 1.3024       | 1.3211       | 0.5804     | 1.3099       | 1.3019       | 1.2006   |           
14     | 3.5924     | 0.9823     | 1.2935       | 1.3167       | 0.5132     | 1.2986       | 1.2959       | 1.2194   |           
15     | 3.5053     | 0.9229     | 1.2788       | 1.3035       | 0.4795     | 1.2865       | 1.2869       | 1.2291   | (ADV -0.13)
16     | 3.4622     | 0.8965     | 1.2685       | 1.2971       | 0.4329     | 1.2683       | 1.2658       | 1.2135   | (ADV -0.12)
17     | 3.4457     | 0.8925     | 1.2619       | 1.2913       | 0.4554     | 1.2552       | 1.2512       | 1.1533   |           
18     | 3.3614     | 0.8357     | 1.2463       | 1.2794       | 0.3703     | 1.2359       | 1.2400       | 1.1978   | (ADV -0.10)
19     | 3.3143     | 0.7980     | 1.2371       | 1.2792       | 0.3178     | 1.2143       | 1.2280       | 1.2222   | (ADV -0.10)
20     | 3.2687     | 0.7850     | 1.2213       | 1.2624       | 0.3322     | 1.2107       | 1.2164       | 1.2396   |           
21     | 3.2120     | 0.7495     | 1.2088       | 1.2537       | 0.3029     | 1.1874       | 1.1954       | 1.1938   | (ADV -0.09)
22     | 3.1525     | 0.7107     | 1.1935       | 1.2483       | 0.3219     | 1.1665       | 1.1822       | 1.2855   |           
23     | 3.2006     | 0.7579     | 1.1918       | 1.2509       | 0.3415     | 1.1669       | 1.1787       | 1.2652   |           
24     | 3.1214     | 0.7021     | 1.1780       | 1.2413       | 0.2820     | 1.1312       | 1.1630       | 1.2534   |           
25     | 3.0638     | 0.6784     | 1.1534       | 1.2320       | 0.2604     | 1.1032       | 1.1246       | 1.2134   |           
26     | 3.0554     | 0.6691     | 1.1552       | 1.2312       | 0.2570     | 1.1019       | 1.1267       | 1.2278   |           
27     | 3.0403     | 0.6693     | 1.1444       | 1.2266       | 0.2568     | 1.0796       | 1.1193       | 1.2975   |           
28     | 3.0162     | 0.6542     | 1.1399       | 1.2220       | 0.2701     | 1.0822       | 1.1375       | 1.2247   |           
29     | 2.9798     | 0.6347     | 1.1275       | 1.2175       | 0.2427     | 1.0683       | 1.1039       | 1.2128   |           
30     | 3.0262     | 0.6841     | 1.1222       | 1.2199       | 0.2397     | 1.0530       | 1.1124       | 1.2510   |           
31     | 2.9379     | 0.6152     | 1.1107       | 1.2120       | 0.2602     | 1.0587       | 1.1014       | 1.2790   |           
32     | 2.9010     | 0.5939     | 1.1028       | 1.2043       | 0.2113     | 1.0259       | 1.0868       | 1.2245   |           
33     | 2.9261     | 0.6125     | 1.1050       | 1.2087       | 0.1992     | 0.9893       | 1.0607       | 1.2143   |           
34     | 2.8757     | 0.5853     | 1.0867       | 1.2037       | 0.2073     | 1.0043       | 1.0536       | 1.2422   |           
35     | 2.8834     | 0.5904     | 1.0959       | 1.1971       | 0.2154     | 0.9999       | 1.0628       | 1.2516   |           
36     | 2.8478     | 0.5765     | 1.0734       | 1.1979       | 0.1873     | 0.9745       | 1.0423       | 1.2760   |           
37     | 2.8739     | 0.5951     | 1.0809       | 1.1980       | 0.1925     | 0.9692       | 1.0460       | 1.2342   |           
38     | 2.8006     | 0.5418     | 1.0643       | 1.1945       | 0.1789     | 0.9517       | 1.0488       | 1.2016   |           
39     | 2.8200     | 0.5515     | 1.0650       | 1.2035       | 0.1742     | 0.9506       | 1.0406       | 1.1932   |           
40     | 2.8186     | 0.5728     | 1.0552       | 1.1906       | 0.1776     | 0.9280       | 1.0332       | 1.2026   |           
41     | 2.7878     | 0.5429     | 1.0500       | 1.1949       | 0.1934     | 0.9575       | 1.0379       | 1.2272   |           
42     | 2.8750     | 0.6005     | 1.0686       | 1.2059       | 0.1852     | 0.9340       | 1.0437       | 1.1915   |           
43     | 2.8175     | 0.5675     | 1.0613       | 1.1887       | 0.1755     | 0.9361       | 1.0396       | 1.1801   |           
44     | 2.8126     | 0.5580     | 1.0505       | 1.2042       | 0.1665     | 0.9299       | 1.0178       | 1.1669   |           
45     | 2.8204     | 0.5715     | 1.0617       | 1.1872       | 0.1622     | 0.9257       | 1.0173       | 1.1607   |           
46     | 2.7849     | 0.5462     | 1.0506       | 1.1880       | 0.2040     | 0.9385       | 1.0334       | 1.2303   |           
47     | 2.8008     | 0.5495     | 1.0540       | 1.1974       | 0.1844     | 0.9306       | 1.0214       | 1.2398   |           
48     | 2.7947     | 0.5534     | 1.0563       | 1.1850       | 0.1653     | 0.9122       | 1.0117       | 1.2007   |           
49     | 2.8723     | 0.5957     | 1.0727       | 1.2039       | 0.1667     | 0.9146       | 1.0267       | 1.2193   |           
50     | 2.8170     | 0.5431     | 1.0628       | 1.2111       | 0.1876     | 0.9387       | 1.0269       | 1.2408   |           
51     | 2.7783     | 0.5263     | 1.0537       | 1.1983       | 0.1880     | 0.9373       | 1.0227       | 1.1973   |           
52     | 2.7685     | 0.5210     | 1.0558       | 1.1917       | 0.1773     | 0.9403       | 1.0380       | 1.2173   |           
53     | 2.8472     | 0.5661     | 1.0664       | 1.2147       | 0.1790     | 0.9466       | 1.0340       | 1.2262   |           
54     | 2.8252     | 0.5313     | 1.0789       | 1.2150       | 0.1780     | 0.9331       | 1.0384       | 1.2063   |           
55     | 2.8367     | 0.5434     | 1.0773       | 1.2159       | 0.1686     | 0.9672       | 1.0598       | 1.2124   |           
56     | 2.8654     | 0.5397     | 1.0924       | 1.2333       | 0.1893     | 0.9420       | 1.0768       | 1.2400   |           
57     | 2.8969     | 0.5541     | 1.1045       | 1.2383       | 0.1772     | 0.9417       | 1.0593       | 1.2304   |           
58     | 2.8275     | 0.5251     | 1.0805       | 1.2220       | 0.1570     | 0.9398       | 1.0379       | 1.1899   |           
59     | 2.8590     | 0.5297     | 1.1007       | 1.2286       | 0.1548     | 0.9371       | 1.0428       | 1.2617   |           
60     | 2.8272     | 0.5228     | 1.0796       | 1.2247       | 0.1537     | 0.9418       | 1.0707       | 1.2228   |           
61     | 2.8775     | 0.5406     | 1.1039       | 1.2330       | 0.1545     | 0.9499       | 1.0644       | 1.1891   |           
62     | 2.8274     | 0.5069     | 1.0926       | 1.2279       | 0.1831     | 0.9505       | 1.0602       | 1.2442   |           
63     | 2.8451     | 0.5320     | 1.0860       | 1.2271       | 0.1718     | 0.9550       | 1.0527       | 1.2493   |           
64     | 2.8661     | 0.5248     | 1.1054       | 1.2359       | 0.1506     | 0.9517       | 1.0413       | 1.1782   |           
65     | 2.8338     | 0.5081     | 1.0968       | 1.2289       | 0.1653     | 0.9538       | 1.0774       | 1.1863   |           
66     | 2.9224     | 0.5607     | 1.1185       | 1.2432       | 0.1721     | 0.9512       | 1.0716       | 1.1823   |           
67     | 2.8278     | 0.4911     | 1.1004       | 1.2363       | 0.1556     | 0.9508       | 1.0928       | 1.2197   |           
68     | 2.8949     | 0.5412     | 1.1125       | 1.2412       | 0.1783     | 0.9732       | 1.0907       | 1.1823   |           
69     | 2.9438     | 0.5606     | 1.1275       | 1.2556       | 0.1661     | 0.9789       | 1.0998       | 1.1997   |           
70     | 2.9491     | 0.5608     | 1.1260       | 1.2623       | 0.1615     | 0.9850       | 1.0964       | 1.2304   |           
71     | 2.9353     | 0.5555     | 1.1262       | 1.2535       | 0.1481     | 0.9767       | 1.1076       | 1.2043   |           
72     | 2.9073     | 0.5380     | 1.1160       | 1.2533       | 0.1630     | 0.9765       | 1.1055       | 1.2304   |           
73     | 2.9037     | 0.5406     | 1.1054       | 1.2577       | 0.1517     | 0.9755       | 1.1244       | 1.2700   |           
74     | 2.9053     | 0.5301     | 1.1146       | 1.2606       | 0.1520     | 0.9804       | 1.1186       | 1.2428   |           
75     | 2.8743     | 0.5133     | 1.1137       | 1.2473       | 0.1551     | 0.9799       | 1.1405       | 1.1945   |           
76     | 3.0191     | 0.6044     | 1.1350       | 1.2796       | 0.1546     | 0.9753       | 1.1075       | 1.2304   |           
77     | 2.8911     | 0.5103     | 1.1113       | 1.2694       | 0.1363     | 0.9940       | 1.1274       | 1.2325   |           
78     | 2.9136     | 0.5277     | 1.1200       | 1.2659       | 0.1519     | 1.0003       | 1.1481       | 1.2501   |           
79     | 2.9594     | 0.5607     | 1.1217       | 1.2770       | 0.1471     | 0.9893       | 1.1206       | 1.2569   |           
80     | 2.9414     | 0.5513     | 1.1244       | 1.2658       | 0.1494     | 1.0033       | 1.1397       | 1.3002   |           
81     | 2.9724     | 0.5661     | 1.1360       | 1.2702       | 0.1733     | 1.0157       | 1.1334       | 1.3638   |           
82     | 2.8964     | 0.5147     | 1.1069       | 1.2747       | 0.1480     | 0.9619       | 1.1506       | 1.2239   |           
83     | 2.8621     | 0.4827     | 1.1072       | 1.2721       | 0.1554     | 0.9674       | 1.1601       | 1.2353   |           
84     | 2.8974     | 0.5115     | 1.1066       | 1.2793       | 0.1406     | 0.9859       | 1.1598       | 1.2443   |           
85     | 2.9319     | 0.5207     | 1.1298       | 1.2814       | 0.1449     | 1.0034       | 1.1506       | 1.2535   |           
86     | 2.9037     | 0.5076     | 1.1166       | 1.2796       | 0.1403     | 0.9968       | 1.1449       | 1.2455   |           
87     | 2.8921     | 0.4869     | 1.1281       | 1.2771       | 0.1329     | 0.9931       | 1.1402       | 1.2231   |           
88     | 2.9413     | 0.5378     | 1.1337       | 1.2698       | 0.1787     | 1.0141       | 1.1532       | 1.2674   |           
89     | 2.9308     | 0.5378     | 1.1128       | 1.2801       | 0.1578     | 1.0227       | 1.1550       | 1.2145   |           
90     | 2.9232     | 0.5316     | 1.1211       | 1.2705       | 0.1676     | 1.0180       | 1.1558       | 1.2207   |           
91     | 2.9365     | 0.5374     | 1.1175       | 1.2816       | 0.1452     | 1.0063       | 1.1422       | 1.1933   |           
92     | 2.9456     | 0.5434     | 1.1274       | 1.2748       | 0.1263     | 0.9839       | 1.1377       | 1.1553   |           
93     | 2.8529     | 0.4873     | 1.1062       | 1.2595       | 0.1581     | 0.9918       | 1.1644       | 1.2566   |           
94     | 2.8727     | 0.4907     | 1.1064       | 1.2757       | 0.1430     | 1.0047       | 1.1724       | 1.2581   |           
95     | 2.9244     | 0.5409     | 1.1097       | 1.2738       | 0.1425     | 0.9965       | 1.1541       | 1.1832   |           
96     | 2.8923     | 0.5064     | 1.1103       | 1.2756       | 0.1413     | 0.9979       | 1.1542       | 1.2457   |           
97     | 2.9060     | 0.5089     | 1.1115       | 1.2856       | 0.1286     | 1.0056       | 1.1462       | 1.1986   |           
98     | 2.9076     | 0.5195     | 1.1171       | 1.2710       | 0.1583     | 1.0004       | 1.1582       | 1.2537   |           
99     | 2.9135     | 0.5136     | 1.1268       | 1.2731       | 0.1494     | 0.9900       | 1.1449       | 1.2304   |           
100    | 2.8767     | 0.4945     | 1.1134       | 1.2688       | 0.1534     | 0.9977       | 1.1727       | 1.2489   |           
101    | 2.8999     | 0.5077     | 1.1162       | 1.2759       | 0.1438     | 0.9882       | 1.1463       | 1.2305   |           
102    | 2.9577     | 0.5409     | 1.1404       | 1.2764       | 0.1439     | 0.9841       | 1.1638       | 1.2937   |           
103    | 2.8469     | 0.4866     | 1.1112       | 1.2491       | 0.1381     | 0.9884       | 1.1622       | 1.2451   |           
104    | 2.8732     | 0.4796     | 1.1319       | 1.2617       | 0.1257     | 0.9788       | 1.1444       | 1.2257   |           
105    | 2.8897     | 0.5017     | 1.1161       | 1.2719       | 0.1410     | 0.9963       | 1.1591       | 1.2766   |           
106    | 2.9075     | 0.5040     | 1.1335       | 1.2700       | 0.1395     | 1.0006       | 1.1624       | 1.2738   |           
107    | 2.9208     | 0.5167     | 1.1310       | 1.2731       | 0.1428     | 1.0006       | 1.1600       | 1.1675   |           
108    | 2.8719     | 0.4748     | 1.1309       | 1.2663       | 0.1321     | 1.0147       | 1.1624       | 1.2456   |           
109    | 2.9229     | 0.5199     | 1.1339       | 1.2691       | 0.1499     | 0.9778       | 1.1585       | 1.2049   |           
110    | 2.9263     | 0.5134     | 1.1263       | 1.2866       | 0.1452     | 0.9960       | 1.1493       | 1.2664   |           
111    | 2.9495     | 0.5514     | 1.1293       | 1.2688       | 0.1462     | 0.9973       | 1.1678       | 1.1884   |           
112    | 2.8730     | 0.5128     | 1.1002       | 1.2600       | 0.1395     | 1.0077       | 1.1608       | 1.2097   |           
113    | 2.9225     | 0.5353     | 1.1231       | 1.2642       | 0.1417     | 1.0241       | 1.1403       | 1.1938   |           
114    | 2.8587     | 0.4925     | 1.1159       | 1.2503       | 0.1676     | 1.0299       | 1.1659       | 1.2611   |           
115    | 2.8868     | 0.4922     | 1.1240       | 1.2705       | 0.1383     | 1.0297       | 1.1565       | 1.2284   |           
116    | 2.9037     | 0.5044     | 1.1344       | 1.2650       | 0.1468     | 1.0528       | 1.1597       | 1.2320   | (ADV -0.09)
117    | 2.9146     | 0.5181     | 1.1406       | 1.2558       | 0.1458     | 1.0231       | 1.1445       | 1.2162   |           
118    | 2.9425     | 0.5268     | 1.1376       | 1.2781       | 0.1336     | 1.0095       | 1.1569       | 1.2584   |           
119    | 2.9323     | 0.5264     | 1.1284       | 1.2775       | 0.1357     | 1.0024       | 1.1425       | 1.2435   |           
120    | 2.8623     | 0.4847     | 1.1190       | 1.2586       | 0.1643     | 1.0328       | 1.1650       | 1.2739   |           
121    | 2.8723     | 0.4830     | 1.1223       | 1.2669       | 0.1511     | 1.0384       | 1.1541       | 1.2796   |           
122    | 2.8752     | 0.4778     | 1.1388       | 1.2587       | 0.1382     | 1.0473       | 1.1374       | 1.2305   | (ADV -0.09)
123    | 2.9461     | 0.5212     | 1.1585       | 1.2664       | 0.1458     | 1.0553       | 1.1503       | 1.1994   |           
124    | 2.9055     | 0.4930     | 1.1451       | 1.2675       | 0.1344     | 1.0088       | 1.1475       | 1.2101   |           
125    | 2.9043     | 0.5152     | 1.1308       | 1.2583       | 0.1542     | 1.0170       | 1.1629       | 1.1835   |           
126    | 2.8951     | 0.4970     | 1.1327       | 1.2653       | 0.1483     | 1.0252       | 1.1512       | 1.2180   |           
127    | 2.9218     | 0.5142     | 1.1315       | 1.2761       | 0.1426     | 1.0174       | 1.1425       | 1.1561   |           
128    | 2.8807     | 0.4769     | 1.1289       | 1.2749       | 0.1464     | 1.0381       | 1.1699       | 1.2182   |           
129    | 2.8858     | 0.4885     | 1.1202       | 1.2771       | 0.1394     | 1.0466       | 1.1790       | 1.1449   |           
130    | 2.9024     | 0.4969     | 1.1344       | 1.2711       | 0.1329     | 1.0238       | 1.1674       | 1.1748   |           
131    | 2.9508     | 0.5221     | 1.1534       | 1.2753       | 0.1660     | 1.0467       | 1.1803       | 1.1876   |           
132    | 2.9562     | 0.5169     | 1.1533       | 1.2860       | 0.1366     | 1.0213       | 1.1555       | 1.1847   |           
133    | 2.9499     | 0.5276     | 1.1477       | 1.2746       | 0.1442     | 1.0564       | 1.1857       | 1.1176   |           
134    | 2.9139     | 0.4833     | 1.1561       | 1.2745       | 0.1370     | 1.0391       | 1.1723       | 1.1997   |           
135    | 2.9344     | 0.4988     | 1.1530       | 1.2825       | 0.1270     | 1.0292       | 1.1720       | 1.1942   |           
136    | 2.9025     | 0.4819     | 1.1464       | 1.2742       | 0.1401     | 1.0404       | 1.1702       | 1.1031   |           
137    | 2.9391     | 0.5084     | 1.1555       | 1.2751       | 0.1292     | 1.0377       | 1.1614       | 1.1700   |           
138    | 2.9047     | 0.4815     | 1.1426       | 1.2806       | 0.1282     | 1.0175       | 1.1728       | 1.2508   |           
139    | 2.9569     | 0.5191     | 1.1636       | 1.2742       | 0.1306     | 1.0206       | 1.1599       | 1.1864   |           
140    | 2.8938     | 0.4731     | 1.1497       | 1.2710       | 0.1569     | 1.0315       | 1.1833       | 1.2938   |           
141    | 2.9457     | 0.5124     | 1.1524       | 1.2810       | 0.1189     | 1.0245       | 1.1650       | 1.2113   |           
142    | 2.9328     | 0.5067     | 1.1493       | 1.2768       | 0.1303     | 1.0276       | 1.1582       | 1.2374   |           
143    | 2.9330     | 0.5111     | 1.1538       | 1.2681       | 0.1170     | 1.0177       | 1.1614       | 1.2266   |           
144    | 2.8922     | 0.4892     | 1.1395       | 1.2634       | 0.1267     | 1.0424       | 1.1778       | 1.2419   |           
145    | 2.8818     | 0.4671     | 1.1444       | 1.2703       | 0.1267     | 1.0448       | 1.1640       | 1.2227   |           
146    | 2.9043     | 0.5035     | 1.1421       | 1.2588       | 0.1274     | 1.0395       | 1.1722       | 1.2241   |           
147    | 2.8732     | 0.4657     | 1.1380       | 1.2696       | 0.1348     | 1.0266       | 1.1789       | 1.2245   |           
148    | 2.8782     | 0.4715     | 1.1311       | 1.2757       | 0.1293     | 1.0372       | 1.1812       | 1.2152   |           
149    | 2.9007     | 0.4910     | 1.1385       | 1.2712       | 0.1408     | 1.0349       | 1.1886       | 1.2391   |           
150    | 2.9108     | 0.4999     | 1.1354       | 1.2756       | 0.1365     | 1.0423       | 1.1731       | 1.2211   |           
151    | 2.9004     | 0.4805     | 1.1378       | 1.2821       | 0.1422     | 1.0388       | 1.1659       | 1.2950   |           
152    | 2.9597     | 0.5250     | 1.1538       | 1.2809       | 0.1470     | 1.0568       | 1.1756       | 1.2540   |           
153    | 2.8923     | 0.4703     | 1.1455       | 1.2765       | 0.1324     | 1.0400       | 1.1748       | 1.2559   |           
154    | 2.9091     | 0.4806     | 1.1483       | 1.2802       | 0.1230     | 1.0598       | 1.1712       | 1.2513   | (ADV -0.09)
155    | 2.8894     | 0.4627     | 1.1542       | 1.2725       | 0.1359     | 1.0770       | 1.1742       | 1.2024   | (ADV -0.08)
156    | 2.8838     | 0.4421     | 1.1679       | 1.2737       | 0.1208     | 1.0607       | 1.1699       | 1.2170   |           
157    | 2.9480     | 0.4923     | 1.1775       | 1.2782       | 0.1405     | 1.0516       | 1.1833       | 1.3097   |           
158    | 2.9080     | 0.4695     | 1.1596       | 1.2789       | 0.1348     | 1.0564       | 1.1773       | 1.2243   |           
159    | 2.9314     | 0.5036     | 1.1513       | 1.2765       | 0.1230     | 1.0489       | 1.1750       | 1.2317   |           
160    | 2.9196     | 0.4841     | 1.1542       | 1.2812       | 0.1413     | 1.0574       | 1.1801       | 1.2453   |           
161    | 2.9436     | 0.4895     | 1.1678       | 1.2863       | 0.1680     | 1.0756       | 1.2044       | 1.2420   |           
162    | 2.8666     | 0.4503     | 1.1394       | 1.2770       | 0.1247     | 1.0485       | 1.1895       | 1.2874   |           
163    | 2.8790     | 0.4609     | 1.1403       | 1.2778       | 0.1403     | 1.0389       | 1.1974       | 1.2115   |           
164    | 2.9072     | 0.4699     | 1.1580       | 1.2792       | 0.1241     | 1.0327       | 1.2020       | 1.2237   |           
165    | 2.9374     | 0.4957     | 1.1513       | 1.2905       | 0.1267     | 1.0402       | 1.1956       | 1.2449   |           
166    | 2.8857     | 0.4532     | 1.1475       | 1.2850       | 0.1310     | 1.0381       | 1.1933       | 1.2591   |           
167    | 2.8979     | 0.4635     | 1.1514       | 1.2830       | 0.1182     | 1.0303       | 1.1883       | 1.2106   |           
168    | 2.9578     | 0.5040     | 1.1608       | 1.2930       | 0.1369     | 1.0451       | 1.2016       | 1.1495   |           
169    | 2.8875     | 0.4590     | 1.1404       | 1.2881       | 0.1274     | 1.0211       | 1.1900       | 1.1959   |           
170    | 2.8887     | 0.4626     | 1.1480       | 1.2781       | 0.1284     | 1.0516       | 1.2131       | 1.2470   |           
171    | 2.9430     | 0.4858     | 1.1624       | 1.2948       | 0.1580     | 1.0667       | 1.1980       | 1.2536   |           
172    | 2.9242     | 0.4696     | 1.1679       | 1.2868       | 0.1287     | 1.0543       | 1.2128       | 1.1834   |           
173    | 2.8561     | 0.4299     | 1.1479       | 1.2783       | 0.1267     | 1.0566       | 1.2019       | 1.1874   |           
174    | 2.9055     | 0.4622     | 1.1591       | 1.2841       | 0.1345     | 1.0631       | 1.2099       | 1.1987   |           
175    | 2.9026     | 0.4608     | 1.1518       | 1.2901       | 0.1285     | 1.0615       | 1.1978       | 1.2226   |           
176    | 2.9288     | 0.4599     | 1.1654       | 1.3035       | 0.1276     | 1.0600       | 1.2227       | 1.1403   |           
177    | 2.9351     | 0.4742     | 1.1596       | 1.3013       | 0.1378     | 1.0542       | 1.2276       | 1.2653   |           
178    | 2.8903     | 0.4485     | 1.1484       | 1.2935       | 0.1203     | 1.0486       | 1.2250       | 1.2550   |           
179    | 2.9122     | 0.4555     | 1.1599       | 1.2969       | 0.1124     | 1.0579       | 1.2199       | 1.1849   |           
180    | 2.9244     | 0.4625     | 1.1647       | 1.2972       | 0.1541     | 1.0717       | 1.2309       | 1.2420   |           
181    | 2.8916     | 0.4297     | 1.1702       | 1.2917       | 0.1247     | 1.0590       | 1.2176       | 1.2850   |           
182    | 2.9252     | 0.4393     | 1.1897       | 1.2961       | 0.1393     | 1.0989       | 1.2232       | 1.3151   |           
183    | 2.9735     | 0.4732     | 1.1986       | 1.3017       | 0.1450     | 1.0989       | 1.2248       | 1.2713   |           
184    | 2.9321     | 0.4610     | 1.1768       | 1.2942       | 0.1195     | 1.0869       | 1.2208       | 1.3108   |           
185    | 2.9098     | 0.4454     | 1.1748       | 1.2896       | 0.1245     | 1.0921       | 1.2107       | 1.2794   | (ADV -0.08)
186    | 2.9519     | 0.4725     | 1.1873       | 1.2921       | 0.1442     | 1.0977       | 1.2215       | 1.2811   |           
187    | 2.9378     | 0.4539     | 1.1841       | 1.2998       | 0.1642     | 1.1157       | 1.2294       | 1.2240   |           
188    | 2.9151     | 0.4265     | 1.1982       | 1.2904       | 0.1460     | 1.1105       | 1.2349       | 1.2687   |           
189    | 2.8993     | 0.4291     | 1.1825       | 1.2878       | 0.1398     | 1.0856       | 1.2260       | 1.1993   |           
190    | 3.0042     | 0.4907     | 1.2115       | 1.3020       | 0.1300     | 1.0958       | 1.2318       | 1.2080   |           
191    | 2.9384     | 0.4528     | 1.1937       | 1.2918       | 0.1223     | 1.0912       | 1.2298       | 1.1890   |           
192    | 2.9104     | 0.4257     | 1.1895       | 1.2952       | 0.1216     | 1.1048       | 1.2336       | 1.1745   | (ADV -0.08)
193    | 2.9455     | 0.4531     | 1.1862       | 1.3061       | 0.1352     | 1.1013       | 1.2429       | 1.3043   |           
194    | 2.9219     | 0.4453     | 1.1794       | 1.2972       | 0.1261     | 1.1078       | 1.2421       | 1.2290   |           
195    | 2.9692     | 0.4737     | 1.1845       | 1.3111       | 0.1191     | 1.0930       | 1.2456       | 1.2206   |           
196    | 2.9633     | 0.4538     | 1.1954       | 1.3141       | 0.1267     | 1.1091       | 1.2552       | 1.2080   |           
197    | 2.9687     | 0.4522     | 1.2013       | 1.3152       | 0.1472     | 1.1268       | 1.2499       | 1.1745   |           
198    | 2.9400     | 0.4289     | 1.2024       | 1.3087       | 0.1238     | 1.1142       | 1.2567       | 1.2670   |           
199    | 2.8926     | 0.4076     | 1.1798       | 1.3052       | 0.1211     | 1.1125       | 1.2434       | 1.2987   | (ADV -0.08)
200    | 2.9904     | 0.4679     | 1.2082       | 1.3143       | 0.1241     | 1.1190       | 1.2392       | 1.2875   | (ADV -0.08)
201    | 2.9427     | 0.4269     | 1.2009       | 1.3149       | 0.1191     | 1.1202       | 1.2509       | 1.2717   |           
202    | 2.8987     | 0.4085     | 1.1921       | 1.2981       | 0.1249     | 1.1050       | 1.2554       | 1.3306   |           
203    | 2.9648     | 0.4485     | 1.2029       | 1.3133       | 0.1245     | 1.1132       | 1.2576       | 1.1987   |           
204    | 2.9743     | 0.4503     | 1.2099       | 1.3141       | 0.1285     | 1.1319       | 1.2537       | 1.2556   | (ADV -0.08)
205    | 3.0128     | 0.4848     | 1.2073       | 1.3206       | 0.1400     | 1.1461       | 1.2748       | 1.2918   |           
206    | 2.9451     | 0.4274     | 1.2032       | 1.3144       | 0.1394     | 1.1310       | 1.2605       | 1.2111   |           
207    | 2.9564     | 0.4399     | 1.2055       | 1.3111       | 0.1297     | 1.1239       | 1.2616       | 1.2012   |           
208    | 3.0183     | 0.4884     | 1.2089       | 1.3211       | 0.1267     | 1.1234       | 1.2631       | 1.3116   |           
209    | 2.9686     | 0.4511     | 1.2005       | 1.3170       | 0.1238     | 1.1217       | 1.2682       | 1.2959   |           
210    | 2.9654     | 0.4525     | 1.2011       | 1.3118       | 0.1509     | 1.1215       | 1.2661       | 1.3462   |           
211    | 2.9586     | 0.4422     | 1.2017       | 1.3147       | 0.1267     | 1.1148       | 1.2621       | 1.3122   |           
212    | 2.9447     | 0.4282     | 1.2047       | 1.3118       | 0.1293     | 1.1316       | 1.2621       | 1.3425   |           
213    | 2.9627     | 0.4418     | 1.2044       | 1.3165       | 0.1280     | 1.1159       | 1.2569       | 1.2908   |           
214    | 2.9599     | 0.4397     | 1.1985       | 1.3216       | 0.1245     | 1.1188       | 1.2599       | 1.2519   |           
215    | 2.9287     | 0.4134     | 1.2048       | 1.3105       | 0.1369     | 1.1308       | 1.2611       | 1.2848   |           
216    | 2.9488     | 0.4289     | 1.2056       | 1.3144       | 0.1303     | 1.1251       | 1.2674       | 1.2522   |           
217    | 2.9732     | 0.4483     | 1.2095       | 1.3153       | 0.1331     | 1.1286       | 1.2562       | 1.2246   |           
218    | 2.9531     | 0.4422     | 1.1969       | 1.3141       | 0.1142     | 1.1346       | 1.2686       | 1.2294   | (ADV -0.07)
219    | 2.9923     | 0.4644     | 1.2085       | 1.3194       | 0.1258     | 1.1445       | 1.2699       | 1.2890   | (ADV -0.07)
220    | 2.9383     | 0.4041     | 1.2184       | 1.3158       | 0.1357     | 1.1378       | 1.2676       | 1.2977   |           
221    | 2.9880     | 0.4644     | 1.2100       | 1.3136       | 0.1307     | 1.1414       | 1.2623       | 1.2779   |           
222    | 2.9594     | 0.4321     | 1.2112       | 1.3160       | 0.1237     | 1.1360       | 1.2581       | 1.2251   |           
223    | 2.9757     | 0.4380     | 1.2204       | 1.3173       | 0.1730     | 1.1718       | 1.2762       | 1.2538   |           
224    | 2.9712     | 0.4295     | 1.2246       | 1.3171       | 0.1313     | 1.1500       | 1.2624       | 1.3105   | (ADV -0.07)
225    | 2.9552     | 0.4110     | 1.2280       | 1.3162       | 0.1425     | 1.1571       | 1.2688       | 1.3238   |           
226    | 2.9907     | 0.4483     | 1.2300       | 1.3124       | 0.1192     | 1.1576       | 1.2619       | 1.2213   | (ADV -0.07)
227    | 2.9991     | 0.4506     | 1.2302       | 1.3184       | 0.1475     | 1.1617       | 1.2648       | 1.2693   |           
228    | 2.9526     | 0.4142     | 1.2266       | 1.3117       | 0.1230     | 1.1582       | 1.2658       | 1.2458   |           
229    | 2.9642     | 0.4131     | 1.2348       | 1.3163       | 0.1220     | 1.1619       | 1.2594       | 1.1808   | (ADV -0.06)
230    | 2.9675     | 0.4129     | 1.2333       | 1.3212       | 0.1484     | 1.1674       | 1.2624       | 1.1971   |           
231    | 2.9638     | 0.4164     | 1.2315       | 1.3159       | 0.1231     | 1.1627       | 1.2580       | 1.1613   | (ADV -0.06)
232    | 2.9837     | 0.4366     | 1.2319       | 1.3152       | 0.1637     | 1.1971       | 1.2695       | 1.1597   |           
233    | 2.9693     | 0.4171     | 1.2301       | 1.3221       | 0.1159     | 1.1796       | 1.2599       | 1.1459   | (ADV -0.05)
234    | 2.9902     | 0.4362     | 1.2372       | 1.3169       | 0.1309     | 1.1803       | 1.2654       | 1.2196   |           
235    | 2.9365     | 0.4018     | 1.2264       | 1.3082       | 0.1251     | 1.1903       | 1.2591       | 1.3168   | (ADV -0.05)
236    | 2.9697     | 0.4196     | 1.2340       | 1.3161       | 0.1489     | 1.1892       | 1.2680       | 1.2461   |           
237    | 2.9788     | 0.4191     | 1.2435       | 1.3162       | 0.1540     | 1.1860       | 1.2710       | 1.3207   |           
238    | 2.9518     | 0.4042     | 1.2374       | 1.3102       | 0.1195     | 1.2024       | 1.2621       | 1.2304   | (ADV -0.05)
239    | 2.9737     | 0.4225     | 1.2380       | 1.3132       | 0.1452     | 1.1950       | 1.2663       | 1.2437   |           
240    | 2.9952     | 0.4379     | 1.2388       | 1.3184       | 0.1445     | 1.1924       | 1.2700       | 1.1940   |           
241    | 2.9764     | 0.4184     | 1.2408       | 1.3172       | 0.1197     | 1.2035       | 1.2810       | 1.2255   |           
242    | 2.9927     | 0.4097     | 1.2565       | 1.3264       | 0.1294     | 1.2227       | 1.2817       | 1.2625   | (ADV -0.05)
243    | 3.0109     | 0.4222     | 1.2654       | 1.3233       | 0.1327     | 1.2253       | 1.2745       | 1.2991   | (ADV -0.04)
244    | 3.0398     | 0.4494     | 1.2711       | 1.3193       | 0.1110     | 1.2242       | 1.2795       | 1.2356   | (ADV -0.04)
245    | 3.0164     | 0.4212     | 1.2682       | 1.3269       | 0.1142     | 1.2273       | 1.2811       | 1.2890   |           
246    | 3.0413     | 0.4494     | 1.2677       | 1.3241       | 0.1375     | 1.2369       | 1.2890       | 1.3330   |           
247    | 2.9766     | 0.4065     | 1.2504       | 1.3197       | 0.1138     | 1.2180       | 1.2786       | 1.2677   |           
248    | 2.9635     | 0.3852     | 1.2582       | 1.3201       | 0.1138     | 1.2214       | 1.2832       | 1.2949   |           
249    | 2.9551     | 0.3804     | 1.2517       | 1.3230       | 0.1142     | 1.2116       | 1.2780       | 1.1803   |           
250    | 2.9764     | 0.3837     | 1.2623       | 1.3305       | 0.1189     | 1.2169       | 1.2868       | 1.1733   |           
251    | 2.9667     | 0.3750     | 1.2653       | 1.3264       | 0.1397     | 1.2302       | 1.2918       | 1.3178   |           
252    | 3.0009     | 0.4032     | 1.2714       | 1.3263       | 0.1217     | 1.2276       | 1.2802       | 1.2155   |           
253    | 3.0158     | 0.4129     | 1.2740       | 1.3288       | 0.1471     | 1.2265       | 1.2950       | 1.3013   |           
254    | 2.9921     | 0.3893     | 1.2720       | 1.3308       | 0.1174     | 1.2041       | 1.2836       | 1.2501   |           
255    | 3.0160     | 0.4200     | 1.2701       | 1.3258       | 0.1345     | 1.2419       | 1.2906       | 1.1792   |           
256    | 3.0423     | 0.4382     | 1.2736       | 1.3305       | 0.1268     | 1.2129       | 1.2872       | 1.2209   |           
257    | 2.9797     | 0.3940     | 1.2587       | 1.3270       | 0.1277     | 1.2140       | 1.2817       | 1.1855   |           
258    | 3.0094     | 0.4140     | 1.2712       | 1.3241       | 0.1333     | 1.2141       | 1.2909       | 1.2590   |           
259    | 3.0356     | 0.4302     | 1.2767       | 1.3287       | 0.1162     | 1.2079       | 1.2901       | 1.2935   |           
260    | 2.9682     | 0.3797     | 1.2623       | 1.3261       | 0.1239     | 1.2199       | 1.2934       | 1.2153   |           
261    | 3.0054     | 0.4062     | 1.2726       | 1.3266       | 0.1271     | 1.2258       | 1.2956       | 1.2825   |           
262    | 2.9949     | 0.3991     | 1.2654       | 1.3304       | 0.1188     | 1.2242       | 1.2905       | 1.2639   |           
263    | 2.9962     | 0.3975     | 1.2701       | 1.3286       | 0.1170     | 1.2103       | 1.2856       | 1.1890   |           
264    | 2.9875     | 0.3892     | 1.2679       | 1.3304       | 0.1189     | 1.2137       | 1.2914       | 1.2631   |           
265    | 2.9997     | 0.4033     | 1.2640       | 1.3324       | 0.1462     | 1.2071       | 1.2927       | 1.3245   |           
266    | 2.9745     | 0.3924     | 1.2531       | 1.3290       | 0.1204     | 1.1971       | 1.2985       | 1.2610   |           
267    | 2.9997     | 0.4013     | 1.2662       | 1.3322       | 0.1221     | 1.1971       | 1.2913       | 1.2174   |           
268    | 3.0006     | 0.4034     | 1.2644       | 1.3329       | 0.1020     | 1.2138       | 1.2937       | 1.1883   |           
269    | 3.0262     | 0.4235     | 1.2687       | 1.3340       | 0.1176     | 1.1986       | 1.2934       | 1.2175   |           
270    | 3.0003     | 0.3954     | 1.2678       | 1.3372       | 0.1300     | 1.2070       | 1.3026       | 1.2032   |           
271    | 3.0186     | 0.4081     | 1.2714       | 1.3390       | 0.1254     | 1.2408       | 1.3123       | 1.2494   |           
272    | 3.0000     | 0.3869     | 1.2736       | 1.3395       | 0.1179     | 1.2210       | 1.3093       | 1.2510   |           
273    | 3.0506     | 0.4288     | 1.2865       | 1.3354       | 0.1256     | 1.2329       | 1.3093       | 1.2795   |           
274    | 3.0229     | 0.3847     | 1.2915       | 1.3467       | 0.1231     | 1.2352       | 1.3117       | 1.2144   |           
275    | 3.0084     | 0.3823     | 1.2859       | 1.3403       | 0.1126     | 1.2441       | 1.3150       | 1.2491   | (ADV -0.04)
276    | 3.0073     | 0.3709     | 1.2890       | 1.3474       | 0.1070     | 1.2458       | 1.3129       | 1.1719   | (ADV -0.04)
277    | 3.0109     | 0.3707     | 1.2882       | 1.3520       | 0.1229     | 1.2546       | 1.3199       | 1.2072   |           
278    | 3.0552     | 0.4210     | 1.2860       | 1.3482       | 0.1294     | 1.2423       | 1.3156       | 1.2513   |           
279    | 3.0136     | 0.3906     | 1.2783       | 1.3447       | 0.1212     | 1.2510       | 1.3189       | 1.1585   |           
280    | 3.0278     | 0.4061     | 1.2765       | 1.3452       | 0.1184     | 1.2453       | 1.3150       | 1.2057   |           
281    | 3.0096     | 0.3900     | 1.2754       | 1.3442       | 0.1399     | 1.2451       | 1.3178       | 1.2922   |           
282    | 2.9931     | 0.3741     | 1.2745       | 1.3445       | 0.1227     | 1.2467       | 1.3148       | 1.1810   |           
283    | 3.0341     | 0.4090     | 1.2813       | 1.3438       | 0.1227     | 1.2302       | 1.3145       | 1.2200   |           
284    | 3.0139     | 0.3871     | 1.2802       | 1.3466       | 0.1266     | 1.2428       | 1.3192       | 1.2509   |           
285    | 2.9938     | 0.3690     | 1.2799       | 1.3449       | 0.1258     | 1.2474       | 1.3180       | 1.2561   |           
286    | 2.9960     | 0.3768     | 1.2747       | 1.3445       | 0.1088     | 1.2254       | 1.3113       | 1.1850   |           
287    | 3.0184     | 0.3933     | 1.2846       | 1.3405       | 0.1228     | 1.2365       | 1.3129       | 1.2235   |           
288    | 2.9753     | 0.3501     | 1.2800       | 1.3452       | 0.1130     | 1.2401       | 1.3169       | 1.1933   |           
289    | 2.9692     | 0.3544     | 1.2684       | 1.3464       | 0.1129     | 1.2479       | 1.3163       | 1.2092   |           
290    | 3.0114     | 0.3956     | 1.2735       | 1.3424       | 0.1305     | 1.2403       | 1.3135       | 1.1912   |           
291    | 3.0052     | 0.3799     | 1.2774       | 1.3479       | 0.1240     | 1.2240       | 1.3166       | 1.2226   |           
292    | 3.0231     | 0.4027     | 1.2753       | 1.3450       | 0.1272     | 1.2467       | 1.3155       | 1.2127   |           
293    | 3.0081     | 0.3801     | 1.2789       | 1.3490       | 0.1199     | 1.2487       | 1.3195       | 1.2021   |           
294    | 3.0065     | 0.3685     | 1.2896       | 1.3484       | 0.1171     | 1.2497       | 1.3256       | 1.2273   |           
295    | 3.0225     | 0.3962     | 1.2807       | 1.3455       | 0.1086     | 1.2543       | 1.3222       | 1.1908   | (ADV -0.04)
296    | 3.0049     | 0.3698     | 1.2862       | 1.3489       | 0.1305     | 1.2642       | 1.3205       | 1.2664   |           
297    | 3.0169     | 0.3831     | 1.2851       | 1.3487       | 0.1402     | 1.2699       | 1.3323       | 1.2118   |           
298    | 3.0369     | 0.3924     | 1.2940       | 1.3505       | 0.1611     | 1.2845       | 1.3284       | 1.1970   |           
299    | 3.0136     | 0.3785     | 1.2874       | 1.3477       | 0.1225     | 1.2699       | 1.3259       | 1.2269   | (ADV -0.03)
300    | 3.0234     | 0.3815     | 1.2903       | 1.3516       | 0.1448     | 1.2708       | 1.3284       | 1.1381   |           
301    | 3.0541     | 0.4144     | 1.2892       | 1.3505       | 0.1152     | 1.2538       | 1.3216       | 1.1984   |           
302    | 2.9788     | 0.3491     | 1.2816       | 1.3480       | 0.1169     | 1.2337       | 1.3191       | 1.1817   |           
303    | 3.0343     | 0.3971     | 1.2851       | 1.3522       | 0.1136     | 1.2607       | 1.3272       | 1.3024   |           
304    | 3.0296     | 0.3979     | 1.2808       | 1.3509       | 0.1127     | 1.2558       | 1.3232       | 1.1812   |           
305    | 3.0162     | 0.3843     | 1.2845       | 1.3474       | 0.1287     | 1.2625       | 1.3199       | 1.2008   |           
306    | 3.0046     | 0.3791     | 1.2785       | 1.3470       | 0.1210     | 1.2490       | 1.3211       | 1.2069   |           
307    | 3.0398     | 0.4007     | 1.2844       | 1.3547       | 0.1202     | 1.2482       | 1.3239       | 1.1732   |           
308    | 2.9926     | 0.3688     | 1.2767       | 1.3471       | 0.1269     | 1.2444       | 1.3225       | 1.2803   |           
309    | 3.0317     | 0.4016     | 1.2786       | 1.3515       | 0.1275     | 1.2376       | 1.3178       | 1.1985   |           
310    | 2.9746     | 0.3504     | 1.2758       | 1.3485       | 0.1173     | 1.2613       | 1.3303       | 1.2324   |           
311    | 3.0247     | 0.3896     | 1.2860       | 1.3491       | 0.1274     | 1.2579       | 1.3249       | 1.2209   |           
312    | 2.9682     | 0.3415     | 1.2765       | 1.3502       | 0.1123     | 1.2464       | 1.3286       | 1.2468   |           
313    | 3.0065     | 0.3750     | 1.2800       | 1.3515       | 0.1182     | 1.2505       | 1.3230       | 1.1892   |           
314    | 3.0016     | 0.3737     | 1.2775       | 1.3504       | 0.1236     | 1.2544       | 1.3240       | 1.2796   |           
315    | 3.0143     | 0.3746     | 1.2860       | 1.3537       | 0.1330     | 1.2504       | 1.3300       | 1.3341   |           
316    | 2.9919     | 0.3633     | 1.2781       | 1.3504       | 0.1386     | 1.2460       | 1.3253       | 1.3063   |           
317    | 2.9884     | 0.3622     | 1.2772       | 1.3490       | 0.1348     | 1.2354       | 1.3214       | 1.2992   |           
318    | 3.0071     | 0.3777     | 1.2819       | 1.3474       | 0.1302     | 1.2362       | 1.3209       | 1.2560   |           
319    | 3.0078     | 0.3789     | 1.2827       | 1.3463       | 0.1388     | 1.2476       | 1.3245       | 1.3010   |           
320    | 3.0101     | 0.3776     | 1.2812       | 1.3513       | 0.1372     | 1.2558       | 1.3272       | 1.2314   |           
321    | 3.0080     | 0.3748     | 1.2882       | 1.3451       | 0.1213     | 1.2463       | 1.3261       | 1.1826   |           
322    | 3.0244     | 0.3928     | 1.2814       | 1.3502       | 0.1107     | 1.2578       | 1.3274       | 1.1952   |           
323    | 3.0053     | 0.3624     | 1.2909       | 1.3519       | 0.1380     | 1.2727       | 1.3310       | 1.2030   |           
324    | 2.9612     | 0.3265     | 1.2895       | 1.3452       | 0.1339     | 1.2702       | 1.3293       | 1.2721   |           
325    | 2.9971     | 0.3567     | 1.2905       | 1.3498       | 0.1175     | 1.2549       | 1.3252       | 1.1990   |           
326    | 2.9904     | 0.3501     | 1.2896       | 1.3507       | 0.1382     | 1.2663       | 1.3350       | 1.2086   |           
327    | 3.0069     | 0.3696     | 1.2859       | 1.3514       | 0.1154     | 1.2674       | 1.3303       | 1.1932   | (ADV -0.03)
328    | 3.0191     | 0.3708     | 1.2960       | 1.3523       | 0.1161     | 1.2660       | 1.3279       | 1.1936   |           
329    | 3.0296     | 0.3932     | 1.2896       | 1.3469       | 0.1081     | 1.2545       | 1.3253       | 1.1939   |           
330    | 2.9719     | 0.3328     | 1.2877       | 1.3514       | 0.1202     | 1.2568       | 1.3277       | 1.2212   |           
331    | 3.0372     | 0.3907     | 1.2941       | 1.3524       | 0.1291     | 1.2635       | 1.3306       | 1.2507   |           
332    | 3.0311     | 0.3871     | 1.2896       | 1.3544       | 0.1239     | 1.2714       | 1.3344       | 1.2827   |           
333    | 3.0642     | 0.4137     | 1.2993       | 1.3512       | 0.1260     | 1.2705       | 1.3323       | 1.2479   |           
334    | 2.9982     | 0.3559     | 1.2925       | 1.3498       | 0.1241     | 1.2680       | 1.3269       | 1.2054   |           
335    | 3.0115     | 0.3624     | 1.2985       | 1.3506       | 0.1412     | 1.2736       | 1.3321       | 1.1858   |           
336    | 3.0499     | 0.4002     | 1.2971       | 1.3526       | 0.1188     | 1.2676       | 1.3300       | 1.2347   |           
337    | 3.0157     | 0.3635     | 1.3023       | 1.3499       | 0.1240     | 1.2788       | 1.3344       | 1.2157   | (ADV -0.03)
338    | 2.9691     | 0.3104     | 1.3050       | 1.3537       | 0.1596     | 1.2956       | 1.3366       | 1.2434   |           
339    | 2.9851     | 0.3272     | 1.3030       | 1.3548       | 0.1207     | 1.2842       | 1.3365       | 1.2450   | (ADV -0.03)
340    | 3.0498     | 0.3857     | 1.3069       | 1.3572       | 0.1229     | 1.2690       | 1.3353       | 1.2569   |           
341    | 2.9950     | 0.3402     | 1.2999       | 1.3549       | 0.1653     | 1.2953       | 1.3379       | 1.2664   |           
342    | 3.0114     | 0.3478     | 1.3039       | 1.3597       | 0.1164     | 1.2737       | 1.3372       | 1.2124   |           
343    | 3.0453     | 0.3901     | 1.3002       | 1.3550       | 0.1396     | 1.2735       | 1.3391       | 1.2344   |           
344    | 2.9814     | 0.3276     | 1.2976       | 1.3561       | 0.1478     | 1.2873       | 1.3396       | 1.3348   |           
345    | 3.0061     | 0.3489     | 1.3000       | 1.3572       | 0.1257     | 1.2855       | 1.3361       | 1.2477   |           
346    | 3.0232     | 0.3613     | 1.3051       | 1.3567       | 0.1596     | 1.2828       | 1.3421       | 1.3074   |           
347    | 3.0330     | 0.3728     | 1.3015       | 1.3588       | 0.1162     | 1.2784       | 1.3391       | 1.2183   |           
348    | 3.0095     | 0.3455     | 1.3077       | 1.3563       | 0.1354     | 1.2813       | 1.3397       | 1.2841   |           
349    | 3.0231     | 0.3643     | 1.3032       | 1.3556       | 0.1404     | 1.2825       | 1.3449       | 1.2482   |           
350    | 3.0171     | 0.3564     | 1.3059       | 1.3549       | 0.1348     | 1.2803       | 1.3394       | 1.2537   |           
351    | 3.0214     | 0.3649     | 1.3010       | 1.3556       | 0.1275     | 1.2797       | 1.3407       | 1.2893   |           
352    | 3.0007     | 0.3416     | 1.3003       | 1.3589       | 0.1255     | 1.2801       | 1.3409       | 1.1737   |           
353    | 3.0212     | 0.3637     | 1.3010       | 1.3565       | 0.1516     | 1.2921       | 1.3405       | 1.2862   |           
354    | 3.0346     | 0.3707     | 1.3033       | 1.3607       | 0.1228     | 1.2870       | 1.3384       | 1.2864   | (ADV -0.03)
355    | 2.9964     | 0.3375     | 1.3008       | 1.3581       | 0.1295     | 1.2872       | 1.3422       | 1.2969   |           
356    | 2.9988     | 0.3395     | 1.2991       | 1.3602       | 0.1273     | 1.2820       | 1.3372       | 1.3500   |           
357    | 2.9969     | 0.3347     | 1.3033       | 1.3590       | 0.1299     | 1.2826       | 1.3367       | 1.2398   |           
358    | 3.0349     | 0.3712     | 1.3027       | 1.3611       | 0.1596     | 1.2817       | 1.3391       | 1.2639   |           
359    | 3.0143     | 0.3570     | 1.2985       | 1.3588       | 0.1482     | 1.2882       | 1.3424       | 1.2971   |           
360    | 2.9810     | 0.3234     | 1.3004       | 1.3571       | 0.1259     | 1.2833       | 1.3377       | 1.2592   |           
361    | 2.9882     | 0.3239     | 1.3039       | 1.3604       | 0.1277     | 1.2879       | 1.3412       | 1.2681   |           
362    | 3.0136     | 0.3483     | 1.3060       | 1.3592       | 0.1226     | 1.2908       | 1.3408       | 1.1956   | (ADV -0.03)
363    | 3.0019     | 0.3396     | 1.3041       | 1.3582       | 0.1454     | 1.2832       | 1.3410       | 1.2425   |           
364    | 3.0240     | 0.3653     | 1.3016       | 1.3572       | 0.1013     | 1.2691       | 1.3374       | 1.2373   |           
365    | 2.9990     | 0.3413     | 1.3006       | 1.3571       | 0.1081     | 1.2736       | 1.3380       | 1.2500   |           
366    | 2.9700     | 0.3134     | 1.2991       | 1.3575       | 0.1153     | 1.2842       | 1.3409       | 1.2808   |           
367    | 3.0075     | 0.3428     | 1.3047       | 1.3600       | 0.1390     | 1.2910       | 1.3454       | 1.2344   |           
368    | 3.0370     | 0.3804     | 1.2979       | 1.3587       | 0.1195     | 1.2807       | 1.3421       | 1.2589   |           
369    | 2.9855     | 0.3251     | 1.3011       | 1.3592       | 0.1456     | 1.2962       | 1.3415       | 1.2047   |           
370    | 3.0356     | 0.3664     | 1.3091       | 1.3600       | 0.1361     | 1.2832       | 1.3394       | 1.2899   |           
371    | 2.9741     | 0.3156     | 1.2991       | 1.3594       | 0.1109     | 1.2931       | 1.3421       | 1.2259   | (ADV -0.02)
/home/mcslab/yutung/MCSLAB_RSSI_RTT_Dataset/FusionCDAN/fusion_cdan_v2_noRSSIDiff.py:201: FutureWarning: DataFrameGroupBy.apply operated on the grouping columns. This behavior is deprecated, and in a future version of pandas the grouping columns will be excluded from the operation. Either pass `include_groups=False` to exclude the groupings or explicitly select the grouping columns after groupby to silence this warning.
  df = df.groupby('Label').apply(
/home/mcslab/yutung/MCSLAB_RSSI_RTT_Dataset/FusionCDAN/fusion_cdan_v2_noRSSIDiff.py:201: FutureWarning: DataFrameGroupBy.apply operated on the grouping columns. This behavior is deprecated, and in a future version of pandas the grouping columns will be excluded from the operation. Either pass `include_groups=False` to exclude the groupings or explicitly select the grouping columns after groupby to silence this warning.
  df = df.groupby('Label').apply(
372    | 3.0096     | 0.3439     | 1.3056       | 1.3600       | 0.1216     | 1.2917       | 1.3410       | 1.2707   |           
373    | 2.9655     | 0.3057     | 1.3030       | 1.3569       | 0.1251     | 1.2924       | 1.3468       | 1.2105   |           
374    | 3.0160     | 0.3489     | 1.3066       | 1.3605       | 0.1158     | 1.2844       | 1.3412       | 1.2707   |           
375    | 3.0255     | 0.3607     | 1.3039       | 1.3608       | 0.1214     | 1.2904       | 1.3414       | 1.2134   |           
376    | 3.0046     | 0.3412     | 1.3055       | 1.3578       | 0.1518     | 1.2995       | 1.3422       | 1.2839   |           
377    | 3.0653     | 0.4029     | 1.3029       | 1.3594       | 0.1194     | 1.2857       | 1.3368       | 1.2231   |           
378    | 2.9837     | 0.3210     | 1.3048       | 1.3579       | 0.1266     | 1.2933       | 1.3386       | 1.2480   |           
379    | 2.9864     | 0.3256     | 1.3014       | 1.3595       | 0.1204     | 1.2918       | 1.3445       | 1.1417   |           
380    | 3.0274     | 0.3615     | 1.3071       | 1.3588       | 0.1480     | 1.2923       | 1.3437       | 1.2039   |           
381    | 3.0067     | 0.3388     | 1.3082       | 1.3597       | 0.1198     | 1.2963       | 1.3457       | 1.2075   |           
382    | 3.0361     | 0.3704     | 1.3063       | 1.3594       | 0.1380     | 1.2906       | 1.3439       | 1.2161   |           
383    | 3.0018     | 0.3343     | 1.3061       | 1.3615       | 0.1172     | 1.2848       | 1.3425       | 1.1957   |           
384    | 3.0026     | 0.3408     | 1.3029       | 1.3589       | 0.1012     | 1.2951       | 1.3441       | 1.2005   | (ADV -0.02)
385    | 2.9653     | 0.3003     | 1.3063       | 1.3587       | 0.1119     | 1.2891       | 1.3485       | 1.1435   |           
386    | 3.0352     | 0.3698     | 1.3057       | 1.3597       | 0.1261     | 1.2886       | 1.3490       | 1.1847   |           
387    | 3.0252     | 0.3587     | 1.3067       | 1.3598       | 0.1302     | 1.2895       | 1.3456       | 1.1885   |           
388    | 3.0202     | 0.3570     | 1.3033       | 1.3599       | 0.1045     | 1.2889       | 1.3483       | 1.2452   |           
389    | 3.0292     | 0.3616     | 1.3074       | 1.3602       | 0.1094     | 1.2859       | 1.3404       | 1.2178   |           
390    | 3.0308     | 0.3681     | 1.3044       | 1.3583       | 0.1410     | 1.2966       | 1.3432       | 1.2209   |           
391    | 3.0045     | 0.3428     | 1.3040       | 1.3578       | 0.1082     | 1.2987       | 1.3452       | 1.2135   |           
392    | 3.0044     | 0.3385     | 1.3070       | 1.3589       | 0.1379     | 1.2917       | 1.3414       | 1.2309   |           
393    | 2.9947     | 0.3354     | 1.3013       | 1.3580       | 0.1357     | 1.2916       | 1.3456       | 1.2181   |           
394    | 2.9835     | 0.3176     | 1.3079       | 1.3580       | 0.1163     | 1.2906       | 1.3415       | 1.2561   |           
395    | 2.9943     | 0.3271     | 1.3092       | 1.3579       | 0.1401     | 1.2911       | 1.3438       | 1.2403   |           
396    | 2.9987     | 0.3366     | 1.3031       | 1.3590       | 0.1169     | 1.2930       | 1.3417       | 1.2693   |           
397    | 3.0241     | 0.3543     | 1.3101       | 1.3596       | 0.1455     | 1.2947       | 1.3452       | 1.2217   |           
398    | 3.0583     | 0.3886     | 1.3099       | 1.3597       | 0.1486     | 1.2811       | 1.3485       | 1.2988   |           
399    | 2.9923     | 0.3318     | 1.3006       | 1.3598       | 0.1344     | 1.2899       | 1.3472       | 1.2963   |           
400    | 3.0087     | 0.3488     | 1.2988       | 1.3611       | 0.1158     | 1.2893       | 1.3468       | 1.3027   |           
Seed 42 | Src Acc: 97.3469 | Src MDE: 0.0449 | Tgt Acc: 31.1224 | Tgt MDE: 1.2005
Start Training Seed 6767...

Start CDAN+E Training... (Entropy Conditioning Enabled)
Epoch  | Total Loss | Tr Cls     | Tr Dom RSSI  | Tr Dom RTT   | Val Cls    | Val RSSI Dls | Val RTT Dls  | Test MDE
------------------------------------------------------------------------------------------------------------------------
1      | 6.2774     | 3.5041     | 1.3868       | 1.3865       | 2.9935     | 1.3870       | 1.3889       | 2.1961   |           
2      | 5.6623     | 2.8883     | 1.3865       | 1.3875       | 2.4990     | 1.3869       | 1.3876       | 1.4344   |           
3      | 5.2928     | 2.5207     | 1.3854       | 1.3867       | 2.1375     | 1.3855       | 1.3854       | 1.4524   |           
4      | 4.9829     | 2.2147     | 1.3834       | 1.3848       | 1.8736     | 1.3832       | 1.3821       | 1.3628   |           
5      | 4.7140     | 1.9526     | 1.3793       | 1.3820       | 1.6906     | 1.3809       | 1.3792       | 1.2994   |           
6      | 4.5129     | 1.7620     | 1.3739       | 1.3770       | 1.4283     | 1.3764       | 1.3736       | 1.2419   |           
7      | 4.3511     | 1.6098     | 1.3674       | 1.3739       | 1.2200     | 1.3699       | 1.3675       | 1.1824   |           
8      | 4.1628     | 1.4334     | 1.3598       | 1.3697       | 1.0894     | 1.3630       | 1.3619       | 1.1352   |           
9      | 4.0486     | 1.3367     | 1.3499       | 1.3620       | 0.9296     | 1.3528       | 1.3518       | 1.1726   |           
10     | 3.9460     | 1.2517     | 1.3390       | 1.3553       | 0.8230     | 1.3460       | 1.3438       | 1.1578   |           
11     | 3.8576     | 1.1771     | 1.3310       | 1.3496       | 0.7073     | 1.3310       | 1.3344       | 1.1142   |           
12     | 3.7349     | 1.0739     | 1.3181       | 1.3429       | 0.7153     | 1.3228       | 1.3264       | 1.2022   |           
13     | 3.6755     | 1.0328     | 1.3065       | 1.3361       | 0.6250     | 1.3073       | 1.3141       | 1.1489   |           
14     | 3.6083     | 0.9836     | 1.2960       | 1.3287       | 0.5577     | 1.2960       | 1.3016       | 1.1486   |           
15     | 3.5099     | 0.9036     | 1.2843       | 1.3219       | 0.5262     | 1.2718       | 1.2910       | 1.2253   |           
16     | 3.4696     | 0.8833     | 1.2715       | 1.3148       | 0.4813     | 1.2666       | 1.2787       | 1.2083   | (ADV -0.13)
17     | 3.3897     | 0.8313     | 1.2587       | 1.2996       | 0.4387     | 1.2495       | 1.2648       | 1.1720   | (ADV -0.12)
18     | 3.4019     | 0.8517     | 1.2497       | 1.3006       | 0.4712     | 1.2504       | 1.2612       | 1.2071   |           
19     | 3.3044     | 0.7930     | 1.2288       | 1.2827       | 0.3896     | 1.2228       | 1.2316       | 1.1697   | (ADV -0.11)
20     | 3.2463     | 0.7572     | 1.2127       | 1.2764       | 0.3174     | 1.1995       | 1.2201       | 1.1807   | (ADV -0.10)
21     | 3.2655     | 0.7800     | 1.2116       | 1.2739       | 0.3106     | 1.1923       | 1.2180       | 1.1836   |           
22     | 3.2062     | 0.7502     | 1.1946       | 1.2614       | 0.3143     | 1.1788       | 1.2019       | 1.1573   |           
23     | 3.1519     | 0.7099     | 1.1834       | 1.2587       | 0.3503     | 1.1660       | 1.1867       | 1.2717   |           
24     | 3.1592     | 0.7179     | 1.1868       | 1.2545       | 0.3033     | 1.1534       | 1.1852       | 1.1715   |           
25     | 3.1329     | 0.7154     | 1.1685       | 1.2490       | 0.2999     | 1.1516       | 1.1845       | 1.2085   |           
26     | 3.0281     | 0.6494     | 1.1473       | 1.2314       | 0.2973     | 1.1488       | 1.1692       | 1.2094   |           
27     | 3.0422     | 0.6617     | 1.1473       | 1.2332       | 0.3033     | 1.1264       | 1.1556       | 1.1801   |           
28     | 3.0080     | 0.6333     | 1.1395       | 1.2352       | 0.2865     | 1.1114       | 1.1476       | 1.1943   |           
29     | 2.9799     | 0.6299     | 1.1262       | 1.2239       | 0.2244     | 1.0901       | 1.1318       | 1.1605   | (ADV -0.10)
30     | 2.9637     | 0.6238     | 1.1173       | 1.2227       | 0.2790     | 1.0887       | 1.1121       | 1.1923   |           
31     | 3.0201     | 0.6677     | 1.1232       | 1.2292       | 0.2333     | 1.0563       | 1.1128       | 1.1338   |           
32     | 2.9440     | 0.6215     | 1.1030       | 1.2195       | 0.2355     | 1.0395       | 1.1006       | 1.1692   |           
33     | 2.9370     | 0.6086     | 1.1070       | 1.2214       | 0.2194     | 1.0390       | 1.0945       | 1.1937   |           
34     | 2.8951     | 0.5879     | 1.0912       | 1.2160       | 0.2110     | 1.0286       | 1.0977       | 1.1826   |           
35     | 2.8547     | 0.5596     | 1.0847       | 1.2104       | 0.2243     | 1.0116       | 1.0740       | 1.1776   |           
36     | 2.9062     | 0.6066     | 1.0883       | 1.2112       | 0.1923     | 1.0058       | 1.0653       | 1.2382   |           
37     | 2.8954     | 0.5967     | 1.0850       | 1.2137       | 0.2123     | 0.9938       | 1.0613       | 1.2152   |           
38     | 2.8042     | 0.5350     | 1.0697       | 1.1995       | 0.1971     | 0.9930       | 1.0756       | 1.1937   |           
39     | 2.8102     | 0.5524     | 1.0559       | 1.2020       | 0.1840     | 0.9823       | 1.0499       | 1.2066   |           
40     | 2.8322     | 0.5575     | 1.0686       | 1.2061       | 0.2145     | 0.9795       | 1.0546       | 1.1508   |           
41     | 2.8290     | 0.5587     | 1.0596       | 1.2107       | 0.2183     | 0.9762       | 1.0519       | 1.1937   |           
42     | 2.8277     | 0.5703     | 1.0555       | 1.2019       | 0.1938     | 0.9686       | 1.0499       | 1.2207   |           
43     | 2.7914     | 0.5454     | 1.0518       | 1.1942       | 0.2101     | 0.9863       | 1.0489       | 1.2939   |           
44     | 2.8126     | 0.5532     | 1.0577       | 1.2017       | 0.1719     | 0.9630       | 1.0343       | 1.2353   |           
45     | 2.8071     | 0.5399     | 1.0638       | 1.2034       | 0.2156     | 0.9690       | 1.0581       | 1.2214   |           
46     | 2.7936     | 0.5456     | 1.0537       | 1.1944       | 0.1883     | 0.9546       | 1.0410       | 1.1885   |           
47     | 2.7978     | 0.5376     | 1.0587       | 1.2014       | 0.1666     | 0.9420       | 1.0311       | 1.1658   |           
48     | 2.7813     | 0.5105     | 1.0600       | 1.2107       | 0.1879     | 0.9578       | 1.0375       | 1.2202   |           
49     | 2.8174     | 0.5285     | 1.0581       | 1.2307       | 0.1604     | 0.9264       | 1.0324       | 1.1582   |           
50     | 2.8132     | 0.5416     | 1.0655       | 1.2061       | 0.2094     | 0.9401       | 1.0551       | 1.2028   |           
51     | 2.8287     | 0.5550     | 1.0663       | 1.2074       | 0.1852     | 0.9418       | 1.0357       | 1.2358   |           
52     | 2.8197     | 0.5231     | 1.0795       | 1.2172       | 0.1636     | 0.9299       | 1.0272       | 1.1974   |           
53     | 2.8117     | 0.5145     | 1.0711       | 1.2261       | 0.1913     | 0.9786       | 1.0537       | 1.2450   |           
54     | 2.8268     | 0.5302     | 1.0724       | 1.2242       | 0.1733     | 0.9864       | 1.0701       | 1.2619   |           
55     | 2.8555     | 0.5468     | 1.0907       | 1.2179       | 0.1612     | 0.9529       | 1.0458       | 1.2458   |           
56     | 2.8568     | 0.5552     | 1.0808       | 1.2207       | 0.1674     | 0.9601       | 1.0612       | 1.2111   |           
57     | 2.7897     | 0.4945     | 1.0723       | 1.2230       | 0.1690     | 0.9658       | 1.0568       | 1.1848   |           
58     | 2.8604     | 0.5421     | 1.0801       | 1.2382       | 0.2146     | 0.9606       | 1.0681       | 1.2349   |           
59     | 2.8882     | 0.5461     | 1.1059       | 1.2362       | 0.1593     | 0.9604       | 1.0552       | 1.2174   |           
60     | 2.8072     | 0.4997     | 1.0789       | 1.2285       | 0.2054     | 0.9989       | 1.0848       | 1.2531   |           
61     | 2.8524     | 0.5186     | 1.0923       | 1.2415       | 0.1637     | 0.9551       | 1.0746       | 1.2072   |           
62     | 2.8561     | 0.5276     | 1.0894       | 1.2390       | 0.1526     | 0.9698       | 1.0664       | 1.1810   |           
63     | 2.8790     | 0.5335     | 1.0982       | 1.2473       | 0.1549     | 0.9532       | 1.0950       | 1.1955   |           
64     | 2.9073     | 0.5426     | 1.1068       | 1.2579       | 0.1906     | 0.9791       | 1.0860       | 1.2177   |           
65     | 2.9116     | 0.5438     | 1.1163       | 1.2515       | 0.1610     | 0.9796       | 1.1015       | 1.2211   |           
66     | 2.9134     | 0.5478     | 1.1048       | 1.2608       | 0.1668     | 0.9548       | 1.0943       | 1.2096   |           
67     | 2.8545     | 0.5137     | 1.0926       | 1.2482       | 0.1819     | 0.9810       | 1.1094       | 1.2608   |           
68     | 2.8734     | 0.5035     | 1.1105       | 1.2593       | 0.1532     | 0.9615       | 1.1124       | 1.2845   |           
69     | 2.8916     | 0.5235     | 1.0999       | 1.2682       | 0.1616     | 0.9634       | 1.1336       | 1.2148   |           
70     | 2.8857     | 0.5065     | 1.1158       | 1.2634       | 0.1568     | 0.9690       | 1.1215       | 1.3035   |           
71     | 2.8898     | 0.5265     | 1.0979       | 1.2654       | 0.1586     | 0.9627       | 1.1253       | 1.2348   |           
72     | 2.8910     | 0.5216     | 1.1078       | 1.2616       | 0.1726     | 0.9790       | 1.1593       | 1.2505   |           
73     | 2.8892     | 0.5232     | 1.0964       | 1.2696       | 0.1933     | 0.9662       | 1.1576       | 1.1934   |           
74     | 2.8573     | 0.4887     | 1.1064       | 1.2622       | 0.2186     | 0.9762       | 1.1378       | 1.2220   |           
75     | 2.9244     | 0.5341     | 1.1077       | 1.2826       | 0.1743     | 0.9637       | 1.1324       | 1.2380   |           
76     | 2.8891     | 0.5211     | 1.1084       | 1.2596       | 0.1777     | 0.9716       | 1.1436       | 1.2597   |           
77     | 2.8757     | 0.5033     | 1.1100       | 1.2624       | 0.1523     | 0.9788       | 1.1345       | 1.1924   |           
78     | 2.8677     | 0.5101     | 1.0944       | 1.2632       | 0.1802     | 0.9817       | 1.1509       | 1.2313   |           
79     | 2.8633     | 0.4945     | 1.1020       | 1.2668       | 0.1561     | 0.9693       | 1.1475       | 1.2214   |           
80     | 2.8650     | 0.5007     | 1.1085       | 1.2558       | 0.1557     | 0.9709       | 1.1410       | 1.2058   |           
81     | 2.8562     | 0.4999     | 1.1024       | 1.2539       | 0.1696     | 0.9704       | 1.1469       | 1.2210   |           
82     | 2.8343     | 0.4838     | 1.1119       | 1.2386       | 0.1467     | 0.9728       | 1.1337       | 1.1634   |           
83     | 2.8495     | 0.4816     | 1.1142       | 1.2537       | 0.1520     | 0.9743       | 1.1401       | 1.1478   |           
84     | 2.8711     | 0.5032     | 1.1211       | 1.2467       | 0.1834     | 1.0084       | 1.1467       | 1.2746   |           
85     | 2.8862     | 0.5067     | 1.1276       | 1.2519       | 0.1705     | 1.0062       | 1.1381       | 1.2459   |           
86     | 2.8914     | 0.5011     | 1.1349       | 1.2555       | 0.1740     | 1.0001       | 1.1415       | 1.2147   |           
87     | 2.9035     | 0.5211     | 1.1207       | 1.2616       | 0.1643     | 0.9760       | 1.1449       | 1.2526   |           
88     | 2.9029     | 0.5425     | 1.1190       | 1.2414       | 0.1676     | 0.9809       | 1.1222       | 1.2375   |           
89     | 2.8137     | 0.4579     | 1.1108       | 1.2449       | 0.1642     | 0.9762       | 1.1424       | 1.2334   |           
90     | 2.9461     | 0.5444     | 1.1424       | 1.2593       | 0.1575     | 0.9930       | 1.1258       | 1.2510   |           
91     | 2.8696     | 0.5093     | 1.1175       | 1.2428       | 0.1862     | 1.0119       | 1.1365       | 1.3015   |           
92     | 2.9316     | 0.5382     | 1.1347       | 1.2588       | 0.1815     | 0.9803       | 1.1237       | 1.2655   |           
93     | 2.8943     | 0.5063     | 1.1177       | 1.2703       | 0.1709     | 0.9880       | 1.1440       | 1.2078   |           
94     | 2.8977     | 0.5112     | 1.1198       | 1.2667       | 0.1703     | 0.9790       | 1.1389       | 1.2340   |           
95     | 2.8624     | 0.4986     | 1.1110       | 1.2528       | 0.1599     | 0.9625       | 1.1342       | 1.1446   |           
96     | 2.8897     | 0.5061     | 1.1225       | 1.2611       | 0.1928     | 0.9823       | 1.1394       | 1.2409   |           
97     | 2.8974     | 0.5194     | 1.1204       | 1.2576       | 0.2007     | 1.0082       | 1.1542       | 1.2801   |           
98     | 2.8827     | 0.5069     | 1.1113       | 1.2645       | 0.1799     | 0.9991       | 1.1483       | 1.3011   |           
99     | 2.9017     | 0.5042     | 1.1274       | 1.2701       | 0.1653     | 0.9948       | 1.1426       | 1.2707   |           
100    | 2.8759     | 0.4941     | 1.1257       | 1.2561       | 0.1541     | 1.0043       | 1.1420       | 1.2421   |           
101    | 2.9008     | 0.4942     | 1.1352       | 1.2714       | 0.1650     | 0.9898       | 1.1373       | 1.2464   |           
102    | 2.8976     | 0.4916     | 1.1366       | 1.2693       | 0.1749     | 1.0045       | 1.1400       | 1.3119   |           
103    | 2.9270     | 0.5153     | 1.1296       | 1.2821       | 0.1564     | 0.9905       | 1.1443       | 1.2876   |           
104    | 2.8932     | 0.4970     | 1.1250       | 1.2712       | 0.1544     | 1.0018       | 1.1497       | 1.2635   |           
105    | 2.8684     | 0.4853     | 1.1208       | 1.2623       | 0.1524     | 0.9985       | 1.1476       | 1.2029   |           
106    | 2.9344     | 0.5222     | 1.1361       | 1.2761       | 0.1686     | 1.0104       | 1.1351       | 1.2834   |           
107    | 2.9189     | 0.4890     | 1.1551       | 1.2748       | 0.1483     | 1.0195       | 1.1473       | 1.2003   |           
108    | 2.9369     | 0.5240     | 1.1386       | 1.2744       | 0.1602     | 1.0056       | 1.1573       | 1.2439   |           
109    | 2.9914     | 0.5674     | 1.1526       | 1.2714       | 0.1697     | 1.0052       | 1.1370       | 1.2732   |           
110    | 2.9257     | 0.5047     | 1.1533       | 1.2677       | 0.1560     | 1.0161       | 1.1441       | 1.2378   |           
111    | 2.9420     | 0.5162     | 1.1583       | 1.2675       | 0.1559     | 1.0257       | 1.1483       | 1.2258   |           
112    | 2.9253     | 0.5012     | 1.1569       | 1.2672       | 0.1862     | 1.0585       | 1.1601       | 1.2735   |           
113    | 2.9055     | 0.4896     | 1.1521       | 1.2638       | 0.1729     | 1.0243       | 1.1447       | 1.2598   |           
114    | 2.9962     | 0.5576     | 1.1690       | 1.2695       | 0.1527     | 1.0217       | 1.1391       | 1.2803   |           
115    | 2.9851     | 0.5530     | 1.1501       | 1.2820       | 0.1259     | 0.9980       | 1.1419       | 1.2436   |           
116    | 2.9165     | 0.5045     | 1.1416       | 1.2704       | 0.1399     | 1.0219       | 1.1187       | 1.2670   | (ADV -0.10)
117    | 2.9298     | 0.5152     | 1.1511       | 1.2635       | 0.1383     | 1.0208       | 1.1436       | 1.2588   |           
118    | 2.8837     | 0.4827     | 1.1425       | 1.2585       | 0.1542     | 1.0177       | 1.1401       | 1.2618   |           
119    | 2.8717     | 0.4671     | 1.1416       | 1.2631       | 0.1297     | 1.0112       | 1.1500       | 1.2028   |           
120    | 2.9327     | 0.5010     | 1.1619       | 1.2698       | 0.1483     | 0.9946       | 1.1413       | 1.2555   |           
121    | 2.9025     | 0.4886     | 1.1507       | 1.2632       | 0.1460     | 0.9979       | 1.1452       | 1.2119   |           
122    | 2.8904     | 0.4901     | 1.1457       | 1.2546       | 0.1406     | 1.0043       | 1.1495       | 1.2632   |           
123    | 2.9060     | 0.4982     | 1.1467       | 1.2612       | 0.1253     | 0.9999       | 1.1356       | 1.2660   |           
124    | 2.9521     | 0.5212     | 1.1458       | 1.2851       | 0.1502     | 1.0052       | 1.1685       | 1.2220   |           
125    | 2.8858     | 0.4754     | 1.1375       | 1.2729       | 0.1445     | 0.9800       | 1.1441       | 1.2335   |           
126    | 2.8992     | 0.4938     | 1.1368       | 1.2686       | 0.1278     | 0.9901       | 1.1553       | 1.2603   |           
127    | 2.9010     | 0.4808     | 1.1434       | 1.2768       | 0.1262     | 1.0008       | 1.1509       | 1.2105   |           
128    | 2.8916     | 0.4771     | 1.1424       | 1.2721       | 0.1467     | 1.0129       | 1.1581       | 1.2777   |           
129    | 2.9107     | 0.5030     | 1.1377       | 1.2699       | 0.1420     | 1.0118       | 1.1479       | 1.2359   |           
130    | 2.9165     | 0.5063     | 1.1400       | 1.2702       | 0.1649     | 1.0032       | 1.1568       | 1.2560   |           
131    | 2.9201     | 0.4962     | 1.1532       | 1.2707       | 0.1523     | 1.0106       | 1.1489       | 1.2488   |           
132    | 2.9117     | 0.4980     | 1.1538       | 1.2600       | 0.1350     | 1.0076       | 1.1668       | 1.2635   |           
133    | 2.9167     | 0.4932     | 1.1474       | 1.2761       | 0.2082     | 1.0379       | 1.1557       | 1.3871   |           
134    | 2.9105     | 0.4956     | 1.1487       | 1.2661       | 0.1495     | 1.0098       | 1.1604       | 1.2379   |           
135    | 2.9375     | 0.4994     | 1.1570       | 1.2811       | 0.1685     | 1.0015       | 1.1726       | 1.2390   |           
136    | 2.9265     | 0.5062     | 1.1556       | 1.2647       | 0.1624     | 1.0082       | 1.1549       | 1.1916   |           
137    | 2.9181     | 0.4902     | 1.1566       | 1.2712       | 0.1525     | 1.0137       | 1.1725       | 1.2214   |           
138    | 2.9139     | 0.4842     | 1.1535       | 1.2761       | 0.1493     | 1.0094       | 1.1623       | 1.3335   |           
139    | 2.9781     | 0.5274     | 1.1678       | 1.2829       | 0.1477     | 1.0032       | 1.1690       | 1.1888   |           
140    | 2.9335     | 0.4966     | 1.1554       | 1.2816       | 0.1306     | 1.0112       | 1.1817       | 1.2628   |           
141    | 2.9037     | 0.4761     | 1.1537       | 1.2739       | 0.1439     | 0.9997       | 1.1592       | 1.2516   |           
142    | 2.8278     | 0.4279     | 1.1390       | 1.2609       | 0.1300     | 1.0121       | 1.1656       | 1.2805   |           
143    | 2.9119     | 0.4686     | 1.1719       | 1.2714       | 0.1435     | 1.0314       | 1.1609       | 1.2649   |           
144    | 2.8677     | 0.4460     | 1.1546       | 1.2671       | 0.1364     | 1.0198       | 1.1639       | 1.1957   |           
145    | 2.9297     | 0.4876     | 1.1682       | 1.2739       | 0.1537     | 1.0602       | 1.1806       | 1.2236   |           
146    | 2.9216     | 0.4754     | 1.1655       | 1.2808       | 0.1503     | 1.0309       | 1.1793       | 1.2955   |           
147    | 2.9185     | 0.4893     | 1.1624       | 1.2668       | 0.1569     | 1.0327       | 1.1702       | 1.3047   |           
148    | 2.9242     | 0.4596     | 1.1859       | 1.2787       | 0.2152     | 1.1010       | 1.1920       | 1.4324   |           
149    | 2.9714     | 0.5136     | 1.1816       | 1.2761       | 0.1343     | 1.0357       | 1.1805       | 1.2549   |           
150    | 2.9568     | 0.4999     | 1.1808       | 1.2760       | 0.1486     | 1.0234       | 1.1713       | 1.3116   |           
151    | 2.9480     | 0.4957     | 1.1732       | 1.2791       | 0.1531     | 1.0438       | 1.1729       | 1.2086   |           
152    | 2.9566     | 0.4996     | 1.1828       | 1.2742       | 0.1478     | 1.0385       | 1.1779       | 1.2672   |           
153    | 2.9617     | 0.5049     | 1.1740       | 1.2828       | 0.1482     | 1.0235       | 1.1691       | 1.3173   |           
154    | 2.9200     | 0.4797     | 1.1669       | 1.2734       | 0.1626     | 1.0465       | 1.1816       | 1.3318   |           
155    | 2.9009     | 0.4692     | 1.1670       | 1.2647       | 0.1469     | 1.0382       | 1.1791       | 1.3033   |           
156    | 2.9756     | 0.5135     | 1.1844       | 1.2776       | 0.2538     | 1.1144       | 1.2867       | 1.3287   |           
157    | 2.9234     | 0.4659     | 1.1868       | 1.2707       | 0.1550     | 1.0359       | 1.1794       | 1.2746   |           
158    | 2.9429     | 0.5085     | 1.1619       | 1.2725       | 0.1679     | 1.0477       | 1.2055       | 1.2730   |           
159    | 2.9519     | 0.4866     | 1.1800       | 1.2853       | 0.1475     | 1.0304       | 1.1932       | 1.3350   |           
160    | 2.9465     | 0.4801     | 1.1837       | 1.2827       | 0.1419     | 1.0383       | 1.1888       | 1.3295   |           
161    | 2.9716     | 0.5069     | 1.1788       | 1.2859       | 0.1464     | 1.0364       | 1.1949       | 1.3173   |           
162    | 2.9839     | 0.5102     | 1.1793       | 1.2945       | 0.2112     | 1.0997       | 1.2182       | 1.3421   |           
163    | 2.9246     | 0.4772     | 1.1589       | 1.2885       | 0.1495     | 1.0501       | 1.2054       | 1.3127   |           
164    | 2.9030     | 0.4593     | 1.1613       | 1.2825       | 0.1553     | 1.0310       | 1.2038       | 1.3694   |           
165    | 2.9529     | 0.4955     | 1.1672       | 1.2902       | 0.1670     | 1.0588       | 1.2176       | 1.3119   |           
166    | 2.9367     | 0.4754     | 1.1719       | 1.2895       | 0.1513     | 1.0688       | 1.1965       | 1.3603   |           
167    | 2.9089     | 0.4472     | 1.1795       | 1.2821       | 0.1383     | 1.0635       | 1.1902       | 1.3270   | (ADV -0.09)
168    | 2.9062     | 0.4511     | 1.1639       | 1.2911       | 0.1560     | 1.0482       | 1.2012       | 1.2526   |           
169    | 2.9246     | 0.4553     | 1.1819       | 1.2874       | 0.1514     | 1.0663       | 1.2010       | 1.2480   |           
170    | 2.9800     | 0.5000     | 1.1922       | 1.2877       | 0.1500     | 1.0594       | 1.1982       | 1.3784   |           
171    | 2.9746     | 0.4981     | 1.1908       | 1.2857       | 0.1405     | 1.0634       | 1.1889       | 1.3545   |           
172    | 2.9358     | 0.4692     | 1.1863       | 1.2803       | 0.1752     | 1.0627       | 1.1970       | 1.3445   |           
173    | 2.9025     | 0.4560     | 1.1701       | 1.2764       | 0.1713     | 1.0425       | 1.2115       | 1.3284   |           
174    | 2.9224     | 0.4679     | 1.1714       | 1.2831       | 0.1492     | 1.0404       | 1.1929       | 1.2797   |           
175    | 2.9009     | 0.4429     | 1.1733       | 1.2847       | 0.1622     | 1.0654       | 1.2169       | 1.2862   |           
176    | 2.9304     | 0.4659     | 1.1796       | 1.2850       | 0.1520     | 1.0733       | 1.2014       | 1.3119   |           
177    | 2.9904     | 0.5226     | 1.1767       | 1.2911       | 0.1516     | 1.0913       | 1.2089       | 1.3673   | (ADV -0.09)
178    | 2.8854     | 0.4366     | 1.1631       | 1.2857       | 0.1699     | 1.0922       | 1.1883       | 1.3416   |           
179    | 2.9145     | 0.4519     | 1.1782       | 1.2845       | 0.1551     | 1.0794       | 1.2035       | 1.3057   |           
180    | 2.8990     | 0.4446     | 1.1790       | 1.2754       | 0.1676     | 1.0734       | 1.2125       | 1.2060   |           
181    | 2.9719     | 0.4974     | 1.1840       | 1.2904       | 0.1761     | 1.0827       | 1.2106       | 1.3171   |           
182    | 2.8934     | 0.4323     | 1.1742       | 1.2869       | 0.1389     | 1.1002       | 1.2049       | 1.2142   | (ADV -0.08)
183    | 2.9805     | 0.5050     | 1.1905       | 1.2849       | 0.1532     | 1.1329       | 1.1915       | 1.2627   | (ADV -0.07)
184    | 2.9456     | 0.4691     | 1.1957       | 1.2808       | 0.1389     | 1.0722       | 1.1819       | 1.2408   |           
185    | 2.9360     | 0.4569     | 1.1960       | 1.2831       | 0.1343     | 1.0976       | 1.1910       | 1.3409   |           
186    | 2.9545     | 0.4718     | 1.1991       | 1.2835       | 0.1496     | 1.0859       | 1.1788       | 1.3356   |           
187    | 2.9441     | 0.4666     | 1.1958       | 1.2817       | 0.1259     | 1.0775       | 1.1880       | 1.2820   |           
188    | 2.9119     | 0.4520     | 1.1872       | 1.2727       | 0.1384     | 1.0937       | 1.1941       | 1.2834   |           
189    | 2.8741     | 0.4204     | 1.1770       | 1.2767       | 0.1571     | 1.1030       | 1.1902       | 1.2210   |           
190    | 2.9123     | 0.4366     | 1.1982       | 1.2775       | 0.1474     | 1.1058       | 1.1931       | 1.2604   |           
191    | 2.9345     | 0.4465     | 1.2034       | 1.2846       | 0.1348     | 1.1001       | 1.2038       | 1.2151   |           
192    | 2.9607     | 0.4804     | 1.1931       | 1.2871       | 0.1607     | 1.1049       | 1.1944       | 1.2641   |           
193    | 3.0022     | 0.5082     | 1.2024       | 1.2916       | 0.1804     | 1.1296       | 1.2046       | 1.3075   |           
194    | 2.9297     | 0.4641     | 1.1814       | 1.2843       | 0.1561     | 1.1178       | 1.2172       | 1.3432   |           
195    | 2.9388     | 0.4670     | 1.1789       | 1.2929       | 0.1328     | 1.0863       | 1.1985       | 1.2596   |           
196    | 2.9294     | 0.4508     | 1.1978       | 1.2808       | 0.1518     | 1.0991       | 1.1928       | 1.2602   |           
197    | 2.9606     | 0.4715     | 1.2036       | 1.2855       | 0.1443     | 1.0939       | 1.1914       | 1.3073   |           
198    | 2.9361     | 0.4724     | 1.1865       | 1.2772       | 0.1390     | 1.0720       | 1.1888       | 1.2536   |           
199    | 2.9323     | 0.4515     | 1.1906       | 1.2902       | 0.1318     | 1.0918       | 1.1917       | 1.2578   |           
200    | 2.8936     | 0.4377     | 1.1754       | 1.2805       | 0.1514     | 1.0897       | 1.2106       | 1.2694   |           
201    | 2.8984     | 0.4239     | 1.1851       | 1.2893       | 0.1646     | 1.1091       | 1.2019       | 1.2689   |           
202    | 2.9487     | 0.4595     | 1.1944       | 1.2948       | 0.1916     | 1.1341       | 1.2351       | 1.2605   |           
203    | 2.9138     | 0.4325     | 1.1967       | 1.2845       | 0.1671     | 1.0983       | 1.2322       | 1.2462   |           
204    | 2.9382     | 0.4581     | 1.1965       | 1.2836       | 0.1630     | 1.1158       | 1.2160       | 1.2211   |           
205    | 2.9117     | 0.4266     | 1.2019       | 1.2833       | 0.1379     | 1.1119       | 1.2108       | 1.3620   |           
206    | 2.9180     | 0.4231     | 1.2033       | 1.2916       | 0.1415     | 1.1167       | 1.2201       | 1.2597   |           
207    | 2.9297     | 0.4368     | 1.1986       | 1.2943       | 0.1486     | 1.1138       | 1.2434       | 1.3256   |           
208    | 2.9694     | 0.4677     | 1.2103       | 1.2913       | 0.1561     | 1.1395       | 1.2226       | 1.2841   |           
209    | 2.8984     | 0.4187     | 1.1892       | 1.2904       | 0.1296     | 1.1115       | 1.2224       | 1.2784   |           
210    | 2.9204     | 0.4377     | 1.1909       | 1.2919       | 0.1573     | 1.1237       | 1.2334       | 1.3237   |           
211    | 2.9688     | 0.4557     | 1.2167       | 1.2964       | 0.1613     | 1.1423       | 1.2347       | 1.3092   |           
212    | 2.9423     | 0.4389     | 1.2031       | 1.3003       | 0.1620     | 1.1334       | 1.2466       | 1.2219   |           
213    | 2.9421     | 0.4312     | 1.2052       | 1.3058       | 0.1522     | 1.1160       | 1.2327       | 1.2640   |           
214    | 2.9263     | 0.4251     | 1.2026       | 1.2986       | 0.1368     | 1.1395       | 1.2462       | 1.3418   |           
215    | 2.9540     | 0.4484     | 1.2123       | 1.2933       | 0.1555     | 1.1442       | 1.2348       | 1.2102   |           
216    | 2.9274     | 0.4353     | 1.2022       | 1.2899       | 0.1612     | 1.1465       | 1.2352       | 1.2366   |           
217    | 2.9522     | 0.4319     | 1.2170       | 1.3032       | 0.1276     | 1.1439       | 1.2328       | 1.3424   | (ADV -0.07)
218    | 2.9494     | 0.4281     | 1.2200       | 1.3013       | 0.1487     | 1.1490       | 1.2334       | 1.2801   |           
219    | 3.0167     | 0.4718     | 1.2398       | 1.3051       | 0.1389     | 1.1173       | 1.2388       | 1.2841   |           
220    | 2.9336     | 0.4216     | 1.2137       | 1.2983       | 0.1663     | 1.1377       | 1.2557       | 1.2509   |           
221    | 2.9486     | 0.4341     | 1.2080       | 1.3066       | 0.1414     | 1.1532       | 1.2506       | 1.3011   |           
222    | 2.9288     | 0.4174     | 1.2107       | 1.3007       | 0.1320     | 1.1091       | 1.2538       | 1.3122   |           
223    | 2.9443     | 0.4385     | 1.2025       | 1.3033       | 0.1739     | 1.1517       | 1.2483       | 1.3212   |           
224    | 2.9128     | 0.4091     | 1.2106       | 1.2930       | 0.1533     | 1.1583       | 1.2509       | 1.3702   |           
225    | 2.9397     | 0.4209     | 1.2207       | 1.2981       | 0.1478     | 1.1667       | 1.2528       | 1.2488   |           
226    | 2.9419     | 0.4228     | 1.2184       | 1.3007       | 0.1493     | 1.1480       | 1.2577       | 1.3770   |           
227    | 2.9514     | 0.4299     | 1.2237       | 1.2978       | 0.1404     | 1.1363       | 1.2356       | 1.2178   |           
228    | 2.9213     | 0.4133     | 1.2097       | 1.2984       | 0.1231     | 1.1434       | 1.2346       | 1.3357   | (ADV -0.07)
229    | 2.9447     | 0.4329     | 1.2128       | 1.2990       | 0.1511     | 1.1574       | 1.2495       | 1.2937   |           
230    | 2.9533     | 0.4317     | 1.2176       | 1.3040       | 0.1263     | 1.1211       | 1.2376       | 1.1778   |           
231    | 2.9661     | 0.4365     | 1.2204       | 1.3092       | 0.1549     | 1.1644       | 1.2582       | 1.3298   |           
232    | 2.9903     | 0.4484     | 1.2322       | 1.3098       | 0.1736     | 1.1584       | 1.2619       | 1.3152   |           
233    | 2.9332     | 0.4086     | 1.2158       | 1.3088       | 0.1280     | 1.1304       | 1.2683       | 1.2965   |           
234    | 2.9772     | 0.4341     | 1.2324       | 1.3106       | 0.1557     | 1.1586       | 1.2553       | 1.2666   |           
235    | 2.9469     | 0.4019     | 1.2251       | 1.3198       | 0.1492     | 1.1638       | 1.2661       | 1.2903   |           
236    | 2.9706     | 0.4269     | 1.2285       | 1.3152       | 0.1306     | 1.1613       | 1.2619       | 1.2619   |           
237    | 2.9475     | 0.4124     | 1.2243       | 1.3108       | 0.1396     | 1.1651       | 1.2624       | 1.3032   |           
238    | 2.9204     | 0.3932     | 1.2211       | 1.3061       | 0.1386     | 1.1564       | 1.2576       | 1.2479   |           
239    | 2.9707     | 0.4243     | 1.2289       | 1.3175       | 0.1543     | 1.1781       | 1.2662       | 1.3707   |           
240    | 2.9534     | 0.4106     | 1.2324       | 1.3104       | 0.1517     | 1.1618       | 1.2568       | 1.2773   |           
241    | 2.9417     | 0.4054     | 1.2229       | 1.3135       | 0.1379     | 1.1692       | 1.2595       | 1.2701   | (ADV -0.07)
242    | 2.9469     | 0.3970     | 1.2403       | 1.3096       | 0.1536     | 1.1733       | 1.2608       | 1.2997   |           
243    | 2.9739     | 0.4370     | 1.2295       | 1.3074       | 0.1238     | 1.1530       | 1.2584       | 1.2669   |           
244    | 2.9963     | 0.4423     | 1.2363       | 1.3177       | 0.1602     | 1.1684       | 1.2523       | 1.2285   |           
245    | 2.9758     | 0.4253     | 1.2420       | 1.3085       | 0.1627     | 1.1932       | 1.2512       | 1.2918   | (ADV -0.06)
246    | 2.9463     | 0.4043     | 1.2311       | 1.3109       | 0.1461     | 1.1817       | 1.2546       | 1.2967   |           
247    | 2.9613     | 0.4036     | 1.2431       | 1.3147       | 0.1494     | 1.1836       | 1.2626       | 1.4153   |           
248    | 2.9467     | 0.4075     | 1.2338       | 1.3055       | 0.1548     | 1.1971       | 1.2597       | 1.3307   | (ADV -0.06)
249    | 2.9570     | 0.4082     | 1.2431       | 1.3057       | 0.1481     | 1.1801       | 1.2605       | 1.2862   |           
250    | 2.9464     | 0.3897     | 1.2449       | 1.3119       | 0.1347     | 1.1746       | 1.2532       | 1.2440   |           
251    | 2.9830     | 0.4342     | 1.2413       | 1.3075       | 0.1729     | 1.1951       | 1.2653       | 1.3176   |           
252    | 2.9645     | 0.4152     | 1.2419       | 1.3074       | 0.1323     | 1.1636       | 1.2628       | 1.2908   |           
253    | 2.9811     | 0.4215     | 1.2444       | 1.3152       | 0.1365     | 1.1789       | 1.2656       | 1.3016   |           
254    | 2.9879     | 0.4311     | 1.2457       | 1.3111       | 0.1703     | 1.2070       | 1.2731       | 1.3341   |           
255    | 2.9355     | 0.3801     | 1.2417       | 1.3137       | 0.1210     | 1.1746       | 1.2569       | 1.3475   | (ADV -0.06)
256    | 2.9482     | 0.3966     | 1.2439       | 1.3077       | 0.1673     | 1.2052       | 1.2562       | 1.3735   |           
257    | 2.9693     | 0.4035     | 1.2493       | 1.3165       | 0.1235     | 1.1889       | 1.2658       | 1.3482   | (ADV -0.05)
258    | 2.9643     | 0.4015     | 1.2481       | 1.3147       | 0.1404     | 1.1926       | 1.2651       | 1.3466   |           
259    | 2.9315     | 0.3698     | 1.2450       | 1.3167       | 0.1409     | 1.1963       | 1.2666       | 1.2465   |           
260    | 2.9295     | 0.3728     | 1.2456       | 1.3111       | 0.1210     | 1.2091       | 1.2603       | 1.2713   | (ADV -0.04)
261    | 3.0054     | 0.4257     | 1.2576       | 1.3220       | 0.1603     | 1.2201       | 1.2712       | 1.2951   |           
262    | 2.9552     | 0.3769     | 1.2594       | 1.3189       | 0.1371     | 1.2189       | 1.2639       | 1.3056   |           
263    | 3.0020     | 0.4236     | 1.2566       | 1.3218       | 0.1739     | 1.2318       | 1.3001       | 1.2109   |           
264    | 2.9835     | 0.4061     | 1.2556       | 1.3219       | 0.1425     | 1.2207       | 1.2680       | 1.2500   |           
265    | 2.9580     | 0.3772     | 1.2615       | 1.3193       | 0.1479     | 1.2223       | 1.2702       | 1.3218   |           
266    | 2.9612     | 0.3933     | 1.2464       | 1.3215       | 0.1605     | 1.2178       | 1.2725       | 1.3103   |           
267    | 2.9402     | 0.3780     | 1.2508       | 1.3113       | 0.1591     | 1.2258       | 1.2720       | 1.3073   |           
268    | 3.0023     | 0.4309     | 1.2502       | 1.3212       | 0.1300     | 1.2128       | 1.2632       | 1.2668   |           
269    | 2.9694     | 0.3937     | 1.2541       | 1.3216       | 0.1568     | 1.2459       | 1.2763       | 1.3214   | (ADV -0.04)
270    | 2.9726     | 0.3976     | 1.2538       | 1.3212       | 0.1628     | 1.2313       | 1.2752       | 1.3628   |           
271    | 2.9944     | 0.4112     | 1.2632       | 1.3201       | 0.1544     | 1.2181       | 1.2744       | 1.3225   |           
272    | 2.9683     | 0.3928     | 1.2526       | 1.3230       | 0.1136     | 1.2106       | 1.2676       | 1.2899   | (ADV -0.04)
273    | 2.9541     | 0.3776     | 1.2510       | 1.3255       | 0.1377     | 1.2255       | 1.2719       | 1.2975   |           
274    | 2.9161     | 0.3434     | 1.2544       | 1.3183       | 0.1250     | 1.2422       | 1.2723       | 1.2699   | (ADV -0.04)
275    | 2.9755     | 0.3921     | 1.2599       | 1.3234       | 0.1503     | 1.2382       | 1.2832       | 1.2830   |           
276    | 2.9729     | 0.3845     | 1.2621       | 1.3262       | 0.1580     | 1.2255       | 1.2789       | 1.2882   |           
277    | 2.9655     | 0.3827     | 1.2604       | 1.3223       | 0.1445     | 1.2347       | 1.2862       | 1.2492   |           
278    | 2.9886     | 0.3937     | 1.2692       | 1.3256       | 0.1333     | 1.2302       | 1.2886       | 1.2704   |           
279    | 2.9618     | 0.3673     | 1.2671       | 1.3274       | 0.1442     | 1.2384       | 1.2861       | 1.2610   |           
280    | 2.9457     | 0.3511     | 1.2696       | 1.3250       | 0.1422     | 1.2493       | 1.2950       | 1.2054   |           
281    | 3.0011     | 0.3920     | 1.2769       | 1.3321       | 0.1384     | 1.2492       | 1.2883       | 1.2775   |           
282    | 2.9888     | 0.3776     | 1.2811       | 1.3301       | 0.1452     | 1.2406       | 1.2947       | 1.2930   |           
283    | 2.9821     | 0.3693     | 1.2840       | 1.3288       | 0.1508     | 1.2476       | 1.2887       | 1.2455   |           
284    | 3.0390     | 0.4297     | 1.2807       | 1.3286       | 0.1389     | 1.2350       | 1.2938       | 1.2256   |           
285    | 3.0115     | 0.3951     | 1.2824       | 1.3341       | 0.1433     | 1.2705       | 1.2913       | 1.3291   | (ADV -0.03)
286    | 3.0019     | 0.3780     | 1.2923       | 1.3317       | 0.1359     | 1.2278       | 1.2918       | 1.2404   |           
287    | 2.9826     | 0.3682     | 1.2807       | 1.3337       | 0.1427     | 1.2407       | 1.2945       | 1.2471   |           
288    | 3.0139     | 0.3951     | 1.2832       | 1.3357       | 0.1334     | 1.2490       | 1.3073       | 1.2368   |           
289    | 2.9697     | 0.3580     | 1.2802       | 1.3316       | 0.1366     | 1.2570       | 1.3016       | 1.3152   |           
290    | 2.9909     | 0.3729     | 1.2816       | 1.3363       | 0.1339     | 1.2439       | 1.3035       | 1.2361   |           
291    | 3.0368     | 0.4128     | 1.2812       | 1.3429       | 0.1429     | 1.2362       | 1.2948       | 1.2158   |           
292    | 2.9806     | 0.3560     | 1.2852       | 1.3393       | 0.1260     | 1.2254       | 1.3016       | 1.1574   |           
293    | 2.9972     | 0.3773     | 1.2805       | 1.3393       | 0.1124     | 1.2311       | 1.3047       | 1.2622   |           
294    | 2.9975     | 0.3774     | 1.2787       | 1.3414       | 0.1440     | 1.2337       | 1.3166       | 1.1930   |           
295    | 2.9947     | 0.3670     | 1.2830       | 1.3446       | 0.1388     | 1.2418       | 1.3203       | 1.2044   |           
296    | 2.9935     | 0.3725     | 1.2778       | 1.3432       | 0.1235     | 1.2389       | 1.3117       | 1.2228   |           
297    | 3.0038     | 0.3756     | 1.2847       | 1.3436       | 0.1368     | 1.2562       | 1.3108       | 1.2746   |           
298    | 2.9749     | 0.3481     | 1.2841       | 1.3426       | 0.1182     | 1.2484       | 1.3270       | 1.2912   |           
299    | 2.9913     | 0.3616     | 1.2808       | 1.3489       | 0.1352     | 1.2427       | 1.3172       | 1.2847   |           
300    | 3.0410     | 0.4003     | 1.2902       | 1.3506       | 0.1132     | 1.2407       | 1.3155       | 1.2798   |           
301    | 3.0292     | 0.3976     | 1.2861       | 1.3455       | 0.1166     | 1.2436       | 1.3128       | 1.2598   |           
302    | 2.9996     | 0.3729     | 1.2806       | 1.3461       | 0.1148     | 1.2358       | 1.3157       | 1.2404   |           
303    | 3.0075     | 0.3806     | 1.2837       | 1.3433       | 0.1384     | 1.2501       | 1.3035       | 1.2031   |           
304    | 2.9526     | 0.3314     | 1.2759       | 1.3453       | 0.1051     | 1.2374       | 1.3149       | 1.2047   |           
305    | 2.9826     | 0.3546     | 1.2795       | 1.3485       | 0.1265     | 1.2487       | 1.3120       | 1.2867   |           
306    | 2.9450     | 0.3236     | 1.2782       | 1.3432       | 0.1293     | 1.2597       | 1.3123       | 1.2464   |           
307    | 2.9971     | 0.3747     | 1.2761       | 1.3463       | 0.1255     | 1.2445       | 1.3139       | 1.3089   |           
308    | 3.0074     | 0.3788     | 1.2814       | 1.3472       | 0.1574     | 1.2605       | 1.3127       | 1.3199   |           
309    | 2.9778     | 0.3505     | 1.2768       | 1.3504       | 0.1466     | 1.2446       | 1.3169       | 1.2001   |           
310    | 2.9778     | 0.3537     | 1.2780       | 1.3461       | 0.1310     | 1.2547       | 1.3216       | 1.2058   |           
311    | 2.9674     | 0.3395     | 1.2794       | 1.3485       | 0.1417     | 1.2576       | 1.3277       | 1.2693   |           
312    | 2.9730     | 0.3481     | 1.2796       | 1.3453       | 0.1272     | 1.2539       | 1.3262       | 1.2525   |           
313    | 3.0186     | 0.3826     | 1.2814       | 1.3546       | 0.1444     | 1.2685       | 1.3239       | 1.3112   |           
314    | 3.0062     | 0.3707     | 1.2826       | 1.3529       | 0.1194     | 1.2446       | 1.3176       | 1.2619   |           
315    | 2.9977     | 0.3563     | 1.2859       | 1.3555       | 0.1289     | 1.2571       | 1.3275       | 1.2814   |           
316    | 3.0477     | 0.4070     | 1.2870       | 1.3537       | 0.1361     | 1.2465       | 1.3270       | 1.2197   |           
317    | 3.0055     | 0.3723     | 1.2802       | 1.3530       | 0.1292     | 1.2513       | 1.3323       | 1.2966   |           
318    | 2.9838     | 0.3535     | 1.2780       | 1.3523       | 0.1436     | 1.2455       | 1.3265       | 1.3377   |           
319    | 3.0452     | 0.4059     | 1.2813       | 1.3580       | 0.1247     | 1.2506       | 1.3210       | 1.1958   |           
320    | 3.0195     | 0.3846     | 1.2814       | 1.3535       | 0.1383     | 1.2471       | 1.3252       | 1.2741   |           
321    | 2.9670     | 0.3390     | 1.2758       | 1.3522       | 0.1259     | 1.2583       | 1.3263       | 1.3029   |           
322    | 3.0234     | 0.3847     | 1.2846       | 1.3541       | 0.1349     | 1.2592       | 1.3295       | 1.2765   |           
323    | 2.9574     | 0.3239     | 1.2793       | 1.3542       | 0.1559     | 1.2557       | 1.3203       | 1.2089   |           
324    | 3.0333     | 0.3960     | 1.2849       | 1.3524       | 0.1200     | 1.2551       | 1.3224       | 1.2133   |           
325    | 3.0451     | 0.4056     | 1.2858       | 1.3537       | 0.1257     | 1.2425       | 1.3261       | 1.2709   |           
326    | 2.9493     | 0.3214     | 1.2741       | 1.3538       | 0.1343     | 1.2477       | 1.3258       | 1.2237   |           
327    | 2.9949     | 0.3570     | 1.2809       | 1.3570       | 0.1115     | 1.2547       | 1.3332       | 1.2996   |           
328    | 2.9932     | 0.3457     | 1.2883       | 1.3592       | 0.1266     | 1.2648       | 1.3336       | 1.2838   |           
329    | 2.9927     | 0.3592     | 1.2782       | 1.3552       | 0.1324     | 1.2577       | 1.3382       | 1.2267   |           
330    | 2.9925     | 0.3558     | 1.2794       | 1.3573       | 0.1151     | 1.2598       | 1.3270       | 1.2035   |           
331    | 2.9534     | 0.3231     | 1.2782       | 1.3520       | 0.1397     | 1.2637       | 1.3281       | 1.2085   |           
332    | 2.9444     | 0.3112     | 1.2833       | 1.3499       | 0.1315     | 1.2590       | 1.3240       | 1.2628   |           
333    | 2.9927     | 0.3507     | 1.2876       | 1.3544       | 0.1201     | 1.2682       | 1.3366       | 1.2200   |           
334    | 2.9780     | 0.3345     | 1.2876       | 1.3559       | 0.1147     | 1.2633       | 1.3355       | 1.2251   |           
335    | 3.0233     | 0.3749     | 1.2903       | 1.3582       | 0.1563     | 1.2676       | 1.3306       | 1.2128   |           
336    | 2.9857     | 0.3509     | 1.2841       | 1.3507       | 0.1368     | 1.2631       | 1.3288       | 1.2363   |           
337    | 2.9805     | 0.3379     | 1.2884       | 1.3542       | 0.1179     | 1.2730       | 1.3322       | 1.2454   | (ADV -0.03)
338    | 2.9821     | 0.3411     | 1.2861       | 1.3549       | 0.1450     | 1.2629       | 1.3366       | 1.2560   |           
339    | 2.9865     | 0.3433     | 1.2860       | 1.3572       | 0.1232     | 1.2779       | 1.3363       | 1.2884   |           
340    | 2.9975     | 0.3542     | 1.2865       | 1.3567       | 0.1596     | 1.2696       | 1.3337       | 1.2160   |           
341    | 2.9703     | 0.3344     | 1.2846       | 1.3513       | 0.1363     | 1.2672       | 1.3281       | 1.2204   |           
342    | 2.9970     | 0.3549     | 1.2887       | 1.3534       | 0.1296     | 1.2733       | 1.3354       | 1.2494   |           
343    | 3.0279     | 0.3879     | 1.2892       | 1.3508       | 0.1332     | 1.2725       | 1.3295       | 1.1993   |           
/home/mcslab/yutung/MCSLAB_RSSI_RTT_Dataset/FusionCDAN/fusion_cdan_v2_noRSSIDiff.py:201: FutureWarning: DataFrameGroupBy.apply operated on the grouping columns. This behavior is deprecated, and in a future version of pandas the grouping columns will be excluded from the operation. Either pass `include_groups=False` to exclude the groupings or explicitly select the grouping columns after groupby to silence this warning.
  df = df.groupby('Label').apply(
/home/mcslab/yutung/MCSLAB_RSSI_RTT_Dataset/FusionCDAN/fusion_cdan_v2_noRSSIDiff.py:201: FutureWarning: DataFrameGroupBy.apply operated on the grouping columns. This behavior is deprecated, and in a future version of pandas the grouping columns will be excluded from the operation. Either pass `include_groups=False` to exclude the groupings or explicitly select the grouping columns after groupby to silence this warning.
  df = df.groupby('Label').apply(
344    | 3.0036     | 0.3593     | 1.2920       | 1.3523       | 0.1138     | 1.2586       | 1.3358       | 1.2162   |           
345    | 3.0215     | 0.3802     | 1.2882       | 1.3531       | 0.1577     | 1.2736       | 1.3289       | 1.1428   |           
346    | 2.9894     | 0.3506     | 1.2866       | 1.3521       | 0.1081     | 1.2673       | 1.3319       | 1.1906   | (ADV -0.03)
347    | 2.9735     | 0.3339     | 1.2879       | 1.3517       | 0.1171     | 1.2698       | 1.3388       | 1.3372   |           
348    | 2.9623     | 0.3224     | 1.2868       | 1.3531       | 0.1145     | 1.2669       | 1.3314       | 1.2840   |           
349    | 2.9820     | 0.3323     | 1.2946       | 1.3551       | 0.1197     | 1.2836       | 1.3389       | 1.2759   | (ADV -0.03)
350    | 2.9766     | 0.3327     | 1.2909       | 1.3530       | 0.1294     | 1.2812       | 1.3324       | 1.2900   |           
351    | 2.9794     | 0.3341     | 1.2902       | 1.3551       | 0.1312     | 1.2730       | 1.3394       | 1.1949   |           
352    | 2.9935     | 0.3447     | 1.2928       | 1.3560       | 0.1256     | 1.2781       | 1.3389       | 1.2517   |           
353    | 2.9861     | 0.3305     | 1.2967       | 1.3588       | 0.1400     | 1.2847       | 1.3358       | 1.2004   |           
354    | 2.9813     | 0.3333     | 1.2942       | 1.3538       | 0.1277     | 1.2826       | 1.3351       | 1.1633   |           
355    | 2.9791     | 0.3262     | 1.2990       | 1.3539       | 0.1637     | 1.2832       | 1.3396       | 1.1480   |           
356    | 3.0164     | 0.3511     | 1.3076       | 1.3577       | 0.1332     | 1.2942       | 1.3380       | 1.1949   | (ADV -0.03)
357    | 3.0179     | 0.3576     | 1.3047       | 1.3556       | 0.1214     | 1.2902       | 1.3376       | 1.2370   | (ADV -0.03)
358    | 2.9765     | 0.3198     | 1.3017       | 1.3550       | 0.1141     | 1.2833       | 1.3353       | 1.2049   |           
359    | 2.9690     | 0.3149     | 1.2986       | 1.3556       | 0.1248     | 1.2942       | 1.3386       | 1.3233   | (ADV -0.03)
360    | 2.9778     | 0.3181     | 1.3039       | 1.3558       | 0.1196     | 1.2802       | 1.3419       | 1.2244   |           
361    | 3.0046     | 0.3408     | 1.3051       | 1.3587       | 0.1363     | 1.2887       | 1.3395       | 1.2372   |           
362    | 2.9870     | 0.3291     | 1.2981       | 1.3598       | 0.1163     | 1.2868       | 1.3392       | 1.1537   |           
363    | 2.9970     | 0.3403     | 1.3004       | 1.3564       | 0.1382     | 1.2889       | 1.3330       | 1.2054   |           
364    | 2.9936     | 0.3368     | 1.2981       | 1.3587       | 0.1549     | 1.3019       | 1.3410       | 1.2313   |           
365    | 3.0090     | 0.3480     | 1.3010       | 1.3601       | 0.1129     | 1.2747       | 1.3400       | 1.1829   |           
366    | 3.0154     | 0.3662     | 1.2954       | 1.3538       | 0.1273     | 1.2785       | 1.3322       | 1.2247   |           
367    | 2.9644     | 0.3130     | 1.2968       | 1.3546       | 0.1125     | 1.2878       | 1.3363       | 1.2209   | (ADV -0.03)
368    | 3.0088     | 0.3444     | 1.3087       | 1.3557       | 0.1412     | 1.3005       | 1.3339       | 1.2529   |           
369    | 2.9721     | 0.3137     | 1.3034       | 1.3549       | 0.1170     | 1.2949       | 1.3366       | 1.3090   | (ADV -0.02)
370    | 3.0381     | 0.3717     | 1.3056       | 1.3607       | 0.1563     | 1.2837       | 1.3452       | 1.2481   |           
371    | 2.9798     | 0.3273     | 1.2952       | 1.3574       | 0.1053     | 1.2839       | 1.3386       | 1.2339   |           
372    | 2.9837     | 0.3248     | 1.3016       | 1.3574       | 0.1408     | 1.2934       | 1.3403       | 1.2672   |           
373    | 3.0149     | 0.3584     | 1.3010       | 1.3555       | 0.1277     | 1.2976       | 1.3462       | 1.1579   |           
374    | 2.9679     | 0.3107     | 1.3002       | 1.3570       | 0.1247     | 1.2951       | 1.3381       | 1.2012   |           
375    | 2.9862     | 0.3313     | 1.2998       | 1.3550       | 0.1597     | 1.2895       | 1.3428       | 1.2435   |           
376    | 3.0383     | 0.3811     | 1.2994       | 1.3579       | 0.1218     | 1.2805       | 1.3301       | 1.1643   |           
377    | 3.0030     | 0.3447     | 1.3034       | 1.3549       | 0.1181     | 1.2875       | 1.3372       | 1.2092   |           
378    | 2.9684     | 0.3163     | 1.2955       | 1.3566       | 0.1433     | 1.2870       | 1.3386       | 1.2301   |           
379    | 2.9890     | 0.3305     | 1.3030       | 1.3555       | 0.1426     | 1.2845       | 1.3457       | 1.2475   |           
380    | 2.9668     | 0.3099     | 1.3000       | 1.3569       | 0.1426     | 1.2899       | 1.3406       | 1.2582   |           
381    | 2.9996     | 0.3337     | 1.3077       | 1.3582       | 0.1322     | 1.3043       | 1.3391       | 1.1939   |           
382    | 2.9978     | 0.3373     | 1.3018       | 1.3587       | 0.1241     | 1.2866       | 1.3409       | 1.2362   |           
383    | 3.0060     | 0.3430     | 1.3051       | 1.3579       | 0.1186     | 1.2979       | 1.3446       | 1.1992   |           
384    | 2.9948     | 0.3329     | 1.3023       | 1.3596       | 0.1305     | 1.2908       | 1.3455       | 1.2679   |           
385    | 2.9977     | 0.3371     | 1.3032       | 1.3574       | 0.1446     | 1.2906       | 1.3405       | 1.1653   |           
386    | 2.9953     | 0.3391     | 1.2993       | 1.3569       | 0.1372     | 1.2966       | 1.3361       | 1.1760   |           
387    | 2.9733     | 0.3167     | 1.2996       | 1.3569       | 0.1375     | 1.3038       | 1.3405       | 1.1509   |           
388    | 2.9894     | 0.3260     | 1.3035       | 1.3598       | 0.1453     | 1.2955       | 1.3452       | 1.2043   |           
389    | 3.0099     | 0.3473     | 1.3036       | 1.3590       | 0.1263     | 1.2828       | 1.3442       | 1.2263   |           
390    | 2.9505     | 0.2974     | 1.2959       | 1.3572       | 0.1100     | 1.2888       | 1.3392       | 1.2013   |           
391    | 2.9963     | 0.3353     | 1.3017       | 1.3593       | 0.1083     | 1.2884       | 1.3381       | 1.1714   |           
392    | 3.0161     | 0.3539     | 1.3028       | 1.3594       | 0.1196     | 1.2918       | 1.3421       | 1.2986   |           
393    | 2.9621     | 0.3146     | 1.2926       | 1.3550       | 0.1199     | 1.2849       | 1.3403       | 1.2312   |           
394    | 2.9562     | 0.2927     | 1.3051       | 1.3585       | 0.1383     | 1.3045       | 1.3411       | 1.2025   |           
395    | 2.9756     | 0.3098     | 1.3043       | 1.3615       | 0.1333     | 1.3038       | 1.3395       | 1.1314   |           
396    | 2.9939     | 0.3273     | 1.3081       | 1.3584       | 0.1207     | 1.2985       | 1.3388       | 1.1998   |           
397    | 3.0105     | 0.3431     | 1.3105       | 1.3569       | 0.1269     | 1.2940       | 1.3371       | 1.1441   |           
398    | 2.9741     | 0.3155     | 1.3027       | 1.3560       | 0.1282     | 1.2990       | 1.3454       | 1.1724   |           
399    | 3.0027     | 0.3392     | 1.3051       | 1.3585       | 0.1185     | 1.2987       | 1.3385       | 1.1647   | (ADV -0.02)
400    | 2.9788     | 0.3160     | 1.3041       | 1.3587       | 0.1036     | 1.2913       | 1.3354       | 1.1809   | (ADV -0.02)
Seed 6767 | Src Acc: 96.6327 | Src MDE: 0.0511 | Tgt Acc: 32.1429 | Tgt MDE: 1.1809
Start Training Seed 123456...

Start CDAN+E Training... (Entropy Conditioning Enabled)
Epoch  | Total Loss | Tr Cls     | Tr Dom RSSI  | Tr Dom RTT   | Val Cls    | Val RSSI Dls | Val RTT Dls  | Test MDE
------------------------------------------------------------------------------------------------------------------------
1      | 6.3229     | 3.5499     | 1.3866       | 1.3864       | 3.0618     | 1.3853       | 1.3857       | 1.5165   |           
2      | 5.6675     | 2.8968     | 1.3857       | 1.3849       | 2.6465     | 1.3846       | 1.3836       | 1.3984   |           
3      | 5.3040     | 2.5363     | 1.3846       | 1.3831       | 2.2622     | 1.3835       | 1.3813       | 1.3179   |           
4      | 4.9808     | 2.2170     | 1.3822       | 1.3817       | 1.9219     | 1.3821       | 1.3787       | 1.2491   |           
5      | 4.7120     | 1.9547     | 1.3791       | 1.3782       | 1.6877     | 1.3791       | 1.3751       | 1.2470   |           
6      | 4.4793     | 1.7323     | 1.3731       | 1.3739       | 1.4283     | 1.3750       | 1.3706       | 1.2756   |           
7      | 4.2996     | 1.5662     | 1.3654       | 1.3679       | 1.1696     | 1.3698       | 1.3628       | 1.2216   |           
8      | 4.1548     | 1.4363     | 1.3575       | 1.3610       | 1.0547     | 1.3622       | 1.3546       | 1.2561   |           
9      | 4.0373     | 1.3303     | 1.3506       | 1.3563       | 0.9482     | 1.3542       | 1.3467       | 1.2299   |           
10     | 3.8789     | 1.1927     | 1.3408       | 1.3455       | 0.7964     | 1.3472       | 1.3341       | 1.2597   |           
11     | 3.7955     | 1.1266     | 1.3308       | 1.3381       | 0.7083     | 1.3333       | 1.3202       | 1.2075   |           
12     | 3.6969     | 1.0486     | 1.3199       | 1.3284       | 0.6524     | 1.3246       | 1.3097       | 1.2018   |           
13     | 3.6293     | 0.9994     | 1.3080       | 1.3219       | 0.6093     | 1.3065       | 1.2974       | 1.1835   |           
14     | 3.5855     | 0.9723     | 1.2995       | 1.3137       | 0.5263     | 1.2919       | 1.2802       | 1.1958   |           
15     | 3.5069     | 0.9164     | 1.2844       | 1.3061       | 0.4760     | 1.2762       | 1.2669       | 1.1776   | (ADV -0.13)
16     | 3.4747     | 0.8984     | 1.2787       | 1.2976       | 0.4361     | 1.2607       | 1.2535       | 1.2375   | (ADV -0.12)
17     | 3.3769     | 0.8316     | 1.2613       | 1.2839       | 0.4088     | 1.2418       | 1.2372       | 1.2271   | (ADV -0.12)
18     | 3.3656     | 0.8249     | 1.2578       | 1.2829       | 0.4219     | 1.2458       | 1.2385       | 1.2077   |           
19     | 3.2726     | 0.7589     | 1.2416       | 1.2722       | 0.3999     | 1.2244       | 1.2237       | 1.2057   | (ADV -0.12)
20     | 3.2807     | 0.7751     | 1.2338       | 1.2718       | 0.3534     | 1.2084       | 1.2105       | 1.2227   | (ADV -0.10)
21     | 3.2473     | 0.7622     | 1.2220       | 1.2631       | 0.3478     | 1.1911       | 1.2017       | 1.2069   |           
22     | 3.2340     | 0.7675     | 1.2108       | 1.2557       | 0.3252     | 1.1686       | 1.1810       | 1.2275   |           
23     | 3.1230     | 0.6877     | 1.1934       | 1.2419       | 0.3221     | 1.1563       | 1.1742       | 1.2085   |           
24     | 3.1331     | 0.7105     | 1.1819       | 1.2407       | 0.3066     | 1.1542       | 1.1621       | 1.2165   | (ADV -0.10)
25     | 3.0751     | 0.6854     | 1.1646       | 1.2251       | 0.2920     | 1.1246       | 1.1571       | 1.2142   |           
26     | 3.0023     | 0.6248     | 1.1566       | 1.2209       | 0.2663     | 1.1162       | 1.1452       | 1.2008   | (ADV -0.10)
27     | 3.0245     | 0.6572     | 1.1483       | 1.2189       | 0.2712     | 1.1006       | 1.1380       | 1.2347   |           
28     | 2.9466     | 0.5989     | 1.1319       | 1.2158       | 0.2510     | 1.0867       | 1.1316       | 1.2216   |           
29     | 2.9537     | 0.6107     | 1.1236       | 1.2194       | 0.2935     | 1.0715       | 1.1170       | 1.2170   |           
30     | 2.9296     | 0.6120     | 1.1165       | 1.2010       | 0.2815     | 1.0531       | 1.1089       | 1.2366   |           
31     | 2.9200     | 0.5911     | 1.1151       | 1.2138       | 0.2696     | 1.0480       | 1.1059       | 1.2145   |           
32     | 2.9633     | 0.6180     | 1.1263       | 1.2191       | 0.2943     | 1.0484       | 1.1213       | 1.2097   |           
33     | 2.9303     | 0.6253     | 1.0984       | 1.2066       | 0.2490     | 1.0169       | 1.0916       | 1.2120   |           
34     | 2.8387     | 0.5595     | 1.0847       | 1.1945       | 0.2390     | 1.0080       | 1.0784       | 1.2339   |           
35     | 2.8591     | 0.5784     | 1.0871       | 1.1937       | 0.2392     | 1.0019       | 1.0695       | 1.2499   |           
36     | 2.8161     | 0.5567     | 1.0677       | 1.1918       | 0.2278     | 0.9812       | 1.0609       | 1.1942   |           
37     | 2.8772     | 0.5987     | 1.0756       | 1.2029       | 0.2551     | 0.9905       | 1.0884       | 1.2200   |           
38     | 2.8007     | 0.5335     | 1.0654       | 1.2018       | 0.2445     | 0.9747       | 1.0699       | 1.2147   |           
39     | 2.8384     | 0.5700     | 1.0655       | 1.2029       | 0.2326     | 0.9665       | 1.0593       | 1.1453   |           
40     | 2.8334     | 0.5752     | 1.0577       | 1.2004       | 0.2418     | 0.9623       | 1.0596       | 1.2189   |           
41     | 2.8248     | 0.5649     | 1.0609       | 1.1990       | 0.2242     | 0.9568       | 1.0495       | 1.2923   |           
42     | 2.8133     | 0.5539     | 1.0594       | 1.2000       | 0.2401     | 0.9548       | 1.0751       | 1.2296   |           
43     | 2.8342     | 0.5751     | 1.0585       | 1.2007       | 0.2573     | 0.9669       | 1.0520       | 1.2189   |           
44     | 2.7963     | 0.5398     | 1.0565       | 1.2001       | 0.2516     | 0.9602       | 1.0612       | 1.1843   |           
45     | 2.7943     | 0.5354     | 1.0524       | 1.2065       | 0.2073     | 0.9375       | 1.0492       | 1.2044   |           
46     | 2.7978     | 0.5360     | 1.0523       | 1.2095       | 0.2225     | 0.9305       | 1.0474       | 1.2033   |           
47     | 2.8103     | 0.5439     | 1.0479       | 1.2185       | 0.2351     | 0.9406       | 1.0565       | 1.1460   |           
48     | 2.8714     | 0.5727     | 1.0745       | 1.2242       | 0.2117     | 0.9377       | 1.0371       | 1.2133   |           
49     | 2.7879     | 0.5157     | 1.0583       | 1.2139       | 0.1985     | 0.9306       | 1.0488       | 1.1524   |           
50     | 2.8408     | 0.5515     | 1.0755       | 1.2137       | 0.2054     | 0.9352       | 1.0551       | 1.1894   |           
51     | 2.8199     | 0.5341     | 1.0619       | 1.2239       | 0.2143     | 0.9229       | 1.0564       | 1.1896   |           
52     | 2.8016     | 0.5184     | 1.0690       | 1.2141       | 0.2132     | 0.9259       | 1.0559       | 1.1758   |           
53     | 2.8543     | 0.5370     | 1.0943       | 1.2229       | 0.2151     | 0.9427       | 1.0734       | 1.2240   |           
54     | 2.8356     | 0.5394     | 1.0807       | 1.2155       | 0.2104     | 0.9242       | 1.0621       | 1.2580   |           
55     | 2.8077     | 0.5104     | 1.0887       | 1.2086       | 0.2232     | 0.9426       | 1.0673       | 1.2590   |           
56     | 2.8335     | 0.5275     | 1.0778       | 1.2282       | 0.2323     | 0.9450       | 1.0786       | 1.2986   |           
57     | 2.8459     | 0.5304     | 1.0912       | 1.2243       | 0.1949     | 0.9303       | 1.0774       | 1.2722   |           
58     | 2.8318     | 0.5072     | 1.0905       | 1.2341       | 0.2032     | 0.9414       | 1.0783       | 1.2064   |           
59     | 2.7956     | 0.4891     | 1.0853       | 1.2213       | 0.2137     | 0.9583       | 1.0896       | 1.2001   |           
60     | 2.8780     | 0.5372     | 1.1048       | 1.2359       | 0.1991     | 0.9534       | 1.0955       | 1.2074   |           
61     | 2.8227     | 0.5029     | 1.0976       | 1.2222       | 0.1979     | 0.9354       | 1.0840       | 1.1696   |           
62     | 2.8682     | 0.5168     | 1.1097       | 1.2418       | 0.2240     | 0.9656       | 1.0981       | 1.2716   |           
63     | 2.9101     | 0.5418     | 1.1236       | 1.2447       | 0.2073     | 0.9665       | 1.0932       | 1.2186   |           
64     | 2.8604     | 0.4951     | 1.1162       | 1.2491       | 0.2207     | 0.9630       | 1.1065       | 1.1533   |           
65     | 2.9324     | 0.5456     | 1.1313       | 1.2555       | 0.2194     | 0.9721       | 1.1140       | 1.2237   |           
66     | 2.9723     | 0.5539     | 1.1478       | 1.2706       | 0.2251     | 0.9710       | 1.1432       | 1.2345   |           
67     | 2.9507     | 0.5473     | 1.1327       | 1.2707       | 0.2185     | 0.9699       | 1.1324       | 1.1801   |           
68     | 2.9078     | 0.5166     | 1.1137       | 1.2774       | 0.2165     | 0.9833       | 1.1359       | 1.1999   |           
69     | 2.9256     | 0.5364     | 1.1370       | 1.2522       | 0.2089     | 0.9803       | 1.1235       | 1.1787   |           
70     | 2.9381     | 0.5420     | 1.1366       | 1.2595       | 0.2038     | 0.9811       | 1.1274       | 1.1798   |           
71     | 2.9390     | 0.5376     | 1.1435       | 1.2579       | 0.2156     | 0.9948       | 1.1286       | 1.1837   |           
72     | 2.9527     | 0.5569     | 1.1270       | 1.2689       | 0.2250     | 0.9857       | 1.1425       | 1.1865   |           
73     | 2.8828     | 0.5013     | 1.1271       | 1.2544       | 0.3155     | 1.0333       | 1.1951       | 1.2178   |           
74     | 2.9453     | 0.5364     | 1.1412       | 1.2678       | 0.2110     | 0.9921       | 1.1541       | 1.1424   |           
75     | 2.8969     | 0.5111     | 1.1267       | 1.2592       | 0.1874     | 0.9796       | 1.1270       | 1.1289   |           
76     | 2.8761     | 0.5090     | 1.1103       | 1.2569       | 0.2261     | 0.9934       | 1.1537       | 1.1438   |           
77     | 2.8995     | 0.4954     | 1.1376       | 1.2665       | 0.2312     | 0.9797       | 1.1585       | 1.0983   |           
78     | 2.9059     | 0.5118     | 1.1290       | 1.2650       | 0.2211     | 1.0090       | 1.1635       | 1.1901   |           
79     | 2.9329     | 0.5335     | 1.1334       | 1.2660       | 0.1961     | 0.9687       | 1.1587       | 1.1865   |           
80     | 2.8676     | 0.4924     | 1.1157       | 1.2595       | 0.2021     | 0.9838       | 1.1556       | 1.2130   |           
81     | 2.8843     | 0.4902     | 1.1268       | 1.2674       | 0.2105     | 1.0063       | 1.1528       | 1.1524   |           
82     | 2.9218     | 0.5282     | 1.1263       | 1.2673       | 0.1923     | 0.9838       | 1.1541       | 1.2029   |           
83     | 2.8978     | 0.5075     | 1.1274       | 1.2629       | 0.1857     | 1.0194       | 1.1474       | 1.1200   |           
84     | 2.8717     | 0.4958     | 1.1222       | 1.2536       | 0.1880     | 0.9837       | 1.1364       | 1.1687   |           
85     | 2.8768     | 0.5207     | 1.1091       | 1.2470       | 0.1843     | 0.9649       | 1.1218       | 1.1171   |           
86     | 2.8912     | 0.5071     | 1.1152       | 1.2689       | 0.2034     | 0.9674       | 1.1419       | 1.1291   |           
87     | 2.8905     | 0.4935     | 1.1311       | 1.2660       | 0.1953     | 1.0103       | 1.1366       | 1.1278   |           
88     | 2.8795     | 0.4926     | 1.1294       | 1.2574       | 0.1951     | 1.0227       | 1.1585       | 1.0723   |           
89     | 2.9374     | 0.5237     | 1.1395       | 1.2742       | 0.1811     | 1.0099       | 1.1322       | 1.0559   |           
90     | 2.9068     | 0.4952     | 1.1403       | 1.2713       | 0.1914     | 0.9976       | 1.1424       | 1.2250   |           
91     | 2.8804     | 0.4819     | 1.1372       | 1.2613       | 0.1705     | 0.9889       | 1.1304       | 1.0980   |           
92     | 2.9251     | 0.5152     | 1.1438       | 1.2660       | 0.2127     | 1.0147       | 1.1317       | 1.1817   |           
93     | 2.8491     | 0.4692     | 1.1225       | 1.2574       | 0.1922     | 1.0249       | 1.1443       | 1.1798   |           
94     | 2.9327     | 0.5180     | 1.1463       | 1.2685       | 0.2255     | 1.0193       | 1.1544       | 1.1375   |           
95     | 2.8513     | 0.4656     | 1.1277       | 1.2581       | 0.1956     | 1.0463       | 1.1517       | 1.0667   |           
96     | 2.9176     | 0.5171     | 1.1448       | 1.2557       | 0.2043     | 1.0240       | 1.1553       | 1.1882   |           
97     | 2.9333     | 0.5134     | 1.1471       | 1.2727       | 0.1790     | 1.0175       | 1.1434       | 1.1008   |           
98     | 2.8950     | 0.4901     | 1.1410       | 1.2639       | 0.1974     | 1.0146       | 1.1562       | 1.1330   |           
99     | 2.9142     | 0.5126     | 1.1266       | 1.2750       | 0.1941     | 1.0232       | 1.1640       | 1.1774   |           
100    | 2.9080     | 0.5053     | 1.1327       | 1.2700       | 0.1832     | 1.0256       | 1.1828       | 1.1634   |           
101    | 2.9071     | 0.5025     | 1.1352       | 1.2694       | 0.1855     | 1.0339       | 1.1623       | 1.1679   |           
102    | 2.9303     | 0.5100     | 1.1394       | 1.2810       | 0.2159     | 1.0216       | 1.1675       | 1.1384   |           
103    | 2.8955     | 0.4797     | 1.1335       | 1.2823       | 0.2187     | 1.0269       | 1.1821       | 1.1504   |           
104    | 2.9541     | 0.5160     | 1.1476       | 1.2905       | 0.1908     | 1.0532       | 1.1874       | 1.0546   |           
105    | 2.9646     | 0.5184     | 1.1623       | 1.2839       | 0.1783     | 1.0194       | 1.1602       | 1.1602   |           
106    | 2.9613     | 0.5343     | 1.1450       | 1.2819       | 0.2235     | 1.0427       | 1.1881       | 1.1239   |           
107    | 2.9601     | 0.5211     | 1.1572       | 1.2818       | 0.2260     | 1.0413       | 1.2087       | 1.1454   |           
108    | 2.9350     | 0.5039     | 1.1457       | 1.2855       | 0.1860     | 1.0173       | 1.1824       | 1.1028   |           
109    | 2.8831     | 0.4779     | 1.1260       | 1.2792       | 0.1899     | 1.0278       | 1.1680       | 1.1296   |           
110    | 2.9112     | 0.4872     | 1.1439       | 1.2801       | 0.1810     | 1.0387       | 1.1735       | 1.1394   |           
111    | 2.9084     | 0.4722     | 1.1506       | 1.2855       | 0.1937     | 1.0416       | 1.1868       | 1.1155   |           
112    | 2.9490     | 0.5163     | 1.1491       | 1.2836       | 0.2753     | 1.0630       | 1.2074       | 1.3301   |           
113    | 2.9754     | 0.5204     | 1.1592       | 1.2958       | 0.1937     | 1.0352       | 1.1944       | 1.1255   |           
114    | 2.9072     | 0.4745     | 1.1538       | 1.2790       | 0.2002     | 1.0225       | 1.1943       | 1.2045   |           
115    | 2.9555     | 0.5117     | 1.1531       | 1.2906       | 0.1909     | 1.0286       | 1.1911       | 1.1985   |           
116    | 2.8948     | 0.4695     | 1.1419       | 1.2834       | 0.2064     | 1.0252       | 1.1952       | 1.1421   |           
117    | 2.9006     | 0.4791     | 1.1381       | 1.2834       | 0.1749     | 1.0196       | 1.1751       | 1.1192   |           
118    | 2.9248     | 0.4881     | 1.1563       | 1.2803       | 0.1765     | 1.0168       | 1.1875       | 1.1679   |           
119    | 2.8895     | 0.4650     | 1.1439       | 1.2806       | 0.1882     | 1.0382       | 1.1815       | 1.2329   |           
120    | 2.9177     | 0.4708     | 1.1596       | 1.2873       | 0.1765     | 1.0403       | 1.1884       | 1.2399   |           
121    | 2.9887     | 0.5212     | 1.1721       | 1.2953       | 0.1908     | 1.0319       | 1.2011       | 1.2307   |           
122    | 2.9370     | 0.4883     | 1.1631       | 1.2856       | 0.1852     | 1.0311       | 1.1965       | 1.2085   |           
123    | 2.9259     | 0.4769     | 1.1646       | 1.2843       | 0.1852     | 1.0220       | 1.1937       | 1.2156   |           
124    | 2.8940     | 0.4469     | 1.1566       | 1.2905       | 0.1903     | 1.0433       | 1.2069       | 1.2469   |           
125    | 2.9539     | 0.4921     | 1.1752       | 1.2866       | 0.1799     | 1.0263       | 1.1925       | 1.1623   |           
126    | 2.9323     | 0.4796     | 1.1733       | 1.2794       | 0.1922     | 1.0461       | 1.1864       | 1.2108   |           
127    | 2.9747     | 0.5162     | 1.1730       | 1.2854       | 0.1881     | 1.0482       | 1.1908       | 1.2374   |           
128    | 2.9311     | 0.4973     | 1.1617       | 1.2721       | 0.1973     | 1.0405       | 1.1848       | 1.2720   |           
129    | 2.9455     | 0.4939     | 1.1696       | 1.2821       | 0.1929     | 1.0345       | 1.1995       | 1.2390   |           
130    | 2.9103     | 0.4869     | 1.1573       | 1.2662       | 0.2199     | 1.0450       | 1.2079       | 1.1765   |           
131    | 2.9072     | 0.4493     | 1.1747       | 1.2832       | 0.1598     | 1.0257       | 1.1904       | 1.2212   |           
132    | 2.8896     | 0.4639     | 1.1530       | 1.2728       | 0.1659     | 1.0320       | 1.1779       | 1.2816   |           
133    | 2.8998     | 0.4491     | 1.1698       | 1.2808       | 0.1716     | 1.0430       | 1.1891       | 1.2410   |           
134    | 2.9006     | 0.4512     | 1.1700       | 1.2794       | 0.1704     | 1.0357       | 1.1845       | 1.2314   |           
135    | 2.9160     | 0.4714     | 1.1697       | 1.2749       | 0.1988     | 1.0523       | 1.2036       | 1.1868   |           
136    | 2.9524     | 0.5035     | 1.1659       | 1.2829       | 0.1874     | 1.0421       | 1.1943       | 1.2026   |           
137    | 2.8980     | 0.4651     | 1.1538       | 1.2791       | 0.1792     | 1.0440       | 1.1874       | 1.1941   |           
138    | 2.9600     | 0.5119     | 1.1649       | 1.2832       | 0.1873     | 1.0448       | 1.2038       | 1.2242   |           
139    | 2.9515     | 0.4940     | 1.1714       | 1.2861       | 0.1928     | 1.0369       | 1.1935       | 1.2438   |           
140    | 2.9448     | 0.5044     | 1.1564       | 1.2840       | 0.1948     | 1.0393       | 1.2046       | 1.2092   |           
141    | 2.8867     | 0.4477     | 1.1545       | 1.2846       | 0.1714     | 1.0491       | 1.1952       | 1.2170   |           
142    | 2.9008     | 0.4488     | 1.1682       | 1.2839       | 0.1916     | 1.0360       | 1.2022       | 1.1783   |           
143    | 2.9099     | 0.4672     | 1.1591       | 1.2837       | 0.1717     | 1.0330       | 1.1887       | 1.2074   |           
144    | 2.8664     | 0.4300     | 1.1561       | 1.2803       | 0.1540     | 1.0495       | 1.1861       | 1.2280   |           
145    | 2.9309     | 0.4912     | 1.1546       | 1.2852       | 0.1712     | 1.0363       | 1.1920       | 1.2236   |           
146    | 2.9039     | 0.4621     | 1.1597       | 1.2821       | 0.1635     | 1.0448       | 1.1855       | 1.1438   |           
147    | 2.9069     | 0.4604     | 1.1745       | 1.2720       | 0.1818     | 1.0833       | 1.1949       | 1.1788   | (ADV -0.10)
148    | 2.9375     | 0.4729     | 1.1770       | 1.2876       | 0.1681     | 1.0392       | 1.1965       | 1.2053   |           
149    | 2.9412     | 0.4929     | 1.1597       | 1.2886       | 0.1808     | 1.0776       | 1.2050       | 1.1272   |           
150    | 2.9014     | 0.4611     | 1.1547       | 1.2856       | 0.1842     | 1.0486       | 1.2065       | 1.1734   |           
151    | 2.9414     | 0.4816     | 1.1648       | 1.2950       | 0.1776     | 1.0443       | 1.2011       | 1.2272   |           
152    | 2.8929     | 0.4527     | 1.1620       | 1.2783       | 0.1864     | 1.0482       | 1.2038       | 1.1611   |           
153    | 2.9331     | 0.4811     | 1.1704       | 1.2816       | 0.1752     | 1.0617       | 1.1986       | 1.1503   |           
154    | 2.9309     | 0.4960     | 1.1597       | 1.2752       | 0.1733     | 1.0509       | 1.1889       | 1.1495   |           
155    | 2.8972     | 0.4587     | 1.1522       | 1.2864       | 0.1877     | 1.0557       | 1.2092       | 1.1514   |           
156    | 2.9175     | 0.4689     | 1.1669       | 1.2817       | 0.1638     | 1.0495       | 1.2108       | 1.1272   |           
157    | 2.8771     | 0.4333     | 1.1646       | 1.2791       | 0.1743     | 1.0713       | 1.2048       | 1.0996   |           
158    | 2.9336     | 0.4900     | 1.1661       | 1.2775       | 0.1690     | 1.0420       | 1.2114       | 1.1164   |           
159    | 2.9069     | 0.4418     | 1.1820       | 1.2830       | 0.1594     | 1.0491       | 1.1993       | 1.1586   |           
160    | 2.8899     | 0.4391     | 1.1683       | 1.2825       | 0.1598     | 1.0642       | 1.2128       | 1.2779   |           
161    | 2.9292     | 0.4604     | 1.1760       | 1.2928       | 0.1781     | 1.0553       | 1.2319       | 1.1961   |           
162    | 2.9708     | 0.4909     | 1.1902       | 1.2897       | 0.2010     | 1.0878       | 1.2320       | 1.2332   |           
163    | 2.9213     | 0.4518     | 1.1799       | 1.2896       | 0.2059     | 1.0910       | 1.2402       | 1.1988   |           
164    | 2.9128     | 0.4447     | 1.1765       | 1.2917       | 0.1784     | 1.0668       | 1.2197       | 1.3001   |           
165    | 2.9517     | 0.4588     | 1.1919       | 1.3010       | 0.1812     | 1.0768       | 1.2248       | 1.2677   |           
166    | 2.9493     | 0.4731     | 1.1728       | 1.3033       | 0.1805     | 1.0604       | 1.2284       | 1.2372   |           
167    | 2.9291     | 0.4496     | 1.1877       | 1.2918       | 0.1997     | 1.0844       | 1.2307       | 1.2069   |           
168    | 2.9410     | 0.4735     | 1.1813       | 1.2861       | 0.1583     | 1.0559       | 1.2151       | 1.1999   |           
169    | 2.9209     | 0.4514     | 1.1750       | 1.2945       | 0.1603     | 1.0780       | 1.2050       | 1.2120   | (ADV -0.10)
170    | 2.9213     | 0.4427     | 1.1891       | 1.2895       | 0.1995     | 1.1219       | 1.2273       | 1.2041   | (ADV -0.10)
171    | 2.9597     | 0.4546     | 1.2116       | 1.2935       | 0.1860     | 1.1138       | 1.2168       | 1.2022   | (ADV -0.09)
172    | 2.9446     | 0.4490     | 1.2004       | 1.2952       | 0.1613     | 1.1030       | 1.2119       | 1.1890   | (ADV -0.09)
173    | 2.9710     | 0.4650     | 1.2069       | 1.2991       | 0.1877     | 1.1106       | 1.2120       | 1.1768   |           
174    | 2.9608     | 0.4765     | 1.1960       | 1.2883       | 0.1890     | 1.1327       | 1.2359       | 1.2293   |           
175    | 2.9127     | 0.4185     | 1.1999       | 1.2943       | 0.1917     | 1.1314       | 1.2156       | 1.1909   | (ADV -0.09)
176    | 2.9782     | 0.4692     | 1.2108       | 1.2982       | 0.2043     | 1.1018       | 1.2322       | 1.2218   |           
177    | 2.9247     | 0.4386     | 1.1933       | 1.2928       | 0.1775     | 1.1215       | 1.2264       | 1.2445   |           
178    | 2.9375     | 0.4421     | 1.1898       | 1.3056       | 0.1766     | 1.1136       | 1.2188       | 1.1951   |           
179    | 2.9563     | 0.4581     | 1.2019       | 1.2963       | 0.1952     | 1.1108       | 1.2332       | 1.1860   |           
180    | 2.9551     | 0.4531     | 1.2011       | 1.3009       | 0.2024     | 1.1025       | 1.2429       | 1.1899   |           
181    | 2.9163     | 0.4260     | 1.1892       | 1.3010       | 0.1859     | 1.1236       | 1.2307       | 1.1271   |           
182    | 2.9337     | 0.4489     | 1.1853       | 1.2995       | 0.1728     | 1.1064       | 1.2292       | 1.1218   |           
183    | 2.9622     | 0.4540     | 1.2120       | 1.2962       | 0.1739     | 1.0878       | 1.2169       | 1.2329   |           
184    | 2.9284     | 0.4371     | 1.1901       | 1.3012       | 0.1796     | 1.1086       | 1.2349       | 1.2320   |           
185    | 2.9478     | 0.4521     | 1.1940       | 1.3017       | 0.1568     | 1.1019       | 1.2236       | 1.1285   |           
186    | 2.9071     | 0.4273     | 1.1906       | 1.2892       | 0.1952     | 1.1048       | 1.2387       | 1.1849   |           
187    | 2.9538     | 0.4516     | 1.2012       | 1.3009       | 0.1681     | 1.1366       | 1.2529       | 1.1288   | (ADV -0.09)
188    | 2.9627     | 0.4506     | 1.2056       | 1.3065       | 0.1600     | 1.1173       | 1.2375       | 1.2222   |           
189    | 2.9398     | 0.4396     | 1.1974       | 1.3029       | 0.1757     | 1.1266       | 1.2502       | 1.1745   |           
190    | 2.9542     | 0.4616     | 1.1872       | 1.3054       | 0.1891     | 1.1353       | 1.2581       | 1.1474   |           
191    | 2.9628     | 0.4636     | 1.1983       | 1.3009       | 0.2010     | 1.1264       | 1.2589       | 1.2252   |           
192    | 2.9673     | 0.4529     | 1.2084       | 1.3061       | 0.1761     | 1.1206       | 1.2343       | 1.2034   |           
193    | 2.9106     | 0.4006     | 1.2045       | 1.3056       | 0.1982     | 1.1521       | 1.2694       | 1.2123   |           
194    | 2.9090     | 0.4083     | 1.1957       | 1.3049       | 0.1587     | 1.1251       | 1.2453       | 1.1720   |           
195    | 2.9340     | 0.4289     | 1.1941       | 1.3110       | 0.1796     | 1.1252       | 1.2350       | 1.2157   |           
196    | 2.9002     | 0.3936     | 1.1982       | 1.3085       | 0.1789     | 1.1234       | 1.2472       | 1.1742   |           
197    | 2.9636     | 0.4585     | 1.2017       | 1.3033       | 0.1766     | 1.1143       | 1.2352       | 1.1973   |           
198    | 2.9107     | 0.4204     | 1.1884       | 1.3019       | 0.1594     | 1.1170       | 1.2473       | 1.1595   |           
199    | 2.9790     | 0.4549     | 1.2055       | 1.3186       | 0.2024     | 1.1386       | 1.2468       | 1.1965   |           
200    | 2.9586     | 0.4506     | 1.2036       | 1.3044       | 0.1733     | 1.1207       | 1.2422       | 1.1667   |           
201    | 2.9506     | 0.4333     | 1.2091       | 1.3081       | 0.1855     | 1.1309       | 1.2480       | 1.2834   |           
202    | 2.9514     | 0.4415     | 1.2027       | 1.3071       | 0.1607     | 1.1105       | 1.2409       | 1.1662   |           
203    | 2.9240     | 0.4167     | 1.2001       | 1.3072       | 0.1564     | 1.1152       | 1.2392       | 1.1872   |           
204    | 2.9197     | 0.4108     | 1.1996       | 1.3093       | 0.1684     | 1.1281       | 1.2402       | 1.2324   |           
205    | 2.9533     | 0.4414     | 1.2059       | 1.3059       | 0.1569     | 1.1229       | 1.2531       | 1.1491   |           
206    | 2.9488     | 0.4287     | 1.2134       | 1.3066       | 0.1739     | 1.1109       | 1.2459       | 1.2597   |           
207    | 2.9671     | 0.4395     | 1.2178       | 1.3098       | 0.1620     | 1.1305       | 1.2525       | 1.2267   |           
208    | 2.9812     | 0.4505     | 1.2144       | 1.3163       | 0.1608     | 1.1467       | 1.2573       | 1.2152   | (ADV -0.08)
209    | 2.9188     | 0.4019     | 1.2097       | 1.3072       | 0.1739     | 1.1316       | 1.2499       | 1.3033   |           
210    | 2.9546     | 0.4427     | 1.2081       | 1.3038       | 0.1734     | 1.1480       | 1.2573       | 1.2344   |           
211    | 2.9894     | 0.4571     | 1.2213       | 1.3110       | 0.1990     | 1.1427       | 1.2565       | 1.2804   |           
212    | 2.9122     | 0.3968     | 1.2097       | 1.3056       | 0.1684     | 1.1424       | 1.2511       | 1.2695   |           
213    | 2.9694     | 0.4400     | 1.2242       | 1.3052       | 0.1669     | 1.1371       | 1.2365       | 1.1992   |           
214    | 2.9420     | 0.4067     | 1.2277       | 1.3075       | 0.1736     | 1.1512       | 1.2553       | 1.2249   |           
215    | 3.0074     | 0.4558     | 1.2369       | 1.3147       | 0.1511     | 1.1454       | 1.2455       | 1.2110   | (ADV -0.08)
216    | 2.9692     | 0.4323     | 1.2306       | 1.3063       | 0.1659     | 1.1601       | 1.2524       | 1.2954   | (ADV -0.08)
217    | 2.9288     | 0.4006     | 1.2254       | 1.3029       | 0.1594     | 1.1540       | 1.2506       | 1.2692   |           
218    | 2.9840     | 0.4424     | 1.2353       | 1.3062       | 0.1489     | 1.1684       | 1.2455       | 1.2595   | (ADV -0.07)
219    | 2.9481     | 0.4119     | 1.2318       | 1.3044       | 0.1490     | 1.1656       | 1.2417       | 1.2833   |           
220    | 2.9824     | 0.4250     | 1.2530       | 1.3044       | 0.1688     | 1.1988       | 1.2532       | 1.2811   | (ADV -0.06)
221    | 3.0218     | 0.4567     | 1.2470       | 1.3181       | 0.1595     | 1.1844       | 1.2474       | 1.2438   |           
222    | 3.0194     | 0.4474     | 1.2541       | 1.3179       | 0.1615     | 1.2022       | 1.2528       | 1.2091   | (ADV -0.06)
223    | 2.9774     | 0.4161     | 1.2503       | 1.3110       | 0.1830     | 1.2048       | 1.2624       | 1.1960   |           
224    | 2.9273     | 0.3768     | 1.2456       | 1.3049       | 0.1383     | 1.1867       | 1.2566       | 1.2293   |           
225    | 2.9907     | 0.4234     | 1.2600       | 1.3073       | 0.1381     | 1.2070       | 1.2550       | 1.2186   | (ADV -0.05)
226    | 3.0259     | 0.4648     | 1.2552       | 1.3060       | 0.1529     | 1.1979       | 1.2530       | 1.2020   |           
227    | 2.9645     | 0.4078     | 1.2498       | 1.3069       | 0.1742     | 1.2059       | 1.2601       | 1.2051   |           
228    | 2.9885     | 0.4240     | 1.2548       | 1.3097       | 0.1459     | 1.1837       | 1.2508       | 1.2149   |           
229    | 2.9628     | 0.4069     | 1.2469       | 1.3091       | 0.1481     | 1.1833       | 1.2520       | 1.2553   |           
230    | 2.9857     | 0.4179     | 1.2566       | 1.3112       | 0.1620     | 1.1882       | 1.2472       | 1.1617   |           
231    | 2.9853     | 0.4328     | 1.2452       | 1.3072       | 0.1691     | 1.1910       | 1.2461       | 1.1743   |           
232    | 2.9834     | 0.4063     | 1.2608       | 1.3163       | 0.1622     | 1.1901       | 1.2564       | 1.1381   |           
233    | 3.0251     | 0.4618     | 1.2546       | 1.3087       | 0.1635     | 1.2021       | 1.2524       | 1.1684   |           
234    | 2.9741     | 0.4113     | 1.2544       | 1.3084       | 0.1753     | 1.2029       | 1.2525       | 1.1236   |           
235    | 2.9665     | 0.4001     | 1.2573       | 1.3091       | 0.1546     | 1.2043       | 1.2526       | 1.1591   |           
236    | 2.9560     | 0.4063     | 1.2455       | 1.3042       | 0.1631     | 1.2040       | 1.2511       | 1.1561   |           
237    | 3.0085     | 0.4397     | 1.2592       | 1.3096       | 0.1577     | 1.1969       | 1.2516       | 1.1959   |           
238    | 2.9627     | 0.3973     | 1.2523       | 1.3131       | 0.1440     | 1.2011       | 1.2542       | 1.1854   |           
239    | 2.9588     | 0.3964     | 1.2521       | 1.3103       | 0.1519     | 1.2107       | 1.2669       | 1.2205   |           
240    | 2.9810     | 0.4122     | 1.2538       | 1.3150       | 0.1552     | 1.2082       | 1.2611       | 1.1875   |           
241    | 2.9884     | 0.4114     | 1.2582       | 1.3188       | 0.1830     | 1.2095       | 1.2697       | 1.2002   |           
242    | 2.9970     | 0.4244     | 1.2614       | 1.3112       | 0.1477     | 1.2120       | 1.2682       | 1.1937   |           
243    | 2.9803     | 0.4062     | 1.2622       | 1.3119       | 0.1587     | 1.2129       | 1.2641       | 1.1732   |           
244    | 3.0371     | 0.4565     | 1.2626       | 1.3179       | 0.1499     | 1.1958       | 1.2639       | 1.1654   |           
245    | 2.9625     | 0.4017     | 1.2509       | 1.3099       | 0.1641     | 1.2133       | 1.2605       | 1.1194   |           
246    | 2.9280     | 0.3786     | 1.2436       | 1.3058       | 0.1537     | 1.1955       | 1.2628       | 1.1278   |           
247    | 2.9715     | 0.4051     | 1.2492       | 1.3172       | 0.1680     | 1.1966       | 1.2691       | 1.1605   |           
248    | 2.9233     | 0.3592     | 1.2484       | 1.3157       | 0.1437     | 1.2030       | 1.2676       | 1.1419   |           
249    | 2.9910     | 0.4122     | 1.2580       | 1.3208       | 0.1554     | 1.2150       | 1.2746       | 1.1372   |           
250    | 2.9916     | 0.4172     | 1.2559       | 1.3185       | 0.1621     | 1.2092       | 1.2724       | 1.1299   |           
251    | 2.9592     | 0.3795     | 1.2582       | 1.3215       | 0.1499     | 1.2183       | 1.2746       | 1.1495   |           
252    | 2.9864     | 0.3992     | 1.2711       | 1.3161       | 0.1428     | 1.2342       | 1.2754       | 1.1106   | (ADV -0.04)
253    | 2.9876     | 0.3892     | 1.2753       | 1.3231       | 0.1467     | 1.2306       | 1.2758       | 1.1178   |           
254    | 2.9690     | 0.3666     | 1.2753       | 1.3272       | 0.1370     | 1.2270       | 1.2779       | 1.1155   |           
255    | 2.9828     | 0.3955     | 1.2683       | 1.3190       | 0.1507     | 1.2274       | 1.2819       | 1.1662   |           
256    | 3.0176     | 0.4181     | 1.2748       | 1.3247       | 0.1734     | 1.2357       | 1.2922       | 1.2329   |           
257    | 3.0392     | 0.4304     | 1.2769       | 1.3318       | 0.1717     | 1.2327       | 1.2957       | 1.1860   |           
258    | 3.0195     | 0.4186     | 1.2702       | 1.3307       | 0.1325     | 1.2214       | 1.2806       | 1.1716   |           
259    | 2.9953     | 0.3935     | 1.2700       | 1.3318       | 0.1586     | 1.2294       | 1.2964       | 1.1748   |           
260    | 3.0571     | 0.4521     | 1.2741       | 1.3309       | 0.1594     | 1.2332       | 1.2888       | 1.1388   |           
261    | 3.0246     | 0.4220     | 1.2677       | 1.3349       | 0.1458     | 1.2429       | 1.2972       | 1.1504   |           
262    | 2.9720     | 0.3755     | 1.2684       | 1.3281       | 0.1600     | 1.2193       | 1.2866       | 1.1687   |           
263    | 2.9829     | 0.3779     | 1.2712       | 1.3338       | 0.1576     | 1.2257       | 1.3001       | 1.1589   |           
264    | 2.9936     | 0.3885     | 1.2725       | 1.3326       | 0.1922     | 1.2298       | 1.2959       | 1.1299   |           
265    | 3.0189     | 0.4084     | 1.2763       | 1.3342       | 0.1548     | 1.2219       | 1.3071       | 1.1550   |           
266    | 2.9959     | 0.3741     | 1.2794       | 1.3424       | 0.1724     | 1.2405       | 1.3120       | 1.1951   |           
267    | 2.9991     | 0.3783     | 1.2806       | 1.3402       | 0.1629     | 1.2249       | 1.3115       | 1.1416   |           
268    | 3.0422     | 0.4240     | 1.2805       | 1.3377       | 0.1721     | 1.2373       | 1.3098       | 1.1882   |           
269    | 3.0064     | 0.3900     | 1.2766       | 1.3399       | 0.1706     | 1.2368       | 1.3105       | 1.2555   |           
270    | 2.9516     | 0.3529     | 1.2641       | 1.3346       | 0.1575     | 1.2564       | 1.3080       | 1.2065   |           
271    | 2.9616     | 0.3490     | 1.2739       | 1.3387       | 0.1416     | 1.2525       | 1.2929       | 1.1857   | (ADV -0.04)
272    | 3.0252     | 0.4142     | 1.2766       | 1.3344       | 0.2001     | 1.2667       | 1.3195       | 1.1779   |           
273    | 2.9701     | 0.3581     | 1.2728       | 1.3392       | 0.1488     | 1.2566       | 1.3097       | 1.1633   |           
274    | 3.0178     | 0.3917     | 1.2840       | 1.3421       | 0.1643     | 1.2377       | 1.3151       | 1.1830   |           
275    | 2.9991     | 0.3800     | 1.2773       | 1.3417       | 0.1513     | 1.2635       | 1.3154       | 1.2569   |           
276    | 2.9773     | 0.3571     | 1.2784       | 1.3418       | 0.1468     | 1.2460       | 1.3081       | 1.1886   |           
277    | 3.0394     | 0.4124     | 1.2844       | 1.3426       | 0.1531     | 1.2599       | 1.3054       | 1.1720   |           
278    | 2.9856     | 0.3774     | 1.2701       | 1.3380       | 0.1668     | 1.2518       | 1.3146       | 1.1550   |           
279    | 2.9789     | 0.3690     | 1.2687       | 1.3412       | 0.1604     | 1.2480       | 1.3053       | 1.2291   |           
280    | 3.0017     | 0.3814     | 1.2797       | 1.3406       | 0.1461     | 1.2647       | 1.3073       | 1.1831   | (ADV -0.04)
281    | 2.9982     | 0.3898     | 1.2721       | 1.3362       | 0.1324     | 1.2591       | 1.3019       | 1.1459   | (ADV -0.04)
282    | 3.0224     | 0.4052     | 1.2770       | 1.3402       | 0.1585     | 1.2570       | 1.3114       | 1.1274   |           
283    | 3.0123     | 0.3945     | 1.2780       | 1.3398       | 0.1833     | 1.2764       | 1.3095       | 1.0947   |           
284    | 3.0111     | 0.3894     | 1.2846       | 1.3371       | 0.1576     | 1.2618       | 1.3090       | 1.1272   |           
285    | 3.0188     | 0.4000     | 1.2850       | 1.3338       | 0.1569     | 1.2527       | 1.3080       | 1.1406   |           
286    | 2.9962     | 0.3666     | 1.2905       | 1.3391       | 0.1656     | 1.2548       | 1.3132       | 1.1819   |           
287    | 3.0214     | 0.3910     | 1.2883       | 1.3421       | 0.1319     | 1.2542       | 1.3109       | 1.1164   |           
288    | 3.0277     | 0.4050     | 1.2771       | 1.3455       | 0.1805     | 1.2495       | 1.3101       | 1.1428   |           
289    | 3.0241     | 0.3959     | 1.2839       | 1.3443       | 0.1726     | 1.2440       | 1.3163       | 1.1234   |           
290    | 3.0137     | 0.3919     | 1.2789       | 1.3430       | 0.1558     | 1.2451       | 1.3118       | 1.1510   |           
291    | 2.9644     | 0.3533     | 1.2718       | 1.3392       | 0.1711     | 1.2421       | 1.3124       | 1.1501   |           
292    | 3.0469     | 0.4225     | 1.2842       | 1.3402       | 0.1508     | 1.2400       | 1.3041       | 1.1333   |           
293    | 2.9971     | 0.3812     | 1.2738       | 1.3421       | 0.1482     | 1.2451       | 1.3108       | 1.1096   |           
294    | 2.9972     | 0.3727     | 1.2763       | 1.3483       | 0.1588     | 1.2350       | 1.3166       | 1.1081   |           
295    | 2.9793     | 0.3599     | 1.2783       | 1.3411       | 0.1746     | 1.2413       | 1.3123       | 1.2267   |           
296    | 3.0331     | 0.4031     | 1.2881       | 1.3420       | 0.1524     | 1.2467       | 1.3014       | 1.2040   |           
297    | 3.0289     | 0.3978     | 1.2830       | 1.3481       | 0.1490     | 1.2402       | 1.3172       | 1.1349   |           
298    | 2.9659     | 0.3435     | 1.2780       | 1.3444       | 0.1554     | 1.2497       | 1.3110       | 1.1607   |           
299    | 2.9620     | 0.3529     | 1.2704       | 1.3388       | 0.1457     | 1.2475       | 1.3025       | 1.1069   |           
300    | 2.9802     | 0.3647     | 1.2720       | 1.3435       | 0.1518     | 1.2410       | 1.3124       | 1.1759   |           
301    | 2.9731     | 0.3414     | 1.2813       | 1.3504       | 0.1342     | 1.2464       | 1.3049       | 1.1717   |           
302    | 2.9874     | 0.3611     | 1.2811       | 1.3452       | 0.1410     | 1.2647       | 1.3085       | 1.2175   |           
303    | 3.0100     | 0.3799     | 1.2872       | 1.3428       | 0.1495     | 1.2587       | 1.3169       | 1.1901   |           
304    | 2.9879     | 0.3617     | 1.2833       | 1.3428       | 0.1528     | 1.2512       | 1.3112       | 1.1225   |           
305    | 2.9848     | 0.3547     | 1.2872       | 1.3429       | 0.1312     | 1.2528       | 1.3038       | 1.2020   |           
306    | 3.0073     | 0.3741     | 1.2878       | 1.3455       | 0.1588     | 1.2672       | 1.3059       | 1.2230   |           
307    | 2.9962     | 0.3697     | 1.2828       | 1.3437       | 0.1568     | 1.2624       | 1.3094       | 1.1442   |           
308    | 2.9897     | 0.3622     | 1.2848       | 1.3428       | 0.1578     | 1.2559       | 1.3157       | 1.2001   |           
309    | 2.9761     | 0.3512     | 1.2825       | 1.3424       | 0.1453     | 1.2637       | 1.3218       | 1.1401   |           
310    | 2.9902     | 0.3603     | 1.2830       | 1.3470       | 0.1694     | 1.2628       | 1.3112       | 1.2070   |           
311    | 2.9913     | 0.3682     | 1.2813       | 1.3418       | 0.1490     | 1.2667       | 1.3219       | 1.1440   |           
312    | 2.9615     | 0.3340     | 1.2853       | 1.3422       | 0.1685     | 1.2561       | 1.3154       | 1.1262   |           
313    | 3.0265     | 0.3923     | 1.2866       | 1.3475       | 0.1675     | 1.2628       | 1.3075       | 1.2002   |           
314    | 3.0144     | 0.3810     | 1.2867       | 1.3468       | 0.1411     | 1.2554       | 1.3067       | 1.1447   |           
315    | 3.0149     | 0.3861     | 1.2805       | 1.3483       | 0.1363     | 1.2517       | 1.3114       | 1.2077   |           
316    | 2.9229     | 0.3000     | 1.2775       | 1.3454       | 0.1422     | 1.2630       | 1.3237       | 1.1896   |           
317    | 2.9833     | 0.3521     | 1.2822       | 1.3490       | 0.1504     | 1.2585       | 1.3240       | 1.1447   |           
318    | 3.0131     | 0.3654     | 1.2946       | 1.3531       | 0.1590     | 1.2595       | 1.3199       | 1.1992   |           
319    | 2.9860     | 0.3592     | 1.2817       | 1.3451       | 0.1460     | 1.2648       | 1.3193       | 1.1394   |           
320    | 3.0017     | 0.3591     | 1.2900       | 1.3526       | 0.1400     | 1.2631       | 1.3145       | 1.1952   |           
321    | 2.9666     | 0.3327     | 1.2849       | 1.3490       | 0.1494     | 1.2759       | 1.3162       | 1.1966   |           
322    | 3.0152     | 0.3679     | 1.2974       | 1.3499       | 0.1417     | 1.2672       | 1.3182       | 1.1972   |           
323    | 2.9885     | 0.3453     | 1.2918       | 1.3514       | 0.1420     | 1.2652       | 1.3160       | 1.2424   |           
324    | 2.9649     | 0.3192     | 1.2945       | 1.3512       | 0.1477     | 1.2736       | 1.3271       | 1.1957   |           
325    | 3.0055     | 0.3538     | 1.3005       | 1.3512       | 0.1631     | 1.2831       | 1.3264       | 1.1708   |           
326    | 2.9907     | 0.3437     | 1.2966       | 1.3504       | 0.1708     | 1.2793       | 1.3183       | 1.2017   |           
327    | 3.0249     | 0.3752     | 1.2978       | 1.3520       | 0.1560     | 1.2862       | 1.3233       | 1.2350   |           
328    | 3.0194     | 0.3691     | 1.2959       | 1.3545       | 0.1392     | 1.2721       | 1.3176       | 1.1764   | (ADV -0.04)
329    | 2.9966     | 0.3451     | 1.2970       | 1.3545       | 0.1460     | 1.2786       | 1.3169       | 1.2382   | (ADV -0.04)
330    | 2.9867     | 0.3405     | 1.2945       | 1.3517       | 0.1513     | 1.2876       | 1.3248       | 1.1636   | (ADV -0.04)
331    | 3.0033     | 0.3511     | 1.3010       | 1.3512       | 0.1483     | 1.2795       | 1.3260       | 1.1470   |           
332    | 3.0059     | 0.3547     | 1.3023       | 1.3489       | 0.1580     | 1.2922       | 1.3277       | 1.1906   |           
333    | 3.0045     | 0.3505     | 1.2994       | 1.3546       | 0.1937     | 1.2911       | 1.3357       | 1.2541   |           
334    | 3.0223     | 0.3593     | 1.3084       | 1.3546       | 0.1478     | 1.2912       | 1.3273       | 1.1502   | (ADV -0.03)
335    | 2.9947     | 0.3393     | 1.3021       | 1.3533       | 0.1452     | 1.2813       | 1.3274       | 1.1853   |           
336    | 3.0366     | 0.3791     | 1.3012       | 1.3563       | 0.1566     | 1.2872       | 1.3242       | 1.1446   |           
337    | 3.0189     | 0.3622     | 1.3049       | 1.3519       | 0.1520     | 1.2910       | 1.3281       | 1.1448   |           
338    | 3.0420     | 0.3885     | 1.3013       | 1.3523       | 0.1467     | 1.2874       | 1.3345       | 1.1589   |           
339    | 3.0001     | 0.3468     | 1.2970       | 1.3563       | 0.1467     | 1.2852       | 1.3292       | 1.1899   |           
340    | 2.9979     | 0.3395     | 1.2992       | 1.3592       | 0.1511     | 1.2882       | 1.3298       | 1.1502   |           
341    | 3.0276     | 0.3691     | 1.3015       | 1.3570       | 0.1422     | 1.2801       | 1.3330       | 1.1594   |           
342    | 3.0038     | 0.3432     | 1.3028       | 1.3578       | 0.1567     | 1.2949       | 1.3280       | 1.1541   |           
343    | 2.9958     | 0.3341     | 1.3071       | 1.3546       | 0.2061     | 1.3028       | 1.3306       | 1.1019   |           
344    | 2.9923     | 0.3326     | 1.3039       | 1.3557       | 0.1470     | 1.2939       | 1.3277       | 1.1399   | (ADV -0.03)
345    | 3.0071     | 0.3461     | 1.3036       | 1.3574       | 0.1528     | 1.2975       | 1.3250       | 1.1558   | (ADV -0.03)
346    | 3.0087     | 0.3484     | 1.3050       | 1.3553       | 0.1515     | 1.2913       | 1.3293       | 1.1236   |           
347    | 3.0182     | 0.3508     | 1.3089       | 1.3585       | 0.1464     | 1.2847       | 1.3330       | 1.1638   |           
348    | 2.9881     | 0.3319     | 1.3008       | 1.3555       | 0.1690     | 1.2886       | 1.3334       | 1.1458   |           
349    | 2.9888     | 0.3300     | 1.3043       | 1.3545       | 0.1409     | 1.3005       | 1.3230       | 1.1869   | (ADV -0.03)
350    | 2.9919     | 0.3346     | 1.3040       | 1.3533       | 0.1565     | 1.2892       | 1.3277       | 1.1086   |           
351    | 3.0044     | 0.3489     | 1.3005       | 1.3550       | 0.1479     | 1.2792       | 1.3244       | 1.0932   |           
352    | 2.9864     | 0.3235     | 1.3040       | 1.3590       | 0.1484     | 1.2851       | 1.3316       | 1.1530   |           
353    | 3.0338     | 0.3759     | 1.3019       | 1.3560       | 0.1891     | 1.2935       | 1.3301       | 1.1000   |           
354    | 2.9818     | 0.3321     | 1.2991       | 1.3506       | 0.1623     | 1.3008       | 1.3318       | 1.1340   |           
355    | 3.0328     | 0.3739     | 1.3061       | 1.3528       | 0.1973     | 1.3092       | 1.3290       | 1.2022   |           
356    | 3.0232     | 0.3615     | 1.3102       | 1.3514       | 0.1609     | 1.2847       | 1.3307       | 1.1473   |           
357    | 3.0021     | 0.3492     | 1.3012       | 1.3517       | 0.1547     | 1.2991       | 1.3329       | 1.1410   |           
358    | 2.9828     | 0.3243     | 1.3033       | 1.3551       | 0.1466     | 1.2921       | 1.3272       | 1.1381   |           
359    | 2.9912     | 0.3280     | 1.3081       | 1.3551       | 0.1516     | 1.2911       | 1.3321       | 1.1046   |           
360    | 3.0057     | 0.3523     | 1.2982       | 1.3552       | 0.1489     | 1.2890       | 1.3289       | 1.1086   |           
361    | 2.9966     | 0.3365     | 1.3041       | 1.3560       | 0.1481     | 1.2920       | 1.3322       | 1.1069   |           
362    | 2.9922     | 0.3299     | 1.3061       | 1.3562       | 0.1565     | 1.2997       | 1.3297       | 1.1628   |           
363    | 3.0202     | 0.3526     | 1.3101       | 1.3575       | 0.1692     | 1.2819       | 1.3307       | 1.1709   |           
364    | 3.0071     | 0.3435     | 1.3071       | 1.3565       | 0.1540     | 1.2839       | 1.3306       | 1.1669   |           
365    | 2.9927     | 0.3292     | 1.3065       | 1.3570       | 0.1641     | 1.2950       | 1.3294       | 1.1146   |           
366    | 3.0127     | 0.3500     | 1.3090       | 1.3537       | 0.1497     | 1.2840       | 1.3273       | 1.1288   |           
367    | 2.9596     | 0.3029     | 1.3039       | 1.3528       | 0.1667     | 1.2953       | 1.3332       | 1.1580   |           
368    | 2.9837     | 0.3258     | 1.3037       | 1.3542       | 0.1567     | 1.2897       | 1.3337       | 1.1995   |           
369    | 2.9819     | 0.3219     | 1.3033       | 1.3567       | 0.1541     | 1.2893       | 1.3308       | 1.0900   |           
370    | 3.0177     | 0.3534     | 1.3092       | 1.3550       | 0.1799     | 1.2937       | 1.3351       | 1.1033   |           
371    | 2.9578     | 0.2965     | 1.3062       | 1.3550       | 0.1579     | 1.2867       | 1.3354       | 1.1177   |           
372    | 3.0306     | 0.3721     | 1.3050       | 1.3535       | 0.1592     | 1.2870       | 1.3347       | 1.1546   |           
373    | 3.0060     | 0.3406     | 1.3106       | 1.3549       | 0.1499     | 1.2941       | 1.3337       | 1.0933   |           
374    | 2.9849     | 0.3285     | 1.3058       | 1.3506       | 0.1493     | 1.2960       | 1.3318       | 1.1533   |           
375    | 2.9877     | 0.3269     | 1.3062       | 1.3547       | 0.1678     | 1.2919       | 1.3304       | 1.1122   |           
376    | 2.9724     | 0.3132     | 1.3035       | 1.3557       | 0.1377     | 1.2853       | 1.3339       | 1.1278   |           
377    | 2.9776     | 0.3169     | 1.3057       | 1.3550       | 0.1662     | 1.2811       | 1.3326       | 1.0856   |           
378    | 2.9829     | 0.3205     | 1.3073       | 1.3551       | 0.1544     | 1.2842       | 1.3344       | 1.0885   |           
379    | 2.9740     | 0.3074     | 1.3098       | 1.3568       | 0.1638     | 1.2937       | 1.3361       | 1.0678   |           
380    | 2.9891     | 0.3259     | 1.3084       | 1.3549       | 0.1473     | 1.2965       | 1.3359       | 1.1652   |           
381    | 3.0182     | 0.3519     | 1.3131       | 1.3533       | 0.1492     | 1.2846       | 1.3310       | 1.1005   |           
382    | 2.9831     | 0.3181     | 1.3105       | 1.3544       | 0.1477     | 1.2972       | 1.3308       | 1.1703   |           
383    | 3.0013     | 0.3408     | 1.3062       | 1.3543       | 0.1657     | 1.2906       | 1.3360       | 1.0966   |           
384    | 2.9866     | 0.3277     | 1.3039       | 1.3550       | 0.1792     | 1.2929       | 1.3384       | 1.2249   |           
385    | 2.9815     | 0.3206     | 1.3069       | 1.3541       | 0.1383     | 1.2882       | 1.3364       | 1.1708   |           
386    | 3.0163     | 0.3600     | 1.3042       | 1.3522       | 0.1588     | 1.2964       | 1.3353       | 1.1937   |           
387    | 2.9919     | 0.3312     | 1.3067       | 1.3539       | 0.1490     | 1.2820       | 1.3336       | 1.2706   |           
388    | 3.0195     | 0.3515     | 1.3119       | 1.3560       | 0.1601     | 1.2910       | 1.3338       | 1.1390   |           
389    | 3.0093     | 0.3461     | 1.3078       | 1.3554       | 0.1487     | 1.2924       | 1.3337       | 1.1305   |           
390    | 3.0079     | 0.3457     | 1.3083       | 1.3540       | 0.1447     | 1.2875       | 1.3334       | 1.1566   |           
391    | 2.9774     | 0.3135     | 1.3072       | 1.3568       | 0.1752     | 1.2931       | 1.3353       | 1.1009   |           
392    | 2.9988     | 0.3340     | 1.3076       | 1.3572       | 0.1662     | 1.2947       | 1.3353       | 1.1631   |           
393    | 3.0093     | 0.3400     | 1.3089       | 1.3604       | 0.1919     | 1.2853       | 1.3414       | 1.1545   |           
394    | 3.0163     | 0.3522     | 1.3052       | 1.3589       | 0.1692     | 1.2939       | 1.3381       | 1.1036   |           
395    | 3.0061     | 0.3407     | 1.3082       | 1.3572       | 0.1653     | 1.2891       | 1.3407       | 1.1695   |           
396    | 2.9642     | 0.3056     | 1.3021       | 1.3565       | 0.1515     | 1.2991       | 1.3335       | 1.1242   |           
397    | 3.0118     | 0.3466     | 1.3054       | 1.3598       | 0.1709     | 1.3072       | 1.3354       | 1.1769   |           
398    | 2.9969     | 0.3336     | 1.3082       | 1.3551       | 0.1725     | 1.3049       | 1.3397       | 1.1547   |           
399    | 2.9811     | 0.3180     | 1.3080       | 1.3551       | 0.1549     | 1.2878       | 1.3382       | 1.1255   |           
400    | 2.9596     | 0.2848     | 1.3128       | 1.3620       | 0.1975     | 1.3051       | 1.3369       | 1.1393   |           
Seed 123456 | Src Acc: 97.5510 | Src MDE: 0.0332 | Tgt Acc: 33.4694 | Tgt MDE: 1.1869
Finished Combo FusionCDAN_1. Results saved.
