{
    "AP2": {
        "1-1": {
            "avg_rssi": -66.26666666666667,
            "avg_dist_pred": 6761.435311889649,
            "std_dist_pred": 2855.4681447769285,
            "count": 60
        },
        "1-10": {
            "avg_rssi": -69.36666666666666,
            "avg_dist_pred": 7831.076749674479,
            "std_dist_pred": 3127.1803206791787,
            "count": 60
        },
        "1-11": {
            "avg_rssi": -64.6,
            "avg_dist_pred": 6091.35046488444,
            "std_dist_pred": 3218.2888352064692,
            "count": 60
        },
        "1-2": {
            "avg_rssi": -62.93333333333333,
            "avg_dist_pred": 5549.950552368164,
            "std_dist_pred": 2876.9543011340047,
            "count": 60
        },
        "1-3": {
            "avg_rssi": -62.85,
            "avg_dist_pred": 5103.948547283809,
            "std_dist_pred": 3094.942192307704,
            "count": 60
        },
        "1-4": {
            "avg_rssi": -61.43333333333333,
            "avg_dist_pred": 4889.0305631637575,
            "std_dist_pred": 2866.1635253641075,
            "count": 60
        },
        "1-5": {
            "avg_rssi": -71.41666666666667,
            "avg_dist_pred": 8193.305078125,
            "std_dist_pred": 2693.402381170343,
            "count": 60
        },
        "1-6": {
            "avg_rssi": -72.23333333333333,
            "avg_dist_pred": 8729.122424316407,
            "std_dist_pred": 2689.374783848861,
            "count": 60
        },
        "1-7": {
            "avg_rssi": -73.5,
            "avg_dist_pred": 8493.924597167968,
            "std_dist_pred": 2558.2602675008325,
            "count": 60
        },
        "1-8": {
            "avg_rssi": -73.08333333333333,
            "avg_dist_pred": 8049.556368001302,
            "std_dist_pred": 2831.511019396327,
            "count": 60
        },
        "1-9": {
            "avg_rssi": -70.03333333333333,
            "avg_dist_pred": 7961.481535847982,
            "std_dist_pred": 2939.563605139504,
            "count": 60
        },
        "10-1": {
            "avg_rssi": -57.083333333333336,
            "avg_dist_pred": 3542.835529390971,
            "std_dist_pred": 2590.769117782468,
            "count": 60
        },
        "10-11": {
            "avg_rssi": -66.28333333333333,
            "avg_dist_pred": 6234.822743733724,
            "std_dist_pred": 2669.325224756994,
            "count": 60
        },
        "11-1": {
            "avg_rssi": -55.61666666666667,
            "avg_dist_pred": 2774.9655049006146,
            "std_dist_pred": 2441.9223205053063,
            "count": 60
        },
        "11-10": {
            "avg_rssi": -67.21666666666667,
            "avg_dist_pred": 7578.53288269043,
            "std_dist_pred": 2554.5871224016555,
            "count": 60
        },
        "11-11": {
            "avg_rssi": -67.13333333333334,
            "avg_dist_pred": 7119.7752541859945,
            "std_dist_pred": 2780.3696216553917,
            "count": 60
        },
        "11-2": {
            "avg_rssi": -48.05,
            "avg_dist_pred": 2322.750696627299,
            "std_dist_pred": 1648.129882243395,
            "count": 60
        },
        "11-3": {
            "avg_rssi": -52.9,
            "avg_dist_pred": 1991.1806332747142,
            "std_dist_pred": 2242.791292535003,
            "count": 60
        },
        "11-4": {
            "avg_rssi": -52.93333333333333,
            "avg_dist_pred": 2836.501372210185,
            "std_dist_pred": 2216.189831980711,
            "count": 60
        },
        "11-5": {
            "avg_rssi": -54.86666666666667,
            "avg_dist_pred": 2681.348361968994,
            "std_dist_pred": 2447.35848311432,
            "count": 60
        },
        "11-6": {
            "avg_rssi": -59.416666666666664,
            "avg_dist_pred": 4535.070983886719,
            "std_dist_pred": 3060.533821831645,
            "count": 60
        },
        "11-7": {
            "avg_rssi": -58.03333333333333,
            "avg_dist_pred": 4543.850954182943,
            "std_dist_pred": 2328.5791694698205,
            "count": 60
        },
        "11-8": {
            "avg_rssi": -58.333333333333336,
            "avg_dist_pred": 3777.209981028239,
            "std_dist_pred": 2932.452125653428,
            "count": 60
        },
        "11-9": {
            "avg_rssi": -63.766666666666666,
            "avg_dist_pred": 6078.140017700195,
            "std_dist_pred": 2846.890733366603,
            "count": 60
        },
        "2-1": {
            "avg_rssi": -66.76666666666667,
            "avg_dist_pred": 6661.649931844076,
            "std_dist_pred": 2801.6756912186333,
            "count": 60
        },
        "2-11": {
            "avg_rssi": -64.1,
            "avg_dist_pred": 6316.026234944661,
            "std_dist_pred": 2719.3634287739646,
            "count": 60
        },
        "3-1": {
            "avg_rssi": -68.35,
            "avg_dist_pred": 7019.997884114583,
            "std_dist_pred": 2575.983921231295,
            "count": 60
        },
        "3-11": {
            "avg_rssi": -65.83333333333333,
            "avg_dist_pred": 6254.535878372192,
            "std_dist_pred": 2644.430423914862,
            "count": 60
        },
        "4-1": {
            "avg_rssi": -71.88333333333334,
            "avg_dist_pred": 8475.788423665364,
            "std_dist_pred": 2299.8857724254476,
            "count": 60
        },
        "4-11": {
            "avg_rssi": -69.95,
            "avg_dist_pred": 7492.839082845052,
            "std_dist_pred": 2529.733371728671,
            "count": 60
        },
        "5-1": {
            "avg_rssi": -63.016666666666666,
            "avg_dist_pred": 5509.014460055033,
            "std_dist_pred": 2821.8409822289823,
            "count": 60
        },
        "5-11": {
            "avg_rssi": -71.63333333333334,
            "avg_dist_pred": 8477.958846028645,
            "std_dist_pred": 2728.0280207565866,
            "count": 60
        },
        "6-1": {
            "avg_rssi": -63.8,
            "avg_dist_pred": 5843.646132405599,
            "std_dist_pred": 2860.889806567002,
            "count": 60
        },
        "6-10": {
            "avg_rssi": -67.16666666666667,
            "avg_dist_pred": 7801.086771647136,
            "std_dist_pred": 2454.6932689173746,
            "count": 60
        },
        "6-11": {
            "avg_rssi": -64.25,
            "avg_dist_pred": 5738.0525573730465,
            "std_dist_pred": 2490.940449249646,
            "count": 60
        },
        "6-2": {
            "avg_rssi": -62.11666666666667,
            "avg_dist_pred": 5726.045964558919,
            "std_dist_pred": 3169.728881762878,
            "count": 60
        },
        "6-3": {
            "avg_rssi": -62.0,
            "avg_dist_pred": 5952.951776123047,
            "std_dist_pred": 2674.0283619591087,
            "count": 60
        },
        "6-4": {
            "avg_rssi": -60.28333333333333,
            "avg_dist_pred": 4894.667832374573,
            "std_dist_pred": 2669.3774543311474,
            "count": 60
        },
        "6-5": {
            "avg_rssi": -62.79661016949152,
            "avg_dist_pred": 4931.601023334568,
            "std_dist_pred": 3258.9631754491083,
            "count": 59
        },
        "6-6": {
            "avg_rssi": -67.88135593220339,
            "avg_dist_pred": 7545.7444189039325,
            "std_dist_pred": 2427.6095197301706,
            "count": 59
        },
        "6-7": {
            "avg_rssi": -64.15,
            "avg_dist_pred": 6348.42955830892,
            "std_dist_pred": 2133.1579766522987,
            "count": 60
        },
        "6-8": {
            "avg_rssi": -61.11666666666667,
            "avg_dist_pred": 4778.221363242467,
            "std_dist_pred": 3257.5232689657046,
            "count": 60
        },