{
    "AP2": {
        "1-1": {
            "avg_rssi": -66.26666666666667,
            "avg_dist_pred": 7418.676807530721,
            "std_dist_pred": 2841.4457702888335,
            "count": 60
        },
        "1-10": {
            "avg_rssi": -69.36666666666666,
            "avg_dist_pred": 8288.48201904297,
            "std_dist_pred": 2872.387453077174,
            "count": 60
        },
        "1-11": {
            "avg_rssi": -64.6,
            "avg_dist_pred": 5534.643846575419,
            "std_dist_pred": 2723.968109162954,
            "count": 60
        },
        "1-2": {
            "avg_rssi": -62.93333333333333,
            "avg_dist_pred": 4870.587033955256,
            "std_dist_pred": 2993.0046517923993,
            "count": 60
        },
        "1-3": {
            "avg_rssi": -62.85,
            "avg_dist_pred": 6121.294146728515,
            "std_dist_pred": 2447.675269310618,
            "count": 60
        },
        "1-4": {
            "avg_rssi": -61.43333333333333,
            "avg_dist_pred": 5253.353731282552,
            "std_dist_pred": 2800.459073967242,
            "count": 60
        },
        "1-5": {
            "avg_rssi": -71.41666666666667,
            "avg_dist_pred": 7884.29013671875,
            "std_dist_pred": 2584.9629291609454,
            "count": 60
        },
        "1-6": {
            "avg_rssi": -72.23333333333333,
            "avg_dist_pred": 8039.210363769531,
            "std_dist_pred": 2455.5185087421833,
            "count": 60
        },
        "1-7": {
            "avg_rssi": -73.5,
            "avg_dist_pred": 8678.221411132812,
            "std_dist_pred": 2311.19596457002,
            "count": 60
        },
        "1-8": {
            "avg_rssi": -73.08333333333333,
            "avg_dist_pred": 8067.341776529948,
            "std_dist_pred": 2367.5580176587077,
            "count": 60
        },
        "1-9": {
            "avg_rssi": -70.03333333333333,
            "avg_dist_pred": 7821.222029622396,
            "std_dist_pred": 2367.5454641599804,
            "count": 60
        },
        "10-1": {
            "avg_rssi": -57.083333333333336,
            "avg_dist_pred": 3333.8592677434285,
            "std_dist_pred": 2471.7544276484755,
            "count": 60
        },
        "10-11": {
            "avg_rssi": -66.28333333333333,
            "avg_dist_pred": 6470.289689127604,
            "std_dist_pred": 2368.3188754579674,
            "count": 60
        },
        "11-1": {
            "avg_rssi": -55.61666666666667,
            "avg_dist_pred": 2990.7174275080365,
            "std_dist_pred": 2474.822951636472,
            "count": 60
        },
        "11-10": {
            "avg_rssi": -67.21666666666667,
            "avg_dist_pred": 7609.060271199544,
            "std_dist_pred": 2422.7910482381662,
            "count": 60
        },
        "11-11": {
            "avg_rssi": -67.13333333333334,
            "avg_dist_pred": 7444.593054199218,
            "std_dist_pred": 2396.2281694512694,
            "count": 60
        },
        "11-2": {
            "avg_rssi": -48.05,
            "avg_dist_pred": 1939.7723214467367,
            "std_dist_pred": 1512.9038778651222,
            "count": 60
        },
        "11-3": {
            "avg_rssi": -52.9,
            "avg_dist_pred": 2629.9315377553303,
            "std_dist_pred": 1885.3099353635105,
            "count": 60
        },
        "11-4": {
            "avg_rssi": -52.93333333333333,
            "avg_dist_pred": 2585.4254819869993,
            "std_dist_pred": 1848.6249161628843,
            "count": 60
        },
        "11-5": {
            "avg_rssi": -54.86666666666667,
            "avg_dist_pred": 2799.3529529571533,
            "std_dist_pred": 2190.0502093498194,
            "count": 60
        },
        "11-6": {
            "avg_rssi": -59.416666666666664,
            "avg_dist_pred": 4808.419184303284,
            "std_dist_pred": 2578.9206890678906,
            "count": 60
        },
        "11-7": {
            "avg_rssi": -58.03333333333333,
            "avg_dist_pred": 3595.0648436705274,
            "std_dist_pred": 2467.2268701767916,
            "count": 60
        },
        "11-8": {
            "avg_rssi": -58.333333333333336,
            "avg_dist_pred": 3592.267955207825,
            "std_dist_pred": 2635.386816642803,
            "count": 60
        },
        "11-9": {
            "avg_rssi": -63.766666666666666,
            "avg_dist_pred": 6075.891628901164,
            "std_dist_pred": 2659.5796959350114,
            "count": 60
        },
        "2-1": {
            "avg_rssi": -66.76666666666667,
            "avg_dist_pred": 6732.842505900065,
            "std_dist_pred": 2570.140451755192,
            "count": 60
        },
        "2-11": {
            "avg_rssi": -64.1,
            "avg_dist_pred": 5554.303993606567,
            "std_dist_pred": 2874.467919066184,
            "count": 60
        },
        "3-1": {
            "avg_rssi": -68.35,
            "avg_dist_pred": 7470.344544474284,
            "std_dist_pred": 2465.911633076644,
            "count": 60
        },
        "3-11": {
            "avg_rssi": -65.83333333333333,
            "avg_dist_pred": 6513.939232381185,
            "std_dist_pred": 2889.3020140417384,
            "count": 60
        },
        "4-1": {
            "avg_rssi": -71.88333333333334,
            "avg_dist_pred": 7889.724597167969,
            "std_dist_pred": 2634.004400779444,
            "count": 60
        },
        "4-11": {
            "avg_rssi": -69.95,
            "avg_dist_pred": 8163.803352864584,
            "std_dist_pred": 2570.1115674919515,
            "count": 60
        },
        "5-1": {
            "avg_rssi": -63.016666666666666,
            "avg_dist_pred": 6383.795148722331,
            "std_dist_pred": 2916.7361383106004,
            "count": 60
        },
        "5-11": {
            "avg_rssi": -71.63333333333334,
            "avg_dist_pred": 7820.611661783854,
            "std_dist_pred": 2707.4503401852844,
            "count": 60
        },
        "6-1": {
            "avg_rssi": -63.8,
            "avg_dist_pred": 6085.740710131327,
            "std_dist_pred": 3021.2921647039516,
            "count": 60
        },
        "6-10": {
            "avg_rssi": -67.16666666666667,
            "avg_dist_pred": 6614.223000081381,
            "std_dist_pred": 2685.6184065781135,
            "count": 60
        },
        "6-11": {
            "avg_rssi": -64.25,
            "avg_dist_pred": 6621.0965147654215,
            "std_dist_pred": 2500.9528454725855,
            "count": 60
        },
        "6-2": {
            "avg_rssi": -62.11666666666667,
            "avg_dist_pred": 5193.581376139323,
            "std_dist_pred": 2689.5973115425377,
            "count": 60
        },
        "6-3": {
            "avg_rssi": -62.0,
            "avg_dist_pred": 5729.323986816406,
            "std_dist_pred": 3138.678214313398,
            "count": 60
        },
        "6-4": {
            "avg_rssi": -60.28333333333333,
            "avg_dist_pred": 4981.43653348287,
            "std_dist_pred": 2926.143276437319,
            "count": 60
        },
        "6-5": {
            "avg_rssi": -62.79661016949152,
            "avg_dist_pred": 6211.331351522672,
            "std_dist_pred": 2646.5607608409287,
            "count": 59
        },
        "6-6": {
            "avg_rssi": -67.88135593220339,
            "avg_dist_pred": 6840.926568500066,
            "std_dist_pred": 2917.9363019381026,
            "count": 59
        },
        "6-7": {
            "avg_rssi": -64.15,
            "avg_dist_pred": 5796.070939064026,
            "std_dist_pred": 2879.5391426611345,
            "count": 60
        },
        "6-8": {
            "avg_rssi": -61.11666666666667,
            "avg_dist_pred": 4927.187891515096,
            "std_dist_pred": 2991.7608099609,
            "count": 60
        },