{
    "AP2": {
        "1-1": {
            "avg_rssi": -66.26666666666667,
            "avg_dist_pred": 6540.105356852214,
            "std_dist_pred": 2783.0987623686865,
            "count": 60
        },
        "1-10": {
            "avg_rssi": -69.36666666666666,
            "avg_dist_pred": 7669.112512207032,
            "std_dist_pred": 2522.4661527899016,
            "count": 60
        },
        "1-11": {
            "avg_rssi": -64.6,
            "avg_dist_pred": 6918.5583089192705,
            "std_dist_pred": 2461.987000055397,
            "count": 60
        },
        "1-2": {
            "avg_rssi": -62.93333333333333,
            "avg_dist_pred": 5151.984394184748,
            "std_dist_pred": 2840.1635684024764,
            "count": 60
        },
        "1-3": {
            "avg_rssi": -62.85,
            "avg_dist_pred": 6261.989151000977,
            "std_dist_pred": 2851.9782804197084,
            "count": 60
        },
        "1-4": {
            "avg_rssi": -61.43333333333333,
            "avg_dist_pred": 5097.813475481669,
            "std_dist_pred": 2733.7527475807724,
            "count": 60
        },
        "1-5": {
            "avg_rssi": -71.41666666666667,
            "avg_dist_pred": 7630.8467203776045,
            "std_dist_pred": 2255.9687327240936,
            "count": 60
        },
        "1-6": {
            "avg_rssi": -72.23333333333333,
            "avg_dist_pred": 7972.752197265625,
            "std_dist_pred": 2442.854378604094,
            "count": 60
        },
        "1-7": {
            "avg_rssi": -73.5,
            "avg_dist_pred": 8410.7396484375,
            "std_dist_pred": 2407.16298243895,
            "count": 60
        },
        "1-8": {
            "avg_rssi": -73.08333333333333,
            "avg_dist_pred": 8020.84569905599,
            "std_dist_pred": 2730.908352499938,
            "count": 60
        },
        "1-9": {
            "avg_rssi": -70.03333333333333,
            "avg_dist_pred": 8064.582629394531,
            "std_dist_pred": 2621.767817000823,
            "count": 60
        },
        "10-1": {
            "avg_rssi": -57.083333333333336,
            "avg_dist_pred": 3628.289889526367,
            "std_dist_pred": 2553.0395332221783,
            "count": 60
        },
        "10-11": {
            "avg_rssi": -66.28333333333333,
            "avg_dist_pred": 6036.48826268514,
            "std_dist_pred": 2681.870005915871,
            "count": 60
        },
        "11-1": {
            "avg_rssi": -55.61666666666667,
            "avg_dist_pred": 2894.1473244190215,
            "std_dist_pred": 2381.0535701423673,
            "count": 60
        },
        "11-10": {
            "avg_rssi": -67.21666666666667,
            "avg_dist_pred": 7154.004972330729,
            "std_dist_pred": 2180.292258803271,
            "count": 60
        },
        "11-11": {
            "avg_rssi": -67.13333333333334,
            "avg_dist_pred": 6606.048853556315,
            "std_dist_pred": 2672.5491023028026,
            "count": 60
        },
        "11-2": {
            "avg_rssi": -48.05,
            "avg_dist_pred": 1946.9694324334462,
            "std_dist_pred": 2039.9564582546363,
            "count": 60
        },
        "11-3": {
            "avg_rssi": -52.9,
            "avg_dist_pred": 2519.657963992159,
            "std_dist_pred": 2101.144053438937,
            "count": 60
        },
        "11-4": {
            "avg_rssi": -52.93333333333333,
            "avg_dist_pred": 2493.0077827453615,
            "std_dist_pred": 2350.4851074878443,
            "count": 60
        },
        "11-5": {
            "avg_rssi": -54.86666666666667,
            "avg_dist_pred": 2864.1979349136354,
            "std_dist_pred": 2205.2350254645366,
            "count": 60
        },
        "11-6": {
            "avg_rssi": -59.416666666666664,
            "avg_dist_pred": 4247.599940729141,
            "std_dist_pred": 2812.8752548032126,
            "count": 60
        },
        "11-7": {
            "avg_rssi": -58.03333333333333,
            "avg_dist_pred": 3553.037248357137,
            "std_dist_pred": 2757.5545300868275,
            "count": 60
        },
        "11-8": {
            "avg_rssi": -58.333333333333336,
            "avg_dist_pred": 3754.1936675389607,
            "std_dist_pred": 2539.154346938148,
            "count": 60
        },
        "11-9": {
            "avg_rssi": -63.766666666666666,
            "avg_dist_pred": 5717.665911865234,
            "std_dist_pred": 2735.024170902165,
            "count": 60
        },
        "2-1": {
            "avg_rssi": -66.76666666666667,
            "avg_dist_pred": 6316.981218465169,
            "std_dist_pred": 2477.0859451491688,
            "count": 60
        },
        "2-11": {
            "avg_rssi": -64.1,
            "avg_dist_pred": 6532.49248046875,
            "std_dist_pred": 2684.412357848462,
            "count": 60
        },
        "3-1": {
            "avg_rssi": -68.35,
            "avg_dist_pred": 7194.2135538736975,
            "std_dist_pred": 2413.351856287142,
            "count": 60
        },
        "3-11": {
            "avg_rssi": -65.83333333333333,
            "avg_dist_pred": 6381.31616414388,
            "std_dist_pred": 2525.189417573002,
            "count": 60
        },
        "4-1": {
            "avg_rssi": -71.88333333333334,
            "avg_dist_pred": 7814.194120279948,
            "std_dist_pred": 2245.7107206029646,
            "count": 60
        },
        "4-11": {
            "avg_rssi": -69.95,
            "avg_dist_pred": 7650.721065266927,
            "std_dist_pred": 2476.592018986742,
            "count": 60
        },
        "5-1": {
            "avg_rssi": -63.016666666666666,
            "avg_dist_pred": 5122.721974563598,
            "std_dist_pred": 2874.460532587365,
            "count": 60
        },
        "5-11": {
            "avg_rssi": -71.63333333333334,
            "avg_dist_pred": 8125.690161132812,
            "std_dist_pred": 2133.044260739179,
            "count": 60
        },
        "6-1": {
            "avg_rssi": -63.8,
            "avg_dist_pred": 6061.902359008789,
            "std_dist_pred": 2846.271749916455,
            "count": 60
        },
        "6-10": {
            "avg_rssi": -67.16666666666667,
            "avg_dist_pred": 6954.577091471354,
            "std_dist_pred": 2404.5125143278883,
            "count": 60
        },
        "6-11": {
            "avg_rssi": -64.25,
            "avg_dist_pred": 6023.508782831827,
            "std_dist_pred": 2636.6830352023935,
            "count": 60
        },
        "6-2": {
            "avg_rssi": -62.11666666666667,
            "avg_dist_pred": 5140.025206375122,
            "std_dist_pred": 2650.903010541026,
            "count": 60
        },
        "6-3": {
            "avg_rssi": -62.0,
            "avg_dist_pred": 5441.402610143025,
            "std_dist_pred": 2796.687508919933,
            "count": 60
        },
        "6-4": {
            "avg_rssi": -60.28333333333333,
            "avg_dist_pred": 4217.743053038915,
            "std_dist_pred": 2756.9630621750953,
            "count": 60
        },
        "6-5": {
            "avg_rssi": -62.79661016949152,
            "avg_dist_pred": 5844.50924527443,
            "std_dist_pred": 2824.7688002849645,
            "count": 59
        },
        "6-6": {
            "avg_rssi": -67.88135593220339,
            "avg_dist_pred": 7488.248257911811,
            "std_dist_pred": 2415.4118743209615,
            "count": 59
        },
        "6-7": {
            "avg_rssi": -64.15,
            "avg_dist_pred": 6122.354556274414,
            "std_dist_pred": 2807.950717559659,
            "count": 60
        },
        "6-8": {
            "avg_rssi": -61.11666666666667,
            "avg_dist_pred": 4859.426401774089,
            "std_dist_pred": 3188.2082416311982,
            "count": 60
        },