{
    "AP2": {
        "1-1": {
            "avg_rssi": -66.26666666666667,
            "avg_dist_pred": 6807.130836995443,
            "std_dist_pred": 3002.2565420921137,
            "count": 60
        },
        "1-10": {
            "avg_rssi": -69.36666666666666,
            "avg_dist_pred": 7313.855486043294,
            "std_dist_pred": 2470.8973461065093,
            "count": 60
        },
        "1-11": {
            "avg_rssi": -64.6,
            "avg_dist_pred": 6386.580042521159,
            "std_dist_pred": 2722.5762549274878,
            "count": 60
        },
        "1-2": {
            "avg_rssi": -62.93333333333333,
            "avg_dist_pred": 5398.758016840617,
            "std_dist_pred": 3095.0922329770306,
            "count": 60
        },
        "1-3": {
            "avg_rssi": -62.85,
            "avg_dist_pred": 6208.991839599609,
            "std_dist_pred": 2799.4450994070385,
            "count": 60
        },
        "1-4": {
            "avg_rssi": -61.43333333333333,
            "avg_dist_pred": 4726.856776873271,
            "std_dist_pred": 2798.2538853210135,
            "count": 60
        },
        "1-5": {
            "avg_rssi": -71.41666666666667,
            "avg_dist_pred": 8406.479606119792,
            "std_dist_pred": 2670.523786205898,
            "count": 60
        },
        "1-6": {
            "avg_rssi": -72.23333333333333,
            "avg_dist_pred": 8692.9306640625,
            "std_dist_pred": 2616.287119904491,
            "count": 60
        },
        "1-7": {
            "avg_rssi": -73.5,
            "avg_dist_pred": 8783.107951863607,
            "std_dist_pred": 2645.9687351685848,
            "count": 60
        },
        "1-8": {
            "avg_rssi": -73.08333333333333,
            "avg_dist_pred": 8782.481982421876,
            "std_dist_pred": 2739.4331478286517,
            "count": 60
        },
        "1-9": {
            "avg_rssi": -70.03333333333333,
            "avg_dist_pred": 8086.0858154296875,
            "std_dist_pred": 2776.8777851174077,
            "count": 60
        },
        "10-1": {
            "avg_rssi": -57.083333333333336,
            "avg_dist_pred": 3678.9490304311116,
            "std_dist_pred": 2832.218666138605,
            "count": 60
        },
        "10-11": {
            "avg_rssi": -66.28333333333333,
            "avg_dist_pred": 6631.917293294271,
            "std_dist_pred": 2735.847848972951,
            "count": 60
        },
        "11-1": {
            "avg_rssi": -55.61666666666667,
            "avg_dist_pred": 2884.08022664388,
            "std_dist_pred": 2514.662357732353,
            "count": 60
        },
        "11-10": {
            "avg_rssi": -67.21666666666667,
            "avg_dist_pred": 6723.354773966471,
            "std_dist_pred": 2514.867001608454,
            "count": 60
        },
        "11-11": {
            "avg_rssi": -67.13333333333334,
            "avg_dist_pred": 7107.619190470377,
            "std_dist_pred": 2467.702965479013,
            "count": 60
        },
        "11-2": {
            "avg_rssi": -48.05,
            "avg_dist_pred": 1987.9593597412108,
            "std_dist_pred": 1719.97336959767,
            "count": 60
        },
        "11-3": {
            "avg_rssi": -52.9,
            "avg_dist_pred": 2062.9275023142495,
            "std_dist_pred": 2103.7741596415763,
            "count": 60
        },
        "11-4": {
            "avg_rssi": -52.93333333333333,
            "avg_dist_pred": 3044.6570892333984,
            "std_dist_pred": 2048.0562718979168,
            "count": 60
        },
        "11-5": {
            "avg_rssi": -54.86666666666667,
            "avg_dist_pred": 2606.249776013692,
            "std_dist_pred": 2427.646660728457,
            "count": 60
        },
        "11-6": {
            "avg_rssi": -59.416666666666664,
            "avg_dist_pred": 3753.6197559356688,
            "std_dist_pred": 3186.5591182602207,
            "count": 60
        },
        "11-7": {
            "avg_rssi": -58.03333333333333,
            "avg_dist_pred": 3898.9561268488565,
            "std_dist_pred": 2799.93934215675,
            "count": 60
        },
        "11-8": {
            "avg_rssi": -58.333333333333336,
            "avg_dist_pred": 5177.870954306921,
            "std_dist_pred": 2663.7905287967883,
            "count": 60
        },
        "11-9": {
            "avg_rssi": -63.766666666666666,
            "avg_dist_pred": 6382.073759969076,
            "std_dist_pred": 2930.85292048475,
            "count": 60
        },
        "2-1": {
            "avg_rssi": -66.76666666666667,
            "avg_dist_pred": 8005.698872884114,
            "std_dist_pred": 2347.968250865281,
            "count": 60
        },
        "2-11": {
            "avg_rssi": -64.1,
            "avg_dist_pred": 6237.898835245768,
            "std_dist_pred": 2911.618374515984,
            "count": 60
        },
        "3-1": {
            "avg_rssi": -68.35,
            "avg_dist_pred": 7495.6705851236975,
            "std_dist_pred": 2856.690997482731,
            "count": 60
        },
        "3-11": {
            "avg_rssi": -65.83333333333333,
            "avg_dist_pred": 6773.129126993815,
            "std_dist_pred": 2631.274156242645,
            "count": 60
        },
        "4-1": {
            "avg_rssi": -71.88333333333334,
            "avg_dist_pred": 8996.034464518229,
            "std_dist_pred": 2266.281126058719,
            "count": 60
        },
        "4-11": {
            "avg_rssi": -69.95,
            "avg_dist_pred": 7858.310620117188,
            "std_dist_pred": 2527.166855962865,
            "count": 60
        },
        "5-1": {
            "avg_rssi": -63.016666666666666,
            "avg_dist_pred": 5531.632500076294,
            "std_dist_pred": 2811.149391376614,
            "count": 60
        },
        "5-11": {
            "avg_rssi": -71.63333333333334,
            "avg_dist_pred": 8191.20703125,
            "std_dist_pred": 2675.4176519622497,
            "count": 60
        },
        "6-1": {
            "avg_rssi": -63.8,
            "avg_dist_pred": 6750.15861714681,
            "std_dist_pred": 2833.082584771282,
            "count": 60
        },
        "6-10": {
            "avg_rssi": -67.16666666666667,
            "avg_dist_pred": 6667.5726603190105,
            "std_dist_pred": 2157.8370554309604,
            "count": 60
        },
        "6-11": {
            "avg_rssi": -64.25,
            "avg_dist_pred": 6856.705560302735,
            "std_dist_pred": 2717.95317662929,
            "count": 60
        },
        "6-2": {
            "avg_rssi": -62.11666666666667,
            "avg_dist_pred": 5194.263955624899,
            "std_dist_pred": 3044.7625646004813,
            "count": 60
        },
        "6-3": {
            "avg_rssi": -62.0,
            "avg_dist_pred": 6109.10612894694,
            "std_dist_pred": 2714.8106323541333,
            "count": 60
        },
        "6-4": {
            "avg_rssi": -60.28333333333333,
            "avg_dist_pred": 3945.13786500295,
            "std_dist_pred": 2957.293400573294,
            "count": 60
        },
        "6-5": {
            "avg_rssi": -62.79661016949152,
            "avg_dist_pred": 5529.83110434322,
            "std_dist_pred": 2995.4727413245987,
            "count": 59
        },
        "6-6": {
            "avg_rssi": -67.88135593220339,
            "avg_dist_pred": 7611.0179753707625,
            "std_dist_pred": 2594.5812999749355,
            "count": 59
        },
        "6-7": {
            "avg_rssi": -64.15,
            "avg_dist_pred": 6123.394822184245,
            "std_dist_pred": 2730.935410004329,
            "count": 60
        },
        "6-8": {
            "avg_rssi": -61.11666666666667,
            "avg_dist_pred": 5016.687151972453,
            "std_dist_pred": 3116.0674252458098,
            "count": 60
        },