{
    "AP2": {
        "1-1": {
            "avg_rssi": -66.26666666666667,
            "avg_dist_pred": 7141.0129119873045,
            "std_dist_pred": 2609.449241640871,
            "count": 60
        },
        "1-10": {
            "avg_rssi": -69.36666666666666,
            "avg_dist_pred": 7637.443448893229,
            "std_dist_pred": 2380.00312170089,
            "count": 60
        },
        "1-11": {
            "avg_rssi": -64.6,
            "avg_dist_pred": 6183.750521850586,
            "std_dist_pred": 2622.450886553172,
            "count": 60
        },
        "1-2": {
            "avg_rssi": -62.93333333333333,
            "avg_dist_pred": 6581.864467366537,
            "std_dist_pred": 3020.0727290294326,
            "count": 60
        },
        "1-3": {
            "avg_rssi": -62.85,
            "avg_dist_pred": 5811.66671740214,
            "std_dist_pred": 3319.5864428681734,
            "count": 60
        },
        "1-4": {
            "avg_rssi": -61.43333333333333,
            "avg_dist_pred": 5168.13957824707,
            "std_dist_pred": 3126.2281361456076,
            "count": 60
        },
        "1-5": {
            "avg_rssi": -71.41666666666667,
            "avg_dist_pred": 8250.66397705078,
            "std_dist_pred": 2888.664279269745,
            "count": 60
        },
        "1-6": {
            "avg_rssi": -72.23333333333333,
            "avg_dist_pred": 8389.556778971355,
            "std_dist_pred": 2495.9417668303586,
            "count": 60
        },
        "1-7": {
            "avg_rssi": -73.5,
            "avg_dist_pred": 8778.760782877604,
            "std_dist_pred": 2443.866089399892,
            "count": 60
        },
        "1-8": {
            "avg_rssi": -73.08333333333333,
            "avg_dist_pred": 8395.901883951823,
            "std_dist_pred": 2471.8537922162873,
            "count": 60
        },
        "1-9": {
            "avg_rssi": -70.03333333333333,
            "avg_dist_pred": 7670.134993489583,
            "std_dist_pred": 2474.9732812565458,
            "count": 60
        },
        "10-1": {
            "avg_rssi": -57.083333333333336,
            "avg_dist_pred": 3017.8317453384398,
            "std_dist_pred": 2825.450781702278,
            "count": 60
        },
        "10-11": {
            "avg_rssi": -66.28333333333333,
            "avg_dist_pred": 7240.076481119791,
            "std_dist_pred": 2307.855131611658,
            "count": 60
        },
        "11-1": {
            "avg_rssi": -55.61666666666667,
            "avg_dist_pred": 3416.2448342641196,
            "std_dist_pred": 2548.698676798069,
            "count": 60
        },
        "11-10": {
            "avg_rssi": -67.21666666666667,
            "avg_dist_pred": 7232.6177164713545,
            "std_dist_pred": 2374.298510653503,
            "count": 60
        },
        "11-11": {
            "avg_rssi": -67.13333333333334,
            "avg_dist_pred": 7402.023445638021,
            "std_dist_pred": 2389.053443570486,
            "count": 60
        },
        "11-2": {
            "avg_rssi": -48.05,
            "avg_dist_pred": 2029.5988971710206,
            "std_dist_pred": 1504.7729202354021,
            "count": 60
        },
        "11-3": {
            "avg_rssi": -52.9,
            "avg_dist_pred": 2364.271130371094,
            "std_dist_pred": 2191.322014459352,
            "count": 60
        },
        "11-4": {
            "avg_rssi": -52.93333333333333,
            "avg_dist_pred": 2228.871526082357,
            "std_dist_pred": 2095.0413825250967,
            "count": 60
        },
        "11-5": {
            "avg_rssi": -54.86666666666667,
            "avg_dist_pred": 2095.4156951268515,
            "std_dist_pred": 2400.0276491806526,
            "count": 60
        },
        "11-6": {
            "avg_rssi": -59.416666666666664,
            "avg_dist_pred": 3636.625933329264,
            "std_dist_pred": 2689.477966898076,
            "count": 60
        },
        "11-7": {
            "avg_rssi": -58.03333333333333,
            "avg_dist_pred": 3359.2033597310383,
            "std_dist_pred": 2937.2706219675115,
            "count": 60
        },
        "11-8": {
            "avg_rssi": -58.333333333333336,
            "avg_dist_pred": 3532.4670795440675,
            "std_dist_pred": 2809.1049160359935,
            "count": 60
        },
        "11-9": {
            "avg_rssi": -63.766666666666666,
            "avg_dist_pred": 5358.253112792969,
            "std_dist_pred": 2806.6748591118885,
            "count": 60
        },
        "2-1": {
            "avg_rssi": -66.76666666666667,
            "avg_dist_pred": 7449.096426391601,
            "std_dist_pred": 3302.761087452714,
            "count": 60
        },
        "2-11": {
            "avg_rssi": -64.1,
            "avg_dist_pred": 6213.815369669596,
            "std_dist_pred": 2611.1385295105597,
            "count": 60
        },
        "3-1": {
            "avg_rssi": -68.35,
            "avg_dist_pred": 7482.586817359925,
            "std_dist_pred": 3066.2098951622174,
            "count": 60
        },
        "3-11": {
            "avg_rssi": -65.83333333333333,
            "avg_dist_pred": 6783.121584065755,
            "std_dist_pred": 2710.3750743725386,
            "count": 60
        },
        "4-1": {
            "avg_rssi": -71.88333333333334,
            "avg_dist_pred": 8410.38389485677,
            "std_dist_pred": 2417.3650917279506,
            "count": 60
        },
        "4-11": {
            "avg_rssi": -69.95,
            "avg_dist_pred": 7355.568326822917,
            "std_dist_pred": 2346.6734470109323,
            "count": 60
        },
        "5-1": {
            "avg_rssi": -63.016666666666666,
            "avg_dist_pred": 5867.471412086486,
            "std_dist_pred": 2948.253459615846,
            "count": 60
        },
        "5-11": {
            "avg_rssi": -71.63333333333334,
            "avg_dist_pred": 7801.5802001953125,
            "std_dist_pred": 2569.133478831424,
            "count": 60
        },
        "6-1": {
            "avg_rssi": -63.8,
            "avg_dist_pred": 6152.390609741211,
            "std_dist_pred": 2879.9361853802357,
            "count": 60
        },
        "6-10": {
            "avg_rssi": -67.16666666666667,
            "avg_dist_pred": 7122.472880045573,
            "std_dist_pred": 3004.1414940212317,
            "count": 60
        },
        "6-11": {
            "avg_rssi": -64.25,
            "avg_dist_pred": 6639.209557088217,
            "std_dist_pred": 3075.477274039256,
            "count": 60
        },
        "6-2": {
            "avg_rssi": -62.11666666666667,
            "avg_dist_pred": 4920.363645426432,
            "std_dist_pred": 3203.6557352171462,
            "count": 60
        },
        "6-3": {
            "avg_rssi": -62.0,
            "avg_dist_pred": 4590.24280090332,
            "std_dist_pred": 3295.2616332724406,
            "count": 60
        },
        "6-4": {
            "avg_rssi": -60.28333333333333,
            "avg_dist_pred": 5450.115010372798,
            "std_dist_pred": 2770.4632884472912,
            "count": 60
        },
        "6-5": {
            "avg_rssi": -62.79661016949152,
            "avg_dist_pred": 5629.8340236211225,
            "std_dist_pred": 2856.244744816986,
            "count": 59
        },
        "6-6": {
            "avg_rssi": -67.88135593220339,
            "avg_dist_pred": 7313.786050052966,
            "std_dist_pred": 2389.077051515446,
            "count": 59
        },
        "6-7": {
            "avg_rssi": -64.15,
            "avg_dist_pred": 6783.000694783529,
            "std_dist_pred": 2975.6132211048143,
            "count": 60
        },
        "6-8": {
            "avg_rssi": -61.11666666666667,
            "avg_dist_pred": 5716.54052734375,
            "std_dist_pred": 2632.37148004142,
            "count": 60
        },