{
    "AP2": {
        "1-1": {
            "avg_rssi": -66.26666666666667,
            "avg_dist_pred": 6285.034594662984,
            "std_dist_pred": 3100.0414317045593,
            "count": 60
        },
        "1-10": {
            "avg_rssi": -69.36666666666666,
            "avg_dist_pred": 7558.733483886719,
            "std_dist_pred": 1962.7859332077908,
            "count": 60
        },
        "1-11": {
            "avg_rssi": -64.6,
            "avg_dist_pred": 6487.413255818685,
            "std_dist_pred": 2792.673386872806,
            "count": 60
        },
        "1-2": {
            "avg_rssi": -62.93333333333333,
            "avg_dist_pred": 5521.377600097656,
            "std_dist_pred": 2628.102448780478,
            "count": 60
        },
        "1-3": {
            "avg_rssi": -62.85,
            "avg_dist_pred": 5730.067575073243,
            "std_dist_pred": 2640.8184652438204,
            "count": 60
        },
        "1-4": {
            "avg_rssi": -61.43333333333333,
            "avg_dist_pred": 5368.0440936247505,
            "std_dist_pred": 3007.3646700365925,
            "count": 60
        },
        "1-5": {
            "avg_rssi": -71.41666666666667,
            "avg_dist_pred": 7885.933809407552,
            "std_dist_pred": 2491.911643547878,
            "count": 60
        },
        "1-6": {
            "avg_rssi": -72.23333333333333,
            "avg_dist_pred": 8468.600748697916,
            "std_dist_pred": 2499.89089779843,
            "count": 60
        },
        "1-7": {
            "avg_rssi": -73.5,
            "avg_dist_pred": 8566.05536702474,
            "std_dist_pred": 2607.337119463128,
            "count": 60
        },
        "1-8": {
            "avg_rssi": -73.08333333333333,
            "avg_dist_pred": 8247.101445515951,
            "std_dist_pred": 2967.7871771768646,
            "count": 60
        },
        "1-9": {
            "avg_rssi": -70.03333333333333,
            "avg_dist_pred": 7560.702746582031,
            "std_dist_pred": 2458.8532185587346,
            "count": 60
        },
        "10-1": {
            "avg_rssi": -57.083333333333336,
            "avg_dist_pred": 3183.7071847279867,
            "std_dist_pred": 2526.5818638194264,
            "count": 60
        },
        "10-11": {
            "avg_rssi": -66.28333333333333,
            "avg_dist_pred": 7543.987056477865,
            "std_dist_pred": 2637.2984390779857,
            "count": 60
        },
        "11-1": {
            "avg_rssi": -55.61666666666667,
            "avg_dist_pred": 3119.312382618586,
            "std_dist_pred": 2469.972163605936,
            "count": 60
        },
        "11-10": {
            "avg_rssi": -67.21666666666667,
            "avg_dist_pred": 7435.393458048503,
            "std_dist_pred": 2862.975033694259,
            "count": 60
        },
        "11-11": {
            "avg_rssi": -67.13333333333334,
            "avg_dist_pred": 6700.9373118082685,
            "std_dist_pred": 2804.8596164983855,
            "count": 60
        },
        "11-2": {
            "avg_rssi": -48.05,
            "avg_dist_pred": 2367.0609301249187,
            "std_dist_pred": 1643.2016638171367,
            "count": 60
        },
        "11-3": {
            "avg_rssi": -52.9,
            "avg_dist_pred": 2044.037435658773,
            "std_dist_pred": 1913.4751399116258,
            "count": 60
        },
        "11-4": {
            "avg_rssi": -52.93333333333333,
            "avg_dist_pred": 3091.50677057902,
            "std_dist_pred": 2061.628866314744,
            "count": 60
        },
        "11-5": {
            "avg_rssi": -54.86666666666667,
            "avg_dist_pred": 3105.87083307902,
            "std_dist_pred": 2072.023671212588,
            "count": 60
        },
        "11-6": {
            "avg_rssi": -59.416666666666664,
            "avg_dist_pred": 4320.7381713072455,
            "std_dist_pred": 2526.999331540287,
            "count": 60
        },
        "11-7": {
            "avg_rssi": -58.03333333333333,
            "avg_dist_pred": 3432.344245274862,
            "std_dist_pred": 2591.7062031842233,
            "count": 60
        },
        "11-8": {
            "avg_rssi": -58.333333333333336,
            "avg_dist_pred": 3710.2175291697185,
            "std_dist_pred": 2824.4090779723606,
            "count": 60
        },
        "11-9": {
            "avg_rssi": -63.766666666666666,
            "avg_dist_pred": 6099.37020441691,
            "std_dist_pred": 2628.172295093105,
            "count": 60
        },
        "2-1": {
            "avg_rssi": -66.76666666666667,
            "avg_dist_pred": 6790.5402140299475,
            "std_dist_pred": 2846.805515220537,
            "count": 60
        },
        "2-11": {
            "avg_rssi": -64.1,
            "avg_dist_pred": 5791.138948567708,
            "std_dist_pred": 2574.505350380991,
            "count": 60
        },
        "3-1": {
            "avg_rssi": -68.35,
            "avg_dist_pred": 7485.490755208333,
            "std_dist_pred": 2700.2280024209963,
            "count": 60
        },
        "3-11": {
            "avg_rssi": -65.83333333333333,
            "avg_dist_pred": 6279.420269648234,
            "std_dist_pred": 2720.312182759493,
            "count": 60
        },
        "4-1": {
            "avg_rssi": -71.88333333333334,
            "avg_dist_pred": 8017.796472167969,
            "std_dist_pred": 2549.503158897916,
            "count": 60
        },
        "4-11": {
            "avg_rssi": -69.95,
            "avg_dist_pred": 7904.49716796875,
            "std_dist_pred": 2360.158341807045,
            "count": 60
        },
        "5-1": {
            "avg_rssi": -63.016666666666666,
            "avg_dist_pred": 5565.915267753601,
            "std_dist_pred": 3075.684149202275,
            "count": 60
        },
        "5-11": {
            "avg_rssi": -71.63333333333334,
            "avg_dist_pred": 8337.104736328125,
            "std_dist_pred": 2451.305406402091,
            "count": 60
        },
        "6-1": {
            "avg_rssi": -63.8,
            "avg_dist_pred": 5488.5907399495445,
            "std_dist_pred": 2575.5833518167683,
            "count": 60
        },
        "6-10": {
            "avg_rssi": -67.16666666666667,
            "avg_dist_pred": 7046.5983327229815,
            "std_dist_pred": 2609.8963629628465,
            "count": 60
        },
        "6-11": {
            "avg_rssi": -64.25,
            "avg_dist_pred": 6062.201845296224,
            "std_dist_pred": 2654.430740841424,
            "count": 60
        },
        "6-2": {
            "avg_rssi": -62.11666666666667,
            "avg_dist_pred": 5769.668004353841,
            "std_dist_pred": 2727.3872322630396,
            "count": 60
        },
        "6-3": {
            "avg_rssi": -62.0,
            "avg_dist_pred": 5578.0598876317345,
            "std_dist_pred": 2965.2616198614833,
            "count": 60
        },
        "6-4": {
            "avg_rssi": -60.28333333333333,
            "avg_dist_pred": 5332.383947626749,
            "std_dist_pred": 2875.77744118346,
            "count": 60
        },
        "6-5": {
            "avg_rssi": -62.79661016949152,
            "avg_dist_pred": 5097.625039229959,
            "std_dist_pred": 2897.478500760515,
            "count": 59
        },
        "6-6": {
            "avg_rssi": -67.88135593220339,
            "avg_dist_pred": 7265.3223566604875,
            "std_dist_pred": 2373.824645927441,
            "count": 59
        },
        "6-7": {
            "avg_rssi": -64.15,
            "avg_dist_pred": 6025.683646647135,
            "std_dist_pred": 2235.783289507834,
            "count": 60
        },
        "6-8": {
            "avg_rssi": -61.11666666666667,
            "avg_dist_pred": 5216.766953341166,
            "std_dist_pred": 2927.4247714583216,
            "count": 60
        },