{
    "AP2": {
        "1-1": {
            "avg_rssi": -66.26666666666667,
            "avg_dist_pred": 6500.395124228796,
            "std_dist_pred": 3032.204877619436,
            "count": 60
        },
        "1-10": {
            "avg_rssi": -69.36666666666666,
            "avg_dist_pred": 7361.431872558594,
            "std_dist_pred": 2747.236391402134,
            "count": 60
        },
        "1-11": {
            "avg_rssi": -64.6,
            "avg_dist_pred": 6677.879524739584,
            "std_dist_pred": 2587.786156913075,
            "count": 60
        },
        "1-2": {
            "avg_rssi": -62.93333333333333,
            "avg_dist_pred": 5482.829608154297,
            "std_dist_pred": 3389.7939170428285,
            "count": 60
        },
        "1-3": {
            "avg_rssi": -62.85,
            "avg_dist_pred": 6587.31257724762,
            "std_dist_pred": 3128.1921955206944,
            "count": 60
        },
        "1-4": {
            "avg_rssi": -61.43333333333333,
            "avg_dist_pred": 5744.145477294922,
            "std_dist_pred": 2644.9685333675015,
            "count": 60
        },
        "1-5": {
            "avg_rssi": -71.41666666666667,
            "avg_dist_pred": 8032.653499348959,
            "std_dist_pred": 2265.4826370842143,
            "count": 60
        },
        "1-6": {
            "avg_rssi": -72.23333333333333,
            "avg_dist_pred": 8695.162394205729,
            "std_dist_pred": 2209.8505138236733,
            "count": 60
        },
        "1-7": {
            "avg_rssi": -73.5,
            "avg_dist_pred": 8920.333610026042,
            "std_dist_pred": 2311.9995083634717,
            "count": 60
        },
        "1-8": {
            "avg_rssi": -73.08333333333333,
            "avg_dist_pred": 8636.881632486979,
            "std_dist_pred": 2915.4689673492944,
            "count": 60
        },
        "1-9": {
            "avg_rssi": -70.03333333333333,
            "avg_dist_pred": 7905.40019124349,
            "std_dist_pred": 2720.083634888471,
            "count": 60
        },
        "10-1": {
            "avg_rssi": -57.083333333333336,
            "avg_dist_pred": 3320.8294971466066,
            "std_dist_pred": 2544.8807304946927,
            "count": 60
        },
        "10-11": {
            "avg_rssi": -66.28333333333333,
            "avg_dist_pred": 7105.356258138021,
            "std_dist_pred": 2252.5875219305008,
            "count": 60
        },
        "11-1": {
            "avg_rssi": -55.61666666666667,
            "avg_dist_pred": 2916.007870214184,
            "std_dist_pred": 2396.2477163188096,
            "count": 60
        },
        "11-10": {
            "avg_rssi": -67.21666666666667,
            "avg_dist_pred": 7027.6549886067705,
            "std_dist_pred": 2978.6361470750744,
            "count": 60
        },
        "11-11": {
            "avg_rssi": -67.13333333333334,
            "avg_dist_pred": 7655.015250651041,
            "std_dist_pred": 2619.802463358191,
            "count": 60
        },
        "11-2": {
            "avg_rssi": -48.05,
            "avg_dist_pred": 1930.6408250172933,
            "std_dist_pred": 1702.2640426001465,
            "count": 60
        },
        "11-3": {
            "avg_rssi": -52.9,
            "avg_dist_pred": 2298.7831824620566,
            "std_dist_pred": 2324.64429618588,
            "count": 60
        },
        "11-4": {
            "avg_rssi": -52.93333333333333,
            "avg_dist_pred": 2221.587757364909,
            "std_dist_pred": 1954.9114198120024,
            "count": 60
        },
        "11-5": {
            "avg_rssi": -54.86666666666667,
            "avg_dist_pred": 3237.7694529215496,
            "std_dist_pred": 2300.2939988206167,
            "count": 60
        },
        "11-6": {
            "avg_rssi": -59.416666666666664,
            "avg_dist_pred": 4698.083190663656,
            "std_dist_pred": 2972.4157447904286,
            "count": 60
        },
        "11-7": {
            "avg_rssi": -58.03333333333333,
            "avg_dist_pred": 3965.161269934972,
            "std_dist_pred": 2894.8760640813257,
            "count": 60
        },
        "11-8": {
            "avg_rssi": -58.333333333333336,
            "avg_dist_pred": 4936.487645403544,
            "std_dist_pred": 2352.3971591936984,
            "count": 60
        },
        "11-9": {
            "avg_rssi": -63.766666666666666,
            "avg_dist_pred": 5922.301448488235,
            "std_dist_pred": 2962.356062004477,
            "count": 60
        },
        "2-1": {
            "avg_rssi": -66.76666666666667,
            "avg_dist_pred": 6959.874530029297,
            "std_dist_pred": 2893.719923519974,
            "count": 60
        },
        "2-11": {
            "avg_rssi": -64.1,
            "avg_dist_pred": 6681.7854146321615,
            "std_dist_pred": 3383.212323828336,
            "count": 60
        },
        "3-1": {
            "avg_rssi": -68.35,
            "avg_dist_pred": 7782.2052734375,
            "std_dist_pred": 2615.412302433944,
            "count": 60
        },
        "3-11": {
            "avg_rssi": -65.83333333333333,
            "avg_dist_pred": 6527.004839960734,
            "std_dist_pred": 2983.097278273471,
            "count": 60
        },
        "4-1": {
            "avg_rssi": -71.88333333333334,
            "avg_dist_pred": 7871.948368326823,
            "std_dist_pred": 2367.811854754537,
            "count": 60
        },
        "4-11": {
            "avg_rssi": -69.95,
            "avg_dist_pred": 8081.532093302409,
            "std_dist_pred": 3079.7581535066565,
            "count": 60
        },
        "5-1": {
            "avg_rssi": -63.016666666666666,
            "avg_dist_pred": 6098.644152832031,
            "std_dist_pred": 2562.7366870889973,
            "count": 60
        },
        "5-11": {
            "avg_rssi": -71.63333333333334,
            "avg_dist_pred": 8308.644612630209,
            "std_dist_pred": 2344.639984383484,
            "count": 60
        },
        "6-1": {
            "avg_rssi": -63.8,
            "avg_dist_pred": 6147.61816684405,
            "std_dist_pred": 3187.700565395431,
            "count": 60
        },
        "6-10": {
            "avg_rssi": -67.16666666666667,
            "avg_dist_pred": 6948.563708496094,
            "std_dist_pred": 2353.2880833991007,
            "count": 60
        },
        "6-11": {
            "avg_rssi": -64.25,
            "avg_dist_pred": 6043.374168904623,
            "std_dist_pred": 2876.1894907538103,
            "count": 60
        },
        "6-2": {
            "avg_rssi": -62.11666666666667,
            "avg_dist_pred": 5357.329853248596,
            "std_dist_pred": 2947.888837108039,
            "count": 60
        },
        "6-3": {
            "avg_rssi": -62.0,
            "avg_dist_pred": 5874.050781122844,
            "std_dist_pred": 3201.176608263607,
            "count": 60
        },
        "6-4": {
            "avg_rssi": -60.28333333333333,
            "avg_dist_pred": 5405.116214879354,
            "std_dist_pred": 3522.60972077804,
            "count": 60
        },
        "6-5": {
            "avg_rssi": -62.79661016949152,
            "avg_dist_pred": 5052.67966047384,
            "std_dist_pred": 2913.108317077012,
            "count": 59
        },
        "6-6": {
            "avg_rssi": -67.88135593220339,
            "avg_dist_pred": 7031.853417348054,
            "std_dist_pred": 2751.137581638048,
            "count": 59
        },
        "6-7": {
            "avg_rssi": -64.15,
            "avg_dist_pred": 6649.964586385091,
            "std_dist_pred": 2910.055177488248,
            "count": 60
        },
        "6-8": {
            "avg_rssi": -61.11666666666667,
            "avg_dist_pred": 5313.850856463115,
            "std_dist_pred": 3131.4303037744307,
            "count": 60
        },