{
    "AP2": {
        "1-1": {
            "avg_rssi": -66.26666666666667,
            "avg_dist_pred": 6537.52803141276,
            "std_dist_pred": 2452.963187254048,
            "count": 60
        },
        "1-10": {
            "avg_rssi": -69.36666666666666,
            "avg_dist_pred": 7862.523783365886,
            "std_dist_pred": 2646.5748955644526,
            "count": 60
        },
        "1-11": {
            "avg_rssi": -64.6,
            "avg_dist_pred": 5824.744305419922,
            "std_dist_pred": 2593.367899075238,
            "count": 60
        },
        "1-2": {
            "avg_rssi": -62.93333333333333,
            "avg_dist_pred": 5633.427098592122,
            "std_dist_pred": 2723.18327783285,
            "count": 60
        },
        "1-3": {
            "avg_rssi": -62.85,
            "avg_dist_pred": 5933.721697998047,
            "std_dist_pred": 2848.88873230818,
            "count": 60
        },
        "1-4": {
            "avg_rssi": -61.43333333333333,
            "avg_dist_pred": 4918.897150675456,
            "std_dist_pred": 3064.82854696948,
            "count": 60
        },
        "1-5": {
            "avg_rssi": -71.41666666666667,
            "avg_dist_pred": 8217.523160807292,
            "std_dist_pred": 2563.226598901069,
            "count": 60
        },
        "1-6": {
            "avg_rssi": -72.23333333333333,
            "avg_dist_pred": 8689.523388671874,
            "std_dist_pred": 2309.0559040691396,
            "count": 60
        },
        "1-7": {
            "avg_rssi": -73.5,
            "avg_dist_pred": 9002.858471679687,
            "std_dist_pred": 2479.2627442457538,
            "count": 60
        },
        "1-8": {
            "avg_rssi": -73.08333333333333,
            "avg_dist_pred": 9167.286783854166,
            "std_dist_pred": 2674.8525701769986,
            "count": 60
        },
        "1-9": {
            "avg_rssi": -70.03333333333333,
            "avg_dist_pred": 8015.5806355794275,
            "std_dist_pred": 2592.1530162678755,
            "count": 60
        },
        "10-1": {
            "avg_rssi": -57.083333333333336,
            "avg_dist_pred": 2885.786396153768,
            "std_dist_pred": 2335.12584267725,
            "count": 60
        },
        "10-11": {
            "avg_rssi": -66.28333333333333,
            "avg_dist_pred": 6970.338652547201,
            "std_dist_pred": 3275.8750018457645,
            "count": 60
        },
        "11-1": {
            "avg_rssi": -55.61666666666667,
            "avg_dist_pred": 2743.0427721659344,
            "std_dist_pred": 2106.9595935754246,
            "count": 60
        },
        "11-10": {
            "avg_rssi": -67.21666666666667,
            "avg_dist_pred": 6948.310534667969,
            "std_dist_pred": 2579.669153505809,
            "count": 60
        },
        "11-11": {
            "avg_rssi": -67.13333333333334,
            "avg_dist_pred": 6401.797843424479,
            "std_dist_pred": 3008.1334469513345,
            "count": 60
        },
        "11-2": {
            "avg_rssi": -48.05,
            "avg_dist_pred": 2033.0951873143515,
            "std_dist_pred": 1824.0789091771553,
            "count": 60
        },
        "11-3": {
            "avg_rssi": -52.9,
            "avg_dist_pred": 2608.4235146204633,
            "std_dist_pred": 2022.5050563404761,
            "count": 60
        },
        "11-4": {
            "avg_rssi": -52.93333333333333,
            "avg_dist_pred": 3028.7026639938354,
            "std_dist_pred": 2022.566006881601,
            "count": 60
        },
        "11-5": {
            "avg_rssi": -54.86666666666667,
            "avg_dist_pred": 2586.3685150146484,
            "std_dist_pred": 2342.3492741627756,
            "count": 60
        },
        "11-6": {
            "avg_rssi": -59.416666666666664,
            "avg_dist_pred": 4181.461651611328,
            "std_dist_pred": 2827.006385144152,
            "count": 60
        },
        "11-7": {
            "avg_rssi": -58.03333333333333,
            "avg_dist_pred": 3647.5207211176553,
            "std_dist_pred": 2874.752810384561,
            "count": 60
        },
        "11-8": {
            "avg_rssi": -58.333333333333336,
            "avg_dist_pred": 4423.651654942831,
            "std_dist_pred": 2616.8730693102166,
            "count": 60
        },
        "11-9": {
            "avg_rssi": -63.766666666666666,
            "avg_dist_pred": 6301.002673339844,
            "std_dist_pred": 2018.754680945364,
            "count": 60
        },
        "2-1": {
            "avg_rssi": -66.76666666666667,
            "avg_dist_pred": 6505.924477132162,
            "std_dist_pred": 2576.6529047641498,
            "count": 60
        },
        "2-11": {
            "avg_rssi": -64.1,
            "avg_dist_pred": 5925.917005411784,
            "std_dist_pred": 2849.202551717168,
            "count": 60
        },
        "3-1": {
            "avg_rssi": -68.35,
            "avg_dist_pred": 6859.024723307291,
            "std_dist_pred": 2364.1262729398504,
            "count": 60
        },
        "3-11": {
            "avg_rssi": -65.83333333333333,
            "avg_dist_pred": 7415.582224527995,
            "std_dist_pred": 2907.325767805166,
            "count": 60
        },
        "4-1": {
            "avg_rssi": -71.88333333333334,
            "avg_dist_pred": 8863.020548502604,
            "std_dist_pred": 2695.1490804238992,
            "count": 60
        },
        "4-11": {
            "avg_rssi": -69.95,
            "avg_dist_pred": 7804.587927246093,
            "std_dist_pred": 2531.0135784996364,
            "count": 60
        },
        "5-1": {
            "avg_rssi": -63.016666666666666,
            "avg_dist_pred": 5633.178228696187,
            "std_dist_pred": 2588.9784659017614,
            "count": 60
        },
        "5-11": {
            "avg_rssi": -71.63333333333334,
            "avg_dist_pred": 8704.951131184896,
            "std_dist_pred": 2424.204228021401,
            "count": 60
        },
        "6-1": {
            "avg_rssi": -63.8,
            "avg_dist_pred": 5932.7138397216795,
            "std_dist_pred": 2739.4299175394945,
            "count": 60
        },
        "6-10": {
            "avg_rssi": -67.16666666666667,
            "avg_dist_pred": 7377.932360839844,
            "std_dist_pred": 2450.8424315529637,
            "count": 60
        },
        "6-11": {
            "avg_rssi": -64.25,
            "avg_dist_pred": 6925.365865071614,
            "std_dist_pred": 2341.5936721524918,
            "count": 60
        },
        "6-2": {
            "avg_rssi": -62.11666666666667,
            "avg_dist_pred": 5758.666984049479,
            "std_dist_pred": 2826.0834143209595,
            "count": 60
        },
        "6-3": {
            "avg_rssi": -62.0,
            "avg_dist_pred": 5389.136622810363,
            "std_dist_pred": 2955.140754159925,
            "count": 60
        },
        "6-4": {
            "avg_rssi": -60.28333333333333,
            "avg_dist_pred": 4414.143210856119,
            "std_dist_pred": 2902.138897964336,
            "count": 60
        },
        "6-5": {
            "avg_rssi": -62.79661016949152,
            "avg_dist_pred": 5679.1200757269135,
            "std_dist_pred": 2804.3860218320974,
            "count": 59
        },
        "6-6": {
            "avg_rssi": -67.88135593220339,
            "avg_dist_pred": 7243.564324847723,
            "std_dist_pred": 2328.4534531126865,
            "count": 59
        },
        "6-7": {
            "avg_rssi": -64.15,
            "avg_dist_pred": 6279.088754208883,
            "std_dist_pred": 2905.685639811327,
            "count": 60
        },
        "6-8": {
            "avg_rssi": -61.11666666666667,
            "avg_dist_pred": 4718.408660682043,
            "std_dist_pred": 2946.2790874965845,
            "count": 60
        },