{
    "AP2": {
        "1-1": {
            "avg_rssi": -66.26666666666667,
            "avg_dist_pred": 6824.356995646159,
            "std_dist_pred": 2834.4291865744062,
            "count": 60
        },
        "1-10": {
            "avg_rssi": -69.36666666666666,
            "avg_dist_pred": 7226.600646972656,
            "std_dist_pred": 2208.4306794405866,
            "count": 60
        },
        "1-11": {
            "avg_rssi": -64.6,
            "avg_dist_pred": 6680.3835591634115,
            "std_dist_pred": 2699.1626483276095,
            "count": 60
        },
        "1-2": {
            "avg_rssi": -62.93333333333333,
            "avg_dist_pred": 5534.542633946737,
            "std_dist_pred": 2810.7836189151126,
            "count": 60
        },
        "1-3": {
            "avg_rssi": -62.85,
            "avg_dist_pred": 5630.663444010416,
            "std_dist_pred": 3032.33422444925,
            "count": 60
        },
        "1-4": {
            "avg_rssi": -61.43333333333333,
            "avg_dist_pred": 5078.679357782999,
            "std_dist_pred": 2499.5024357768725,
            "count": 60
        },
        "1-5": {
            "avg_rssi": -71.41666666666667,
            "avg_dist_pred": 8576.030249023437,
            "std_dist_pred": 2780.776053091835,
            "count": 60
        },
        "1-6": {
            "avg_rssi": -72.23333333333333,
            "avg_dist_pred": 8294.482759602864,
            "std_dist_pred": 2811.9034159928756,
            "count": 60
        },
        "1-7": {
            "avg_rssi": -73.5,
            "avg_dist_pred": 8168.87158203125,
            "std_dist_pred": 2408.526405592758,
            "count": 60
        },
        "1-8": {
            "avg_rssi": -73.08333333333333,
            "avg_dist_pred": 8718.213065592448,
            "std_dist_pred": 2758.3621753097527,
            "count": 60
        },
        "1-9": {
            "avg_rssi": -70.03333333333333,
            "avg_dist_pred": 7405.4088663736975,
            "std_dist_pred": 2749.1921983032025,
            "count": 60
        },
        "10-1": {
            "avg_rssi": -57.083333333333336,
            "avg_dist_pred": 3097.2860716342925,
            "std_dist_pred": 2561.555244386174,
            "count": 60
        },
        "10-11": {
            "avg_rssi": -66.28333333333333,
            "avg_dist_pred": 6635.211679077149,
            "std_dist_pred": 2459.171244686179,
            "count": 60
        },
        "11-1": {
            "avg_rssi": -55.61666666666667,
            "avg_dist_pred": 3055.4465157190957,
            "std_dist_pred": 2182.204222184329,
            "count": 60
        },
        "11-10": {
            "avg_rssi": -67.21666666666667,
            "avg_dist_pred": 6883.338160133362,
            "std_dist_pred": 2821.055772805562,
            "count": 60
        },
        "11-11": {
            "avg_rssi": -67.13333333333334,
            "avg_dist_pred": 7301.214677810669,
            "std_dist_pred": 2804.222631221959,
            "count": 60
        },
        "11-2": {
            "avg_rssi": -48.05,
            "avg_dist_pred": 2110.6481872558593,
            "std_dist_pred": 1849.4621657614898,
            "count": 60
        },
        "11-3": {
            "avg_rssi": -52.9,
            "avg_dist_pred": 2890.3466449101766,
            "std_dist_pred": 2243.461501251766,
            "count": 60
        },
        "11-4": {
            "avg_rssi": -52.93333333333333,
            "avg_dist_pred": 2461.9684232552845,
            "std_dist_pred": 2043.2993809965285,
            "count": 60
        },
        "11-5": {
            "avg_rssi": -54.86666666666667,
            "avg_dist_pred": 2864.459928385417,
            "std_dist_pred": 2113.554812612883,
            "count": 60
        },
        "11-6": {
            "avg_rssi": -59.416666666666664,
            "avg_dist_pred": 3989.022340710958,
            "std_dist_pred": 2951.3233413254707,
            "count": 60
        },
        "11-7": {
            "avg_rssi": -58.03333333333333,
            "avg_dist_pred": 3812.340849558512,
            "std_dist_pred": 2536.5247118777193,
            "count": 60
        },
        "11-8": {
            "avg_rssi": -58.333333333333336,
            "avg_dist_pred": 3970.77666015625,
            "std_dist_pred": 2815.1159192570713,
            "count": 60
        },
        "11-9": {
            "avg_rssi": -63.766666666666666,
            "avg_dist_pred": 5603.527017068863,
            "std_dist_pred": 3294.936937205201,
            "count": 60
        },
        "2-1": {
            "avg_rssi": -66.76666666666667,
            "avg_dist_pred": 6337.232005739212,
            "std_dist_pred": 2925.574354591416,
            "count": 60
        },
        "2-11": {
            "avg_rssi": -64.1,
            "avg_dist_pred": 6893.7162109375,
            "std_dist_pred": 2813.704954839703,
            "count": 60
        },
        "3-1": {
            "avg_rssi": -68.35,
            "avg_dist_pred": 7415.002336629232,
            "std_dist_pred": 2626.564417866896,
            "count": 60
        },
        "3-11": {
            "avg_rssi": -65.83333333333333,
            "avg_dist_pred": 7113.303491210938,
            "std_dist_pred": 2728.303935288727,
            "count": 60
        },
        "4-1": {
            "avg_rssi": -71.88333333333334,
            "avg_dist_pred": 8072.2628987630205,
            "std_dist_pred": 2348.4886886545937,
            "count": 60
        },
        "4-11": {
            "avg_rssi": -69.95,
            "avg_dist_pred": 7976.033671061198,
            "std_dist_pred": 2602.104610682758,
            "count": 60
        },
        "5-1": {
            "avg_rssi": -63.016666666666666,
            "avg_dist_pred": 5620.157695309321,
            "std_dist_pred": 2828.7370737946135,
            "count": 60
        },
        "5-11": {
            "avg_rssi": -71.63333333333334,
            "avg_dist_pred": 7933.702530924479,
            "std_dist_pred": 2338.578003221712,
            "count": 60
        },
        "6-1": {
            "avg_rssi": -63.8,
            "avg_dist_pred": 5499.816145769755,
            "std_dist_pred": 2922.2626368519755,
            "count": 60
        },
        "6-10": {
            "avg_rssi": -67.16666666666667,
            "avg_dist_pred": 7230.079065958659,
            "std_dist_pred": 2456.8616337060334,
            "count": 60
        },
        "6-11": {
            "avg_rssi": -64.25,
            "avg_dist_pred": 6294.101503499349,
            "std_dist_pred": 2672.48094171347,
            "count": 60
        },
        "6-2": {
            "avg_rssi": -62.11666666666667,
            "avg_dist_pred": 5444.549559466044,
            "std_dist_pred": 3154.27530975513,
            "count": 60
        },
        "6-3": {
            "avg_rssi": -62.0,
            "avg_dist_pred": 5769.495958391825,
            "std_dist_pred": 2870.3187920553023,
            "count": 60
        },
        "6-4": {
            "avg_rssi": -60.28333333333333,
            "avg_dist_pred": 4760.1078013102215,
            "std_dist_pred": 2917.4654619888634,
            "count": 60
        },
        "6-5": {
            "avg_rssi": -62.79661016949152,
            "avg_dist_pred": 5147.79269357455,
            "std_dist_pred": 3003.709085118874,
            "count": 59
        },
        "6-6": {
            "avg_rssi": -67.88135593220339,
            "avg_dist_pred": 7591.426468154132,
            "std_dist_pred": 2675.658813427968,
            "count": 59
        },
        "6-7": {
            "avg_rssi": -64.15,
            "avg_dist_pred": 6479.760394223531,
            "std_dist_pred": 2756.9632550073516,
            "count": 60
        },
        "6-8": {
            "avg_rssi": -61.11666666666667,
            "avg_dist_pred": 5669.892967653274,
            "std_dist_pred": 2997.54765149808,
            "count": 60
        },