{
    "AP2": {
        "1-1": {
            "avg_rssi": -66.26666666666667,
            "avg_dist_pred": 6864.486394246419,
            "std_dist_pred": 2891.8579014261463,
            "count": 60
        },
        "1-10": {
            "avg_rssi": -69.36666666666666,
            "avg_dist_pred": 7113.765023803711,
            "std_dist_pred": 2532.5932342694255,
            "count": 60
        },
        "1-11": {
            "avg_rssi": -64.6,
            "avg_dist_pred": 6567.27116394043,
            "std_dist_pred": 2873.9426822461123,
            "count": 60
        },
        "1-2": {
            "avg_rssi": -62.93333333333333,
            "avg_dist_pred": 5576.371790568034,
            "std_dist_pred": 3034.2042407978065,
            "count": 60
        },
        "1-3": {
            "avg_rssi": -62.85,
            "avg_dist_pred": 5494.042508824667,
            "std_dist_pred": 3043.3675515816003,
            "count": 60
        },
        "1-4": {
            "avg_rssi": -61.43333333333333,
            "avg_dist_pred": 5113.239833577474,
            "std_dist_pred": 2937.038878149633,
            "count": 60
        },
        "1-5": {
            "avg_rssi": -71.41666666666667,
            "avg_dist_pred": 8713.401086425782,
            "std_dist_pred": 2728.1911659617617,
            "count": 60
        },
        "1-6": {
            "avg_rssi": -72.23333333333333,
            "avg_dist_pred": 9071.735375976563,
            "std_dist_pred": 2417.881270634195,
            "count": 60
        },
        "1-7": {
            "avg_rssi": -73.5,
            "avg_dist_pred": 8844.561010742187,
            "std_dist_pred": 2466.058805284094,
            "count": 60
        },
        "1-8": {
            "avg_rssi": -73.08333333333333,
            "avg_dist_pred": 8406.073803710937,
            "std_dist_pred": 2870.664699158064,
            "count": 60
        },
        "1-9": {
            "avg_rssi": -70.03333333333333,
            "avg_dist_pred": 7320.1978759765625,
            "std_dist_pred": 2733.939567077114,
            "count": 60
        },
        "10-1": {
            "avg_rssi": -57.083333333333336,
            "avg_dist_pred": 3486.297850418091,
            "std_dist_pred": 3059.0980283882777,
            "count": 60
        },
        "10-11": {
            "avg_rssi": -66.28333333333333,
            "avg_dist_pred": 7381.392476399739,
            "std_dist_pred": 2578.955582177298,
            "count": 60
        },
        "11-1": {
            "avg_rssi": -55.61666666666667,
            "avg_dist_pred": 2742.1733212629956,
            "std_dist_pred": 2440.3336873624744,
            "count": 60
        },
        "11-10": {
            "avg_rssi": -67.21666666666667,
            "avg_dist_pred": 6652.591724650065,
            "std_dist_pred": 2504.0410647521826,
            "count": 60
        },
        "11-11": {
            "avg_rssi": -67.13333333333334,
            "avg_dist_pred": 7223.292342122396,
            "std_dist_pred": 2617.153107561353,
            "count": 60
        },
        "11-2": {
            "avg_rssi": -48.05,
            "avg_dist_pred": 1982.1231281280518,
            "std_dist_pred": 1765.4860079034804,
            "count": 60
        },
        "11-3": {
            "avg_rssi": -52.9,
            "avg_dist_pred": 2474.355867433548,
            "std_dist_pred": 2095.6067275913497,
            "count": 60
        },
        "11-4": {
            "avg_rssi": -52.93333333333333,
            "avg_dist_pred": 2974.7736112594603,
            "std_dist_pred": 2396.0629335855856,
            "count": 60
        },
        "11-5": {
            "avg_rssi": -54.86666666666667,
            "avg_dist_pred": 2922.0555324554443,
            "std_dist_pred": 2307.6948843358646,
            "count": 60
        },
        "11-6": {
            "avg_rssi": -59.416666666666664,
            "avg_dist_pred": 4576.5871011098225,
            "std_dist_pred": 2814.5488959159634,
            "count": 60
        },
        "11-7": {
            "avg_rssi": -58.03333333333333,
            "avg_dist_pred": 3702.619157918294,
            "std_dist_pred": 2840.8359371522542,
            "count": 60
        },
        "11-8": {
            "avg_rssi": -58.333333333333336,
            "avg_dist_pred": 4223.531880569458,
            "std_dist_pred": 2649.8495633761195,
            "count": 60
        },
        "11-9": {
            "avg_rssi": -63.766666666666666,
            "avg_dist_pred": 6236.94382425944,
            "std_dist_pred": 2696.4042791837282,
            "count": 60
        },
        "2-1": {
            "avg_rssi": -66.76666666666667,
            "avg_dist_pred": 6860.139595540365,
            "std_dist_pred": 2694.522714224872,
            "count": 60
        },
        "2-11": {
            "avg_rssi": -64.1,
            "avg_dist_pred": 5951.64818725586,
            "std_dist_pred": 2689.6902356044743,
            "count": 60
        },
        "3-1": {
            "avg_rssi": -68.35,
            "avg_dist_pred": 7359.265075683594,
            "std_dist_pred": 2384.572366728222,
            "count": 60
        },
        "3-11": {
            "avg_rssi": -65.83333333333333,
            "avg_dist_pred": 6485.708298667272,
            "std_dist_pred": 2659.9226890927375,
            "count": 60
        },
        "4-1": {
            "avg_rssi": -71.88333333333334,
            "avg_dist_pred": 8514.33057861328,
            "std_dist_pred": 2559.7064297262805,
            "count": 60
        },
        "4-11": {
            "avg_rssi": -69.95,
            "avg_dist_pred": 7825.488220214844,
            "std_dist_pred": 2413.670726375372,
            "count": 60
        },
        "5-1": {
            "avg_rssi": -63.016666666666666,
            "avg_dist_pred": 5668.001929601033,
            "std_dist_pred": 3170.7248363532517,
            "count": 60
        },
        "5-11": {
            "avg_rssi": -71.63333333333334,
            "avg_dist_pred": 9125.345471191406,
            "std_dist_pred": 2433.576516372375,
            "count": 60
        },
        "6-1": {
            "avg_rssi": -63.8,
            "avg_dist_pred": 6552.921220842997,
            "std_dist_pred": 2828.626087070124,
            "count": 60
        },
        "6-10": {
            "avg_rssi": -67.16666666666667,
            "avg_dist_pred": 6827.057167561849,
            "std_dist_pred": 2889.019606679765,
            "count": 60
        },
        "6-11": {
            "avg_rssi": -64.25,
            "avg_dist_pred": 6510.7652150472,
            "std_dist_pred": 2630.7456615361275,
            "count": 60
        },
        "6-2": {
            "avg_rssi": -62.11666666666667,
            "avg_dist_pred": 5937.818879191081,
            "std_dist_pred": 2976.052408730965,
            "count": 60
        },
        "6-3": {
            "avg_rssi": -62.0,
            "avg_dist_pred": 5037.493852742513,
            "std_dist_pred": 2806.518734374952,
            "count": 60
        },
        "6-4": {
            "avg_rssi": -60.28333333333333,
            "avg_dist_pred": 4847.777565511068,
            "std_dist_pred": 3243.170277737374,
            "count": 60
        },
        "6-5": {
            "avg_rssi": -62.79661016949152,
            "avg_dist_pred": 5619.551318023165,
            "std_dist_pred": 2896.582531401583,
            "count": 59
        },
        "6-6": {
            "avg_rssi": -67.88135593220339,
            "avg_dist_pred": 7659.79688741393,
            "std_dist_pred": 2473.9868327706336,
            "count": 59
        },
        "6-7": {
            "avg_rssi": -64.15,
            "avg_dist_pred": 6163.06080716451,
            "std_dist_pred": 2754.6747041349217,
            "count": 60
        },
        "6-8": {
            "avg_rssi": -61.11666666666667,
            "avg_dist_pred": 5360.361806233724,
            "std_dist_pred": 3253.071269930535,
            "count": 60
        },