{
    "accuracy": 5.851750114454572,
    "mde": 2.6271698313475844,
    "csv": "../2026_1_1/all/Server_Wide_20260101_140347.csv"
}