==========================================
Current Experiment: RTT Combination: ['Dist_mm_1', 'Dist_mm_2', 'Dist_mm_4']
RTT Input Dimension: 3
==========================================
Start Training Seed 42...

Start CDAN+E Training... (Entropy Conditioning Enabled)
Epoch  | Total Loss | Tr Cls     | Tr Dom RSSI  | Tr Dom RTT   | Val T Acc  | Val T Entropy | Test MDE | Test Target Weights
--------------------------------------------------------------------------------------------------------------------------------------------
1      | 6.7095     | 3.9557     | 1.3761       | 1.3777       | 0.4021     | 3.7436       | 1.4931   | 0.3047  , 0.6953   |           
2      | 5.9007     | 3.2460     | 1.3310       | 1.3238       | 0.5969     | 3.6400       | 1.1802   | 0.3311  , 0.6689   |           
3      | 5.3049     | 2.7468     | 1.2781       | 1.2800       | 0.8115     | 3.4877       | 1.0414   | 0.3607  , 0.6393   |           
4      | 4.8731     | 2.4052     | 1.2315       | 1.2364       | 0.8625     | 3.2988       | 0.9923   | 0.3758  , 0.6242   |           
5      | 4.4698     | 2.1067     | 1.1724       | 1.1906       | 0.9083     | 3.1286       | 0.9526   | 0.3739  , 0.6261   |           
6      | 4.1589     | 1.8734     | 1.1209       | 1.1646       | 0.9531     | 2.9692       | 0.9346   | 0.3918  , 0.6082   |           
7      | 3.9322     | 1.7119     | 1.1106       | 1.1097       | 0.9656     | 2.7844       | 0.8650   | 0.4003  , 0.5997   |           
8      | 3.6924     | 1.5296     | 1.0684       | 1.0943       | 0.9677     | 2.6645       | 0.8820   | 0.4099  , 0.5901   |           
9      | 3.5311     | 1.3970     | 1.0547       | 1.0794       | 0.9656     | 2.5264       | 0.8359   | 0.4093  , 0.5907   |           
10     | 3.3751     | 1.3066     | 1.0344       | 1.0340       | 0.9781     | 2.3860       | 0.8245   | 0.4179  , 0.5821   |           
11     | 3.2298     | 1.1752     | 1.0337       | 1.0209       | 0.9771     | 2.2380       | 0.8848   | 0.4217  , 0.5783   | (ADV -0.14)
12     | 3.1118     | 1.1093     | 1.0078       | 0.9948       | 0.9802     | 2.1132       | 0.8440   | 0.4332  , 0.5668   | (ADV -0.08)
13     | 3.0512     | 1.0323     | 1.0160       | 1.0029       | 0.9812     | 2.0337       | 0.8594   | 0.4267  , 0.5733   | (ADV -0.04)
14     | 3.0328     | 0.9918     | 1.0414       | 0.9995       | 0.9823     | 1.9670       | 0.8843   | 0.4603  , 0.5397   | (ADV -0.00)
15     | 2.9641     | 0.9326     | 1.0286       | 1.0029       | 0.9885     | 1.9401       | 0.8928   | 0.4462  , 0.5538   | (ADV 0.02)
16     | 2.9065     | 0.8831     | 1.0237       | 0.9997       | 0.9865     | 1.7930       | 0.8534   | 0.4357  , 0.5643   | (ADV 0.09)
17     | 2.8777     | 0.8551     | 1.0262       | 0.9963       | 0.9885     | 1.7428       | 0.8670   | 0.4494  , 0.5506   | (ADV 0.12)
18     | 2.7822     | 0.7854     | 1.0080       | 0.9888       | 0.9844     | 1.6405       | 0.9091   | 0.4429  , 0.5571   | (ADV 0.16)
19     | 2.7756     | 0.7706     | 1.0161       | 0.9889       | 0.9917     | 1.5884       | 0.8574   | 0.4345  , 0.5655   | (ADV 0.20)
20     | 2.7855     | 0.7718     | 1.0218       | 0.9919       | 0.9896     | 1.5848       | 0.9166   | 0.4475  , 0.5525   |           
21     | 2.7045     | 0.7180     | 1.0165       | 0.9699       | 0.9906     | 1.5478       | 0.8745   | 0.4623  , 0.5377   | (ADV 0.22)
22     | 2.6645     | 0.7173     | 0.9980       | 0.9492       | 0.9875     | 1.4750       | 0.8988   | 0.4477  , 0.5523   | (ADV 0.25)
23     | 2.6172     | 0.6724     | 0.9828       | 0.9620       | 0.9885     | 1.3884       | 0.8857   | 0.4495  , 0.5505   | (ADV 0.29)
24     | 2.6085     | 0.6700     | 0.9727       | 0.9658       | 0.9906     | 1.3745       | 0.9077   | 0.4429  , 0.5571   | (ADV 0.30)
25     | 2.5582     | 0.6341     | 0.9840       | 0.9401       | 0.9896     | 1.3380       | 0.8822   | 0.4507  , 0.5493   | (ADV 0.32)
26     | 2.5277     | 0.6116     | 0.9605       | 0.9556       | 0.9865     | 1.3311       | 0.9501   | 0.4558  , 0.5442   | (ADV 0.32)
27     | 2.5080     | 0.5873     | 0.9825       | 0.9382       | 0.9875     | 1.2579       | 0.9209   | 0.4554  , 0.5446   | (ADV 0.36)
28     | 2.4933     | 0.5933     | 0.9612       | 0.9387       | 0.9875     | 1.3049       | 0.8971   | 0.4530  , 0.5470   |           
29     | 2.4936     | 0.5753     | 0.9664       | 0.9518       | 0.9906     | 1.2331       | 0.8672   | 0.4601  , 0.5399   | (ADV 0.37)
30     | 2.4429     | 0.5574     | 0.9536       | 0.9318       | 0.9885     | 1.1786       | 0.8636   | 0.4580  , 0.5420   | (ADV 0.40)
31     | 2.4451     | 0.5445     | 0.9399       | 0.9606       | 0.9906     | 1.2221       | 0.9693   | 0.4690  , 0.5310   |           
32     | 2.4870     | 0.5657     | 0.9766       | 0.9446       | 0.9906     | 1.1602       | 0.9229   | 0.4594  , 0.5406   | (ADV 0.41)
33     | 2.4441     | 0.5363     | 0.9478       | 0.9600       | 0.9885     | 1.1024       | 0.8888   | 0.4704  , 0.5296   | (ADV 0.44)
34     | 2.5030     | 0.5589     | 0.9685       | 0.9756       | 0.9896     | 1.1184       | 0.9399   | 0.4649  , 0.5351   |           
35     | 2.4352     | 0.5273     | 0.9644       | 0.9436       | 0.9875     | 1.1040       | 0.9246   | 0.4559  , 0.5441   |           
36     | 2.4287     | 0.5079     | 0.9551       | 0.9657       | 0.9865     | 1.0986       | 0.9018   | 0.4633  , 0.5367   |           
37     | 2.4191     | 0.5141     | 0.9608       | 0.9441       | 0.9885     | 1.0735       | 0.8850   | 0.4673  , 0.5327   | (ADV 0.45)
38     | 2.4513     | 0.5143     | 0.9892       | 0.9478       | 0.9885     | 1.0740       | 0.9377   | 0.4639  , 0.5361   |           
39     | 2.4310     | 0.5105     | 0.9577       | 0.9628       | 0.9885     | 1.0149       | 0.8990   | 0.4787  , 0.5213   | (ADV 0.48)
40     | 2.3985     | 0.5014     | 0.9378       | 0.9593       | 0.9844     | 1.0428       | 0.9384   | 0.4761  , 0.5239   |           
41     | 2.3522     | 0.4648     | 0.9400       | 0.9473       | 0.9906     | 0.9942       | 0.9208   | 0.4636  , 0.5364   | (ADV 0.49)
42     | 2.4150     | 0.4727     | 0.9530       | 0.9892       | 0.9896     | 0.9830       | 0.9295   | 0.4772  , 0.5228   | (ADV 0.50)
43     | 2.4242     | 0.4990     | 0.9639       | 0.9613       | 0.9896     | 0.9755       | 0.8838   | 0.4641  , 0.5359   | (ADV 0.50)
44     | 2.3894     | 0.4621     | 0.9509       | 0.9764       | 0.9885     | 0.9806       | 0.9090   | 0.4803  , 0.5197   |           
45     | 2.3907     | 0.4584     | 0.9637       | 0.9685       | 0.9896     | 0.9792       | 0.8971   | 0.4727  , 0.5273   |           
46     | 2.4176     | 0.4564     | 0.9673       | 0.9940       | 0.9865     | 0.9339       | 0.9085   | 0.4675  , 0.5325   | (ADV 0.52)
47     | 2.4310     | 0.4790     | 0.9575       | 0.9945       | 0.9885     | 0.9152       | 0.9097   | 0.4623  , 0.5377   | (ADV 0.53)
48     | 2.4208     | 0.4741     | 0.9586       | 0.9881       | 0.9896     | 0.9306       | 0.8877   | 0.4674  , 0.5326   |           
49     | 2.4351     | 0.4722     | 0.9770       | 0.9859       | 0.9906     | 0.9092       | 0.9289   | 0.5033  , 0.4967   | (ADV 0.54)
50     | 2.4385     | 0.4672     | 0.9689       | 1.0023       | 0.9875     | 0.9190       | 0.9448   | 0.4621  , 0.5379   |           
51     | 2.3907     | 0.4414     | 0.9584       | 0.9909       | 0.9885     | 0.8421       | 0.8844   | 0.4720  , 0.5280   | (ADV 0.57)
52     | 2.4984     | 0.4776     | 1.0095       | 1.0112       | 0.9896     | 0.9129       | 0.8654   | 0.4740  , 0.5260   |           
53     | 2.4384     | 0.4592     | 0.9782       | 1.0010       | 0.9917     | 0.8623       | 0.9322   | 0.4811  , 0.5189   |           
54     | 2.4835     | 0.4796     | 0.9993       | 1.0046       | 0.9896     | 0.8747       | 0.8550   | 0.4554  , 0.5446   |           
55     | 2.4343     | 0.4566     | 0.9804       | 0.9973       | 0.9875     | 0.8482       | 0.8642   | 0.4661  , 0.5339   |           
56     | 2.4568     | 0.4512     | 0.9966       | 1.0090       | 0.9885     | 0.8720       | 0.9079   | 0.4819  , 0.5181   |           
57     | 2.4774     | 0.4483     | 1.0156       | 1.0135       | 0.9885     | 0.8601       | 0.9039   | 0.4831  , 0.5169   |           
58     | 2.5346     | 0.4709     | 1.0463       | 1.0174       | 0.9688     | 0.8861       | 0.8307   | 0.4650  , 0.5350   |           
59     | 2.4943     | 0.4551     | 1.0335       | 1.0057       | 0.9906     | 0.8712       | 0.8647   | 0.4619  , 0.5381   |           
60     | 2.5241     | 0.4529     | 1.0461       | 1.0251       | 0.9896     | 0.8376       | 0.7940   | 0.4493  , 0.5507   | (ADV 0.57)
61     | 2.4630     | 0.4388     | 1.0296       | 0.9947       | 0.9917     | 0.8802       | 0.8495   | 0.4851  , 0.5149   |           
62     | 2.5124     | 0.4407     | 1.0447       | 1.0270       | 0.9896     | 0.8558       | 0.8940   | 0.4857  , 0.5143   |           
63     | 2.4902     | 0.4273     | 1.0475       | 1.0154       | 0.9875     | 0.7929       | 0.8874   | 0.4733  , 0.5267   | (ADV 0.59)
64     | 2.5394     | 0.4607     | 1.0560       | 1.0227       | 0.9885     | 0.8687       | 0.9012   | 0.4911  , 0.5089   |           
65     | 2.5332     | 0.4513     | 1.0620       | 1.0199       | 0.9875     | 0.8415       | 0.9022   | 0.4877  , 0.5123   |           
66     | 2.5648     | 0.4577     | 1.0756       | 1.0315       | 0.9885     | 0.8302       | 0.8956   | 0.5015  , 0.4985   |           
67     | 2.5071     | 0.4235     | 1.0602       | 1.0235       | 0.9906     | 0.8711       | 0.9122   | 0.4768  , 0.5232   |           
68     | 2.5725     | 0.4389     | 1.0839       | 1.0497       | 0.9906     | 0.8558       | 0.9011   | 0.4901  , 0.5099   |           
69     | 2.6044     | 0.4438     | 1.1130       | 1.0477       | 0.9927     | 0.8437       | 0.9663   | 0.4945  , 0.5055   |           
70     | 2.5664     | 0.4242     | 1.0963       | 1.0459       | 0.9885     | 0.7990       | 0.8366   | 0.4764  , 0.5236   |           
71     | 2.5981     | 0.4581     | 1.0847       | 1.0553       | 0.9906     | 0.8104       | 0.8944   | 0.4712  , 0.5288   |           
72     | 2.5945     | 0.4611     | 1.0865       | 1.0469       | 0.9917     | 0.7754       | 0.9290   | 0.4844  , 0.5156   | (ADV 0.60)
73     | 2.5356     | 0.4226     | 1.0882       | 1.0247       | 0.9906     | 0.8030       | 0.8870   | 0.4652  , 0.5348   |           
74     | 2.5905     | 0.4566     | 1.0860       | 1.0479       | 0.9875     | 0.8072       | 0.9115   | 0.4771  , 0.5229   |           
75     | 2.6208     | 0.4699     | 1.0971       | 1.0538       | 0.9896     | 0.7948       | 0.9228   | 0.4815  , 0.5185   |           
76     | 2.5978     | 0.4515     | 1.0973       | 1.0490       | 0.9854     | 0.7882       | 0.8211   | 0.4773  , 0.5227   |           
77     | 2.5125     | 0.4006     | 1.0876       | 1.0242       | 0.9875     | 0.7867       | 0.8824   | 0.4688  , 0.5312   |           
78     | 2.5519     | 0.4070     | 1.0978       | 1.0471       | 0.9896     | 0.7925       | 0.9088   | 0.4679  , 0.5321   |           
79     | 2.6072     | 0.4405     | 1.0976       | 1.0691       | 0.9875     | 0.7785       | 0.9317   | 0.4557  , 0.5443   |           
80     | 2.6609     | 0.4755     | 1.1080       | 1.0774       | 0.9875     | 0.7651       | 0.9724   | 0.4791  , 0.5209   | (ADV 0.60)
81     | 2.6158     | 0.4454     | 1.1161       | 1.0542       | 0.9896     | 0.7609       | 1.0173   | 0.4688  , 0.5312   | (ADV 0.61)
82     | 2.5923     | 0.4234     | 1.1112       | 1.0577       | 0.9896     | 0.7231       | 0.9630   | 0.4679  , 0.5321   | (ADV 0.63)
83     | 2.5385     | 0.3795     | 1.1034       | 1.0556       | 0.9927     | 0.7190       | 0.9217   | 0.4728  , 0.5272   | (ADV 0.63)
84     | 2.6969     | 0.4803     | 1.1247       | 1.0919       | 0.9927     | 0.7619       | 1.0112   | 0.4761  , 0.5239   |           
85     | 2.5878     | 0.4290     | 1.1033       | 1.0555       | 0.9927     | 0.7429       | 1.0061   | 0.4739  , 0.5261   |           
86     | 2.5947     | 0.4299     | 1.0998       | 1.0650       | 0.9906     | 0.7356       | 0.9419   | 0.4596  , 0.5404   |           
87     | 2.5919     | 0.4221     | 1.1039       | 1.0660       | 0.9865     | 0.7100       | 0.9109   | 0.4802  , 0.5198   |           
88     | 2.6056     | 0.4223     | 1.1170       | 1.0662       | 0.9917     | 0.7576       | 0.9986   | 0.4991  , 0.5009   |           
89     | 2.5543     | 0.3941     | 1.1047       | 1.0556       | 0.9896     | 0.7625       | 0.9946   | 0.4564  , 0.5436   |           
90     | 2.6369     | 0.4429     | 1.1227       | 1.0713       | 0.9885     | 0.6947       | 0.9099   | 0.4706  , 0.5294   | (ADV 0.64)
91     | 2.6289     | 0.4183     | 1.1302       | 1.0805       | 0.9938     | 0.7238       | 0.8680   | 0.4587  , 0.5413   |           
92     | 2.6362     | 0.4263     | 1.1313       | 1.0786       | 0.9896     | 0.8001       | 0.9369   | 0.4734  , 0.5266   |           
93     | 2.6137     | 0.4215     | 1.1120       | 1.0801       | 0.9938     | 0.7663       | 1.0391   | 0.4782  , 0.5218   |           
94     | 2.6773     | 0.4472     | 1.1344       | 1.0958       | 0.9854     | 0.8063       | 0.9439   | 0.4821  , 0.5179   |           
95     | 2.6181     | 0.4193     | 1.1189       | 1.0798       | 0.9906     | 0.7662       | 0.9384   | 0.5031  , 0.4969   |           
96     | 2.6239     | 0.4094     | 1.1182       | 1.0963       | 0.9906     | 0.7293       | 0.9858   | 0.4741  , 0.5259   |           
97     | 2.5920     | 0.3875     | 1.1129       | 1.0916       | 0.9802     | 0.7382       | 0.8300   | 0.4664  , 0.5336   |           
98     | 2.6362     | 0.4357     | 1.1254       | 1.0751       | 0.9927     | 0.7236       | 1.0206   | 0.4822  , 0.5178   |           
99     | 2.6182     | 0.4025     | 1.1319       | 1.0838       | 0.9896     | 0.6907       | 0.8462   | 0.4851  , 0.5149   | (ADV 0.64)
100    | 2.6198     | 0.4217     | 1.1218       | 1.0762       | 0.9906     | 0.7230       | 0.9455   | 0.4804  , 0.5196   |           
101    | 2.6346     | 0.4088     | 1.1161       | 1.1097       | 0.9896     | 0.7481       | 0.8522   | 0.4911  , 0.5089   |           
102    | 2.6576     | 0.4180     | 1.1225       | 1.1172       | 0.9865     | 0.7032       | 0.8782   | 0.4853  , 0.5147   |           
103    | 2.6507     | 0.4127     | 1.1385       | 1.0995       | 0.9719     | 0.6993       | 0.8703   | 0.4967  , 0.5033   |           
104    | 2.6779     | 0.4177     | 1.1625       | 1.0977       | 0.9823     | 0.7336       | 0.7974   | 0.4753  , 0.5247   |           
105    | 2.6956     | 0.4472     | 1.1488       | 1.0996       | 0.9885     | 0.6822       | 0.8038   | 0.4666  , 0.5334   | (ADV 0.65)
106    | 2.7173     | 0.4610     | 1.1373       | 1.1189       | 0.9875     | 0.6603       | 0.8095   | 0.4752  , 0.5248   | (ADV 0.66)
107    | 2.6328     | 0.3833     | 1.1406       | 1.1089       | 0.9875     | 0.7238       | 0.9080   | 0.4971  , 0.5029   |           
108    | 2.6694     | 0.4031     | 1.1582       | 1.1082       | 0.9833     | 0.7481       | 0.8533   | 0.4528  , 0.5472   |           
109    | 2.6757     | 0.4161     | 1.1694       | 1.0901       | 0.9896     | 0.7125       | 0.8667   | 0.4618  , 0.5382   |           
110    | 2.6990     | 0.4179     | 1.1806       | 1.1004       | 0.9854     | 0.6870       | 0.8685   | 0.4908  , 0.5092   |           
111    | 2.6708     | 0.3950     | 1.1608       | 1.1150       | 0.9854     | 0.7154       | 0.9129   | 0.4892  , 0.5108   |           
112    | 2.6480     | 0.4001     | 1.1468       | 1.1011       | 0.9885     | 0.6818       | 0.8480   | 0.4785  , 0.5215   |           
113    | 2.6636     | 0.3928     | 1.1608       | 1.1100       | 0.9875     | 0.6809       | 0.8248   | 0.4730  , 0.5270   |           
114    | 2.7196     | 0.4416     | 1.1613       | 1.1167       | 0.9896     | 0.6655       | 0.8512   | 0.4621  , 0.5379   |           
115    | 2.6841     | 0.4070     | 1.1498       | 1.1273       | 0.9844     | 0.7130       | 0.8658   | 0.4885  , 0.5115   |           
116    | 2.7106     | 0.4151     | 1.1724       | 1.1231       | 0.9896     | 0.6709       | 0.8581   | 0.5056  , 0.4944   |           
117    | 2.6677     | 0.3913     | 1.1524       | 1.1239       | 0.9885     | 0.6131       | 0.7955   | 0.4733  , 0.5267   | (ADV 0.68)
118    | 2.6575     | 0.3719     | 1.1680       | 1.1176       | 0.9885     | 0.6571       | 0.9050   | 0.4556  , 0.5444   |           
119    | 2.6652     | 0.3952     | 1.1590       | 1.1109       | 0.9865     | 0.6777       | 0.8725   | 0.4925  , 0.5075   |           
120    | 2.7300     | 0.4305     | 1.1727       | 1.1268       | 0.9885     | 0.6766       | 0.8128   | 0.4816  , 0.5184   |           
121    | 2.7091     | 0.4267     | 1.1623       | 1.1201       | 0.9917     | 0.6332       | 0.7722   | 0.4991  , 0.5009   |           
122    | 2.6962     | 0.4256     | 1.1744       | 1.0962       | 0.9885     | 0.6496       | 0.8586   | 0.4853  , 0.5147   |           
123    | 2.6756     | 0.3893     | 1.1450       | 1.1413       | 0.9854     | 0.6428       | 0.7682   | 0.4870  , 0.5130   |           
124    | 2.7235     | 0.4154     | 1.1574       | 1.1507       | 0.9917     | 0.6577       | 0.8212   | 0.4868  , 0.5132   |           
125    | 2.7413     | 0.4145     | 1.1798       | 1.1469       | 0.9896     | 0.6639       | 0.8062   | 0.4967  , 0.5033   |           
126    | 2.7492     | 0.4250     | 1.1789       | 1.1452       | 0.9896     | 0.6531       | 0.8904   | 0.4953  , 0.5047   |           
127    | 2.7374     | 0.4326     | 1.1810       | 1.1237       | 0.9927     | 0.6616       | 0.7792   | 0.4722  , 0.5278   |           
128    | 2.7281     | 0.4302     | 1.1765       | 1.1214       | 0.9875     | 0.6673       | 0.8744   | 0.5200  , 0.4800   |           
129    | 2.7499     | 0.4390     | 1.1827       | 1.1282       | 0.9896     | 0.6260       | 0.8177   | 0.5067  , 0.4933   |           
130    | 2.7248     | 0.4082     | 1.1847       | 1.1318       | 0.9917     | 0.5979       | 0.7644   | 0.4939  , 0.5061   | (ADV 0.69)
131    | 2.7561     | 0.4394     | 1.1811       | 1.1356       | 0.9896     | 0.5914       | 0.8072   | 0.4955  , 0.5045   | (ADV 0.69)
132    | 2.7025     | 0.3864     | 1.1843       | 1.1319       | 0.9917     | 0.6361       | 0.8697   | 0.4866  , 0.5134   |           
133    | 2.7193     | 0.4009     | 1.1697       | 1.1487       | 0.9885     | 0.5738       | 0.8016   | 0.4733  , 0.5267   | (ADV 0.70)
134    | 2.7347     | 0.4076     | 1.1778       | 1.1493       | 0.9917     | 0.6720       | 0.7797   | 0.4781  , 0.5219   |           
135    | 2.7835     | 0.4310     | 1.1906       | 1.1619       | 0.9865     | 0.6299       | 0.7528   | 0.4808  , 0.5192   |           
136    | 2.7406     | 0.3977     | 1.1888       | 1.1541       | 0.9927     | 0.6618       | 0.7217   | 0.5037  , 0.4963   |           
137    | 2.7525     | 0.4046     | 1.1684       | 1.1795       | 0.9927     | 0.6215       | 0.8061   | 0.5033  , 0.4967   |           
138    | 2.7590     | 0.4129     | 1.1826       | 1.1635       | 0.9885     | 0.6140       | 0.7462   | 0.4716  , 0.5284   |           
139    | 2.7360     | 0.3834     | 1.1871       | 1.1655       | 0.9917     | 0.5933       | 0.7415   | 0.4784  , 0.5216   |           
140    | 2.7853     | 0.4439     | 1.1778       | 1.1635       | 0.9885     | 0.6142       | 0.7354   | 0.4899  , 0.5101   |           
141    | 2.7772     | 0.4343     | 1.1720       | 1.1708       | 0.9844     | 0.5620       | 0.8199   | 0.4825  , 0.5175   | (ADV 0.70)
142    | 2.7306     | 0.3896     | 1.1703       | 1.1707       | 0.9865     | 0.6092       | 0.8017   | 0.4794  , 0.5206   |           
143    | 2.7566     | 0.4212     | 1.1744       | 1.1611       | 0.9865     | 0.5942       | 0.7346   | 0.4839  , 0.5161   |           
144    | 2.7460     | 0.3858     | 1.1771       | 1.1830       | 0.9906     | 0.5928       | 0.8025   | 0.4872  , 0.5128   |           
145    | 2.7617     | 0.3897     | 1.1903       | 1.1817       | 0.9896     | 0.5553       | 0.8110   | 0.4886  , 0.5114   | (ADV 0.71)
146    | 2.8098     | 0.4497     | 1.1817       | 1.1784       | 0.9896     | 0.5603       | 0.7213   | 0.4785  , 0.5215   |           
147    | 2.7461     | 0.3938     | 1.1800       | 1.1722       | 0.9906     | 0.5985       | 0.7713   | 0.4834  , 0.5166   |           
148    | 2.7851     | 0.4320     | 1.1772       | 1.1759       | 0.9885     | 0.5804       | 0.7831   | 0.4819  , 0.5181   |           
149    | 2.8001     | 0.4293     | 1.1836       | 1.1872       | 0.9875     | 0.5832       | 0.7966   | 0.4876  , 0.5124   |           
150    | 2.7710     | 0.4136     | 1.1796       | 1.1778       | 0.9885     | 0.5551       | 0.7815   | 0.4792  , 0.5208   |           
151    | 2.7687     | 0.4212     | 1.1709       | 1.1766       | 0.9885     | 0.5422       | 0.8089   | 0.4988  , 0.5012   | (ADV 0.72)
152    | 2.7421     | 0.3963     | 1.1694       | 1.1764       | 0.9875     | 0.5258       | 0.7460   | 0.4986  , 0.5014   | (ADV 0.72)
153    | 2.7699     | 0.4057     | 1.1811       | 1.1832       | 0.9854     | 0.5640       | 0.7281   | 0.4932  , 0.5068   |           
154    | 2.8165     | 0.4300     | 1.1844       | 1.2021       | 0.9917     | 0.5792       | 0.8470   | 0.5004  , 0.4996   |           
155    | 2.7429     | 0.3729     | 1.1841       | 1.1859       | 0.9917     | 0.5723       | 0.8240   | 0.5018  , 0.4982   |           
156    | 2.7703     | 0.4029     | 1.1876       | 1.1798       | 0.9885     | 0.5549       | 0.7503   | 0.4937  , 0.5063   |           
157    | 2.8254     | 0.4325     | 1.2026       | 1.1903       | 0.9771     | 0.5610       | 0.7471   | 0.4847  , 0.5153   |           
158    | 2.7770     | 0.3936     | 1.1963       | 1.1871       | 0.9906     | 0.5570       | 0.6864   | 0.5011  , 0.4989   |           
159    | 2.7921     | 0.4069     | 1.1913       | 1.1939       | 0.9906     | 0.5577       | 0.7078   | 0.4847  , 0.5153   |           
160    | 2.8059     | 0.4371     | 1.1904       | 1.1785       | 0.9875     | 0.5381       | 0.7155   | 0.4680  , 0.5320   |           
161    | 2.8145     | 0.4233     | 1.1965       | 1.1947       | 0.9906     | 0.5768       | 0.6620   | 0.4858  , 0.5142   |           
162    | 2.8711     | 0.4155     | 1.2267       | 1.2289       | 0.9865     | 0.5114       | 0.6063   | 0.4682  , 0.5318   | (ADV 0.73)
163    | 2.8235     | 0.4049     | 1.2233       | 1.1953       | 0.9896     | 0.4991       | 0.6977   | 0.4838  , 0.5162   | (ADV 0.74)
164    | 2.8465     | 0.4170     | 1.2222       | 1.2073       | 0.9896     | 0.5171       | 0.6971   | 0.4569  , 0.5431   |           
165    | 2.8432     | 0.4175     | 1.2247       | 1.2010       | 0.9885     | 0.5805       | 0.7867   | 0.5088  , 0.4912   |           
166    | 2.7903     | 0.3832     | 1.2051       | 1.2020       | 0.9865     | 0.5725       | 0.7428   | 0.4666  , 0.5334   |           
167    | 2.8010     | 0.3921     | 1.2127       | 1.1962       | 0.9844     | 0.5894       | 0.7859   | 0.4898  , 0.5102   |           
168    | 2.8272     | 0.4235     | 1.2118       | 1.1918       | 0.9896     | 0.6060       | 0.7338   | 0.4982  , 0.5018   |           
169    | 2.8475     | 0.4212     | 1.2248       | 1.2015       | 0.9885     | 0.5483       | 0.7455   | 0.4884  , 0.5116   |           
170    | 2.8298     | 0.4018     | 1.2276       | 1.2004       | 0.9906     | 0.5231       | 0.6593   | 0.4732  , 0.5268   |           
171    | 2.8579     | 0.4360     | 1.2274       | 1.1945       | 0.9812     | 0.5186       | 0.6666   | 0.4814  , 0.5186   |           
172    | 2.8126     | 0.3872     | 1.2346       | 1.1908       | 0.9792     | 0.5390       | 0.7086   | 0.4848  , 0.5152   |           
173    | 2.8342     | 0.3976     | 1.2354       | 1.2013       | 0.9896     | 0.5369       | 0.6767   | 0.5010  , 0.4990   |           
174    | 2.8322     | 0.4065     | 1.2361       | 1.1896       | 0.9917     | 0.5152       | 0.6680   | 0.4897  , 0.5103   |           
175    | 2.8338     | 0.4038     | 1.2301       | 1.1998       | 0.9917     | 0.5433       | 0.7264   | 0.5186  , 0.4814   |           
176    | 2.8553     | 0.4356     | 1.2242       | 1.1955       | 0.9875     | 0.5316       | 0.7121   | 0.5063  , 0.4937   |           
177    | 2.8020     | 0.3925     | 1.2125       | 1.1969       | 0.9896     | 0.5094       | 0.6474   | 0.4876  , 0.5124   |           
178    | 2.8149     | 0.3942     | 1.2277       | 1.1930       | 0.9896     | 0.4540       | 0.6715   | 0.4757  , 0.5243   | (ADV 0.76)
179    | 2.8108     | 0.4023     | 1.2173       | 1.1912       | 0.9875     | 0.5342       | 0.7271   | 0.4867  , 0.5133   |           
180    | 2.7438     | 0.3485     | 1.2113       | 1.1840       | 0.9875     | 0.4812       | 0.7301   | 0.4858  , 0.5142   |           
181    | 2.7911     | 0.3716     | 1.2233       | 1.1962       | 0.9896     | 0.4993       | 0.7244   | 0.4982  , 0.5018   |           
182    | 2.7667     | 0.3562     | 1.2137       | 1.1968       | 0.9896     | 0.5142       | 0.7614   | 0.4984  , 0.5016   |           
183    | 2.8228     | 0.3953     | 1.2162       | 1.2113       | 0.9917     | 0.5222       | 0.7428   | 0.4893  , 0.5107   |           
184    | 2.7757     | 0.3576     | 1.2150       | 1.2031       | 0.9906     | 0.5260       | 0.7574   | 0.4852  , 0.5148   |           
185    | 2.7891     | 0.3741     | 1.2321       | 1.1829       | 0.9927     | 0.5249       | 0.7609   | 0.4954  , 0.5046   |           
186    | 2.8662     | 0.4010     | 1.2440       | 1.2212       | 0.9854     | 0.5723       | 0.7761   | 0.4944  , 0.5056   |           
187    | 2.8717     | 0.4374     | 1.2258       | 1.2085       | 0.9927     | 0.5436       | 0.7567   | 0.4905  , 0.5095   |           
188    | 2.8338     | 0.4141     | 1.2061       | 1.2137       | 0.9896     | 0.5705       | 0.8314   | 0.5268  , 0.4732   |           
189    | 2.8321     | 0.3952     | 1.2134       | 1.2235       | 0.9896     | 0.5280       | 0.7782   | 0.4943  , 0.5057   |           
190    | 2.7625     | 0.3462     | 1.2087       | 1.2076       | 0.9833     | 0.5131       | 0.8068   | 0.4760  , 0.5240   |           
191    | 2.8638     | 0.3894     | 1.2326       | 1.2418       | 0.9875     | 0.5327       | 0.7684   | 0.4804  , 0.5196   |           
192    | 2.8501     | 0.4063     | 1.2230       | 1.2209       | 0.9896     | 0.5299       | 0.7414   | 0.4926  , 0.5074   |           
193    | 2.8471     | 0.3909     | 1.2384       | 1.2178       | 0.9875     | 0.5117       | 0.8162   | 0.5006  , 0.4994   |           
194    | 2.8585     | 0.3995     | 1.2390       | 1.2200       | 0.9792     | 0.5090       | 0.7377   | 0.4758  , 0.5242   |           
195    | 2.8027     | 0.3588     | 1.2375       | 1.2065       | 0.9896     | 0.5056       | 0.7392   | 0.4911  , 0.5089   |           
196    | 2.8346     | 0.3770     | 1.2407       | 1.2170       | 0.9885     | 0.5402       | 0.7641   | 0.4752  , 0.5248   |           
197    | 2.8092     | 0.3720     | 1.2349       | 1.2022       | 0.9906     | 0.5026       | 0.7761   | 0.4833  , 0.5167   |           
198    | 2.8560     | 0.3911     | 1.2457       | 1.2192       | 0.9927     | 0.5124       | 0.7649   | 0.5021  , 0.4979   |           
199    | 2.8344     | 0.3806     | 1.2341       | 1.2197       | 0.9885     | 0.5194       | 0.7961   | 0.5117  , 0.4883   |           
200    | 2.8091     | 0.3682     | 1.2440       | 1.1969       | 0.9865     | 0.5548       | 0.7977   | 0.4957  , 0.5043   |           
201    | 2.8231     | 0.3765     | 1.2402       | 1.2064       | 0.9896     | 0.5635       | 0.7847   | 0.5084  , 0.4916   |           
202    | 2.7959     | 0.3597     | 1.2248       | 1.2114       | 0.9917     | 0.5172       | 0.8639   | 0.4916  , 0.5084   |           
203    | 2.8337     | 0.3779     | 1.2362       | 1.2195       | 0.9906     | 0.4869       | 0.7646   | 0.5110  , 0.4890   |           
204    | 2.7904     | 0.3694     | 1.2187       | 1.2023       | 0.9865     | 0.4992       | 0.8136   | 0.4822  , 0.5178   |           
205    | 2.8403     | 0.3905     | 1.2318       | 1.2180       | 0.9885     | 0.5027       | 0.7824   | 0.5031  , 0.4969   |           
206    | 2.8250     | 0.3881     | 1.2275       | 1.2093       | 0.9865     | 0.5383       | 0.8404   | 0.5003  , 0.4997   |           
207    | 2.8668     | 0.4121     | 1.2367       | 1.2180       | 0.9885     | 0.5016       | 0.8548   | 0.5204  , 0.4796   |           
208    | 2.8308     | 0.3757     | 1.2320       | 1.2230       | 0.9885     | 0.4650       | 0.8149   | 0.4932  , 0.5068   |           
209    | 2.8564     | 0.4003     | 1.2350       | 1.2211       | 0.9875     | 0.5085       | 0.7973   | 0.4910  , 0.5090   |           
210    | 2.8342     | 0.3861     | 1.2326       | 1.2155       | 0.9875     | 0.5286       | 0.7652   | 0.4873  , 0.5127   |           
211    | 2.8155     | 0.3623     | 1.2287       | 1.2245       | 0.9760     | 0.5091       | 0.8135   | 0.4943  , 0.5057   |           
212    | 2.8204     | 0.3687     | 1.2305       | 1.2213       | 0.9896     | 0.4962       | 0.7975   | 0.5152  , 0.4848   |           
213    | 2.8064     | 0.3598     | 1.2360       | 1.2107       | 0.9833     | 0.4984       | 0.8128   | 0.5185  , 0.4815   |           
214    | 2.8236     | 0.3669     | 1.2431       | 1.2136       | 0.9906     | 0.5210       | 0.8389   | 0.5129  , 0.4871   |           
215    | 2.8186     | 0.3478     | 1.2436       | 1.2272       | 0.9781     | 0.4516       | 0.8096   | 0.5128  , 0.4872   |           
216    | 2.8416     | 0.3654     | 1.2431       | 1.2331       | 0.9854     | 0.4860       | 0.8962   | 0.4974  , 0.5026   |           
217    | 2.8395     | 0.3735     | 1.2418       | 1.2241       | 0.9896     | 0.4515       | 0.8593   | 0.5140  , 0.4860   | (ADV 0.76)
218    | 2.8118     | 0.3540     | 1.2320       | 1.2257       | 0.9812     | 0.4979       | 0.7438   | 0.5016  , 0.4984   |           
219    | 2.7958     | 0.3505     | 1.2188       | 1.2265       | 0.9854     | 0.5013       | 0.8225   | 0.5006  , 0.4994   |           
220    | 2.8320     | 0.3640     | 1.2331       | 1.2350       | 0.9917     | 0.4982       | 0.8193   | 0.5053  , 0.4947   |           
221    | 2.7849     | 0.3323     | 1.2254       | 1.2272       | 0.9875     | 0.4685       | 0.7915   | 0.5065  , 0.4935   |           
222    | 2.7934     | 0.3470     | 1.2360       | 1.2104       | 0.9865     | 0.5019       | 0.7883   | 0.4992  , 0.5008   |           
223    | 2.8006     | 0.3586     | 1.2272       | 1.2147       | 0.9844     | 0.4980       | 0.8325   | 0.4741  , 0.5259   |           
224    | 2.8529     | 0.3932     | 1.2361       | 1.2236       | 0.9802     | 0.4471       | 0.7792   | 0.5173  , 0.4827   |           
225    | 2.8191     | 0.3616     | 1.2399       | 1.2177       | 0.9865     | 0.5057       | 0.8318   | 0.5398  , 0.4602   |           
226    | 2.8346     | 0.3611     | 1.2499       | 1.2236       | 0.9875     | 0.4608       | 0.8365   | 0.4920  , 0.5080   |           
227    | 2.8182     | 0.3535     | 1.2328       | 1.2319       | 0.9896     | 0.5020       | 0.7838   | 0.5255  , 0.4745   |           
228    | 2.8246     | 0.3662     | 1.2443       | 1.2141       | 0.9917     | 0.4689       | 0.7995   | 0.5244  , 0.4756   |           
229    | 2.8438     | 0.3839     | 1.2297       | 1.2302       | 0.9896     | 0.4490       | 0.7945   | 0.5026  , 0.4974   | (ADV 0.77)
230    | 2.8352     | 0.3582     | 1.2411       | 1.2360       | 0.9781     | 0.5016       | 0.8082   | 0.5075  , 0.4925   |           
231    | 2.8356     | 0.3706     | 1.2395       | 1.2255       | 0.9896     | 0.5008       | 0.8232   | 0.5067  , 0.4933   |           
232    | 2.8637     | 0.3939     | 1.2322       | 1.2375       | 0.9875     | 0.4529       | 0.7582   | 0.5113  , 0.4887   |           
233    | 2.8409     | 0.3725     | 1.2350       | 1.2333       | 0.9833     | 0.4284       | 0.7145   | 0.4966  , 0.5034   | (ADV 0.77)
234    | 2.8332     | 0.3773     | 1.2269       | 1.2290       | 0.9906     | 0.4151       | 0.7713   | 0.5146  , 0.4854   | (ADV 0.78)
235    | 2.8440     | 0.3515     | 1.2478       | 1.2448       | 0.9833     | 0.4536       | 0.8808   | 0.5084  , 0.4916   |           
236    | 2.9178     | 0.4192     | 1.2387       | 1.2600       | 0.9865     | 0.4544       | 0.7817   | 0.5187  , 0.4813   |           
237    | 2.8527     | 0.3918     | 1.2281       | 1.2327       | 0.9854     | 0.4828       | 0.8215   | 0.5087  , 0.4913   |           
238    | 2.8690     | 0.3849     | 1.2557       | 1.2284       | 0.9906     | 0.4904       | 0.8042   | 0.4978  , 0.5022   |           
239    | 2.8449     | 0.3527     | 1.2611       | 1.2311       | 0.9927     | 0.4662       | 0.8055   | 0.4838  , 0.5162   |           
240    | 2.8333     | 0.3583     | 1.2520       | 1.2229       | 0.9844     | 0.4696       | 0.7743   | 0.4765  , 0.5235   |           
241    | 2.8150     | 0.3625     | 1.2315       | 1.2210       | 0.9854     | 0.4508       | 0.7669   | 0.5090  , 0.4910   |           
242    | 2.7940     | 0.3457     | 1.2205       | 1.2277       | 0.9854     | 0.4790       | 0.8522   | 0.4941  , 0.5059   |           
243    | 2.8502     | 0.3783     | 1.2303       | 1.2415       | 0.9927     | 0.4729       | 0.7532   | 0.4903  , 0.5097   |           
244    | 2.8607     | 0.3729     | 1.2320       | 1.2558       | 0.9812     | 0.4396       | 0.8141   | 0.4919  , 0.5081   |           
245    | 2.8600     | 0.3907     | 1.2238       | 1.2455       | 0.9833     | 0.4536       | 0.8493   | 0.4866  , 0.5134   |           
246    | 2.8568     | 0.3750     | 1.2356       | 1.2461       | 0.9885     | 0.4509       | 0.8541   | 0.5155  , 0.4845   |           
247    | 2.8629     | 0.3864     | 1.2429       | 1.2336       | 0.9875     | 0.4483       | 0.7802   | 0.4916  , 0.5084   |           
248    | 2.8112     | 0.3456     | 1.2268       | 1.2388       | 0.9760     | 0.4556       | 0.8075   | 0.4976  , 0.5024   |           
249    | 2.8246     | 0.3466     | 1.2418       | 1.2361       | 0.9854     | 0.4570       | 0.7928   | 0.4894  , 0.5106   |           
250    | 2.8867     | 0.3985     | 1.2334       | 1.2548       | 0.9875     | 0.4518       | 0.8149   | 0.4969  , 0.5031   |           
251    | 2.8535     | 0.3742     | 1.2433       | 1.2361       | 0.9792     | 0.4651       | 0.7797   | 0.4943  , 0.5057   |           
252    | 2.7890     | 0.3318     | 1.2226       | 1.2347       | 0.9875     | 0.4690       | 0.8325   | 0.4974  , 0.5026   |           
253    | 2.7922     | 0.3229     | 1.2338       | 1.2355       | 0.9875     | 0.4906       | 0.8563   | 0.5045  , 0.4955   |           
254    | 2.8332     | 0.3373     | 1.2443       | 1.2516       | 0.9896     | 0.4628       | 0.7979   | 0.5136  , 0.4864   |           
255    | 2.8741     | 0.3701     | 1.2608       | 1.2432       | 0.9885     | 0.5026       | 0.8322   | 0.5037  , 0.4963   |           
256    | 2.8299     | 0.3608     | 1.2329       | 1.2363       | 0.9833     | 0.4857       | 0.8469   | 0.4890  , 0.5110   |           
257    | 2.8221     | 0.3276     | 1.2500       | 1.2445       | 0.9854     | 0.4978       | 0.8018   | 0.5022  , 0.4978   |           
258    | 2.9061     | 0.3834     | 1.2650       | 1.2577       | 0.9875     | 0.4749       | 0.8256   | 0.5006  , 0.4994   |           
259    | 2.8511     | 0.3574     | 1.2451       | 1.2486       | 0.9875     | 0.4602       | 0.7618   | 0.4817  , 0.5183   |           
260    | 2.8594     | 0.3755     | 1.2481       | 1.2358       | 0.9833     | 0.4903       | 0.8132   | 0.5009  , 0.4991   |           
261    | 2.8430     | 0.3380     | 1.2666       | 1.2384       | 0.9750     | 0.4734       | 0.7654   | 0.5009  , 0.4991   |           
262    | 2.8493     | 0.3577     | 1.2463       | 1.2452       | 0.9917     | 0.4499       | 0.7842   | 0.5027  , 0.4973   |           
263    | 2.8530     | 0.3647     | 1.2438       | 1.2445       | 0.9792     | 0.4355       | 0.7901   | 0.4905  , 0.5095   |           
264    | 2.8350     | 0.3418     | 1.2582       | 1.2350       | 0.9854     | 0.4204       | 0.8294   | 0.4889  , 0.5111   |           
265    | 2.8523     | 0.3524     | 1.2497       | 1.2502       | 0.9865     | 0.4393       | 0.8264   | 0.5097  , 0.4903   |           
266    | 2.8656     | 0.3531     | 1.2604       | 1.2521       | 0.9844     | 0.4389       | 0.7954   | 0.4948  , 0.5052   |           
267    | 2.8764     | 0.3787     | 1.2593       | 1.2384       | 0.9865     | 0.4645       | 0.7741   | 0.5153  , 0.4847   |           
268    | 2.7934     | 0.3083     | 1.2367       | 1.2484       | 0.9875     | 0.4647       | 0.8032   | 0.5135  , 0.4865   |           
269    | 2.8186     | 0.3454     | 1.2438       | 1.2294       | 0.9875     | 0.4504       | 0.7693   | 0.5034  , 0.4966   |           
270    | 2.8170     | 0.3185     | 1.2482       | 1.2502       | 0.9875     | 0.4374       | 0.7950   | 0.4961  , 0.5039   |           
271    | 2.7938     | 0.3164     | 1.2429       | 1.2345       | 0.9885     | 0.4289       | 0.7703   | 0.4875  , 0.5125   |           
272    | 2.8349     | 0.3466     | 1.2471       | 1.2412       | 0.9896     | 0.4303       | 0.7735   | 0.4976  , 0.5024   |           
273    | 2.8324     | 0.3379     | 1.2430       | 1.2515       | 0.9792     | 0.4145       | 0.8085   | 0.5218  , 0.4782   |           
274    | 2.8178     | 0.3358     | 1.2452       | 1.2368       | 0.9833     | 0.4351       | 0.7890   | 0.5201  , 0.4799   |           
275    | 2.8162     | 0.3345     | 1.2473       | 1.2344       | 0.9896     | 0.4361       | 0.7786   | 0.5341  , 0.4659   |           
276    | 2.8088     | 0.3212     | 1.2510       | 1.2366       | 0.9854     | 0.4183       | 0.8023   | 0.5031  , 0.4969   |           
277    | 2.7826     | 0.2982     | 1.2499       | 1.2345       | 0.9906     | 0.3920       | 0.8374   | 0.5203  , 0.4797   | (ADV 0.79)
278    | 2.8996     | 0.3937     | 1.2604       | 1.2455       | 0.9865     | 0.3953       | 0.7675   | 0.5119  , 0.4881   |           
279    | 2.8240     | 0.3358     | 1.2526       | 1.2356       | 0.9865     | 0.4499       | 0.8303   | 0.4885  , 0.5115   |           
280    | 2.8805     | 0.3764     | 1.2604       | 1.2436       | 0.9875     | 0.4674       | 0.8047   | 0.5036  , 0.4964   |           
281    | 2.8683     | 0.3557     | 1.2580       | 1.2545       | 0.9854     | 0.4700       | 0.7992   | 0.4972  , 0.5028   |           
282    | 2.8862     | 0.3589     | 1.2709       | 1.2564       | 0.9844     | 0.4514       | 0.7472   | 0.5061  , 0.4939   |           
283    | 2.8670     | 0.3755     | 1.2381       | 1.2535       | 0.9792     | 0.4386       | 0.7567   | 0.4904  , 0.5096   |           
284    | 2.8311     | 0.3329     | 1.2450       | 1.2532       | 0.9833     | 0.4256       | 0.7174   | 0.4976  , 0.5024   |           
285    | 2.8991     | 0.3750     | 1.2620       | 1.2621       | 0.9885     | 0.4297       | 0.7465   | 0.5285  , 0.4715   |           
286    | 2.8301     | 0.3469     | 1.2380       | 1.2451       | 0.9906     | 0.4674       | 0.7560   | 0.4978  , 0.5022   |           
287    | 2.8530     | 0.3600     | 1.2410       | 1.2520       | 0.9896     | 0.4285       | 0.7421   | 0.5369  , 0.4631   |           
288    | 2.8280     | 0.3346     | 1.2546       | 1.2388       | 0.9885     | 0.4087       | 0.7709   | 0.5029  , 0.4971   |           
289    | 2.8734     | 0.3719     | 1.2524       | 1.2491       | 0.9875     | 0.4003       | 0.7857   | 0.5193  , 0.4807   |           
290    | 2.8311     | 0.3462     | 1.2398       | 1.2450       | 0.9833     | 0.4561       | 0.7641   | 0.5114  , 0.4886   |           
291    | 2.8568     | 0.3497     | 1.2529       | 1.2541       | 0.9865     | 0.3935       | 0.7586   | 0.5169  , 0.4831   |           
292    | 2.7974     | 0.3180     | 1.2470       | 1.2325       | 0.9833     | 0.4054       | 0.8452   | 0.4909  , 0.5091   |           
293    | 2.7929     | 0.3043     | 1.2391       | 1.2495       | 0.9844     | 0.4789       | 0.8470   | 0.5008  , 0.4992   |           
294    | 2.8598     | 0.3507     | 1.2460       | 1.2630       | 0.9812     | 0.4518       | 0.8257   | 0.5198  , 0.4802   |           
295    | 2.8487     | 0.3411     | 1.2550       | 1.2527       | 0.9865     | 0.4241       | 0.7981   | 0.5135  , 0.4865   |           
296    | 2.8287     | 0.3124     | 1.2601       | 1.2562       | 0.9833     | 0.4544       | 0.8186   | 0.5336  , 0.4664   |           
297    | 2.8608     | 0.3451     | 1.2643       | 1.2514       | 0.9885     | 0.4349       | 0.8345   | 0.5075  , 0.4925   |           
298    | 2.8575     | 0.3474     | 1.2414       | 1.2687       | 0.9885     | 0.4128       | 0.7942   | 0.5271  , 0.4729   |           
299    | 2.9118     | 0.4007     | 1.2517       | 1.2594       | 0.9854     | 0.4062       | 0.7830   | 0.5127  , 0.4873   |           
300    | 2.8365     | 0.3543     | 1.2391       | 1.2432       | 0.9885     | 0.4719       | 0.8311   | 0.5246  , 0.4754   |           
301    | 2.8210     | 0.3282     | 1.2497       | 1.2431       | 0.9896     | 0.4119       | 0.8403   | 0.5184  , 0.4816   |           
302    | 2.8303     | 0.3329     | 1.2528       | 1.2446       | 0.9885     | 0.4614       | 0.8027   | 0.5091  , 0.4909   |           
303    | 2.8490     | 0.3376     | 1.2564       | 1.2550       | 0.9917     | 0.3821       | 0.8261   | 0.5461  , 0.4539   | (ADV 0.80)
304    | 2.8409     | 0.3312     | 1.2625       | 1.2472       | 0.9917     | 0.4187       | 0.8026   | 0.5092  , 0.4908   |           
305    | 2.8343     | 0.3329     | 1.2555       | 1.2459       | 0.9844     | 0.4779       | 0.8309   | 0.5266  , 0.4734   |           
306    | 2.8473     | 0.3425     | 1.2557       | 1.2492       | 0.9896     | 0.4116       | 0.8196   | 0.5522  , 0.4478   |           
307    | 2.8657     | 0.3528     | 1.2637       | 1.2493       | 0.9865     | 0.4322       | 0.7535   | 0.5337  , 0.4663   |           
308    | 2.8349     | 0.3278     | 1.2572       | 1.2500       | 0.9833     | 0.4353       | 0.7365   | 0.5164  , 0.4836   |           
309    | 2.8418     | 0.3172     | 1.2757       | 1.2488       | 0.9885     | 0.4409       | 0.7585   | 0.5241  , 0.4759   |           
310    | 2.8353     | 0.3202     | 1.2661       | 1.2490       | 0.9833     | 0.4852       | 0.7892   | 0.5225  , 0.4775   |           
311    | 2.8615     | 0.3558     | 1.2651       | 1.2406       | 0.9885     | 0.4079       | 0.7867   | 0.5361  , 0.4639   |           
312    | 2.8530     | 0.3469     | 1.2677       | 1.2384       | 0.9885     | 0.3705       | 0.7508   | 0.5038  , 0.4962   | (ADV 0.80)
313    | 2.8458     | 0.3195     | 1.2696       | 1.2567       | 0.9885     | 0.4546       | 0.8355   | 0.5126  , 0.4874   |           
314    | 2.8970     | 0.3633     | 1.2753       | 1.2584       | 0.9896     | 0.4768       | 0.7956   | 0.5259  , 0.4741   |           
315    | 2.8598     | 0.3298     | 1.2696       | 1.2604       | 0.9875     | 0.4144       | 0.8104   | 0.5245  , 0.4755   |           
316    | 2.8907     | 0.3638     | 1.2736       | 1.2532       | 0.9875     | 0.4269       | 0.8015   | 0.5293  , 0.4707   |           
317    | 2.8543     | 0.3342     | 1.2680       | 1.2521       | 0.9792     | 0.4434       | 0.8242   | 0.5076  , 0.4924   |           
318    | 2.8953     | 0.3715     | 1.2699       | 1.2539       | 0.9844     | 0.4691       | 0.8326   | 0.5138  , 0.4862   |           
319    | 2.8925     | 0.3633     | 1.2697       | 1.2595       | 0.9771     | 0.4614       | 0.8274   | 0.5383  , 0.4617   |           
320    | 2.9302     | 0.3918     | 1.2817       | 1.2567       | 0.9802     | 0.4658       | 0.7777   | 0.5261  , 0.4739   |           
321    | 2.8458     | 0.3355     | 1.2629       | 1.2475       | 0.9906     | 0.4763       | 0.7110   | 0.5055  , 0.4945   |           
322    | 2.8072     | 0.2979     | 1.2683       | 1.2411       | 0.9917     | 0.4453       | 0.6934   | 0.5076  , 0.4924   |           
323    | 2.8792     | 0.3518     | 1.2697       | 1.2577       | 0.9812     | 0.5016       | 0.7881   | 0.5203  , 0.4797   |           
324    | 2.8806     | 0.3479     | 1.2798       | 1.2529       | 0.9844     | 0.4136       | 0.7194   | 0.4934  , 0.5066   |           
325    | 2.9198     | 0.3706     | 1.2767       | 1.2725       | 0.9854     | 0.4516       | 0.6910   | 0.5121  , 0.4879   |           
326    | 2.8821     | 0.3444     | 1.2813       | 1.2564       | 0.9875     | 0.4613       | 0.7096   | 0.5263  , 0.4737   |           
327    | 2.8764     | 0.3503     | 1.2774       | 1.2487       | 0.9906     | 0.4409       | 0.8016   | 0.4917  , 0.5083   |           
328    | 2.8728     | 0.3501     | 1.2723       | 1.2504       | 0.9885     | 0.4064       | 0.7238   | 0.5102  , 0.4898   |           
329    | 2.9202     | 0.3876     | 1.2761       | 1.2565       | 0.9875     | 0.4485       | 0.7592   | 0.4845  , 0.5155   |           
330    | 2.8956     | 0.3500     | 1.2874       | 1.2583       | 0.9885     | 0.4106       | 0.7473   | 0.4915  , 0.5085   |           
331    | 2.9192     | 0.3717     | 1.2897       | 1.2578       | 0.9906     | 0.4279       | 0.8034   | 0.5055  , 0.4945   |           
332    | 2.8735     | 0.3301     | 1.2836       | 1.2598       | 0.9865     | 0.4258       | 0.7959   | 0.4838  , 0.5162   |           
333    | 2.8717     | 0.3545     | 1.2715       | 1.2457       | 0.9896     | 0.4182       | 0.8097   | 0.4949  , 0.5051   |           
334    | 2.8657     | 0.3405     | 1.2704       | 1.2548       | 0.9896     | 0.4018       | 0.8069   | 0.4934  , 0.5066   |           
335    | 2.8267     | 0.3006     | 1.2732       | 1.2530       | 0.9875     | 0.4646       | 0.8541   | 0.5007  , 0.4993   |           
336    | 2.8810     | 0.3570     | 1.2704       | 1.2536       | 0.9885     | 0.4314       | 0.7962   | 0.4992  , 0.5008   |           
337    | 2.8498     | 0.3362     | 1.2555       | 1.2582       | 0.9854     | 0.4197       | 0.7719   | 0.4999  , 0.5001   |           
338    | 2.8697     | 0.3477     | 1.2663       | 1.2557       | 0.9875     | 0.4367       | 0.7473   | 0.5173  , 0.4827   |           
339    | 2.8422     | 0.3094     | 1.2700       | 1.2628       | 0.9917     | 0.4315       | 0.8249   | 0.5190  , 0.4810   |           
340    | 2.8823     | 0.3453     | 1.2769       | 1.2601       | 0.9906     | 0.3765       | 0.7610   | 0.5148  , 0.4852   |           
341    | 2.8308     | 0.3294     | 1.2615       | 1.2399       | 0.9875     | 0.4150       | 0.8125   | 0.5349  , 0.4651   |           
342    | 2.8225     | 0.3094     | 1.2608       | 1.2523       | 0.9885     | 0.4326       | 0.8132   | 0.5351  , 0.4649   |           
343    | 2.8434     | 0.3093     | 1.2731       | 1.2610       | 0.9875     | 0.4301       | 0.8219   | 0.5234  , 0.4766   |           
344    | 2.8669     | 0.3370     | 1.2646       | 1.2653       | 0.9917     | 0.4406       | 0.7594   | 0.5150  , 0.4850   |           
345    | 2.8426     | 0.3198     | 1.2624       | 1.2605       | 0.9927     | 0.4284       | 0.8011   | 0.5130  , 0.4870   |           
346    | 2.8589     | 0.3228     | 1.2709       | 1.2651       | 0.9927     | 0.4321       | 0.7443   | 0.5109  , 0.4891   |           
347    | 2.8445     | 0.3274     | 1.2603       | 1.2568       | 0.9906     | 0.4390       | 0.8510   | 0.5063  , 0.4937   |           
348    | 2.8868     | 0.3537     | 1.2636       | 1.2695       | 0.9865     | 0.4086       | 0.8367   | 0.4938  , 0.5062   |           
349    | 2.8301     | 0.3092     | 1.2622       | 1.2587       | 0.9885     | 0.3939       | 0.7884   | 0.5184  , 0.4816   |           
350    | 2.8347     | 0.3210     | 1.2531       | 1.2606       | 0.9906     | 0.4315       | 0.8038   | 0.5206  , 0.4794   |           
351    | 2.8301     | 0.3090     | 1.2542       | 1.2669       | 0.9917     | 0.4181       | 0.8495   | 0.4970  , 0.5030   |           
352    | 2.8637     | 0.3232     | 1.2739       | 1.2666       | 0.9906     | 0.4134       | 0.7871   | 0.4971  , 0.5029   |           
353    | 2.8362     | 0.3161     | 1.2626       | 1.2574       | 0.9906     | 0.4368       | 0.8240   | 0.5166  , 0.4834   |           
354    | 2.8684     | 0.3208     | 1.2801       | 1.2675       | 0.9812     | 0.4517       | 0.8186   | 0.5148  , 0.4852   |           
355    | 2.8518     | 0.3303     | 1.2635       | 1.2580       | 0.9865     | 0.4321       | 0.7662   | 0.5202  , 0.4798   |           
356    | 2.8241     | 0.3063     | 1.2499       | 1.2679       | 0.9906     | 0.3677       | 0.7316   | 0.4948  , 0.5052   | (ADV 0.81)
357    | 2.8340     | 0.3217     | 1.2551       | 1.2571       | 0.9896     | 0.4242       | 0.8262   | 0.5195  , 0.4805   |           
358    | 2.8436     | 0.3133     | 1.2749       | 1.2554       | 0.9896     | 0.4222       | 0.8467   | 0.5391  , 0.4609   |           
359    | 2.8209     | 0.3171     | 1.2476       | 1.2561       | 0.9896     | 0.4437       | 0.8006   | 0.5282  , 0.4718   |           
360    | 2.8365     | 0.3210     | 1.2557       | 1.2598       | 0.9844     | 0.4175       | 0.7444   | 0.5132  , 0.4868   |           
361    | 2.9200     | 0.3987     | 1.2565       | 1.2648       | 0.9875     | 0.4488       | 0.7476   | 0.5513  , 0.4487   |           
362    | 2.8517     | 0.3342     | 1.2525       | 1.2650       | 0.9896     | 0.3836       | 0.7453   | 0.5255  , 0.4745   |           
363    | 2.8347     | 0.3200     | 1.2669       | 1.2477       | 0.9875     | 0.4723       | 0.7641   | 0.5094  , 0.4906   |           
364    | 2.9175     | 0.3586     | 1.2836       | 1.2753       | 0.9906     | 0.4051       | 0.7167   | 0.5303  , 0.4697   |           
365    | 2.8745     | 0.3501     | 1.2658       | 1.2586       | 0.9865     | 0.4350       | 0.7962   | 0.5133  , 0.4867   |           
366    | 2.8548     | 0.3265     | 1.2711       | 1.2572       | 0.9906     | 0.4127       | 0.7204   | 0.5166  , 0.4834   |           
367    | 2.8355     | 0.2939     | 1.2826       | 1.2590       | 0.9927     | 0.4032       | 0.7723   | 0.5187  , 0.4813   |           
368    | 2.8597     | 0.3148     | 1.2894       | 1.2554       | 0.9885     | 0.4147       | 0.7676   | 0.5181  , 0.4819   |           
369    | 2.8686     | 0.3143     | 1.2929       | 1.2614       | 0.9906     | 0.4037       | 0.8162   | 0.5156  , 0.4844   |           
370    | 2.8770     | 0.3245     | 1.2856       | 1.2669       | 0.9865     | 0.3933       | 0.7704   | 0.4994  , 0.5006   |           
371    | 2.9135     | 0.3468     | 1.2876       | 1.2792       | 0.9917     | 0.4209       | 0.7984   | 0.5015  , 0.4985   |           
372    | 2.8599     | 0.3159     | 1.2795       | 1.2645       | 0.9896     | 0.4013       | 0.7295   | 0.5214  , 0.4786   |           
373    | 2.8965     | 0.3200     | 1.2995       | 1.2770       | 0.9823     | 0.4038       | 0.8037   | 0.4884  , 0.5116   |           
374    | 2.9035     | 0.3377     | 1.2964       | 1.2694       | 0.9896     | 0.4071       | 0.7622   | 0.5026  , 0.4974   |           
375    | 2.8801     | 0.3243     | 1.2856       | 1.2702       | 0.9885     | 0.3974       | 0.8359   | 0.5120  , 0.4880   |           
376    | 2.9099     | 0.3414     | 1.2944       | 1.2741       | 0.9885     | 0.4078       | 0.7653   | 0.5076  , 0.4924   |           
377    | 2.9096     | 0.3366     | 1.2992       | 1.2737       | 0.9885     | 0.3905       | 0.7955   | 0.5150  , 0.4850   |           
378    | 2.9191     | 0.3418     | 1.2985       | 1.2788       | 0.9938     | 0.4346       | 0.8248   | 0.5283  , 0.4717   |           
379    | 2.8778     | 0.3229     | 1.2882       | 1.2668       | 0.9927     | 0.4068       | 0.8061   | 0.5155  , 0.4845   |           
380    | 2.8946     | 0.3344     | 1.2953       | 1.2650       | 0.9865     | 0.3721       | 0.7921   | 0.5081  , 0.4919   |           
381    | 2.8720     | 0.3096     | 1.2907       | 1.2717       | 0.9854     | 0.3783       | 0.8051   | 0.5238  , 0.4762   |           
382    | 2.8551     | 0.3069     | 1.2754       | 1.2728       | 0.9917     | 0.4089       | 0.7803   | 0.5024  , 0.4976   |           
383    | 2.8729     | 0.3186     | 1.2867       | 1.2676       | 0.9917     | 0.3921       | 0.7964   | 0.5101  , 0.4899   |           
384    | 2.8674     | 0.3139     | 1.2736       | 1.2799       | 0.9885     | 0.3854       | 0.8188   | 0.5185  , 0.4815   |           
385    | 2.8450     | 0.3039     | 1.2731       | 1.2680       | 0.9885     | 0.4003       | 0.8168   | 0.5169  , 0.4831   |           
386    | 2.9364     | 0.3650     | 1.2924       | 1.2791       | 0.9865     | 0.4059       | 0.8037   | 0.5274  , 0.4726   |           
387    | 2.8615     | 0.3281     | 1.2707       | 1.2627       | 0.9833     | 0.4340       | 0.8226   | 0.5092  , 0.4908   |           
388    | 2.8790     | 0.3272     | 1.2762       | 1.2755       | 0.9906     | 0.4116       | 0.7317   | 0.5205  , 0.4795   |           
389    | 2.8649     | 0.3210     | 1.2739       | 1.2700       | 0.9917     | 0.4024       | 0.7535   | 0.5321  , 0.4679   |           
390    | 2.8962     | 0.3386     | 1.2879       | 1.2696       | 0.9875     | 0.3836       | 0.8157   | 0.5120  , 0.4880   |           
391    | 2.8536     | 0.3000     | 1.2827       | 1.2708       | 0.9854     | 0.4209       | 0.7768   | 0.5078  , 0.4922   |           
392    | 2.8823     | 0.3277     | 1.2853       | 1.2693       | 0.9865     | 0.3907       | 0.7757   | 0.5092  , 0.4908   |           
393    | 2.8862     | 0.3234     | 1.2839       | 1.2789       | 0.9906     | 0.4450       | 0.7541   | 0.5238  , 0.4762   |           
394    | 2.8860     | 0.3248     | 1.2892       | 1.2720       | 0.9906     | 0.4054       | 0.7964   | 0.5041  , 0.4959   |           
395    | 2.9008     | 0.3572     | 1.2730       | 1.2707       | 0.9917     | 0.4257       | 0.7728   | 0.5486  , 0.4514   |           
396    | 2.9252     | 0.3623     | 1.2893       | 1.2737       | 0.9917     | 0.4414       | 0.8141   | 0.5052  , 0.4948   |           
397    | 2.8611     | 0.3107     | 1.2824       | 1.2680       | 0.9865     | 0.4916       | 0.9248   | 0.5248  , 0.4752   |           
398    | 2.9170     | 0.3490     | 1.2851       | 1.2828       | 0.9885     | 0.4402       | 0.7780   | 0.4992  , 0.5008   |           
399    | 2.8901     | 0.3245     | 1.2829       | 1.2827       | 0.9885     | 0.4155       | 0.7964   | 0.4867  , 0.5133   |           
400    | 2.8723     | 0.3127     | 1.2839       | 1.2757       | 0.9812     | 0.4329       | 0.7699   | 0.4875  , 0.5125   |           
Seed 42 | Src Acc: 98.7755 | Src MDE: 0.0158 | Tgt Acc: 36.4286 | Tgt MDE: 0.7316
Start Training Seed 6767...

Start CDAN+E Training... (Entropy Conditioning Enabled)
Epoch  | Total Loss | Tr Cls     | Tr Dom RSSI  | Tr Dom RTT   | Val T Acc  | Val T Entropy | Test MDE | Test Target Weights
--------------------------------------------------------------------------------------------------------------------------------------------
1      | 6.6291     | 3.8642     | 1.3848       | 1.3800       | 0.4615     | 3.7382       | 1.4522   | 0.6102  , 0.3898   |           
2      | 5.8630     | 3.1737     | 1.3482       | 1.3411       | 0.7469     | 3.6185       | 1.1124   | 0.5897  , 0.4103   |           
3      | 5.3275     | 2.7132     | 1.3149       | 1.2994       | 0.8583     | 3.4479       | 1.0731   | 0.5609  , 0.4391   |           
4      | 4.9189     | 2.3905     | 1.2707       | 1.2577       | 0.8781     | 3.2697       | 1.0510   | 0.5573  , 0.4427   |           
5      | 4.4992     | 2.0647     | 1.2259       | 1.2086       | 0.9271     | 3.1216       | 1.0858   | 0.5373  , 0.4627   |           
6      | 4.2033     | 1.8438     | 1.1875       | 1.1720       | 0.9573     | 2.9378       | 1.0270   | 0.5468  , 0.4532   |           
7      | 3.8964     | 1.6302     | 1.1380       | 1.1282       | 0.9698     | 2.8073       | 0.9562   | 0.5295  , 0.4705   |           
8      | 3.7031     | 1.4906     | 1.1015       | 1.1111       | 0.9708     | 2.6224       | 0.9650   | 0.5175  , 0.4825   |           
9      | 3.5030     | 1.3518     | 1.0736       | 1.0777       | 0.9750     | 2.4695       | 0.9593   | 0.5134  , 0.4866   |           
10     | 3.3192     | 1.2394     | 1.0331       | 1.0467       | 0.9719     | 2.3534       | 0.9159   | 0.5068  , 0.4932   |           
11     | 3.1843     | 1.1481     | 0.9985       | 1.0376       | 0.9771     | 2.1955       | 0.8893   | 0.5052  , 0.4948   | (ADV -0.12)
12     | 3.0867     | 1.0815     | 0.9942       | 1.0110       | 0.9740     | 2.1191       | 0.9245   | 0.4924  , 0.5076   | (ADV -0.09)
13     | 2.9327     | 0.9845     | 0.9770       | 0.9712       | 0.9812     | 2.0186       | 0.9494   | 0.5037  , 0.4963   | (ADV -0.03)
14     | 2.8910     | 0.9350     | 0.9681       | 0.9879       | 0.9792     | 1.9551       | 0.9000   | 0.4862  , 0.5138   | (ADV 0.00)
15     | 2.8207     | 0.8859     | 0.9732       | 0.9615       | 0.9771     | 1.8718       | 0.9158   | 0.4979  , 0.5021   | (ADV 0.04)
16     | 2.8161     | 0.8733     | 0.9849       | 0.9578       | 0.9792     | 1.7871       | 0.9207   | 0.4981  , 0.5019   | (ADV 0.09)
17     | 2.7907     | 0.8490     | 0.9857       | 0.9560       | 0.9792     | 1.7223       | 1.0148   | 0.5157  , 0.4843   | (ADV 0.12)
18     | 2.6787     | 0.7532     | 0.9780       | 0.9475       | 0.9844     | 1.6439       | 0.9239   | 0.4852  , 0.5148   | (ADV 0.16)
19     | 2.6883     | 0.7504     | 0.9827       | 0.9552       | 0.9792     | 1.5790       | 0.9016   | 0.4818  , 0.5182   | (ADV 0.19)
20     | 2.6995     | 0.7379     | 0.9947       | 0.9668       | 0.9781     | 1.5772       | 0.9877   | 0.4903  , 0.5097   |           
21     | 2.6357     | 0.6701     | 1.0077       | 0.9579       | 0.9802     | 1.4564       | 0.9728   | 0.4888  , 0.5112   | (ADV 0.25)
22     | 2.6069     | 0.6636     | 1.0046       | 0.9387       | 0.9823     | 1.4164       | 0.9372   | 0.4850  , 0.5150   | (ADV 0.27)
23     | 2.6445     | 0.6841     | 0.9973       | 0.9631       | 0.9833     | 1.3839       | 0.9471   | 0.4854  , 0.5146   | (ADV 0.29)
24     | 2.6424     | 0.6656     | 1.0029       | 0.9738       | 0.9823     | 1.3360       | 0.8851   | 0.4868  , 0.5132   | (ADV 0.31)
25     | 2.5738     | 0.6276     | 1.0010       | 0.9452       | 0.9833     | 1.3471       | 0.9973   | 0.4722  , 0.5278   |           
26     | 2.5450     | 0.5855     | 1.0018       | 0.9577       | 0.9823     | 1.2944       | 0.9276   | 0.4838  , 0.5162   | (ADV 0.34)
27     | 2.5795     | 0.6073     | 1.0024       | 0.9698       | 0.9854     | 1.2680       | 0.9169   | 0.4889  , 0.5111   | (ADV 0.35)
28     | 2.5806     | 0.6021     | 1.0060       | 0.9724       | 0.9833     | 1.2433       | 0.9170   | 0.4712  , 0.5288   | (ADV 0.36)
29     | 2.5455     | 0.5908     | 0.9798       | 0.9749       | 0.9854     | 1.1961       | 0.9091   | 0.4668  , 0.5332   | (ADV 0.39)
30     | 2.5049     | 0.5636     | 0.9759       | 0.9654       | 0.9865     | 1.2136       | 0.9108   | 0.4763  , 0.5237   |           
31     | 2.4945     | 0.5485     | 0.9608       | 0.9852       | 0.9833     | 1.1724       | 0.9517   | 0.4827  , 0.5173   | (ADV 0.40)
32     | 2.4343     | 0.4977     | 0.9640       | 0.9726       | 0.9844     | 1.1711       | 0.9561   | 0.4665  , 0.5335   | (ADV 0.40)
33     | 2.4882     | 0.5191     | 0.9878       | 0.9814       | 0.9865     | 1.1375       | 0.9827   | 0.4661  , 0.5339   | (ADV 0.42)
34     | 2.4426     | 0.5093     | 0.9550       | 0.9783       | 0.9906     | 1.0995       | 0.8342   | 0.4582  , 0.5418   | (ADV 0.44)
35     | 2.4124     | 0.4909     | 0.9420       | 0.9795       | 0.9865     | 1.1027       | 0.9169   | 0.4544  , 0.5456   |           
36     | 2.4918     | 0.5172     | 0.9666       | 1.0080       | 0.9812     | 1.0415       | 0.9084   | 0.4535  , 0.5465   | (ADV 0.46)
37     | 2.3896     | 0.4732     | 0.9460       | 0.9705       | 0.9865     | 1.0689       | 1.0198   | 0.4823  , 0.5177   |           
38     | 2.4073     | 0.4983     | 0.9280       | 0.9811       | 0.9833     | 1.0035       | 0.9362   | 0.4768  , 0.5232   | (ADV 0.48)
39     | 2.3580     | 0.4607     | 0.9271       | 0.9702       | 0.9833     | 1.0508       | 0.9333   | 0.4690  , 0.5310   |           
40     | 2.3170     | 0.4387     | 0.9152       | 0.9632       | 0.9885     | 1.0227       | 0.9949   | 0.4737  , 0.5263   |           
41     | 2.4157     | 0.4845     | 0.9503       | 0.9809       | 0.9854     | 1.0486       | 1.0094   | 0.4836  , 0.5164   |           
42     | 2.3402     | 0.4422     | 0.9385       | 0.9594       | 0.9885     | 0.9854       | 0.9551   | 0.4729  , 0.5271   | (ADV 0.50)
43     | 2.3570     | 0.4442     | 0.9445       | 0.9682       | 0.9917     | 0.9820       | 0.8972   | 0.4512  , 0.5488   | (ADV 0.50)
44     | 2.3315     | 0.4286     | 0.9276       | 0.9753       | 0.9844     | 0.9701       | 0.8862   | 0.4359  , 0.5641   |           
45     | 2.3601     | 0.4502     | 0.9378       | 0.9721       | 0.9875     | 0.9304       | 0.8898   | 0.4577  , 0.5423   | (ADV 0.52)
46     | 2.3510     | 0.4434     | 0.9415       | 0.9662       | 0.9906     | 0.9359       | 0.9052   | 0.4638  , 0.5362   | (ADV 0.52)
47     | 2.3650     | 0.4452     | 0.9329       | 0.9869       | 0.9865     | 0.9375       | 0.9171   | 0.4595  , 0.5405   |           
48     | 2.3456     | 0.4270     | 0.9421       | 0.9764       | 0.9865     | 0.9165       | 0.8637   | 0.4642  , 0.5358   | (ADV 0.53)
49     | 2.4573     | 0.4704     | 0.9699       | 1.0171       | 0.9896     | 0.8981       | 0.8725   | 0.4517  , 0.5483   | (ADV 0.54)
50     | 2.3964     | 0.4315     | 0.9478       | 1.0171       | 0.9896     | 0.8791       | 0.8687   | 0.4646  , 0.5354   | (ADV 0.55)
51     | 2.3620     | 0.4217     | 0.9471       | 0.9932       | 0.9875     | 0.8951       | 0.8620   | 0.4530  , 0.5470   |           
52     | 2.4097     | 0.4292     | 0.9758       | 1.0047       | 0.9812     | 0.8584       | 0.9091   | 0.4465  , 0.5535   | (ADV 0.55)
53     | 2.4764     | 0.4603     | 1.0071       | 1.0090       | 0.9896     | 0.8623       | 0.8893   | 0.4618  , 0.5382   | (ADV 0.56)
54     | 2.4400     | 0.4308     | 1.0097       | 0.9995       | 0.9885     | 0.8521       | 0.8807   | 0.4672  , 0.5328   | (ADV 0.56)
55     | 2.4833     | 0.4496     | 1.0124       | 1.0213       | 0.9896     | 0.8467       | 0.9271   | 0.4640  , 0.5360   | (ADV 0.57)
56     | 2.4978     | 0.4531     | 1.0295       | 1.0152       | 0.9875     | 0.8419       | 0.8868   | 0.4624  , 0.5376   | (ADV 0.57)
57     | 2.4728     | 0.4294     | 1.0205       | 1.0229       | 0.9854     | 0.8201       | 0.9304   | 0.4493  , 0.5507   | (ADV 0.58)
58     | 2.4860     | 0.4431     | 1.0182       | 1.0246       | 0.9854     | 0.8531       | 0.8945   | 0.4718  , 0.5282   |           
59     | 2.4268     | 0.4158     | 1.0004       | 1.0107       | 0.9875     | 0.8184       | 0.8919   | 0.4546  , 0.5454   | (ADV 0.58)
60     | 2.4615     | 0.4315     | 1.0100       | 1.0200       | 0.9885     | 0.8297       | 0.8690   | 0.4760  , 0.5240   |           
61     | 2.4045     | 0.3910     | 1.0190       | 0.9945       | 0.9885     | 0.8124       | 0.8301   | 0.4645  , 0.5355   | (ADV 0.58)
62     | 2.4791     | 0.4167     | 1.0433       | 1.0191       | 0.9896     | 0.8016       | 0.9081   | 0.4489  , 0.5511   | (ADV 0.59)
63     | 2.4490     | 0.3972     | 1.0340       | 1.0178       | 0.9885     | 0.7914       | 0.8391   | 0.4357  , 0.5643   | (ADV 0.59)
64     | 2.5460     | 0.4499     | 1.0689       | 1.0273       | 0.9906     | 0.7977       | 0.8262   | 0.4482  , 0.5518   |           
65     | 2.4215     | 0.3963     | 1.0345       | 0.9906       | 0.9896     | 0.7922       | 0.8542   | 0.4626  , 0.5374   | (ADV 0.59)
66     | 2.4775     | 0.4232     | 1.0346       | 1.0198       | 0.9896     | 0.7600       | 0.7826   | 0.4408  , 0.5592   | (ADV 0.61)
67     | 2.5191     | 0.4216     | 1.0546       | 1.0429       | 0.9885     | 0.7646       | 0.8197   | 0.4279  , 0.5721   |           
68     | 2.4654     | 0.4012     | 1.0277       | 1.0366       | 0.9875     | 0.7816       | 0.9227   | 0.4398  , 0.5602   |           
69     | 2.5770     | 0.4746     | 1.0505       | 1.0519       | 0.9844     | 0.7963       | 0.8789   | 0.4335  , 0.5665   |           
70     | 2.5165     | 0.4132     | 1.0452       | 1.0582       | 0.9885     | 0.7717       | 0.9504   | 0.4518  , 0.5482   |           
71     | 2.4918     | 0.3901     | 1.0321       | 1.0695       | 0.9896     | 0.7921       | 0.9330   | 0.4494  , 0.5506   |           
72     | 2.5758     | 0.4418     | 1.0553       | 1.0787       | 0.9812     | 0.8164       | 0.8451   | 0.4690  , 0.5310   |           
73     | 2.5136     | 0.4163     | 1.0411       | 1.0561       | 0.9885     | 0.7519       | 0.8752   | 0.4504  , 0.5496   | (ADV 0.61)
74     | 2.5597     | 0.4253     | 1.0566       | 1.0778       | 0.9906     | 0.7461       | 0.8201   | 0.4597  , 0.5403   | (ADV 0.62)
75     | 2.5208     | 0.4254     | 1.0306       | 1.0648       | 0.9896     | 0.7491       | 0.8488   | 0.4503  , 0.5497   |           
76     | 2.5390     | 0.4137     | 1.0531       | 1.0723       | 0.9917     | 0.7801       | 0.8595   | 0.4618  , 0.5382   |           
77     | 2.5563     | 0.4195     | 1.0639       | 1.0730       | 0.9917     | 0.7664       | 0.8813   | 0.4654  , 0.5346   |           
78     | 2.5438     | 0.4085     | 1.0565       | 1.0788       | 0.9896     | 0.7503       | 0.8266   | 0.4556  , 0.5444   |           
79     | 2.5863     | 0.4124     | 1.0790       | 1.0949       | 0.9854     | 0.7603       | 0.8729   | 0.4534  , 0.5466   |           
80     | 2.6284     | 0.4290     | 1.0926       | 1.1068       | 0.9865     | 0.7421       | 0.8205   | 0.4546  , 0.5454   |           
81     | 2.5692     | 0.4109     | 1.0653       | 1.0931       | 0.9906     | 0.7182       | 0.8490   | 0.4537  , 0.5463   | (ADV 0.63)
82     | 2.6852     | 0.4583     | 1.1133       | 1.1135       | 0.9844     | 0.7768       | 0.9080   | 0.4613  , 0.5387   |           
83     | 2.6064     | 0.4152     | 1.0921       | 1.0991       | 0.9906     | 0.7134       | 0.8159   | 0.4647  , 0.5353   | (ADV 0.63)
84     | 2.5897     | 0.4038     | 1.0861       | 1.0998       | 0.9854     | 0.7811       | 0.8239   | 0.4881  , 0.5119   |           
85     | 2.6485     | 0.4286     | 1.1001       | 1.1198       | 0.9792     | 0.7738       | 0.8280   | 0.4549  , 0.5451   |           
86     | 2.6651     | 0.4452     | 1.1023       | 1.1176       | 0.9917     | 0.7246       | 0.8016   | 0.4816  , 0.5184   |           
87     | 2.5864     | 0.3877     | 1.0957       | 1.1030       | 0.9833     | 0.7347       | 0.7673   | 0.4775  , 0.5225   |           
88     | 2.6027     | 0.3923     | 1.0952       | 1.1151       | 0.9927     | 0.7028       | 0.8226   | 0.4705  , 0.5295   | (ADV 0.64)
89     | 2.6861     | 0.4465     | 1.1115       | 1.1280       | 0.9896     | 0.6985       | 0.8425   | 0.4759  , 0.5241   |           
90     | 2.6786     | 0.4274     | 1.1285       | 1.1227       | 0.9885     | 0.6806       | 0.8753   | 0.4567  , 0.5433   | (ADV 0.65)
91     | 2.6650     | 0.4365     | 1.0994       | 1.1292       | 0.9906     | 0.7142       | 0.8163   | 0.4642  , 0.5358   |           
92     | 2.6301     | 0.4031     | 1.1017       | 1.1253       | 0.9885     | 0.6781       | 0.8110   | 0.4727  , 0.5273   | (ADV 0.65)
93     | 2.6749     | 0.4330     | 1.1089       | 1.1330       | 0.9875     | 0.6680       | 0.8112   | 0.4822  , 0.5178   | (ADV 0.65)
94     | 2.6397     | 0.4052     | 1.1115       | 1.1229       | 0.9906     | 0.6749       | 0.8295   | 0.4724  , 0.5276   |           
95     | 2.6618     | 0.3930     | 1.1341       | 1.1347       | 0.9865     | 0.6552       | 0.8312   | 0.4820  , 0.5180   | (ADV 0.66)
96     | 2.7048     | 0.4118     | 1.1366       | 1.1564       | 0.9833     | 0.6466       | 0.8789   | 0.4764  , 0.5236   | (ADV 0.66)
97     | 2.7632     | 0.4558     | 1.1439       | 1.1635       | 0.9896     | 0.6643       | 0.8563   | 0.4723  , 0.5277   |           
98     | 2.6864     | 0.4270     | 1.1221       | 1.1373       | 0.9885     | 0.6876       | 0.8525   | 0.4779  , 0.5221   |           
99     | 2.7144     | 0.4330     | 1.1292       | 1.1522       | 0.9896     | 0.6164       | 0.7944   | 0.4571  , 0.5429   | (ADV 0.68)
100    | 2.6663     | 0.4042     | 1.1159       | 1.1462       | 0.9844     | 0.6148       | 0.7664   | 0.4781  , 0.5219   |           
101    | 2.6786     | 0.4229     | 1.1070       | 1.1487       | 0.9917     | 0.6741       | 0.8066   | 0.4696  , 0.5304   |           
102    | 2.6724     | 0.4081     | 1.1171       | 1.1472       | 0.9875     | 0.6506       | 0.7811   | 0.4596  , 0.5404   |           
103    | 2.6244     | 0.3791     | 1.0970       | 1.1483       | 0.9917     | 0.6621       | 0.8417   | 0.4554  , 0.5446   |           
104    | 2.7245     | 0.4252     | 1.1445       | 1.1548       | 0.9906     | 0.6712       | 0.8077   | 0.4753  , 0.5247   |           
105    | 2.6952     | 0.4192     | 1.1176       | 1.1583       | 0.9875     | 0.6637       | 0.8929   | 0.4725  , 0.5275   |           
106    | 2.7274     | 0.4257     | 1.1338       | 1.1678       | 0.9885     | 0.6404       | 0.8336   | 0.4589  , 0.5411   |           
107    | 2.7477     | 0.4209     | 1.1437       | 1.1831       | 0.9833     | 0.6311       | 0.8059   | 0.4449  , 0.5551   |           
108    | 2.7313     | 0.4198     | 1.1407       | 1.1708       | 0.9854     | 0.6441       | 0.8099   | 0.4633  , 0.5367   |           
109    | 2.6865     | 0.4135     | 1.1159       | 1.1570       | 0.9854     | 0.6061       | 0.7784   | 0.4828  , 0.5172   | (ADV 0.68)
110    | 2.6940     | 0.4126     | 1.1251       | 1.1563       | 0.9885     | 0.6209       | 0.8246   | 0.4647  , 0.5353   |           
111    | 2.6938     | 0.3936     | 1.1287       | 1.1715       | 0.9823     | 0.6273       | 0.7828   | 0.4882  , 0.5118   |           
112    | 2.7049     | 0.3977     | 1.1433       | 1.1640       | 0.9885     | 0.6248       | 0.6878   | 0.4762  , 0.5238   |           
113    | 2.7528     | 0.4090     | 1.1626       | 1.1812       | 0.9885     | 0.6304       | 0.6943   | 0.4439  , 0.5561   |           
114    | 2.7224     | 0.4110     | 1.1388       | 1.1726       | 0.9865     | 0.5854       | 0.6995   | 0.4576  , 0.5424   | (ADV 0.69)
115    | 2.7327     | 0.3923     | 1.1528       | 1.1876       | 0.9854     | 0.6209       | 0.7597   | 0.4591  , 0.5409   |           
116    | 2.7890     | 0.4539     | 1.1498       | 1.1852       | 0.9802     | 0.6301       | 0.8339   | 0.4645  , 0.5355   |           
117    | 2.6681     | 0.3708     | 1.1237       | 1.1736       | 0.9865     | 0.5977       | 0.8127   | 0.4478  , 0.5522   |           
118    | 2.7810     | 0.4370     | 1.1573       | 1.1866       | 0.9906     | 0.6234       | 0.7939   | 0.4470  , 0.5530   |           
119    | 2.6824     | 0.3704     | 1.1318       | 1.1802       | 0.9854     | 0.6213       | 0.8067   | 0.4583  , 0.5417   |           
120    | 2.7422     | 0.3920     | 1.1595       | 1.1907       | 0.9875     | 0.5776       | 0.8152   | 0.4516  , 0.5484   | (ADV 0.70)
121    | 2.7315     | 0.3854     | 1.1642       | 1.1819       | 0.9875     | 0.6243       | 0.8201   | 0.4846  , 0.5154   |           
122    | 2.7062     | 0.3889     | 1.1417       | 1.1757       | 0.9865     | 0.6365       | 0.8127   | 0.4537  , 0.5463   |           
123    | 2.7653     | 0.4140     | 1.1671       | 1.1843       | 0.9875     | 0.6107       | 0.8901   | 0.4584  , 0.5416   |           
124    | 2.7294     | 0.4134     | 1.1515       | 1.1646       | 0.9896     | 0.6126       | 0.7558   | 0.4413  , 0.5587   |           
125    | 2.7137     | 0.3774     | 1.1433       | 1.1931       | 0.9875     | 0.6379       | 0.8558   | 0.4581  , 0.5419   |           
126    | 2.7728     | 0.4163     | 1.1726       | 1.1840       | 0.9885     | 0.5657       | 0.8236   | 0.4748  , 0.5252   | (ADV 0.71)
127    | 2.7571     | 0.4108     | 1.1621       | 1.1842       | 0.9896     | 0.6097       | 0.8241   | 0.4732  , 0.5268   |           
128    | 2.7672     | 0.4203     | 1.1797       | 1.1672       | 0.9865     | 0.6259       | 0.8245   | 0.4784  , 0.5216   |           
129    | 2.7795     | 0.4174     | 1.1775       | 1.1846       | 0.9854     | 0.6216       | 0.8928   | 0.4758  , 0.5242   |           
130    | 2.7184     | 0.3839     | 1.1700       | 1.1645       | 0.9875     | 0.5884       | 0.8090   | 0.4727  , 0.5273   |           
131    | 2.7120     | 0.3850     | 1.1659       | 1.1611       | 0.9865     | 0.6454       | 0.8541   | 0.4837  , 0.5163   |           
132    | 2.7327     | 0.3805     | 1.1692       | 1.1830       | 0.9865     | 0.6275       | 0.8002   | 0.4892  , 0.5108   |           
133    | 2.7605     | 0.3892     | 1.1865       | 1.1849       | 0.9865     | 0.5904       | 0.8480   | 0.4861  , 0.5139   |           
134    | 2.7866     | 0.4289     | 1.1689       | 1.1888       | 0.9854     | 0.6308       | 0.8398   | 0.4793  , 0.5207   |           
135    | 2.8076     | 0.4293     | 1.1819       | 1.1963       | 0.9875     | 0.5537       | 0.7520   | 0.4797  , 0.5203   | (ADV 0.71)
136    | 2.7217     | 0.3736     | 1.1760       | 1.1721       | 0.9865     | 0.5803       | 0.8892   | 0.4947  , 0.5053   |           
137    | 2.8127     | 0.4102     | 1.1939       | 1.2086       | 0.9865     | 0.5751       | 0.8528   | 0.4959  , 0.5041   |           
138    | 2.7691     | 0.3942     | 1.1789       | 1.1960       | 0.9812     | 0.6173       | 0.8254   | 0.4855  , 0.5145   |           
139    | 2.7831     | 0.3951     | 1.1818       | 1.2061       | 0.9865     | 0.5535       | 0.8442   | 0.5071  , 0.4929   |           
140    | 2.7493     | 0.3892     | 1.1781       | 1.1820       | 0.9885     | 0.5738       | 0.8456   | 0.5185  , 0.4815   |           
141    | 2.7372     | 0.3725     | 1.1854       | 1.1793       | 0.9865     | 0.6353       | 0.7742   | 0.4856  , 0.5144   |           
142    | 2.7432     | 0.3841     | 1.1654       | 1.1937       | 0.9865     | 0.5719       | 0.7602   | 0.4757  , 0.5243   |           
143    | 2.8078     | 0.4142     | 1.1820       | 1.2116       | 0.9854     | 0.5798       | 0.8133   | 0.4732  , 0.5268   |           
144    | 2.7970     | 0.4141     | 1.1809       | 1.2020       | 0.9833     | 0.5769       | 0.7559   | 0.4727  , 0.5273   |           
145    | 2.8030     | 0.4131     | 1.1846       | 1.2053       | 0.9885     | 0.6094       | 0.8004   | 0.4828  , 0.5172   |           
146    | 2.8092     | 0.4099     | 1.1875       | 1.2118       | 0.9854     | 0.6180       | 0.7727   | 0.4694  , 0.5306   |           
147    | 2.8268     | 0.4216     | 1.1898       | 1.2154       | 0.9896     | 0.6129       | 0.8716   | 0.4951  , 0.5049   |           
148    | 2.7988     | 0.3947     | 1.1998       | 1.2043       | 0.9823     | 0.5699       | 0.8291   | 0.4867  , 0.5133   |           
149    | 2.7500     | 0.3669     | 1.1895       | 1.1936       | 0.9760     | 0.5801       | 0.8627   | 0.4828  , 0.5172   |           
150    | 2.8225     | 0.4163     | 1.2016       | 1.2046       | 0.9823     | 0.5697       | 0.8052   | 0.4716  , 0.5284   |           
151    | 2.8396     | 0.4188     | 1.2035       | 1.2174       | 0.9865     | 0.5713       | 0.7716   | 0.4874  , 0.5126   |           
152    | 2.7735     | 0.3772     | 1.1789       | 1.2174       | 0.9854     | 0.5262       | 0.8072   | 0.4820  , 0.5180   | (ADV 0.72)
153    | 2.8580     | 0.4365     | 1.2013       | 1.2202       | 0.9854     | 0.5416       | 0.7666   | 0.4628  , 0.5372   |           
154    | 2.7968     | 0.3920     | 1.1955       | 1.2093       | 0.9885     | 0.5929       | 0.7689   | 0.4837  , 0.5163   |           
155    | 2.7950     | 0.3822     | 1.1964       | 1.2164       | 0.9833     | 0.5500       | 0.8341   | 0.4759  , 0.5241   |           
156    | 2.8201     | 0.4042     | 1.2097       | 1.2061       | 0.9885     | 0.5860       | 0.8181   | 0.4739  , 0.5261   |           
157    | 2.7765     | 0.3686     | 1.2026       | 1.2052       | 0.9896     | 0.6230       | 0.8067   | 0.4870  , 0.5130   |           
158    | 2.8226     | 0.4053     | 1.2045       | 1.2127       | 0.9812     | 0.6169       | 0.7925   | 0.4824  , 0.5176   |           
159    | 2.8095     | 0.3979     | 1.2024       | 1.2093       | 0.9854     | 0.5415       | 0.8179   | 0.5003  , 0.4997   |           
160    | 2.7834     | 0.3811     | 1.1959       | 1.2064       | 0.9865     | 0.5767       | 0.7816   | 0.4676  , 0.5324   |           
161    | 2.8393     | 0.4337     | 1.1907       | 1.2150       | 0.9885     | 0.5428       | 0.7873   | 0.4684  , 0.5316   |           
162    | 2.8162     | 0.4066     | 1.2000       | 1.2096       | 0.9896     | 0.5385       | 0.7641   | 0.4880  , 0.5120   |           
163    | 2.7937     | 0.3810     | 1.2090       | 1.2037       | 0.9896     | 0.5492       | 0.7431   | 0.4826  , 0.5174   |           
164    | 2.8006     | 0.3919     | 1.1962       | 1.2126       | 0.9875     | 0.5282       | 0.7567   | 0.4662  , 0.5338   | (ADV 0.72)
165    | 2.7767     | 0.3515     | 1.2028       | 1.2224       | 0.9854     | 0.5646       | 0.8152   | 0.4826  , 0.5174   |           
166    | 2.7802     | 0.3684     | 1.1967       | 1.2151       | 0.9885     | 0.5490       | 0.7986   | 0.4975  , 0.5025   |           
167    | 2.8874     | 0.4432     | 1.2119       | 1.2323       | 0.9875     | 0.5532       | 0.7925   | 0.4914  , 0.5086   |           
168    | 2.8403     | 0.4181     | 1.2141       | 1.2081       | 0.9865     | 0.5985       | 0.7993   | 0.4604  , 0.5396   |           
169    | 2.8234     | 0.3937     | 1.2079       | 1.2219       | 0.9729     | 0.5415       | 0.7557   | 0.4219  , 0.5781   |           
170    | 2.8181     | 0.4072     | 1.2045       | 1.2064       | 0.9823     | 0.6188       | 0.7958   | 0.4854  , 0.5146   |           
171    | 2.7789     | 0.3611     | 1.1963       | 1.2215       | 0.9823     | 0.6109       | 0.9159   | 0.5188  , 0.4812   |           
172    | 2.8153     | 0.3773     | 1.2214       | 1.2166       | 0.9875     | 0.5549       | 0.8859   | 0.5101  , 0.4899   |           
173    | 2.8132     | 0.4008     | 1.2055       | 1.2069       | 0.9875     | 0.5723       | 0.7952   | 0.4846  , 0.5154   |           
174    | 2.8004     | 0.3819     | 1.1978       | 1.2207       | 0.9875     | 0.5854       | 0.7678   | 0.4588  , 0.5412   |           
175    | 2.8550     | 0.4053     | 1.2225       | 1.2272       | 0.9896     | 0.5528       | 0.7785   | 0.4727  , 0.5273   |           
176    | 2.7815     | 0.3473     | 1.2156       | 1.2186       | 0.9875     | 0.5728       | 0.9147   | 0.4970  , 0.5030   |           
177    | 2.8001     | 0.3594     | 1.2247       | 1.2161       | 0.9885     | 0.5453       | 0.8039   | 0.4745  , 0.5255   |           
178    | 2.8400     | 0.4023     | 1.2228       | 1.2149       | 0.9781     | 0.5759       | 0.8440   | 0.4880  , 0.5120   |           
179    | 2.8210     | 0.3883     | 1.2100       | 1.2227       | 0.9844     | 0.5155       | 0.7328   | 0.4591  , 0.5409   | (ADV 0.73)
180    | 2.8397     | 0.3890     | 1.2276       | 1.2231       | 0.9823     | 0.5235       | 0.8908   | 0.4697  , 0.5303   |           
181    | 2.8180     | 0.4030     | 1.2006       | 1.2143       | 0.9875     | 0.5468       | 0.7269   | 0.4840  , 0.5160   |           
182    | 2.8420     | 0.4054     | 1.2112       | 1.2254       | 0.9875     | 0.5329       | 0.7801   | 0.4744  , 0.5256   |           
183    | 2.8006     | 0.3807     | 1.2006       | 1.2193       | 0.9865     | 0.5371       | 0.7878   | 0.4815  , 0.5185   |           
184    | 2.8036     | 0.3596     | 1.2203       | 1.2237       | 0.9854     | 0.5536       | 0.8442   | 0.4668  , 0.5332   |           
185    | 2.8296     | 0.3822     | 1.2251       | 1.2224       | 0.9865     | 0.5900       | 0.7481   | 0.4841  , 0.5159   |           
186    | 2.8151     | 0.3642     | 1.2185       | 1.2324       | 0.9875     | 0.5396       | 0.8137   | 0.4653  , 0.5347   |           
187    | 2.8138     | 0.3624     | 1.2134       | 1.2381       | 0.9885     | 0.5649       | 0.8112   | 0.4776  , 0.5224   |           
188    | 2.7908     | 0.3528     | 1.2130       | 1.2250       | 0.9802     | 0.5592       | 0.8405   | 0.4841  , 0.5159   |           
189    | 2.7861     | 0.3642     | 1.2002       | 1.2218       | 0.9865     | 0.5692       | 0.8162   | 0.4766  , 0.5234   |           
190    | 2.8164     | 0.3946     | 1.1967       | 1.2251       | 0.9906     | 0.5566       | 0.8383   | 0.4770  , 0.5230   |           
191    | 2.8309     | 0.3813     | 1.2154       | 1.2342       | 0.9885     | 0.5300       | 0.8484   | 0.4760  , 0.5240   |           
192    | 2.8571     | 0.4034     | 1.2137       | 1.2400       | 0.9865     | 0.5912       | 0.9347   | 0.4858  , 0.5142   |           
193    | 2.8403     | 0.3997     | 1.2115       | 1.2292       | 0.9844     | 0.5175       | 0.9128   | 0.5108  , 0.4892   |           
194    | 2.7962     | 0.3596     | 1.2070       | 1.2297       | 0.9906     | 0.5973       | 0.8543   | 0.5101  , 0.4899   |           
195    | 2.8343     | 0.3850     | 1.2102       | 1.2390       | 0.9854     | 0.5849       | 0.8566   | 0.4876  , 0.5124   |           
196    | 2.8378     | 0.3922     | 1.2147       | 1.2309       | 0.9865     | 0.5449       | 0.8411   | 0.5203  , 0.4797   |           
197    | 2.9037     | 0.4218     | 1.2222       | 1.2597       | 0.9906     | 0.5425       | 0.8706   | 0.5129  , 0.4871   |           
198    | 2.8629     | 0.3942     | 1.2324       | 1.2363       | 0.9896     | 0.5128       | 0.8367   | 0.5071  , 0.4929   | (ADV 0.73)
199    | 2.8643     | 0.3823     | 1.2424       | 1.2396       | 0.9875     | 0.4858       | 0.8774   | 0.4942  , 0.5058   | (ADV 0.74)
200    | 2.8365     | 0.3778     | 1.2389       | 1.2198       | 0.9812     | 0.5364       | 0.8425   | 0.4834  , 0.5166   |           
201    | 2.8449     | 0.3605     | 1.2408       | 1.2436       | 0.9844     | 0.5454       | 0.8135   | 0.4786  , 0.5214   |           
202    | 2.8660     | 0.3863     | 1.2451       | 1.2346       | 0.9823     | 0.5015       | 0.7789   | 0.4826  , 0.5174   |           
203    | 2.8436     | 0.3879     | 1.2295       | 1.2263       | 0.9896     | 0.4817       | 0.7911   | 0.4894  , 0.5106   | (ADV 0.75)
204    | 2.8072     | 0.3659     | 1.2144       | 1.2268       | 0.9875     | 0.5150       | 0.8288   | 0.4933  , 0.5067   |           
205    | 2.8226     | 0.3698     | 1.2310       | 1.2217       | 0.9885     | 0.5375       | 0.8148   | 0.4850  , 0.5150   |           
206    | 2.8858     | 0.4141     | 1.2331       | 1.2386       | 0.9781     | 0.5282       | 0.8432   | 0.4737  , 0.5263   |           
207    | 2.8323     | 0.3790     | 1.2116       | 1.2417       | 0.9875     | 0.5382       | 0.8654   | 0.4942  , 0.5058   |           
208    | 2.8424     | 0.3898     | 1.2194       | 1.2332       | 0.9885     | 0.5245       | 0.8548   | 0.5152  , 0.4848   |           
209    | 2.8249     | 0.3834     | 1.2166       | 1.2250       | 0.9906     | 0.4913       | 0.8633   | 0.5159  , 0.4841   |           
210    | 2.7724     | 0.3302     | 1.2187       | 1.2236       | 0.9875     | 0.5379       | 0.8859   | 0.4842  , 0.5158   |           
211    | 2.8231     | 0.3614     | 1.2417       | 1.2200       | 0.9854     | 0.5376       | 0.8934   | 0.4897  , 0.5103   |           
212    | 2.8444     | 0.3812     | 1.2276       | 1.2356       | 0.9885     | 0.5173       | 0.8638   | 0.4906  , 0.5094   |           
213    | 2.8899     | 0.4235     | 1.2371       | 1.2293       | 0.9896     | 0.5322       | 0.8198   | 0.4956  , 0.5044   |           
214    | 2.8698     | 0.3971     | 1.2326       | 1.2400       | 0.9844     | 0.5259       | 0.8310   | 0.5057  , 0.4943   |           
215    | 2.7999     | 0.3533     | 1.2118       | 1.2347       | 0.9906     | 0.5300       | 0.8414   | 0.4955  , 0.5045   |           
216    | 2.8728     | 0.4112     | 1.2176       | 1.2440       | 0.9896     | 0.5095       | 0.7657   | 0.5051  , 0.4949   |           
217    | 2.8342     | 0.4064     | 1.2081       | 1.2196       | 0.9885     | 0.5296       | 0.8426   | 0.5185  , 0.4815   |           
218    | 2.8481     | 0.3917     | 1.2214       | 1.2349       | 0.9875     | 0.5121       | 0.8116   | 0.4998  , 0.5002   |           
219    | 2.8410     | 0.3951     | 1.2072       | 1.2387       | 0.9854     | 0.5361       | 0.7762   | 0.5123  , 0.4877   |           
220    | 2.8441     | 0.3652     | 1.2353       | 1.2436       | 0.9885     | 0.5134       | 0.8011   | 0.5018  , 0.4982   |           
221    | 2.8593     | 0.3790     | 1.2386       | 1.2417       | 0.9906     | 0.5325       | 0.8026   | 0.4849  , 0.5151   |           
222    | 2.8743     | 0.4015     | 1.2258       | 1.2469       | 0.9875     | 0.4920       | 0.8016   | 0.4957  , 0.5043   |           
223    | 2.8193     | 0.3454     | 1.2131       | 1.2608       | 0.9875     | 0.4986       | 0.7300   | 0.4857  , 0.5143   |           
224    | 2.8515     | 0.3795     | 1.2146       | 1.2574       | 0.9844     | 0.4570       | 0.7872   | 0.5169  , 0.4831   | (ADV 0.76)
225    | 2.7926     | 0.3522     | 1.2092       | 1.2311       | 0.9865     | 0.4579       | 0.7956   | 0.5249  , 0.4751   | (ADV 0.76)
226    | 2.8599     | 0.3800     | 1.2329       | 1.2471       | 0.9812     | 0.4719       | 0.8064   | 0.4819  , 0.5181   |           
227    | 2.8864     | 0.4030     | 1.2307       | 1.2526       | 0.9854     | 0.4566       | 0.7823   | 0.5100  , 0.4900   |           
228    | 2.7957     | 0.3454     | 1.2170       | 1.2333       | 0.9854     | 0.4682       | 0.8269   | 0.5085  , 0.4915   |           
229    | 2.8692     | 0.4068     | 1.2243       | 1.2381       | 0.9854     | 0.5204       | 0.9076   | 0.5364  , 0.4636   |           
230    | 2.8325     | 0.3727     | 1.2219       | 1.2379       | 0.9885     | 0.4928       | 0.9224   | 0.4985  , 0.5015   |           
231    | 2.8543     | 0.3657     | 1.2310       | 1.2576       | 0.9896     | 0.4716       | 0.8899   | 0.5173  , 0.4827   |           
232    | 2.8594     | 0.3829     | 1.2312       | 1.2452       | 0.9885     | 0.4513       | 0.8595   | 0.5160  , 0.4840   | (ADV 0.76)
233    | 2.8698     | 0.3896     | 1.2315       | 1.2486       | 0.9833     | 0.4624       | 0.8963   | 0.5223  , 0.4777   |           
234    | 2.8839     | 0.4151     | 1.2242       | 1.2446       | 0.9854     | 0.4864       | 0.7988   | 0.4959  , 0.5041   |           
235    | 2.8657     | 0.3885     | 1.2387       | 1.2385       | 0.9896     | 0.4650       | 0.9039   | 0.5192  , 0.4808   |           
236    | 2.8336     | 0.3731     | 1.2318       | 1.2287       | 0.9865     | 0.4904       | 0.8782   | 0.5069  , 0.4931   |           
237    | 2.8058     | 0.3518     | 1.2205       | 1.2334       | 0.9854     | 0.4791       | 0.8477   | 0.4929  , 0.5071   |           
238    | 2.8915     | 0.4074     | 1.2325       | 1.2515       | 0.9750     | 0.5048       | 0.8492   | 0.5215  , 0.4785   |           
239    | 2.8047     | 0.3658     | 1.2161       | 1.2228       | 0.9844     | 0.5075       | 0.8509   | 0.5244  , 0.4756   |           
240    | 2.7949     | 0.3439     | 1.2137       | 1.2373       | 0.9729     | 0.5021       | 0.8875   | 0.5066  , 0.4934   |           
241    | 2.8354     | 0.3871     | 1.2356       | 1.2127       | 0.9865     | 0.4728       | 0.8997   | 0.5288  , 0.4712   |           
242    | 2.7673     | 0.3248     | 1.2238       | 1.2187       | 0.9875     | 0.5057       | 0.8673   | 0.5133  , 0.4867   |           
243    | 2.8004     | 0.3568     | 1.2221       | 1.2215       | 0.9917     | 0.5073       | 0.9559   | 0.5094  , 0.4906   |           
244    | 2.8040     | 0.3415     | 1.2294       | 1.2331       | 0.9896     | 0.4885       | 0.9441   | 0.5139  , 0.4861   |           
245    | 2.8052     | 0.3496     | 1.2348       | 1.2208       | 0.9844     | 0.5074       | 0.9444   | 0.5093  , 0.4907   |           
246    | 2.8100     | 0.3549     | 1.2332       | 1.2219       | 0.9854     | 0.5168       | 0.8250   | 0.4962  , 0.5038   |           
247    | 2.8506     | 0.3737     | 1.2419       | 1.2351       | 0.9906     | 0.4644       | 0.7878   | 0.4777  , 0.5223   |           
248    | 2.8083     | 0.3400     | 1.2408       | 1.2274       | 0.9875     | 0.4828       | 0.8245   | 0.5075  , 0.4925   |           
249    | 2.8283     | 0.3585     | 1.2448       | 1.2250       | 0.9854     | 0.5124       | 0.8651   | 0.5010  , 0.4990   |           
250    | 2.8709     | 0.3901     | 1.2446       | 1.2362       | 0.9917     | 0.5037       | 0.8917   | 0.5080  , 0.4920   |           
251    | 2.8777     | 0.4171     | 1.2317       | 1.2289       | 0.9844     | 0.4465       | 0.8144   | 0.4949  , 0.5051   |           
252    | 2.8343     | 0.3544     | 1.2395       | 1.2403       | 0.9844     | 0.4932       | 0.8414   | 0.5324  , 0.4676   |           
253    | 2.8896     | 0.4058     | 1.2387       | 1.2450       | 0.9865     | 0.4865       | 0.8797   | 0.5241  , 0.4759   |           
254    | 2.8163     | 0.3621     | 1.2280       | 1.2262       | 0.9802     | 0.5455       | 0.8918   | 0.5307  , 0.4693   |           
255    | 2.8565     | 0.3885     | 1.2392       | 1.2288       | 0.9896     | 0.4911       | 0.8064   | 0.4999  , 0.5001   |           
256    | 2.8328     | 0.3636     | 1.2336       | 1.2356       | 0.9906     | 0.5123       | 0.8621   | 0.5130  , 0.4870   |           
257    | 2.8480     | 0.3780     | 1.2306       | 1.2393       | 0.9844     | 0.5139       | 0.9503   | 0.5236  , 0.4764   |           
258    | 2.7819     | 0.3407     | 1.2295       | 1.2117       | 0.9865     | 0.5101       | 0.8084   | 0.5272  , 0.4728   |           
259    | 2.7972     | 0.3392     | 1.2298       | 1.2282       | 0.9917     | 0.4631       | 0.7964   | 0.4951  , 0.5049   |           
260    | 2.7942     | 0.3392     | 1.2332       | 1.2218       | 0.9854     | 0.4825       | 0.8216   | 0.5137  , 0.4863   |           
261    | 2.8525     | 0.3769     | 1.2337       | 1.2419       | 0.9854     | 0.4842       | 0.8690   | 0.5172  , 0.4828   |           
262    | 2.8358     | 0.3583     | 1.2341       | 1.2435       | 0.9802     | 0.4908       | 0.8354   | 0.5116  , 0.4884   |           
263    | 2.8232     | 0.3424     | 1.2310       | 1.2498       | 0.9865     | 0.4767       | 0.8435   | 0.5165  , 0.4835   |           
264    | 2.8371     | 0.3555     | 1.2375       | 1.2441       | 0.9833     | 0.5030       | 0.9035   | 0.5271  , 0.4729   |           
265    | 2.8336     | 0.3563     | 1.2324       | 1.2449       | 0.9854     | 0.4941       | 0.8450   | 0.5039  , 0.4961   |           
266    | 2.8536     | 0.3538     | 1.2405       | 1.2593       | 0.9792     | 0.4815       | 0.8952   | 0.5239  , 0.4761   |           
267    | 2.8752     | 0.3814     | 1.2320       | 1.2618       | 0.9833     | 0.4720       | 0.7844   | 0.5038  , 0.4962   |           
268    | 2.8370     | 0.3563     | 1.2337       | 1.2469       | 0.9844     | 0.4964       | 0.8812   | 0.5100  , 0.4900   |           
269    | 2.8095     | 0.3392     | 1.2314       | 1.2389       | 0.9885     | 0.4467       | 0.8806   | 0.5189  , 0.4811   | (ADV 0.77)
270    | 2.7859     | 0.3321     | 1.2109       | 1.2428       | 0.9875     | 0.4897       | 0.8018   | 0.5279  , 0.4721   |           
271    | 2.8673     | 0.3772     | 1.2349       | 1.2552       | 0.9833     | 0.4453       | 0.8480   | 0.5309  , 0.4691   |           
272    | 2.8094     | 0.3363     | 1.2181       | 1.2550       | 0.9865     | 0.4671       | 0.8771   | 0.5413  , 0.4587   |           
273    | 2.8247     | 0.3408     | 1.2400       | 1.2439       | 0.9802     | 0.4356       | 0.7865   | 0.5281  , 0.4719   |           
274    | 2.8450     | 0.3541     | 1.2411       | 1.2498       | 0.9885     | 0.4565       | 0.7968   | 0.5173  , 0.4827   |           
275    | 2.8438     | 0.3542     | 1.2368       | 1.2529       | 0.9865     | 0.4303       | 0.8289   | 0.5322  , 0.4678   | (ADV 0.77)
276    | 2.8368     | 0.3601     | 1.2319       | 1.2448       | 0.9865     | 0.4552       | 0.8495   | 0.5242  , 0.4758   |           
277    | 2.8246     | 0.3513     | 1.2418       | 1.2315       | 0.9875     | 0.4751       | 0.8060   | 0.5071  , 0.4929   |           
278    | 2.8257     | 0.3492     | 1.2331       | 1.2434       | 0.9865     | 0.4765       | 0.8504   | 0.5150  , 0.4850   |           
279    | 2.8437     | 0.3434     | 1.2463       | 1.2540       | 0.9854     | 0.4486       | 0.8443   | 0.5167  , 0.4833   |           
280    | 2.8315     | 0.3463     | 1.2383       | 1.2468       | 0.9865     | 0.4472       | 0.8617   | 0.5283  , 0.4717   |           
281    | 2.8155     | 0.3367     | 1.2331       | 1.2457       | 0.9844     | 0.4778       | 0.8361   | 0.5189  , 0.4811   |           
282    | 2.8263     | 0.3284     | 1.2394       | 1.2584       | 0.9865     | 0.4639       | 0.7902   | 0.5295  , 0.4705   |           
283    | 2.8512     | 0.3533     | 1.2346       | 1.2632       | 0.9844     | 0.4320       | 0.7692   | 0.5289  , 0.4711   |           
284    | 2.7737     | 0.3005     | 1.2300       | 1.2432       | 0.9854     | 0.4404       | 0.7882   | 0.5335  , 0.4665   |           
285    | 2.8343     | 0.3476     | 1.2427       | 1.2440       | 0.9875     | 0.4532       | 0.8788   | 0.5422  , 0.4578   |           
286    | 2.8336     | 0.3409     | 1.2508       | 1.2419       | 0.9875     | 0.4047       | 0.8152   | 0.5204  , 0.4796   | (ADV 0.79)
287    | 2.8249     | 0.3341     | 1.2508       | 1.2401       | 0.9875     | 0.4111       | 0.9022   | 0.5440  , 0.4560   |           
288    | 2.8245     | 0.3355     | 1.2429       | 1.2460       | 0.9854     | 0.4421       | 0.8882   | 0.5184  , 0.4816   |           
289    | 2.8102     | 0.3136     | 1.2370       | 1.2596       | 0.9885     | 0.4684       | 0.9131   | 0.5371  , 0.4629   |           
290    | 2.8287     | 0.3468     | 1.2398       | 1.2422       | 0.9833     | 0.4281       | 0.8860   | 0.5154  , 0.4846   |           
291    | 2.8400     | 0.3316     | 1.2493       | 1.2591       | 0.9875     | 0.4449       | 0.8865   | 0.5167  , 0.4833   |           
292    | 2.8456     | 0.3385     | 1.2499       | 1.2572       | 0.9875     | 0.4196       | 0.9217   | 0.5329  , 0.4671   |           
293    | 2.8260     | 0.3406     | 1.2366       | 1.2488       | 0.9885     | 0.4013       | 0.8172   | 0.5270  , 0.4730   | (ADV 0.79)
294    | 2.8459     | 0.3351     | 1.2482       | 1.2627       | 0.9875     | 0.4579       | 0.9074   | 0.5515  , 0.4485   |           
295    | 2.8385     | 0.3365     | 1.2563       | 1.2458       | 0.9906     | 0.4726       | 0.8704   | 0.5337  , 0.4663   |           
296    | 2.8173     | 0.3316     | 1.2414       | 1.2443       | 0.9865     | 0.4698       | 0.9401   | 0.5304  , 0.4696   |           
297    | 2.8466     | 0.3327     | 1.2552       | 1.2587       | 0.9875     | 0.4400       | 0.8032   | 0.5419  , 0.4581   |           
298    | 2.8659     | 0.3394     | 1.2614       | 1.2652       | 0.9875     | 0.4819       | 0.8432   | 0.5380  , 0.4620   |           
299    | 2.8366     | 0.3465     | 1.2386       | 1.2515       | 0.9896     | 0.4143       | 0.8731   | 0.5550  , 0.4450   |           
300    | 2.8816     | 0.3561     | 1.2674       | 1.2581       | 0.9896     | 0.4365       | 0.8129   | 0.5393  , 0.4607   |           
301    | 2.8725     | 0.3599     | 1.2592       | 1.2534       | 0.9885     | 0.4223       | 0.8045   | 0.5520  , 0.4480   |           
302    | 2.8217     | 0.3114     | 1.2486       | 1.2618       | 0.9896     | 0.3912       | 0.8166   | 0.5282  , 0.4718   | (ADV 0.79)
303    | 2.8602     | 0.3593     | 1.2456       | 1.2554       | 0.9844     | 0.4136       | 0.8379   | 0.5244  , 0.4756   |           
304    | 2.8353     | 0.3264     | 1.2501       | 1.2588       | 0.9865     | 0.4006       | 0.8858   | 0.5241  , 0.4759   |           
305    | 2.8973     | 0.3750     | 1.2535       | 1.2688       | 0.9865     | 0.3974       | 0.9027   | 0.5207  , 0.4793   |           
306    | 2.8612     | 0.3497     | 1.2529       | 1.2586       | 0.9812     | 0.4235       | 0.8807   | 0.5311  , 0.4689   |           
307    | 2.8838     | 0.3719     | 1.2600       | 1.2519       | 0.9875     | 0.4425       | 0.9207   | 0.5418  , 0.4582   |           
308    | 2.8258     | 0.3174     | 1.2529       | 1.2555       | 0.9865     | 0.4039       | 0.8994   | 0.5255  , 0.4745   |           
309    | 2.8598     | 0.3412     | 1.2523       | 1.2663       | 0.9896     | 0.4221       | 0.8363   | 0.5489  , 0.4511   |           
310    | 2.8457     | 0.3422     | 1.2503       | 1.2532       | 0.9885     | 0.4214       | 0.8631   | 0.5501  , 0.4499   |           
311    | 2.8450     | 0.3279     | 1.2623       | 1.2547       | 0.9844     | 0.4126       | 0.8262   | 0.5287  , 0.4713   |           
312    | 2.8692     | 0.3562     | 1.2527       | 1.2603       | 0.9854     | 0.4243       | 0.8656   | 0.5446  , 0.4554   |           
313    | 2.8447     | 0.3207     | 1.2644       | 1.2596       | 0.9885     | 0.4303       | 0.8060   | 0.5259  , 0.4741   |           
314    | 2.8901     | 0.3500     | 1.2682       | 1.2719       | 0.9844     | 0.4153       | 0.8166   | 0.4994  , 0.5006   |           
315    | 2.8622     | 0.3375     | 1.2629       | 1.2618       | 0.9833     | 0.4278       | 0.8782   | 0.5372  , 0.4628   |           
316    | 2.8957     | 0.3675     | 1.2593       | 1.2689       | 0.9854     | 0.4163       | 0.8467   | 0.5387  , 0.4613   |           
317    | 2.8431     | 0.3269     | 1.2676       | 1.2486       | 0.9875     | 0.4395       | 0.8876   | 0.5391  , 0.4609   |           
318    | 2.8577     | 0.3487     | 1.2533       | 1.2556       | 0.9833     | 0.4163       | 0.8045   | 0.5435  , 0.4565   |           
319    | 2.8707     | 0.3477     | 1.2631       | 1.2599       | 0.9885     | 0.3602       | 0.8353   | 0.5352  , 0.4648   | (ADV 0.81)
320    | 2.8774     | 0.3531     | 1.2672       | 1.2571       | 0.9875     | 0.3767       | 0.8111   | 0.5384  , 0.4616   |           
321    | 2.8315     | 0.3126     | 1.2638       | 1.2550       | 0.9906     | 0.4192       | 0.8242   | 0.5141  , 0.4859   |           
322    | 2.8716     | 0.3392     | 1.2676       | 1.2648       | 0.9865     | 0.4090       | 0.8845   | 0.5361  , 0.4639   |           
323    | 2.8670     | 0.3471     | 1.2596       | 1.2604       | 0.9854     | 0.4126       | 0.9023   | 0.5362  , 0.4638   |           
324    | 2.8446     | 0.3284     | 1.2659       | 1.2504       | 0.9865     | 0.4189       | 0.8952   | 0.5259  , 0.4741   |           
325    | 2.8995     | 0.3546     | 1.2747       | 1.2701       | 0.9875     | 0.4319       | 0.8662   | 0.5160  , 0.4840   |           
326    | 2.8151     | 0.3000     | 1.2713       | 1.2438       | 0.9875     | 0.4106       | 0.8714   | 0.5401  , 0.4599   |           
327    | 2.8560     | 0.3339     | 1.2651       | 1.2570       | 0.9875     | 0.3959       | 0.8935   | 0.5276  , 0.4724   |           
328    | 2.8292     | 0.3093     | 1.2650       | 1.2549       | 0.9823     | 0.4529       | 0.9206   | 0.5430  , 0.4570   |           
329    | 2.8130     | 0.2848     | 1.2601       | 1.2681       | 0.9802     | 0.4419       | 0.9008   | 0.5393  , 0.4607   |           
330    | 2.8885     | 0.3553     | 1.2652       | 1.2681       | 0.9875     | 0.3985       | 0.8729   | 0.5296  , 0.4704   |           
331    | 2.8202     | 0.3049     | 1.2586       | 1.2568       | 0.9865     | 0.4372       | 0.8507   | 0.5276  , 0.4724   |           
332    | 2.8675     | 0.3338     | 1.2653       | 1.2684       | 0.9854     | 0.4235       | 0.8998   | 0.5399  , 0.4601   |           
333    | 2.9018     | 0.3527     | 1.2758       | 1.2733       | 0.9781     | 0.4243       | 0.9039   | 0.5496  , 0.4504   |           
334    | 2.9254     | 0.3481     | 1.2915       | 1.2858       | 0.9885     | 0.4412       | 0.8549   | 0.5392  , 0.4608   |           
335    | 2.8769     | 0.3219     | 1.3016       | 1.2534       | 0.9896     | 0.4581       | 0.8624   | 0.5364  , 0.4636   |           
336    | 2.9084     | 0.3633     | 1.2856       | 1.2595       | 0.9875     | 0.4312       | 0.8503   | 0.5248  , 0.4752   |           
337    | 2.8764     | 0.3359     | 1.2860       | 1.2545       | 0.9885     | 0.4788       | 0.8838   | 0.5529  , 0.4471   |           
338    | 2.8677     | 0.3211     | 1.2785       | 1.2681       | 0.9875     | 0.3999       | 0.8839   | 0.5401  , 0.4599   |           
339    | 2.8760     | 0.3449     | 1.2738       | 1.2573       | 0.9865     | 0.3976       | 0.8757   | 0.5236  , 0.4764   |           
340    | 2.8693     | 0.3212     | 1.2804       | 1.2677       | 0.9896     | 0.4268       | 0.8121   | 0.5293  , 0.4707   |           
341    | 2.8772     | 0.3331     | 1.2801       | 1.2640       | 0.9865     | 0.4387       | 0.8397   | 0.5148  , 0.4852   |           
342    | 2.9029     | 0.3567     | 1.2820       | 1.2642       | 0.9896     | 0.4150       | 0.8542   | 0.5210  , 0.4790   |           
343    | 2.8528     | 0.3164     | 1.2747       | 1.2617       | 0.9896     | 0.3948       | 0.7947   | 0.5086  , 0.4914   |           
344    | 2.8855     | 0.3441     | 1.2740       | 1.2675       | 0.9885     | 0.4142       | 0.8903   | 0.5333  , 0.4667   |           
345    | 2.8635     | 0.3284     | 1.2748       | 1.2602       | 0.9833     | 0.4093       | 0.8819   | 0.5446  , 0.4554   |           
346    | 2.9215     | 0.3860     | 1.2729       | 1.2627       | 0.9906     | 0.4009       | 0.8642   | 0.5164  , 0.4836   |           
347    | 2.9109     | 0.3510     | 1.2845       | 1.2754       | 0.9896     | 0.4134       | 0.8973   | 0.5187  , 0.4813   |           
348    | 2.9047     | 0.3509     | 1.2895       | 1.2643       | 0.9885     | 0.4188       | 0.9022   | 0.4989  , 0.5011   |           
349    | 2.8691     | 0.3368     | 1.2700       | 1.2623       | 0.9875     | 0.4149       | 0.8502   | 0.5157  , 0.4843   |           
350    | 2.8808     | 0.3270     | 1.2855       | 1.2683       | 0.9865     | 0.4375       | 0.8522   | 0.5180  , 0.4820   |           
351    | 2.8935     | 0.3284     | 1.2903       | 1.2747       | 0.9885     | 0.4425       | 0.8718   | 0.5158  , 0.4842   |           
352    | 2.9180     | 0.3458     | 1.2889       | 1.2833       | 0.9865     | 0.4317       | 0.8990   | 0.5245  , 0.4755   |           
353    | 2.8747     | 0.3184     | 1.2812       | 1.2751       | 0.9906     | 0.4281       | 0.8857   | 0.5255  , 0.4745   |           
354    | 2.8968     | 0.3427     | 1.2767       | 1.2775       | 0.9896     | 0.4252       | 0.8676   | 0.5284  , 0.4716   |           
355    | 2.8671     | 0.3276     | 1.2702       | 1.2693       | 0.9854     | 0.3866       | 0.8406   | 0.5138  , 0.4862   |           
356    | 2.8681     | 0.3168     | 1.2776       | 1.2738       | 0.9865     | 0.4397       | 0.8543   | 0.5023  , 0.4977   |           
357    | 2.9304     | 0.3698     | 1.2836       | 1.2770       | 0.9823     | 0.3842       | 0.8731   | 0.5185  , 0.4815   |           
358    | 2.8123     | 0.2798     | 1.2749       | 1.2577       | 0.9844     | 0.4017       | 0.8549   | 0.5359  , 0.4641   |           
359    | 2.9139     | 0.3457     | 1.2869       | 1.2813       | 0.9802     | 0.4195       | 0.8832   | 0.5187  , 0.4813   |           
360    | 2.8822     | 0.3288     | 1.2747       | 1.2787       | 0.9823     | 0.4111       | 0.8683   | 0.5107  , 0.4893   |           
361    | 2.8440     | 0.2947     | 1.2782       | 1.2711       | 0.9802     | 0.4206       | 0.8902   | 0.5040  , 0.4960   |           
362    | 2.8755     | 0.3096     | 1.2911       | 1.2748       | 0.9885     | 0.3993       | 0.8547   | 0.5402  , 0.4598   |           
363    | 2.9029     | 0.3487     | 1.2824       | 1.2718       | 0.9875     | 0.4340       | 0.8755   | 0.5243  , 0.4757   |           
364    | 2.8742     | 0.3168     | 1.2810       | 1.2763       | 0.9917     | 0.3955       | 0.7942   | 0.5510  , 0.4490   |           
365    | 2.8684     | 0.3046     | 1.2925       | 1.2713       | 0.9865     | 0.4440       | 0.8422   | 0.5348  , 0.4652   |           
366    | 2.8844     | 0.3272     | 1.2888       | 1.2684       | 0.9875     | 0.3790       | 0.8766   | 0.5439  , 0.4561   |           
367    | 2.8784     | 0.3268     | 1.2879       | 1.2637       | 0.9948     | 0.4121       | 0.8153   | 0.5390  , 0.4610   |           
368    | 2.8594     | 0.3027     | 1.2881       | 1.2686       | 0.9906     | 0.4518       | 0.8166   | 0.5298  , 0.4702   |           
369    | 2.9007     | 0.3338     | 1.2906       | 1.2763       | 0.9896     | 0.4258       | 0.7553   | 0.5216  , 0.4784   |           
370    | 2.9130     | 0.3441     | 1.2971       | 1.2717       | 0.9896     | 0.4147       | 0.8018   | 0.5402  , 0.4598   |           
371    | 2.8998     | 0.3514     | 1.2872       | 1.2612       | 0.9885     | 0.4008       | 0.8163   | 0.5136  , 0.4864   |           
372    | 2.8818     | 0.3082     | 1.2935       | 1.2802       | 0.9823     | 0.4037       | 0.8514   | 0.5410  , 0.4590   |           
373    | 2.8868     | 0.3152     | 1.2969       | 1.2746       | 0.9896     | 0.3967       | 0.8367   | 0.5371  , 0.4629   |           
374    | 2.8822     | 0.3235     | 1.2915       | 1.2673       | 0.9885     | 0.3796       | 0.8119   | 0.5491  , 0.4509   |           
375    | 2.9090     | 0.3402     | 1.2963       | 1.2725       | 0.9875     | 0.4116       | 0.8856   | 0.5519  , 0.4481   |           
376    | 2.8699     | 0.3027     | 1.3031       | 1.2641       | 0.9875     | 0.4062       | 0.8927   | 0.5542  , 0.4458   |           
377    | 2.8739     | 0.3157     | 1.2919       | 1.2663       | 0.9875     | 0.4368       | 0.8826   | 0.5415  , 0.4585   |           
378    | 2.8981     | 0.3185     | 1.2954       | 1.2842       | 0.9812     | 0.4226       | 0.8603   | 0.5383  , 0.4617   |           
379    | 2.8832     | 0.3150     | 1.2950       | 1.2732       | 0.9885     | 0.4187       | 0.8784   | 0.5474  , 0.4526   |           
380    | 2.8790     | 0.3112     | 1.2956       | 1.2722       | 0.9875     | 0.4366       | 0.8550   | 0.5253  , 0.4747   |           
381    | 2.9416     | 0.3646     | 1.3032       | 1.2738       | 0.9823     | 0.4026       | 0.8570   | 0.5175  , 0.4825   |           
382    | 2.8918     | 0.3183     | 1.3000       | 1.2735       | 0.9875     | 0.4408       | 0.8164   | 0.5131  , 0.4869   |           
383    | 2.9175     | 0.3439     | 1.2979       | 1.2758       | 0.9865     | 0.4093       | 0.8587   | 0.5206  , 0.4794   |           
384    | 2.8791     | 0.3173     | 1.2906       | 1.2711       | 0.9885     | 0.3624       | 0.8340   | 0.5466  , 0.4534   |           
385    | 2.8882     | 0.3177     | 1.3045       | 1.2661       | 0.9865     | 0.4343       | 0.8189   | 0.5638  , 0.4362   |           
386    | 2.8726     | 0.3003     | 1.3002       | 1.2721       | 0.9854     | 0.4026       | 0.8259   | 0.5581  , 0.4419   |           
387    | 2.9074     | 0.3327     | 1.2983       | 1.2764       | 0.9865     | 0.3793       | 0.8484   | 0.5293  , 0.4707   |           
388    | 2.9442     | 0.3557     | 1.3037       | 1.2849       | 0.9896     | 0.4165       | 0.8514   | 0.5508  , 0.4492   |           
389    | 2.8941     | 0.3223     | 1.2965       | 1.2752       | 0.9854     | 0.4373       | 0.8439   | 0.5470  , 0.4530   |           
390    | 2.8682     | 0.2958     | 1.2986       | 1.2738       | 0.9896     | 0.3861       | 0.8812   | 0.5322  , 0.4678   |           
391    | 2.8851     | 0.3058     | 1.2978       | 1.2814       | 0.9875     | 0.4009       | 0.8722   | 0.5653  , 0.4347   |           
392    | 2.8748     | 0.2941     | 1.2997       | 1.2811       | 0.9885     | 0.4041       | 0.8439   | 0.5520  , 0.4480   |           
393    | 2.8855     | 0.3121     | 1.2979       | 1.2756       | 0.9865     | 0.3738       | 0.8328   | 0.5439  , 0.4561   |           
394    | 2.8936     | 0.3222     | 1.3001       | 1.2713       | 0.9885     | 0.3986       | 0.8895   | 0.5540  , 0.4460   |           
395    | 2.8210     | 0.2641     | 1.2946       | 1.2623       | 0.9854     | 0.3692       | 0.8481   | 0.5658  , 0.4342   |           
396    | 2.8547     | 0.2883     | 1.2934       | 1.2730       | 0.9885     | 0.4267       | 0.8342   | 0.5451  , 0.4549   |           
397    | 2.8854     | 0.3084     | 1.2998       | 1.2772       | 0.9906     | 0.3892       | 0.8869   | 0.5741  , 0.4259   |           
398    | 2.8747     | 0.2964     | 1.3037       | 1.2746       | 0.9906     | 0.4032       | 0.8639   | 0.5698  , 0.4302   |           
399    | 2.9324     | 0.3464     | 1.3006       | 1.2854       | 0.9896     | 0.3999       | 0.8512   | 0.5442  , 0.4558   |           
400    | 2.9073     | 0.3328     | 1.2987       | 1.2758       | 0.9865     | 0.3741       | 0.8305   | 0.5498  , 0.4502   |           
Seed 6767 | Src Acc: 98.6735 | Src MDE: 0.0181 | Tgt Acc: 38.5714 | Tgt MDE: 0.8353
Start Training Seed 123456...

Start CDAN+E Training... (Entropy Conditioning Enabled)
Epoch  | Total Loss | Tr Cls     | Tr Dom RSSI  | Tr Dom RTT   | Val T Acc  | Val T Entropy | Test MDE | Test Target Weights
--------------------------------------------------------------------------------------------------------------------------------------------
1      | 6.6102     | 3.8611     | 1.3678       | 1.3813       | 0.5677     | 3.7474       | 1.3400   | 0.5064  , 0.4936   |           
2      | 5.8404     | 3.1740     | 1.3252       | 1.3411       | 0.7052     | 3.6079       | 1.1348   | 0.5113  , 0.4887   |           
3      | 5.3143     | 2.7222     | 1.2921       | 1.3000       | 0.8010     | 3.4747       | 1.0254   | 0.5180  , 0.4820   |           
4      | 4.8473     | 2.3360     | 1.2486       | 1.2627       | 0.9042     | 3.3206       | 0.9556   | 0.4894  , 0.5106   |           
5      | 4.5218     | 2.0791     | 1.2125       | 1.2302       | 0.9417     | 3.1596       | 0.8895   | 0.4944  , 0.5056   |           
6      | 4.1910     | 1.8242     | 1.1695       | 1.1973       | 0.9563     | 3.0162       | 0.8603   | 0.4995  , 0.5005   |           
7      | 3.9191     | 1.6031     | 1.1327       | 1.1833       | 0.9573     | 2.8111       | 0.8550   | 0.4978  , 0.5022   |           
8      | 3.6372     | 1.4250     | 1.0761       | 1.1361       | 0.9656     | 2.6687       | 0.8234   | 0.4854  , 0.5146   |           
9      | 3.5098     | 1.3223     | 1.0749       | 1.1126       | 0.9677     | 2.4904       | 0.8580   | 0.5022  , 0.4978   |           
10     | 3.3630     | 1.2109     | 1.0537       | 1.0984       | 0.9646     | 2.3490       | 0.8494   | 0.5035  , 0.4965   |           
11     | 3.2670     | 1.1399     | 1.0440       | 1.0831       | 0.9625     | 2.2157       | 0.8557   | 0.5120  , 0.4880   | (ADV -0.15)
12     | 3.1646     | 1.0503     | 1.0390       | 1.0753       | 0.9698     | 2.1343       | 0.8141   | 0.4877  , 0.5123   | (ADV -0.10)
13     | 2.9987     | 0.9606     | 1.0034       | 1.0347       | 0.9771     | 2.0162       | 0.8154   | 0.4908  , 0.5092   | (ADV -0.03)
14     | 2.9776     | 0.9035     | 1.0337       | 1.0405       | 0.9760     | 1.9047       | 0.8208   | 0.4786  , 0.5214   | (ADV 0.02)
15     | 2.9052     | 0.8594     | 1.0291       | 1.0167       | 0.9729     | 1.8755       | 0.8294   | 0.4826  , 0.5174   | (ADV 0.04)
16     | 2.9123     | 0.8600     | 1.0377       | 1.0146       | 0.9750     | 1.7836       | 0.8265   | 0.4881  , 0.5119   | (ADV 0.08)
17     | 2.8331     | 0.8166     | 1.0214       | 0.9951       | 0.9781     | 1.7004       | 0.8100   | 0.4745  , 0.5255   | (ADV 0.13)
18     | 2.7932     | 0.7642     | 1.0252       | 1.0038       | 0.9792     | 1.6267       | 0.8422   | 0.4781  , 0.5219   | (ADV 0.17)
19     | 2.7280     | 0.7359     | 1.0149       | 0.9771       | 0.9760     | 1.5744       | 0.8249   | 0.4763  , 0.5237   | (ADV 0.19)
20     | 2.6624     | 0.6958     | 0.9899       | 0.9768       | 0.9812     | 1.5353       | 0.8378   | 0.4808  , 0.5192   | (ADV 0.21)
21     | 2.6761     | 0.6780     | 1.0145       | 0.9836       | 0.9740     | 1.4442       | 0.7987   | 0.4816  , 0.5184   | (ADV 0.25)
22     | 2.6334     | 0.6649     | 0.9996       | 0.9689       | 0.9802     | 1.3829       | 0.8000   | 0.4815  , 0.5185   | (ADV 0.29)
23     | 2.5925     | 0.6463     | 0.9790       | 0.9672       | 0.9802     | 1.4465       | 0.8228   | 0.4823  , 0.5177   |           
24     | 2.5539     | 0.6148     | 0.9750       | 0.9642       | 0.9750     | 1.3839       | 0.8549   | 0.4965  , 0.5035   |           
25     | 2.5567     | 0.5960     | 0.9824       | 0.9783       | 0.9750     | 1.2897       | 0.7826   | 0.4708  , 0.5292   | (ADV 0.33)
26     | 2.5793     | 0.6313     | 0.9642       | 0.9838       | 0.9781     | 1.2897       | 0.8127   | 0.4872  , 0.5128   | (ADV 0.33)
27     | 2.5341     | 0.5719     | 0.9688       | 0.9933       | 0.9802     | 1.2654       | 0.8042   | 0.4902  , 0.5098   | (ADV 0.35)
28     | 2.4645     | 0.5447     | 0.9458       | 0.9740       | 0.9802     | 1.2509       | 0.8010   | 0.4758  , 0.5242   | (ADV 0.35)
29     | 2.4382     | 0.5292     | 0.9431       | 0.9658       | 0.9792     | 1.2155       | 0.7946   | 0.4912  , 0.5088   | (ADV 0.37)
30     | 2.4860     | 0.5495     | 0.9555       | 0.9810       | 0.9812     | 1.2108       | 0.8190   | 0.4618  , 0.5382   | (ADV 0.38)
31     | 2.4343     | 0.5239     | 0.9434       | 0.9671       | 0.9792     | 1.1970       | 0.8165   | 0.4864  , 0.5136   | (ADV 0.38)
32     | 2.4598     | 0.5282     | 0.9518       | 0.9798       | 0.9760     | 1.1724       | 0.8119   | 0.4853  , 0.5147   | (ADV 0.39)
33     | 2.4154     | 0.5066     | 0.9423       | 0.9666       | 0.9792     | 1.1293       | 0.8151   | 0.4725  , 0.5275   | (ADV 0.41)
34     | 2.3902     | 0.4965     | 0.9258       | 0.9679       | 0.9823     | 1.1332       | 0.8504   | 0.4719  , 0.5281   | (ADV 0.42)
35     | 2.4132     | 0.5106     | 0.9159       | 0.9866       | 0.9729     | 1.1375       | 0.8860   | 0.5015  , 0.4985   |           
36     | 2.4679     | 0.5152     | 0.9510       | 1.0018       | 0.9823     | 1.0857       | 0.8410   | 0.4779  , 0.5221   | (ADV 0.44)
37     | 2.3982     | 0.5138     | 0.9190       | 0.9654       | 0.9865     | 1.0860       | 0.8202   | 0.4907  , 0.5093   | (ADV 0.44)
38     | 2.3219     | 0.4689     | 0.9003       | 0.9527       | 0.9812     | 1.0905       | 0.8358   | 0.4973  , 0.5027   |           
39     | 2.3913     | 0.4889     | 0.9252       | 0.9773       | 0.9802     | 1.0461       | 0.8395   | 0.4853  , 0.5147   | (ADV 0.46)
40     | 2.3772     | 0.4832     | 0.9255       | 0.9685       | 0.9854     | 1.0739       | 0.8706   | 0.4798  , 0.5202   |           
41     | 2.3871     | 0.4670     | 0.9387       | 0.9814       | 0.9781     | 1.0681       | 0.8488   | 0.4830  , 0.5170   |           
42     | 2.4047     | 0.4733     | 0.9341       | 0.9974       | 0.9823     | 1.0744       | 0.8242   | 0.4823  , 0.5177   |           
43     | 2.3585     | 0.4469     | 0.9336       | 0.9779       | 0.9750     | 1.0232       | 0.8165   | 0.4731  , 0.5269   | (ADV 0.46)
44     | 2.4028     | 0.4638     | 0.9474       | 0.9917       | 0.9760     | 1.0481       | 0.8138   | 0.4999  , 0.5001   |           
45     | 2.3788     | 0.4523     | 0.9316       | 0.9949       | 0.9792     | 1.0285       | 0.9060   | 0.4770  , 0.5230   | (ADV 0.46)
46     | 2.4136     | 0.4761     | 0.9393       | 0.9982       | 0.9740     | 1.0051       | 0.8867   | 0.4922  , 0.5078   | (ADV 0.47)
47     | 2.3393     | 0.4272     | 0.9201       | 0.9920       | 0.9771     | 0.9751       | 0.8065   | 0.4855  , 0.5145   | (ADV 0.49)
48     | 2.3691     | 0.4368     | 0.9382       | 0.9941       | 0.9802     | 0.9411       | 0.8007   | 0.4588  , 0.5412   | (ADV 0.51)
49     | 2.3636     | 0.4361     | 0.9367       | 0.9908       | 0.9760     | 0.9724       | 0.8583   | 0.4518  , 0.5482   |           
50     | 2.4183     | 0.4398     | 0.9550       | 1.0235       | 0.9771     | 1.0023       | 0.8388   | 0.4688  , 0.5312   |           
51     | 2.4487     | 0.4561     | 0.9670       | 1.0256       | 0.9802     | 0.9514       | 0.8511   | 0.4735  , 0.5265   |           
52     | 2.4293     | 0.4557     | 0.9580       | 1.0156       | 0.9781     | 0.9767       | 0.8467   | 0.4790  , 0.5210   |           
53     | 2.4197     | 0.4555     | 0.9565       | 1.0078       | 0.9781     | 0.9303       | 0.8042   | 0.4628  , 0.5372   | (ADV 0.51)
54     | 2.4078     | 0.4183     | 0.9692       | 1.0203       | 0.9833     | 0.9504       | 0.8250   | 0.4673  , 0.5327   |           
55     | 2.4286     | 0.4396     | 0.9719       | 1.0171       | 0.9812     | 0.9276       | 0.8606   | 0.4819  , 0.5181   | (ADV 0.52)
56     | 2.4408     | 0.4241     | 0.9936       | 1.0230       | 0.9792     | 0.9386       | 0.8243   | 0.4718  , 0.5282   |           
57     | 2.4262     | 0.4166     | 0.9839       | 1.0257       | 0.9823     | 0.8886       | 0.8457   | 0.4522  , 0.5478   | (ADV 0.54)
58     | 2.4767     | 0.4477     | 0.9897       | 1.0393       | 0.9823     | 0.8757       | 0.8846   | 0.4577  , 0.5423   | (ADV 0.54)
59     | 2.4303     | 0.4075     | 1.0008       | 1.0219       | 0.9823     | 0.9080       | 0.8374   | 0.4675  , 0.5325   |           
60     | 2.5326     | 0.4472     | 1.0152       | 1.0702       | 0.9802     | 0.8623       | 0.8401   | 0.4765  , 0.5235   | (ADV 0.55)
61     | 2.5398     | 0.4736     | 1.0154       | 1.0508       | 0.9760     | 0.8443       | 0.8310   | 0.4648  , 0.5352   | (ADV 0.55)
62     | 2.4698     | 0.4323     | 0.9938       | 1.0437       | 0.9844     | 0.8675       | 0.7992   | 0.4647  , 0.5353   |           
63     | 2.5113     | 0.4572     | 1.0136       | 1.0404       | 0.9802     | 0.8518       | 0.7994   | 0.4841  , 0.5159   | (ADV 0.55)
64     | 2.4930     | 0.4081     | 1.0129       | 1.0720       | 0.9812     | 0.8032       | 0.7698   | 0.4683  , 0.5317   | (ADV 0.58)
65     | 2.5250     | 0.4298     | 1.0330       | 1.0622       | 0.9833     | 0.8331       | 0.8548   | 0.4594  , 0.5406   |           
66     | 2.5153     | 0.4284     | 1.0274       | 1.0595       | 0.9781     | 0.8336       | 0.8047   | 0.4725  , 0.5275   |           
67     | 2.5117     | 0.4423     | 1.0204       | 1.0490       | 0.9792     | 0.7357       | 0.7932   | 0.4571  , 0.5429   | (ADV 0.61)
68     | 2.4665     | 0.4021     | 1.0099       | 1.0545       | 0.9833     | 0.7915       | 0.7775   | 0.4847  , 0.5153   |           
69     | 2.5058     | 0.4155     | 1.0326       | 1.0577       | 0.9781     | 0.8018       | 0.7821   | 0.4780  , 0.5220   |           
70     | 2.5360     | 0.4354     | 1.0293       | 1.0713       | 0.9740     | 0.7666       | 0.7930   | 0.4920  , 0.5080   |           
71     | 2.5673     | 0.4316     | 1.0439       | 1.0919       | 0.9823     | 0.8096       | 0.7977   | 0.4648  , 0.5352   |           
72     | 2.5604     | 0.4200     | 1.0675       | 1.0729       | 0.9771     | 0.7496       | 0.7906   | 0.4734  , 0.5266   |           
73     | 2.5688     | 0.4051     | 1.0611       | 1.1026       | 0.9781     | 0.7645       | 0.7734   | 0.4719  , 0.5281   |           
74     | 2.6451     | 0.4913     | 1.0571       | 1.0967       | 0.9740     | 0.7442       | 0.7646   | 0.4743  , 0.5257   |           
75     | 2.5566     | 0.4151     | 1.0470       | 1.0945       | 0.9812     | 0.7594       | 0.7859   | 0.4788  , 0.5212   |           
76     | 2.5710     | 0.4221     | 1.0672       | 1.0818       | 0.9792     | 0.7632       | 0.7565   | 0.4684  , 0.5316   |           
77     | 2.5963     | 0.4206     | 1.0681       | 1.1076       | 0.9771     | 0.7421       | 0.8697   | 0.4669  , 0.5331   |           
78     | 2.5821     | 0.4330     | 1.0663       | 1.0828       | 0.9781     | 0.7987       | 0.8302   | 0.4781  , 0.5219   |           
79     | 2.5819     | 0.4321     | 1.0536       | 1.0963       | 0.9833     | 0.7559       | 0.7854   | 0.4658  , 0.5342   |           
80     | 2.5806     | 0.4351     | 1.0546       | 1.0909       | 0.9844     | 0.7708       | 0.8144   | 0.4767  , 0.5233   |           
81     | 2.6335     | 0.4661     | 1.0662       | 1.1013       | 0.9812     | 0.7367       | 0.7490   | 0.4707  , 0.5293   | (ADV 0.61)
82     | 2.6450     | 0.4448     | 1.0876       | 1.1126       | 0.9708     | 0.7897       | 0.8745   | 0.4884  , 0.5116   |           
83     | 2.5567     | 0.4055     | 1.0490       | 1.1022       | 0.9812     | 0.7305       | 0.8064   | 0.4544  , 0.5456   | (ADV 0.62)
84     | 2.6229     | 0.4588     | 1.0591       | 1.1050       | 0.9865     | 0.7051       | 0.7895   | 0.4434  , 0.5566   | (ADV 0.63)
85     | 2.5743     | 0.4202     | 1.0481       | 1.1061       | 0.9844     | 0.7462       | 0.7589   | 0.4396  , 0.5604   |           
86     | 2.6427     | 0.4400     | 1.0740       | 1.1287       | 0.9833     | 0.7430       | 0.7633   | 0.4646  , 0.5354   |           
87     | 2.6895     | 0.4704     | 1.0906       | 1.1285       | 0.9792     | 0.7325       | 0.7803   | 0.4555  , 0.5445   |           
88     | 2.6349     | 0.4333     | 1.0855       | 1.1162       | 0.9823     | 0.7187       | 0.8663   | 0.4741  , 0.5259   |           
89     | 2.6542     | 0.4664     | 1.0657       | 1.1221       | 0.9792     | 0.7508       | 0.7975   | 0.4524  , 0.5476   |           
90     | 2.6850     | 0.4684     | 1.0853       | 1.1314       | 0.9802     | 0.7245       | 0.7667   | 0.4542  , 0.5458   |           
91     | 2.6195     | 0.4076     | 1.0791       | 1.1328       | 0.9844     | 0.7371       | 0.7532   | 0.4688  , 0.5312   |           
92     | 2.6155     | 0.4135     | 1.0674       | 1.1346       | 0.9802     | 0.7025       | 0.7351   | 0.4370  , 0.5630   |           
93     | 2.6172     | 0.4078     | 1.0757       | 1.1337       | 0.9865     | 0.7052       | 0.7372   | 0.4796  , 0.5204   |           
94     | 2.6752     | 0.4203     | 1.1110       | 1.1439       | 0.9833     | 0.7219       | 0.8035   | 0.4630  , 0.5370   |           
95     | 2.6664     | 0.4246     | 1.1035       | 1.1383       | 0.9812     | 0.7402       | 0.7530   | 0.4464  , 0.5536   |           
96     | 2.6763     | 0.4285     | 1.1078       | 1.1401       | 0.9833     | 0.7272       | 0.7835   | 0.4659  , 0.5341   |           
97     | 2.7006     | 0.4318     | 1.1263       | 1.1425       | 0.9833     | 0.7285       | 0.8044   | 0.4757  , 0.5243   |           
98     | 2.7029     | 0.4308     | 1.1255       | 1.1466       | 0.9823     | 0.6923       | 0.8344   | 0.4598  , 0.5402   | (ADV 0.64)
99     | 2.6899     | 0.4329     | 1.0992       | 1.1577       | 0.9771     | 0.7263       | 0.9270   | 0.4574  , 0.5426   |           
100    | 2.7411     | 0.4401     | 1.1239       | 1.1770       | 0.9792     | 0.7324       | 0.8197   | 0.4570  , 0.5430   |           
101    | 2.6973     | 0.4289     | 1.1182       | 1.1503       | 0.9844     | 0.7299       | 0.8352   | 0.4615  , 0.5385   |           
102    | 2.6875     | 0.4062     | 1.1125       | 1.1688       | 0.9854     | 0.6944       | 0.8320   | 0.4620  , 0.5380   | (ADV 0.64)
103    | 2.6998     | 0.4177     | 1.1150       | 1.1671       | 0.9823     | 0.7400       | 0.8277   | 0.4692  , 0.5308   |           
104    | 2.7256     | 0.4367     | 1.1127       | 1.1762       | 0.9802     | 0.7218       | 0.8103   | 0.4655  , 0.5345   |           
105    | 2.7809     | 0.4685     | 1.1177       | 1.1947       | 0.9802     | 0.7038       | 0.8459   | 0.4581  , 0.5419   |           
106    | 2.7552     | 0.4266     | 1.1269       | 1.2018       | 0.9823     | 0.7073       | 0.9064   | 0.4662  , 0.5338   |           
107    | 2.7225     | 0.3995     | 1.1408       | 1.1822       | 0.9875     | 0.6907       | 0.8244   | 0.4658  , 0.5342   | (ADV 0.64)
108    | 2.8123     | 0.4550     | 1.1646       | 1.1927       | 0.9823     | 0.6723       | 0.8541   | 0.4626  , 0.5374   | (ADV 0.65)
109    | 2.7595     | 0.4245     | 1.1600       | 1.1750       | 0.9802     | 0.6711       | 0.8862   | 0.4529  , 0.5471   |           
110    | 2.7807     | 0.4283     | 1.1591       | 1.1933       | 0.9781     | 0.6879       | 0.8704   | 0.4471  , 0.5529   |           
111    | 2.7416     | 0.4074     | 1.1319       | 1.2023       | 0.9823     | 0.6888       | 0.8227   | 0.4241  , 0.5759   |           
112    | 2.7407     | 0.4130     | 1.1347       | 1.1931       | 0.9812     | 0.7125       | 0.8711   | 0.4451  , 0.5549   |           
113    | 2.7896     | 0.4705     | 1.1365       | 1.1826       | 0.9833     | 0.6546       | 0.8336   | 0.4103  , 0.5897   | (ADV 0.66)
114    | 2.7675     | 0.4363     | 1.1324       | 1.1988       | 0.9854     | 0.6647       | 0.8786   | 0.4342  , 0.5658   |           
115    | 2.7629     | 0.4321     | 1.1408       | 1.1900       | 0.9844     | 0.6723       | 0.8285   | 0.4492  , 0.5508   |           
116    | 2.7208     | 0.3932     | 1.1291       | 1.1985       | 0.9823     | 0.6527       | 0.8416   | 0.4513  , 0.5487   |           
117    | 2.8212     | 0.4477     | 1.1575       | 1.2159       | 0.9854     | 0.6971       | 0.8429   | 0.4612  , 0.5388   |           
118    | 2.8125     | 0.4509     | 1.1497       | 1.2120       | 0.9844     | 0.6734       | 0.8638   | 0.4461  , 0.5539   |           
119    | 2.7746     | 0.4216     | 1.1499       | 1.2032       | 0.9833     | 0.6602       | 0.8648   | 0.4595  , 0.5405   |           
120    | 2.7492     | 0.3907     | 1.1480       | 1.2105       | 0.9844     | 0.6789       | 0.8711   | 0.4618  , 0.5382   |           
121    | 2.7997     | 0.4477     | 1.1488       | 1.2032       | 0.9802     | 0.6939       | 0.9127   | 0.4913  , 0.5087   |           
122    | 2.8004     | 0.4380     | 1.1495       | 1.2129       | 0.9760     | 0.6760       | 0.8865   | 0.4533  , 0.5467   |           
123    | 2.7297     | 0.3896     | 1.1399       | 1.2002       | 0.9812     | 0.6639       | 0.8629   | 0.4562  , 0.5438   |           
124    | 2.7755     | 0.4102     | 1.1373       | 1.2281       | 0.9781     | 0.6503       | 0.9195   | 0.4670  , 0.5330   |           
125    | 2.7991     | 0.4253     | 1.1478       | 1.2260       | 0.9854     | 0.6918       | 0.8274   | 0.4531  , 0.5469   |           
126    | 2.7902     | 0.4140     | 1.1525       | 1.2237       | 0.9844     | 0.7250       | 0.8616   | 0.4798  , 0.5202   |           
127    | 2.7866     | 0.4146     | 1.1549       | 1.2170       | 0.9844     | 0.6496       | 0.8754   | 0.4654  , 0.5346   | (ADV 0.66)
128    | 2.7247     | 0.3924     | 1.1406       | 1.1917       | 0.9812     | 0.6246       | 0.9005   | 0.4430  , 0.5570   | (ADV 0.67)
129    | 2.7810     | 0.4289     | 1.1537       | 1.1984       | 0.9812     | 0.6355       | 0.8130   | 0.4675  , 0.5325   |           
130    | 2.8031     | 0.4551     | 1.1397       | 1.2083       | 0.9844     | 0.6626       | 0.8939   | 0.4643  , 0.5357   |           
131    | 2.8146     | 0.4518     | 1.1430       | 1.2199       | 0.9833     | 0.6571       | 0.8474   | 0.4655  , 0.5345   |           
132    | 2.7249     | 0.3675     | 1.1314       | 1.2259       | 0.9812     | 0.5928       | 0.8589   | 0.4600  , 0.5400   | (ADV 0.68)
133    | 2.7691     | 0.4064     | 1.1496       | 1.2131       | 0.9812     | 0.6105       | 0.8534   | 0.4826  , 0.5174   |           
134    | 2.7585     | 0.3829     | 1.1650       | 1.2105       | 0.9823     | 0.6679       | 0.7614   | 0.4696  , 0.5304   |           
135    | 2.8280     | 0.4285     | 1.1835       | 1.2159       | 0.9823     | 0.6333       | 0.8460   | 0.4500  , 0.5500   |           
136    | 2.7980     | 0.4108     | 1.1635       | 1.2238       | 0.9802     | 0.6768       | 0.7955   | 0.4676  , 0.5324   |           
137    | 2.8004     | 0.4044     | 1.1781       | 1.2178       | 0.9833     | 0.6346       | 0.8132   | 0.4617  , 0.5383   |           
138    | 2.8276     | 0.4192     | 1.1892       | 1.2192       | 0.9823     | 0.6804       | 0.8100   | 0.4423  , 0.5577   |           
139    | 2.7793     | 0.3904     | 1.1687       | 1.2202       | 0.9865     | 0.6376       | 0.7529   | 0.4592  , 0.5408   |           
140    | 2.7515     | 0.3566     | 1.1841       | 1.2108       | 0.9823     | 0.6610       | 0.7803   | 0.4790  , 0.5210   |           
141    | 2.8452     | 0.4288     | 1.1852       | 1.2312       | 0.9812     | 0.5839       | 0.7913   | 0.4508  , 0.5492   | (ADV 0.69)
142    | 2.8342     | 0.4342     | 1.1775       | 1.2225       | 0.9833     | 0.6418       | 0.8335   | 0.4882  , 0.5118   |           
143    | 2.7720     | 0.3976     | 1.1612       | 1.2132       | 0.9729     | 0.7121       | 0.8370   | 0.4742  , 0.5258   |           
144    | 2.7764     | 0.3881     | 1.1700       | 1.2183       | 0.9812     | 0.6599       | 0.7828   | 0.4789  , 0.5211   |           
145    | 2.8287     | 0.4161     | 1.1731       | 1.2395       | 0.9812     | 0.6275       | 0.7467   | 0.4585  , 0.5415   |           
146    | 2.7792     | 0.4025     | 1.1507       | 1.2260       | 0.9812     | 0.5963       | 0.7383   | 0.4555  , 0.5445   |           
147    | 2.7555     | 0.3745     | 1.1551       | 1.2259       | 0.9750     | 0.6514       | 0.8499   | 0.4712  , 0.5288   |           
148    | 2.8185     | 0.4087     | 1.1707       | 1.2391       | 0.9771     | 0.6239       | 0.7912   | 0.4553  , 0.5447   |           
149    | 2.8036     | 0.3973     | 1.1740       | 1.2324       | 0.9688     | 0.5957       | 0.7188   | 0.4402  , 0.5598   |           
150    | 2.8027     | 0.4177     | 1.1584       | 1.2265       | 0.9615     | 0.6239       | 0.8098   | 0.4737  , 0.5263   |           
151    | 2.8055     | 0.3969     | 1.1716       | 1.2370       | 0.9781     | 0.6412       | 0.8672   | 0.4653  , 0.5347   |           
152    | 2.7756     | 0.3868     | 1.1487       | 1.2401       | 0.9792     | 0.6354       | 0.7998   | 0.4683  , 0.5317   |           
153    | 2.8046     | 0.4048     | 1.1588       | 1.2409       | 0.9823     | 0.5962       | 0.8129   | 0.4570  , 0.5430   |           
154    | 2.7879     | 0.4028     | 1.1559       | 1.2292       | 0.9802     | 0.6378       | 0.8231   | 0.4828  , 0.5172   |           
155    | 2.8103     | 0.4021     | 1.1644       | 1.2438       | 0.9812     | 0.6341       | 0.7903   | 0.4562  , 0.5438   |           
156    | 2.8130     | 0.4123     | 1.1703       | 1.2304       | 0.9833     | 0.5429       | 0.7068   | 0.4371  , 0.5629   | (ADV 0.71)
157    | 2.7867     | 0.3845     | 1.1641       | 1.2382       | 0.9750     | 0.5871       | 0.6913   | 0.4503  , 0.5497   |           
158    | 2.8453     | 0.4030     | 1.2022       | 1.2401       | 0.9823     | 0.6121       | 0.7513   | 0.4758  , 0.5242   |           
159    | 2.8238     | 0.4098     | 1.1832       | 1.2308       | 0.9802     | 0.6133       | 0.7451   | 0.4521  , 0.5479   |           
160    | 2.8625     | 0.4104     | 1.2028       | 1.2492       | 0.9729     | 0.6139       | 0.8669   | 0.4693  , 0.5307   |           
161    | 2.8230     | 0.3899     | 1.1967       | 1.2364       | 0.9771     | 0.6649       | 0.8035   | 0.4793  , 0.5207   |           
162    | 2.7637     | 0.3516     | 1.1860       | 1.2261       | 0.9833     | 0.6006       | 0.7576   | 0.4574  , 0.5426   |           
163    | 2.7904     | 0.3771     | 1.1827       | 1.2306       | 0.9823     | 0.5962       | 0.8186   | 0.4679  , 0.5321   |           
164    | 2.8064     | 0.4012     | 1.1719       | 1.2333       | 0.9792     | 0.5791       | 0.7834   | 0.4672  , 0.5328   |           
165    | 2.8277     | 0.4151     | 1.1771       | 1.2355       | 0.9802     | 0.5382       | 0.8428   | 0.4664  , 0.5336   |           
166    | 2.7825     | 0.3634     | 1.1764       | 1.2427       | 0.9812     | 0.6074       | 0.7585   | 0.4748  , 0.5252   |           
167    | 2.8190     | 0.4047     | 1.1718       | 1.2424       | 0.9792     | 0.6016       | 0.8168   | 0.4687  , 0.5313   |           
168    | 2.8570     | 0.4253     | 1.1795       | 1.2521       | 0.9781     | 0.6652       | 0.8458   | 0.5001  , 0.4999   |           
169    | 2.8279     | 0.3940     | 1.1870       | 1.2469       | 0.9823     | 0.5127       | 0.7637   | 0.4850  , 0.5150   | (ADV 0.73)
170    | 2.7938     | 0.3844     | 1.1797       | 1.2297       | 0.9823     | 0.6102       | 0.8210   | 0.4664  , 0.5336   |           
171    | 2.8154     | 0.3790     | 1.1794       | 1.2570       | 0.9792     | 0.5062       | 0.7690   | 0.4689  , 0.5311   | (ADV 0.73)
172    | 2.7945     | 0.3770     | 1.1884       | 1.2291       | 0.9792     | 0.6206       | 0.8061   | 0.4879  , 0.5121   |           
173    | 2.7841     | 0.3666     | 1.1893       | 1.2282       | 0.9823     | 0.5424       | 0.8009   | 0.4765  , 0.5235   |           
174    | 2.8082     | 0.3704     | 1.1947       | 1.2430       | 0.9781     | 0.5395       | 0.8024   | 0.4763  , 0.5237   |           
175    | 2.8293     | 0.3832     | 1.1923       | 1.2538       | 0.9792     | 0.5265       | 0.7888   | 0.4858  , 0.5142   |           
176    | 2.8366     | 0.3966     | 1.1944       | 1.2456       | 0.9833     | 0.5295       | 0.7591   | 0.4716  , 0.5284   |           
177    | 2.8274     | 0.3801     | 1.2107       | 1.2366       | 0.9823     | 0.5993       | 0.8407   | 0.5033  , 0.4967   |           
178    | 2.8423     | 0.3910     | 1.1993       | 1.2520       | 0.9781     | 0.6010       | 0.8445   | 0.4892  , 0.5108   |           
179    | 2.7875     | 0.3585     | 1.1890       | 1.2400       | 0.9844     | 0.5270       | 0.7796   | 0.4636  , 0.5364   |           
180    | 2.8461     | 0.3868     | 1.2027       | 1.2566       | 0.9865     | 0.5461       | 0.8274   | 0.4688  , 0.5312   |           
181    | 2.8506     | 0.3911     | 1.2029       | 1.2567       | 0.9802     | 0.5278       | 0.7781   | 0.4788  , 0.5212   |           
182    | 2.8337     | 0.3925     | 1.1862       | 1.2550       | 0.9812     | 0.5579       | 0.8727   | 0.4858  , 0.5142   |           
183    | 2.8285     | 0.3836     | 1.1873       | 1.2576       | 0.9802     | 0.5729       | 0.7950   | 0.4793  , 0.5207   |           
184    | 2.8044     | 0.3540     | 1.1995       | 1.2508       | 0.9844     | 0.5699       | 0.7832   | 0.4769  , 0.5231   |           
185    | 2.8652     | 0.4250     | 1.1944       | 1.2457       | 0.9750     | 0.5496       | 0.8054   | 0.4670  , 0.5330   |           
186    | 2.8364     | 0.3887     | 1.1934       | 1.2543       | 0.9812     | 0.5939       | 0.8196   | 0.4753  , 0.5247   |           
187    | 2.8482     | 0.3858     | 1.2178       | 1.2446       | 0.9781     | 0.5589       | 0.8437   | 0.4843  , 0.5157   |           
188    | 2.8069     | 0.3615     | 1.2114       | 1.2340       | 0.9865     | 0.5653       | 0.8001   | 0.5000  , 0.5000   |           
189    | 2.8689     | 0.4024     | 1.2128       | 1.2538       | 0.9781     | 0.5600       | 0.7678   | 0.4821  , 0.5179   |           
190    | 2.8379     | 0.3697     | 1.2223       | 1.2460       | 0.9812     | 0.5187       | 0.7689   | 0.4766  , 0.5234   |           
191    | 2.9158     | 0.4286     | 1.2217       | 1.2654       | 0.9792     | 0.5467       | 0.8044   | 0.4800  , 0.5200   |           
192    | 2.8719     | 0.3993     | 1.2212       | 1.2513       | 0.9802     | 0.5926       | 0.8475   | 0.4346  , 0.5654   |           
193    | 2.8711     | 0.4051     | 1.2008       | 1.2652       | 0.9802     | 0.5270       | 0.8104   | 0.4961  , 0.5039   |           
194    | 2.8320     | 0.3690     | 1.2132       | 1.2498       | 0.9740     | 0.5849       | 0.8443   | 0.4789  , 0.5211   |           
195    | 2.8736     | 0.4031     | 1.2198       | 1.2507       | 0.9781     | 0.5041       | 0.7556   | 0.4689  , 0.5311   |           
196    | 2.8108     | 0.3569     | 1.2022       | 1.2517       | 0.9802     | 0.5889       | 0.8445   | 0.4832  , 0.5168   |           
197    | 2.8324     | 0.3890     | 1.1887       | 1.2546       | 0.9812     | 0.5677       | 0.7299   | 0.4785  , 0.5215   |           
198    | 2.8277     | 0.3693     | 1.2074       | 1.2509       | 0.9771     | 0.5921       | 0.8047   | 0.4779  , 0.5221   |           
199    | 2.8145     | 0.3876     | 1.1833       | 1.2436       | 0.9760     | 0.5258       | 0.7724   | 0.4743  , 0.5257   |           
200    | 2.7925     | 0.3426     | 1.1980       | 1.2520       | 0.9812     | 0.5521       | 0.8303   | 0.4678  , 0.5322   |           
201    | 2.8841     | 0.4059     | 1.2393       | 1.2389       | 0.9812     | 0.5357       | 0.7377   | 0.4502  , 0.5498   |           
202    | 2.8452     | 0.3590     | 1.2247       | 1.2615       | 0.9781     | 0.5565       | 0.8735   | 0.4647  , 0.5353   |           
203    | 2.8625     | 0.3877     | 1.2278       | 1.2471       | 0.9802     | 0.5274       | 0.7677   | 0.4654  , 0.5346   |           
204    | 2.8059     | 0.3561     | 1.1996       | 1.2502       | 0.9833     | 0.5099       | 0.8413   | 0.4671  , 0.5329   | (ADV 0.73)
205    | 2.8548     | 0.3816     | 1.2133       | 1.2599       | 0.9833     | 0.5879       | 0.8176   | 0.4893  , 0.5107   |           
206    | 2.8204     | 0.3760     | 1.1960       | 1.2484       | 0.9844     | 0.5675       | 0.7788   | 0.4741  , 0.5259   |           
207    | 2.8457     | 0.3919     | 1.2112       | 1.2426       | 0.9823     | 0.5616       | 0.8301   | 0.4932  , 0.5068   |           
208    | 2.8381     | 0.3715     | 1.2169       | 1.2496       | 0.9833     | 0.5584       | 0.7692   | 0.4733  , 0.5267   |           
209    | 2.8751     | 0.3925     | 1.2311       | 1.2515       | 0.9812     | 0.6005       | 0.8236   | 0.5029  , 0.4971   |           
210    | 2.8079     | 0.3462     | 1.2196       | 1.2421       | 0.9823     | 0.5507       | 0.8236   | 0.4807  , 0.5193   |           
211    | 2.8841     | 0.4172     | 1.2196       | 1.2474       | 0.9875     | 0.6063       | 0.7821   | 0.4902  , 0.5098   |           
212    | 2.8482     | 0.3745     | 1.2131       | 1.2606       | 0.9823     | 0.5524       | 0.8060   | 0.4521  , 0.5479   |           
213    | 2.8543     | 0.3738     | 1.2244       | 1.2562       | 0.9781     | 0.5579       | 0.7692   | 0.4908  , 0.5092   |           
214    | 2.7860     | 0.3435     | 1.1996       | 1.2429       | 0.9854     | 0.5745       | 0.8301   | 0.4948  , 0.5052   |           
215    | 2.8180     | 0.3681     | 1.1943       | 1.2556       | 0.9781     | 0.5181       | 0.8039   | 0.4767  , 0.5233   |           
216    | 2.8767     | 0.4121     | 1.2187       | 1.2458       | 0.9812     | 0.5840       | 0.8073   | 0.4951  , 0.5049   |           
217    | 2.8585     | 0.3822     | 1.2143       | 1.2621       | 0.9854     | 0.5717       | 0.8011   | 0.4815  , 0.5185   |           
218    | 2.8957     | 0.4192     | 1.2147       | 1.2618       | 0.9865     | 0.5558       | 0.9541   | 0.4968  , 0.5032   |           
219    | 2.8768     | 0.3911     | 1.2241       | 1.2616       | 0.9823     | 0.5404       | 0.8263   | 0.4903  , 0.5097   |           
220    | 2.8472     | 0.3618     | 1.2257       | 1.2597       | 0.9802     | 0.5605       | 0.8348   | 0.5060  , 0.4940   |           
221    | 2.8734     | 0.4069     | 1.2211       | 1.2455       | 0.9865     | 0.5900       | 0.9207   | 0.5006  , 0.4994   |           
222    | 2.7893     | 0.3375     | 1.2041       | 1.2476       | 0.9844     | 0.5525       | 0.8562   | 0.4953  , 0.5047   |           
223    | 2.8430     | 0.3577     | 1.2177       | 1.2677       | 0.9635     | 0.5425       | 0.9269   | 0.4896  , 0.5104   |           
224    | 2.8300     | 0.3487     | 1.2155       | 1.2658       | 0.9802     | 0.5107       | 0.8451   | 0.5172  , 0.4828   |           
225    | 2.8118     | 0.3649     | 1.1944       | 1.2524       | 0.9854     | 0.5746       | 0.8723   | 0.5101  , 0.4899   |           
226    | 2.8329     | 0.3680     | 1.2028       | 1.2622       | 0.9865     | 0.5679       | 0.8613   | 0.5157  , 0.4843   |           
227    | 2.8305     | 0.3419     | 1.2279       | 1.2606       | 0.9792     | 0.5554       | 0.8871   | 0.5005  , 0.4995   |           
228    | 2.8079     | 0.3269     | 1.2335       | 1.2476       | 0.9844     | 0.5845       | 0.8013   | 0.4871  , 0.5129   |           
229    | 2.8977     | 0.4005     | 1.2428       | 1.2544       | 0.9854     | 0.6009       | 0.8568   | 0.4918  , 0.5082   |           
230    | 2.8641     | 0.3821     | 1.2256       | 1.2564       | 0.9854     | 0.5752       | 0.8535   | 0.5070  , 0.4930   |           
231    | 2.8623     | 0.3706     | 1.2346       | 1.2571       | 0.9688     | 0.5407       | 0.8201   | 0.4851  , 0.5149   |           
232    | 2.8190     | 0.3468     | 1.2267       | 1.2454       | 0.9854     | 0.5125       | 0.8048   | 0.4953  , 0.5047   | (ADV 0.73)
233    | 2.8032     | 0.3274     | 1.2204       | 1.2554       | 0.9844     | 0.5483       | 0.7788   | 0.4940  , 0.5060   |           
234    | 2.8678     | 0.3785     | 1.2333       | 1.2560       | 0.9844     | 0.4913       | 0.8287   | 0.4752  , 0.5248   | (ADV 0.74)
235    | 2.8316     | 0.3637     | 1.2224       | 1.2456       | 0.9833     | 0.5173       | 0.8315   | 0.5095  , 0.4905   |           
236    | 2.8672     | 0.3736     | 1.2271       | 1.2666       | 0.9833     | 0.5649       | 0.8912   | 0.5086  , 0.4914   |           
237    | 2.8473     | 0.3605     | 1.2315       | 1.2553       | 0.9802     | 0.5280       | 0.9025   | 0.4932  , 0.5068   |           
238    | 2.8629     | 0.3732     | 1.2313       | 1.2584       | 0.9844     | 0.5104       | 0.9025   | 0.5020  , 0.4980   |           
239    | 2.8190     | 0.3563     | 1.2343       | 1.2284       | 0.9812     | 0.5143       | 0.9444   | 0.5117  , 0.4883   |           
240    | 2.8811     | 0.3961     | 1.2417       | 1.2434       | 0.9771     | 0.5023       | 0.9196   | 0.5120  , 0.4880   |           
241    | 2.8419     | 0.3558     | 1.2425       | 1.2436       | 0.9802     | 0.5135       | 0.8501   | 0.4916  , 0.5084   |           
242    | 2.8307     | 0.3384     | 1.2530       | 1.2393       | 0.9823     | 0.5308       | 0.8572   | 0.5022  , 0.4978   |           
243    | 2.8699     | 0.3630     | 1.2506       | 1.2562       | 0.9833     | 0.5288       | 0.8543   | 0.5269  , 0.4731   |           
244    | 2.8207     | 0.3537     | 1.2351       | 1.2319       | 0.9844     | 0.5201       | 0.8096   | 0.4778  , 0.5222   |           
245    | 2.8541     | 0.3622     | 1.2358       | 1.2562       | 0.9833     | 0.5505       | 0.8417   | 0.5090  , 0.4910   |           
246    | 2.8499     | 0.3436     | 1.2465       | 1.2598       | 0.9802     | 0.5620       | 0.8514   | 0.4812  , 0.5188   |           
247    | 2.8818     | 0.3851     | 1.2464       | 1.2502       | 0.9812     | 0.4552       | 0.8745   | 0.4901  , 0.5099   | (ADV 0.75)
248    | 2.8724     | 0.3647     | 1.2485       | 1.2592       | 0.9792     | 0.5534       | 0.7904   | 0.4953  , 0.5047   |           
249    | 2.9054     | 0.3912     | 1.2503       | 1.2639       | 0.9844     | 0.5334       | 0.8775   | 0.4874  , 0.5126   |           
250    | 2.9128     | 0.3980     | 1.2553       | 1.2595       | 0.9792     | 0.5672       | 0.7748   | 0.5113  , 0.4887   |           
251    | 2.8867     | 0.3852     | 1.2585       | 1.2430       | 0.9844     | 0.4800       | 0.8976   | 0.4937  , 0.5063   |           
252    | 2.8020     | 0.3142     | 1.2441       | 1.2438       | 0.9854     | 0.5227       | 0.8238   | 0.5098  , 0.4902   |           
253    | 2.8613     | 0.3559     | 1.2462       | 1.2592       | 0.9854     | 0.5572       | 0.8348   | 0.4963  , 0.5037   |           
254    | 2.8528     | 0.3505     | 1.2516       | 1.2507       | 0.9802     | 0.4940       | 0.8265   | 0.5149  , 0.4851   |           
255    | 2.8616     | 0.3512     | 1.2632       | 1.2473       | 0.9823     | 0.5345       | 0.7952   | 0.5307  , 0.4693   |           
256    | 2.8847     | 0.3670     | 1.2611       | 1.2567       | 0.9844     | 0.5596       | 0.7372   | 0.5295  , 0.4705   |           
257    | 2.8911     | 0.3791     | 1.2482       | 1.2638       | 0.9854     | 0.5502       | 0.8406   | 0.5048  , 0.4952   |           
258    | 2.8419     | 0.3439     | 1.2439       | 1.2541       | 0.9802     | 0.5240       | 0.8977   | 0.4998  , 0.5002   |           
259    | 2.9077     | 0.3739     | 1.2741       | 1.2598       | 0.9823     | 0.5311       | 0.8166   | 0.5333  , 0.4667   |           
260    | 2.8923     | 0.3707     | 1.2550       | 1.2666       | 0.9844     | 0.5156       | 0.7911   | 0.5036  , 0.4964   |           
261    | 2.8187     | 0.3269     | 1.2345       | 1.2574       | 0.9812     | 0.5199       | 0.7840   | 0.5137  , 0.4863   |           
262    | 2.8707     | 0.3781     | 1.2476       | 1.2450       | 0.9823     | 0.5634       | 0.8604   | 0.5195  , 0.4805   |           
263    | 2.9023     | 0.4016     | 1.2433       | 1.2573       | 0.9823     | 0.5248       | 0.8375   | 0.4864  , 0.5136   |           
264    | 2.8280     | 0.3305     | 1.2432       | 1.2543       | 0.9802     | 0.5130       | 0.8547   | 0.5200  , 0.4800   |           
265    | 2.9202     | 0.3952     | 1.2597       | 1.2653       | 0.9750     | 0.5634       | 0.8740   | 0.5100  , 0.4900   |           
266    | 2.8533     | 0.3568     | 1.2547       | 1.2419       | 0.9812     | 0.5285       | 0.8159   | 0.5170  , 0.4830   |           
267    | 2.8618     | 0.3445     | 1.2779       | 1.2394       | 0.9833     | 0.5169       | 0.8811   | 0.4948  , 0.5052   |           
268    | 2.8685     | 0.3457     | 1.2690       | 1.2538       | 0.9823     | 0.5267       | 0.7768   | 0.4886  , 0.5114   |           
269    | 2.8636     | 0.3374     | 1.2623       | 1.2639       | 0.9802     | 0.4648       | 0.8267   | 0.5101  , 0.4899   |           
270    | 2.8612     | 0.3411     | 1.2676       | 1.2525       | 0.9865     | 0.5259       | 0.8371   | 0.4864  , 0.5136   |           
271    | 2.8549     | 0.3509     | 1.2596       | 1.2444       | 0.9812     | 0.5023       | 0.8150   | 0.4932  , 0.5068   |           
272    | 2.8607     | 0.3478     | 1.2479       | 1.2650       | 0.9792     | 0.5172       | 0.8175   | 0.5142  , 0.4858   |           
273    | 2.8489     | 0.3299     | 1.2568       | 1.2623       | 0.9781     | 0.5192       | 0.7741   | 0.5011  , 0.4989   |           
274    | 2.8602     | 0.3432     | 1.2521       | 1.2648       | 0.9688     | 0.5176       | 0.8152   | 0.5091  , 0.4909   |           
275    | 2.9038     | 0.3807     | 1.2572       | 1.2660       | 0.9771     | 0.4952       | 0.8313   | 0.5233  , 0.4767   |           
276    | 2.8700     | 0.3469     | 1.2575       | 1.2657       | 0.9823     | 0.5120       | 0.8012   | 0.5240  , 0.4760   |           
277    | 2.8121     | 0.3171     | 1.2506       | 1.2444       | 0.9771     | 0.4906       | 0.8047   | 0.4922  , 0.5078   |           
278    | 2.8420     | 0.3211     | 1.2630       | 1.2578       | 0.9729     | 0.4736       | 0.8159   | 0.5144  , 0.4856   |           
279    | 2.8877     | 0.3615     | 1.2637       | 1.2625       | 0.9771     | 0.4846       | 0.7924   | 0.5080  , 0.4920   |           
280    | 2.8182     | 0.3230     | 1.2511       | 1.2441       | 0.9802     | 0.4707       | 0.8324   | 0.5077  , 0.4923   |           
281    | 2.8283     | 0.3251     | 1.2583       | 1.2448       | 0.9844     | 0.5319       | 0.7632   | 0.4963  , 0.5037   |           
282    | 2.8965     | 0.3760     | 1.2618       | 1.2587       | 0.9854     | 0.4774       | 0.8449   | 0.5286  , 0.4714   |           
283    | 2.8699     | 0.3378     | 1.2676       | 1.2646       | 0.9854     | 0.5060       | 0.8811   | 0.5289  , 0.4711   |           
284    | 2.8875     | 0.3563     | 1.2828       | 1.2484       | 0.9802     | 0.5152       | 0.8764   | 0.4936  , 0.5064   |           
285    | 2.9657     | 0.3999     | 1.2946       | 1.2712       | 0.9844     | 0.4805       | 0.8445   | 0.5266  , 0.4734   |           
286    | 2.8787     | 0.3470     | 1.2789       | 1.2528       | 0.9865     | 0.4919       | 0.9100   | 0.5201  , 0.4799   |           
287    | 2.8619     | 0.3458     | 1.2672       | 1.2488       | 0.9865     | 0.5039       | 0.8104   | 0.5264  , 0.4736   |           
288    | 2.8344     | 0.3246     | 1.2625       | 1.2473       | 0.9812     | 0.4825       | 0.7693   | 0.5127  , 0.4873   |           
289    | 2.8590     | 0.3446     | 1.2613       | 1.2530       | 0.9812     | 0.4873       | 0.7791   | 0.4982  , 0.5018   |           
290    | 2.8313     | 0.3227     | 1.2652       | 1.2434       | 0.9771     | 0.4596       | 0.9130   | 0.5025  , 0.4975   |           
291    | 2.8299     | 0.3121     | 1.2772       | 1.2405       | 0.9854     | 0.5000       | 0.8520   | 0.5150  , 0.4850   |           
292    | 2.8388     | 0.3169     | 1.2708       | 1.2511       | 0.9823     | 0.4920       | 0.8241   | 0.5064  , 0.4936   |           
293    | 2.8193     | 0.3002     | 1.2711       | 1.2480       | 0.9771     | 0.5016       | 0.7943   | 0.5120  , 0.4880   |           
294    | 2.8502     | 0.3295     | 1.2729       | 1.2479       | 0.9844     | 0.4571       | 0.8153   | 0.5080  , 0.4920   | (ADV 0.76)
295    | 2.8516     | 0.3390     | 1.2663       | 1.2463       | 0.9792     | 0.5026       | 0.7980   | 0.5031  , 0.4969   |           
296    | 2.8539     | 0.3393     | 1.2549       | 1.2597       | 0.9823     | 0.4870       | 0.8012   | 0.5242  , 0.4758   |           
297    | 2.8148     | 0.3092     | 1.2550       | 1.2506       | 0.9844     | 0.4820       | 0.8659   | 0.5362  , 0.4638   |           
298    | 2.8252     | 0.3207     | 1.2642       | 1.2403       | 0.9802     | 0.4873       | 0.7945   | 0.5237  , 0.4763   |           
299    | 2.8682     | 0.3447     | 1.2601       | 1.2634       | 0.9781     | 0.5072       | 0.7806   | 0.5341  , 0.4659   |           
300    | 2.8812     | 0.3403     | 1.2677       | 1.2732       | 0.9844     | 0.4995       | 0.8510   | 0.5330  , 0.4670   |           
301    | 2.8683     | 0.3516     | 1.2634       | 1.2532       | 0.9875     | 0.5637       | 0.8670   | 0.5281  , 0.4719   |           
302    | 2.8323     | 0.3174     | 1.2595       | 1.2554       | 0.9854     | 0.4946       | 0.7924   | 0.5135  , 0.4865   |           
303    | 2.8840     | 0.3480     | 1.2787       | 1.2574       | 0.9844     | 0.5177       | 0.8821   | 0.5168  , 0.4832   |           
304    | 2.8476     | 0.3405     | 1.2675       | 1.2396       | 0.9802     | 0.5243       | 0.8572   | 0.5212  , 0.4788   |           
305    | 2.8752     | 0.3395     | 1.2695       | 1.2662       | 0.9833     | 0.4946       | 0.8422   | 0.5241  , 0.4759   |           
306    | 2.8515     | 0.3289     | 1.2618       | 1.2608       | 0.9823     | 0.4930       | 0.8508   | 0.5253  , 0.4747   |           
307    | 2.8062     | 0.2956     | 1.2624       | 1.2482       | 0.9854     | 0.5067       | 0.8008   | 0.5349  , 0.4651   |           
308    | 2.8440     | 0.3158     | 1.2748       | 1.2534       | 0.9844     | 0.5032       | 0.8774   | 0.5316  , 0.4684   |           
309    | 2.8380     | 0.3247     | 1.2637       | 1.2496       | 0.9750     | 0.5227       | 0.9155   | 0.5191  , 0.4809   |           
310    | 2.8863     | 0.3457     | 1.2780       | 1.2627       | 0.9844     | 0.5160       | 0.9245   | 0.5359  , 0.4641   |           
311    | 2.9063     | 0.3689     | 1.2882       | 1.2492       | 0.9781     | 0.5661       | 0.8935   | 0.5452  , 0.4548   |           
312    | 2.8973     | 0.3567     | 1.2877       | 1.2529       | 0.9823     | 0.5080       | 0.8923   | 0.5439  , 0.4561   |           
313    | 2.9272     | 0.3754     | 1.2875       | 1.2643       | 0.9792     | 0.4977       | 0.9374   | 0.5624  , 0.4376   |           
314    | 2.8636     | 0.3421     | 1.2783       | 1.2432       | 0.9771     | 0.4951       | 0.8597   | 0.5281  , 0.4719   |           
315    | 2.9360     | 0.3758     | 1.2860       | 1.2743       | 0.9865     | 0.5269       | 0.8897   | 0.5359  , 0.4641   |           
316    | 2.8405     | 0.3137     | 1.2768       | 1.2500       | 0.9865     | 0.5141       | 0.8025   | 0.5421  , 0.4579   |           
317    | 2.8617     | 0.3178     | 1.2923       | 1.2516       | 0.9823     | 0.4417       | 0.8374   | 0.5459  , 0.4541   | (ADV 0.76)
318    | 2.8949     | 0.3509     | 1.2877       | 1.2562       | 0.9781     | 0.4933       | 0.8702   | 0.5525  , 0.4475   |           
319    | 2.8527     | 0.3156     | 1.2966       | 1.2405       | 0.9812     | 0.5297       | 0.8355   | 0.5539  , 0.4461   |           
320    | 2.8731     | 0.3268     | 1.2907       | 1.2556       | 0.9823     | 0.5477       | 0.8690   | 0.5669  , 0.4331   |           
321    | 2.8090     | 0.2880     | 1.2781       | 1.2429       | 0.9760     | 0.4836       | 0.9515   | 0.5362  , 0.4638   |           
322    | 2.9177     | 0.3706     | 1.2934       | 1.2537       | 0.9823     | 0.4742       | 0.8353   | 0.5374  , 0.4626   |           
323    | 2.8695     | 0.3272     | 1.2866       | 1.2558       | 0.9750     | 0.4780       | 0.8487   | 0.5410  , 0.4590   |           
324    | 2.8952     | 0.3613     | 1.2763       | 1.2576       | 0.9833     | 0.5423       | 0.8835   | 0.5312  , 0.4688   |           
325    | 2.8115     | 0.3053     | 1.2651       | 1.2411       | 0.9792     | 0.5244       | 0.8573   | 0.5533  , 0.4467   |           
326    | 2.8559     | 0.3251     | 1.2682       | 1.2626       | 0.9854     | 0.5355       | 0.8845   | 0.5218  , 0.4782   |           
327    | 2.8718     | 0.3263     | 1.2880       | 1.2576       | 0.9875     | 0.5369       | 0.8408   | 0.5445  , 0.4555   |           
328    | 2.9323     | 0.3778     | 1.2784       | 1.2761       | 0.9823     | 0.5030       | 0.7652   | 0.5555  , 0.4445   |           
329    | 2.8776     | 0.3354     | 1.2794       | 1.2628       | 0.9781     | 0.4955       | 0.7695   | 0.5571  , 0.4429   |           
330    | 2.8308     | 0.3043     | 1.2890       | 1.2376       | 0.9802     | 0.4642       | 0.8072   | 0.5563  , 0.4437   |           
331    | 2.8609     | 0.3174     | 1.2844       | 1.2590       | 0.9844     | 0.5217       | 0.8975   | 0.5591  , 0.4409   |           
332    | 2.8596     | 0.3389     | 1.2761       | 1.2446       | 0.9812     | 0.4792       | 0.8658   | 0.5636  , 0.4364   |           
333    | 2.8642     | 0.3147     | 1.2886       | 1.2609       | 0.9781     | 0.4763       | 0.8940   | 0.5520  , 0.4480   |           
334    | 2.8635     | 0.3198     | 1.2950       | 1.2486       | 0.9771     | 0.4399       | 0.9209   | 0.5487  , 0.4513   |           
335    | 2.9055     | 0.3477     | 1.2958       | 1.2620       | 0.9812     | 0.4340       | 0.8963   | 0.5358  , 0.4642   | (ADV 0.76)
336    | 2.8956     | 0.3371     | 1.2942       | 1.2643       | 0.9812     | 0.4945       | 0.8716   | 0.5555  , 0.4445   |           
337    | 2.8992     | 0.3583     | 1.2845       | 1.2565       | 0.9812     | 0.4615       | 0.9127   | 0.5371  , 0.4629   |           
338    | 2.8564     | 0.3188     | 1.2923       | 1.2453       | 0.9802     | 0.4795       | 0.8867   | 0.5496  , 0.4504   |           
339    | 2.8538     | 0.3165     | 1.2816       | 1.2557       | 0.9844     | 0.4595       | 0.8762   | 0.5476  , 0.4524   |           
340    | 2.8712     | 0.3245     | 1.2885       | 1.2582       | 0.9781     | 0.4376       | 0.9080   | 0.5415  , 0.4585   |           
341    | 2.9265     | 0.3939     | 1.2800       | 1.2525       | 0.9823     | 0.4902       | 0.8917   | 0.5379  , 0.4621   |           
342    | 2.8847     | 0.3479     | 1.2844       | 1.2524       | 0.9802     | 0.4642       | 0.9029   | 0.5265  , 0.4735   |           
343    | 2.8078     | 0.2911     | 1.2770       | 1.2397       | 0.9812     | 0.4705       | 0.8777   | 0.5368  , 0.4632   |           
344    | 2.9234     | 0.3585     | 1.3068       | 1.2581       | 0.9760     | 0.4473       | 0.9083   | 0.5329  , 0.4671   |           
345    | 2.8868     | 0.3332     | 1.2968       | 1.2568       | 0.9781     | 0.4705       | 0.8363   | 0.5413  , 0.4587   |           
346    | 2.8556     | 0.3102     | 1.2830       | 1.2624       | 0.9823     | 0.4554       | 0.7688   | 0.5358  , 0.4642   |           
347    | 2.8818     | 0.3458     | 1.2882       | 1.2478       | 0.9792     | 0.4411       | 0.8346   | 0.5316  , 0.4684   |           
348    | 2.9119     | 0.3587     | 1.2788       | 1.2744       | 0.9833     | 0.4862       | 0.8053   | 0.5143  , 0.4857   |           
349    | 2.8705     | 0.3338     | 1.2685       | 1.2681       | 0.9792     | 0.4587       | 0.9270   | 0.5181  , 0.4819   |           
350    | 2.8415     | 0.3135     | 1.2734       | 1.2546       | 0.9812     | 0.4060       | 0.8324   | 0.5316  , 0.4684   | (ADV 0.78)
351    | 2.8965     | 0.3588     | 1.2779       | 1.2599       | 0.9760     | 0.4678       | 0.8962   | 0.5377  , 0.4623   |           
352    | 2.8835     | 0.3394     | 1.2932       | 1.2509       | 0.9781     | 0.4456       | 0.9101   | 0.5127  , 0.4873   |           
353    | 2.8576     | 0.3077     | 1.2804       | 1.2694       | 0.9802     | 0.4450       | 0.8634   | 0.5056  , 0.4944   |           
354    | 2.9355     | 0.3682     | 1.2879       | 1.2793       | 0.9781     | 0.4160       | 0.8716   | 0.5112  , 0.4888   |           
355    | 2.8954     | 0.3361     | 1.2920       | 1.2674       | 0.9823     | 0.4285       | 0.8502   | 0.5305  , 0.4695   |           
356    | 2.8284     | 0.2936     | 1.2778       | 1.2570       | 0.9833     | 0.4380       | 0.8484   | 0.5259  , 0.4741   |           
357    | 2.9048     | 0.3475     | 1.2846       | 1.2726       | 0.9719     | 0.3995       | 0.8310   | 0.5127  , 0.4873   |           
358    | 2.8590     | 0.3239     | 1.2759       | 1.2592       | 0.9760     | 0.4151       | 0.8453   | 0.5097  , 0.4903   |           
359    | 2.8956     | 0.3260     | 1.2852       | 1.2843       | 0.9854     | 0.4210       | 0.8708   | 0.5374  , 0.4626   |           
360    | 2.8538     | 0.3167     | 1.2736       | 1.2635       | 0.9792     | 0.4239       | 0.8707   | 0.5408  , 0.4592   |           
361    | 2.8913     | 0.3359     | 1.2926       | 1.2627       | 0.9760     | 0.4316       | 0.8510   | 0.5378  , 0.4622   |           
362    | 2.8904     | 0.3552     | 1.2823       | 1.2529       | 0.9844     | 0.4562       | 0.8699   | 0.5473  , 0.4527   |           
363    | 2.9021     | 0.3522     | 1.2874       | 1.2626       | 0.9792     | 0.5136       | 0.8679   | 0.5501  , 0.4499   |           
364    | 2.8831     | 0.3316     | 1.2789       | 1.2726       | 0.9833     | 0.4827       | 0.7956   | 0.5491  , 0.4509   |           
365    | 2.8887     | 0.3385     | 1.2876       | 1.2626       | 0.9781     | 0.4578       | 0.9235   | 0.5587  , 0.4413   |           
366    | 2.8776     | 0.3222     | 1.2890       | 1.2663       | 0.9729     | 0.4336       | 0.8361   | 0.5561  , 0.4439   |           
367    | 2.8694     | 0.3172     | 1.2852       | 1.2670       | 0.9823     | 0.5028       | 0.8079   | 0.5593  , 0.4407   |           
368    | 2.8744     | 0.3253     | 1.2780       | 1.2712       | 0.9792     | 0.4471       | 0.8088   | 0.5552  , 0.4448   |           
369    | 2.9029     | 0.3382     | 1.2882       | 1.2765       | 0.9771     | 0.4932       | 0.8031   | 0.5569  , 0.4431   |           
370    | 2.8619     | 0.3086     | 1.2880       | 1.2653       | 0.9792     | 0.4505       | 0.7915   | 0.5459  , 0.4541   |           
371    | 2.8622     | 0.3143     | 1.2870       | 1.2609       | 0.9792     | 0.4633       | 0.8046   | 0.5582  , 0.4418   |           
372    | 2.8433     | 0.2992     | 1.2880       | 1.2561       | 0.9792     | 0.4376       | 0.8539   | 0.5461  , 0.4539   |           
373    | 2.8983     | 0.3372     | 1.2938       | 1.2674       | 0.9760     | 0.4765       | 0.8189   | 0.5485  , 0.4515   |           
374    | 2.8520     | 0.2960     | 1.2912       | 1.2647       | 0.9823     | 0.4965       | 0.8819   | 0.5378  , 0.4622   |           
375    | 2.8791     | 0.3057     | 1.2930       | 1.2804       | 0.9812     | 0.4536       | 0.8758   | 0.5533  , 0.4467   |           
376    | 2.8744     | 0.3149     | 1.2820       | 1.2775       | 0.9812     | 0.4854       | 0.7894   | 0.5573  , 0.4427   |           
377    | 2.8750     | 0.3017     | 1.3019       | 1.2714       | 0.9771     | 0.4483       | 0.7655   | 0.5622  , 0.4378   |           
378    | 2.8788     | 0.3071     | 1.2920       | 1.2796       | 0.9750     | 0.5071       | 0.8950   | 0.5676  , 0.4324   |           
379    | 2.9087     | 0.3283     | 1.3016       | 1.2789       | 0.9823     | 0.4935       | 0.8946   | 0.5672  , 0.4328   |           
380    | 2.8662     | 0.2932     | 1.2962       | 1.2767       | 0.9792     | 0.4577       | 0.9026   | 0.5714  , 0.4286   |           
381    | 2.9261     | 0.3570     | 1.3003       | 1.2689       | 0.9781     | 0.4642       | 0.8888   | 0.5688  , 0.4312   |           
382    | 2.8698     | 0.3078     | 1.2886       | 1.2734       | 0.9802     | 0.4344       | 0.9453   | 0.5671  , 0.4329   |           
383    | 2.9257     | 0.3357     | 1.3021       | 1.2879       | 0.9781     | 0.4575       | 0.8650   | 0.5609  , 0.4391   |           
384    | 2.9038     | 0.3322     | 1.2972       | 1.2743       | 0.9771     | 0.4246       | 0.9166   | 0.5811  , 0.4189   |           
385    | 2.9111     | 0.3406     | 1.2896       | 1.2809       | 0.9833     | 0.4477       | 0.8665   | 0.5727  , 0.4273   |           
386    | 2.8535     | 0.2958     | 1.2861       | 1.2717       | 0.9740     | 0.3802       | 0.8935   | 0.5723  , 0.4277   | (ADV 0.78)
387    | 2.9162     | 0.3386     | 1.2898       | 1.2878       | 0.9760     | 0.4350       | 0.8851   | 0.5726  , 0.4274   |           
388    | 2.9102     | 0.3374     | 1.2963       | 1.2765       | 0.9781     | 0.4620       | 0.8899   | 0.5856  , 0.4144   |           
389    | 2.8530     | 0.2908     | 1.2820       | 1.2801       | 0.9812     | 0.4214       | 0.8691   | 0.5875  , 0.4125   |           
390    | 2.8607     | 0.2969     | 1.2875       | 1.2763       | 0.9823     | 0.4206       | 0.8334   | 0.5763  , 0.4237   |           
391    | 2.8792     | 0.3125     | 1.2895       | 1.2771       | 0.9833     | 0.4367       | 0.8071   | 0.5757  , 0.4243   |           
392    | 2.8878     | 0.3282     | 1.2851       | 1.2745       | 0.9833     | 0.4566       | 0.8829   | 0.5840  , 0.4160   |           
393    | 2.8983     | 0.3200     | 1.2819       | 1.2964       | 0.9854     | 0.4293       | 0.8089   | 0.5850  , 0.4150   |           
394    | 2.8875     | 0.3168     | 1.2912       | 1.2795       | 0.9833     | 0.4131       | 0.8738   | 0.5670  , 0.4330   |           
395    | 2.9196     | 0.3415     | 1.2903       | 1.2877       | 0.9833     | 0.4025       | 0.8343   | 0.5668  , 0.4332   |           
396    | 2.9421     | 0.3535     | 1.2965       | 1.2921       | 0.9844     | 0.4513       | 0.8483   | 0.5659  , 0.4341   |           
397    | 2.9331     | 0.3491     | 1.2900       | 1.2940       | 0.9833     | 0.3723       | 0.8628   | 0.5612  , 0.4388   | (ADV 0.80)
398    | 2.9095     | 0.3401     | 1.2848       | 1.2845       | 0.9781     | 0.4399       | 0.8543   | 0.5876  , 0.4124   |           
399    | 2.8988     | 0.3121     | 1.2958       | 1.2909       | 0.9833     | 0.4268       | 0.8500   | 0.5573  , 0.4427   |           
400    | 2.9249     | 0.3440     | 1.2936       | 1.2874       | 0.9812     | 0.4933       | 0.8647   | 0.5518  , 0.4482   |           
Seed 123456 | Src Acc: 98.8776 | Src MDE: 0.0145 | Tgt Acc: 36.2245 | Tgt MDE: 0.8628
Finished Combo FusionCDAN_1_2_4. Results saved.
