Mode: Fusion | Features: RSSI(4) + RTT(2)
Model Input Dimension: 6
Start Training Seed 42...
Epoch  | Total Loss | l_sc       | l_dc       | l_tc       | l_ca       | val_l_sc     | val_l_dc     | Save        | Test MDE | Score  
---------------------------------------------------------------------------------------------------------------------------------------
1      | 13.2834    | 3.6299     | 5.5160     | 3.6958     | 0.4417     | 3.0770       | 3.7148       |             | 2.3360   | 6.792  
2      | 12.0511    | 3.0203     | 5.3611     | 3.4155     | 0.2543     | 2.6465       | 3.0987       |             | 2.2101   | 5.745  
3      | 10.9772    | 2.7495     | 5.2159     | 2.8019     | 0.2099     | 2.3698       | 2.4918       |             | 2.0268   | 4.862  
4      | 10.0391    | 2.5339     | 5.0112     | 2.3264     | 0.1676     | 1.9990       | 2.1730       |             | 1.9994   | 4.172  
5      | 9.1920     | 2.2843     | 4.7857     | 1.9609     | 0.1611     | 1.7233       | 1.7985       |             | 2.0319   | 3.522  
6      | 8.3417     | 2.0742     | 4.4596     | 1.6692     | 0.1387     | 1.4882       | 1.4179       |             | 2.1637   | 2.906  
7      | 7.4668     | 1.8665     | 4.1279     | 1.3501     | 0.1223     | 1.2315       | 1.0754       |             | 2.0164   | 2.307  
8      | 6.6421     | 1.7225     | 3.7144     | 1.0886     | 0.1166     | 1.0923       | 0.8865       |             | 1.9736   | 1.979  
9      | 5.9180     | 1.5493     | 3.3148     | 0.9454     | 0.1086     | 1.0034       | 0.7544       |             | 1.9272   | 1.758  
10     | 5.3373     | 1.3848     | 2.9846     | 0.8567     | 0.1112     | 0.9070       | 0.6432       |             | 2.0267   | 1.550  
11     | 4.8410     | 1.3069     | 2.6686     | 0.7663     | 0.0991     | 0.8699       | 0.5461       |             | 2.0398   | 1.416  
12     | 4.4774     | 1.2179     | 2.4704     | 0.6941     | 0.0951     | 0.6200       | 0.5979       |             | 1.9305   | 1.218  
13     | 4.1003     | 1.1291     | 2.1992     | 0.6744     | 0.0976     | 0.6057       | 0.4883       |             | 1.9648   | 1.094  
14     | 3.7390     | 1.0547     | 1.9764     | 0.6137     | 0.0942     | 0.4579       | 0.5149       |             | 1.9692   | 0.973  
15     | 3.4853     | 0.9810     | 1.8425     | 0.5707     | 0.0910     | 0.3453       | 0.6359       |             | 1.9275   | 0.981  
16     | 3.3310     | 0.9698     | 1.7341     | 0.5410     | 0.0861     | 0.5099       | 0.3867       |             | 2.0324   | 0.897  
17     | 3.0405     | 0.8917     | 1.5388     | 0.5241     | 0.0859     | 0.2356       | 0.6913       |             | 1.8195   | 0.927  
18     | 2.9324     | 0.8692     | 1.5102     | 0.4698     | 0.0833     | 0.5291       | 0.3738       |             | 1.9881   | 0.903  
19     | 2.8199     | 0.8629     | 1.4182     | 0.4553     | 0.0834     | 0.5023       | 0.2967       |             | 2.0275   | 0.799  
20     | 2.7785     | 0.8123     | 1.4254     | 0.4588     | 0.0820     | 0.3074       | 0.3902       |             | 1.9308   | 0.698  
21     | 2.7860     | 0.7727     | 1.4864     | 0.4441     | 0.0828     | 0.3268       | 0.2982       |             | 1.9823   | 0.625  
22     | 2.7179     | 0.7751     | 1.4310     | 0.4244     | 0.0875     | 0.3329       | 0.3639       |             | 1.9637   | 0.697  
23     | 2.9015     | 0.7499     | 1.6102     | 0.4536     | 0.0877     | 0.2086       | 0.3796       |             | 1.9463   | 0.588  
24     | 2.9787     | 0.7410     | 1.6930     | 0.4516     | 0.0931     | 0.3534       | 0.3111       |             | 1.9953   | 0.664  
25     | 3.2756     | 0.7533     | 1.9899     | 0.4458     | 0.0864     | 0.1611       | 0.4604       |             | 1.8241   | 0.621  
26     | 3.4038     | 0.7335     | 2.1305     | 0.4555     | 0.0844     | 0.1818       | 0.3518       |             | 1.9601   | 0.534  
27     | 3.3142     | 0.7478     | 2.0374     | 0.4454     | 0.0835     | 0.2217       | 0.3828       |             | 2.0140   | 0.605  
28     | 3.2715     | 0.7281     | 2.0274     | 0.4327     | 0.0834     | 0.1790       | 0.3524       |             | 1.9573   | 0.531  
29     | 3.1794     | 0.6831     | 1.9619     | 0.4496     | 0.0848     | 0.2152       | 0.2987       |             | 1.9487   | 0.514  
30     | 3.1550     | 0.6615     | 1.9648     | 0.4421     | 0.0866     | 0.2173       | 0.2610       |             | 1.9156   | 0.478  
31     | 3.0765     | 0.6905     | 1.8874     | 0.4106     | 0.0879     | 0.1757       | 0.2936       |             | 1.9110   | 0.469  
32     | 3.1679     | 0.6795     | 1.9600     | 0.4434     | 0.0850     | 0.1965       | 0.2885       |             | 1.9461   | 0.485  
33     | 3.4638     | 0.6883     | 2.2359     | 0.4503     | 0.0893     | 0.1799       | 0.2396       |             | 1.8429   | 0.420  
34     | 3.2462     | 0.6631     | 2.0801     | 0.4175     | 0.0855     | 0.1223       | 0.2779       |             | 1.8636   | 0.400  
35     | 3.1294     | 0.6187     | 2.0265     | 0.4020     | 0.0822     | 0.1423       | 0.2600       |             | 1.8544   | 0.402  
36     | 3.7878     | 0.6758     | 2.5532     | 0.4735     | 0.0853     | 0.1624       | 0.3686       |             | 1.8383   | 0.531  
37     | 4.1801     | 0.7222     | 2.8574     | 0.5131     | 0.0875     | 0.1474       | 0.3228       |             | 1.6556   | 0.470  
38     | 3.9423     | 0.6661     | 2.6924     | 0.4960     | 0.0878     | 0.1104       | 0.2856       |             | 1.7514   | 0.396  
39     | 4.0340     | 0.6438     | 2.7830     | 0.5157     | 0.0915     | 0.1119       | 0.2638       |             | 1.7300   | 0.376  
40     | 3.9196     | 0.6129     | 2.7173     | 0.4977     | 0.0916     | 0.1372       | 0.2775       |             | 1.7596   | 0.415  
41     | 3.9840     | 0.6386     | 2.7731     | 0.4791     | 0.0932     | 0.1262       | 0.3237       |             | 1.6268   | 0.450  
42     | 4.0208     | 0.6729     | 2.7615     | 0.4921     | 0.0944     | 0.1270       | 0.3075       |             | 1.7032   | 0.434  
43     | 4.0120     | 0.6785     | 2.7609     | 0.4778     | 0.0948     | 0.1003       | 0.2763       |             | 1.7764   | 0.377  
44     | 4.0497     | 0.6312     | 2.8182     | 0.5049     | 0.0954     | 0.2231       | 0.2893       |             | 1.6843   | 0.512  
45     | 4.2742     | 0.6541     | 2.9956     | 0.5272     | 0.0972     | 0.1630       | 0.3779       |             | 1.6480   | 0.541  
46     | 4.3251     | 0.6587     | 3.0476     | 0.5199     | 0.0989     | 0.1050       | 0.3357       |             | 1.6498   | 0.441  
47     | 4.1468     | 0.6217     | 2.9181     | 0.5172     | 0.0899     | 0.1076       | 0.3824       |             | 1.5224   | 0.490  
48     | 4.2411     | 0.6277     | 2.9735     | 0.5469     | 0.0930     | 0.0930       | 0.3915       |             | 1.3766   | 0.484  
49     | 3.7525     | 0.5633     | 2.6324     | 0.4707     | 0.0860     | 0.1169       | 0.2552       |             | 1.6378   | 0.372  
50     | 4.0630     | 0.6498     | 2.8620     | 0.4618     | 0.0894     | 0.1060       | 0.2090       |             | 1.6019   | 0.315  
51     | 4.1763     | 0.6335     | 2.9589     | 0.4956     | 0.0883     | 0.0901       | 0.2817       | (saved)     | 1.3161   | 0.372  
52     | 4.4061     | 0.6189     | 3.1809     | 0.5159     | 0.0905     | 0.1036       | 0.2542       | (saved)     | 1.4707   | 0.358  
53     | 4.3494     | 0.5900     | 3.1564     | 0.5115     | 0.0915     | 0.1318       | 0.3692       |             | 1.5498   | 0.501  
54     | 4.3216     | 0.5958     | 3.1097     | 0.5273     | 0.0888     | 0.1034       | 0.2941       |             | 1.4570   | 0.398  
55     | 4.3329     | 0.6263     | 3.1229     | 0.5004     | 0.0833     | 0.0880       | 0.3228       |             | 1.4341   | 0.411  
56     | 4.3827     | 0.5739     | 3.2019     | 0.5244     | 0.0824     | 0.1077       | 0.3336       |             | 1.2102   | 0.441  
57     | 4.7110     | 0.6283     | 3.4401     | 0.5546     | 0.0880     | 0.1119       | 0.2842       |             | 1.2747   | 0.396  
58     | 4.7103     | 0.6178     | 3.4668     | 0.5339     | 0.0918     | 0.0979       | 0.2848       |             | 1.3026   | 0.383  
59     | 4.6121     | 0.5991     | 3.4203     | 0.5042     | 0.0886     | 0.0785       | 0.2699       | (saved)     | 1.1986   | 0.348  
60     | 4.8909     | 0.6315     | 3.6215     | 0.5457     | 0.0922     | 0.0737       | 0.3520       |             | 1.2516   | 0.426  
61     | 4.9986     | 0.6499     | 3.7312     | 0.5236     | 0.0939     | 0.0834       | 0.2853       |             | 1.1773   | 0.369  
62     | 4.6729     | 0.5802     | 3.4895     | 0.5138     | 0.0894     | 0.0813       | 0.2687       |             | 1.2896   | 0.350  
63     | 4.5466     | 0.5755     | 3.3897     | 0.4947     | 0.0867     | 0.0733       | 0.3271       |             | 1.1126   | 0.400  
64     | 4.6379     | 0.5626     | 3.4809     | 0.5113     | 0.0831     | 0.0695       | 0.2657       | (saved)     | 1.0776   | 0.335  
65     | 4.6259     | 0.5555     | 3.5066     | 0.4842     | 0.0797     | 0.0686       | 0.2702       |             | 1.0419   | 0.339  
66     | 4.6557     | 0.5259     | 3.5581     | 0.4917     | 0.0799     | 0.0855       | 0.2576       |             | 1.0173   | 0.343  
67     | 5.1612     | 0.5791     | 3.9911     | 0.5113     | 0.0797     | 0.1194       | 0.3060       |             | 0.9756   | 0.425  
68     | 4.8211     | 0.5939     | 3.6516     | 0.4975     | 0.0780     | 0.0903       | 0.2566       |             | 1.0189   | 0.347  
69     | 4.8361     | 0.5473     | 3.7365     | 0.4732     | 0.0790     | 0.0875       | 0.2633       |             | 0.8777   | 0.351  
70     | 5.6259     | 0.6370     | 4.3733     | 0.5326     | 0.0830     | 0.0782       | 0.2548       | (saved)     | 0.8154   | 0.333  
71     | 5.2156     | 0.5723     | 4.0616     | 0.4996     | 0.0821     | 0.0819       | 0.2551       |             | 0.8639   | 0.337  
72     | 5.2337     | 0.5823     | 4.0665     | 0.4990     | 0.0859     | 0.1010       | 0.2627       |             | 0.8763   | 0.364  
73     | 5.4931     | 0.5875     | 4.2983     | 0.5186     | 0.0887     | 0.0777       | 0.2803       |             | 0.8304   | 0.358  
74     | 5.3912     | 0.5630     | 4.2176     | 0.5202     | 0.0904     | 0.1282       | 0.2579       |             | 0.8770   | 0.386  
75     | 5.4982     | 0.5668     | 4.3119     | 0.5329     | 0.0866     | 0.1202       | 0.2751       |             | 0.8095   | 0.395  
76     | 5.4616     | 0.5914     | 4.2879     | 0.4975     | 0.0848     | 0.0811       | 0.2729       |             | 0.8295   | 0.354  
77     | 5.2435     | 0.5724     | 4.0905     | 0.4957     | 0.0849     | 0.0825       | 0.2535       |             | 0.8738   | 0.336  
78     | 5.1579     | 0.5855     | 4.0261     | 0.4607     | 0.0855     | 0.0813       | 0.2869       |             | 0.9194   | 0.368  
79     | 5.1910     | 0.5445     | 4.0819     | 0.4789     | 0.0856     | 0.1014       | 0.2676       |             | 0.8684   | 0.369  
80     | 5.1507     | 0.5519     | 4.0432     | 0.4704     | 0.0852     | 0.0767       | 0.2544       | (saved)     | 0.8038   | 0.331  
81     | 4.9652     | 0.5003     | 3.8888     | 0.4922     | 0.0838     | 0.0744       | 0.2497       | (saved)     | 0.9109   | 0.324  
82     | 5.0494     | 0.5060     | 3.9790     | 0.4772     | 0.0872     | 0.0966       | 0.2742       |             | 0.9415   | 0.371  
83     | 4.9843     | 0.5379     | 3.8866     | 0.4739     | 0.0859     | 0.0796       | 0.2870       |             | 0.8614   | 0.367  
84     | 4.9476     | 0.4929     | 3.9019     | 0.4646     | 0.0882     | 0.0805       | 0.2825       |             | 0.9545   | 0.363  
85     | 5.0805     | 0.5154     | 4.0076     | 0.4708     | 0.0868     | 0.0895       | 0.2692       |             | 0.8526   | 0.359  
86     | 5.0331     | 0.4879     | 4.0079     | 0.4514     | 0.0859     | 0.0916       | 0.2458       |             | 0.8445   | 0.337  
87     | 5.0761     | 0.5039     | 4.0433     | 0.4384     | 0.0905     | 0.0792       | 0.2206       | (saved)     | 0.8535   | 0.300  
88     | 5.0269     | 0.5506     | 3.9550     | 0.4296     | 0.0917     | 0.0672       | 0.2149       | (saved)     | 0.9068   | 0.282  
89     | 4.8056     | 0.4568     | 3.8408     | 0.4193     | 0.0887     | 0.0509       | 0.2040       | (saved)     | 0.8651   | 0.255  
90     | 5.1066     | 0.4759     | 4.0929     | 0.4482     | 0.0896     | 0.0673       | 0.2776       |             | 0.9389   | 0.345  
91     | 5.0148     | 0.5270     | 3.9688     | 0.4288     | 0.0902     | 0.0700       | 0.2562       |             | 0.9399   | 0.326  
92     | 4.8019     | 0.4841     | 3.8299     | 0.4036     | 0.0844     | 0.0759       | 0.2641       |             | 0.8282   | 0.340  
93     | 4.8812     | 0.4981     | 3.8865     | 0.4117     | 0.0849     | 0.0640       | 0.2291       |             | 0.9060   | 0.293  
94     | 4.7825     | 0.4565     | 3.8376     | 0.4028     | 0.0856     | 0.0655       | 0.2136       |             | 0.9753   | 0.279  
95     | 4.5964     | 0.4612     | 3.6644     | 0.3837     | 0.0871     | 0.0605       | 0.2351       |             | 0.9875   | 0.296  
96     | 4.6208     | 0.4915     | 3.6504     | 0.3923     | 0.0867     | 0.0519       | 0.2327       |             | 0.9832   | 0.285  
97     | 4.6626     | 0.4501     | 3.7239     | 0.3986     | 0.0899     | 0.0835       | 0.2435       |             | 0.9445   | 0.327  
98     | 4.6681     | 0.4641     | 3.7399     | 0.3749     | 0.0893     | 0.0591       | 0.2237       |             | 0.9942   | 0.283  
99     | 4.5034     | 0.4496     | 3.5930     | 0.3740     | 0.0869     | 0.0757       | 0.1915       |             | 0.9081   | 0.267  
100    | 4.7705     | 0.4717     | 3.8145     | 0.3957     | 0.0886     | 0.0781       | 0.2516       |             | 0.8834   | 0.330  
101    | 4.8561     | 0.5085     | 3.8583     | 0.4027     | 0.0865     | 0.0733       | 0.2125       |             | 0.9117   | 0.286  
102    | 4.7409     | 0.4821     | 3.7684     | 0.3977     | 0.0927     | 0.0720       | 0.2222       |             | 0.9312   | 0.294  
103    | 5.0145     | 0.4997     | 3.9780     | 0.4424     | 0.0944     | 0.0753       | 0.2616       |             | 0.9555   | 0.337  
104    | 4.9490     | 0.4961     | 3.9262     | 0.4291     | 0.0976     | 0.0778       | 0.2659       |             | 0.9661   | 0.344  
105    | 4.8588     | 0.5049     | 3.8603     | 0.4013     | 0.0923     | 0.0866       | 0.2349       |             | 0.9506   | 0.321  
106    | 4.9729     | 0.4716     | 4.0180     | 0.3933     | 0.0899     | 0.0787       | 0.2195       |             | 0.9856   | 0.298  
107    | 4.7975     | 0.5057     | 3.7995     | 0.3965     | 0.0959     | 0.0738       | 0.2297       |             | 0.9974   | 0.303  
108    | 4.6915     | 0.4924     | 3.7294     | 0.3787     | 0.0911     | 0.0687       | 0.2182       |             | 0.9445   | 0.287  
109    | 4.6337     | 0.4120     | 3.7555     | 0.3752     | 0.0910     | 0.0666       | 0.1888       |             | 0.9198   | 0.255  
110    | 4.8288     | 0.5037     | 3.8531     | 0.3787     | 0.0932     | 0.0667       | 0.2121       |             | 0.9312   | 0.279  
111    | 4.8690     | 0.4745     | 3.9101     | 0.3896     | 0.0947     | 0.0577       | 0.2080       |             | 0.8814   | 0.266  
112    | 4.6559     | 0.4509     | 3.7312     | 0.3759     | 0.0980     | 0.0614       | 0.2057       |             | 0.9610   | 0.267  
113    | 4.6342     | 0.4284     | 3.7293     | 0.3778     | 0.0988     | 0.0555       | 0.2090       |             | 0.7973   | 0.265  
114    | 4.7784     | 0.4637     | 3.8489     | 0.3672     | 0.0986     | 0.0441       | 0.2102       | (saved)     | 0.8635   | 0.254  
115    | 4.5246     | 0.4092     | 3.6569     | 0.3617     | 0.0969     | 0.0545       | 0.1913       | (saved)     | 0.8527   | 0.246  
116    | 4.6305     | 0.4298     | 3.7360     | 0.3642     | 0.1006     | 0.0543       | 0.1994       |             | 0.9325   | 0.254  
117    | 4.4690     | 0.4330     | 3.5941     | 0.3440     | 0.0978     | 0.0508       | 0.1885       | (saved)     | 0.9083   | 0.239  
118    | 4.5597     | 0.4239     | 3.6768     | 0.3627     | 0.0963     | 0.0561       | 0.1645       | (saved)     | 0.8494   | 0.221  
119    | 4.7368     | 0.4392     | 3.8397     | 0.3624     | 0.0955     | 0.0489       | 0.1825       |             | 0.8701   | 0.231  
120    | 5.1952     | 0.4721     | 4.2424     | 0.3814     | 0.0994     | 0.0646       | 0.1965       |             | 0.9004   | 0.261  
121    | 5.3511     | 0.4950     | 4.3547     | 0.4012     | 0.1002     | 0.0783       | 0.2025       |             | 0.9099   | 0.281  
122    | 5.2100     | 0.4345     | 4.2766     | 0.3991     | 0.0999     | 0.0824       | 0.1841       |             | 0.9497   | 0.267  
123    | 5.1118     | 0.4609     | 4.1619     | 0.3851     | 0.1039     | 0.0672       | 0.1830       |             | 0.9714   | 0.250  
124    | 4.8451     | 0.4715     | 3.9127     | 0.3605     | 0.1004     | 0.1041       | 0.1790       |             | 0.9225   | 0.283  
125    | 4.7709     | 0.4702     | 3.8505     | 0.3516     | 0.0986     | 0.0892       | 0.1709       |             | 0.9265   | 0.260  
126    | 5.1276     | 0.5314     | 4.0969     | 0.3928     | 0.1064     | 0.1229       | 0.2023       |             | 0.9980   | 0.325  
127    | 5.1223     | 0.4597     | 4.1613     | 0.3987     | 0.1026     | 0.0786       | 0.2256       |             | 0.9642   | 0.304  
128    | 5.2181     | 0.4680     | 4.2503     | 0.3939     | 0.1060     | 0.0833       | 0.2096       |             | 0.9570   | 0.293  
129    | 5.0153     | 0.4882     | 4.0533     | 0.3669     | 0.1068     | 0.0751       | 0.1996       |             | 0.9423   | 0.275  
130    | 5.1854     | 0.5058     | 4.1966     | 0.3729     | 0.1101     | 0.0820       | 0.1810       |             | 0.9818   | 0.263  
131    | 5.2905     | 0.5175     | 4.2485     | 0.4110     | 0.1134     | 0.0944       | 0.1759       |             | 0.9225   | 0.270  
132    | 5.0422     | 0.4726     | 4.0992     | 0.3574     | 0.1130     | 0.0826       | 0.1955       |             | 0.9358   | 0.278  
133    | 5.0937     | 0.4533     | 4.1634     | 0.3641     | 0.1129     | 0.0793       | 0.2031       |             | 0.8285   | 0.282  
134    | 4.9338     | 0.4618     | 4.0053     | 0.3535     | 0.1132     | 0.0814       | 0.2091       |             | 0.9035   | 0.290  
135    | 4.6780     | 0.4600     | 3.7711     | 0.3336     | 0.1133     | 0.0821       | 0.1819       |             | 0.9376   | 0.264  
136    | 4.6556     | 0.4541     | 3.7532     | 0.3346     | 0.1137     | 0.0907       | 0.1850       |             | 0.9448   | 0.276  
137    | 4.8742     | 0.4811     | 3.9150     | 0.3643     | 0.1138     | 0.0742       | 0.1441       | (saved)     | 0.9186   | 0.218  
138    | 4.6194     | 0.4399     | 3.7341     | 0.3309     | 0.1144     | 0.0776       | 0.1561       |             | 0.9310   | 0.234  
139    | 4.5924     | 0.4162     | 3.7442     | 0.3199     | 0.1121     | 0.0862       | 0.1585       |             | 0.9101   | 0.245  
140    | 4.7225     | 0.4134     | 3.8379     | 0.3504     | 0.1208     | 0.0822       | 0.1880       |             | 0.9331   | 0.270  
141    | 5.0317     | 0.4823     | 4.0611     | 0.3674     | 0.1209     | 0.0679       | 0.2219       |             | 0.9231   | 0.290  
142    | 5.0112     | 0.4794     | 4.0358     | 0.3768     | 0.1192     | 0.0862       | 0.1862       |             | 0.9405   | 0.272  
143    | 4.8913     | 0.4337     | 3.9858     | 0.3534     | 0.1184     | 0.0713       | 0.2202       |             | 0.9220   | 0.292  
144    | 4.8900     | 0.4849     | 3.9432     | 0.3466     | 0.1153     | 0.1072       | 0.1762       |             | 0.9285   | 0.283  
145    | 4.7278     | 0.4456     | 3.8076     | 0.3561     | 0.1185     | 0.0726       | 0.1994       |             | 0.8971   | 0.272  
146    | 5.3305     | 0.4878     | 4.3155     | 0.3981     | 0.1291     | 0.0753       | 0.1929       |             | 0.9826   | 0.268  
147    | 5.3221     | 0.4818     | 4.3071     | 0.4004     | 0.1327     | 0.0822       | 0.1990       |             | 0.9422   | 0.281  
148    | 5.2189     | 0.4764     | 4.2209     | 0.3876     | 0.1340     | 0.0747       | 0.2241       |             | 0.9893   | 0.299  
149    | 5.1635     | 0.4252     | 4.2321     | 0.3749     | 0.1313     | 0.0876       | 0.2067       |             | 1.0185   | 0.294  
150    | 5.0767     | 0.4318     | 4.1473     | 0.3692     | 0.1284     | 0.0725       | 0.1945       |             | 0.8908   | 0.267  
151    | 4.9734     | 0.4406     | 4.0457     | 0.3600     | 0.1272     | 0.0606       | 0.1820       |             | 0.9586   | 0.243  
152    | 4.9445     | 0.4621     | 4.0014     | 0.3498     | 0.1312     | 0.0528       | 0.1821       |             | 0.9505   | 0.235  
153    | 5.0198     | 0.4750     | 4.0778     | 0.3425     | 0.1245     | 0.0627       | 0.1938       |             | 1.0106   | 0.256  
154    | 4.9477     | 0.4006     | 4.0778     | 0.3430     | 0.1263     | 0.0562       | 0.1623       |             | 0.9580   | 0.218  
155    | 5.1672     | 0.4751     | 4.2052     | 0.3576     | 0.1293     | 0.0868       | 0.1548       |             | 0.9126   | 0.242  
156    | 5.2042     | 0.4417     | 4.2740     | 0.3568     | 0.1318     | 0.0677       | 0.1715       |             | 0.9514   | 0.239  
157    | 4.9932     | 0.4143     | 4.1071     | 0.3415     | 0.1303     | 0.0908       | 0.1628       |             | 0.9283   | 0.254  
158    | 5.2165     | 0.4453     | 4.3003     | 0.3417     | 0.1292     | 0.0777       | 0.1426       |             | 0.9659   | 0.220  
159    | 5.0461     | 0.3955     | 4.1832     | 0.3397     | 0.1278     | 0.0786       | 0.1606       |             | 0.8885   | 0.239  
160    | 5.0758     | 0.4295     | 4.1609     | 0.3518     | 0.1336     | 0.0792       | 0.1988       |             | 1.0325   | 0.278  
161    | 5.2050     | 0.4465     | 4.2696     | 0.3592     | 0.1297     | 0.0632       | 0.1417       | (saved)     | 0.9863   | 0.205  
162    | 5.3622     | 0.4763     | 4.3793     | 0.3666     | 0.1399     | 0.0630       | 0.1962       |             | 1.0459   | 0.259  
163    | 5.2209     | 0.4308     | 4.2893     | 0.3697     | 0.1312     | 0.0653       | 0.1940       |             | 1.0033   | 0.259  
164    | 5.0897     | 0.4300     | 4.1749     | 0.3492     | 0.1356     | 0.0582       | 0.1957       |             | 0.9632   | 0.254  
165    | 5.1836     | 0.4257     | 4.2686     | 0.3514     | 0.1379     | 0.0821       | 0.1765       |             | 0.9857   | 0.259  
166    | 5.2281     | 0.4709     | 4.2602     | 0.3497     | 0.1473     | 0.0826       | 0.1716       |             | 0.9572   | 0.254  
167    | 5.1450     | 0.4507     | 4.2035     | 0.3488     | 0.1421     | 0.0881       | 0.1580       |             | 0.9588   | 0.246  
168    | 5.2551     | 0.4501     | 4.3088     | 0.3525     | 0.1436     | 0.0552       | 0.1550       |             | 0.9451   | 0.210  
169    | 5.4138     | 0.4782     | 4.4300     | 0.3586     | 0.1471     | 0.1025       | 0.1658       |             | 0.9639   | 0.268  
170    | 5.0624     | 0.4290     | 4.1468     | 0.3352     | 0.1513     | 0.0774       | 0.1481       |             | 0.9497   | 0.226  
171    | 4.9512     | 0.4580     | 4.0119     | 0.3411     | 0.1401     | 0.0492       | 0.1792       |             | 0.9402   | 0.228  
172    | 4.8662     | 0.4820     | 3.9148     | 0.3353     | 0.1340     | 0.0614       | 0.1779       |             | 0.9583   | 0.239  
173    | 4.7883     | 0.4003     | 3.9348     | 0.3142     | 0.1390     | 0.0562       | 0.1401       | (saved)     | 0.9599   | 0.196  
174    | 4.9143     | 0.4007     | 4.0362     | 0.3355     | 0.1419     | 0.0691       | 0.1415       |             | 0.9575   | 0.211  
175    | 5.2288     | 0.4433     | 4.3086     | 0.3315     | 0.1455     | 0.0693       | 0.1239       | (saved)     | 0.9212   | 0.193  
176    | 5.1188     | 0.4608     | 4.1855     | 0.3330     | 0.1395     | 0.1285       | 0.1384       |             | 1.0218   | 0.267  
177    | 5.1911     | 0.4809     | 4.2415     | 0.3311     | 0.1376     | 0.0560       | 0.1620       |             | 0.9930   | 0.218  
178    | 5.0284     | 0.4123     | 4.1641     | 0.3219     | 0.1301     | 0.0685       | 0.1613       |             | 0.9992   | 0.230  
179    | 5.2033     | 0.4215     | 4.3261     | 0.3196     | 0.1360     | 0.0583       | 0.1558       |             | 0.9652   | 0.214  
180    | 5.2328     | 0.4540     | 4.3137     | 0.3253     | 0.1397     | 0.0923       | 0.1427       |             | 0.9903   | 0.235  
181    | 5.1577     | 0.4588     | 4.2367     | 0.3167     | 0.1454     | 0.0534       | 0.1768       |             | 0.9079   | 0.230  
182    | 4.9053     | 0.4116     | 4.0395     | 0.3140     | 0.1402     | 0.0658       | 0.1758       |             | 0.8980   | 0.242  
183    | 4.9770     | 0.4300     | 4.0956     | 0.3109     | 0.1404     | 0.0497       | 0.1994       |             | 0.9068   | 0.249  
184    | 5.0731     | 0.4111     | 4.2035     | 0.3232     | 0.1353     | 0.0582       | 0.1628       |             | 0.8948   | 0.221  
185    | 5.0430     | 0.4400     | 4.1398     | 0.3266     | 0.1366     | 0.0630       | 0.1578       |             | 0.9457   | 0.221  
186    | 4.9374     | 0.4135     | 4.0586     | 0.3306     | 0.1347     | 0.0402       | 0.1408       | (saved)     | 0.8927   | 0.181  
187    | 4.7526     | 0.3886     | 3.9311     | 0.3018     | 0.1311     | 0.0777       | 0.1525       |             | 0.8917   | 0.230  
188    | 4.9214     | 0.4185     | 4.0500     | 0.3158     | 0.1372     | 0.0534       | 0.1520       |             | 0.9112   | 0.205  
189    | 5.1058     | 0.4440     | 4.1952     | 0.3231     | 0.1436     | 0.0648       | 0.1400       |             | 0.9319   | 0.205  
190    | 5.1213     | 0.4693     | 4.1744     | 0.3330     | 0.1446     | 0.0625       | 0.1522       |             | 1.0906   | 0.215  
191    | 5.0081     | 0.3941     | 4.1576     | 0.3167     | 0.1398     | 0.0682       | 0.1558       |             | 1.0449   | 0.224  
192    | 4.8887     | 0.4044     | 4.0426     | 0.3048     | 0.1368     | 0.0715       | 0.1281       |             | 0.9746   | 0.200  
193    | 4.9358     | 0.3957     | 4.1024     | 0.3012     | 0.1366     | 0.0588       | 0.1532       |             | 0.9222   | 0.212  
194    | 5.2887     | 0.4461     | 4.3732     | 0.3302     | 0.1393     | 0.0807       | 0.1666       |             | 0.9687   | 0.247  
195    | 5.2650     | 0.4285     | 4.3665     | 0.3295     | 0.1405     | 0.0693       | 0.1252       |             | 0.9360   | 0.195  
196    | 5.0895     | 0.4500     | 4.1867     | 0.3123     | 0.1406     | 0.0504       | 0.1434       |             | 0.9597   | 0.194  
197    | 4.8675     | 0.3909     | 4.0396     | 0.2989     | 0.1381     | 0.0582       | 0.1339       |             | 0.9798   | 0.192  
198    | 4.8779     | 0.3884     | 4.0601     | 0.2944     | 0.1351     | 0.0773       | 0.1312       |             | 0.9179   | 0.208  
199    | 4.9636     | 0.3791     | 4.1388     | 0.3064     | 0.1394     | 0.0823       | 0.1223       |             | 0.9103   | 0.205  
200    | 5.0086     | 0.4311     | 4.1259     | 0.3152     | 0.1364     | 0.0754       | 0.1144       |             | 0.9667   | 0.190  
201    | 5.0092     | 0.4304     | 4.1482     | 0.2945     | 0.1361     | 0.0804       | 0.1211       |             | 1.0063   | 0.202  
202    | 5.2330     | 0.4140     | 4.3605     | 0.3137     | 0.1449     | 0.0807       | 0.1056       |             | 0.9530   | 0.186  
203    | 5.2598     | 0.4454     | 4.3566     | 0.3094     | 0.1484     | 0.0755       | 0.1162       |             | 0.9611   | 0.192  
204    | 5.1263     | 0.3900     | 4.2929     | 0.3011     | 0.1423     | 0.0730       | 0.1154       |             | 0.9744   | 0.188  
205    | 5.0699     | 0.4274     | 4.1918     | 0.3074     | 0.1434     | 0.0850       | 0.1206       |             | 0.9485   | 0.206  
206    | 4.9912     | 0.4326     | 4.1161     | 0.3031     | 0.1394     | 0.0841       | 0.1160       |             | 0.9667   | 0.200  
207    | 5.0953     | 0.4292     | 4.2174     | 0.3050     | 0.1437     | 0.0591       | 0.1055       | (saved)     | 0.9372   | 0.165  
208    | 4.9461     | 0.3902     | 4.1325     | 0.2889     | 0.1346     | 0.0565       | 0.1189       |             | 0.9351   | 0.175  
209    | 5.0719     | 0.3701     | 4.2643     | 0.3009     | 0.1367     | 0.0571       | 0.1037       | (saved)     | 0.9354   | 0.161  
210    | 5.1598     | 0.4276     | 4.2822     | 0.3138     | 0.1362     | 0.0778       | 0.1298       |             | 0.9649   | 0.208  
211    | 5.0177     | 0.3973     | 4.1707     | 0.3108     | 0.1390     | 0.0820       | 0.1386       |             | 0.9587   | 0.221  
212    | 5.0377     | 0.4002     | 4.2125     | 0.2863     | 0.1388     | 0.0804       | 0.1224       |             | 0.9939   | 0.203  
213    | 5.0547     | 0.4628     | 4.1578     | 0.2941     | 0.1399     | 0.0775       | 0.1205       |             | 0.9563   | 0.198  
214    | 4.9117     | 0.3821     | 4.1054     | 0.2808     | 0.1434     | 0.0559       | 0.1440       |             | 0.9758   | 0.200  
215    | 5.0221     | 0.3959     | 4.1987     | 0.2814     | 0.1461     | 0.0555       | 0.1271       |             | 0.9281   | 0.183  
216    | 4.9514     | 0.4376     | 4.0845     | 0.2854     | 0.1440     | 0.0817       | 0.1346       |             | 0.9336   | 0.216  
217    | 4.8814     | 0.4206     | 4.0196     | 0.2968     | 0.1444     | 0.0544       | 0.1268       |             | 0.9630   | 0.181  
218    | 4.6147     | 0.3663     | 3.8343     | 0.2767     | 0.1374     | 0.0642       | 0.1408       |             | 0.9585   | 0.205  
219    | 4.6329     | 0.3837     | 3.8318     | 0.2820     | 0.1355     | 0.0539       | 0.1422       |             | 0.8998   | 0.196  
220    | 4.8132     | 0.4329     | 3.9641     | 0.2775     | 0.1387     | 0.0717       | 0.1399       |             | 0.9078   | 0.212  
221    | 4.8262     | 0.3795     | 4.0025     | 0.3051     | 0.1391     | 0.0717       | 0.1451       |             | 0.9128   | 0.217  
222    | 5.0791     | 0.3920     | 4.2422     | 0.3033     | 0.1415     | 0.0609       | 0.1487       |             | 0.9376   | 0.210  
223    | 5.0879     | 0.4678     | 4.1883     | 0.2911     | 0.1407     | 0.0805       | 0.1402       |             | 0.9796   | 0.221  
224    | 4.9223     | 0.4043     | 4.0784     | 0.2925     | 0.1472     | 0.0789       | 0.1222       |             | 0.9797   | 0.201  
225    | 4.8186     | 0.3814     | 4.0035     | 0.2915     | 0.1422     | 0.0635       | 0.1365       |             | 0.9102   | 0.200  
226    | 4.6077     | 0.3995     | 3.8017     | 0.2733     | 0.1332     | 0.0758       | 0.1368       |             | 0.9074   | 0.213  
227    | 4.7116     | 0.4303     | 3.8574     | 0.2882     | 0.1356     | 0.0589       | 0.1410       |             | 0.9172   | 0.200  
228    | 4.8015     | 0.4024     | 3.9860     | 0.2804     | 0.1326     | 0.0803       | 0.1244       |             | 0.8916   | 0.205  
229    | 4.8036     | 0.3997     | 3.9912     | 0.2712     | 0.1415     | 0.0657       | 0.1293       |             | 1.0325   | 0.195  
230    | 4.9561     | 0.3846     | 4.1383     | 0.2961     | 0.1372     | 0.0928       | 0.1201       |             | 0.9510   | 0.213  
231    | 5.1725     | 0.4189     | 4.3089     | 0.2987     | 0.1460     | 0.1222       | 0.1513       |             | 0.9699   | 0.273  
232    | 5.4325     | 0.4114     | 4.5210     | 0.3407     | 0.1594     | 0.0629       | 0.1237       |             | 0.9662   | 0.187  
233    | 5.1926     | 0.3932     | 4.3428     | 0.3100     | 0.1467     | 0.0912       | 0.1248       |             | 0.9931   | 0.216  
234    | 5.2356     | 0.4372     | 4.3576     | 0.2961     | 0.1448     | 0.0774       | 0.1234       |             | 0.9932   | 0.201  
235    | 5.1330     | 0.3770     | 4.3208     | 0.2919     | 0.1434     | 0.0780       | 0.1506       |             | 1.0552   | 0.229  
236    | 5.1742     | 0.3700     | 4.3590     | 0.2971     | 0.1482     | 0.0765       | 0.1227       |             | 1.0666   | 0.199  
237    | 5.1702     | 0.4151     | 4.3180     | 0.2867     | 0.1504     | 0.0878       | 0.1181       |             | 0.9568   | 0.206  
238    | 5.0718     | 0.3715     | 4.2547     | 0.2891     | 0.1566     | 0.0826       | 0.1248       |             | 0.9829   | 0.207  
239    | 5.0737     | 0.4676     | 4.1610     | 0.2833     | 0.1619     | 0.0490       | 0.0981       | (saved)     | 0.9283   | 0.147  
240    | 4.8844     | 0.3795     | 4.0764     | 0.2759     | 0.1527     | 0.0647       | 0.1108       |             | 0.9216   | 0.176  
241    | 4.9030     | 0.3942     | 4.0830     | 0.2683     | 0.1576     | 0.0712       | 0.1012       |             | 0.9627   | 0.172  
242    | 4.7945     | 0.3905     | 3.9796     | 0.2703     | 0.1540     | 0.0556       | 0.0995       |             | 0.9662   | 0.155  
243    | 4.8217     | 0.4035     | 3.9977     | 0.2692     | 0.1512     | 0.0866       | 0.0894       |             | 0.9515   | 0.176  
244    | 4.9324     | 0.3748     | 4.1340     | 0.2679     | 0.1557     | 0.0733       | 0.0982       |             | 0.9580   | 0.171  
245    | 5.0055     | 0.4025     | 4.1719     | 0.2776     | 0.1536     | 0.0628       | 0.0760       | (saved)     | 0.9454   | 0.139  
246    | 5.0018     | 0.3931     | 4.1749     | 0.2816     | 0.1523     | 0.0766       | 0.1040       |             | 0.9561   | 0.181  
247    | 4.7889     | 0.3861     | 3.9797     | 0.2740     | 0.1492     | 0.0421       | 0.1196       |             | 0.9575   | 0.162  
248    | 5.0264     | 0.3838     | 4.1991     | 0.2821     | 0.1614     | 0.0641       | 0.1301       |             | 0.9552   | 0.194  
249    | 5.0209     | 0.4329     | 4.1510     | 0.2729     | 0.1641     | 0.0560       | 0.1235       |             | 0.9588   | 0.179  
250    | 4.9240     | 0.4048     | 4.0676     | 0.2894     | 0.1622     | 0.0685       | 0.1159       |             | 0.9015   | 0.184  
251    | 4.7777     | 0.3441     | 3.9863     | 0.2907     | 0.1566     | 0.0600       | 0.0955       |             | 0.9775   | 0.156  
252    | 4.7842     | 0.3616     | 3.9990     | 0.2672     | 0.1565     | 0.0586       | 0.0930       |             | 0.9614   | 0.152  
253    | 5.0526     | 0.4316     | 4.1813     | 0.2761     | 0.1635     | 0.0485       | 0.1352       |             | 0.9778   | 0.184  
254    | 5.0420     | 0.4165     | 4.1882     | 0.2824     | 0.1548     | 0.1079       | 0.1087       |             | 0.9690   | 0.217  
255    | 4.8007     | 0.3607     | 4.0332     | 0.2617     | 0.1450     | 0.0941       | 0.1017       |             | 0.9714   | 0.196  
256    | 5.0850     | 0.3921     | 4.2731     | 0.2679     | 0.1519     | 0.0793       | 0.1111       |             | 1.0229   | 0.190  
257    | 5.0032     | 0.4153     | 4.1688     | 0.2690     | 0.1501     | 0.0969       | 0.1218       |             | 1.0379   | 0.219  
258    | 5.0302     | 0.3602     | 4.2428     | 0.2761     | 0.1510     | 0.0982       | 0.1284       |             | 0.9932   | 0.227  
259    | 5.0173     | 0.4179     | 4.1672     | 0.2830     | 0.1492     | 0.0913       | 0.1088       |             | 0.9610   | 0.200  
260    | 4.7804     | 0.3354     | 4.0191     | 0.2735     | 0.1525     | 0.0679       | 0.1126       |             | 0.9690   | 0.180  
261    | 5.0665     | 0.3890     | 4.2477     | 0.2825     | 0.1472     | 0.0718       | 0.1156       |             | 0.9150   | 0.187  
262    | 5.0806     | 0.4064     | 4.2226     | 0.3031     | 0.1485     | 0.0696       | 0.1216       |             | 0.9102   | 0.191  
263    | 4.7756     | 0.3448     | 3.9992     | 0.2854     | 0.1462     | 0.0897       | 0.1188       |             | 0.8987   | 0.208  
264    | 4.9987     | 0.3473     | 4.2153     | 0.2897     | 0.1465     | 0.0836       | 0.1117       |             | 0.9350   | 0.195  
265    | 5.0245     | 0.4270     | 4.1678     | 0.2855     | 0.1442     | 0.0804       | 0.1391       |             | 0.9946   | 0.220  
266    | 4.9903     | 0.3991     | 4.1811     | 0.2580     | 0.1521     | 0.0765       | 0.1037       |             | 0.9689   | 0.180  
267    | 5.0093     | 0.4067     | 4.1896     | 0.2656     | 0.1474     | 0.0738       | 0.1184       |             | 1.0082   | 0.192  
268    | 5.1220     | 0.3864     | 4.3138     | 0.2692     | 0.1527     | 0.0779       | 0.1113       |             | 1.0237   | 0.189  
269    | 5.0838     | 0.3590     | 4.3024     | 0.2694     | 0.1530     | 0.0561       | 0.1332       |             | 0.9963   | 0.189  
270    | 5.1436     | 0.3882     | 4.3368     | 0.2779     | 0.1406     | 0.0837       | 0.1297       |             | 1.0404   | 0.213  
271    | 5.3491     | 0.4272     | 4.4896     | 0.2879     | 0.1444     | 0.0826       | 0.1398       |             | 1.0075   | 0.222  
272    | 5.4825     | 0.3586     | 4.6833     | 0.2977     | 0.1429     | 0.0548       | 0.1404       |             | 1.0699   | 0.195  
273    | 5.2559     | 0.3752     | 4.4550     | 0.2945     | 0.1313     | 0.0628       | 0.1326       |             | 1.0181   | 0.195  
274    | 5.7011     | 0.4257     | 4.8054     | 0.3280     | 0.1421     | 0.0828       | 0.1588       |             | 0.9886   | 0.242  
275    | 5.4065     | 0.3853     | 4.5601     | 0.3152     | 0.1459     | 0.0791       | 0.1483       |             | 0.9984   | 0.227  
276    | 5.5838     | 0.3957     | 4.7389     | 0.3075     | 0.1417     | 0.0766       | 0.1797       |             | 0.9640   | 0.256  
277    | 5.7377     | 0.4546     | 4.8085     | 0.3282     | 0.1464     | 0.0917       | 0.1802       |             | 1.0621   | 0.272  
278    | 5.7849     | 0.4957     | 4.8277     | 0.3204     | 0.1411     | 0.0871       | 0.1555       |             | 0.9567   | 0.243  
279    | 5.5541     | 0.4178     | 4.7138     | 0.2867     | 0.1357     | 0.0859       | 0.1451       |             | 1.0083   | 0.231  
280    | 5.3644     | 0.3992     | 4.5522     | 0.2884     | 0.1246     | 0.0850       | 0.1422       |             | 0.9875   | 0.227  
281    | 5.4835     | 0.4377     | 4.6363     | 0.2856     | 0.1239     | 0.0724       | 0.1372       |             | 0.9714   | 0.210  
282    | 5.4039     | 0.4378     | 4.5474     | 0.2917     | 0.1270     | 0.0747       | 0.1297       |             | 0.9882   | 0.204  
283    | 5.3170     | 0.4081     | 4.5005     | 0.2792     | 0.1293     | 0.0613       | 0.1348       |             | 0.9774   | 0.196  
284    | 5.2106     | 0.3797     | 4.4088     | 0.2944     | 0.1278     | 0.0842       | 0.1567       |             | 1.0060   | 0.241  
285    | 5.2515     | 0.4118     | 4.4157     | 0.2929     | 0.1310     | 0.0709       | 0.1323       |             | 0.9960   | 0.203  
286    | 5.0671     | 0.3842     | 4.2854     | 0.2718     | 0.1257     | 0.0773       | 0.0999       |             | 1.0276   | 0.177  
287    | 5.0313     | 0.3594     | 4.2872     | 0.2547     | 0.1299     | 0.0591       | 0.1182       |             | 0.9490   | 0.177  
288    | 5.0441     | 0.3795     | 4.2561     | 0.2702     | 0.1383     | 0.0685       | 0.1163       |             | 0.9745   | 0.185  
289    | 4.8087     | 0.3667     | 4.0611     | 0.2514     | 0.1294     | 0.0733       | 0.1057       |             | 1.0554   | 0.179  
290    | 4.9276     | 0.3767     | 4.1643     | 0.2572     | 0.1294     | 0.0845       | 0.1003       |             | 0.9943   | 0.185  
291    | 4.8853     | 0.3459     | 4.1590     | 0.2544     | 0.1260     | 0.0877       | 0.0961       |             | 0.9770   | 0.184  
292    | 5.0877     | 0.3784     | 4.3168     | 0.2650     | 0.1276     | 0.0717       | 0.1049       |             | 0.9364   | 0.177  
293    | 4.8098     | 0.3758     | 4.0466     | 0.2609     | 0.1265     | 0.0802       | 0.1066       |             | 0.9489   | 0.187  
294    | 5.1033     | 0.3875     | 4.3395     | 0.2528     | 0.1235     | 0.0632       | 0.1307       |             | 0.9585   | 0.194  
295    | 5.0036     | 0.3960     | 4.2182     | 0.2651     | 0.1243     | 0.0741       | 0.1357       |             | 1.0122   | 0.210  
296    | 5.0448     | 0.3751     | 4.2967     | 0.2529     | 0.1201     | 0.0857       | 0.1309       |             | 1.0239   | 0.217  
297    | 5.2352     | 0.4451     | 4.3990     | 0.2677     | 0.1234     | 0.0593       | 0.1094       |             | 0.9763   | 0.169  
298    | 4.9785     | 0.4263     | 4.1775     | 0.2560     | 0.1186     | 0.0880       | 0.1131       |             | 0.9781   | 0.201  
299    | 5.0668     | 0.3593     | 4.3383     | 0.2473     | 0.1218     | 0.0713       | 0.0953       |             | 0.9830   | 0.167  
300    | 5.0071     | 0.3751     | 4.2601     | 0.2516     | 0.1203     | 0.0645       | 0.1040       |             | 0.9621   | 0.169  
Seed 42 | Src Acc: 97.0408 | Src MDE: 0.0581 | Tgt Acc: 42.0408 | Tgt MDE: 0.9454
Start Training Seed 6767...
Epoch  | Total Loss | l_sc       | l_dc       | l_tc       | l_ca       | val_l_sc     | val_l_dc     | Save        | Test MDE | Score  
---------------------------------------------------------------------------------------------------------------------------------------
1      | 13.4073    | 3.6208     | 5.5861     | 3.7071     | 0.4934     | 3.0738       | 3.7197       |             | 2.0156   | 6.793  
2      | 12.1315    | 2.9723     | 5.3925     | 3.4736     | 0.2930     | 2.5428       | 3.2622       |             | 1.6638   | 5.805  
3      | 11.0831    | 2.6469     | 5.2592     | 2.9465     | 0.2305     | 2.2260       | 2.6190       |             | 1.8245   | 4.845  
4      | 9.9871     | 2.4319     | 5.0630     | 2.3077     | 0.1844     | 1.9480       | 1.9999       |             | 1.8802   | 3.948  
5      | 9.0297     | 2.2953     | 4.8515     | 1.7238     | 0.1591     | 1.6827       | 1.3892       |             | 1.9708   | 3.072  
6      | 8.1432     | 2.0925     | 4.5546     | 1.3572     | 0.1389     | 1.4849       | 1.0572       |             | 2.1100   | 2.542  
7      | 7.2915     | 1.8396     | 4.2241     | 1.0993     | 0.1285     | 1.1411       | 1.0762       |             | 2.1061   | 2.217  
8      | 6.6504     | 1.6920     | 3.8712     | 0.9713     | 0.1160     | 1.1842       | 0.6643       |             | 2.1246   | 1.848  
9      | 5.9857     | 1.4852     | 3.5345     | 0.8587     | 0.1073     | 0.9522       | 0.6459       |             | 2.1325   | 1.598  
10     | 5.4351     | 1.3629     | 3.1897     | 0.7781     | 0.1044     | 0.7819       | 0.5337       |             | 2.1120   | 1.316  
11     | 4.9936     | 1.2920     | 2.9150     | 0.6812     | 0.1054     | 0.6380       | 0.5346       |             | 2.0703   | 1.173  
12     | 4.7086     | 1.2099     | 2.7539     | 0.6417     | 0.1030     | 0.5853       | 0.6418       |             | 2.0827   | 1.227  
13     | 4.3879     | 1.1445     | 2.5601     | 0.5943     | 0.0890     | 0.5376       | 0.4616       |             | 2.0563   | 0.999  
14     | 3.9752     | 1.0184     | 2.3182     | 0.5469     | 0.0917     | 0.5369       | 0.4222       |             | 2.0570   | 0.959  
15     | 3.9316     | 1.0171     | 2.2852     | 0.5390     | 0.0904     | 0.5273       | 0.2988       |             | 2.1098   | 0.826  
16     | 3.6587     | 0.9382     | 2.1040     | 0.5286     | 0.0880     | 0.4673       | 0.3141       |             | 2.0901   | 0.781  
17     | 3.3523     | 0.9240     | 1.8914     | 0.4530     | 0.0839     | 0.5550       | 0.2585       |             | 2.1111   | 0.814  
18     | 3.2239     | 0.8658     | 1.8121     | 0.4659     | 0.0802     | 0.5027       | 0.2807       |             | 2.0926   | 0.783  
19     | 3.1306     | 0.8349     | 1.7721     | 0.4430     | 0.0807     | 0.3791       | 0.3933       |             | 2.0782   | 0.772  
20     | 3.0012     | 0.8252     | 1.6633     | 0.4350     | 0.0777     | 0.2809       | 0.4191       |             | 2.0463   | 0.700  
21     | 2.9121     | 0.8064     | 1.6187     | 0.4099     | 0.0771     | 0.4420       | 0.3139       |             | 2.1260   | 0.756  
22     | 2.8698     | 0.7823     | 1.5833     | 0.4242     | 0.0800     | 0.3341       | 0.3902       |             | 1.9974   | 0.724  
23     | 2.7190     | 0.7628     | 1.4835     | 0.3952     | 0.0775     | 0.2855       | 0.4618       |             | 1.9693   | 0.747  
24     | 2.7536     | 0.7695     | 1.5053     | 0.3959     | 0.0829     | 0.4352       | 0.2425       |             | 2.0918   | 0.678  
25     | 2.6715     | 0.7472     | 1.4582     | 0.3855     | 0.0806     | 0.3770       | 0.2275       |             | 2.0894   | 0.605  
26     | 2.5760     | 0.7104     | 1.4089     | 0.3742     | 0.0824     | 0.3342       | 0.3519       |             | 2.0863   | 0.686  
27     | 2.7194     | 0.7467     | 1.5041     | 0.3848     | 0.0838     | 0.2582       | 0.4003       |             | 2.0044   | 0.659  
28     | 2.6118     | 0.7101     | 1.4170     | 0.3993     | 0.0854     | 0.3321       | 0.3139       |             | 2.0511   | 0.646  
29     | 2.5834     | 0.6909     | 1.4381     | 0.3764     | 0.0780     | 0.3241       | 0.2594       |             | 2.0798   | 0.584  
30     | 2.5683     | 0.6685     | 1.4510     | 0.3667     | 0.0821     | 0.2711       | 0.4851       |             | 1.9766   | 0.756  
31     | 2.6410     | 0.6711     | 1.5171     | 0.3744     | 0.0784     | 0.2843       | 0.3108       |             | 2.0772   | 0.595  
32     | 2.7067     | 0.7138     | 1.5211     | 0.3912     | 0.0806     | 0.2568       | 0.3658       |             | 2.0000   | 0.623  
33     | 2.6805     | 0.6876     | 1.5452     | 0.3730     | 0.0748     | 0.2236       | 0.4005       |             | 1.8171   | 0.624  
34     | 2.7372     | 0.6510     | 1.6130     | 0.3928     | 0.0804     | 0.2385       | 0.4222       |             | 1.9564   | 0.661  
35     | 2.8252     | 0.6580     | 1.6982     | 0.3891     | 0.0799     | 0.2558       | 0.3095       |             | 2.0504   | 0.565  
36     | 2.7596     | 0.6819     | 1.6173     | 0.3762     | 0.0841     | 0.2885       | 0.2559       |             | 2.0509   | 0.544  
37     | 2.8611     | 0.6704     | 1.7096     | 0.3944     | 0.0868     | 0.2536       | 0.2528       |             | 2.0547   | 0.506  
38     | 3.0355     | 0.6342     | 1.9186     | 0.3942     | 0.0885     | 0.2138       | 0.3796       |             | 1.9014   | 0.593  
39     | 3.6389     | 0.7486     | 2.3523     | 0.4443     | 0.0936     | 0.2475       | 0.3487       |             | 1.9357   | 0.596  
40     | 3.4154     | 0.6921     | 2.1870     | 0.4411     | 0.0952     | 0.3003       | 0.2927       |             | 2.0244   | 0.593  
41     | 4.2656     | 0.8000     | 2.8267     | 0.5383     | 0.1007     | 0.2461       | 0.3806       |             | 1.6442   | 0.627  
42     | 3.8381     | 0.7105     | 2.4862     | 0.5333     | 0.1081     | 0.2373       | 0.4152       |             | 1.6810   | 0.652  
43     | 4.0834     | 0.7417     | 2.7118     | 0.5265     | 0.1035     | 0.2854       | 0.3343       |             | 1.6983   | 0.620  
44     | 4.8028     | 0.8027     | 3.3167     | 0.5781     | 0.1053     | 0.2186       | 0.3819       |             | 1.6379   | 0.601  
45     | 4.3256     | 0.7192     | 2.9488     | 0.5587     | 0.0989     | 0.2403       | 0.3847       |             | 1.5386   | 0.625  
46     | 4.4507     | 0.7165     | 3.0617     | 0.5649     | 0.1076     | 0.2153       | 0.3702       |             | 1.6526   | 0.586  
47     | 4.3597     | 0.7585     | 2.9353     | 0.5618     | 0.1040     | 0.1619       | 0.4281       |             | 1.4321   | 0.590  
48     | 4.1867     | 0.6790     | 2.8324     | 0.5723     | 0.1030     | 0.1946       | 0.3990       |             | 1.6719   | 0.594  
49     | 3.8723     | 0.6579     | 2.5956     | 0.5181     | 0.1007     | 0.1427       | 0.4582       |             | 1.2783   | 0.601  
50     | 4.7906     | 0.6809     | 3.3879     | 0.6147     | 0.1072     | 0.1447       | 0.4401       |             | 1.0993   | 0.585  
51     | 5.2316     | 0.6843     | 3.8048     | 0.6342     | 0.1083     | 0.1627       | 0.3592       | (saved)     | 1.1876   | 0.522  
52     | 4.9883     | 0.6530     | 3.6284     | 0.6081     | 0.0988     | 0.1849       | 0.2820       | (saved)     | 1.2366   | 0.467  
53     | 5.3611     | 0.6828     | 3.9295     | 0.6465     | 0.1022     | 0.1677       | 0.3454       |             | 1.1598   | 0.513  
54     | 5.5705     | 0.7142     | 4.1477     | 0.6079     | 0.1008     | 0.1913       | 0.4440       |             | 1.1113   | 0.635  
55     | 6.2323     | 0.8040     | 4.6147     | 0.7003     | 0.1134     | 0.1994       | 0.4353       |             | 1.1721   | 0.635  
56     | 6.4032     | 0.7566     | 4.8079     | 0.7262     | 0.1125     | 0.2389       | 0.4567       |             | 1.2270   | 0.696  
57     | 6.1941     | 0.7448     | 4.6454     | 0.6992     | 0.1047     | 0.1791       | 0.4924       |             | 1.1965   | 0.672  
58     | 6.1140     | 0.6899     | 4.6731     | 0.6541     | 0.0969     | 0.2043       | 0.4334       |             | 1.1309   | 0.638  
59     | 6.3283     | 0.7402     | 4.8253     | 0.6636     | 0.0992     | 0.1797       | 0.3575       |             | 1.0413   | 0.537  
60     | 5.7637     | 0.6699     | 4.3951     | 0.6028     | 0.0959     | 0.1850       | 0.3316       |             | 1.0102   | 0.517  
61     | 5.8095     | 0.6528     | 4.4686     | 0.5925     | 0.0956     | 0.2001       | 0.3183       |             | 0.9924   | 0.518  
62     | 5.6135     | 0.6673     | 4.3027     | 0.5527     | 0.0908     | 0.1568       | 0.3076       | (saved)     | 0.9836   | 0.464  
63     | 5.7156     | 0.6517     | 4.4144     | 0.5575     | 0.0920     | 0.1784       | 0.3243       |             | 0.9639   | 0.503  
64     | 5.3503     | 0.6089     | 4.1125     | 0.5420     | 0.0869     | 0.1677       | 0.2662       | (saved)     | 0.9859   | 0.434  
65     | 5.4847     | 0.6611     | 4.1897     | 0.5496     | 0.0844     | 0.1919       | 0.2683       |             | 0.9641   | 0.460  
66     | 5.4824     | 0.6123     | 4.2464     | 0.5377     | 0.0860     | 0.2100       | 0.2682       |             | 0.9559   | 0.478  
67     | 5.6553     | 0.5962     | 4.4425     | 0.5322     | 0.0844     | 0.1694       | 0.2511       | (saved)     | 0.9427   | 0.421  
68     | 5.4065     | 0.5820     | 4.2262     | 0.5157     | 0.0827     | 0.1949       | 0.3309       |             | 0.9806   | 0.526  
69     | 5.3989     | 0.5753     | 4.2135     | 0.5239     | 0.0862     | 0.2043       | 0.2773       |             | 0.9248   | 0.482  
70     | 5.6230     | 0.5884     | 4.3915     | 0.5538     | 0.0893     | 0.1571       | 0.2913       |             | 0.9787   | 0.448  
71     | 5.3718     | 0.5411     | 4.2046     | 0.5351     | 0.0911     | 0.1660       | 0.2974       |             | 0.9053   | 0.463  
72     | 5.5454     | 0.6073     | 4.3399     | 0.5109     | 0.0872     | 0.1795       | 0.3091       |             | 0.9703   | 0.489  
73     | 5.4838     | 0.5629     | 4.3131     | 0.5194     | 0.0884     | 0.1580       | 0.2743       |             | 1.0317   | 0.432  
74     | 5.7124     | 0.6732     | 4.4254     | 0.5264     | 0.0874     | 0.1606       | 0.2546       | (saved)     | 1.0464   | 0.415  
75     | 5.5283     | 0.5921     | 4.3577     | 0.4943     | 0.0842     | 0.1814       | 0.2311       | (saved)     | 1.0671   | 0.412  
76     | 5.5512     | 0.5737     | 4.3813     | 0.5135     | 0.0827     | 0.1625       | 0.2681       |             | 1.0997   | 0.431  
77     | 5.6689     | 0.6145     | 4.4442     | 0.5238     | 0.0864     | 0.1761       | 0.2754       |             | 1.0206   | 0.452  
78     | 5.4977     | 0.6076     | 4.3017     | 0.5024     | 0.0860     | 0.2043       | 0.2609       |             | 1.0234   | 0.465  
79     | 5.3867     | 0.5860     | 4.2121     | 0.4992     | 0.0895     | 0.1976       | 0.2193       |             | 0.9975   | 0.417  
80     | 5.3655     | 0.5508     | 4.2369     | 0.4876     | 0.0901     | 0.1747       | 0.2114       | (saved)     | 1.0460   | 0.386  
81     | 5.3545     | 0.5808     | 4.2115     | 0.4777     | 0.0845     | 0.1650       | 0.2341       |             | 0.9917   | 0.399  
82     | 5.1728     | 0.5267     | 4.1182     | 0.4430     | 0.0848     | 0.1578       | 0.2411       |             | 1.0573   | 0.399  
83     | 5.2270     | 0.5725     | 4.1065     | 0.4651     | 0.0829     | 0.1850       | 0.2360       |             | 1.0149   | 0.421  
84     | 5.0917     | 0.5036     | 4.0395     | 0.4647     | 0.0838     | 0.1556       | 0.2140       | (saved)     | 0.9985   | 0.370  
85     | 5.0835     | 0.5540     | 3.9970     | 0.4497     | 0.0828     | 0.1549       | 0.2301       |             | 1.0008   | 0.385  
86     | 5.0236     | 0.5388     | 3.9680     | 0.4359     | 0.0810     | 0.1591       | 0.1871       | (saved)     | 0.9633   | 0.346  
87     | 5.0354     | 0.5211     | 3.9874     | 0.4442     | 0.0827     | 0.1752       | 0.2279       |             | 1.0249   | 0.403  
88     | 5.0958     | 0.5150     | 4.0400     | 0.4563     | 0.0844     | 0.1598       | 0.2129       |             | 1.0368   | 0.373  
89     | 5.3163     | 0.5528     | 4.2238     | 0.4535     | 0.0862     | 0.1719       | 0.2379       |             | 1.0450   | 0.410  
90     | 5.3923     | 0.5044     | 4.3160     | 0.4857     | 0.0862     | 0.1406       | 0.2076       |             | 1.0106   | 0.348  
91     | 5.1761     | 0.5175     | 4.1226     | 0.4517     | 0.0843     | 0.1857       | 0.1563       | (saved)     | 1.0486   | 0.342  
92     | 4.9626     | 0.4948     | 3.9607     | 0.4244     | 0.0827     | 0.1662       | 0.1936       |             | 1.0569   | 0.360  
93     | 4.9772     | 0.5443     | 3.9418     | 0.4080     | 0.0831     | 0.1781       | 0.1639       |             | 1.0471   | 0.342  
94     | 4.8672     | 0.5257     | 3.8420     | 0.4143     | 0.0852     | 0.2067       | 0.1737       |             | 1.0200   | 0.380  
95     | 4.6317     | 0.4651     | 3.6963     | 0.3862     | 0.0842     | 0.1879       | 0.1647       |             | 1.0408   | 0.353  
96     | 4.7119     | 0.5213     | 3.7293     | 0.3802     | 0.0811     | 0.2062       | 0.1711       |             | 1.0573   | 0.377  
97     | 4.7795     | 0.4647     | 3.8383     | 0.3934     | 0.0831     | 0.1712       | 0.1782       |             | 1.0545   | 0.349  
98     | 4.6316     | 0.4671     | 3.6905     | 0.3937     | 0.0803     | 0.1684       | 0.1927       |             | 1.0127   | 0.361  
99     | 5.0303     | 0.5209     | 4.0215     | 0.3988     | 0.0890     | 0.1978       | 0.1903       |             | 1.0150   | 0.388  
100    | 4.8301     | 0.4816     | 3.8539     | 0.4044     | 0.0901     | 0.1796       | 0.1697       |             | 1.0691   | 0.349  
101    | 4.8331     | 0.4589     | 3.8616     | 0.4231     | 0.0895     | 0.1985       | 0.2178       |             | 1.0698   | 0.416  
102    | 4.8229     | 0.4720     | 3.8511     | 0.4105     | 0.0893     | 0.1925       | 0.1737       |             | 1.0231   | 0.366  
103    | 4.7939     | 0.4828     | 3.8242     | 0.3980     | 0.0889     | 0.1716       | 0.1636       | (saved)     | 1.0718   | 0.335  
104    | 4.7096     | 0.4612     | 3.7809     | 0.3817     | 0.0859     | 0.1727       | 0.1273       | (saved)     | 1.0458   | 0.300  
105    | 4.5945     | 0.4967     | 3.6433     | 0.3698     | 0.0847     | 0.1684       | 0.1633       |             | 0.9743   | 0.332  
106    | 4.6920     | 0.4606     | 3.7551     | 0.3886     | 0.0876     | 0.1616       | 0.1604       |             | 1.0060   | 0.322  
107    | 4.6862     | 0.5163     | 3.7000     | 0.3782     | 0.0917     | 0.1576       | 0.1413       | (saved)     | 1.0858   | 0.299  
108    | 4.4793     | 0.4655     | 3.5484     | 0.3758     | 0.0897     | 0.2285       | 0.1164       |             | 1.0580   | 0.345  
109    | 4.5610     | 0.4628     | 3.6303     | 0.3758     | 0.0921     | 0.1626       | 0.1518       |             | 1.0761   | 0.314  
110    | 4.7056     | 0.4607     | 3.7804     | 0.3715     | 0.0930     | 0.1645       | 0.1256       | (saved)     | 1.1022   | 0.290  
111    | 4.7083     | 0.4541     | 3.7971     | 0.3642     | 0.0930     | 0.1574       | 0.1511       |             | 1.0922   | 0.308  
112    | 5.1452     | 0.4689     | 4.1757     | 0.4061     | 0.0945     | 0.1782       | 0.1770       |             | 1.1137   | 0.355  
113    | 4.9406     | 0.4473     | 4.0098     | 0.3905     | 0.0930     | 0.1787       | 0.1676       |             | 1.0765   | 0.346  
114    | 5.1140     | 0.4755     | 4.1296     | 0.4096     | 0.0993     | 0.1761       | 0.1943       |             | 1.0923   | 0.370  
115    | 5.0198     | 0.4892     | 4.0399     | 0.3925     | 0.0982     | 0.1720       | 0.1698       |             | 1.1217   | 0.342  
116    | 5.0465     | 0.4871     | 4.0834     | 0.3839     | 0.0921     | 0.1995       | 0.1960       |             | 1.1488   | 0.396  
117    | 5.4394     | 0.5426     | 4.3737     | 0.4238     | 0.0992     | 0.1947       | 0.2228       |             | 1.1676   | 0.417  
118    | 5.8504     | 0.5625     | 4.7387     | 0.4498     | 0.0994     | 0.1842       | 0.1976       |             | 1.1561   | 0.382  
119    | 5.6609     | 0.5226     | 4.5917     | 0.4431     | 0.1035     | 0.2090       | 0.2454       |             | 1.1726   | 0.454  
120    | 5.5527     | 0.4685     | 4.5442     | 0.4379     | 0.1021     | 0.1966       | 0.1805       |             | 1.0612   | 0.377  
121    | 5.2947     | 0.4838     | 4.2993     | 0.4132     | 0.0984     | 0.2173       | 0.1719       |             | 1.1616   | 0.389  
122    | 5.3513     | 0.5124     | 4.3399     | 0.4019     | 0.0970     | 0.1827       | 0.1543       |             | 1.0562   | 0.337  
123    | 5.1251     | 0.4716     | 4.1683     | 0.3856     | 0.0996     | 0.2141       | 0.1870       |             | 1.1042   | 0.401  
124    | 5.1554     | 0.4845     | 4.1782     | 0.3900     | 0.1026     | 0.1916       | 0.1898       |             | 1.0960   | 0.381  
125    | 5.0205     | 0.4537     | 4.0648     | 0.3995     | 0.1025     | 0.1820       | 0.1778       |             | 1.0035   | 0.360  
126    | 5.3222     | 0.4774     | 4.3442     | 0.3993     | 0.1013     | 0.2107       | 0.1934       |             | 1.0917   | 0.404  
127    | 5.5822     | 0.5844     | 4.4819     | 0.4109     | 0.1051     | 0.2060       | 0.2125       |             | 1.0375   | 0.419  
128    | 5.2836     | 0.4872     | 4.3020     | 0.3905     | 0.1039     | 0.1909       | 0.1835       |             | 1.0196   | 0.374  
129    | 5.3014     | 0.4805     | 4.3383     | 0.3838     | 0.0987     | 0.1986       | 0.1902       |             | 1.0449   | 0.389  
130    | 5.5935     | 0.5197     | 4.5796     | 0.3915     | 0.1027     | 0.2072       | 0.1963       |             | 1.1229   | 0.404  
131    | 5.5402     | 0.5468     | 4.4807     | 0.4069     | 0.1057     | 0.2262       | 0.2180       |             | 1.0990   | 0.444  
132    | 5.5763     | 0.5284     | 4.5153     | 0.4269     | 0.1056     | 0.2017       | 0.2298       |             | 1.1608   | 0.431  
133    | 5.6018     | 0.5458     | 4.5242     | 0.4251     | 0.1068     | 0.2036       | 0.2437       |             | 1.0740   | 0.447  
134    | 5.8979     | 0.5824     | 4.7741     | 0.4319     | 0.1096     | 0.1822       | 0.2702       |             | 1.0705   | 0.452  
135    | 5.8871     | 0.5478     | 4.7843     | 0.4430     | 0.1121     | 0.1633       | 0.2597       |             | 1.1131   | 0.423  
136    | 5.5787     | 0.4775     | 4.5582     | 0.4341     | 0.1089     | 0.1971       | 0.2123       |             | 1.0998   | 0.409  
137    | 5.6252     | 0.4922     | 4.6204     | 0.4085     | 0.1042     | 0.1986       | 0.2020       |             | 1.0596   | 0.401  
138    | 5.6499     | 0.5369     | 4.6096     | 0.3955     | 0.1078     | 0.1789       | 0.2149       |             | 1.0946   | 0.394  
139    | 5.5267     | 0.4590     | 4.5697     | 0.3905     | 0.1075     | 0.1526       | 0.1675       |             | 1.0287   | 0.320  
140    | 5.3873     | 0.4701     | 4.4373     | 0.3715     | 0.1084     | 0.1761       | 0.1742       |             | 1.0313   | 0.350  
141    | 5.3325     | 0.4745     | 4.3715     | 0.3799     | 0.1066     | 0.1890       | 0.2011       |             | 1.0751   | 0.390  
142    | 5.5145     | 0.5041     | 4.5169     | 0.3849     | 0.1086     | 0.1655       | 0.1908       |             | 0.9743   | 0.356  
143    | 5.2776     | 0.4628     | 4.3386     | 0.3714     | 0.1048     | 0.1757       | 0.1582       |             | 0.9321   | 0.334  
144    | 5.0226     | 0.4361     | 4.1373     | 0.3504     | 0.0989     | 0.1622       | 0.1500       |             | 0.9743   | 0.312  
145    | 5.0867     | 0.4551     | 4.1645     | 0.3620     | 0.1051     | 0.1596       | 0.1525       |             | 0.9589   | 0.312  
146    | 4.9401     | 0.4711     | 4.0157     | 0.3472     | 0.1060     | 0.1585       | 0.1536       |             | 0.9575   | 0.312  
147    | 4.9887     | 0.4337     | 4.1045     | 0.3452     | 0.1053     | 0.1580       | 0.1681       |             | 1.0219   | 0.326  
148    | 4.9833     | 0.4606     | 4.0641     | 0.3595     | 0.0991     | 0.1607       | 0.1327       |             | 0.9743   | 0.293  
149    | 4.9208     | 0.4202     | 4.0598     | 0.3386     | 0.1022     | 0.1590       | 0.1888       |             | 1.0638   | 0.348  
150    | 5.2203     | 0.4784     | 4.2829     | 0.3565     | 0.1025     | 0.1950       | 0.1734       |             | 1.0614   | 0.368  
151    | 4.8657     | 0.4471     | 3.9953     | 0.3251     | 0.0983     | 0.1557       | 0.1401       |             | 1.0267   | 0.296  
152    | 4.9677     | 0.4134     | 4.1061     | 0.3479     | 0.1003     | 0.1869       | 0.1562       |             | 1.0560   | 0.343  
153    | 5.0300     | 0.4465     | 4.1495     | 0.3361     | 0.0979     | 0.1812       | 0.1695       |             | 1.0671   | 0.351  
154    | 4.9666     | 0.4393     | 4.0991     | 0.3318     | 0.0964     | 0.1975       | 0.1482       |             | 1.0236   | 0.346  
155    | 5.0723     | 0.4364     | 4.1904     | 0.3468     | 0.0988     | 0.2016       | 0.1386       |             | 0.9795   | 0.340  
156    | 5.2005     | 0.4191     | 4.3411     | 0.3410     | 0.0993     | 0.1852       | 0.1355       |             | 0.9612   | 0.321  
157    | 5.4009     | 0.4741     | 4.4754     | 0.3505     | 0.1009     | 0.1687       | 0.1441       |             | 1.0111   | 0.313  
158    | 5.5483     | 0.4624     | 4.5998     | 0.3739     | 0.1122     | 0.1784       | 0.1413       |             | 0.9698   | 0.320  
159    | 5.3845     | 0.4820     | 4.4150     | 0.3764     | 0.1112     | 0.1982       | 0.1653       |             | 0.9318   | 0.364  
160    | 5.2716     | 0.4415     | 4.3661     | 0.3514     | 0.1126     | 0.2076       | 0.1320       |             | 1.0216   | 0.340  
161    | 5.4071     | 0.4562     | 4.4838     | 0.3590     | 0.1081     | 0.1607       | 0.1713       |             | 1.0035   | 0.332  
162    | 5.6864     | 0.4774     | 4.7339     | 0.3638     | 0.1114     | 0.1907       | 0.1775       |             | 1.0123   | 0.368  
163    | 5.4811     | 0.4394     | 4.5787     | 0.3531     | 0.1099     | 0.1843       | 0.1367       |             | 0.9463   | 0.321  
164    | 5.7255     | 0.4872     | 4.7673     | 0.3590     | 0.1121     | 0.2094       | 0.1762       |             | 1.1003   | 0.386  
165    | 5.6574     | 0.4776     | 4.7144     | 0.3533     | 0.1122     | 0.1885       | 0.1450       |             | 0.9728   | 0.334  
166    | 5.5444     | 0.4526     | 4.6220     | 0.3604     | 0.1093     | 0.2614       | 0.1500       |             | 1.0963   | 0.411  
167    | 5.3797     | 0.4711     | 4.4668     | 0.3319     | 0.1099     | 0.1993       | 0.1572       |             | 1.0337   | 0.356  
168    | 5.2578     | 0.4190     | 4.3981     | 0.3295     | 0.1112     | 0.1862       | 0.1703       |             | 1.0779   | 0.357  
169    | 5.3037     | 0.4609     | 4.3996     | 0.3333     | 0.1099     | 0.2103       | 0.1621       |             | 1.0504   | 0.372  
170    | 5.2859     | 0.4624     | 4.3863     | 0.3300     | 0.1072     | 0.1912       | 0.1529       |             | 1.0172   | 0.344  
171    | 5.4696     | 0.4816     | 4.5509     | 0.3295     | 0.1076     | 0.1763       | 0.1562       |             | 1.0474   | 0.333  
172    | 5.3118     | 0.4726     | 4.3961     | 0.3376     | 0.1055     | 0.1879       | 0.1555       |             | 1.0801   | 0.343  
173    | 5.3182     | 0.4747     | 4.3930     | 0.3431     | 0.1074     | 0.1893       | 0.1761       |             | 1.1743   | 0.365  
174    | 5.3814     | 0.4428     | 4.4821     | 0.3463     | 0.1102     | 0.1838       | 0.1798       |             | 1.1521   | 0.364  
175    | 5.4395     | 0.4602     | 4.5119     | 0.3523     | 0.1152     | 0.2034       | 0.1542       |             | 1.0429   | 0.358  
176    | 5.2407     | 0.4714     | 4.3346     | 0.3267     | 0.1080     | 0.1935       | 0.1391       |             | 0.9927   | 0.333  
177    | 5.0424     | 0.3995     | 4.2204     | 0.3110     | 0.1116     | 0.2282       | 0.1415       |             | 1.0325   | 0.370  
178    | 5.1037     | 0.4384     | 4.2273     | 0.3282     | 0.1098     | 0.2010       | 0.1505       |             | 0.9759   | 0.352  
179    | 4.9991     | 0.3877     | 4.1848     | 0.3207     | 0.1059     | 0.1703       | 0.1643       |             | 0.9874   | 0.335  
180    | 5.2198     | 0.4225     | 4.3470     | 0.3342     | 0.1161     | 0.1649       | 0.1562       |             | 1.0435   | 0.321  
181    | 5.3020     | 0.4171     | 4.4263     | 0.3388     | 0.1198     | 0.1810       | 0.1922       |             | 1.1057   | 0.373  
182    | 5.8046     | 0.4880     | 4.8204     | 0.3771     | 0.1191     | 0.2231       | 0.1890       |             | 1.2005   | 0.412  
183    | 5.7568     | 0.4479     | 4.8293     | 0.3614     | 0.1182     | 0.1644       | 0.1525       |             | 1.0459   | 0.317  
184    | 5.7513     | 0.4774     | 4.7965     | 0.3638     | 0.1136     | 0.1980       | 0.2074       |             | 1.0728   | 0.405  
185    | 5.6578     | 0.4743     | 4.7010     | 0.3663     | 0.1163     | 0.2043       | 0.1896       |             | 0.9937   | 0.394  
186    | 5.4232     | 0.4620     | 4.4973     | 0.3432     | 0.1207     | 0.2092       | 0.1635       |             | 1.0053   | 0.373  
187    | 5.1904     | 0.4702     | 4.2658     | 0.3394     | 0.1151     | 0.2118       | 0.1426       |             | 0.9976   | 0.354  
188    | 5.4733     | 0.4942     | 4.5185     | 0.3383     | 0.1223     | 0.2297       | 0.1628       |             | 1.0298   | 0.392  
189    | 5.3040     | 0.4413     | 4.4212     | 0.3238     | 0.1178     | 0.2299       | 0.1770       |             | 0.9851   | 0.407  
190    | 5.3794     | 0.4138     | 4.5441     | 0.3095     | 0.1120     | 0.1894       | 0.2041       |             | 1.0661   | 0.394  
191    | 5.7170     | 0.4763     | 4.8025     | 0.3248     | 0.1134     | 0.1809       | 0.1841       |             | 1.1600   | 0.365  
192    | 5.5819     | 0.4421     | 4.6701     | 0.3547     | 0.1149     | 0.1901       | 0.2091       |             | 1.0326   | 0.399  
193    | 5.5904     | 0.4342     | 4.6973     | 0.3487     | 0.1102     | 0.1728       | 0.2041       |             | 1.0287   | 0.377  
194    | 5.3628     | 0.4368     | 4.4867     | 0.3257     | 0.1136     | 0.1867       | 0.1422       |             | 0.9831   | 0.329  
195    | 5.2001     | 0.4636     | 4.3070     | 0.3198     | 0.1097     | 0.1725       | 0.1660       |             | 1.0016   | 0.338  
196    | 5.2816     | 0.4195     | 4.4337     | 0.3170     | 0.1115     | 0.2018       | 0.1540       |             | 1.0579   | 0.356  
197    | 5.2509     | 0.4125     | 4.4171     | 0.3117     | 0.1096     | 0.1885       | 0.1499       |             | 1.0366   | 0.338  
198    | 5.1934     | 0.4344     | 4.3244     | 0.3197     | 0.1149     | 0.1879       | 0.1204       |             | 0.9683   | 0.308  
199    | 5.2814     | 0.4624     | 4.3805     | 0.3286     | 0.1100     | 0.2044       | 0.1536       |             | 1.0174   | 0.358  
200    | 5.3527     | 0.4158     | 4.5122     | 0.3206     | 0.1041     | 0.1956       | 0.1494       |             | 1.0767   | 0.345  
201    | 5.2268     | 0.3964     | 4.4152     | 0.3090     | 0.1062     | 0.1870       | 0.1761       |             | 1.1386   | 0.363  
202    | 5.3920     | 0.4178     | 4.5536     | 0.3096     | 0.1110     | 0.1882       | 0.1168       |             | 1.1176   | 0.305  
203    | 5.3834     | 0.4311     | 4.5396     | 0.3101     | 0.1025     | 0.1698       | 0.1358       |             | 1.0399   | 0.306  
204    | 5.2830     | 0.4600     | 4.4189     | 0.2979     | 0.1061     | 0.1826       | 0.1319       |             | 1.0104   | 0.315  
205    | 5.1890     | 0.4138     | 4.3486     | 0.3143     | 0.1124     | 0.1764       | 0.1301       |             | 1.0355   | 0.306  
206    | 5.2577     | 0.4090     | 4.4367     | 0.3077     | 0.1044     | 0.1991       | 0.1405       |             | 1.0973   | 0.340  
207    | 5.5322     | 0.4537     | 4.6569     | 0.3178     | 0.1037     | 0.1882       | 0.1206       |             | 1.0256   | 0.309  
208    | 5.4465     | 0.4749     | 4.5673     | 0.2992     | 0.1051     | 0.1698       | 0.1172       | (saved)     | 1.0041   | 0.287  
209    | 5.4430     | 0.4244     | 4.6074     | 0.3099     | 0.1013     | 0.1822       | 0.1415       |             | 1.0159   | 0.324  
210    | 5.4903     | 0.4479     | 4.6230     | 0.3132     | 0.1062     | 0.2053       | 0.1587       |             | 1.1666   | 0.364  
211    | 5.7889     | 0.4623     | 4.8937     | 0.3262     | 0.1066     | 0.1831       | 0.1594       |             | 1.1064   | 0.342  
212    | 5.5441     | 0.3914     | 4.7250     | 0.3199     | 0.1078     | 0.1813       | 0.1696       |             | 1.0617   | 0.351  
213    | 5.4278     | 0.4414     | 4.5419     | 0.3376     | 0.1069     | 0.2039       | 0.1535       |             | 0.9881   | 0.357  
214    | 5.5916     | 0.4762     | 4.6904     | 0.3186     | 0.1064     | 0.1825       | 0.1675       |             | 1.0431   | 0.350  
215    | 5.3705     | 0.3858     | 4.5562     | 0.3261     | 0.1024     | 0.2065       | 0.1590       |             | 1.0214   | 0.366  
216    | 5.4455     | 0.4611     | 4.5654     | 0.3159     | 0.1030     | 0.2059       | 0.1531       |             | 1.0715   | 0.359  
217    | 5.2333     | 0.4279     | 4.3974     | 0.3071     | 0.1008     | 0.1945       | 0.1478       |             | 1.0696   | 0.342  
218    | 5.2472     | 0.4384     | 4.3990     | 0.3060     | 0.1038     | 0.2024       | 0.1353       |             | 1.0906   | 0.338  
219    | 5.3105     | 0.4659     | 4.4324     | 0.3054     | 0.1069     | 0.1830       | 0.1575       |             | 1.0171   | 0.340  
220    | 5.2787     | 0.4089     | 4.4323     | 0.3273     | 0.1102     | 0.1681       | 0.1700       |             | 1.0868   | 0.338  
221    | 5.2162     | 0.4229     | 4.3734     | 0.3142     | 0.1057     | 0.1918       | 0.1480       |             | 1.0445   | 0.340  
222    | 5.3015     | 0.4167     | 4.4602     | 0.3145     | 0.1100     | 0.1610       | 0.1431       |             | 1.1088   | 0.304  
223    | 5.5063     | 0.4125     | 4.6566     | 0.3289     | 0.1084     | 0.2096       | 0.1451       |             | 1.0602   | 0.355  
224    | 5.2934     | 0.4721     | 4.4116     | 0.3041     | 0.1057     | 0.1857       | 0.1482       |             | 1.1457   | 0.334  
225    | 5.2010     | 0.3991     | 4.4078     | 0.2944     | 0.0998     | 0.2098       | 0.1466       |             | 1.0474   | 0.356  
226    | 5.2131     | 0.3919     | 4.4215     | 0.2977     | 0.1020     | 0.1818       | 0.1464       |             | 1.0346   | 0.328  
227    | 5.2982     | 0.4335     | 4.4650     | 0.2935     | 0.1061     | 0.1894       | 0.1175       |             | 1.0743   | 0.307  
228    | 5.0685     | 0.3980     | 4.2945     | 0.2741     | 0.1019     | 0.1788       | 0.1484       |             | 1.1581   | 0.327  
229    | 5.4883     | 0.4896     | 4.5858     | 0.3092     | 0.1036     | 0.1881       | 0.1558       |             | 1.2362   | 0.344  
230    | 5.3036     | 0.4334     | 4.4550     | 0.3094     | 0.1058     | 0.1940       | 0.1608       |             | 1.0331   | 0.355  
231    | 5.1372     | 0.4523     | 4.2686     | 0.3076     | 0.1086     | 0.1889       | 0.1521       |             | 1.0343   | 0.341  
232    | 5.0989     | 0.4214     | 4.2975     | 0.2777     | 0.1023     | 0.1832       | 0.1252       |             | 1.0535   | 0.308  
233    | 5.1465     | 0.4342     | 4.3182     | 0.2888     | 0.1053     | 0.2019       | 0.1299       |             | 1.0654   | 0.332  
234    | 5.0376     | 0.3695     | 4.2765     | 0.2898     | 0.1018     | 0.2098       | 0.1211       |             | 1.0674   | 0.331  
235    | 5.1259     | 0.3994     | 4.3293     | 0.2968     | 0.1004     | 0.1880       | 0.1388       |             | 1.0494   | 0.327  
236    | 5.0287     | 0.3880     | 4.2505     | 0.2867     | 0.1035     | 0.1997       | 0.1270       |             | 1.0427   | 0.327  
237    | 5.0371     | 0.3637     | 4.2822     | 0.2870     | 0.1043     | 0.1845       | 0.1115       |             | 1.0426   | 0.296  
238    | 5.0218     | 0.3421     | 4.3052     | 0.2765     | 0.0980     | 0.2173       | 0.1096       |             | 1.0918   | 0.327  
239    | 5.2370     | 0.3814     | 4.4794     | 0.2744     | 0.1018     | 0.1963       | 0.1492       |             | 1.0719   | 0.346  
240    | 5.3074     | 0.3807     | 4.5412     | 0.2813     | 0.1041     | 0.2158       | 0.1229       |             | 1.1222   | 0.339  
241    | 5.2749     | 0.4407     | 4.4501     | 0.2790     | 0.1050     | 0.2134       | 0.1211       |             | 1.1596   | 0.335  
242    | 5.2800     | 0.4209     | 4.4605     | 0.2924     | 0.1062     | 0.2310       | 0.1290       |             | 1.1212   | 0.360  
243    | 5.1838     | 0.3785     | 4.4078     | 0.2908     | 0.1067     | 0.1871       | 0.1187       |             | 1.0968   | 0.306  
244    | 4.9971     | 0.3642     | 4.2521     | 0.2785     | 0.1023     | 0.2216       | 0.1087       |             | 1.0985   | 0.330  
245    | 5.0427     | 0.4018     | 4.2554     | 0.2834     | 0.1021     | 0.2116       | 0.1087       |             | 1.1137   | 0.320  
246    | 5.3113     | 0.3982     | 4.5239     | 0.2906     | 0.0986     | 0.2177       | 0.1450       |             | 1.0833   | 0.363  
247    | 5.3319     | 0.4354     | 4.4995     | 0.2915     | 0.1055     | 0.2114       | 0.1208       |             | 1.1334   | 0.332  
248    | 5.3592     | 0.4089     | 4.5538     | 0.2914     | 0.1051     | 0.2029       | 0.1186       |             | 1.0999   | 0.322  
249    | 5.3029     | 0.4571     | 4.4498     | 0.2883     | 0.1077     | 0.2239       | 0.1146       |             | 1.1010   | 0.339  
250    | 5.3033     | 0.4657     | 4.4398     | 0.2907     | 0.1071     | 0.1981       | 0.1194       |             | 1.1230   | 0.317  
251    | 5.2532     | 0.4276     | 4.4288     | 0.2913     | 0.1055     | 0.1881       | 0.1327       |             | 1.1389   | 0.321  
252    | 5.2034     | 0.4204     | 4.3921     | 0.2858     | 0.1051     | 0.1860       | 0.1088       |             | 1.1191   | 0.295  
253    | 5.1966     | 0.4014     | 4.3962     | 0.2883     | 0.1106     | 0.2112       | 0.1461       |             | 1.1164   | 0.357  
254    | 5.0647     | 0.4386     | 4.2454     | 0.2771     | 0.1036     | 0.1820       | 0.1095       |             | 1.1069   | 0.292  
255    | 5.0981     | 0.4095     | 4.3005     | 0.2838     | 0.1044     | 0.1768       | 0.1375       |             | 1.0746   | 0.314  
256    | 5.1354     | 0.4074     | 4.3505     | 0.2738     | 0.1037     | 0.1812       | 0.1276       |             | 1.1256   | 0.309  
257    | 5.0685     | 0.4076     | 4.2931     | 0.2712     | 0.0966     | 0.2015       | 0.1058       |             | 1.0950   | 0.307  
258    | 5.0981     | 0.4082     | 4.3054     | 0.2868     | 0.0978     | 0.2072       | 0.1141       |             | 1.0144   | 0.321  
259    | 4.9692     | 0.3970     | 4.1957     | 0.2780     | 0.0986     | 0.1981       | 0.1365       |             | 1.0188   | 0.335  
260    | 5.2684     | 0.4344     | 4.4504     | 0.2785     | 0.1051     | 0.2225       | 0.1402       |             | 1.0232   | 0.363  
261    | 5.2871     | 0.4177     | 4.4737     | 0.2874     | 0.1083     | 0.2019       | 0.1451       |             | 1.0414   | 0.347  
262    | 4.9085     | 0.3549     | 4.1917     | 0.2614     | 0.1005     | 0.2019       | 0.1187       |             | 1.0506   | 0.321  
263    | 5.1426     | 0.3698     | 4.4150     | 0.2609     | 0.0969     | 0.2134       | 0.1303       |             | 1.1562   | 0.344  
264    | 5.3038     | 0.3918     | 4.5265     | 0.2749     | 0.1107     | 0.1920       | 0.1317       |             | 1.0629   | 0.324  
265    | 5.2686     | 0.4271     | 4.4641     | 0.2745     | 0.1029     | 0.2150       | 0.1110       |             | 1.1273   | 0.326  
266    | 5.2822     | 0.4465     | 4.4451     | 0.2840     | 0.1066     | 0.1904       | 0.1441       |             | 1.1165   | 0.335  
267    | 5.1508     | 0.4134     | 4.3503     | 0.2775     | 0.1096     | 0.2104       | 0.1167       |             | 1.1515   | 0.327  
268    | 5.1679     | 0.3797     | 4.4060     | 0.2751     | 0.1070     | 0.2231       | 0.1292       |             | 1.1587   | 0.352  
269    | 5.2964     | 0.4454     | 4.4637     | 0.2799     | 0.1074     | 0.2409       | 0.1582       |             | 1.1599   | 0.399  
270    | 5.2397     | 0.4699     | 4.3730     | 0.2891     | 0.1077     | 0.2232       | 0.1299       |             | 1.1644   | 0.353  
271    | 5.3714     | 0.4245     | 4.5523     | 0.2793     | 0.1154     | 0.2433       | 0.1117       |             | 1.2714   | 0.355  
272    | 5.3948     | 0.4331     | 4.5816     | 0.2735     | 0.1066     | 0.2447       | 0.1295       |             | 1.2107   | 0.374  
273    | 5.1546     | 0.3800     | 4.3920     | 0.2758     | 0.1068     | 0.1947       | 0.1293       |             | 1.1779   | 0.324  
274    | 5.1724     | 0.4084     | 4.3824     | 0.2743     | 0.1074     | 0.1849       | 0.1369       |             | 1.1673   | 0.322  
275    | 5.3406     | 0.4533     | 4.5071     | 0.2767     | 0.1035     | 0.2130       | 0.1172       |             | 1.2336   | 0.330  
276    | 5.2778     | 0.3785     | 4.5241     | 0.2717     | 0.1035     | 0.2160       | 0.1332       |             | 1.1695   | 0.349  
277    | 5.0470     | 0.3564     | 4.3110     | 0.2751     | 0.1046     | 0.2036       | 0.1200       |             | 1.2333   | 0.324  
278    | 5.1976     | 0.3862     | 4.4404     | 0.2692     | 0.1017     | 0.2167       | 0.1386       |             | 1.1870   | 0.355  
279    | 5.3779     | 0.3878     | 4.6004     | 0.2835     | 0.1062     | 0.2164       | 0.1456       |             | 1.1741   | 0.362  
280    | 5.3621     | 0.4517     | 4.5321     | 0.2744     | 0.1039     | 0.1988       | 0.1385       |             | 1.2690   | 0.337  
281    | 5.2340     | 0.3812     | 4.4848     | 0.2656     | 0.1024     | 0.1914       | 0.1289       |             | 1.2586   | 0.320  
282    | 5.0719     | 0.3578     | 4.3447     | 0.2657     | 0.1038     | 0.2278       | 0.1482       |             | 1.1636   | 0.376  
283    | 5.2248     | 0.3872     | 4.4582     | 0.2749     | 0.1045     | 0.2234       | 0.1252       |             | 1.1501   | 0.349  
284    | 5.1267     | 0.3842     | 4.3656     | 0.2744     | 0.1025     | 0.1895       | 0.1250       |             | 1.1007   | 0.315  
285    | 5.2691     | 0.3870     | 4.5123     | 0.2669     | 0.1029     | 0.2042       | 0.1306       |             | 1.1912   | 0.335  
286    | 5.4121     | 0.4177     | 4.6116     | 0.2748     | 0.1080     | 0.2065       | 0.1542       |             | 1.2293   | 0.361  
287    | 5.5055     | 0.4029     | 4.7100     | 0.2823     | 0.1104     | 0.2649       | 0.1308       |             | 1.2242   | 0.396  
288    | 5.4644     | 0.3726     | 4.7271     | 0.2545     | 0.1102     | 0.2253       | 0.1373       |             | 1.2864   | 0.363  
289    | 5.2971     | 0.4694     | 4.4649     | 0.2604     | 0.1024     | 0.2294       | 0.1111       |             | 1.2095   | 0.340  
290    | 5.3354     | 0.3972     | 4.5835     | 0.2559     | 0.0988     | 0.2735       | 0.1061       |             | 1.2471   | 0.380  
291    | 5.3562     | 0.4012     | 4.6001     | 0.2570     | 0.0978     | 0.2387       | 0.1197       |             | 1.2497   | 0.358  
292    | 5.3867     | 0.3936     | 4.6261     | 0.2654     | 0.1017     | 0.2230       | 0.1218       |             | 1.3277   | 0.345  
293    | 5.1721     | 0.3763     | 4.4419     | 0.2538     | 0.1001     | 0.2108       | 0.1124       |             | 1.1860   | 0.323  
294    | 5.2917     | 0.3552     | 4.5717     | 0.2647     | 0.1000     | 0.2343       | 0.1432       |             | 1.2264   | 0.377  
295    | 5.3321     | 0.4055     | 4.5570     | 0.2666     | 0.1030     | 0.2116       | 0.1138       |             | 1.3015   | 0.325  
296    | 5.1633     | 0.3855     | 4.4173     | 0.2614     | 0.0992     | 0.2303       | 0.1128       |             | 1.1817   | 0.343  
297    | 5.3449     | 0.4103     | 4.5741     | 0.2619     | 0.0986     | 0.2543       | 0.1040       |             | 1.0551   | 0.358  
298    | 5.2096     | 0.3873     | 4.4721     | 0.2554     | 0.0948     | 0.1970       | 0.1051       |             | 1.0810   | 0.302  
299    | 5.0624     | 0.3706     | 4.3447     | 0.2526     | 0.0946     | 0.2476       | 0.1167       |             | 1.1742   | 0.364  
300    | 5.2565     | 0.3793     | 4.5170     | 0.2629     | 0.0973     | 0.2295       | 0.1251       |             | 1.2329   | 0.355  
Seed 6767 | Src Acc: 97.1429 | Src MDE: 0.0492 | Tgt Acc: 35.2041 | Tgt MDE: 1.0041
Start Training Seed 123456...
Epoch  | Total Loss | l_sc       | l_dc       | l_tc       | l_ca       | val_l_sc     | val_l_dc     | Save        | Test MDE | Score  
---------------------------------------------------------------------------------------------------------------------------------------
1      | 13.2909    | 3.5686     | 5.5307     | 3.7101     | 0.4815     | 3.0031       | 3.7385       |             | 2.1096   | 6.742  
2      | 12.0286    | 2.8930     | 5.3536     | 3.4813     | 0.3006     | 2.4867       | 3.3659       |             | 1.8585   | 5.853  
3      | 10.7731    | 2.6876     | 5.1986     | 2.6758     | 0.2111     | 2.3054       | 2.1367       |             | 2.0680   | 4.442  
4      | 9.5581     | 2.6108     | 4.9919     | 1.7892     | 0.1662     | 2.0769       | 1.4605       |             | 2.3206   | 3.537  
5      | 8.6332     | 2.3894     | 4.7695     | 1.3398     | 0.1345     | 1.7980       | 1.2914       |             | 2.4004   | 3.089  
6      | 7.8368     | 2.0998     | 4.5027     | 1.1099     | 0.1244     | 1.5327       | 0.9676       |             | 2.3266   | 2.500  
7      | 7.1470     | 1.8751     | 4.2055     | 0.9489     | 0.1176     | 1.3267       | 0.8291       |             | 2.3683   | 2.156  
8      | 6.4113     | 1.6379     | 3.8354     | 0.8378     | 0.1002     | 1.0543       | 0.6980       |             | 2.3484   | 1.752  
9      | 5.8307     | 1.4958     | 3.5024     | 0.7298     | 0.1027     | 0.9718       | 0.5474       |             | 2.3796   | 1.519  
10     | 5.2881     | 1.3468     | 3.1825     | 0.6489     | 0.1098     | 0.8458       | 0.5323       |             | 2.2900   | 1.378  
11     | 4.6473     | 1.1957     | 2.7746     | 0.5718     | 0.1051     | 0.8090       | 0.4646       |             | 2.3392   | 1.274  
12     | 4.2115     | 1.1017     | 2.5144     | 0.5032     | 0.0921     | 0.6754       | 0.4751       |             | 2.3428   | 1.150  
13     | 3.9543     | 1.0741     | 2.2905     | 0.4944     | 0.0952     | 0.7849       | 0.3470       |             | 2.3735   | 1.132  
14     | 3.5887     | 0.9669     | 2.0591     | 0.4653     | 0.0975     | 0.4466       | 0.5900       |             | 2.0143   | 1.037  
15     | 3.3365     | 0.9343     | 1.8715     | 0.4398     | 0.0909     | 0.6528       | 0.3273       |             | 2.3000   | 0.980  
16     | 3.1658     | 0.9099     | 1.7370     | 0.4219     | 0.0969     | 0.5235       | 0.3913       |             | 2.2660   | 0.915  
17     | 3.1063     | 0.8784     | 1.7083     | 0.4242     | 0.0954     | 0.5596       | 0.3670       |             | 2.2639   | 0.927  
18     | 2.8036     | 0.8270     | 1.4870     | 0.3978     | 0.0918     | 0.4847       | 0.4004       |             | 2.2169   | 0.885  
19     | 2.6406     | 0.7956     | 1.3784     | 0.3829     | 0.0838     | 0.3561       | 0.4303       |             | 2.1350   | 0.786  
20     | 2.5036     | 0.7859     | 1.2637     | 0.3706     | 0.0835     | 0.4699       | 0.3020       |             | 2.2629   | 0.772  
21     | 2.5417     | 0.7609     | 1.3377     | 0.3579     | 0.0852     | 0.5845       | 0.3184       |             | 2.1695   | 0.903  
22     | 2.4793     | 0.7323     | 1.3057     | 0.3538     | 0.0875     | 0.3015       | 0.4071       |             | 2.1244   | 0.709  
23     | 2.4476     | 0.7200     | 1.3002     | 0.3470     | 0.0804     | 0.5319       | 0.2762       |             | 2.2512   | 0.808  
24     | 2.3098     | 0.6785     | 1.2188     | 0.3273     | 0.0852     | 0.4592       | 0.2618       |             | 2.1833   | 0.721  
25     | 2.4770     | 0.6948     | 1.3673     | 0.3324     | 0.0825     | 0.2894       | 0.3270       |             | 2.1169   | 0.616  
26     | 2.4590     | 0.6907     | 1.3596     | 0.3281     | 0.0807     | 0.3922       | 0.2873       |             | 2.0695   | 0.679  
27     | 2.3957     | 0.6442     | 1.3396     | 0.3320     | 0.0798     | 0.3280       | 0.3286       |             | 2.0484   | 0.657  
28     | 2.5504     | 0.6713     | 1.4417     | 0.3536     | 0.0838     | 0.2329       | 0.5633       |             | 1.9187   | 0.796  
29     | 2.5314     | 0.6448     | 1.4620     | 0.3409     | 0.0836     | 0.3084       | 0.3456       |             | 2.1108   | 0.654  
30     | 2.7302     | 0.6784     | 1.6171     | 0.3504     | 0.0843     | 0.2308       | 0.4476       |             | 1.8322   | 0.678  
31     | 2.8439     | 0.6831     | 1.7342     | 0.3424     | 0.0841     | 0.3418       | 0.4572       |             | 1.7654   | 0.799  
32     | 3.3847     | 0.6865     | 2.1909     | 0.4189     | 0.0884     | 0.2915       | 0.4354       |             | 1.8463   | 0.727  
33     | 3.2686     | 0.6732     | 2.0987     | 0.4026     | 0.0941     | 0.2199       | 0.5286       |             | 1.7811   | 0.749  
34     | 3.5281     | 0.6922     | 2.3208     | 0.4202     | 0.0950     | 0.3606       | 0.3578       |             | 1.9802   | 0.718  
35     | 3.6548     | 0.6915     | 2.4250     | 0.4413     | 0.0969     | 0.2327       | 0.3831       |             | 1.9922   | 0.616  
36     | 3.7123     | 0.7038     | 2.4867     | 0.4179     | 0.1040     | 0.3263       | 0.3830       |             | 2.0058   | 0.709  
37     | 4.1581     | 0.7435     | 2.8501     | 0.4627     | 0.1019     | 0.3398       | 0.3239       |             | 1.9446   | 0.664  
38     | 3.7690     | 0.6974     | 2.5411     | 0.4303     | 0.1002     | 0.2822       | 0.3088       |             | 1.8788   | 0.591  
39     | 3.3951     | 0.6448     | 2.2555     | 0.3967     | 0.0981     | 0.2674       | 0.4358       |             | 1.8462   | 0.703  
40     | 3.5333     | 0.6791     | 2.3405     | 0.4200     | 0.0937     | 0.3566       | 0.3430       |             | 1.7570   | 0.700  
41     | 3.6199     | 0.6389     | 2.4439     | 0.4481     | 0.0890     | 0.2257       | 0.3817       |             | 1.8144   | 0.607  
42     | 4.0982     | 0.6853     | 2.8616     | 0.4621     | 0.0892     | 0.2376       | 0.3967       |             | 1.8471   | 0.634  
43     | 4.0314     | 0.7143     | 2.7766     | 0.4500     | 0.0905     | 0.1906       | 0.3374       |             | 1.7747   | 0.528  
44     | 3.6242     | 0.6585     | 2.4616     | 0.4148     | 0.0892     | 0.3157       | 0.2089       |             | 1.9977   | 0.525  
45     | 3.6224     | 0.6761     | 2.4374     | 0.4237     | 0.0852     | 0.1916       | 0.3777       |             | 1.7417   | 0.569  
46     | 3.4835     | 0.6186     | 2.3536     | 0.4258     | 0.0855     | 0.1623       | 0.4629       |             | 1.3897   | 0.625  
47     | 3.9308     | 0.6709     | 2.6975     | 0.4744     | 0.0880     | 0.2083       | 0.3445       |             | 1.7024   | 0.553  
48     | 3.7146     | 0.5994     | 2.5828     | 0.4435     | 0.0889     | 0.1551       | 0.4532       |             | 1.5971   | 0.608  
49     | 3.8235     | 0.6625     | 2.6132     | 0.4604     | 0.0873     | 0.1802       | 0.3897       |             | 1.7641   | 0.570  
50     | 3.4602     | 0.6157     | 2.3534     | 0.4095     | 0.0816     | 0.1860       | 0.2734       |             | 1.8851   | 0.459  
51     | 3.4503     | 0.6013     | 2.3444     | 0.4202     | 0.0844     | 0.1692       | 0.3765       | (saved)     | 1.7001   | 0.546  
52     | 3.7224     | 0.6196     | 2.5809     | 0.4414     | 0.0806     | 0.2539       | 0.3211       |             | 1.7456   | 0.575  
53     | 3.7263     | 0.6241     | 2.5836     | 0.4342     | 0.0845     | 0.1852       | 0.4777       |             | 1.5874   | 0.663  
54     | 4.1332     | 0.5893     | 2.9840     | 0.4756     | 0.0844     | 0.1781       | 0.4634       |             | 1.6193   | 0.642  
55     | 4.4500     | 0.6757     | 3.1931     | 0.4980     | 0.0832     | 0.1916       | 0.4045       |             | 1.4664   | 0.596  
56     | 4.2921     | 0.6182     | 3.1080     | 0.4794     | 0.0864     | 0.1713       | 0.3755       |             | 1.4276   | 0.547  
57     | 4.0419     | 0.5980     | 2.8979     | 0.4562     | 0.0898     | 0.2185       | 0.3251       | (saved)     | 1.4984   | 0.544  
58     | 4.1039     | 0.5964     | 2.9525     | 0.4670     | 0.0879     | 0.1765       | 0.3254       | (saved)     | 1.5461   | 0.502  
59     | 4.0302     | 0.6196     | 2.8862     | 0.4391     | 0.0853     | 0.2193       | 0.2973       |             | 1.7891   | 0.517  
60     | 3.9324     | 0.6103     | 2.8141     | 0.4284     | 0.0796     | 0.2127       | 0.2446       | (saved)     | 1.8272   | 0.457  
61     | 3.9113     | 0.5745     | 2.8028     | 0.4533     | 0.0807     | 0.2461       | 0.2826       |             | 1.6798   | 0.529  
62     | 4.0058     | 0.6075     | 2.8660     | 0.4485     | 0.0838     | 0.1639       | 0.2628       | (saved)     | 1.5440   | 0.427  
63     | 3.9762     | 0.5907     | 2.8411     | 0.4577     | 0.0867     | 0.2151       | 0.2826       |             | 1.5737   | 0.498  
64     | 3.9626     | 0.5827     | 2.8434     | 0.4518     | 0.0847     | 0.1397       | 0.3223       |             | 1.3442   | 0.462  
65     | 4.1387     | 0.5925     | 3.0022     | 0.4637     | 0.0802     | 0.2132       | 0.2493       |             | 1.4040   | 0.462  
66     | 4.3526     | 0.6113     | 3.2041     | 0.4564     | 0.0808     | 0.1797       | 0.2952       |             | 1.4428   | 0.475  
67     | 4.3210     | 0.6176     | 3.1595     | 0.4620     | 0.0819     | 0.1635       | 0.2699       |             | 1.3426   | 0.433  
68     | 4.6505     | 0.6044     | 3.4572     | 0.5042     | 0.0847     | 0.1665       | 0.3130       |             | 1.1548   | 0.480  
69     | 5.2033     | 0.6927     | 3.8644     | 0.5538     | 0.0924     | 0.1569       | 0.3649       |             | 1.0913   | 0.522  
70     | 4.7818     | 0.5858     | 3.5816     | 0.5300     | 0.0844     | 0.1265       | 0.3423       |             | 1.2440   | 0.469  
71     | 4.7135     | 0.6072     | 3.5165     | 0.5078     | 0.0820     | 0.1365       | 0.3690       |             | 1.1934   | 0.506  
72     | 4.4882     | 0.5858     | 3.3255     | 0.4882     | 0.0887     | 0.1312       | 0.2921       | (saved)     | 1.1297   | 0.423  
73     | 4.5138     | 0.5852     | 3.3765     | 0.4661     | 0.0861     | 0.1310       | 0.2610       | (saved)     | 1.0867   | 0.392  
74     | 4.3937     | 0.5487     | 3.3158     | 0.4447     | 0.0845     | 0.1318       | 0.2061       | (saved)     | 1.1790   | 0.338  
75     | 4.5221     | 0.5449     | 3.4245     | 0.4653     | 0.0874     | 0.1270       | 0.2017       | (saved)     | 1.1676   | 0.329  
76     | 4.3154     | 0.5262     | 3.2641     | 0.4389     | 0.0862     | 0.1283       | 0.2351       |             | 1.1611   | 0.363  
77     | 4.1598     | 0.5345     | 3.0965     | 0.4404     | 0.0885     | 0.1558       | 0.2205       |             | 1.1870   | 0.376  
78     | 4.1402     | 0.5607     | 3.0708     | 0.4234     | 0.0854     | 0.1103       | 0.2446       |             | 1.1399   | 0.355  
79     | 4.4559     | 0.5656     | 3.3442     | 0.4596     | 0.0866     | 0.1110       | 0.2632       |             | 1.1057   | 0.374  
80     | 4.2521     | 0.4814     | 3.2382     | 0.4494     | 0.0830     | 0.1111       | 0.2379       |             | 1.0927   | 0.349  
81     | 4.3834     | 0.4913     | 3.3534     | 0.4587     | 0.0800     | 0.1088       | 0.2308       |             | 1.0063   | 0.340  
82     | 4.4794     | 0.5537     | 3.3741     | 0.4700     | 0.0815     | 0.1230       | 0.2554       |             | 1.0485   | 0.378  
83     | 4.5154     | 0.4856     | 3.4995     | 0.4467     | 0.0836     | 0.1315       | 0.2485       |             | 1.1028   | 0.380  
84     | 4.6688     | 0.5214     | 3.5861     | 0.4800     | 0.0813     | 0.1075       | 0.2552       |             | 1.0159   | 0.363  
85     | 4.5363     | 0.5042     | 3.5062     | 0.4416     | 0.0844     | 0.1127       | 0.2112       | (saved)     | 1.0174   | 0.324  
86     | 4.5413     | 0.5413     | 3.4928     | 0.4190     | 0.0881     | 0.1227       | 0.2064       |             | 0.9955   | 0.329  
87     | 4.5900     | 0.5029     | 3.5786     | 0.4277     | 0.0808     | 0.1357       | 0.2040       |             | 1.0166   | 0.340  
88     | 4.8423     | 0.5076     | 3.7828     | 0.4653     | 0.0866     | 0.1393       | 0.2266       |             | 0.9549   | 0.366  
89     | 5.1642     | 0.5529     | 4.0521     | 0.4708     | 0.0884     | 0.1404       | 0.2353       |             | 0.9225   | 0.376  
90     | 5.3247     | 0.5381     | 4.2191     | 0.4778     | 0.0897     | 0.1546       | 0.2806       |             | 1.0157   | 0.435  
91     | 5.0551     | 0.4921     | 4.0067     | 0.4679     | 0.0883     | 0.1351       | 0.2469       |             | 0.9567   | 0.382  
92     | 4.9075     | 0.5263     | 3.8436     | 0.4473     | 0.0903     | 0.1374       | 0.2457       |             | 1.0591   | 0.383  
93     | 4.7785     | 0.4740     | 3.7747     | 0.4383     | 0.0915     | 0.1307       | 0.3034       |             | 0.9785   | 0.434  
94     | 5.0997     | 0.5433     | 4.0055     | 0.4579     | 0.0930     | 0.1670       | 0.2981       |             | 1.0809   | 0.465  
95     | 5.3697     | 0.5246     | 4.2698     | 0.4811     | 0.0941     | 0.1480       | 0.2798       |             | 0.9380   | 0.428  
96     | 5.3998     | 0.5713     | 4.2623     | 0.4732     | 0.0929     | 0.1318       | 0.2783       |             | 0.9752   | 0.410  
97     | 5.2913     | 0.5305     | 4.2005     | 0.4659     | 0.0944     | 0.1560       | 0.2501       |             | 0.9876   | 0.406  
98     | 5.2048     | 0.5423     | 4.1208     | 0.4484     | 0.0933     | 0.1800       | 0.2627       |             | 0.9921   | 0.443  
99     | 5.5331     | 0.5837     | 4.3954     | 0.4583     | 0.0957     | 0.1832       | 0.2146       |             | 0.9816   | 0.398  
100    | 5.3894     | 0.5368     | 4.3038     | 0.4533     | 0.0955     | 0.1677       | 0.2610       |             | 0.9666   | 0.429  
101    | 5.4717     | 0.5349     | 4.3739     | 0.4628     | 0.1000     | 0.1441       | 0.2667       |             | 0.9346   | 0.411  
102    | 5.6125     | 0.5827     | 4.4782     | 0.4550     | 0.0966     | 0.1574       | 0.2319       |             | 1.0104   | 0.389  
103    | 5.5631     | 0.5889     | 4.4383     | 0.4400     | 0.0958     | 0.1405       | 0.2179       |             | 0.9250   | 0.358  
104    | 5.6930     | 0.6029     | 4.5390     | 0.4557     | 0.0954     | 0.1565       | 0.2738       |             | 0.9891   | 0.430  
105    | 5.6122     | 0.5749     | 4.5028     | 0.4400     | 0.0945     | 0.2030       | 0.2459       |             | 1.0119   | 0.449  
106    | 5.6356     | 0.5303     | 4.5583     | 0.4527     | 0.0944     | 0.1464       | 0.2577       |             | 0.9996   | 0.404  
107    | 5.9162     | 0.6038     | 4.7353     | 0.4792     | 0.0979     | 0.1284       | 0.2718       |             | 0.9845   | 0.400  
108    | 5.7040     | 0.5212     | 4.6378     | 0.4523     | 0.0927     | 0.1492       | 0.2390       |             | 0.8989   | 0.388  
109    | 5.7452     | 0.5907     | 4.6012     | 0.4537     | 0.0997     | 0.1792       | 0.2717       |             | 0.9333   | 0.451  
110    | 5.5764     | 0.5368     | 4.5173     | 0.4248     | 0.0975     | 0.1686       | 0.2952       |             | 0.9746   | 0.464  
111    | 5.6639     | 0.5649     | 4.5526     | 0.4473     | 0.0992     | 0.1544       | 0.2172       |             | 1.0390   | 0.372  
112    | 5.7535     | 0.5934     | 4.5982     | 0.4530     | 0.1089     | 0.1872       | 0.2605       |             | 1.0531   | 0.448  
113    | 5.7207     | 0.5641     | 4.6143     | 0.4361     | 0.1063     | 0.2124       | 0.2804       |             | 1.0376   | 0.493  
114    | 5.6427     | 0.4898     | 4.6127     | 0.4377     | 0.1025     | 0.1764       | 0.2440       |             | 0.9742   | 0.420  
115    | 5.4694     | 0.5020     | 4.4593     | 0.4093     | 0.0988     | 0.1773       | 0.1868       |             | 1.0750   | 0.364  
116    | 5.4410     | 0.4574     | 4.4688     | 0.4213     | 0.0933     | 0.1725       | 0.1985       |             | 1.0633   | 0.371  
117    | 5.2432     | 0.5310     | 4.2286     | 0.3942     | 0.0895     | 0.1753       | 0.2069       |             | 1.0451   | 0.382  
118    | 5.3649     | 0.4937     | 4.3516     | 0.4236     | 0.0960     | 0.1703       | 0.2216       |             | 1.0935   | 0.392  
119    | 5.2995     | 0.4826     | 4.3065     | 0.4175     | 0.0928     | 0.1493       | 0.2109       |             | 1.0155   | 0.360  
120    | 5.4835     | 0.5424     | 4.4324     | 0.4157     | 0.0931     | 0.1464       | 0.2225       |             | 0.9410   | 0.369  
121    | 5.4160     | 0.4825     | 4.4238     | 0.4150     | 0.0947     | 0.1706       | 0.2307       |             | 1.0054   | 0.401  
122    | 5.3937     | 0.4811     | 4.4054     | 0.4130     | 0.0942     | 0.1266       | 0.2236       |             | 1.0119   | 0.350  
123    | 5.6173     | 0.5063     | 4.5883     | 0.4288     | 0.0939     | 0.1393       | 0.2263       |             | 0.9784   | 0.366  
124    | 5.4769     | 0.4842     | 4.4711     | 0.4274     | 0.0942     | 0.1406       | 0.2242       |             | 1.1013   | 0.365  
125    | 5.4253     | 0.5026     | 4.4139     | 0.4154     | 0.0935     | 0.2108       | 0.1805       |             | 1.0665   | 0.391  
126    | 5.1546     | 0.4412     | 4.2413     | 0.3813     | 0.0909     | 0.1390       | 0.1909       |             | 1.0273   | 0.330  
127    | 5.1537     | 0.4647     | 4.2091     | 0.3860     | 0.0938     | 0.1731       | 0.1682       |             | 1.0082   | 0.341  
128    | 5.2772     | 0.5098     | 4.2915     | 0.3829     | 0.0930     | 0.1738       | 0.1761       |             | 0.9849   | 0.350  
129    | 5.0757     | 0.4609     | 4.1440     | 0.3763     | 0.0945     | 0.1623       | 0.1891       |             | 0.9496   | 0.351  
130    | 5.2656     | 0.4519     | 4.3247     | 0.3965     | 0.0925     | 0.1770       | 0.1770       |             | 0.9431   | 0.354  
131    | 5.4460     | 0.5039     | 4.4434     | 0.4049     | 0.0938     | 0.1795       | 0.1880       |             | 0.9265   | 0.367  
132    | 5.4056     | 0.5032     | 4.4124     | 0.3953     | 0.0946     | 0.2072       | 0.1880       |             | 0.9279   | 0.395  
133    | 5.3731     | 0.4594     | 4.4183     | 0.3984     | 0.0971     | 0.2112       | 0.1786       |             | 0.9802   | 0.390  
134    | 5.4763     | 0.5117     | 4.4742     | 0.3976     | 0.0928     | 0.1966       | 0.1963       |             | 1.0232   | 0.393  
135    | 5.4808     | 0.5335     | 4.4537     | 0.3939     | 0.0998     | 0.1641       | 0.2251       |             | 0.9186   | 0.389  
136    | 5.5185     | 0.5280     | 4.4947     | 0.3991     | 0.0967     | 0.1853       | 0.2056       |             | 0.8563   | 0.391  
137    | 5.5203     | 0.5249     | 4.4993     | 0.3973     | 0.0988     | 0.1643       | 0.2038       |             | 0.8662   | 0.368  
138    | 5.5250     | 0.4881     | 4.5424     | 0.3925     | 0.1020     | 0.1588       | 0.2145       |             | 0.9264   | 0.373  
139    | 5.5088     | 0.4970     | 4.5143     | 0.3933     | 0.1042     | 0.1663       | 0.2224       |             | 0.9412   | 0.389  
140    | 5.3777     | 0.4550     | 4.4451     | 0.3757     | 0.1020     | 0.1494       | 0.2160       |             | 0.9385   | 0.365  
141    | 5.9943     | 0.5895     | 4.8903     | 0.4081     | 0.1064     | 0.1775       | 0.2285       |             | 1.0780   | 0.406  
142    | 5.5492     | 0.4775     | 4.5517     | 0.4125     | 0.1074     | 0.1181       | 0.2219       |             | 0.9732   | 0.340  
143    | 5.2968     | 0.4797     | 4.3427     | 0.3721     | 0.1023     | 0.1465       | 0.1731       | (saved)     | 0.9195   | 0.320  
144    | 5.2729     | 0.4436     | 4.3665     | 0.3631     | 0.0997     | 0.1532       | 0.1917       |             | 1.0735   | 0.345  
145    | 5.3512     | 0.4565     | 4.4226     | 0.3656     | 0.1064     | 0.1820       | 0.2115       |             | 1.0329   | 0.394  
146    | 5.2930     | 0.4666     | 4.3725     | 0.3509     | 0.1030     | 0.1624       | 0.1742       |             | 1.0391   | 0.337  
147    | 5.2704     | 0.4521     | 4.3515     | 0.3631     | 0.1038     | 0.1810       | 0.1899       |             | 0.9793   | 0.371  
148    | 5.4044     | 0.4401     | 4.5049     | 0.3598     | 0.0997     | 0.1874       | 0.2306       |             | 0.8871   | 0.418  
149    | 5.4802     | 0.5243     | 4.4827     | 0.3722     | 0.1010     | 0.1705       | 0.1873       |             | 0.9230   | 0.358  
150    | 5.2343     | 0.4230     | 4.3579     | 0.3571     | 0.0963     | 0.1592       | 0.1760       |             | 0.9165   | 0.335  
151    | 5.2806     | 0.4379     | 4.3854     | 0.3530     | 0.1042     | 0.2018       | 0.1488       |             | 0.8988   | 0.351  
152    | 5.5553     | 0.5142     | 4.5538     | 0.3788     | 0.1086     | 0.1615       | 0.1700       |             | 1.0595   | 0.331  
153    | 5.6215     | 0.5016     | 4.6310     | 0.3790     | 0.1099     | 0.1931       | 0.1850       |             | 1.0481   | 0.378  
154    | 5.5699     | 0.4835     | 4.5997     | 0.3809     | 0.1058     | 0.1896       | 0.1878       |             | 0.9481   | 0.377  
155    | 5.2736     | 0.4761     | 4.3416     | 0.3499     | 0.1060     | 0.1655       | 0.1643       |             | 0.9704   | 0.330  
156    | 5.2872     | 0.4853     | 4.3554     | 0.3430     | 0.1034     | 0.2034       | 0.1372       |             | 0.9484   | 0.341  
157    | 5.1382     | 0.4338     | 4.2628     | 0.3397     | 0.1019     | 0.1801       | 0.1678       |             | 0.9510   | 0.348  
158    | 5.2981     | 0.4623     | 4.3951     | 0.3358     | 0.1049     | 0.1497       | 0.1653       | (saved)     | 1.0418   | 0.315  
159    | 5.5320     | 0.4846     | 4.5822     | 0.3605     | 0.1047     | 0.2274       | 0.1376       |             | 0.9695   | 0.365  
160    | 5.3087     | 0.4506     | 4.4262     | 0.3328     | 0.0991     | 0.2163       | 0.1452       |             | 0.9809   | 0.361  
161    | 5.5056     | 0.4643     | 4.5985     | 0.3440     | 0.0987     | 0.1764       | 0.1472       |             | 0.9457   | 0.324  
162    | 5.3580     | 0.4613     | 4.4559     | 0.3352     | 0.1056     | 0.1670       | 0.1472       | (saved)     | 0.9693   | 0.314  
163    | 5.4806     | 0.5246     | 4.5121     | 0.3368     | 0.1070     | 0.1806       | 0.1598       |             | 1.0519   | 0.340  
164    | 5.4101     | 0.4902     | 4.4872     | 0.3275     | 0.1053     | 0.1603       | 0.1565       |             | 1.0490   | 0.317  
165    | 5.3772     | 0.4763     | 4.4538     | 0.3381     | 0.1090     | 0.1644       | 0.1386       | (saved)     | 1.0254   | 0.303  
166    | 5.3332     | 0.5196     | 4.3857     | 0.3258     | 0.1022     | 0.1558       | 0.1300       | (saved)     | 0.9877   | 0.286  
167    | 5.2664     | 0.4426     | 4.3895     | 0.3305     | 0.1038     | 0.1847       | 0.1300       |             | 1.0215   | 0.315  
168    | 5.4046     | 0.4768     | 4.4946     | 0.3298     | 0.1034     | 0.1744       | 0.1333       |             | 0.9459   | 0.308  
169    | 5.4143     | 0.5273     | 4.4635     | 0.3232     | 0.1003     | 0.2092       | 0.1364       |             | 0.9863   | 0.346  
170    | 5.4114     | 0.4832     | 4.4818     | 0.3443     | 0.1021     | 0.1667       | 0.1620       |             | 0.9495   | 0.329  
171    | 5.3324     | 0.4853     | 4.4233     | 0.3213     | 0.1026     | 0.1989       | 0.1539       |             | 0.9938   | 0.353  
172    | 5.6393     | 0.4988     | 4.6905     | 0.3471     | 0.1028     | 0.1945       | 0.1480       |             | 0.9741   | 0.343  
173    | 6.0525     | 0.5589     | 4.9901     | 0.3906     | 0.1129     | 0.1564       | 0.1386       |             | 1.0445   | 0.295  
174    | 5.5253     | 0.5033     | 4.5508     | 0.3559     | 0.1152     | 0.1810       | 0.1397       |             | 1.0063   | 0.321  
175    | 5.3256     | 0.4667     | 4.4119     | 0.3358     | 0.1112     | 0.1409       | 0.1432       | (saved)     | 1.0581   | 0.284  
176    | 5.2620     | 0.4724     | 4.3719     | 0.3151     | 0.1027     | 0.1720       | 0.1201       |             | 1.0665   | 0.292  
177    | 5.2098     | 0.4806     | 4.3209     | 0.3030     | 0.1052     | 0.1583       | 0.1370       |             | 1.0723   | 0.295  
178    | 5.0118     | 0.4294     | 4.1738     | 0.3061     | 0.1025     | 0.1702       | 0.1174       |             | 1.1093   | 0.288  
179    | 4.9148     | 0.4067     | 4.1034     | 0.3013     | 0.1033     | 0.1880       | 0.1243       |             | 1.0597   | 0.312  
180    | 4.9108     | 0.4322     | 4.0811     | 0.3019     | 0.0955     | 0.1674       | 0.1263       |             | 1.0954   | 0.294  
181    | 5.0148     | 0.4690     | 4.1458     | 0.2977     | 0.1023     | 0.1753       | 0.1263       |             | 1.0611   | 0.302  
182    | 5.0635     | 0.4280     | 4.2361     | 0.2992     | 0.1002     | 0.1859       | 0.1262       |             | 1.0866   | 0.312  
183    | 5.1026     | 0.4251     | 4.2762     | 0.2999     | 0.1015     | 0.1502       | 0.1348       |             | 1.0347   | 0.285  
184    | 5.1465     | 0.4239     | 4.3095     | 0.3093     | 0.1038     | 0.1852       | 0.1447       |             | 1.1238   | 0.330  
185    | 5.0426     | 0.4034     | 4.2533     | 0.2882     | 0.0977     | 0.1519       | 0.1200       | (saved)     | 1.0619   | 0.272  
186    | 5.3011     | 0.4549     | 4.4217     | 0.3158     | 0.1087     | 0.1861       | 0.1433       |             | 1.1286   | 0.329  
187    | 5.2208     | 0.3996     | 4.4001     | 0.3164     | 0.1047     | 0.1840       | 0.1287       |             | 1.0852   | 0.313  
188    | 5.3736     | 0.4518     | 4.5000     | 0.3110     | 0.1108     | 0.1654       | 0.1698       |             | 1.0718   | 0.335  
189    | 5.6974     | 0.5426     | 4.6912     | 0.3499     | 0.1136     | 0.1920       | 0.1585       |             | 1.0002   | 0.351  
190    | 5.3886     | 0.4622     | 4.4871     | 0.3273     | 0.1119     | 0.1615       | 0.1237       |             | 1.0186   | 0.285  
191    | 5.2482     | 0.4566     | 4.3609     | 0.3181     | 0.1126     | 0.1926       | 0.1456       |             | 1.0314   | 0.338  
192    | 5.2306     | 0.4422     | 4.3540     | 0.3271     | 0.1073     | 0.2006       | 0.1328       |             | 1.0928   | 0.333  
193    | 5.1176     | 0.4529     | 4.2483     | 0.2961     | 0.1204     | 0.1604       | 0.1213       |             | 1.1199   | 0.282  
194    | 5.2343     | 0.4576     | 4.3757     | 0.2885     | 0.1125     | 0.2086       | 0.1178       |             | 1.0371   | 0.326  
195    | 5.0474     | 0.4158     | 4.2382     | 0.2835     | 0.1099     | 0.1690       | 0.1157       |             | 1.0577   | 0.285  
196    | 5.0452     | 0.3951     | 4.2606     | 0.2801     | 0.1094     | 0.1813       | 0.1172       |             | 1.0807   | 0.298  
197    | 5.0506     | 0.3792     | 4.2846     | 0.2806     | 0.1063     | 0.1382       | 0.1363       |             | 1.0237   | 0.274  
198    | 5.2893     | 0.4569     | 4.4194     | 0.3019     | 0.1110     | 0.1729       | 0.1231       |             | 1.0320   | 0.296  
199    | 5.1326     | 0.4589     | 4.2662     | 0.2961     | 0.1114     | 0.1496       | 0.1227       |             | 1.0448   | 0.272  
200    | 5.1920     | 0.4436     | 4.3429     | 0.2978     | 0.1078     | 0.1575       | 0.1097       | (saved)     | 1.0356   | 0.267  
201    | 5.1827     | 0.4228     | 4.3573     | 0.2904     | 0.1122     | 0.1754       | 0.1217       |             | 1.0461   | 0.297  
202    | 5.7698     | 0.4779     | 4.8323     | 0.3405     | 0.1190     | 0.1932       | 0.1105       |             | 1.0489   | 0.304  
203    | 5.1012     | 0.4613     | 4.2370     | 0.2952     | 0.1077     | 0.1769       | 0.1152       |             | 1.0181   | 0.292  
204    | 4.9096     | 0.3902     | 4.1451     | 0.2699     | 0.1043     | 0.1785       | 0.1223       |             | 1.0064   | 0.301  
205    | 5.0821     | 0.4093     | 4.2734     | 0.2888     | 0.1106     | 0.2676       | 0.1340       |             | 0.9813   | 0.402  
206    | 5.2150     | 0.4217     | 4.3696     | 0.3136     | 0.1101     | 0.1836       | 0.1083       |             | 1.0265   | 0.292  
207    | 5.0122     | 0.3983     | 4.2271     | 0.2788     | 0.1079     | 0.1769       | 0.1207       |             | 0.9999   | 0.298  
208    | 4.8962     | 0.4132     | 4.1030     | 0.2758     | 0.1042     | 0.1690       | 0.1119       |             | 0.9899   | 0.281  
209    | 4.8690     | 0.4143     | 4.0582     | 0.2872     | 0.1093     | 0.1856       | 0.1187       |             | 1.0191   | 0.304  
210    | 4.9694     | 0.3920     | 4.2020     | 0.2686     | 0.1068     | 0.1849       | 0.1225       |             | 0.9956   | 0.307  
211    | 4.8902     | 0.4295     | 4.0862     | 0.2693     | 0.1052     | 0.2108       | 0.1079       |             | 1.0283   | 0.319  
212    | 5.0373     | 0.4488     | 4.1923     | 0.2919     | 0.1043     | 0.1829       | 0.1225       |             | 1.0409   | 0.305  
213    | 5.1760     | 0.4637     | 4.3159     | 0.2887     | 0.1077     | 0.1597       | 0.1198       |             | 1.0327   | 0.280  
214    | 4.9092     | 0.4165     | 4.1087     | 0.2823     | 0.1017     | 0.1748       | 0.0973       |             | 1.0185   | 0.272  
215    | 5.0014     | 0.4281     | 4.1895     | 0.2796     | 0.1042     | 0.1546       | 0.0983       | (saved)     | 1.0103   | 0.253  
216    | 4.8185     | 0.3978     | 4.0378     | 0.2831     | 0.0998     | 0.1508       | 0.1269       |             | 1.0299   | 0.278  
217    | 5.0445     | 0.4390     | 4.2158     | 0.2899     | 0.0998     | 0.1611       | 0.1260       |             | 1.0297   | 0.287  
218    | 4.7928     | 0.3473     | 4.0602     | 0.2834     | 0.1019     | 0.1641       | 0.1230       |             | 1.0293   | 0.287  
219    | 4.7251     | 0.3352     | 4.0097     | 0.2799     | 0.1002     | 0.1493       | 0.1239       |             | 1.0232   | 0.273  
220    | 4.8189     | 0.3889     | 4.0642     | 0.2682     | 0.0977     | 0.1390       | 0.1121       | (saved)     | 0.9973   | 0.251  
221    | 4.8574     | 0.4067     | 4.0901     | 0.2631     | 0.0975     | 0.1439       | 0.1107       |             | 1.0194   | 0.255  
222    | 4.9536     | 0.3748     | 4.2075     | 0.2692     | 0.1020     | 0.1341       | 0.1253       |             | 1.0094   | 0.259  
223    | 4.9768     | 0.3999     | 4.1838     | 0.2875     | 0.1057     | 0.1548       | 0.0980       |             | 1.0390   | 0.253  
224    | 4.9484     | 0.3931     | 4.1768     | 0.2787     | 0.0998     | 0.1503       | 0.1347       |             | 1.0786   | 0.285  
225    | 4.8403     | 0.3799     | 4.0787     | 0.2780     | 0.1037     | 0.1639       | 0.1161       |             | 1.0940   | 0.280  
226    | 5.0644     | 0.3927     | 4.2894     | 0.2783     | 0.1039     | 0.1940       | 0.1158       |             | 1.0752   | 0.310  
227    | 5.0154     | 0.4000     | 4.2395     | 0.2724     | 0.1035     | 0.1648       | 0.1136       |             | 1.0642   | 0.278  
228    | 5.0381     | 0.4151     | 4.2409     | 0.2789     | 0.1032     | 0.1892       | 0.1109       |             | 1.1053   | 0.300  
229    | 5.0047     | 0.4544     | 4.1893     | 0.2595     | 0.1015     | 0.1517       | 0.1060       |             | 1.0640   | 0.258  
230    | 4.9734     | 0.4214     | 4.1698     | 0.2760     | 0.1062     | 0.1755       | 0.1270       |             | 1.0981   | 0.302  
231    | 5.0681     | 0.4104     | 4.2769     | 0.2787     | 0.1020     | 0.1708       | 0.1259       |             | 1.0261   | 0.297  
232    | 5.0690     | 0.3950     | 4.3016     | 0.2640     | 0.1084     | 0.1620       | 0.1123       |             | 1.0492   | 0.274  
233    | 5.0439     | 0.4326     | 4.2270     | 0.2749     | 0.1094     | 0.1795       | 0.1020       |             | 1.0521   | 0.282  
234    | 4.8992     | 0.4099     | 4.1062     | 0.2730     | 0.1100     | 0.1664       | 0.1063       |             | 1.0255   | 0.273  
235    | 4.8236     | 0.4444     | 4.0090     | 0.2637     | 0.1065     | 0.1766       | 0.1120       |             | 1.0645   | 0.289  
236    | 4.8666     | 0.3902     | 4.0989     | 0.2719     | 0.1056     | 0.1764       | 0.0917       |             | 1.0588   | 0.268  
237    | 4.9654     | 0.4103     | 4.1853     | 0.2593     | 0.1106     | 0.1749       | 0.0841       |             | 1.0449   | 0.259  
238    | 4.8697     | 0.4381     | 4.0830     | 0.2453     | 0.1033     | 0.1870       | 0.0957       |             | 1.0426   | 0.283  
239    | 4.9683     | 0.4058     | 4.1947     | 0.2590     | 0.1088     | 0.2007       | 0.1029       |             | 1.0787   | 0.304  
240    | 5.0350     | 0.4602     | 4.1973     | 0.2674     | 0.1101     | 0.2043       | 0.1105       |             | 1.0578   | 0.315  
241    | 4.8636     | 0.4323     | 4.0616     | 0.2623     | 0.1074     | 0.1870       | 0.1133       |             | 1.0437   | 0.300  
242    | 5.3813     | 0.4225     | 4.5441     | 0.3043     | 0.1104     | 0.1969       | 0.1118       |             | 1.0531   | 0.309  
243    | 5.2359     | 0.4720     | 4.3696     | 0.2855     | 0.1087     | 0.1752       | 0.1334       |             | 1.0367   | 0.309  
244    | 5.0837     | 0.4411     | 4.2538     | 0.2764     | 0.1123     | 0.1844       | 0.1073       |             | 1.0222   | 0.292  
245    | 5.1134     | 0.4187     | 4.3248     | 0.2626     | 0.1073     | 0.1964       | 0.1361       |             | 1.0525   | 0.333  
246    | 5.2094     | 0.4036     | 4.3928     | 0.2935     | 0.1195     | 0.1910       | 0.1147       |             | 1.0755   | 0.306  
247    | 5.0990     | 0.3834     | 4.3262     | 0.2785     | 0.1110     | 0.1789       | 0.1337       |             | 1.0455   | 0.313  
248    | 5.0973     | 0.4170     | 4.2961     | 0.2744     | 0.1098     | 0.1904       | 0.1143       |             | 1.0486   | 0.305  
249    | 5.0042     | 0.4078     | 4.2062     | 0.2779     | 0.1123     | 0.1760       | 0.1025       |             | 1.0609   | 0.278  
250    | 5.1933     | 0.4715     | 4.3325     | 0.2748     | 0.1146     | 0.1630       | 0.1290       |             | 1.0633   | 0.292  
251    | 5.1207     | 0.4215     | 4.3239     | 0.2613     | 0.1141     | 0.2167       | 0.1097       |             | 1.0451   | 0.326  
252    | 5.3370     | 0.4573     | 4.4503     | 0.3022     | 0.1272     | 0.1682       | 0.1317       |             | 1.0585   | 0.300  
253    | 4.9907     | 0.4232     | 4.1760     | 0.2693     | 0.1222     | 0.1522       | 0.1291       |             | 1.0754   | 0.281  
254    | 4.9150     | 0.4285     | 4.1042     | 0.2628     | 0.1195     | 0.1746       | 0.1029       |             | 1.0618   | 0.278  
255    | 4.8991     | 0.4260     | 4.0926     | 0.2631     | 0.1174     | 0.1735       | 0.0896       |             | 1.0629   | 0.263  
256    | 5.0350     | 0.4511     | 4.1890     | 0.2772     | 0.1177     | 0.1871       | 0.1267       |             | 1.0633   | 0.314  
257    | 5.0582     | 0.4304     | 4.2272     | 0.2757     | 0.1249     | 0.1863       | 0.1199       |             | 1.0552   | 0.306  
258    | 5.0996     | 0.3944     | 4.3077     | 0.2734     | 0.1241     | 0.1802       | 0.1307       |             | 1.0238   | 0.311  
259    | 5.3253     | 0.3845     | 4.5469     | 0.2747     | 0.1192     | 0.1644       | 0.0923       |             | 1.0020   | 0.257  
260    | 5.3714     | 0.4055     | 4.5820     | 0.2668     | 0.1170     | 0.2237       | 0.1125       |             | 1.0171   | 0.336  
261    | 5.4116     | 0.4676     | 4.5421     | 0.2811     | 0.1209     | 0.1824       | 0.1103       |             | 0.9391   | 0.293  
262    | 5.3139     | 0.4312     | 4.4900     | 0.2726     | 0.1201     | 0.2192       | 0.1044       |             | 1.0099   | 0.324  
263    | 5.2685     | 0.4246     | 4.4516     | 0.2679     | 0.1244     | 0.1464       | 0.1290       |             | 0.9748   | 0.275  
264    | 5.2151     | 0.3778     | 4.4406     | 0.2755     | 0.1213     | 0.1605       | 0.1367       |             | 1.0105   | 0.297  
265    | 5.1331     | 0.3995     | 4.3394     | 0.2748     | 0.1194     | 0.1732       | 0.1173       |             | 1.0015   | 0.290  
266    | 5.4155     | 0.4395     | 4.6014     | 0.2576     | 0.1170     | 0.1778       | 0.1066       |             | 1.0329   | 0.284  
267    | 5.1900     | 0.3896     | 4.4165     | 0.2640     | 0.1198     | 0.1549       | 0.1043       |             | 1.0175   | 0.259  
268    | 5.1377     | 0.3936     | 4.3700     | 0.2527     | 0.1214     | 0.1757       | 0.1157       |             | 1.0136   | 0.291  
269    | 5.3437     | 0.4157     | 4.5418     | 0.2645     | 0.1217     | 0.1961       | 0.0999       |             | 0.9956   | 0.296  
270    | 5.1453     | 0.4076     | 4.3548     | 0.2654     | 0.1175     | 0.1865       | 0.1054       |             | 1.0153   | 0.292  
271    | 5.0021     | 0.3926     | 4.2426     | 0.2511     | 0.1159     | 0.1864       | 0.1217       |             | 1.0033   | 0.308  
272    | 5.0220     | 0.4071     | 4.2478     | 0.2489     | 0.1182     | 0.2206       | 0.0971       |             | 1.0058   | 0.318  
273    | 5.0233     | 0.3885     | 4.2622     | 0.2526     | 0.1200     | 0.2152       | 0.1047       |             | 0.9610   | 0.320  
274    | 5.1434     | 0.3739     | 4.3942     | 0.2577     | 0.1176     | 0.2030       | 0.1039       |             | 1.0371   | 0.307  
275    | 5.4125     | 0.4099     | 4.6116     | 0.2735     | 0.1175     | 0.1953       | 0.1071       |             | 1.0232   | 0.302  
276    | 5.1559     | 0.4137     | 4.3515     | 0.2710     | 0.1198     | 0.1885       | 0.1153       |             | 1.0250   | 0.304  
277    | 5.2427     | 0.3965     | 4.4640     | 0.2676     | 0.1147     | 0.1584       | 0.1199       |             | 1.0236   | 0.278  
278    | 5.2749     | 0.3725     | 4.5090     | 0.2744     | 0.1190     | 0.1445       | 0.0937       | (saved)     | 1.0518   | 0.238  
279    | 5.3649     | 0.3924     | 4.5842     | 0.2702     | 0.1181     | 0.1298       | 0.1125       |             | 1.0402   | 0.242  
280    | 5.3711     | 0.4602     | 4.5021     | 0.2889     | 0.1198     | 0.1513       | 0.1155       |             | 1.0414   | 0.267  
281    | 5.3700     | 0.4119     | 4.5609     | 0.2701     | 0.1271     | 0.1486       | 0.1320       |             | 1.0355   | 0.281  
282    | 5.5879     | 0.4487     | 4.7281     | 0.2912     | 0.1200     | 0.1762       | 0.1114       |             | 1.0124   | 0.288  
283    | 5.2815     | 0.3884     | 4.4815     | 0.2861     | 0.1255     | 0.1621       | 0.1454       |             | 1.0269   | 0.308  
284    | 5.3424     | 0.4042     | 4.5345     | 0.2840     | 0.1197     | 0.1410       | 0.1391       |             | 0.9963   | 0.280  
285    | 5.1770     | 0.3833     | 4.4094     | 0.2651     | 0.1192     | 0.2118       | 0.1157       |             | 0.9899   | 0.328  
286    | 5.2750     | 0.3984     | 4.4810     | 0.2808     | 0.1148     | 0.1611       | 0.1110       |             | 1.0621   | 0.272  
287    | 5.2008     | 0.4074     | 4.3994     | 0.2774     | 0.1166     | 0.1526       | 0.1181       |             | 1.0822   | 0.271  
288    | 5.2516     | 0.4495     | 4.4186     | 0.2706     | 0.1129     | 0.1421       | 0.1224       |             | 1.0439   | 0.264  
289    | 5.1594     | 0.3787     | 4.4018     | 0.2647     | 0.1141     | 0.1670       | 0.1157       |             | 1.0188   | 0.283  
290    | 5.1918     | 0.3636     | 4.4601     | 0.2532     | 0.1148     | 0.1709       | 0.1105       |             | 1.0134   | 0.281  
291    | 5.4147     | 0.3877     | 4.6308     | 0.2708     | 0.1255     | 0.1637       | 0.0946       |             | 1.0092   | 0.258  
292    | 5.3510     | 0.3915     | 4.5585     | 0.2735     | 0.1275     | 0.1632       | 0.1198       |             | 1.0176   | 0.283  
293    | 5.2596     | 0.4123     | 4.4742     | 0.2500     | 0.1231     | 0.1762       | 0.1246       |             | 1.0255   | 0.301  
294    | 5.5347     | 0.4092     | 4.7418     | 0.2630     | 0.1206     | 0.1506       | 0.1370       |             | 1.0415   | 0.288  
295    | 5.3983     | 0.4262     | 4.5852     | 0.2672     | 0.1197     | 0.1622       | 0.0998       |             | 1.0181   | 0.262  
296    | 5.1519     | 0.3408     | 4.4383     | 0.2560     | 0.1167     | 0.1690       | 0.0834       |             | 1.0322   | 0.252  
297    | 5.4211     | 0.4062     | 4.6269     | 0.2666     | 0.1215     | 0.1714       | 0.1208       |             | 1.0128   | 0.292  
298    | 5.4263     | 0.4079     | 4.6253     | 0.2666     | 0.1265     | 0.1814       | 0.0956       |             | 1.0054   | 0.277  
299    | 5.3833     | 0.4178     | 4.5793     | 0.2609     | 0.1253     | 0.1780       | 0.1060       |             | 1.0056   | 0.284  
300    | 5.2318     | 0.3884     | 4.4567     | 0.2587     | 0.1280     | 0.1982       | 0.0978       |             | 0.9474   | 0.296  
Seed 123456 | Src Acc: 98.1633 | Src MDE: 0.0302 | Tgt Acc: 26.7347 | Tgt MDE: 1.0518
Finished Combo Fusion_DAFI_1_2. Results saved.
