{
    "8-11": {
        "mde": 0.0,
        "count": 9,
        "errors": []
    },
    "3-1": {
        "mde": 0.0667,
        "count": 9,
        "errors": [
            0.6
        ]
    },
    "6-10": {
        "mde": 0.359,
        "count": 9,
        "errors": [
            3.2310988842807027
        ]
    },
    "11-4": {
        "mde": 0.0,
        "count": 9,
        "errors": []
    },
    "4-11": {
        "mde": 0.4512,
        "count": 9,
        "errors": [
            2.1633307652783937,
            1.8973665961010275
        ]
    },
    "4-1": {
        "mde": 0.0,
        "count": 9,
        "errors": []
    },
    "10-1": {
        "mde": 0.0,
        "count": 9,
        "errors": []
    },
    "1-4": {
        "mde": 0.0,
        "count": 9,
        "errors": []
    },
    "7-1": {
        "mde": 0.0,
        "count": 9,
        "errors": []
    },
    "2-11": {
        "mde": 0.1609,
        "count": 9,
        "errors": [
            0.6,
            0.8485281374238568
        ]
    },
    "1-3": {
        "mde": 0.0,
        "count": 9,
        "errors": []
    },
    "6-9": {
        "mde": 0.3333,
        "count": 9,
        "errors": [
            3.0
        ]
    },
    "6-7": {
        "mde": 0.0,
        "count": 9,
        "errors": []
    },
    "9-1": {
        "mde": 0.0667,
        "count": 9,
        "errors": [
            0.5999999999999996
        ]
    },
    "1-7": {
        "mde": 0.0667,
        "count": 9,
        "errors": [
            0.6000000000000001
        ]
    },
    "5-1": {
        "mde": 0.2,
        "count": 9,
        "errors": [
            1.7999999999999998
        ]
    },
    "1-2": {
        "mde": 0.0,
        "count": 9,
        "errors": []
    },
    "6-1": {
        "mde": 0.1333,
        "count": 9,
        "errors": [
            1.2
        ]
    },
    "9-11": {
        "mde": 0.0,
        "count": 9,
        "errors": []
    },
    "11-2": {
        "mde": 0.0,
        "count": 9,
        "errors": []
    },
    "11-5": {
        "mde": 0.0667,
        "count": 9,
        "errors": [
            0.6000000000000001
        ]
    },
    "11-10": {
        "mde": 0.1333,
        "count": 9,
        "errors": [
            0.6000000000000005,
            0.6000000000000005
        ]
    },
    "1-5": {
        "mde": 0.0,
        "count": 9,
        "errors": []
    },
    "5-11": {
        "mde": 0.2749,
        "count": 9,
        "errors": [
            2.473863375370596
        ]
    },
    "6-2": {
        "mde": 0.0,
        "count": 9,
        "errors": []
    },
    "6-8": {
        "mde": 0.2667,
        "count": 9,
        "errors": [
            2.4000000000000004
        ]
    },
    "3-11": {
        "mde": 0.0,
        "count": 9,
        "errors": []
    },
    "7-11": {
        "mde": 0.0,
        "count": 9,
        "errors": []
    },
    "1-11": {
        "mde": 0.2,
        "count": 9,
        "errors": [
            1.7999999999999998
        ]
    },
    "11-8": {
        "mde": 0.0,
        "count": 9,
        "errors": []
    },
    "11-7": {
        "mde": 0.0,
        "count": 9,
        "errors": []
    },
    "11-6": {
        "mde": 0.0,
        "count": 9,
        "errors": []
    },
    "1-10": {
        "mde": 0.0667,
        "count": 9,
        "errors": [
            0.6000000000000005
        ]
    },
    "6-11": {
        "mde": 0.1333,
        "count": 9,
        "errors": [
            1.2000000000000002
        ]
    },
    "11-11": {
        "mde": 0.0,
        "count": 9,
        "errors": []
    },
    "6-6": {
        "mde": 0.0,
        "count": 9,
        "errors": []
    },
    "11-1": {
        "mde": 0.0,
        "count": 9,
        "errors": []
    },
    "10-11": {
        "mde": 0.0943,
        "count": 9,
        "errors": [
            0.8485281374238566
        ]
    },
    "11-3": {
        "mde": 0.0,
        "count": 9,
        "errors": []
    },
    "6-5": {
        "mde": 0.0,
        "count": 9,
        "errors": []
    },
    "6-3": {
        "mde": 0.0,
        "count": 9,
        "errors": []
    },
    "2-1": {
        "mde": 0.0,
        "count": 9,
        "errors": []
    },
    "1-1": {
        "mde": 0.2667,
        "count": 9,
        "errors": [
            1.8,
            0.6
        ]
    },
    "1-6": {
        "mde": 0.3887,
        "count": 9,
        "errors": [
            3.4985711369071804
        ]
    },
    "6-4": {
        "mde": 0.0,
        "count": 9,
        "errors": []
    },
    "1-8": {
        "mde": 0.0667,
        "count": 9,
        "errors": [
            0.5999999999999996
        ]
    },
    "11-9": {
        "mde": 0.0,
        "count": 9,
        "errors": []
    },
    "1-9": {
        "mde": 0.1333,
        "count": 9,
        "errors": [
            1.1999999999999997
        ]
    },
    "8-1": {
        "mde": 0.0,
        "count": 9,
        "errors": []
    }
}