{
    "11-6": {
        "mde": 0.0,
        "count": 9,
        "errors": []
    },
    "11-4": {
        "mde": 0.0,
        "count": 9,
        "errors": []
    },
    "8-11": {
        "mde": 0.0,
        "count": 9,
        "errors": []
    },
    "6-4": {
        "mde": 0.0,
        "count": 9,
        "errors": []
    },
    "9-11": {
        "mde": 0.0667,
        "count": 9,
        "errors": [
            0.5999999999999996
        ]
    },
    "1-5": {
        "mde": 0.2,
        "count": 9,
        "errors": [
            1.8000000000000003
        ]
    },
    "2-1": {
        "mde": 0.0,
        "count": 9,
        "errors": []
    },
    "11-2": {
        "mde": 0.0,
        "count": 9,
        "errors": []
    },
    "1-3": {
        "mde": 0.0,
        "count": 9,
        "errors": []
    },
    "6-10": {
        "mde": 0.0,
        "count": 9,
        "errors": []
    },
    "1-7": {
        "mde": 0.1333,
        "count": 9,
        "errors": [
            1.1999999999999997
        ]
    },
    "4-11": {
        "mde": 0.4807,
        "count": 9,
        "errors": [
            2.1633307652783937,
            2.1633307652783937
        ]
    },
    "1-6": {
        "mde": 0.1333,
        "count": 9,
        "errors": [
            0.6000000000000001,
            0.6000000000000001
        ]
    },
    "1-9": {
        "mde": 0.1333,
        "count": 9,
        "errors": [
            1.1999999999999997
        ]
    },
    "6-9": {
        "mde": 0.0,
        "count": 9,
        "errors": []
    },
    "6-6": {
        "mde": 0.0,
        "count": 9,
        "errors": []
    },
    "10-11": {
        "mde": 0.0667,
        "count": 9,
        "errors": [
            0.6000000000000005
        ]
    },
    "4-1": {
        "mde": 0.0,
        "count": 9,
        "errors": []
    },
    "11-10": {
        "mde": 0.0,
        "count": 9,
        "errors": []
    },
    "11-8": {
        "mde": 0.0667,
        "count": 9,
        "errors": [
            0.6000000000000001
        ]
    },
    "1-11": {
        "mde": 0.0,
        "count": 9,
        "errors": []
    },
    "11-5": {
        "mde": 0.0,
        "count": 9,
        "errors": []
    },
    "6-11": {
        "mde": 0.3333,
        "count": 9,
        "errors": [
            3.0
        ]
    },
    "5-11": {
        "mde": 0.2749,
        "count": 9,
        "errors": [
            2.473863375370596
        ]
    },
    "11-11": {
        "mde": 0.2,
        "count": 9,
        "errors": [
            0.5999999999999996,
            1.2000000000000002
        ]
    },
    "11-1": {
        "mde": 0.0,
        "count": 9,
        "errors": []
    },
    "10-1": {
        "mde": 0.0,
        "count": 9,
        "errors": []
    },
    "1-1": {
        "mde": 0.0,
        "count": 9,
        "errors": []
    },
    "3-11": {
        "mde": 0.0667,
        "count": 9,
        "errors": [
            0.6
        ]
    },
    "1-4": {
        "mde": 0.0,
        "count": 9,
        "errors": []
    },
    "7-11": {
        "mde": 0.2,
        "count": 9,
        "errors": [
            1.8000000000000003
        ]
    },
    "6-3": {
        "mde": 0.0,
        "count": 9,
        "errors": []
    },
    "6-5": {
        "mde": 0.0,
        "count": 9,
        "errors": []
    },
    "6-7": {
        "mde": 0.0,
        "count": 9,
        "errors": []
    },
    "1-10": {
        "mde": 0.0,
        "count": 9,
        "errors": []
    },
    "8-1": {
        "mde": 0.0667,
        "count": 9,
        "errors": [
            0.6000000000000001
        ]
    },
    "1-8": {
        "mde": 0.0,
        "count": 9,
        "errors": []
    },
    "11-3": {
        "mde": 0.0,
        "count": 9,
        "errors": []
    },
    "11-9": {
        "mde": 0.0,
        "count": 9,
        "errors": []
    },
    "1-2": {
        "mde": 0.0,
        "count": 9,
        "errors": []
    },
    "3-1": {
        "mde": 0.0,
        "count": 9,
        "errors": []
    },
    "9-1": {
        "mde": 0.0,
        "count": 9,
        "errors": []
    },
    "6-1": {
        "mde": 0.2,
        "count": 9,
        "errors": [
            1.8
        ]
    },
    "6-8": {
        "mde": 0.3887,
        "count": 9,
        "errors": [
            3.49857113690718
        ]
    },
    "11-7": {
        "mde": 0.0667,
        "count": 9,
        "errors": [
            0.6000000000000001
        ]
    },
    "5-1": {
        "mde": 0.0,
        "count": 9,
        "errors": []
    },
    "7-1": {
        "mde": 0.0,
        "count": 9,
        "errors": []
    },
    "6-2": {
        "mde": 0.0,
        "count": 9,
        "errors": []
    },
    "2-11": {
        "mde": 0.2981,
        "count": 9,
        "errors": [
            1.3416407864998738,
            1.3416407864998738
        ]
    }
}