{
    "6-11": {
        "mde": 0.0,
        "count": 9,
        "errors": []
    },
    "6-6": {
        "mde": 0.0,
        "count": 9,
        "errors": []
    },
    "2-1": {
        "mde": 0.0,
        "count": 9,
        "errors": []
    },
    "3-1": {
        "mde": 0.0,
        "count": 9,
        "errors": []
    },
    "6-9": {
        "mde": 0.2667,
        "count": 9,
        "errors": [
            2.4
        ]
    },
    "1-2": {
        "mde": 0.0,
        "count": 9,
        "errors": []
    },
    "1-8": {
        "mde": 0.0667,
        "count": 9,
        "errors": [
            0.6000000000000001
        ]
    },
    "11-10": {
        "mde": 0.0,
        "count": 9,
        "errors": []
    },
    "6-10": {
        "mde": 0.0,
        "count": 9,
        "errors": []
    },
    "5-1": {
        "mde": 0.0,
        "count": 9,
        "errors": []
    },
    "11-8": {
        "mde": 0.0667,
        "count": 9,
        "errors": [
            0.6000000000000001
        ]
    },
    "1-11": {
        "mde": 0.0,
        "count": 9,
        "errors": []
    },
    "6-4": {
        "mde": 0.0,
        "count": 9,
        "errors": []
    },
    "6-3": {
        "mde": 0.1333,
        "count": 9,
        "errors": [
            1.2
        ]
    },
    "1-7": {
        "mde": 0.0,
        "count": 9,
        "errors": []
    },
    "10-1": {
        "mde": 0.0,
        "count": 9,
        "errors": []
    },
    "8-11": {
        "mde": 0.0,
        "count": 9,
        "errors": []
    },
    "11-5": {
        "mde": 0.0667,
        "count": 9,
        "errors": [
            0.6000000000000001
        ]
    },
    "11-11": {
        "mde": 0.0667,
        "count": 9,
        "errors": [
            0.5999999999999996
        ]
    },
    "7-11": {
        "mde": 0.0943,
        "count": 9,
        "errors": [
            0.8485281374238569
        ]
    },
    "11-3": {
        "mde": 0.0,
        "count": 9,
        "errors": []
    },
    "9-1": {
        "mde": 0.0,
        "count": 9,
        "errors": []
    },
    "6-8": {
        "mde": 0.9068,
        "count": 9,
        "errors": [
            3.0,
            5.1613951602255765
        ]
    },
    "2-11": {
        "mde": 0.4315,
        "count": 9,
        "errors": [
            1.2000000000000002,
            1.3416407864998738,
            1.3416407864998738
        ]
    },
    "3-11": {
        "mde": 0.0,
        "count": 9,
        "errors": []
    },
    "1-9": {
        "mde": 0.0,
        "count": 9,
        "errors": []
    },
    "11-2": {
        "mde": 0.0,
        "count": 9,
        "errors": []
    },
    "11-6": {
        "mde": 0.0,
        "count": 9,
        "errors": []
    },
    "1-3": {
        "mde": 0.0,
        "count": 9,
        "errors": []
    },
    "6-5": {
        "mde": 0.0,
        "count": 9,
        "errors": []
    },
    "10-11": {
        "mde": 0.0,
        "count": 9,
        "errors": []
    },
    "1-1": {
        "mde": 0.0,
        "count": 9,
        "errors": []
    },
    "1-6": {
        "mde": 0.3887,
        "count": 9,
        "errors": [
            3.4985711369071804
        ]
    },
    "6-2": {
        "mde": 0.0667,
        "count": 9,
        "errors": [
            0.6
        ]
    },
    "5-11": {
        "mde": 0.9269,
        "count": 9,
        "errors": [
            2.473863375370596,
            2.473863375370596,
            3.394112549695428
        ]
    },
    "7-1": {
        "mde": 0.0667,
        "count": 9,
        "errors": [
            0.6000000000000001
        ]
    },
    "11-1": {
        "mde": 0.0,
        "count": 9,
        "errors": []
    },
    "9-11": {
        "mde": 0.0667,
        "count": 9,
        "errors": [
            0.5999999999999996
        ]
    },
    "6-1": {
        "mde": 0.3333,
        "count": 9,
        "errors": [
            3.0
        ]
    },
    "4-11": {
        "mde": 0.0,
        "count": 9,
        "errors": []
    },
    "8-1": {
        "mde": 0.0,
        "count": 9,
        "errors": []
    },
    "1-10": {
        "mde": 0.0,
        "count": 9,
        "errors": []
    },
    "11-7": {
        "mde": 0.0,
        "count": 9,
        "errors": []
    },
    "11-9": {
        "mde": 0.0,
        "count": 9,
        "errors": []
    },
    "1-4": {
        "mde": 0.0,
        "count": 9,
        "errors": []
    },
    "4-1": {
        "mde": 0.0,
        "count": 9,
        "errors": []
    },
    "11-4": {
        "mde": 0.0,
        "count": 9,
        "errors": []
    },
    "1-5": {
        "mde": 0.1333,
        "count": 9,
        "errors": [
            0.6000000000000001,
            0.6000000000000001
        ]
    },
    "6-7": {
        "mde": 0.0,
        "count": 9,
        "errors": []
    }
}