==========================================
Experiment: FusionDANN_1_2_3
RSSI Features (4): Fixed
RTT Features (3): ['Dist_mm_1', 'Dist_mm_2', 'Dist_mm_3']
==========================================
Start Training Seed 42...

Start Training... (Validate on Source Val & Target Val)
Epoch  | Total Loss | Train Cls  | Train D_RSSI | Train D_RTT | Val Cls    | Val D_RSSI | Val D_RTT  | Save        | Test MDE | Score  
---------------------------------------------------------------------------------------------------------------------------------------
1      | 6.2213     | 3.4297     | 1.4002       | 1.3914      | 2.8111     | 0.6826     | 0.6982     |             | 1.5879   | -2.646 
2      | 5.4626     | 2.7477     | 1.3684       | 1.3466      | 2.2587     | 0.6760     | 0.6909     |             | 0.9446   | -2.107 
3      | 5.0138     | 2.3371     | 1.3509       | 1.3258      | 1.8507     | 0.6751     | 0.6887     |             | 0.7935   | -1.701 
4      | 4.6276     | 1.9874     | 1.3337       | 1.3065      | 1.5259     | 0.6677     | 0.6946     |             | 0.7612   | -1.391 
5      | 4.3017     | 1.7010     | 1.3145       | 1.2862      | 1.2197     | 0.6643     | 0.6925     |             | 0.7732   | -1.091 
6      | 4.0566     | 1.5025     | 1.2972       | 1.2569      | 0.9989     | 0.6670     | 0.6942     |             | 0.7356   | -0.865 
7      | 3.8388     | 1.3252     | 1.2756       | 1.2380      | 0.8204     | 0.6614     | 0.6906     |             | 0.7075   | -0.698 
8      | 3.6212     | 1.1847     | 1.2467       | 1.1897      | 0.6451     | 0.6576     | 0.6818     |             | 0.7403   | -0.530 
9      | 3.4793     | 1.0936     | 1.2213       | 1.1644      | 0.5664     | 0.6476     | 0.6877     |             | 0.7606   | -0.471 
10     | 3.2847     | 0.9657     | 1.1851       | 1.1339      | 0.5043     | 0.6390     | 0.6840     |             | 0.7510   | -0.426 
11     | 3.1561     | 0.9051     | 1.1565       | 1.0945      | 0.4032     | 0.6311     | 0.6820     |             | 0.7419   | -0.341 
12     | 3.0186     | 0.8257     | 1.1155       | 1.0774      | 0.3239     | 0.6203     | 0.6893     |             | 0.7394   | -0.283 
13     | 2.8932     | 0.7999     | 1.0776       | 1.0158      | 0.2939     | 0.6167     | 0.7171     |             | 0.7600   | -0.261 
14     | 2.7834     | 0.7572     | 1.0398       | 0.9864      | 0.2719     | 0.5935     | 0.6958     |             | 0.7613   | -0.285 
15     | 2.6418     | 0.6859     | 1.0010       | 0.9550      | 0.2300     | 0.6103     | 0.6892     |             | 0.7573   | -0.209 
16     | 2.5786     | 0.6687     | 0.9510       | 0.9589      | 0.2204     | 0.5958     | 0.6840     |             | 0.7590   | -0.229 
17     | 2.4604     | 0.6356     | 0.9247       | 0.9001      | 0.1987     | 0.5777     | 0.6753     |             | 0.7892   | -0.243 
18     | 2.3840     | 0.5999     | 0.8905       | 0.8935      | 0.1857     | 0.5829     | 0.6947     |             | 0.7754   | -0.220 
19     | 2.3152     | 0.5829     | 0.8475       | 0.8848      | 0.1643     | 0.6044     | 0.6855     |             | 0.8034   | -0.155 
20     | 2.2293     | 0.5626     | 0.8205       | 0.8462      | 0.1481     | 0.5716     | 0.6874     |             | 0.7947   | -0.205 
21     | 2.1971     | 0.5346     | 0.7926       | 0.8699      | 0.1352     | 0.5672     | 0.6878     |             | 0.7926   | -0.201 
22     | 2.1304     | 0.5208     | 0.7512       | 0.8584      | 0.1429     | 0.5549     | 0.6437     |             | 0.7753   | -0.233 
23     | 2.1235     | 0.5001     | 0.7601       | 0.8633      | 0.1231     | 0.5722     | 0.6598     |             | 0.8145   | -0.179 
24     | 2.0532     | 0.4794     | 0.7201       | 0.8537      | 0.1293     | 0.5623     | 0.6661     |             | 0.8008   | -0.205 
25     | 2.0670     | 0.4713     | 0.7091       | 0.8865      | 0.1125     | 0.5771     | 0.6505     |             | 0.7853   | -0.158 
26     | 2.1289     | 0.4917     | 0.7070       | 0.9303      | 0.1128     | 0.5412     | 0.6588     |             | 0.8267   | -0.230 
27     | 2.0872     | 0.4740     | 0.7042       | 0.9089      | 0.1012     | 0.5386     | 0.6756     |             | 0.8682   | -0.224 
28     | 2.0303     | 0.4423     | 0.6751       | 0.9129      | 0.0974     | 0.5598     | 0.6467     |             | 0.8139   | -0.178 
29     | 2.0621     | 0.4471     | 0.6942       | 0.9207      | 0.1066     | 0.5182     | 0.6214     |             | 0.8199   | -0.270 
30     | 2.1023     | 0.4370     | 0.7189       | 0.9464      | 0.1031     | 0.5310     | 0.6752     |             | 0.8359   | -0.241 
31     | 2.1799     | 0.4639     | 0.7498       | 0.9662      | 0.0988     | 0.5347     | 0.6352     |             | 0.8581   | -0.229 
32     | 2.2240     | 0.4386     | 0.7752       | 1.0103      | 0.0973     | 0.5388     | 0.6335     |             | 0.8351   | -0.220 
33     | 2.2618     | 0.4133     | 0.7963       | 1.0522      | 0.0947     | 0.5160     | 0.6230     |             | 0.7462   | -0.263 
34     | 2.2996     | 0.4358     | 0.8336       | 1.0302      | 0.0900     | 0.5144     | 0.6530     |             | 0.8009   | -0.261 
35     | 2.2632     | 0.4051     | 0.8410       | 1.0171      | 0.0800     | 0.5335     | 0.6281     |             | 0.7875   | -0.213 
36     | 2.3264     | 0.4261     | 0.8493       | 1.0511      | 0.0834     | 0.5538     | 0.6210     |             | 0.8179   | -0.176 
37     | 2.3271     | 0.4159     | 0.8733       | 1.0379      | 0.0783     | 0.5165     | 0.6105     |             | 0.8391   | -0.245 
38     | 2.2811     | 0.4195     | 0.8533       | 1.0083      | 0.0831     | 0.5457     | 0.6321     |             | 0.8068   | -0.192 
39     | 2.3650     | 0.4340     | 0.9109       | 1.0201      | 0.0827     | 0.5604     | 0.6080     |             | 0.7945   | -0.162 
40     | 2.3654     | 0.4132     | 0.9260       | 1.0262      | 0.0838     | 0.5491     | 0.6184     |             | 0.8195   | -0.186 
41     | 2.4049     | 0.4440     | 0.9524       | 1.0084      | 0.0822     | 0.5495     | 0.6005     |             | 0.8506   | -0.183 
42     | 2.4609     | 0.4417     | 0.9865       | 1.0327      | 0.0855     | 0.5627     | 0.6260     |             | 0.8285   | -0.160 
43     | 2.3912     | 0.3900     | 0.9554       | 1.0458      | 0.0776     | 0.5770     | 0.6155     |             | 0.8691   | -0.124 
44     | 2.5352     | 0.4322     | 1.0028       | 1.1002      | 0.0895     | 0.5411     | 0.6471     |             | 0.8498   | -0.207 
45     | 2.5689     | 0.4170     | 1.0080       | 1.1439      | 0.0867     | 0.5620     | 0.6508     |             | 0.8674   | -0.163 
46     | 2.5547     | 0.3869     | 1.0441       | 1.1237      | 0.0888     | 0.5745     | 0.6586     |             | 0.7824   | -0.140 
47     | 2.5699     | 0.4107     | 1.0398       | 1.1194      | 0.0835     | 0.5869     | 0.6606     |             | 0.8422   | -0.110 
48     | 2.5372     | 0.4138     | 1.0347       | 1.0887      | 0.0885     | 0.5723     | 0.6789     |             | 0.8142   | -0.144 
49     | 2.5789     | 0.4067     | 1.0629       | 1.1093      | 0.0775     | 0.6282     | 0.6405     |             | 0.8760   | -0.021 
50     | 2.6173     | 0.3839     | 1.1223       | 1.1111      | 0.0781     | 0.6357     | 0.6801     |             | 0.8103   | -0.007 
51     | 2.7726     | 0.4190     | 1.2195       | 1.1340      | 0.0813     | 0.6694     | 0.6239     |             | 0.8345   | -0.034 
52     | 2.6617     | 0.3965     | 1.1828       | 1.0824      | 0.0820     | 0.6245     | 0.6325     |             | 0.8471   | -0.033 
53     | 2.6245     | 0.4179     | 1.1273       | 1.0793      | 0.0757     | 0.6154     | 0.6134     |             | 0.8305   | -0.049 
54     | 2.5688     | 0.3763     | 1.1086       | 1.0839      | 0.0813     | 0.6114     | 0.6654     |             | 0.8132   | -0.058 
55     | 2.5887     | 0.3684     | 1.1151       | 1.1052      | 0.0856     | 0.5901     | 0.6450     |             | 0.7991   | -0.105 
56     | 2.6424     | 0.3990     | 1.1228       | 1.1205      | 0.0776     | 0.5866     | 0.6501     |             | 0.7436   | -0.104 
57     | 2.6942     | 0.3666     | 1.1469       | 1.1807      | 0.0830     | 0.5744     | 0.7008     |             | 0.7313   | -0.134 
58     | 2.6864     | 0.3771     | 1.0980       | 1.2114      | 0.0760     | 0.5622     | 0.6425     |             | 0.7223   | -0.152 
59     | 2.6165     | 0.3774     | 1.0736       | 1.1655      | 0.0740     | 0.5668     | 0.6171     |             | 0.7390   | -0.141 
60     | 2.6334     | 0.3688     | 1.1188       | 1.1458      | 0.0726     | 0.5549     | 0.6000     |             | 0.7077   | -0.163 
61     | 2.6645     | 0.3516     | 1.1608       | 1.1522      | 0.0755     | 0.5982     | 0.6012     |             | 0.7937   | -0.079 
62     | 2.7586     | 0.3872     | 1.2019       | 1.1695      | 0.0735     | 0.5998     | 0.6294     |             | 0.7679   | -0.074 
63     | 2.7253     | 0.3686     | 1.1717       | 1.1850      | 0.0834     | 0.6057     | 0.6279     |             | 0.7730   | -0.072 
64     | 2.7855     | 0.3932     | 1.1947       | 1.1976      | 0.0789     | 0.6783     | 0.6263     |             | 0.8204   | -0.026 
65     | 2.7569     | 0.3800     | 1.1948       | 1.1820      | 0.0721     | 0.6177     | 0.6335     |             | 0.7936   | -0.037 
66     | 2.7434     | 0.3609     | 1.1837       | 1.1989      | 0.0655     | 0.6095     | 0.6429     |             | 0.8249   | -0.046 
67     | 2.7120     | 0.3456     | 1.1743       | 1.1921      | 0.0652     | 0.5949     | 0.6197     |             | 0.8419   | -0.075 
68     | 2.7548     | 0.3489     | 1.1970       | 1.2088      | 0.0639     | 0.6171     | 0.6176     |             | 0.8280   | -0.030 
69     | 2.7994     | 0.3745     | 1.2150       | 1.2099      | 0.0715     | 0.6067     | 0.6417     |             | 0.8482   | -0.058 
70     | 2.7092     | 0.3405     | 1.1846       | 1.1842      | 0.0707     | 0.5710     | 0.6294     |             | 0.8514   | -0.129 
71     | 2.6616     | 0.3298     | 1.1668       | 1.1650      | 0.0665     | 0.6010     | 0.6458     |             | 0.9856   | -0.064 
72     | 2.6280     | 0.3068     | 1.1454       | 1.1759      | 0.0718     | 0.5874     | 0.6531     |             | 0.8406   | -0.097 
73     | 2.6759     | 0.3326     | 1.1522       | 1.1911      | 0.0729     | 0.5722     | 0.6448     |             | 0.8906   | -0.128 
74     | 2.6748     | 0.3480     | 1.1598       | 1.1669      | 0.0620     | 0.5642     | 0.6236     |             | 0.9009   | -0.134 
75     | 2.6547     | 0.3145     | 1.1209       | 1.2193      | 0.0632     | 0.5537     | 0.6876     |             | 0.8831   | -0.156 
76     | 2.6597     | 0.3257     | 1.1078       | 1.2262      | 0.0726     | 0.5671     | 0.6605     |             | 0.8298   | -0.138 
77     | 2.7182     | 0.3498     | 1.1252       | 1.2432      | 0.0787     | 0.5633     | 0.6666     |             | 0.8760   | -0.152 
78     | 2.8315     | 0.3504     | 1.1877       | 1.2934      | 0.0720     | 0.5935     | 0.6941     |             | 0.7734   | -0.085 
79     | 2.9433     | 0.3821     | 1.2165       | 1.3447      | 0.0737     | 0.6157     | 0.6998     |             | 0.7841   | -0.042 
80     | 2.8577     | 0.3696     | 1.2006       | 1.2875      | 0.0748     | 0.5598     | 0.6713     |             | 0.8226   | -0.155 
81     | 2.7470     | 0.3573     | 1.1875       | 1.2023      | 0.0740     | 0.5885     | 0.6701     |             | 0.8037   | -0.097 
82     | 2.8059     | 0.3684     | 1.2106       | 1.2268      | 0.0647     | 0.5674     | 0.6760     |             | 0.8255   | -0.130 
83     | 2.7928     | 0.3458     | 1.1862       | 1.2608      | 0.0666     | 0.6322     | 0.6620     |             | 0.7956   | -0.002 
84     | 2.7717     | 0.3547     | 1.1720       | 1.2450      | 0.0715     | 0.6023     | 0.6234     |             | 0.7905   | -0.067 
85     | 2.7485     | 0.3317     | 1.1392       | 1.2776      | 0.0624     | 0.5990     | 0.6644     |             | 0.8735   | -0.064 
86     | 2.6923     | 0.3086     | 1.1050       | 1.2787      | 0.0663     | 0.5877     | 0.6746     |             | 0.8327   | -0.091 
87     | 2.6336     | 0.3053     | 1.0694       | 1.2590      | 0.0636     | 0.5639     | 0.6686     |             | 0.8256   | -0.136 
88     | 2.6333     | 0.3125     | 1.0909       | 1.2300      | 0.0736     | 0.5501     | 0.6622     |             | 0.7958   | -0.173 
89     | 2.6680     | 0.3039     | 1.1246       | 1.2395      | 0.0751     | 0.5551     | 0.6497     |             | 0.8807   | -0.165 
90     | 2.6973     | 0.3078     | 1.1396       | 1.2499      | 0.0651     | 0.5677     | 0.6570     |             | 0.8101   | -0.130 
91     | 2.7135     | 0.3128     | 1.1440       | 1.2567      | 0.0632     | 0.5797     | 0.6643     |             | 0.8084   | -0.104 
92     | 2.6917     | 0.3035     | 1.1481       | 1.2401      | 0.0666     | 0.5820     | 0.6527     |             | 0.7928   | -0.103 
93     | 2.6274     | 0.3012     | 1.1187       | 1.2075      | 0.0774     | 0.5835     | 0.6470     |             | 0.7992   | -0.110 
94     | 2.6203     | 0.2939     | 1.1195       | 1.2070      | 0.0837     | 0.5759     | 0.6707     |             | 0.8463   | -0.132 
95     | 2.7198     | 0.3104     | 1.1857       | 1.2236      | 0.0695     | 0.6189     | 0.6425     |             | 0.8775   | -0.032 
96     | 2.6710     | 0.2850     | 1.1757       | 1.2103      | 0.0669     | 0.6045     | 0.6486     |             | 0.8517   | -0.058 
97     | 2.6731     | 0.2965     | 1.1579       | 1.2187      | 0.0667     | 0.6086     | 0.6687     |             | 0.8868   | -0.049 
98     | 2.6827     | 0.3037     | 1.1686       | 1.2104      | 0.0774     | 0.6114     | 0.6633     |             | 0.8345   | -0.055 
99     | 2.6867     | 0.2857     | 1.1906       | 1.2104      | 0.0689     | 0.6159     | 0.6611     |             | 0.8032   | -0.037 
100    | 2.7217     | 0.2995     | 1.2166       | 1.2057      | 0.0674     | 0.5923     | 0.6713     |             | 0.8077   | -0.083 
101    | 2.7160     | 0.2975     | 1.1995       | 1.2190      | 0.0740     | 0.5474     | 0.6618     |             | 0.8560   | -0.179 
102    | 2.6587     | 0.2896     | 1.1426       | 1.2265      | 0.0667     | 0.5597     | 0.6724     |             | 0.8530   | -0.147 
103    | 2.6962     | 0.2986     | 1.1546       | 1.2430      | 0.0708     | 0.5848     | 0.6808     |             | 0.8061   | -0.101 
104    | 2.6922     | 0.3216     | 1.1632       | 1.2073      | 0.0741     | 0.5864     | 0.6622     |             | 0.8935   | -0.101 
105    | 2.6995     | 0.2945     | 1.2025       | 1.2026      | 0.0654     | 0.6196     | 0.6498     |             | 0.8559   | -0.026 
106    | 2.7107     | 0.3006     | 1.2152       | 1.1949      | 0.0652     | 0.6065     | 0.6415     |             | 0.8722   | -0.052 
107    | 2.7024     | 0.2827     | 1.2191       | 1.2006      | 0.0606     | 0.6101     | 0.6590     |             | 0.8591   | -0.040 
108    | 2.7693     | 0.3326     | 1.2387       | 1.1980      | 0.0705     | 0.6196     | 0.6311     |             | 0.8162   | -0.031 
109    | 2.7566     | 0.2985     | 1.2551       | 1.2030      | 0.0679     | 0.6153     | 0.6330     |             | 0.8484   | -0.037 
110    | 2.7909     | 0.3006     | 1.2579       | 1.2324      | 0.0730     | 0.6523     | 0.6519     |             | 0.7972   | 0.031  
111    | 2.7996     | 0.2950     | 1.2537       | 1.2509      | 0.0742     | 0.6359     | 0.6723     |             | 0.8647   | -0.002 
112    | 2.8388     | 0.3120     | 1.2483       | 1.2785      | 0.0757     | 0.6281     | 0.6673     |             | 0.8751   | -0.019 
113    | 2.7695     | 0.3028     | 1.1775       | 1.2892      | 0.0765     | 0.6032     | 0.6556     |             | 0.9179   | -0.070 
114    | 2.7314     | 0.2982     | 1.1556       | 1.2777      | 0.0758     | 0.5886     | 0.6924     |             | 0.8948   | -0.099 
115    | 2.7016     | 0.2836     | 1.1620       | 1.2560      | 0.0659     | 0.6163     | 0.6700     |             | 0.9097   | -0.033 
116    | 2.6751     | 0.2900     | 1.1781       | 1.2069      | 0.0667     | 0.6196     | 0.6479     |             | 0.8517   | -0.027 
117    | 2.6877     | 0.2819     | 1.1835       | 1.2223      | 0.0652     | 0.6040     | 0.6709     |             | 0.8492   | -0.057 
118    | 2.7060     | 0.3084     | 1.1817       | 1.2159      | 0.0599     | 0.6253     | 0.6587     |             | 0.8596   | -0.009 
119    | 2.7282     | 0.2774     | 1.2092       | 1.2416      | 0.0527     | 0.5914     | 0.6391     |             | 0.8372   | -0.070 
120    | 2.7428     | 0.2832     | 1.1922       | 1.2675      | 0.0514     | 0.5866     | 0.6854     |             | 0.8497   | -0.078 
121    | 2.7404     | 0.2829     | 1.1845       | 1.2729      | 0.0579     | 0.5777     | 0.6412     |             | 0.8312   | -0.102 
122    | 2.7734     | 0.2868     | 1.2107       | 1.2760      | 0.0574     | 0.5759     | 0.6419     |             | 0.8206   | -0.106 
123    | 2.7804     | 0.2888     | 1.1970       | 1.2945      | 0.0670     | 0.5881     | 0.6512     |             | 0.8939   | -0.091 
124    | 2.7961     | 0.2721     | 1.2332       | 1.2908      | 0.0637     | 0.5771     | 0.6365     |             | 0.9305   | -0.110 
125    | 2.7697     | 0.2889     | 1.2226       | 1.2582      | 0.0669     | 0.5909     | 0.6388     |             | 0.8950   | -0.085 
126    | 2.7362     | 0.2768     | 1.2071       | 1.2523      | 0.0600     | 0.5904     | 0.6435     |             | 0.9090   | -0.079 
127    | 2.7469     | 0.2669     | 1.2223       | 1.2576      | 0.0568     | 0.5774     | 0.6630     |             | 0.9403   | -0.102 
128    | 2.7707     | 0.2713     | 1.2116       | 1.2877      | 0.0605     | 0.5805     | 0.6864     |             | 0.9405   | -0.100 
129    | 2.7828     | 0.2820     | 1.2304       | 1.2704      | 0.0742     | 0.5999     | 0.6802     |             | 0.9643   | -0.074 
130    | 2.7262     | 0.2635     | 1.2109       | 1.2517      | 0.0792     | 0.6381     | 0.7197     |             | 0.9846   | -0.003 
131    | 2.7313     | 0.2617     | 1.1935       | 1.2761      | 0.0737     | 0.6153     | 0.6790     |             | 0.8943   | -0.043 
132    | 2.7355     | 0.2773     | 1.1845       | 1.2737      | 0.0696     | 0.6408     | 0.6561     |             | 0.8617   | 0.012  
133    | 2.7644     | 0.2669     | 1.1940       | 1.3035      | 0.0686     | 0.6290     | 0.6821     |             | 0.8921   | -0.011 
134    | 2.8172     | 0.2835     | 1.2337       | 1.3000      | 0.0574     | 0.6534     | 0.6625     |             | 0.9736   | 0.049  
135    | 2.8590     | 0.2976     | 1.2446       | 1.3168      | 0.0677     | 0.6492     | 0.6624     |             | 0.8474   | 0.031  
136    | 2.8055     | 0.2905     | 1.2358       | 1.2792      | 0.0555     | 0.6553     | 0.6835     |             | 0.9043   | 0.055  
137    | 2.8442     | 0.3023     | 1.2374       | 1.3045      | 0.0578     | 0.6531     | 0.6787     |             | 0.8460   | 0.048  
138    | 2.8234     | 0.2749     | 1.2293       | 1.3193      | 0.0614     | 0.6191     | 0.6651     |             | 0.9109   | -0.023 
139    | 2.8082     | 0.3036     | 1.1946       | 1.3100      | 0.0619     | 0.6258     | 0.6943     |             | 0.7939   | -0.010 
140    | 2.7443     | 0.2584     | 1.1972       | 1.2887      | 0.0579     | 0.5911     | 0.6710     |             | 0.8265   | -0.076 
141    | 2.7947     | 0.2852     | 1.2069       | 1.3025      | 0.0521     | 0.5811     | 0.6723     |             | 0.8112   | -0.090 
142    | 2.7442     | 0.2765     | 1.2076       | 1.2601      | 0.0560     | 0.5885     | 0.6667     |             | 0.8021   | -0.079 
143    | 2.6416     | 0.2424     | 1.1709       | 1.2283      | 0.0521     | 0.5790     | 0.6474     |             | 0.8486   | -0.094 
144    | 2.6449     | 0.2663     | 1.1533       | 1.2253      | 0.0597     | 0.5933     | 0.6483     |             | 0.8161   | -0.073 
145    | 2.6142     | 0.2414     | 1.1569       | 1.2158      | 0.0534     | 0.5830     | 0.6533     |             | 0.9436   | -0.087 
146    | 2.6538     | 0.2604     | 1.1764       | 1.2170      | 0.0546     | 0.6119     | 0.6390     |             | 0.8427   | -0.031 
147    | 2.6739     | 0.2532     | 1.2152       | 1.2055      | 0.0688     | 0.6018     | 0.6512     |             | 0.8694   | -0.065 
148    | 2.7686     | 0.2735     | 1.2631       | 1.2320      | 0.0647     | 0.6238     | 0.6422     |             | 0.8891   | -0.017 
149    | 2.7758     | 0.2917     | 1.2540       | 1.2301      | 0.0572     | 0.6098     | 0.6344     |             | 0.9373   | -0.038 
150    | 2.7198     | 0.2758     | 1.2283       | 1.2157      | 0.0639     | 0.6441     | 0.6208     |             | 0.9659   | -0.022 
151    | 2.7267     | 0.2688     | 1.2316       | 1.2263      | 0.0668     | 0.6286     | 0.6507     |             | 0.9576   | -0.010 
152    | 2.6838     | 0.2702     | 1.1976       | 1.2160      | 0.0624     | 0.6088     | 0.6350     |             | 0.9295   | -0.045 
153    | 2.6386     | 0.2489     | 1.2052       | 1.1845      | 0.0697     | 0.5812     | 0.6250     |             | 0.8614   | -0.107 
154    | 2.6725     | 0.2528     | 1.2191       | 1.2007      | 0.0700     | 0.6047     | 0.6377     |             | 0.8875   | -0.061 
155    | 2.6965     | 0.2491     | 1.2150       | 1.2324      | 0.0644     | 0.5976     | 0.6390     |             | 0.8728   | -0.069 
156    | 2.6435     | 0.2418     | 1.2014       | 1.2003      | 0.0666     | 0.6059     | 0.6401     |             | 0.8535   | -0.055 
157    | 2.6765     | 0.2399     | 1.2264       | 1.2101      | 0.0638     | 0.6218     | 0.6401     |             | 0.9378   | -0.020 
158    | 2.7175     | 0.2681     | 1.1999       | 1.2496      | 0.0750     | 0.5935     | 0.6241     |             | 0.9341   | -0.088 
159    | 2.6868     | 0.2626     | 1.1962       | 1.2280      | 0.0637     | 0.6033     | 0.6215     |             | 0.9220   | -0.057 
160    | 2.6379     | 0.2491     | 1.1702       | 1.2186      | 0.0664     | 0.5969     | 0.6586     |             | 0.9721   | -0.073 
161    | 2.7100     | 0.2664     | 1.1866       | 1.2569      | 0.0681     | 0.6112     | 0.6494     |             | 0.9648   | -0.046 
162    | 2.6357     | 0.2603     | 1.1402       | 1.2352      | 0.0620     | 0.5551     | 0.6423     |             | 0.9868   | -0.152 
163    | 2.6030     | 0.2550     | 1.1261       | 1.2219      | 0.0612     | 0.5830     | 0.6395     |             | 0.9748   | -0.095 
164    | 2.6349     | 0.2588     | 1.1737       | 1.2024      | 0.0626     | 0.5907     | 0.6193     |             | 0.8856   | -0.081 
165    | 2.6350     | 0.2258     | 1.1934       | 1.2158      | 0.0644     | 0.5935     | 0.6409     |             | 0.9385   | -0.077 
166    | 2.6829     | 0.2447     | 1.2184       | 1.2198      | 0.0602     | 0.6129     | 0.6786     |             | 0.9444   | -0.034 
167    | 2.6941     | 0.2585     | 1.2201       | 1.2155      | 0.0564     | 0.6256     | 0.6601     |             | 0.9808   | -0.005 
168    | 2.6624     | 0.2432     | 1.2056       | 1.2136      | 0.0582     | 0.6312     | 0.6840     |             | 0.9205   | 0.004  
169    | 2.6978     | 0.2494     | 1.2412       | 1.2073      | 0.0552     | 0.6115     | 0.6491     |             | 0.9623   | -0.032 
170    | 2.6480     | 0.2405     | 1.2099       | 1.1976      | 0.0652     | 0.6054     | 0.6546     |             | 0.9610   | -0.054 
171    | 2.7037     | 0.2516     | 1.2453       | 1.2068      | 0.0598     | 0.6304     | 0.6580     |             | 0.8391   | 0.001  
172    | 2.7569     | 0.2635     | 1.2771       | 1.2162      | 0.0580     | 0.6101     | 0.6445     |             | 0.9405   | -0.038 
173    | 2.7422     | 0.2580     | 1.2881       | 1.1960      | 0.0587     | 0.6141     | 0.6472     |             | 0.8701   | -0.031 
174    | 2.8129     | 0.2838     | 1.3217       | 1.2075      | 0.0583     | 0.6292     | 0.6481     |             | 0.8233   | 0.000  
175    | 2.7888     | 0.2486     | 1.3219       | 1.2183      | 0.0601     | 0.6451     | 0.6679     |             | 0.8082   | 0.030  
176    | 2.7659     | 0.2586     | 1.2961       | 1.2111      | 0.0556     | 0.6354     | 0.6467     |             | 0.8758   | 0.015  
177    | 2.7089     | 0.2405     | 1.2743       | 1.1941      | 0.0744     | 0.6094     | 0.6609     |             | 0.8708   | -0.055 
178    | 2.6822     | 0.2325     | 1.2424       | 1.2073      | 0.0496     | 0.5998     | 0.6315     |             | 0.9385   | -0.050 
179    | 2.6778     | 0.2406     | 1.2185       | 1.2187      | 0.0474     | 0.6079     | 0.6351     |             | 0.8808   | -0.032 
180    | 2.7240     | 0.2569     | 1.2221       | 1.2450      | 0.0556     | 0.6074     | 0.6604     |             | 0.8678   | -0.041 
181    | 2.7231     | 0.2472     | 1.2197       | 1.2563      | 0.0499     | 0.6080     | 0.6473     |             | 0.8924   | -0.034 
182    | 2.6783     | 0.2543     | 1.2196       | 1.2044      | 0.0545     | 0.5627     | 0.6348     |             | 0.9111   | -0.129 
183    | 2.6922     | 0.2570     | 1.2316       | 1.2037      | 0.0608     | 0.6033     | 0.6283     |             | 0.8691   | -0.054 
184    | 2.6655     | 0.2163     | 1.2578       | 1.1913      | 0.0482     | 0.6194     | 0.6378     |             | 0.8368   | -0.009 
185    | 2.7501     | 0.2482     | 1.2686       | 1.2333      | 0.0553     | 0.5993     | 0.6548     |             | 0.8557   | -0.057 
186    | 2.7355     | 0.2522     | 1.2665       | 1.2168      | 0.0547     | 0.6120     | 0.6490     |             | 0.8487   | -0.031 
187    | 2.6994     | 0.2479     | 1.2480       | 1.2035      | 0.0659     | 0.5911     | 0.6569     |             | 0.8404   | -0.084 
188    | 2.6890     | 0.2416     | 1.2454       | 1.2020      | 0.0544     | 0.5849     | 0.6512     |             | 0.8226   | -0.085 
189    | 2.7097     | 0.2164     | 1.2654       | 1.2279      | 0.0615     | 0.6289     | 0.6365     |             | 0.8430   | -0.004 
190    | 2.7365     | 0.2217     | 1.2797       | 1.2352      | 0.0660     | 0.6449     | 0.6885     |             | 0.8288   | 0.024  
191    | 2.7455     | 0.2395     | 1.2817       | 1.2242      | 0.0624     | 0.6524     | 0.6277     |             | 0.9103   | -0.007 
192    | 2.7246     | 0.2389     | 1.2888       | 1.1970      | 0.0565     | 0.6521     | 0.6200     |             | 0.8264   | -0.016 
193    | 2.7409     | 0.2688     | 1.2912       | 1.1809      | 0.0643     | 0.6506     | 0.6142     |             | 0.8470   | -0.036 
194    | 2.7163     | 0.2505     | 1.2664       | 1.1993      | 0.0510     | 0.6220     | 0.6142     |             | 0.7986   | -0.023 
195    | 2.6880     | 0.2546     | 1.2457       | 1.1877      | 0.0533     | 0.6293     | 0.6443     |             | 0.8298   | 0.005  
196    | 2.6648     | 0.2355     | 1.2432       | 1.1861      | 0.0518     | 0.6477     | 0.6446     |             | 0.8072   | 0.037  
197    | 2.6300     | 0.2106     | 1.2207       | 1.1987      | 0.0497     | 0.6312     | 0.6634     |             | 0.7885   | 0.013  
198    | 2.7065     | 0.2239     | 1.2355       | 1.2471      | 0.0540     | 0.6354     | 0.6602     |             | 0.8154   | 0.017  
199    | 2.6870     | 0.2394     | 1.1952       | 1.2524      | 0.0598     | 0.6278     | 0.6506     |             | 0.8077   | -0.004 
200    | 2.7256     | 0.2517     | 1.2289       | 1.2451      | 0.0674     | 0.6235     | 0.6261     |             | 0.8176   | -0.020 
201    | 2.7048     | 0.2314     | 1.2359       | 1.2376      | 0.0631     | 0.6288     | 0.6155     |             | 0.7915   | -0.032 
202    | 2.7751     | 0.2401     | 1.2732       | 1.2618      | 0.0612     | 0.6341     | 0.6358     |             | 0.8000   | 0.007  
203    | 2.7501     | 0.2198     | 1.2596       | 1.2707      | 0.0627     | 0.6355     | 0.6332     |             | 0.7903   | 0.004  
204    | 2.7263     | 0.2461     | 1.2432       | 1.2370      | 0.0569     | 0.6104     | 0.6256     |             | 0.7776   | -0.036 
205    | 2.7265     | 0.2304     | 1.2390       | 1.2572      | 0.0599     | 0.6119     | 0.6432     |             | 0.8274   | -0.036 
206    | 2.6941     | 0.2308     | 1.2392       | 1.2241      | 0.0556     | 0.6134     | 0.6137     |             | 0.7742   | -0.029 
207    | 2.6382     | 0.2434     | 1.2201       | 1.1747      | 0.0592     | 0.6061     | 0.6215     |             | 0.8286   | -0.047 
208    | 2.6776     | 0.2416     | 1.2427       | 1.1933      | 0.0576     | 0.5994     | 0.6311     |             | 0.7358   | -0.059 
209    | 2.6830     | 0.2360     | 1.2321       | 1.2149      | 0.0544     | 0.6092     | 0.6112     |             | 0.7913   | -0.036 
210    | 2.6354     | 0.2258     | 1.2385       | 1.1711      | 0.0601     | 0.6027     | 0.6241     |             | 0.7934   | -0.055 
211    | 2.6120     | 0.2101     | 1.2316       | 1.1703      | 0.0637     | 0.6174     | 0.6286     |             | 0.7817   | -0.029 
212    | 2.6818     | 0.2238     | 1.2720       | 1.1860      | 0.0665     | 0.6304     | 0.6267     |             | 0.7934   | -0.013 
213    | 2.7054     | 0.2408     | 1.2648       | 1.1998      | 0.0618     | 0.6094     | 0.6691     |             | 0.7883   | -0.043 
214    | 2.6979     | 0.2265     | 1.2600       | 1.2114      | 0.0519     | 0.6332     | 0.6319     |             | 0.8206   | 0.012  
215    | 2.7232     | 0.2375     | 1.2887       | 1.1969      | 0.0536     | 0.6734     | 0.6226     |             | 0.8885   | -0.008 
216    | 2.7512     | 0.2539     | 1.3119       | 1.1853      | 0.0523     | 0.6752     | 0.6500     |             | 0.7842   | 0.048  
217    | 2.7448     | 0.2342     | 1.3090       | 1.2017      | 0.0586     | 0.6946     | 0.6066     |             | 0.8535   | -0.045 
218    | 2.7340     | 0.2477     | 1.3076       | 1.1788      | 0.0517     | 0.6594     | 0.6286     |             | 0.8383   | 0.006  
219    | 2.7594     | 0.2479     | 1.2949       | 1.2167      | 0.0537     | 0.6625     | 0.6493     |             | 0.8999   | 0.045  
220    | 2.7629     | 0.2348     | 1.2822       | 1.2459      | 0.0527     | 0.6409     | 0.6701     |             | 0.7942   | 0.029  
221    | 2.7728     | 0.2312     | 1.2729       | 1.2687      | 0.0551     | 0.6053     | 0.6618     |             | 0.8590   | -0.045 
222    | 2.8044     | 0.2600     | 1.3008       | 1.2436      | 0.0580     | 0.6038     | 0.6524     |             | 0.8343   | -0.050 
223    | 2.7717     | 0.2343     | 1.2992       | 1.2382      | 0.0670     | 0.5988     | 0.6556     |             | 0.8128   | -0.069 
224    | 2.7762     | 0.2534     | 1.2762       | 1.2466      | 0.0593     | 0.5903     | 0.6621     |             | 0.8612   | -0.079 
225    | 2.7658     | 0.2290     | 1.2869       | 1.2498      | 0.0587     | 0.5900     | 0.6528     |             | 0.8715   | -0.079 
226    | 2.7527     | 0.2343     | 1.2673       | 1.2511      | 0.0623     | 0.5959     | 0.6812     |             | 0.8961   | -0.070 
227    | 2.7866     | 0.2545     | 1.2514       | 1.2807      | 0.0666     | 0.5939     | 0.6663     |             | 0.9054   | -0.079 
228    | 2.7752     | 0.2510     | 1.2391       | 1.2850      | 0.0532     | 0.6096     | 0.6711     |             | 0.9317   | -0.034 
229    | 2.7383     | 0.2293     | 1.2354       | 1.2736      | 0.0514     | 0.6186     | 0.6768     |             | 0.9064   | -0.014 
230    | 2.7105     | 0.2300     | 1.2256       | 1.2549      | 0.0422     | 0.6158     | 0.6741     |             | 0.9505   | -0.011 
231    | 2.7198     | 0.2354     | 1.2278       | 1.2567      | 0.0402     | 0.6276     | 0.6569     |             | 0.9049   | 0.015  
232    | 2.7400     | 0.2459     | 1.2431       | 1.2511      | 0.0404     | 0.6245     | 0.6539     |             | 0.9855   | 0.009  
233    | 2.7328     | 0.2202     | 1.2661       | 1.2464      | 0.0489     | 0.6319     | 0.6536     |             | 0.9305   | 0.015  
234    | 2.7435     | 0.2308     | 1.2629       | 1.2499      | 0.0441     | 0.6326     | 0.6392     |             | 0.9043   | 0.021  
235    | 2.7554     | 0.2498     | 1.2482       | 1.2574      | 0.0451     | 0.6406     | 0.6385     |             | 0.9127   | 0.032  
236    | 2.7444     | 0.2421     | 1.2652       | 1.2371      | 0.0515     | 0.6557     | 0.6350     |             | 0.9042   | 0.018  
237    | 2.7615     | 0.2270     | 1.3003       | 1.2343      | 0.0503     | 0.6499     | 0.6682     |             | 0.9110   | 0.050  
238    | 2.8143     | 0.2353     | 1.3151       | 1.2639      | 0.0582     | 0.6545     | 0.6486     |             | 0.9137   | 0.039  
239    | 2.7994     | 0.2246     | 1.3207       | 1.2542      | 0.0480     | 0.6289     | 0.6510     |             | 0.9001   | 0.010  
240    | 2.8107     | 0.2434     | 1.2975       | 1.2697      | 0.0553     | 0.6331     | 0.6514     |             | 0.9246   | 0.011  
241    | 2.8687     | 0.2691     | 1.2997       | 1.2999      | 0.0541     | 0.6116     | 0.6167     |             | 0.9004   | -0.031 
242    | 2.7657     | 0.2359     | 1.2724       | 1.2574      | 0.0562     | 0.6113     | 0.6121     |             | 0.8800   | -0.034 
243    | 2.7473     | 0.2274     | 1.2532       | 1.2667      | 0.0594     | 0.6401     | 0.6616     |             | 0.8880   | 0.021  
244    | 2.7443     | 0.2238     | 1.2625       | 1.2581      | 0.0684     | 0.6300     | 0.6319     |             | 0.9551   | -0.008 
245    | 2.6995     | 0.2135     | 1.2530       | 1.2330      | 0.0624     | 0.6266     | 0.6382     |             | 0.9624   | -0.009 
246    | 2.7140     | 0.2228     | 1.2627       | 1.2284      | 0.0630     | 0.6202     | 0.6259     |             | 0.9702   | -0.023 
247    | 2.7144     | 0.2307     | 1.2743       | 1.2094      | 0.0564     | 0.6448     | 0.6192     |             | 1.0279   | -0.018 
248    | 2.7196     | 0.2275     | 1.2830       | 1.2091      | 0.0638     | 0.6694     | 0.6330     |             | 0.9303   | 0.002  
249    | 2.7391     | 0.2431     | 1.2814       | 1.2146      | 0.0482     | 0.6685     | 0.6208     |             | 0.9486   | -0.007 
250    | 2.8136     | 0.2288     | 1.3624       | 1.2224      | 0.0510     | 0.6968     | 0.6212     |             | 0.9190   | -0.009 
251    | 2.8433     | 0.2508     | 1.3674       | 1.2251      | 0.0448     | 0.6923     | 0.6191     |             | 0.9267   | -0.007 
252    | 2.7998     | 0.2391     | 1.3414       | 1.2193      | 0.0487     | 0.6892     | 0.6151     |             | 0.9146   | -0.018 
253    | 2.7498     | 0.2210     | 1.3251       | 1.2037      | 0.0520     | 0.6559     | 0.6250     |             | 0.8708   | -0.002 
254    | 2.7377     | 0.2150     | 1.3061       | 1.2165      | 0.0558     | 0.6572     | 0.6541     |             | 0.9176   | 0.052  
255    | 2.7756     | 0.2258     | 1.3091       | 1.2407      | 0.0575     | 0.6639     | 0.6415     |             | 0.8892   | 0.026  
256    | 2.7784     | 0.2396     | 1.2892       | 1.2496      | 0.0563     | 0.6351     | 0.6912     |             | 0.8570   | 0.014  
257    | 2.7775     | 0.2261     | 1.2872       | 1.2642      | 0.0663     | 0.6049     | 0.6851     |             | 0.9055   | -0.056 
258    | 2.7882     | 0.2508     | 1.2872       | 1.2501      | 0.0659     | 0.6152     | 0.6662     |             | 0.9268   | -0.035 
259    | 2.7639     | 0.2243     | 1.2839       | 1.2557      | 0.0629     | 0.6139     | 0.6825     |             | 0.8590   | -0.035 
260    | 2.7970     | 0.2411     | 1.2958       | 1.2601      | 0.0663     | 0.6268     | 0.6795     |             | 0.9062   | -0.013 
261    | 2.8620     | 0.2252     | 1.3406       | 1.2961      | 0.0612     | 0.6101     | 0.6621     |             | 0.9234   | -0.041 
262    | 2.8439     | 0.2385     | 1.3292       | 1.2763      | 0.0636     | 0.6115     | 0.6543     |             | 0.8344   | -0.041 
263    | 2.8052     | 0.2533     | 1.3200       | 1.2319      | 0.0644     | 0.6088     | 0.6415     |             | 0.8148   | -0.047 
264    | 2.7905     | 0.2200     | 1.3231       | 1.2474      | 0.0609     | 0.6324     | 0.6443     |             | 0.8037   | 0.004  
265    | 2.8103     | 0.2294     | 1.3363       | 1.2446      | 0.0652     | 0.6571     | 0.6817     |             | 0.7788   | 0.049  
266    | 2.8250     | 0.2415     | 1.3094       | 1.2740      | 0.0491     | 0.6191     | 0.6532     |             | 0.8224   | -0.011 
267    | 2.7908     | 0.2237     | 1.2930       | 1.2741      | 0.0656     | 0.6290     | 0.6758     |             | 0.7979   | -0.008 
268    | 2.7882     | 0.2196     | 1.2832       | 1.2855      | 0.0824     | 0.6155     | 0.6395     |             | 0.8534   | -0.051 
269    | 2.8056     | 0.2555     | 1.2835       | 1.2666      | 0.0592     | 0.6060     | 0.6691     |             | 0.7863   | -0.047 
270    | 2.7632     | 0.2305     | 1.2719       | 1.2608      | 0.0656     | 0.6076     | 0.6639     |             | 0.8137   | -0.050 
271    | 2.7452     | 0.2357     | 1.2432       | 1.2662      | 0.0526     | 0.5967     | 0.6869     |             | 0.8055   | -0.059 
272    | 2.7473     | 0.2006     | 1.2624       | 1.2843      | 0.0516     | 0.6149     | 0.6849     |             | 0.7955   | -0.022 
273    | 2.7411     | 0.1987     | 1.2670       | 1.2753      | 0.0443     | 0.6188     | 0.6620     |             | 0.7514   | -0.007 
274    | 2.7234     | 0.2186     | 1.2748       | 1.2300      | 0.0468     | 0.6216     | 0.6470     |             | 0.7763   | -0.004 
275    | 2.7584     | 0.2289     | 1.2992       | 1.2303      | 0.0482     | 0.6062     | 0.6465     |             | 0.7598   | -0.036 
276    | 2.7192     | 0.2207     | 1.2775       | 1.2210      | 0.0561     | 0.6157     | 0.6649     |             | 0.8073   | -0.025 
277    | 2.7626     | 0.2463     | 1.2874       | 1.2288      | 0.0548     | 0.6043     | 0.6404     |             | 0.8162   | -0.046 
278    | 2.7520     | 0.2120     | 1.2872       | 1.2528      | 0.0552     | 0.5836     | 0.6636     |             | 0.8391   | -0.088 
279    | 2.7132     | 0.2089     | 1.2572       | 1.2471      | 0.0580     | 0.5942     | 0.6494     |             | 0.8681   | -0.070 
280    | 2.7238     | 0.2088     | 1.2513       | 1.2636      | 0.0554     | 0.5890     | 0.6270     |             | 0.8036   | -0.077 
281    | 2.7113     | 0.2036     | 1.2536       | 1.2541      | 0.0498     | 0.5979     | 0.6263     |             | 0.8358   | -0.054 
282    | 2.7444     | 0.2197     | 1.2654       | 1.2593      | 0.0516     | 0.5968     | 0.6229     |             | 0.8861   | -0.058 
283    | 2.7113     | 0.2112     | 1.2526       | 1.2475      | 0.0549     | 0.6275     | 0.6099     |             | 0.8171   | -0.035 
284    | 2.7069     | 0.2001     | 1.2715       | 1.2353      | 0.0479     | 0.6101     | 0.6235     |             | 0.8597   | -0.028 
285    | 2.6727     | 0.1816     | 1.2546       | 1.2365      | 0.0546     | 0.6244     | 0.6183     |             | 0.7908   | -0.018 
286    | 2.7112     | 0.2257     | 1.2385       | 1.2470      | 0.0493     | 0.6071     | 0.6260     |             | 0.8049   | -0.035 
287    | 2.6655     | 0.1819     | 1.2267       | 1.2569      | 0.0550     | 0.6218     | 0.6203     |             | 0.8247   | -0.014 
288    | 2.7226     | 0.2200     | 1.2515       | 1.2512      | 0.0485     | 0.6270     | 0.6336     |             | 0.7640   | 0.005  
289    | 2.7348     | 0.2104     | 1.2642       | 1.2602      | 0.0502     | 0.6210     | 0.6363     |             | 0.8466   | -0.008 
290    | 2.7485     | 0.2198     | 1.2553       | 1.2734      | 0.0593     | 0.6270     | 0.6446     |             | 0.8235   | -0.005 
291    | 2.7506     | 0.2014     | 1.2705       | 1.2787      | 0.0634     | 0.6171     | 0.6269     |             | 0.8368   | -0.029 
292    | 2.7708     | 0.2025     | 1.2745       | 1.2938      | 0.0645     | 0.6479     | 0.6289     |             | 0.8404   | -0.007 
293    | 2.7298     | 0.1984     | 1.2854       | 1.2459      | 0.0572     | 0.6499     | 0.6104     |             | 0.8766   | -0.036 
294    | 2.7377     | 0.2086     | 1.2819       | 1.2473      | 0.0619     | 0.6686     | 0.6374     |             | 0.8207   | 0.013  
295    | 2.7339     | 0.2082     | 1.2834       | 1.2422      | 0.0680     | 0.6514     | 0.6397     |             | 0.8946   | 0.011  
296    | 2.7252     | 0.1841     | 1.2807       | 1.2604      | 0.0670     | 0.6533     | 0.6535     |             | 0.8704   | 0.040  
297    | 2.7783     | 0.2011     | 1.2986       | 1.2786      | 0.0788     | 0.6743     | 0.6380     |             | 0.8868   | -0.003 
298    | 2.8231     | 0.2121     | 1.3446       | 1.2664      | 0.0636     | 0.6821     | 0.6561     |             | 0.8816   | 0.049  
299    | 2.8593     | 0.2311     | 1.3485       | 1.2796      | 0.0653     | 0.6719     | 0.6634     |             | 0.9600   | 0.061  
300    | 2.8647     | 0.2354     | 1.3374       | 1.2918      | 0.0714     | 0.6453     | 0.6650     |             | 0.8974   | 0.019  
301    | 2.7687     | 0.2029     | 1.3044       | 1.2615      | 0.0721     | 0.6171     | 0.6628     |             | 0.9360   | -0.038 
302    | 2.7316     | 0.2132     | 1.2722       | 1.2462      | 0.0668     | 0.6002     | 0.6660     |             | 0.9172   | -0.066 
303    | 2.8011     | 0.2331     | 1.2986       | 1.2695      | 0.0588     | 0.5898     | 0.6411     |             | 0.9326   | -0.079 
304    | 2.7213     | 0.2045     | 1.2660       | 1.2508      | 0.0585     | 0.5945     | 0.6326     |             | 0.9151   | -0.069 
305    | 2.7411     | 0.1930     | 1.3023       | 1.2458      | 0.0683     | 0.6148     | 0.6533     |             | 0.8490   | -0.039 
306    | 2.8208     | 0.2383     | 1.3221       | 1.2604      | 0.0657     | 0.6112     | 0.6622     |             | 0.9337   | -0.043 
307    | 2.7918     | 0.2103     | 1.3040       | 1.2775      | 0.0679     | 0.6154     | 0.6382     |             | 0.9475   | -0.037 
308    | 2.7759     | 0.1939     | 1.2975       | 1.2845      | 0.0767     | 0.6249     | 0.6571     |             | 0.9458   | -0.027 
309    | 2.8317     | 0.2244     | 1.3032       | 1.3042      | 0.0731     | 0.6442     | 0.6535     |             | 0.8733   | 0.015  
310    | 2.7866     | 0.2179     | 1.3022       | 1.2664      | 0.0698     | 0.6434     | 0.6449     |             | 0.8879   | 0.017  
311    | 2.7707     | 0.2174     | 1.2880       | 1.2652      | 0.0648     | 0.6511     | 0.6544     |             | 0.9070   | 0.037  
312    | 2.7292     | 0.2171     | 1.2696       | 1.2425      | 0.0684     | 0.6514     | 0.6397     |             | 0.8909   | 0.011  
313    | 2.7263     | 0.2029     | 1.2640       | 1.2594      | 0.0575     | 0.6610     | 0.6437     |             | 0.8094   | 0.030  
314    | 2.6950     | 0.1888     | 1.2613       | 1.2449      | 0.0598     | 0.6514     | 0.6458     |             | 0.8349   | 0.032  
315    | 2.7202     | 0.1870     | 1.2528       | 1.2805      | 0.0639     | 0.6315     | 0.6818     |             | 0.8568   | -0.001 
316    | 2.7841     | 0.2119     | 1.2732       | 1.2989      | 0.0677     | 0.6223     | 0.7055     |             | 0.8366   | -0.023 
317    | 2.8061     | 0.2421     | 1.2786       | 1.2854      | 0.0784     | 0.6237     | 0.6802     |             | 0.8476   | -0.031 
318    | 2.7945     | 0.2116     | 1.2883       | 1.2946      | 0.0716     | 0.6276     | 0.6585     |             | 0.8452   | -0.016 
319    | 2.7929     | 0.2059     | 1.2970       | 1.2899      | 0.0659     | 0.6191     | 0.6847     |             | 0.8619   | -0.028 
320    | 2.8035     | 0.2116     | 1.2956       | 1.2963      | 0.0688     | 0.6192     | 0.6656     |             | 0.8915   | -0.030 
321    | 2.7959     | 0.2127     | 1.2869       | 1.2963      | 0.0810     | 0.6221     | 0.6670     |             | 0.8578   | -0.037 
322    | 2.7767     | 0.2031     | 1.2817       | 1.2919      | 0.0717     | 0.6235     | 0.6668     |             | 0.8917   | -0.025 
323    | 2.8009     | 0.2328     | 1.2774       | 1.2907      | 0.0744     | 0.6131     | 0.6796     |             | 0.9022   | -0.048 
324    | 2.7695     | 0.2101     | 1.2491       | 1.3102      | 0.0795     | 0.5930     | 0.6206     |             | 0.8584   | -0.093 
325    | 2.7488     | 0.1875     | 1.2674       | 1.2939      | 0.0546     | 0.6054     | 0.6362     |             | 0.8872   | -0.044 
326    | 2.7604     | 0.2231     | 1.2501       | 1.2872      | 0.0666     | 0.6021     | 0.6352     |             | 0.8676   | -0.062 
327    | 2.7328     | 0.2076     | 1.2501       | 1.2751      | 0.0652     | 0.6029     | 0.6462     |             | 0.9170   | -0.059 
328    | 2.7297     | 0.2089     | 1.2492       | 1.2716      | 0.0763     | 0.5938     | 0.6428     |             | 0.9240   | -0.089 
329    | 2.7472     | 0.2170     | 1.2535       | 1.2767      | 0.0780     | 0.5782     | 0.6179     |             | 0.9200   | -0.122 
330    | 2.7041     | 0.2067     | 1.2401       | 1.2574      | 0.0736     | 0.5687     | 0.6258     |             | 0.8615   | -0.136 
331    | 2.7130     | 0.2168     | 1.2352       | 1.2610      | 0.0767     | 0.5705     | 0.6521     |             | 0.8991   | -0.136 
332    | 2.6849     | 0.1871     | 1.2398       | 1.2581      | 0.0651     | 0.5740     | 0.6287     |             | 0.9171   | -0.117 
333    | 2.7381     | 0.2157     | 1.2521       | 1.2704      | 0.0619     | 0.5841     | 0.6430     |             | 0.8788   | -0.094 
334    | 2.6689     | 0.1932     | 1.2418       | 1.2339      | 0.0694     | 0.5900     | 0.6328     |             | 0.8729   | -0.089 
335    | 2.7033     | 0.1967     | 1.2657       | 1.2409      | 0.0737     | 0.5918     | 0.6429     |             | 0.8387   | -0.090 
336    | 2.7186     | 0.2028     | 1.2650       | 1.2509      | 0.0709     | 0.5904     | 0.6396     |             | 0.8661   | -0.090 
337    | 2.7167     | 0.2009     | 1.2642       | 1.2516      | 0.0711     | 0.5875     | 0.6428     |             | 0.8571   | -0.096 
338    | 2.7392     | 0.2038     | 1.2644       | 1.2711      | 0.0743     | 0.6010     | 0.6427     |             | 0.8553   | -0.072 
339    | 2.7448     | 0.2034     | 1.2550       | 1.2864      | 0.0626     | 0.5867     | 0.6626     |             | 0.8794   | -0.089 
340    | 2.7801     | 0.1980     | 1.2530       | 1.3291      | 0.0685     | 0.6085     | 0.6882     |             | 0.8740   | -0.052 
341    | 2.8229     | 0.2052     | 1.2473       | 1.3704      | 0.0649     | 0.5904     | 0.7084     |             | 0.8763   | -0.084 
342    | 2.8259     | 0.2157     | 1.2402       | 1.3700      | 0.0619     | 0.5912     | 0.6930     |             | 0.7943   | -0.079 
343    | 2.8053     | 0.2024     | 1.2461       | 1.3568      | 0.0684     | 0.5954     | 0.6864     |             | 0.8115   | -0.078 
344    | 2.7676     | 0.1712     | 1.2496       | 1.3469      | 0.0663     | 0.5955     | 0.6872     |             | 0.7699   | -0.075 
345    | 2.8019     | 0.1953     | 1.2622       | 1.3443      | 0.0556     | 0.5875     | 0.6734     |             | 0.7754   | -0.081 
346    | 2.7823     | 0.2031     | 1.2551       | 1.3241      | 0.0577     | 0.6107     | 0.6606     |             | 0.8244   | -0.036 
347    | 2.7879     | 0.1930     | 1.2554       | 1.3395      | 0.0569     | 0.6063     | 0.6574     |             | 0.8191   | -0.044 
348    | 2.7650     | 0.1855     | 1.2509       | 1.3286      | 0.0604     | 0.6034     | 0.6492     |             | 0.8241   | -0.054 
349    | 2.7306     | 0.1843     | 1.2473       | 1.2990      | 0.0580     | 0.5924     | 0.6618     |             | 0.8449   | -0.073 
350    | 2.6930     | 0.1859     | 1.2273       | 1.2798      | 0.0575     | 0.5806     | 0.6524     |             | 0.8991   | -0.096 
351    | 2.6823     | 0.1815     | 1.2319       | 1.2689      | 0.0507     | 0.5827     | 0.6477     |             | 0.9069   | -0.085 
352    | 2.7136     | 0.1909     | 1.2495       | 1.2731      | 0.0543     | 0.5899     | 0.6476     |             | 0.9464   | -0.074 
353    | 2.7061     | 0.1943     | 1.2339       | 1.2779      | 0.0568     | 0.5925     | 0.6684     |             | 0.8404   | -0.072 
354    | 2.7397     | 0.1956     | 1.2438       | 1.3002      | 0.0541     | 0.5969     | 0.6486     |             | 0.8569   | -0.060 
355    | 2.7512     | 0.2096     | 1.2463       | 1.2953      | 0.0597     | 0.5883     | 0.6262     |             | 0.8798   | -0.083 
356    | 2.7007     | 0.1777     | 1.2384       | 1.2845      | 0.0543     | 0.5927     | 0.6375     |             | 0.8981   | -0.069 
357    | 2.7359     | 0.1976     | 1.2582       | 1.2801      | 0.0514     | 0.5838     | 0.6264     |             | 0.8554   | -0.084 
358    | 2.7435     | 0.1896     | 1.2682       | 1.2858      | 0.0574     | 0.5778     | 0.6270     |             | 0.8437   | -0.102 
359    | 2.7574     | 0.1839     | 1.2746       | 1.2989      | 0.0549     | 0.5881     | 0.6470     |             | 0.8628   | -0.079 
360    | 2.8074     | 0.2015     | 1.2893       | 1.3166      | 0.0576     | 0.5848     | 0.6599     |             | 0.8234   | -0.088 
361    | 2.8660     | 0.2066     | 1.3216       | 1.3377      | 0.0518     | 0.6020     | 0.6392     |             | 0.8194   | -0.048 
362    | 2.8771     | 0.2259     | 1.3185       | 1.3327      | 0.0582     | 0.6087     | 0.6281     |             | 0.8664   | -0.041 
363    | 2.7785     | 0.1899     | 1.2894       | 1.2992      | 0.0570     | 0.5968     | 0.6211     |             | 0.8602   | -0.063 
364    | 2.7659     | 0.2007     | 1.2682       | 1.2970      | 0.0538     | 0.6081     | 0.6337     |             | 0.8513   | -0.038 
365    | 2.7840     | 0.1995     | 1.2762       | 1.3083      | 0.0672     | 0.6115     | 0.6550     |             | 0.8198   | -0.044 
366    | 2.7795     | 0.2013     | 1.2663       | 1.3119      | 0.0684     | 0.5916     | 0.6583     |             | 0.8380   | -0.085 
367    | 2.7738     | 0.2028     | 1.2696       | 1.3014      | 0.0731     | 0.6177     | 0.6465     |             | 0.7939   | -0.038 
368    | 2.7637     | 0.1923     | 1.2669       | 1.3045      | 0.0654     | 0.6208     | 0.6522     |             | 0.8315   | -0.024 
369    | 2.7344     | 0.1805     | 1.2730       | 1.2809      | 0.0691     | 0.6106     | 0.6406     |             | 0.7937   | -0.048 
370    | 2.7490     | 0.1828     | 1.2615       | 1.3047      | 0.0708     | 0.6015     | 0.6537     |             | 0.8749   | -0.068 
371    | 2.7164     | 0.1752     | 1.2535       | 1.2877      | 0.0676     | 0.6065     | 0.6469     |             | 0.8638   | -0.055 
372    | 2.7813     | 0.2294     | 1.2505       | 1.3013      | 0.0648     | 0.5779     | 0.6364     |             | 0.8903   | -0.109 
373    | 2.7500     | 0.1771     | 1.2307       | 1.3422      | 0.0620     | 0.5728     | 0.6828     |             | 0.8961   | -0.116 
374    | 2.8218     | 0.2187     | 1.2371       | 1.3660      | 0.0693     | 0.5921     | 0.6800     |             | 0.8992   | -0.085 
375    | 2.7874     | 0.1993     | 1.2501       | 1.3380      | 0.0762     | 0.6178     | 0.6836     |             | 0.8548   | -0.041 
376    | 2.8132     | 0.1973     | 1.2566       | 1.3593      | 0.0751     | 0.5909     | 0.7053     |             | 0.8997   | -0.093 
377    | 2.7975     | 0.2011     | 1.2427       | 1.3536      | 0.0633     | 0.5743     | 0.6477     |             | 0.8585   | -0.115 
378    | 2.7591     | 0.1962     | 1.2376       | 1.3254      | 0.0579     | 0.5958     | 0.6562     |             | 0.8580   | -0.066 
379    | 2.7623     | 0.1986     | 1.2528       | 1.3109      | 0.0644     | 0.5793     | 0.6481     |             | 0.8460   | -0.106 
380    | 2.7505     | 0.1909     | 1.2497       | 1.3100      | 0.0626     | 0.5880     | 0.6642     |             | 0.8637   | -0.087 
381    | 2.7624     | 0.2035     | 1.2563       | 1.3026      | 0.0627     | 0.6000     | 0.6544     |             | 0.8928   | -0.063 
382    | 2.7469     | 0.1832     | 1.2602       | 1.3036      | 0.0636     | 0.6222     | 0.6679     |             | 0.8192   | -0.019 
383    | 2.7919     | 0.1992     | 1.2832       | 1.3096      | 0.0595     | 0.6314     | 0.6728     |             | 0.8325   | 0.003  
384    | 2.8380     | 0.2123     | 1.3048       | 1.3209      | 0.0553     | 0.6306     | 0.6880     |             | 0.8838   | 0.006  
385    | 2.8024     | 0.2061     | 1.2895       | 1.3068      | 0.0621     | 0.6154     | 0.6674     |             | 0.8365   | -0.031 
386    | 2.7966     | 0.1858     | 1.3102       | 1.3006      | 0.0562     | 0.6327     | 0.6703     |             | 0.8586   | 0.009  
387    | 2.7672     | 0.1799     | 1.2908       | 1.2965      | 0.0567     | 0.6103     | 0.6610     |             | 0.8773   | -0.036 
388    | 2.7916     | 0.2010     | 1.2897       | 1.3009      | 0.0629     | 0.6063     | 0.6422     |             | 0.8525   | -0.050 
389    | 2.7606     | 0.1855     | 1.2614       | 1.3137      | 0.0627     | 0.6218     | 0.6590     |             | 0.8579   | -0.019 
390    | 2.7907     | 0.2013     | 1.2719       | 1.3175      | 0.0739     | 0.6321     | 0.6735     |             | 0.8582   | -0.010 
391    | 2.7679     | 0.1682     | 1.2800       | 1.3196      | 0.0751     | 0.6244     | 0.6771     |             | 0.8382   | -0.026 
392    | 2.8379     | 0.1895     | 1.3234       | 1.3251      | 0.0697     | 0.6330     | 0.6632     |             | 0.9039   | -0.004 
393    | 2.8109     | 0.1749     | 1.3132       | 1.3228      | 0.0717     | 0.6351     | 0.6718     |             | 0.9102   | -0.002 
394    | 2.7933     | 0.1860     | 1.2920       | 1.3153      | 0.0778     | 0.6259     | 0.6609     |             | 0.9121   | -0.026 
395    | 2.7849     | 0.1853     | 1.2935       | 1.3061      | 0.0681     | 0.6204     | 0.6621     |             | 0.8860   | -0.027 
396    | 2.8232     | 0.2139     | 1.2944       | 1.3149      | 0.0723     | 0.6245     | 0.6522     |             | 0.8434   | -0.023 
397    | 2.7845     | 0.1801     | 1.3062       | 1.2982      | 0.0689     | 0.6301     | 0.6451     |             | 0.8559   | -0.009 
398    | 2.7958     | 0.1931     | 1.3027       | 1.3001      | 0.0637     | 0.6349     | 0.6394     |             | 0.8585   | 0.006  
399    | 2.7831     | 0.1932     | 1.2891       | 1.3008      | 0.0701     | 0.6168     | 0.6572     |             | 0.8305   | -0.037 
400    | 2.7605     | 0.1979     | 1.2701       | 1.2925      | 0.0677     | 0.6150     | 0.6577     |             | 0.8197   | -0.038 
Seed 42 | Src MDE: 0.0273 | Tgt MDE: 0.9600
Start Training Seed 6767...

Start Training... (Validate on Source Val & Target Val)
Epoch  | Total Loss | Train Cls  | Train D_RSSI | Train D_RTT | Val Cls    | Val D_RSSI | Val D_RTT  | Save        | Test MDE | Score  
---------------------------------------------------------------------------------------------------------------------------------------
1      | 6.2752     | 3.4643     | 1.4113       | 1.3995      | 2.8571     | 0.6942     | 0.6918     |             | 1.5851   | -2.673 
2      | 5.5071     | 2.7648     | 1.3744       | 1.3679      | 2.3242     | 0.6856     | 0.6915     |             | 1.0250   | -2.153 
3      | 5.0430     | 2.3296     | 1.3611       | 1.3523      | 1.9400     | 0.6828     | 0.6917     |             | 0.9194   | -1.775 
4      | 4.6937     | 2.0073     | 1.3504       | 1.3359      | 1.5956     | 0.6740     | 0.6902     |             | 0.8880   | -1.447 
5      | 4.3888     | 1.7390     | 1.3374       | 1.3125      | 1.3156     | 0.6709     | 0.6836     |             | 0.8993   | -1.174 
6      | 4.1340     | 1.5172     | 1.3240       | 1.2928      | 1.0503     | 0.6611     | 0.6805     |             | 0.8882   | -0.928 
7      | 3.9026     | 1.3252     | 1.3074       | 1.2700      | 0.8742     | 0.6596     | 0.6759     |             | 0.8492   | -0.755 
8      | 3.7436     | 1.2173     | 1.2900       | 1.2362      | 0.6951     | 0.6567     | 0.6781     |             | 0.8108   | -0.582 
9      | 3.6025     | 1.1143     | 1.2706       | 1.2176      | 0.5947     | 0.6484     | 0.6667     |             | 0.9386   | -0.498 
10     | 3.3856     | 0.9724     | 1.2377       | 1.1756      | 0.5138     | 0.6422     | 0.6685     |             | 0.8200   | -0.429 
11     | 3.2780     | 0.9166     | 1.2117       | 1.1496      | 0.4409     | 0.6337     | 0.6697     |             | 0.8277   | -0.373 
12     | 3.0955     | 0.8151     | 1.1690       | 1.1113      | 0.3846     | 0.6334     | 0.6615     |             | 0.8327   | -0.318 
13     | 3.0004     | 0.7880     | 1.1389       | 1.0734      | 0.3244     | 0.6225     | 0.6519     |             | 0.8871   | -0.279 
14     | 2.8788     | 0.7333     | 1.1013       | 1.0442      | 0.3031     | 0.6200     | 0.6633     |             | 0.8424   | -0.263 
15     | 2.7817     | 0.7039     | 1.0634       | 1.0144      | 0.2645     | 0.6195     | 0.6969     |             | 0.8273   | -0.226 
16     | 2.6669     | 0.6477     | 1.0445       | 0.9747      | 0.2321     | 0.6210     | 0.6716     |             | 0.8236   | -0.190 
17     | 2.5585     | 0.6111     | 1.0003       | 0.9471      | 0.2110     | 0.6112     | 0.6548     |             | 0.8277   | -0.189 
18     | 2.4628     | 0.5923     | 0.9554       | 0.9151      | 0.2027     | 0.6102     | 0.6782     |             | 0.8110   | -0.182 
19     | 2.4024     | 0.5696     | 0.9440       | 0.8888      | 0.1876     | 0.6094     | 0.6710     |             | 0.8186   | -0.169 
20     | 2.3258     | 0.5487     | 0.9088       | 0.8683      | 0.1634     | 0.5912     | 0.6514     |             | 0.8408   | -0.181 
21     | 2.2157     | 0.5128     | 0.8780       | 0.8250      | 0.1664     | 0.5954     | 0.6710     |             | 0.9291   | -0.176 
22     | 2.2058     | 0.5101     | 0.8756       | 0.8200      | 0.1580     | 0.5773     | 0.6504     |             | 0.8215   | -0.203 
23     | 2.1554     | 0.4933     | 0.8540       | 0.8081      | 0.1455     | 0.5772     | 0.6535     |             | 0.8600   | -0.191 
24     | 2.1123     | 0.4907     | 0.8361       | 0.7855      | 0.1379     | 0.5787     | 0.6250     |             | 0.8633   | -0.180 
25     | 2.0622     | 0.4782     | 0.8154       | 0.7686      | 0.1301     | 0.5777     | 0.6431     |             | 0.9229   | -0.175 
26     | 2.0728     | 0.4423     | 0.8319       | 0.7986      | 0.1285     | 0.5719     | 0.5985     |             | 0.9181   | -0.185 
27     | 2.0981     | 0.4388     | 0.8473       | 0.8120      | 0.1191     | 0.5836     | 0.6245     |             | 0.8706   | -0.152 
28     | 2.0942     | 0.4452     | 0.8204       | 0.8286      | 0.1393     | 0.5651     | 0.6153     |             | 0.8904   | -0.209 
29     | 2.1462     | 0.4548     | 0.8283       | 0.8631      | 0.1162     | 0.5678     | 0.6251     |             | 0.9495   | -0.181 
30     | 2.1752     | 0.4417     | 0.8255       | 0.9079      | 0.1239     | 0.5617     | 0.6322     |             | 0.8264   | -0.200 
31     | 2.2790     | 0.4400     | 0.8708       | 0.9682      | 0.1195     | 0.5700     | 0.6442     |             | 0.8899   | -0.179 
32     | 2.2591     | 0.4424     | 0.8813       | 0.9354      | 0.1103     | 0.5572     | 0.6330     |             | 0.8555   | -0.196 
33     | 2.2487     | 0.4329     | 0.8768       | 0.9390      | 0.0986     | 0.5602     | 0.6235     |             | 0.8619   | -0.178 
34     | 2.2411     | 0.4030     | 0.9015       | 0.9366      | 0.1085     | 0.5492     | 0.6729     |             | 0.8638   | -0.210 
35     | 2.2637     | 0.4089     | 0.8881       | 0.9667      | 0.1020     | 0.5241     | 0.6070     |             | 0.9068   | -0.254 
36     | 2.2345     | 0.4221     | 0.8849       | 0.9275      | 0.0996     | 0.5386     | 0.5784     |             | 0.8283   | -0.222 
37     | 2.2359     | 0.3873     | 0.8948       | 0.9538      | 0.1001     | 0.5333     | 0.5918     |             | 0.8339   | -0.233 
38     | 2.2989     | 0.3844     | 0.9189       | 0.9956      | 0.0939     | 0.5345     | 0.5799     |             | 0.8806   | -0.225 
39     | 2.4011     | 0.4521     | 0.9371       | 1.0119      | 0.1086     | 0.5365     | 0.6077     |             | 0.8275   | -0.236 
40     | 2.3774     | 0.4209     | 0.9278       | 1.0287      | 0.1061     | 0.5613     | 0.6063     |             | 0.7696   | -0.183 
41     | 2.3030     | 0.4069     | 0.8900       | 1.0062      | 0.1056     | 0.5134     | 0.5866     |             | 0.9360   | -0.279 
42     | 2.2944     | 0.3674     | 0.9110       | 1.0159      | 0.1000     | 0.5291     | 0.5860     |             | 0.8703   | -0.242 
43     | 2.3086     | 0.3725     | 0.9206       | 1.0156      | 0.1165     | 0.5286     | 0.5738     |             | 0.9022   | -0.259 
44     | 2.3668     | 0.3768     | 0.9328       | 1.0572      | 0.1113     | 0.5456     | 0.5918     |             | 0.8857   | -0.220 
45     | 2.3908     | 0.4074     | 0.9476       | 1.0358      | 0.1133     | 0.5758     | 0.6121     |             | 0.8716   | -0.162 
46     | 2.4810     | 0.4024     | 1.0002       | 1.0784      | 0.1157     | 0.5594     | 0.6135     |             | 0.8683   | -0.197 
47     | 2.4326     | 0.3601     | 0.9820       | 1.0905      | 0.1190     | 0.5463     | 0.6024     |             | 0.9741   | -0.226 
48     | 2.4270     | 0.3725     | 0.9559       | 1.0986      | 0.1058     | 0.5581     | 0.6094     |             | 0.8173   | -0.190 
49     | 2.4677     | 0.3885     | 0.9862       | 1.0930      | 0.1052     | 0.5303     | 0.6166     |             | 0.8956   | -0.245 
50     | 2.4755     | 0.3773     | 0.9817       | 1.1165      | 0.1036     | 0.5841     | 0.5959     |             | 0.8690   | -0.136 
51     | 2.5001     | 0.3851     | 0.9818       | 1.1332      | 0.1121     | 0.5855     | 0.6351     |             | 0.8860   | -0.141 
52     | 2.5537     | 0.4072     | 1.0076       | 1.1389      | 0.1093     | 0.5495     | 0.6086     |             | 0.9330   | -0.210 
53     | 2.5050     | 0.3731     | 1.0139       | 1.1180      | 0.1057     | 0.5688     | 0.6223     |             | 0.9475   | -0.168 
54     | 2.5601     | 0.3826     | 1.0456       | 1.1319      | 0.1157     | 0.5737     | 0.6187     |             | 0.9480   | -0.168 
55     | 2.5605     | 0.3815     | 1.0645       | 1.1145      | 0.1087     | 0.5691     | 0.6106     |             | 0.9548   | -0.170 
56     | 2.5558     | 0.3751     | 1.0552       | 1.1256      | 0.1137     | 0.5503     | 0.6222     |             | 0.8538   | -0.213 
57     | 2.5359     | 0.3854     | 1.0406       | 1.1099      | 0.1030     | 0.5796     | 0.5975     |             | 0.8454   | -0.144 
58     | 2.4290     | 0.3502     | 1.0033       | 1.0756      | 0.1047     | 0.5441     | 0.6459     |             | 0.8440   | -0.216 
59     | 2.4602     | 0.3511     | 1.0205       | 1.0887      | 0.1027     | 0.5661     | 0.6523     |             | 0.8664   | -0.170 
60     | 2.5213     | 0.3828     | 1.0177       | 1.1208      | 0.1108     | 0.5449     | 0.6621     |             | 0.8474   | -0.221 
61     | 2.4512     | 0.3376     | 0.9997       | 1.1139      | 0.1040     | 0.5713     | 0.6505     |             | 0.8202   | -0.161 
62     | 2.5125     | 0.3492     | 1.0118       | 1.1516      | 0.0964     | 0.5833     | 0.6564     |             | 0.8729   | -0.130 
63     | 2.5362     | 0.3320     | 1.0266       | 1.1776      | 0.1062     | 0.5720     | 0.6690     |             | 0.7968   | -0.162 
64     | 2.5470     | 0.3549     | 1.0373       | 1.1548      | 0.1042     | 0.5618     | 0.6959     |             | 0.7887   | -0.180 
65     | 2.5714     | 0.3557     | 1.0438       | 1.1719      | 0.1071     | 0.6123     | 0.6617     |             | 0.8614   | -0.082 
66     | 2.5807     | 0.3436     | 1.0868       | 1.1502      | 0.1079     | 0.5632     | 0.6324     |             | 0.8304   | -0.181 
67     | 2.6001     | 0.3380     | 1.1030       | 1.1591      | 0.0923     | 0.5701     | 0.6215     |             | 0.8189   | -0.152 
68     | 2.6659     | 0.3767     | 1.1124       | 1.1767      | 0.0887     | 0.6190     | 0.6400     |             | 0.9257   | -0.051 
69     | 2.6598     | 0.3620     | 1.0910       | 1.2068      | 0.0922     | 0.5826     | 0.6157     |             | 0.8478   | -0.127 
70     | 2.6005     | 0.3389     | 1.0629       | 1.1987      | 0.1018     | 0.5407     | 0.6662     |             | 0.8247   | -0.220 
71     | 2.6441     | 0.3492     | 1.0784       | 1.2166      | 0.1212     | 0.5411     | 0.6321     |             | 0.8428   | -0.239 
72     | 2.6025     | 0.3032     | 1.0946       | 1.2047      | 0.1031     | 0.6761     | 0.6310     |             | 0.8301   | -0.041 
73     | 2.6970     | 0.3529     | 1.1391       | 1.2050      | 0.0977     | 0.5852     | 0.6348     |             | 0.8247   | -0.127 
74     | 2.6440     | 0.3407     | 1.1155       | 1.1878      | 0.0888     | 0.5817     | 0.6865     |             | 0.8394   | -0.125 
75     | 2.6228     | 0.3475     | 1.0690       | 1.2063      | 0.0997     | 0.6124     | 0.6542     |             | 0.8060   | -0.075 
76     | 2.6566     | 0.3442     | 1.0757       | 1.2366      | 0.1196     | 0.6080     | 0.6744     |             | 0.8154   | -0.104 
77     | 2.6814     | 0.3419     | 1.1039       | 1.2355      | 0.1124     | 0.6492     | 0.6418     |             | 0.8371   | -0.029 
78     | 2.7424     | 0.3539     | 1.1682       | 1.2203      | 0.1095     | 0.6293     | 0.6327     |             | 0.7869   | -0.051 
79     | 2.8050     | 0.3595     | 1.1982       | 1.2473      | 0.1027     | 0.6677     | 0.6168     |             | 0.8800   | -0.069 
80     | 2.7691     | 0.3380     | 1.1834       | 1.2477      | 0.1046     | 0.6189     | 0.6153     |             | 0.8261   | -0.074 
81     | 2.6891     | 0.3451     | 1.1556       | 1.1884      | 0.1114     | 0.6135     | 0.6185     |             | 0.8910   | -0.084 
82     | 2.6887     | 0.3452     | 1.1633       | 1.1802      | 0.0998     | 0.6010     | 0.6104     |             | 0.9661   | -0.098 
83     | 2.7092     | 0.3387     | 1.1937       | 1.1768      | 0.1106     | 0.6533     | 0.6164     |             | 0.7951   | -0.078 
84     | 2.6584     | 0.3125     | 1.1828       | 1.1631      | 0.0938     | 0.6193     | 0.6277     |             | 0.8608   | -0.055 
85     | 2.6591     | 0.3169     | 1.1715       | 1.1706      | 0.0949     | 0.5807     | 0.6649     |             | 0.7783   | -0.133 
86     | 2.7078     | 0.3219     | 1.1871       | 1.1988      | 0.1002     | 0.6018     | 0.6150     |             | 0.8596   | -0.097 
87     | 2.7124     | 0.3478     | 1.1895       | 1.1751      | 0.0960     | 0.5941     | 0.6553     |             | 0.8750   | -0.108 
88     | 2.6492     | 0.3199     | 1.1649       | 1.1645      | 0.1093     | 0.6116     | 0.6707     |             | 0.8878   | -0.086 
89     | 2.5901     | 0.2887     | 1.1497       | 1.1516      | 0.1160     | 0.6142     | 0.6635     |             | 0.8669   | -0.088 
90     | 2.6876     | 0.3335     | 1.1538       | 1.2003      | 0.0961     | 0.6010     | 0.6344     |             | 0.9636   | -0.094 
91     | 2.6842     | 0.3157     | 1.1564       | 1.2121      | 0.1077     | 0.5603     | 0.6404     |             | 0.8339   | -0.187 
92     | 2.6782     | 0.3050     | 1.1578       | 1.2154      | 0.1018     | 0.5630     | 0.6646     |             | 0.8739   | -0.176 
93     | 2.6580     | 0.3178     | 1.1245       | 1.2157      | 0.1017     | 0.5634     | 0.6654     |             | 0.8167   | -0.175 
94     | 2.7048     | 0.3295     | 1.1500       | 1.2253      | 0.1024     | 0.5443     | 0.6548     |             | 0.7805   | -0.214 
95     | 2.6714     | 0.3193     | 1.1415       | 1.2106      | 0.0974     | 0.5738     | 0.6270     |             | 0.8706   | -0.150 
96     | 2.6569     | 0.3103     | 1.1430       | 1.2036      | 0.1104     | 0.6337     | 0.6295     |             | 0.7722   | -0.051 
97     | 2.6534     | 0.2941     | 1.1711       | 1.1882      | 0.1027     | 0.6673     | 0.6028     |             | 0.8793   | -0.097 
98     | 2.6663     | 0.3327     | 1.1454       | 1.1882      | 0.0939     | 0.6004     | 0.6484     |             | 0.8510   | -0.093 
99     | 2.5720     | 0.2711     | 1.1079       | 1.1929      | 0.1051     | 0.5963     | 0.6337     |             | 0.9541   | -0.113 
100    | 2.6232     | 0.2860     | 1.1410       | 1.1962      | 0.1153     | 0.6156     | 0.6387     |             | 0.9251   | -0.084 
101    | 2.6778     | 0.3124     | 1.1616       | 1.2038      | 0.0978     | 0.6121     | 0.6279     |             | 0.9484   | -0.074 
102    | 2.6266     | 0.3011     | 1.1377       | 1.1877      | 0.0894     | 0.5762     | 0.6199     |             | 0.9020   | -0.137 
103    | 2.6407     | 0.2938     | 1.1314       | 1.2155      | 0.1005     | 0.5914     | 0.6518     |             | 0.8881   | -0.118 
104    | 2.6455     | 0.2905     | 1.1248       | 1.2302      | 0.1053     | 0.5841     | 0.6502     |             | 0.9468   | -0.137 
105    | 2.6468     | 0.2832     | 1.1158       | 1.2478      | 0.1096     | 0.5730     | 0.6445     |             | 0.8799   | -0.163 
106    | 2.6657     | 0.2779     | 1.1418       | 1.2461      | 0.1024     | 0.5775     | 0.6369     |             | 0.8609   | -0.147 
107    | 2.6989     | 0.3277     | 1.1265       | 1.2446      | 0.0960     | 0.5772     | 0.6262     |             | 0.8430   | -0.142 
108    | 2.6803     | 0.3158     | 1.1055       | 1.2590      | 0.1052     | 0.5958     | 0.6430     |             | 0.8066   | -0.114 
109    | 2.6856     | 0.2999     | 1.1701       | 1.2156      | 0.1063     | 0.6341     | 0.6330     |             | 0.8849   | -0.040 
110    | 2.7602     | 0.3019     | 1.2633       | 1.1950      | 0.1021     | 0.6231     | 0.6372     |             | 0.9066   | -0.056 
111    | 2.8139     | 0.3067     | 1.3341       | 1.1731      | 0.1074     | 0.6347     | 0.6416     |             | 0.8604   | -0.038 
112    | 2.7555     | 0.2887     | 1.2705       | 1.1963      | 0.0953     | 0.6247     | 0.6620     |             | 0.8419   | -0.046 
113    | 2.7721     | 0.3258     | 1.2545       | 1.1919      | 0.0960     | 0.6443     | 0.6698     |             | 0.8836   | -0.007 
114    | 2.7618     | 0.3016     | 1.2567       | 1.2036      | 0.1045     | 0.6079     | 0.6823     |             | 0.7985   | -0.089 
115    | 2.7577     | 0.2967     | 1.2323       | 1.2287      | 0.0992     | 0.6507     | 0.6912     |             | 0.8206   | 0.002  
116    | 2.8032     | 0.3167     | 1.2721       | 1.2144      | 0.0940     | 0.6032     | 0.6710     |             | 0.8281   | -0.088 
117    | 2.7594     | 0.3189     | 1.2389       | 1.2016      | 0.0962     | 0.5842     | 0.6358     |             | 0.8979   | -0.128 
118    | 2.7513     | 0.2856     | 1.2546       | 1.2111      | 0.0939     | 0.5839     | 0.6873     |             | 0.8614   | -0.126 
119    | 2.8062     | 0.2923     | 1.2744       | 1.2395      | 0.0967     | 0.5987     | 0.6784     |             | 0.8938   | -0.099 
120    | 2.8103     | 0.3022     | 1.2739       | 1.2342      | 0.0960     | 0.5885     | 0.6503     |             | 0.8194   | -0.119 
121    | 2.7930     | 0.3125     | 1.2574       | 1.2231      | 0.1035     | 0.5983     | 0.6559     |             | 0.8767   | -0.107 
122    | 2.7206     | 0.2761     | 1.2476       | 1.1969      | 0.0990     | 0.5785     | 0.6343     |             | 0.8836   | -0.142 
123    | 2.7053     | 0.2633     | 1.2361       | 1.2060      | 0.1047     | 0.5605     | 0.6548     |             | 0.8226   | -0.184 
124    | 2.7794     | 0.3022     | 1.2340       | 1.2433      | 0.0987     | 0.5560     | 0.6669     |             | 0.8470   | -0.187 
125    | 2.7550     | 0.2742     | 1.2225       | 1.2584      | 0.0917     | 0.5738     | 0.6704     |             | 0.8531   | -0.144 
126    | 2.7431     | 0.3017     | 1.2106       | 1.2308      | 0.0897     | 0.5911     | 0.6309     |             | 0.7828   | -0.107 
127    | 2.6634     | 0.2606     | 1.2064       | 1.1965      | 0.0904     | 0.5796     | 0.6284     |             | 0.8398   | -0.131 
128    | 2.6601     | 0.2475     | 1.2070       | 1.2057      | 0.0912     | 0.5911     | 0.6567     |             | 0.8045   | -0.109 
129    | 2.7059     | 0.2681     | 1.2252       | 1.2126      | 0.0893     | 0.6020     | 0.6274     |             | 0.8272   | -0.085 
130    | 2.7580     | 0.2755     | 1.2222       | 1.2603      | 0.0959     | 0.5786     | 0.6441     |             | 0.7758   | -0.139 
131    | 2.7472     | 0.2701     | 1.2341       | 1.2429      | 0.1076     | 0.6149     | 0.6534     |             | 0.7688   | -0.078 
132    | 2.8435     | 0.3247     | 1.2604       | 1.2584      | 0.0974     | 0.6103     | 0.6251     |             | 0.6991   | -0.077 
133    | 2.8125     | 0.2876     | 1.2419       | 1.2831      | 0.1026     | 0.6103     | 0.6398     |             | 0.7576   | -0.082 
134    | 2.8120     | 0.2859     | 1.2149       | 1.3112      | 0.1015     | 0.5942     | 0.6565     |             | 0.8498   | -0.113 
135    | 2.8305     | 0.2816     | 1.1900       | 1.3589      | 0.0945     | 0.6036     | 0.6711     |             | 0.8333   | -0.087 
136    | 2.7966     | 0.2843     | 1.1988       | 1.3136      | 0.0841     | 0.5979     | 0.6638     |             | 0.8764   | -0.088 
137    | 2.7789     | 0.2918     | 1.1793       | 1.3078      | 0.0795     | 0.5890     | 0.6511     |             | 0.8816   | -0.102 
138    | 2.7563     | 0.2677     | 1.1947       | 1.2939      | 0.1019     | 0.5877     | 0.6498     |             | 0.8789   | -0.126 
139    | 2.8109     | 0.2910     | 1.2183       | 1.3016      | 0.1028     | 0.6085     | 0.6515     |             | 0.8556   | -0.086 
140    | 2.8016     | 0.3106     | 1.2198       | 1.2712      | 0.1057     | 0.6123     | 0.6499     |             | 0.8675   | -0.081 
141    | 2.7437     | 0.2813     | 1.2196       | 1.2428      | 0.1133     | 0.6144     | 0.6326     |             | 0.8744   | -0.084 
142    | 2.7085     | 0.2887     | 1.2172       | 1.2027      | 0.1055     | 0.5909     | 0.6355     |             | 0.9215   | -0.124 
143    | 2.6697     | 0.2692     | 1.1940       | 1.2066      | 0.1087     | 0.5817     | 0.6553     |             | 0.8075   | -0.145 
144    | 2.6454     | 0.2658     | 1.1709       | 1.2087      | 0.1133     | 0.5683     | 0.6311     |             | 0.8667   | -0.177 
145    | 2.6150     | 0.2622     | 1.1470       | 1.2058      | 0.0968     | 0.5742     | 0.6291     |             | 0.8641   | -0.148 
146    | 2.6703     | 0.2754     | 1.1793       | 1.2156      | 0.0979     | 0.5870     | 0.6360     |             | 0.8737   | -0.124 
147    | 2.7148     | 0.2644     | 1.1969       | 1.2535      | 0.1057     | 0.6037     | 0.6334     |             | 0.9072   | -0.098 
148    | 2.7142     | 0.2547     | 1.2110       | 1.2485      | 0.1047     | 0.6128     | 0.6146     |             | 0.8312   | -0.079 
149    | 2.6772     | 0.2509     | 1.1787       | 1.2476      | 0.0969     | 0.5950     | 0.6068     |             | 0.8641   | -0.107 
150    | 2.7352     | 0.2657     | 1.1924       | 1.2771      | 0.0976     | 0.6129     | 0.6154     |             | 0.8679   | -0.072 
151    | 2.7360     | 0.2688     | 1.2299       | 1.2374      | 0.1171     | 0.6504     | 0.6077     |             | 0.9095   | -0.102 
152    | 2.7481     | 0.2702     | 1.2411       | 1.2368      | 0.1005     | 0.6276     | 0.6350     |             | 0.8560   | -0.045 
153    | 2.7259     | 0.2849     | 1.2195       | 1.2214      | 0.1077     | 0.6333     | 0.6295     |             | 0.8716   | -0.049 
154    | 2.7178     | 0.2661     | 1.2171       | 1.2346      | 0.1075     | 0.6190     | 0.6231     |             | 0.8658   | -0.070 
155    | 2.7075     | 0.2665     | 1.2064       | 1.2346      | 0.1089     | 0.6216     | 0.6479     |             | 0.9424   | -0.066 
156    | 2.6990     | 0.2613     | 1.1949       | 1.2427      | 0.1172     | 0.6079     | 0.6343     |             | 0.9172   | -0.102 
157    | 2.7486     | 0.2830     | 1.2146       | 1.2511      | 0.1186     | 0.5923     | 0.6473     |             | 0.8590   | -0.134 
158    | 2.7028     | 0.2599     | 1.1810       | 1.2619      | 0.1140     | 0.5960     | 0.6799     |             | 0.8118   | -0.122 
159    | 2.6999     | 0.2820     | 1.1737       | 1.2442      | 0.1137     | 0.6047     | 0.6865     |             | 0.9153   | -0.104 
160    | 2.6925     | 0.2812     | 1.1731       | 1.2383      | 0.1036     | 0.6170     | 0.6406     |             | 0.8939   | -0.070 
161    | 2.7075     | 0.2709     | 1.2137       | 1.2229      | 0.0895     | 0.6166     | 0.6487     |             | 0.8218   | -0.056 
162    | 2.6932     | 0.2756     | 1.1939       | 1.2236      | 0.0888     | 0.6040     | 0.6575     |             | 0.8697   | -0.081 
163    | 2.6413     | 0.2384     | 1.1583       | 1.2446      | 0.0963     | 0.6233     | 0.6725     |             | 0.8702   | -0.050 
164    | 2.7490     | 0.2673     | 1.1759       | 1.3058      | 0.0927     | 0.6166     | 0.6993     |             | 0.8497   | -0.060 
165    | 2.7286     | 0.2438     | 1.1602       | 1.3246      | 0.0959     | 0.5917     | 0.6955     |             | 0.9290   | -0.113 
166    | 2.7107     | 0.2246     | 1.1675       | 1.3186      | 0.0836     | 0.6135     | 0.6949     |             | 0.8998   | -0.057 
167    | 2.7911     | 0.2761     | 1.1873       | 1.3277      | 0.0920     | 0.6303     | 0.6885     |             | 0.9521   | -0.031 
168    | 2.7309     | 0.2508     | 1.2051       | 1.2750      | 0.0819     | 0.6333     | 0.6538     |             | 0.8186   | -0.015 
169    | 2.7751     | 0.2608     | 1.2407       | 1.2736      | 0.0880     | 0.6385     | 0.6329     |             | 0.8600   | -0.022 
170    | 2.7904     | 0.2774     | 1.2428       | 1.2702      | 0.0917     | 0.6462     | 0.6391     |             | 0.8251   | -0.014 
171    | 2.7809     | 0.2668     | 1.2370       | 1.2771      | 0.0949     | 0.6188     | 0.6564     |             | 0.8008   | -0.057 
172    | 2.8095     | 0.2582     | 1.2544       | 1.2968      | 0.1070     | 0.5865     | 0.6769     |             | 0.7450   | -0.134 
173    | 2.7960     | 0.2321     | 1.2468       | 1.3171      | 0.1139     | 0.6019     | 0.6670     |             | 0.7558   | -0.110 
174    | 2.8008     | 0.2525     | 1.2519       | 1.2964      | 0.1091     | 0.6315     | 0.6698     |             | 0.8418   | -0.046 
175    | 2.7960     | 0.2638     | 1.2503       | 1.2818      | 0.1184     | 0.6452     | 0.6539     |             | 0.8664   | -0.028 
176    | 2.7932     | 0.2449     | 1.2676       | 1.2807      | 0.1024     | 0.6752     | 0.6456     |             | 0.8247   | -0.011 
177    | 2.7844     | 0.2325     | 1.2666       | 1.2853      | 0.1019     | 0.6820     | 0.6474     |             | 0.8044   | -0.007 
178    | 2.8045     | 0.2465     | 1.2768       | 1.2812      | 0.0871     | 0.6627     | 0.6848     |             | 0.9136   | 0.038  
179    | 2.8376     | 0.2746     | 1.2906       | 1.2724      | 0.1010     | 0.6489     | 0.6915     |             | 0.8957   | -0.003 
180    | 2.8102     | 0.2478     | 1.2905       | 1.2719      | 0.1060     | 0.6863     | 0.6832     |             | 0.8980   | 0.060  
181    | 2.8420     | 0.2394     | 1.3234       | 1.2791      | 0.0995     | 0.6587     | 0.6737     |             | 0.8406   | 0.018  
182    | 2.8437     | 0.2529     | 1.2995       | 1.2913      | 0.1110     | 0.6636     | 0.6855     |             | 0.8822   | 0.016  
183    | 2.8532     | 0.2727     | 1.3042       | 1.2763      | 0.0952     | 0.6358     | 0.6895     |             | 0.8339   | -0.024 
184    | 2.8021     | 0.2663     | 1.2715       | 1.2643      | 0.0951     | 0.6361     | 0.6650     |             | 0.9089   | -0.023 
185    | 2.7928     | 0.2562     | 1.2717       | 1.2648      | 0.0991     | 0.6051     | 0.6660     |             | 0.8478   | -0.089 
186    | 2.7793     | 0.2812     | 1.2552       | 1.2429      | 0.1040     | 0.6415     | 0.6596     |             | 0.9328   | -0.021 
187    | 2.7989     | 0.2689     | 1.2919       | 1.2381      | 0.1072     | 0.6551     | 0.6549     |             | 0.9016   | 0.002  
188    | 2.8013     | 0.2724     | 1.2945       | 1.2344      | 0.1060     | 0.6375     | 0.6451     |             | 0.8426   | -0.031 
189    | 2.7499     | 0.2419     | 1.2801       | 1.2279      | 0.1017     | 0.6834     | 0.6465     |             | 0.8217   | -0.009 
190    | 2.6989     | 0.2263     | 1.2629       | 1.2097      | 0.1131     | 0.6378     | 0.6302     |             | 0.8429   | -0.053 
191    | 2.7098     | 0.2418     | 1.2437       | 1.2243      | 0.0897     | 0.6108     | 0.6620     |             | 0.7829   | -0.068 
192    | 2.6910     | 0.2303     | 1.2370       | 1.2237      | 0.0934     | 0.6038     | 0.6505     |             | 0.8720   | -0.086 
193    | 2.6903     | 0.2313     | 1.2185       | 1.2406      | 0.0939     | 0.6204     | 0.6562     |             | 0.8302   | -0.053 
194    | 2.7891     | 0.2468     | 1.2669       | 1.2754      | 0.0847     | 0.6552     | 0.6749     |             | 0.7624   | 0.026  
195    | 2.8108     | 0.2630     | 1.2892       | 1.2586      | 0.0900     | 0.6813     | 0.6458     |             | 0.7731   | 0.002  
196    | 2.8037     | 0.2388     | 1.3219       | 1.2430      | 0.1024     | 0.6798     | 0.6686     |             | 0.8224   | 0.035  
197    | 2.8112     | 0.2465     | 1.3191       | 1.2456      | 0.0984     | 0.6533     | 0.6659     |             | 0.7582   | 0.008  
198    | 2.7821     | 0.2335     | 1.3161       | 1.2325      | 0.0991     | 0.6462     | 0.6567     |             | 0.8313   | -0.007 
199    | 2.8190     | 0.2633     | 1.3085       | 1.2473      | 0.0936     | 0.6263     | 0.6536     |             | 0.7635   | -0.041 
200    | 2.7101     | 0.2270     | 1.2543       | 1.2288      | 0.0908     | 0.6303     | 0.6284     |             | 0.7670   | -0.034 
201    | 2.7170     | 0.2270     | 1.2439       | 1.2461      | 0.0908     | 0.6172     | 0.6544     |             | 0.8003   | -0.057 
202    | 2.7534     | 0.2594     | 1.2303       | 1.2637      | 0.0925     | 0.6247     | 0.6322     |             | 0.7687   | -0.043 
203    | 2.7311     | 0.2591     | 1.2327       | 1.2393      | 0.0865     | 0.6216     | 0.6515     |             | 0.8209   | -0.043 
204    | 2.7401     | 0.2323     | 1.2493       | 1.2585      | 0.0881     | 0.6178     | 0.6136     |             | 0.8316   | -0.061 
205    | 2.7092     | 0.2411     | 1.2466       | 1.2215      | 0.0874     | 0.6347     | 0.6186     |             | 0.7786   | -0.050 
206    | 2.7432     | 0.2225     | 1.2638       | 1.2569      | 0.0878     | 0.5985     | 0.6258     |             | 0.7326   | -0.091 
207    | 2.7584     | 0.2387     | 1.2387       | 1.2809      | 0.0879     | 0.5983     | 0.6014     |             | 0.8372   | -0.091 
208    | 2.7440     | 0.2283     | 1.2425       | 1.2732      | 0.0880     | 0.6079     | 0.6119     |             | 0.8347   | -0.072 
209    | 2.7327     | 0.2293     | 1.2443       | 1.2591      | 0.0931     | 0.6194     | 0.6050     |             | 0.8300   | -0.083 
210    | 2.7126     | 0.2269     | 1.2333       | 1.2524      | 0.0978     | 0.6107     | 0.6074     |             | 0.8104   | -0.083 
211    | 2.6854     | 0.2028     | 1.2295       | 1.2531      | 0.0927     | 0.6059     | 0.6349     |             | 0.8291   | -0.081 
212    | 2.7260     | 0.2269     | 1.2295       | 1.2696      | 0.0916     | 0.6209     | 0.6402     |             | 0.8752   | -0.050 
213    | 2.7261     | 0.2281     | 1.2366       | 1.2614      | 0.0903     | 0.6123     | 0.6414     |             | 0.7964   | -0.066 
214    | 2.7354     | 0.2422     | 1.2260       | 1.2672      | 0.1037     | 0.6212     | 0.6346     |             | 0.7874   | -0.061 
215    | 2.7257     | 0.2224     | 1.2228       | 1.2804      | 0.0832     | 0.6426     | 0.6344     |             | 0.8339   | -0.014 
216    | 2.7567     | 0.2103     | 1.2497       | 1.2967      | 0.0871     | 0.6433     | 0.6478     |             | 0.8106   | -0.000 
217    | 2.7570     | 0.1952     | 1.2772       | 1.2846      | 0.0873     | 0.6416     | 0.6678     |             | 0.8514   | -0.004 
218    | 2.7652     | 0.2124     | 1.2890       | 1.2638      | 0.1025     | 0.6309     | 0.6456     |             | 0.7366   | -0.041 
219    | 2.7473     | 0.2285     | 1.2704       | 1.2484      | 0.0931     | 0.6102     | 0.6456     |             | 0.7617   | -0.073 
220    | 2.7603     | 0.2349     | 1.2791       | 1.2462      | 0.0922     | 0.6347     | 0.6428     |             | 0.7995   | -0.023 
221    | 2.6746     | 0.1947     | 1.2558       | 1.2242      | 0.0933     | 0.6198     | 0.6335     |             | 0.7680   | -0.054 
222    | 2.7099     | 0.2180     | 1.2620       | 1.2298      | 0.1002     | 0.6187     | 0.6195     |             | 0.8083   | -0.063 
223    | 2.6787     | 0.2092     | 1.2268       | 1.2426      | 0.1013     | 0.6126     | 0.6340     |             | 0.8029   | -0.076 
224    | 2.7374     | 0.2272     | 1.2472       | 1.2631      | 0.1161     | 0.6125     | 0.6414     |             | 0.8315   | -0.091 
225    | 2.7024     | 0.2223     | 1.2465       | 1.2335      | 0.0937     | 0.6044     | 0.6228     |             | 0.8439   | -0.085 
226    | 2.6977     | 0.2191     | 1.2448       | 1.2337      | 0.0953     | 0.6058     | 0.6403     |             | 0.7042   | -0.084 
227    | 2.7327     | 0.1927     | 1.2863       | 1.2538      | 0.0847     | 0.6424     | 0.6613     |             | 0.7670   | 0.000  
228    | 2.8438     | 0.2293     | 1.3331       | 1.2813      | 0.1049     | 0.6629     | 0.6600     |             | 0.7836   | 0.015  
229    | 2.8624     | 0.2344     | 1.3153       | 1.3127      | 0.1167     | 0.6599     | 0.6574     |             | 0.8636   | -0.002 
230    | 2.8328     | 0.2284     | 1.2818       | 1.3226      | 0.0998     | 0.6567     | 0.6508     |             | 0.7944   | 0.002  
231    | 2.8244     | 0.2188     | 1.2801       | 1.3255      | 0.0910     | 0.6426     | 0.6564     |             | 0.7840   | -0.006 
232    | 2.8223     | 0.2333     | 1.2791       | 1.3099      | 0.1021     | 0.6391     | 0.6376     |             | 0.8724   | -0.027 
233    | 2.7743     | 0.2216     | 1.2834       | 1.2693      | 0.1066     | 0.6328     | 0.6431     |             | 0.8022   | -0.041 
234    | 2.7750     | 0.2221     | 1.2919       | 1.2610      | 0.0999     | 0.6220     | 0.6408     |             | 0.8472   | -0.056 
235    | 2.7606     | 0.2157     | 1.2893       | 1.2556      | 0.1092     | 0.6228     | 0.6468     |             | 0.8521   | -0.063 
236    | 2.7196     | 0.2247     | 1.2508       | 1.2441      | 0.1031     | 0.6313     | 0.6750     |             | 0.8708   | -0.040 
237    | 2.7828     | 0.2409     | 1.2667       | 1.2751      | 0.1070     | 0.6422     | 0.6843     |             | 0.8461   | -0.023 
238    | 2.7726     | 0.2240     | 1.2856       | 1.2630      | 0.0927     | 0.6297     | 0.6516     |             | 0.8989   | -0.033 
239    | 2.7583     | 0.2036     | 1.2837       | 1.2710      | 0.1077     | 0.6304     | 0.6441     |             | 0.8702   | -0.047 
240    | 2.7554     | 0.2451     | 1.2869       | 1.2235      | 0.1054     | 0.6031     | 0.6240     |             | 0.8829   | -0.099 
241    | 2.7163     | 0.2019     | 1.2872       | 1.2272      | 0.1007     | 0.6251     | 0.6321     |             | 0.8247   | -0.051 
242    | 2.7337     | 0.1965     | 1.2776       | 1.2596      | 0.0955     | 0.6118     | 0.6336     |             | 0.8340   | -0.072 
243    | 2.7848     | 0.2254     | 1.2891       | 1.2703      | 0.0983     | 0.6366     | 0.6316     |             | 0.8569   | -0.035 
244    | 2.7910     | 0.2312     | 1.3087       | 1.2510      | 0.1059     | 0.6232     | 0.6388     |             | 0.8799   | -0.060 
245    | 2.7646     | 0.2080     | 1.2965       | 1.2601      | 0.1178     | 0.6429     | 0.6495     |             | 0.8789   | -0.032 
246    | 2.7810     | 0.2205     | 1.3140       | 1.2465      | 0.1111     | 0.6320     | 0.6487     |             | 0.8498   | -0.047 
247    | 2.7345     | 0.2106     | 1.2808       | 1.2431      | 0.1000     | 0.6322     | 0.6440     |             | 0.7976   | -0.036 
248    | 2.7107     | 0.2103     | 1.2713       | 1.2291      | 0.0932     | 0.6371     | 0.6452     |             | 0.7823   | -0.019 
249    | 2.7370     | 0.2116     | 1.2774       | 1.2480      | 0.1009     | 0.6351     | 0.6256     |             | 0.7605   | -0.050 
250    | 2.7082     | 0.1984     | 1.2803       | 1.2295      | 0.1011     | 0.6488     | 0.6422     |             | 0.7501   | -0.017 
251    | 2.6673     | 0.1930     | 1.2523       | 1.2220      | 0.0941     | 0.6163     | 0.6194     |             | 0.7982   | -0.061 
252    | 2.7107     | 0.1921     | 1.2815       | 1.2372      | 0.0802     | 0.6240     | 0.6350     |             | 0.7453   | -0.032 
253    | 2.7743     | 0.2310     | 1.3007       | 1.2426      | 0.0940     | 0.6167     | 0.6562     |             | 0.7960   | -0.061 
254    | 2.7552     | 0.2027     | 1.3279       | 1.2247      | 0.1057     | 0.6477     | 0.6460     |             | 0.8257   | -0.014 
255    | 2.8417     | 0.2110     | 1.3405       | 1.2902      | 0.0958     | 0.6327     | 0.6458     |             | 0.8716   | -0.030 
256    | 2.7895     | 0.1860     | 1.3073       | 1.2963      | 0.1025     | 0.6506     | 0.6700     |             | 0.7926   | -0.001 
257    | 2.7954     | 0.2136     | 1.2883       | 1.2935      | 0.1063     | 0.6347     | 0.6690     |             | 0.8406   | -0.037 
258    | 2.7780     | 0.2204     | 1.2569       | 1.3008      | 0.1061     | 0.6367     | 0.6802     |             | 0.7976   | -0.033 
259    | 2.7529     | 0.2234     | 1.2403       | 1.2892      | 0.1072     | 0.6407     | 0.6838     |             | 0.7977   | -0.026 
260    | 2.7222     | 0.2165     | 1.2441       | 1.2615      | 0.1042     | 0.6458     | 0.6519     |             | 0.8351   | -0.013 
261    | 2.7079     | 0.2181     | 1.2364       | 1.2535      | 0.0987     | 0.6583     | 0.6591     |             | 0.8224   | 0.018  
262    | 2.6675     | 0.2152     | 1.2254       | 1.2269      | 0.0996     | 0.6428     | 0.6435     |             | 0.7589   | -0.014 
263    | 2.6739     | 0.1998     | 1.2422       | 1.2319      | 0.1020     | 0.6584     | 0.6557     |             | 0.8441   | 0.009  
264    | 2.6579     | 0.1856     | 1.2380       | 1.2343      | 0.1055     | 0.6522     | 0.6729     |             | 0.7556   | -0.001 
265    | 2.6785     | 0.2047     | 1.2185       | 1.2554      | 0.0936     | 0.6396     | 0.6619     |             | 0.8200   | -0.014 
266    | 2.6794     | 0.2064     | 1.2168       | 1.2561      | 0.1016     | 0.6351     | 0.6599     |             | 0.7976   | -0.031 
267    | 2.7049     | 0.1943     | 1.2341       | 1.2765      | 0.0989     | 0.6391     | 0.6771     |             | 0.7866   | -0.021 
268    | 2.7451     | 0.2077     | 1.2659       | 1.2715      | 0.1104     | 0.6447     | 0.6606     |             | 0.8623   | -0.021 
269    | 2.7594     | 0.2269     | 1.2802       | 1.2523      | 0.1113     | 0.6158     | 0.6478     |             | 0.8857   | -0.080 
270    | 2.7324     | 0.2237     | 1.2348       | 1.2739      | 0.1072     | 0.6159     | 0.6525     |             | 0.8368   | -0.075 
271    | 2.7362     | 0.2194     | 1.2423       | 1.2744      | 0.1120     | 0.6146     | 0.6686     |             | 0.8182   | -0.083 
272    | 2.7443     | 0.2233     | 1.2327       | 1.2883      | 0.1006     | 0.6011     | 0.6746     |             | 0.8334   | -0.098 
273    | 2.7161     | 0.1881     | 1.2441       | 1.2838      | 0.0976     | 0.6054     | 0.6608     |             | 0.8431   | -0.087 
274    | 2.7570     | 0.2228     | 1.2489       | 1.2854      | 0.0937     | 0.5950     | 0.6676     |             | 0.8931   | -0.104 
275    | 2.7255     | 0.1986     | 1.2331       | 1.2939      | 0.1043     | 0.6124     | 0.6764     |             | 0.7737   | -0.079 
276    | 2.7899     | 0.2110     | 1.2759       | 1.3031      | 0.0859     | 0.6213     | 0.6704     |             | 0.8509   | -0.043 
277    | 2.8241     | 0.2280     | 1.2943       | 1.3017      | 0.0918     | 0.6328     | 0.6706     |             | 0.7926   | -0.026 
278    | 2.7800     | 0.1945     | 1.2908       | 1.2947      | 0.0917     | 0.6088     | 0.6544     |             | 0.7732   | -0.074 
279    | 2.7649     | 0.2045     | 1.2991       | 1.2613      | 0.1081     | 0.6220     | 0.6482     |             | 0.7548   | -0.064 
280    | 2.7506     | 0.1974     | 1.3085       | 1.2447      | 0.0948     | 0.6107     | 0.6319     |             | 0.8697   | -0.073 
281    | 2.7667     | 0.2323     | 1.2985       | 1.2359      | 0.0894     | 0.6071     | 0.6512     |             | 0.8329   | -0.075 
282    | 2.7680     | 0.2266     | 1.2909       | 1.2505      | 0.0871     | 0.6009     | 0.6434     |             | 0.7785   | -0.085 
283    | 2.7553     | 0.2118     | 1.2774       | 1.2661      | 0.0888     | 0.5931     | 0.6417     |             | 0.7472   | -0.103 
284    | 2.7220     | 0.2055     | 1.2501       | 1.2664      | 0.0904     | 0.5877     | 0.6270     |             | 0.8367   | -0.115 
285    | 2.7078     | 0.1988     | 1.2390       | 1.2700      | 0.0890     | 0.6172     | 0.6465     |             | 0.9078   | -0.055 
286    | 2.7539     | 0.2201     | 1.2540       | 1.2797      | 0.0870     | 0.6220     | 0.6553     |             | 0.8303   | -0.043 
287    | 2.7232     | 0.1907     | 1.2571       | 1.2754      | 0.0846     | 0.6360     | 0.6659     |             | 0.9432   | -0.012 
288    | 2.7502     | 0.2148     | 1.2609       | 1.2744      | 0.0881     | 0.6306     | 0.6699     |             | 0.8225   | -0.027 
289    | 2.7046     | 0.2030     | 1.2324       | 1.2693      | 0.1025     | 0.6255     | 0.6483     |             | 0.9030   | -0.052 
290    | 2.7102     | 0.1970     | 1.2391       | 1.2741      | 0.0955     | 0.6281     | 0.6565     |             | 0.9316   | -0.039 
291    | 2.7442     | 0.2207     | 1.2507       | 1.2729      | 0.0942     | 0.6199     | 0.6502     |             | 0.9274   | -0.054 
292    | 2.7212     | 0.2094     | 1.2570       | 1.2548      | 0.0920     | 0.6264     | 0.6672     |             | 0.9041   | -0.039 
293    | 2.7488     | 0.2154     | 1.2545       | 1.2789      | 0.0946     | 0.6088     | 0.6718     |             | 0.8216   | -0.077 
294    | 2.7062     | 0.2054     | 1.2446       | 1.2562      | 0.0937     | 0.6269     | 0.6672     |             | 0.8771   | -0.040 
295    | 2.7210     | 0.1967     | 1.2521       | 1.2721      | 0.1052     | 0.6216     | 0.6485     |             | 0.9274   | -0.062 
296    | 2.7340     | 0.1847     | 1.2566       | 1.2927      | 0.0969     | 0.6450     | 0.6487     |             | 0.8483   | -0.007 
297    | 2.7713     | 0.2118     | 1.2692       | 1.2903      | 0.1026     | 0.6349     | 0.6297     |             | 0.8351   | -0.043 
298    | 2.6859     | 0.1894     | 1.2490       | 1.2475      | 0.1124     | 0.6240     | 0.6295     |             | 0.8619   | -0.064 
299    | 2.7021     | 0.2113     | 1.2517       | 1.2392      | 0.1080     | 0.6221     | 0.6447     |             | 0.8963   | -0.064 
300    | 2.6606     | 0.1645     | 1.2359       | 1.2602      | 0.1217     | 0.6234     | 0.6648     |             | 0.8883   | -0.075 
301    | 2.6998     | 0.1971     | 1.2152       | 1.2876      | 0.1162     | 0.6302     | 0.6354     |             | 0.8591   | -0.056 
302    | 2.6951     | 0.1931     | 1.2193       | 1.2827      | 0.1185     | 0.6419     | 0.6401     |             | 0.9138   | -0.038 
303    | 2.7488     | 0.2190     | 1.2350       | 1.2948      | 0.1155     | 0.6583     | 0.6354     |             | 0.8803   | -0.045 
304    | 2.7401     | 0.1919     | 1.2680       | 1.2802      | 0.1065     | 0.6361     | 0.6275     |             | 0.8391   | -0.052 
305    | 2.7581     | 0.1944     | 1.2725       | 1.2912      | 0.1034     | 0.6385     | 0.6338     |             | 0.8712   | -0.036 
306    | 2.7580     | 0.1914     | 1.2763       | 1.2903      | 0.0928     | 0.6317     | 0.6483     |             | 0.8357   | -0.029 
307    | 2.7617     | 0.2029     | 1.2609       | 1.2979      | 0.1082     | 0.6415     | 0.6476     |             | 0.8004   | -0.025 
308    | 2.7649     | 0.2120     | 1.2723       | 1.2806      | 0.1208     | 0.6379     | 0.6394     |             | 0.7580   | -0.045 
309    | 2.7915     | 0.2156     | 1.2800       | 1.2959      | 0.1052     | 0.6277     | 0.6427     |             | 0.8299   | -0.050 
310    | 2.7777     | 0.2291     | 1.2481       | 1.3005      | 0.0919     | 0.6057     | 0.6439     |             | 0.8022   | -0.081 
311    | 2.7593     | 0.2150     | 1.2329       | 1.3115      | 0.1020     | 0.5925     | 0.6658     |             | 0.8336   | -0.117 
312    | 2.7263     | 0.1883     | 1.2265       | 1.3115      | 0.1101     | 0.6006     | 0.6779     |             | 0.7881   | -0.109 
313    | 2.7824     | 0.2105     | 1.2500       | 1.3219      | 0.1098     | 0.6127     | 0.6855     |             | 0.8070   | -0.084 
314    | 2.8032     | 0.2074     | 1.2719       | 1.3239      | 0.1097     | 0.6205     | 0.6673     |             | 0.7826   | -0.069 
315    | 2.7778     | 0.1933     | 1.2635       | 1.3211      | 0.1148     | 0.6314     | 0.6491     |             | 0.8397   | -0.052 
316    | 2.7904     | 0.2112     | 1.2721       | 1.3070      | 0.0944     | 0.6256     | 0.6761     |             | 0.7853   | -0.043 
317    | 2.7601     | 0.1832     | 1.2748       | 1.3020      | 0.1104     | 0.6321     | 0.6764     |             | 0.7889   | -0.046 
318    | 2.7812     | 0.1929     | 1.2975       | 1.2909      | 0.0920     | 0.6281     | 0.6643     |             | 0.7801   | -0.036 
319    | 2.7908     | 0.1986     | 1.2946       | 1.2976      | 0.1066     | 0.6379     | 0.6789     |             | 0.7574   | -0.031 
320    | 2.8038     | 0.1974     | 1.2948       | 1.3116      | 0.0994     | 0.6204     | 0.6963     |             | 0.7819   | -0.059 
321    | 2.7758     | 0.1773     | 1.2893       | 1.3092      | 0.0838     | 0.6175     | 0.6816     |             | 0.8119   | -0.049 
322    | 2.8204     | 0.2098     | 1.2989       | 1.3117      | 0.0981     | 0.6317     | 0.6534     |             | 0.8408   | -0.035 
323    | 2.8001     | 0.2107     | 1.2873       | 1.3020      | 0.1048     | 0.6738     | 0.6511     |             | 0.8437   | -0.003 
324    | 2.7508     | 0.1823     | 1.2736       | 1.2948      | 0.0923     | 0.6585     | 0.6233     |             | 0.8346   | -0.046 
325    | 2.7788     | 0.2131     | 1.2815       | 1.2842      | 0.0983     | 0.6701     | 0.6325     |             | 0.7973   | -0.033 
326    | 2.7600     | 0.1982     | 1.2921       | 1.2697      | 0.1060     | 0.6647     | 0.6399     |             | 0.8304   | -0.026 
327    | 2.7727     | 0.2043     | 1.2873       | 1.2812      | 0.1006     | 0.6442     | 0.6370     |             | 0.8866   | -0.027 
328    | 2.7630     | 0.2022     | 1.2611       | 1.2996      | 0.0954     | 0.6227     | 0.6675     |             | 0.8402   | -0.050 
329    | 2.7919     | 0.2128     | 1.2503       | 1.3289      | 0.0889     | 0.6333     | 0.6814     |             | 0.9423   | -0.022 
330    | 2.7460     | 0.2045     | 1.2475       | 1.2939      | 0.0871     | 0.6337     | 0.6655     |             | 0.8244   | -0.020 
331    | 2.7389     | 0.2036     | 1.2557       | 1.2797      | 0.0901     | 0.6255     | 0.6687     |             | 0.8260   | -0.039 
332    | 2.7685     | 0.2044     | 1.2691       | 1.2950      | 0.1094     | 0.6210     | 0.6732     |             | 0.7930   | -0.068 
333    | 2.7817     | 0.2020     | 1.2693       | 1.3104      | 0.1022     | 0.6181     | 0.6591     |             | 0.8634   | -0.066 
334    | 2.7509     | 0.1886     | 1.2569       | 1.3053      | 0.0915     | 0.6301     | 0.6740     |             | 0.8935   | -0.031 
335    | 2.7514     | 0.1950     | 1.2609       | 1.2955      | 0.0965     | 0.6243     | 0.6591     |             | 0.7713   | -0.048 
336    | 2.7778     | 0.2058     | 1.2788       | 1.2932      | 0.0932     | 0.6413     | 0.6539     |             | 0.8107   | -0.011 
337    | 2.7391     | 0.1818     | 1.2738       | 1.2835      | 0.0951     | 0.6376     | 0.6441     |             | 0.7743   | -0.020 
338    | 2.7325     | 0.1824     | 1.2671       | 1.2829      | 0.0909     | 0.6207     | 0.6381     |             | 0.8215   | -0.049 
339    | 2.7197     | 0.2048     | 1.2507       | 1.2643      | 0.0921     | 0.5976     | 0.6385     |             | 0.7936   | -0.097 
340    | 2.7136     | 0.1912     | 1.2572       | 1.2652      | 0.0920     | 0.6053     | 0.6255     |             | 0.8309   | -0.081 
341    | 2.7959     | 0.2132     | 1.2939       | 1.2888      | 0.0901     | 0.6145     | 0.6366     |             | 0.8002   | -0.061 
342    | 2.7722     | 0.1926     | 1.2950       | 1.2846      | 0.0919     | 0.6286     | 0.6429     |             | 0.7584   | -0.035 
343    | 2.7925     | 0.2051     | 1.3059       | 1.2815      | 0.0882     | 0.6565     | 0.6297     |             | 0.7841   | -0.029 
344    | 2.7690     | 0.1996     | 1.2986       | 1.2707      | 0.0933     | 0.6487     | 0.6407     |             | 0.7813   | -0.012 
345    | 2.7726     | 0.2012     | 1.2943       | 1.2771      | 0.0928     | 0.6465     | 0.6527     |             | 0.7666   | 0.000  
346    | 2.7755     | 0.2227     | 1.2842       | 1.2686      | 0.0917     | 0.6192     | 0.6539     |             | 0.8191   | -0.053 
347    | 2.7195     | 0.1899     | 1.2590       | 1.2706      | 0.0884     | 0.6061     | 0.6549     |             | 0.8399   | -0.076 
348    | 2.7632     | 0.2004     | 1.2918       | 1.2709      | 0.1060     | 0.6397     | 0.6339     |             | 0.8780   | -0.038 
349    | 2.7630     | 0.1949     | 1.2951       | 1.2730      | 0.1005     | 0.6291     | 0.6413     |             | 0.8702   | -0.042 
350    | 2.7921     | 0.1945     | 1.3104       | 1.2873      | 0.1123     | 0.6070     | 0.6787     |             | 0.7961   | -0.098 
351    | 2.7964     | 0.2093     | 1.2926       | 1.2945      | 0.1117     | 0.6070     | 0.6390     |             | 0.8084   | -0.098 
352    | 2.7966     | 0.2159     | 1.2683       | 1.3123      | 0.1114     | 0.5955     | 0.6417     |             | 0.8473   | -0.120 
353    | 2.7810     | 0.2174     | 1.2765       | 1.2871      | 0.0835     | 0.6222     | 0.6300     |             | 0.8006   | -0.039 
354    | 2.7978     | 0.2124     | 1.2929       | 1.2924      | 0.0942     | 0.6258     | 0.6385     |             | 0.7174   | -0.043 
355    | 2.8090     | 0.2052     | 1.2982       | 1.3056      | 0.0937     | 0.6371     | 0.6413     |             | 0.7935   | -0.019 
356    | 2.8100     | 0.1750     | 1.3082       | 1.3269      | 0.0938     | 0.6394     | 0.6706     |             | 0.8336   | -0.015 
357    | 2.8620     | 0.2112     | 1.3062       | 1.3445      | 0.1105     | 0.6590     | 0.6539     |             | 0.8057   | -0.003 
358    | 2.8084     | 0.1958     | 1.3121       | 1.3005      | 0.1091     | 0.6304     | 0.6433     |             | 0.8307   | -0.048 
359    | 2.7796     | 0.1901     | 1.2968       | 1.2926      | 0.1011     | 0.6354     | 0.6298     |             | 0.8361   | -0.042 
360    | 2.8196     | 0.1979     | 1.3173       | 1.3045      | 0.0957     | 0.6493     | 0.6378     |             | 0.7317   | -0.020 
361    | 2.7797     | 0.1790     | 1.3032       | 1.2976      | 0.0866     | 0.6402     | 0.6346     |             | 0.7406   | -0.018 
362    | 2.7998     | 0.2090     | 1.3028       | 1.2880      | 0.1140     | 0.6414     | 0.6356     |             | 0.7473   | -0.043 
363    | 2.7935     | 0.2014     | 1.2902       | 1.3018      | 0.1017     | 0.6530     | 0.6361     |             | 0.7517   | -0.029 
364    | 2.7575     | 0.1914     | 1.2752       | 1.2909      | 0.0841     | 0.6272     | 0.6316     |             | 0.8511   | -0.030 
365    | 2.7599     | 0.1820     | 1.2709       | 1.3070      | 0.1028     | 0.6311     | 0.6386     |             | 0.8389   | -0.041 
366    | 2.7855     | 0.2104     | 1.2557       | 1.3194      | 0.1023     | 0.6103     | 0.6560     |             | 0.8643   | -0.082 
367    | 2.7542     | 0.1913     | 1.2456       | 1.3173      | 0.0956     | 0.6102     | 0.6587     |             | 0.8909   | -0.075 
368    | 2.7774     | 0.1854     | 1.2411       | 1.3509      | 0.0827     | 0.6065     | 0.6667     |             | 0.8821   | -0.070 
369    | 2.7752     | 0.1824     | 1.2329       | 1.3599      | 0.0971     | 0.6161     | 0.6844     |             | 0.7699   | -0.065 
370    | 2.7615     | 0.1793     | 1.2312       | 1.3510      | 0.0974     | 0.6045     | 0.6998     |             | 0.7849   | -0.088 
371    | 2.8021     | 0.1998     | 1.2316       | 1.3707      | 0.1015     | 0.6004     | 0.6864     |             | 0.8514   | -0.101 
372    | 2.7548     | 0.1777     | 1.2269       | 1.3502      | 0.0966     | 0.5893     | 0.6708     |             | 0.7906   | -0.118 
373    | 2.7400     | 0.1923     | 1.2237       | 1.3240      | 0.1042     | 0.6075     | 0.6529     |             | 0.8525   | -0.089 
374    | 2.7293     | 0.1800     | 1.2364       | 1.3129      | 0.0938     | 0.6213     | 0.6542     |             | 0.8092   | -0.051 
375    | 2.7135     | 0.1707     | 1.2469       | 1.2959      | 0.1058     | 0.6207     | 0.6450     |             | 0.7603   | -0.064 
376    | 2.7496     | 0.1961     | 1.2712       | 1.2823      | 0.1178     | 0.6211     | 0.6477     |             | 0.8140   | -0.076 
377    | 2.7497     | 0.2028     | 1.2554       | 1.2915      | 0.1044     | 0.6122     | 0.6527     |             | 0.7926   | -0.080 
378    | 2.7247     | 0.1876     | 1.2600       | 1.2771      | 0.0981     | 0.6347     | 0.6384     |             | 0.8222   | -0.029 
379    | 2.7019     | 0.1682     | 1.2504       | 1.2833      | 0.1118     | 0.6245     | 0.6602     |             | 0.7990   | -0.063 
380    | 2.7172     | 0.1809     | 1.2555       | 1.2809      | 0.1071     | 0.6203     | 0.6381     |             | 0.7725   | -0.066 
381    | 2.7159     | 0.1856     | 1.2633       | 1.2670      | 0.0988     | 0.6067     | 0.6527     |             | 0.8599   | -0.085 
382    | 2.6902     | 0.1684     | 1.2466       | 1.2752      | 0.1307     | 0.6022     | 0.6459     |             | 0.8142   | -0.126 
383    | 2.7004     | 0.1752     | 1.2613       | 1.2639      | 0.1010     | 0.6085     | 0.6538     |             | 0.8874   | -0.084 
384    | 2.7138     | 0.1835     | 1.2723       | 1.2581      | 0.0914     | 0.6150     | 0.6429     |             | 0.7815   | -0.061 
385    | 2.6755     | 0.1574     | 1.2626       | 1.2555      | 0.1113     | 0.6192     | 0.6575     |             | 0.7956   | -0.073 
386    | 2.7136     | 0.1926     | 1.2535       | 1.2676      | 0.1055     | 0.6221     | 0.6565     |             | 0.8492   | -0.061 
387    | 2.6936     | 0.1887     | 1.2324       | 1.2726      | 0.0908     | 0.6222     | 0.6588     |             | 0.8729   | -0.046 
388    | 2.7050     | 0.1856     | 1.2510       | 1.2684      | 0.0885     | 0.6304     | 0.6582     |             | 0.8945   | -0.028 
389    | 2.7147     | 0.1812     | 1.2677       | 1.2658      | 0.0924     | 0.6486     | 0.6549     |             | 0.8761   | 0.005  
390    | 2.7708     | 0.1829     | 1.3109       | 1.2771      | 0.0891     | 0.6445     | 0.6570     |             | 0.8424   | -0.000 
391    | 2.7537     | 0.1797     | 1.3082       | 1.2658      | 0.1029     | 0.6317     | 0.6620     |             | 0.8391   | -0.040 
392    | 2.7918     | 0.1974     | 1.3165       | 1.2780      | 0.0934     | 0.6236     | 0.6507     |             | 0.7886   | -0.046 
393    | 2.8055     | 0.1951     | 1.3092       | 1.3012      | 0.0987     | 0.6425     | 0.6620     |             | 0.8889   | -0.014 
394    | 2.7997     | 0.1955     | 1.3077       | 1.2965      | 0.1012     | 0.6276     | 0.6538     |             | 0.8776   | -0.046 
395    | 2.7736     | 0.1752     | 1.2934       | 1.3051      | 0.1002     | 0.6431     | 0.6644     |             | 0.9533   | -0.014 
396    | 2.7822     | 0.1800     | 1.2891       | 1.3130      | 0.0910     | 0.6518     | 0.6843     |             | 0.9140   | 0.013  
397    | 2.8324     | 0.1983     | 1.2991       | 1.3349      | 0.1000     | 0.6556     | 0.6850     |             | 0.8693   | 0.011  
398    | 2.8223     | 0.1900     | 1.2938       | 1.3385      | 0.1002     | 0.6344     | 0.6938     |             | 0.8561   | -0.031 
399    | 2.8332     | 0.1963     | 1.2872       | 1.3498      | 0.0987     | 0.6471     | 0.6861     |             | 0.9530   | -0.005 
400    | 2.8478     | 0.1881     | 1.3125       | 1.3472      | 0.0933     | 0.6632     | 0.6648     |             | 0.8579   | 0.033  
Seed 6767 | Src MDE: 0.0228 | Tgt MDE: 0.8980
Start Training Seed 123456...

Start Training... (Validate on Source Val & Target Val)
Epoch  | Total Loss | Train Cls  | Train D_RSSI | Train D_RTT | Val Cls    | Val D_RSSI | Val D_RTT  | Save        | Test MDE | Score  
---------------------------------------------------------------------------------------------------------------------------------------
1      | 6.2651     | 3.4716     | 1.4100       | 1.3835      | 2.8597     | 0.6839     | 0.6921     |             | 1.8012   | -2.692 
2      | 5.5104     | 2.7869     | 1.3647       | 1.3588      | 2.3077     | 0.6799     | 0.6922     |             | 1.1939   | -2.148 
3      | 5.0356     | 2.3512     | 1.3429       | 1.3415      | 1.8953     | 0.6743     | 0.6882     |             | 1.0717   | -1.747 
4      | 4.6696     | 2.0160     | 1.3266       | 1.3271      | 1.4760     | 0.6680     | 0.6840     |             | 0.9474   | -1.340 
5      | 4.3444     | 1.7280     | 1.3106       | 1.3057      | 1.2314     | 0.6623     | 0.6855     |             | 0.9037   | -1.107 
6      | 4.1153     | 1.5387     | 1.2875       | 1.2891      | 1.0086     | 0.6574     | 0.6801     |             | 0.9381   | -0.894 
7      | 3.8751     | 1.3498     | 1.2628       | 1.2626      | 0.7926     | 0.6523     | 0.6820     |             | 0.9470   | -0.688 
8      | 3.6733     | 1.1917     | 1.2374       | 1.2442      | 0.6652     | 0.6499     | 0.6812     |             | 0.9164   | -0.565 
9      | 3.5377     | 1.1058     | 1.2102       | 1.2217      | 0.5827     | 0.6444     | 0.6814     |             | 0.9397   | -0.494 
10     | 3.3721     | 1.0052     | 1.1818       | 1.1852      | 0.4834     | 0.6375     | 0.6810     |             | 0.9180   | -0.408 
11     | 3.2027     | 0.9100     | 1.1404       | 1.1523      | 0.3975     | 0.6427     | 0.6751     |             | 0.9071   | -0.312 
12     | 3.0803     | 0.8476     | 1.1133       | 1.1193      | 0.3581     | 0.6299     | 0.6764     |             | 0.9467   | -0.298 
13     | 2.9807     | 0.8046     | 1.0782       | 1.0979      | 0.2988     | 0.6153     | 0.6661     |             | 0.9348   | -0.268 
14     | 2.8528     | 0.7510     | 1.0371       | 1.0647      | 0.2679     | 0.6077     | 0.6543     |             | 0.9188   | -0.252 
15     | 2.7178     | 0.6921     | 0.9952       | 1.0305      | 0.2469     | 0.6134     | 0.6717     |             | 0.9080   | -0.220 
16     | 2.6245     | 0.6466     | 0.9733       | 1.0045      | 0.2156     | 0.6124     | 0.6527     |             | 0.8794   | -0.191 
17     | 2.4880     | 0.6108     | 0.9101       | 0.9671      | 0.2064     | 0.5999     | 0.6699     |             | 0.8927   | -0.207 
18     | 2.4242     | 0.6058     | 0.8835       | 0.9349      | 0.1809     | 0.5856     | 0.6401     |             | 0.9142   | -0.210 
19     | 2.3551     | 0.5955     | 0.8431       | 0.9165      | 0.1736     | 0.5924     | 0.6486     |             | 0.8722   | -0.189 
20     | 2.3067     | 0.5680     | 0.8250       | 0.9137      | 0.1690     | 0.5900     | 0.6504     |             | 0.9308   | -0.189 
21     | 2.2154     | 0.5480     | 0.7928       | 0.8747      | 0.1518     | 0.5716     | 0.6331     |             | 0.8983   | -0.209 
22     | 2.1719     | 0.5246     | 0.7691       | 0.8782      | 0.1492     | 0.5783     | 0.6514     |             | 0.9288   | -0.193 
23     | 2.1345     | 0.4956     | 0.7483       | 0.8906      | 0.1390     | 0.5650     | 0.6424     |             | 0.8936   | -0.209 
24     | 2.1124     | 0.4833     | 0.7316       | 0.8975      | 0.1321     | 0.5863     | 0.6355     |             | 0.9066   | -0.159 
25     | 2.0870     | 0.4652     | 0.7241       | 0.8977      | 0.1233     | 0.5868     | 0.6279     |             | 0.9016   | -0.150 
26     | 2.1204     | 0.4794     | 0.7173       | 0.9236      | 0.1195     | 0.5513     | 0.6286     |             | 0.8845   | -0.217 
27     | 2.1411     | 0.4740     | 0.7223       | 0.9448      | 0.1302     | 0.5406     | 0.6242     |             | 0.9046   | -0.249 
28     | 2.1769     | 0.4764     | 0.7327       | 0.9678      | 0.1142     | 0.5472     | 0.6202     |             | 0.9365   | -0.220 
29     | 2.1846     | 0.4617     | 0.7597       | 0.9631      | 0.1125     | 0.5497     | 0.5936     |             | 0.9188   | -0.213 
30     | 2.2227     | 0.4451     | 0.7812       | 0.9963      | 0.1159     | 0.5567     | 0.6058     |             | 0.9388   | -0.203 
31     | 2.2129     | 0.4321     | 0.7955       | 0.9854      | 0.1053     | 0.5500     | 0.6006     |             | 0.9502   | -0.205 
32     | 2.1914     | 0.4289     | 0.7725       | 0.9900      | 0.1117     | 0.5206     | 0.6191     |             | 0.9137   | -0.271 
33     | 2.2317     | 0.4420     | 0.8050       | 0.9846      | 0.1082     | 0.5356     | 0.6212     |             | 0.9327   | -0.237 
34     | 2.2692     | 0.4399     | 0.8111       | 1.0181      | 0.1134     | 0.5151     | 0.6262     |             | 0.9731   | -0.283 
35     | 2.2337     | 0.4145     | 0.8145       | 1.0047      | 0.1067     | 0.5172     | 0.5901     |             | 0.9283   | -0.272 
36     | 2.2581     | 0.4117     | 0.8374       | 1.0090      | 0.0999     | 0.5920     | 0.6195     |             | 0.9728   | -0.116 
37     | 2.3319     | 0.4243     | 0.8789       | 1.0287      | 0.1011     | 0.5702     | 0.6247     |             | 0.8992   | -0.161 
38     | 2.3441     | 0.4201     | 0.8881       | 1.0359      | 0.1071     | 0.5405     | 0.6345     |             | 0.8956   | -0.226 
39     | 2.3061     | 0.3903     | 0.9012       | 1.0146      | 0.1040     | 0.5291     | 0.6042     |             | 0.9391   | -0.246 
40     | 2.2819     | 0.3780     | 0.8847       | 1.0193      | 0.0974     | 0.5254     | 0.6286     |             | 0.9020   | -0.247 
41     | 2.3374     | 0.4217     | 0.9143       | 1.0014      | 0.1035     | 0.5492     | 0.6467     |             | 0.9067   | -0.205 
42     | 2.4031     | 0.4219     | 0.9530       | 1.0281      | 0.1046     | 0.5584     | 0.6427     |             | 0.8663   | -0.188 
43     | 2.3890     | 0.4185     | 0.9483       | 1.0223      | 0.0957     | 0.5928     | 0.6327     |             | 0.8908   | -0.110 
44     | 2.4107     | 0.4215     | 0.9309       | 1.0583      | 0.1053     | 0.5572     | 0.6335     |             | 0.9024   | -0.191 
45     | 2.4462     | 0.4112     | 0.9408       | 1.0942      | 0.1145     | 0.5984     | 0.6390     |             | 0.8993   | -0.118 
46     | 2.4796     | 0.3972     | 0.9715       | 1.1108      | 0.0999     | 0.5985     | 0.6274     |             | 0.9670   | -0.103 
47     | 2.4617     | 0.4059     | 0.9607       | 1.0951      | 0.1031     | 0.5819     | 0.6211     |             | 0.9580   | -0.139 
48     | 2.4297     | 0.3976     | 0.9721       | 1.0600      | 0.1076     | 0.5957     | 0.6124     |             | 0.9179   | -0.116 
49     | 2.5084     | 0.3862     | 1.0252       | 1.0970      | 0.1027     | 0.6126     | 0.5805     |             | 0.9499   | -0.142 
50     | 2.5897     | 0.3958     | 1.0501       | 1.1438      | 0.1118     | 0.6190     | 0.6154     |             | 0.8919   | -0.081 
51     | 2.6496     | 0.3967     | 1.1156       | 1.1374      | 0.1082     | 0.5743     | 0.6016     |             | 0.8828   | -0.160 
52     | 2.6684     | 0.4292     | 1.0908       | 1.1484      | 0.0916     | 0.5397     | 0.6381     |             | 0.8713   | -0.212 
53     | 2.6974     | 0.3992     | 1.1101       | 1.1881      | 0.1109     | 0.5611     | 0.6241     |             | 0.8529   | -0.189 
54     | 2.7691     | 0.4186     | 1.1676       | 1.1828      | 0.0920     | 0.6202     | 0.6270     |             | 0.8253   | -0.052 
55     | 2.8761     | 0.4439     | 1.2593       | 1.1729      | 0.1006     | 0.5756     | 0.6529     |             | 0.8760   | -0.149 
56     | 2.7451     | 0.3981     | 1.1532       | 1.1939      | 0.0935     | 0.5924     | 0.6771     |             | 0.8743   | -0.109 
57     | 2.6237     | 0.3872     | 1.0737       | 1.1627      | 0.1031     | 0.5518     | 0.6307     |             | 0.9264   | -0.200 
58     | 2.5983     | 0.3715     | 1.0530       | 1.1738      | 0.0998     | 0.5280     | 0.6327     |             | 0.8374   | -0.244 
59     | 2.5450     | 0.3684     | 1.0176       | 1.1589      | 0.0899     | 0.5343     | 0.6147     |             | 0.8208   | -0.221 
60     | 2.5663     | 0.3655     | 1.0161       | 1.1847      | 0.0931     | 0.5430     | 0.6220     |             | 0.8880   | -0.207 
61     | 2.5606     | 0.3505     | 1.0378       | 1.1723      | 0.0942     | 0.5493     | 0.6504     |             | 0.9111   | -0.196 
62     | 2.6265     | 0.3476     | 1.0956       | 1.1833      | 0.0951     | 0.6332     | 0.6256     |             | 0.9544   | -0.044 
63     | 2.6867     | 0.3490     | 1.1766       | 1.1611      | 0.0979     | 0.6246     | 0.6294     |             | 0.9167   | -0.049 
64     | 2.7164     | 0.3867     | 1.1563       | 1.1735      | 0.0933     | 0.5818     | 0.6228     |             | 0.9733   | -0.130 
65     | 2.7172     | 0.3738     | 1.1939       | 1.1495      | 0.0934     | 0.6073     | 0.6304     |             | 0.9611   | -0.079 
66     | 2.7004     | 0.4166     | 1.1609       | 1.1229      | 0.0989     | 0.6191     | 0.6170     |             | 0.9132   | -0.065 
67     | 2.6271     | 0.3625     | 1.1510       | 1.1136      | 0.0927     | 0.5708     | 0.6328     |             | 0.9286   | -0.151 
68     | 2.6467     | 0.3677     | 1.1163       | 1.1626      | 0.0974     | 0.5879     | 0.6332     |             | 0.8392   | -0.122 
69     | 2.6369     | 0.3472     | 1.0960       | 1.1937      | 0.0847     | 0.5619     | 0.6514     |             | 0.8102   | -0.161 
70     | 2.6276     | 0.3527     | 1.0589       | 1.2160      | 0.0833     | 0.5562     | 0.6591     |             | 0.8911   | -0.171 
71     | 2.5823     | 0.3388     | 1.0418       | 1.2016      | 0.0859     | 0.5562     | 0.6420     |             | 0.8770   | -0.174 
72     | 2.6039     | 0.3420     | 1.0305       | 1.2314      | 0.0838     | 0.5614     | 0.6844     |             | 0.9316   | -0.161 
73     | 2.6718     | 0.3803     | 1.0668       | 1.2247      | 0.0854     | 0.5723     | 0.6444     |             | 0.8963   | -0.141 
74     | 2.5963     | 0.3317     | 1.0563       | 1.2083      | 0.0919     | 0.5521     | 0.6482     |             | 0.9236   | -0.188 
75     | 2.5601     | 0.3159     | 1.0728       | 1.1714      | 0.0927     | 0.5909     | 0.6085     |             | 0.8939   | -0.111 
76     | 2.5683     | 0.3400     | 1.0844       | 1.1439      | 0.0934     | 0.5814     | 0.6100     |             | 0.9295   | -0.131 
77     | 2.5841     | 0.3192     | 1.1231       | 1.1418      | 0.0891     | 0.5775     | 0.6129     |             | 0.9098   | -0.134 
78     | 2.5798     | 0.3400     | 1.1046       | 1.1352      | 0.0828     | 0.5860     | 0.6132     |             | 0.9172   | -0.111 
79     | 2.6234     | 0.3572     | 1.1221       | 1.1442      | 0.0939     | 0.5627     | 0.6282     |             | 0.8623   | -0.168 
80     | 2.6016     | 0.3210     | 1.1374       | 1.1432      | 0.0938     | 0.5933     | 0.6501     |             | 0.8276   | -0.107 
81     | 2.6965     | 0.3508     | 1.1972       | 1.1484      | 0.0956     | 0.6067     | 0.6791     |             | 0.7797   | -0.082 
82     | 2.6973     | 0.3390     | 1.1829       | 1.1753      | 0.0816     | 0.6240     | 0.6706     |             | 0.8545   | -0.034 
83     | 2.7107     | 0.3474     | 1.1756       | 1.1878      | 0.0818     | 0.6204     | 0.6419     |             | 0.8960   | -0.041 
84     | 2.6913     | 0.3204     | 1.1940       | 1.1768      | 0.0915     | 0.6230     | 0.6356     |             | 0.8867   | -0.046 
85     | 2.6778     | 0.3255     | 1.1913       | 1.1609      | 0.0896     | 0.5765     | 0.6361     |             | 0.8795   | -0.137 
86     | 2.5763     | 0.2954     | 1.1207       | 1.1602      | 0.0886     | 0.5515     | 0.6714     |             | 0.8989   | -0.186 
87     | 2.7069     | 0.3535     | 1.1399       | 1.2134      | 0.0859     | 0.6121     | 0.6431     |             | 0.9197   | -0.062 
88     | 2.7220     | 0.3322     | 1.1727       | 1.2171      | 0.0844     | 0.6081     | 0.6434     |             | 0.9648   | -0.068 
89     | 2.7197     | 0.3527     | 1.1912       | 1.1758      | 0.0816     | 0.5783     | 0.6300     |             | 0.8901   | -0.125 
90     | 2.6475     | 0.3202     | 1.1547       | 1.1725      | 0.0801     | 0.5886     | 0.6410     |             | 0.9457   | -0.103 
91     | 2.7335     | 0.3358     | 1.2193       | 1.1783      | 0.0934     | 0.6167     | 0.6517     |             | 0.9475   | -0.060 
92     | 2.7435     | 0.3268     | 1.2331       | 1.1836      | 0.0915     | 0.6030     | 0.6648     |             | 0.8684   | -0.086 
93     | 2.7103     | 0.3265     | 1.2052       | 1.1787      | 0.0848     | 0.6013     | 0.6491     |             | 0.9089   | -0.082 
94     | 2.6952     | 0.3295     | 1.1563       | 1.2094      | 0.0780     | 0.5643     | 0.6542     |             | 0.9153   | -0.149 
95     | 2.7003     | 0.3214     | 1.1557       | 1.2232      | 0.0905     | 0.5883     | 0.6846     |             | 0.9265   | -0.114 
96     | 2.6860     | 0.3164     | 1.1464       | 1.2232      | 0.0792     | 0.6089     | 0.6619     |             | 0.8924   | -0.061 
97     | 2.6755     | 0.3253     | 1.1880       | 1.1622      | 0.0919     | 0.6392     | 0.6499     |             | 0.9276   | -0.013 
98     | 2.7688     | 0.3525     | 1.2439       | 1.1724      | 0.0911     | 0.5882     | 0.6508     |             | 0.8980   | -0.115 
99     | 2.6656     | 0.3210     | 1.1850       | 1.1595      | 0.0927     | 0.6093     | 0.6723     |             | 0.9176   | -0.074 
100    | 2.6706     | 0.3124     | 1.1860       | 1.1722      | 0.0903     | 0.5902     | 0.6644     |             | 0.9410   | -0.110 
101    | 2.6319     | 0.2867     | 1.1662       | 1.1791      | 0.0873     | 0.5916     | 0.6527     |             | 0.9517   | -0.104 
102    | 2.6733     | 0.3011     | 1.1713       | 1.2008      | 0.0917     | 0.6091     | 0.6269     |             | 0.8976   | -0.073 
103    | 2.6799     | 0.3006     | 1.1522       | 1.2271      | 0.0890     | 0.5829     | 0.6716     |             | 0.9404   | -0.123 
104    | 2.6652     | 0.2911     | 1.1524       | 1.2216      | 0.0820     | 0.5765     | 0.6634     |             | 0.9891   | -0.129 
105    | 2.6410     | 0.2830     | 1.1774       | 1.1805      | 0.0787     | 0.5885     | 0.6522     |             | 0.9085   | -0.102 
106    | 2.6901     | 0.3076     | 1.1926       | 1.1898      | 0.0798     | 0.5768     | 0.6712     |             | 0.9112   | -0.126 
107    | 2.7000     | 0.3153     | 1.1766       | 1.2082      | 0.0924     | 0.6034     | 0.6913     |             | 0.9054   | -0.086 
108    | 2.6916     | 0.3048     | 1.2004       | 1.1863      | 0.0882     | 0.5698     | 0.6670     |             | 0.8574   | -0.149 
109    | 2.7030     | 0.3175     | 1.1696       | 1.2160      | 0.0780     | 0.5531     | 0.6597     |             | 0.8842   | -0.172 
110    | 2.7202     | 0.3221     | 1.1621       | 1.2359      | 0.0845     | 0.5696     | 0.6554     |             | 0.9317   | -0.145 
111    | 2.7312     | 0.3234     | 1.1902       | 1.2176      | 0.0870     | 0.6041     | 0.6604     |             | 0.8749   | -0.079 
112    | 2.7135     | 0.2992     | 1.1893       | 1.2250      | 0.0864     | 0.5907     | 0.6792     |             | 0.9416   | -0.105 
113    | 2.7110     | 0.2826     | 1.1802       | 1.2482      | 0.0856     | 0.6178     | 0.6836     |             | 0.9314   | -0.050 
114    | 2.6748     | 0.2750     | 1.1651       | 1.2347      | 0.0933     | 0.6025     | 0.6617     |             | 0.8987   | -0.088 
115    | 2.6411     | 0.2668     | 1.1423       | 1.2320      | 0.0878     | 0.5764     | 0.6461     |             | 0.8409   | -0.135 
116    | 2.7320     | 0.3165     | 1.1826       | 1.2328      | 0.0771     | 0.6024     | 0.6583     |             | 0.9294   | -0.072 
117    | 2.7338     | 0.3137     | 1.1909       | 1.2293      | 0.0838     | 0.5952     | 0.6577     |             | 0.8743   | -0.093 
118    | 2.6778     | 0.2813     | 1.1575       | 1.2390      | 0.0921     | 0.6242     | 0.6731     |             | 0.8581   | -0.044 
119    | 2.7225     | 0.2935     | 1.1709       | 1.2580      | 0.0731     | 0.6288     | 0.6754     |             | 0.8719   | -0.016 
120    | 2.7576     | 0.3047     | 1.2077       | 1.2452      | 0.0822     | 0.6254     | 0.6753     |             | 0.8573   | -0.031 
121    | 2.7328     | 0.2995     | 1.1835       | 1.2498      | 0.0713     | 0.6097     | 0.6671     |             | 0.8632   | -0.052 
122    | 2.6854     | 0.2749     | 1.1886       | 1.2219      | 0.0895     | 0.6035     | 0.6689     |             | 0.8582   | -0.083 
123    | 2.7270     | 0.2894     | 1.1958       | 1.2417      | 0.0883     | 0.5847     | 0.6390     |             | 0.8649   | -0.119 
124    | 2.6844     | 0.2713     | 1.1792       | 1.2338      | 0.0842     | 0.6005     | 0.6454     |             | 0.8117   | -0.083 
125    | 2.7526     | 0.3109     | 1.1870       | 1.2547      | 0.0890     | 0.5785     | 0.6431     |             | 0.8665   | -0.132 
126    | 2.7552     | 0.3042     | 1.1992       | 1.2518      | 0.0862     | 0.5862     | 0.6680     |             | 0.8518   | -0.114 
127    | 2.8057     | 0.3165     | 1.2267       | 1.2625      | 0.0780     | 0.5831     | 0.6323     |             | 0.8899   | -0.112 
128    | 2.7682     | 0.3001     | 1.2263       | 1.2418      | 0.0815     | 0.5650     | 0.6204     |             | 0.8454   | -0.151 
129    | 2.7460     | 0.3009     | 1.1980       | 1.2472      | 0.0848     | 0.5815     | 0.6727     |             | 0.8863   | -0.122 
130    | 2.7180     | 0.2918     | 1.1870       | 1.2392      | 0.0748     | 0.5898     | 0.6409     |             | 0.8268   | -0.095 
131    | 2.7086     | 0.2828     | 1.1964       | 1.2293      | 0.0720     | 0.5751     | 0.6467     |             | 0.8485   | -0.122 
132    | 2.7488     | 0.2896     | 1.2294       | 1.2299      | 0.0784     | 0.5861     | 0.6562     |             | 0.9005   | -0.106 
133    | 2.6847     | 0.2868     | 1.1860       | 1.2119      | 0.0775     | 0.5953     | 0.6659     |             | 0.9290   | -0.087 
134    | 2.6512     | 0.2781     | 1.1778       | 1.1952      | 0.0664     | 0.5908     | 0.6347     |             | 0.8758   | -0.085 
135    | 2.6360     | 0.2946     | 1.1536       | 1.1878      | 0.0634     | 0.6042     | 0.6652     |             | 0.8782   | -0.055 
136    | 2.6408     | 0.2809     | 1.1448       | 1.2151      | 0.0711     | 0.6015     | 0.6591     |             | 0.8136   | -0.068 
137    | 2.6307     | 0.2570     | 1.1568       | 1.2170      | 0.0698     | 0.6266     | 0.6264     |             | 0.8831   | -0.017 
138    | 2.7235     | 0.2760     | 1.2308       | 1.2167      | 0.0691     | 0.6238     | 0.6402     |             | 0.9141   | -0.021 
139    | 2.7634     | 0.2791     | 1.2588       | 1.2255      | 0.0767     | 0.6252     | 0.6726     |             | 0.8958   | -0.026 
140    | 2.8787     | 0.2967     | 1.2526       | 1.3294      | 0.0881     | 0.6707     | 0.7142     |             | 0.8621   | 0.053  
141    | 2.8969     | 0.3037     | 1.2631       | 1.3301      | 0.0845     | 0.6472     | 0.7291     |             | 0.9030   | 0.010  
142    | 2.8514     | 0.3042     | 1.2223       | 1.3249      | 0.0790     | 0.6318     | 0.7101     |             | 0.8879   | -0.015 
143    | 2.8333     | 0.3002     | 1.2396       | 1.2935      | 0.0726     | 0.6678     | 0.6919     |             | 0.8799   | 0.063  
144    | 2.7861     | 0.2804     | 1.2150       | 1.2907      | 0.0866     | 0.6049     | 0.6935     |             | 0.9118   | -0.077 
145    | 2.8087     | 0.2835     | 1.2277       | 1.2975      | 0.0790     | 0.6073     | 0.7112     |             | 0.8394   | -0.064 
146    | 2.7864     | 0.2756     | 1.2222       | 1.2887      | 0.0788     | 0.6292     | 0.6898     |             | 0.8400   | -0.020 
147    | 2.8377     | 0.2798     | 1.2556       | 1.3023      | 0.0736     | 0.6000     | 0.6794     |             | 0.8616   | -0.074 
148    | 2.8145     | 0.2782     | 1.2626       | 1.2737      | 0.0812     | 0.5823     | 0.6917     |             | 0.9353   | -0.117 
149    | 2.7584     | 0.2525     | 1.2168       | 1.2891      | 0.0839     | 0.6014     | 0.6796     |             | 0.9153   | -0.081 
150    | 2.8114     | 0.2737     | 1.2508       | 1.2870      | 0.0816     | 0.6206     | 0.6731     |             | 0.9388   | -0.040 
151    | 2.7970     | 0.2562     | 1.2552       | 1.2857      | 0.0828     | 0.6028     | 0.6596     |             | 0.9424   | -0.077 
152    | 2.7608     | 0.2845     | 1.2488       | 1.2276      | 0.0776     | 0.5971     | 0.6665     |             | 0.9590   | -0.083 
153    | 2.7737     | 0.3031     | 1.2550       | 1.2155      | 0.0813     | 0.5953     | 0.6712     |             | 0.9560   | -0.091 
154    | 2.7477     | 0.2656     | 1.2154       | 1.2668      | 0.0789     | 0.6065     | 0.6439     |             | 0.9847   | -0.066 
155    | 2.7151     | 0.2593     | 1.1962       | 1.2596      | 0.0774     | 0.6151     | 0.6305     |             | 0.9000   | -0.047 
156    | 2.7661     | 0.2450     | 1.2389       | 1.2822      | 0.0792     | 0.5900     | 0.6609     |             | 0.8694   | -0.099 
157    | 2.7343     | 0.2448     | 1.2336       | 1.2559      | 0.0813     | 0.6058     | 0.6507     |             | 0.8887   | -0.070 
158    | 2.6996     | 0.2604     | 1.1989       | 1.2404      | 0.0781     | 0.5916     | 0.6465     |             | 0.8769   | -0.095 
159    | 2.6649     | 0.2504     | 1.1861       | 1.2285      | 0.0739     | 0.6076     | 0.6385     |             | 0.9076   | -0.059 
160    | 2.6389     | 0.2336     | 1.1919       | 1.2134      | 0.0770     | 0.6005     | 0.6638     |             | 0.8957   | -0.076 
161    | 2.6838     | 0.2436     | 1.2392       | 1.2010      | 0.0768     | 0.6082     | 0.6602     |             | 0.9342   | -0.060 
162    | 2.7250     | 0.2456     | 1.2676       | 1.2118      | 0.0781     | 0.6166     | 0.6559     |             | 0.9193   | -0.045 
163    | 2.6708     | 0.2372     | 1.2224       | 1.2112      | 0.0772     | 0.6042     | 0.6348     |             | 0.9362   | -0.069 
164    | 2.6563     | 0.2553     | 1.1789       | 1.2221      | 0.0783     | 0.5868     | 0.6535     |             | 0.9105   | -0.105 
165    | 2.6688     | 0.2525     | 1.1771       | 1.2392      | 0.0739     | 0.5883     | 0.6841     |             | 0.8827   | -0.097 
166    | 2.6786     | 0.2495     | 1.1927       | 1.2364      | 0.0708     | 0.6156     | 0.6762     |             | 0.8967   | -0.040 
167    | 2.7112     | 0.2686     | 1.2165       | 1.2261      | 0.0776     | 0.6371     | 0.6453     |             | 0.8423   | -0.003 
168    | 2.7254     | 0.2367     | 1.2330       | 1.2558      | 0.0743     | 0.6437     | 0.6633     |             | 0.7783   | 0.013  
169    | 2.7464     | 0.2636     | 1.2426       | 1.2403      | 0.0886     | 0.6274     | 0.6580     |             | 0.8297   | -0.034 
170    | 2.7205     | 0.2649     | 1.2356       | 1.2201      | 0.0860     | 0.6261     | 0.6724     |             | 0.9160   | -0.034 
171    | 2.6959     | 0.2364     | 1.2260       | 1.2335      | 0.0757     | 0.6189     | 0.7175     |             | 0.9633   | -0.038 
172    | 2.7200     | 0.2326     | 1.2390       | 1.2483      | 0.0733     | 0.5973     | 0.6680     |             | 0.9385   | -0.079 
173    | 2.7479     | 0.2721     | 1.2396       | 1.2362      | 0.0822     | 0.6116     | 0.6490     |             | 0.9431   | -0.059 
174    | 2.7032     | 0.2454     | 1.2353       | 1.2225      | 0.0781     | 0.6216     | 0.6399     |             | 0.9884   | -0.035 
175    | 2.7491     | 0.2535     | 1.2511       | 1.2445      | 0.0643     | 0.6226     | 0.6295     |             | 1.0128   | -0.019 
176    | 2.7633     | 0.2616     | 1.2543       | 1.2474      | 0.0730     | 0.6238     | 0.6369     |             | 0.9666   | -0.025 
177    | 2.7510     | 0.2513     | 1.2532       | 1.2464      | 0.0816     | 0.6006     | 0.6442     |             | 0.9428   | -0.081 
178    | 2.7421     | 0.2508     | 1.2307       | 1.2606      | 0.0822     | 0.5942     | 0.6478     |             | 1.0147   | -0.094 
179    | 2.7757     | 0.2492     | 1.2588       | 1.2677      | 0.0782     | 0.5906     | 0.6549     |             | 0.9948   | -0.097 
180    | 2.7853     | 0.2416     | 1.2665       | 1.2773      | 0.0880     | 0.6246     | 0.6567     |             | 0.9546   | -0.039 
181    | 2.8587     | 0.2688     | 1.3187       | 1.2712      | 0.0657     | 0.6326     | 0.6564     |             | 0.9054   | -0.000 
182    | 2.8784     | 0.3124     | 1.3037       | 1.2624      | 0.0698     | 0.6394     | 0.6715     |             | 0.9144   | 0.009  
183    | 2.8730     | 0.2713     | 1.3195       | 1.2821      | 0.0728     | 0.6727     | 0.6934     |             | 0.9066   | 0.073  
184    | 2.9205     | 0.2750     | 1.3340       | 1.3115      | 0.0778     | 0.6545     | 0.6615     |             | 0.8730   | 0.031  
185    | 2.9153     | 0.3059     | 1.3116       | 1.2977      | 0.0872     | 0.6353     | 0.6476     |             | 0.8632   | -0.017 
186    | 2.8275     | 0.2497     | 1.3068       | 1.2710      | 0.0813     | 0.6349     | 0.6548     |             | 0.8681   | -0.011 
187    | 2.8026     | 0.2352     | 1.2968       | 1.2706      | 0.0815     | 0.6129     | 0.6819     |             | 0.8497   | -0.056 
188    | 2.8721     | 0.2638     | 1.3256       | 1.2826      | 0.0827     | 0.6136     | 0.6698     |             | 0.8915   | -0.056 
189    | 2.8622     | 0.2758     | 1.3172       | 1.2692      | 0.0862     | 0.6271     | 0.6745     |             | 0.8632   | -0.032 
190    | 2.8477     | 0.2664     | 1.3192       | 1.2621      | 0.0801     | 0.6158     | 0.6813     |             | 0.8665   | -0.049 
191    | 2.7831     | 0.2565     | 1.2768       | 1.2498      | 0.0732     | 0.5992     | 0.6692     |             | 0.9711   | -0.075 
192    | 2.7396     | 0.2495     | 1.2374       | 1.2527      | 0.0770     | 0.5963     | 0.6797     |             | 0.8906   | -0.084 
193    | 2.7701     | 0.2166     | 1.2601       | 1.2934      | 0.0787     | 0.5977     | 0.6717     |             | 0.9068   | -0.083 
194    | 2.7686     | 0.2364     | 1.2473       | 1.2849      | 0.0733     | 0.6032     | 0.6857     |             | 0.8680   | -0.067 
195    | 2.7888     | 0.2538     | 1.2542       | 1.2809      | 0.0826     | 0.6175     | 0.6646     |             | 0.9035   | -0.047 
196    | 2.8239     | 0.2549     | 1.2823       | 1.2867      | 0.0747     | 0.6329     | 0.6592     |             | 0.8553   | -0.009 
197    | 2.8088     | 0.2454     | 1.2681       | 1.2952      | 0.0851     | 0.6334     | 0.6472     |             | 0.8213   | -0.018 
198    | 2.7948     | 0.2431     | 1.2441       | 1.3077      | 0.0843     | 0.5955     | 0.6526     |             | 0.8742   | -0.093 
199    | 2.7684     | 0.2343     | 1.2322       | 1.3019      | 0.0776     | 0.6063     | 0.6652     |             | 0.8592   | -0.065 
200    | 2.7699     | 0.2650     | 1.2143       | 1.2905      | 0.0818     | 0.5910     | 0.6643     |             | 0.8876   | -0.100 
201    | 2.7315     | 0.2148     | 1.2140       | 1.3027      | 0.0783     | 0.5810     | 0.6483     |             | 0.8272   | -0.116 
202    | 2.7003     | 0.2140     | 1.2108       | 1.2755      | 0.0794     | 0.5973     | 0.6570     |             | 0.8602   | -0.085 
203    | 2.7743     | 0.2344     | 1.2623       | 1.2776      | 0.0872     | 0.6189     | 0.6615     |             | 0.8673   | -0.049 
204    | 2.8508     | 0.2547     | 1.2982       | 1.2979      | 0.0799     | 0.6416     | 0.6537     |             | 0.8686   | 0.003  
205    | 2.8244     | 0.2314     | 1.2953       | 1.2977      | 0.0802     | 0.6106     | 0.6728     |             | 0.8968   | -0.059 
206    | 2.8519     | 0.2461     | 1.2833       | 1.3225      | 0.0745     | 0.5956     | 0.6858     |             | 0.8408   | -0.083 
207    | 2.8065     | 0.2469     | 1.2596       | 1.2999      | 0.0841     | 0.6274     | 0.6755     |             | 0.9022   | -0.029 
208    | 2.7883     | 0.2307     | 1.2579       | 1.2997      | 0.0941     | 0.6155     | 0.6593     |             | 0.9115   | -0.063 
209    | 2.7648     | 0.2334     | 1.2590       | 1.2724      | 0.0754     | 0.6094     | 0.6603     |             | 0.9049   | -0.057 
210    | 2.7680     | 0.2239     | 1.2708       | 1.2733      | 0.0822     | 0.6075     | 0.6591     |             | 0.8610   | -0.067 
211    | 2.7824     | 0.2410     | 1.2759       | 1.2655      | 0.0865     | 0.6054     | 0.6659     |             | 0.8801   | -0.076 
212    | 2.7599     | 0.2078     | 1.2716       | 1.2804      | 0.0882     | 0.5851     | 0.6698     |             | 0.8744   | -0.118 
213    | 2.7768     | 0.2280     | 1.2676       | 1.2812      | 0.0766     | 0.6070     | 0.6851     |             | 0.8414   | -0.063 
214    | 2.7448     | 0.2214     | 1.2441       | 1.2793      | 0.0911     | 0.5851     | 0.6684     |             | 0.8951   | -0.121 
215    | 2.7316     | 0.2314     | 1.2256       | 1.2746      | 0.0950     | 0.5961     | 0.6645     |             | 0.8477   | -0.103 
216    | 2.6914     | 0.2155     | 1.2132       | 1.2626      | 0.0874     | 0.5743     | 0.6655     |             | 0.9178   | -0.139 
217    | 2.7107     | 0.2282     | 1.2138       | 1.2686      | 0.0867     | 0.5926     | 0.6612     |             | 0.8409   | -0.101 
218    | 2.7173     | 0.2115     | 1.2433       | 1.2625      | 0.0866     | 0.5839     | 0.6590     |             | 0.8481   | -0.119 
219    | 2.7512     | 0.2146     | 1.2615       | 1.2751      | 0.0895     | 0.5932     | 0.6700     |             | 0.8138   | -0.103 
220    | 2.7760     | 0.2279     | 1.2590       | 1.2890      | 0.0817     | 0.5822     | 0.6717     |             | 0.8341   | -0.117 
221    | 2.7595     | 0.2302     | 1.2390       | 1.2903      | 0.0692     | 0.5814     | 0.6781     |             | 0.8068   | -0.106 
222    | 2.7826     | 0.2178     | 1.2533       | 1.3115      | 0.0713     | 0.6016     | 0.6829     |             | 0.7953   | -0.068 
223    | 2.7589     | 0.2182     | 1.2474       | 1.2933      | 0.0804     | 0.6027     | 0.6687     |             | 0.7325   | -0.075 
224    | 2.7449     | 0.2177     | 1.2362       | 1.2910      | 0.0883     | 0.6110     | 0.6784     |             | 0.7449   | -0.066 
225    | 2.7495     | 0.2384     | 1.2265       | 1.2846      | 0.0790     | 0.6343     | 0.6715     |             | 0.8104   | -0.011 
226    | 2.7689     | 0.2194     | 1.2638       | 1.2857      | 0.0828     | 0.6465     | 0.6717     |             | 0.8803   | 0.010  
227    | 2.7983     | 0.2074     | 1.2939       | 1.2970      | 0.0887     | 0.6585     | 0.6717     |             | 0.8334   | 0.028  
228    | 2.8010     | 0.2081     | 1.2769       | 1.3160      | 0.0766     | 0.6361     | 0.6497     |             | 0.8648   | -0.004 
229    | 2.8553     | 0.2414     | 1.2807       | 1.3332      | 0.0776     | 0.6343     | 0.6642     |             | 0.8458   | -0.009 
230    | 2.8248     | 0.2278     | 1.2736       | 1.3234      | 0.0810     | 0.6156     | 0.6604     |             | 0.8554   | -0.050 
231    | 2.8007     | 0.2353     | 1.2598       | 1.3056      | 0.0793     | 0.6149     | 0.6620     |             | 0.9005   | -0.049 
232    | 2.7680     | 0.2139     | 1.2459       | 1.3082      | 0.0745     | 0.6035     | 0.6436     |             | 0.8368   | -0.068 
233    | 2.7515     | 0.2338     | 1.2146       | 1.3031      | 0.0844     | 0.6039     | 0.6630     |             | 0.7927   | -0.077 
234    | 2.7378     | 0.2144     | 1.1943       | 1.3291      | 0.0723     | 0.5997     | 0.6491     |             | 0.8041   | -0.073 
235    | 2.7744     | 0.2273     | 1.2190       | 1.3281      | 0.0725     | 0.6034     | 0.6693     |             | 0.8370   | -0.066 
236    | 2.7718     | 0.2227     | 1.2158       | 1.3333      | 0.0795     | 0.6062     | 0.6649     |             | 0.8861   | -0.067 
237    | 2.7794     | 0.2221     | 1.2314       | 1.3260      | 0.0813     | 0.6399     | 0.6831     |             | 0.8642   | -0.001 
238    | 2.7902     | 0.2545     | 1.2194       | 1.3163      | 0.0855     | 0.6378     | 0.6806     |             | 0.8078   | -0.010 
239    | 2.7610     | 0.2437     | 1.2215       | 1.2958      | 0.0795     | 0.6419     | 0.6827     |             | 0.8871   | 0.004  
240    | 2.7769     | 0.2330     | 1.2389       | 1.3050      | 0.0797     | 0.6325     | 0.6734     |             | 0.8756   | -0.015 
241    | 2.7964     | 0.2346     | 1.2459       | 1.3159      | 0.0839     | 0.6494     | 0.6665     |             | 0.8794   | 0.015  
242    | 2.7664     | 0.2057     | 1.2458       | 1.3149      | 0.0873     | 0.6483     | 0.6555     |             | 0.8774   | 0.009  
243    | 2.7818     | 0.2309     | 1.2365       | 1.3144      | 0.0899     | 0.6386     | 0.6723     |             | 0.8970   | -0.013 
244    | 2.7716     | 0.2201     | 1.2275       | 1.3239      | 0.0872     | 0.6218     | 0.6747     |             | 0.9139   | -0.044 
245    | 2.7748     | 0.2439     | 1.2155       | 1.3155      | 0.0763     | 0.6048     | 0.6654     |             | 0.8764   | -0.067 
246    | 2.7490     | 0.2122     | 1.2133       | 1.3234      | 0.0737     | 0.6079     | 0.6822     |             | 0.8474   | -0.058 
247    | 2.7284     | 0.2314     | 1.1993       | 1.2977      | 0.0733     | 0.6139     | 0.6730     |             | 0.8771   | -0.045 
248    | 2.6635     | 0.1897     | 1.1791       | 1.2948      | 0.0804     | 0.5994     | 0.6843     |             | 0.8667   | -0.082 
249    | 2.7409     | 0.2403     | 1.1917       | 1.3090      | 0.0689     | 0.6067     | 0.6818     |             | 0.8794   | -0.055 
250    | 2.7145     | 0.2242     | 1.1844       | 1.3059      | 0.0647     | 0.5993     | 0.6788     |             | 0.8921   | -0.066 
251    | 2.7008     | 0.2053     | 1.1995       | 1.2961      | 0.0680     | 0.5997     | 0.6707     |             | 0.8280   | -0.069 
252    | 2.7136     | 0.2147     | 1.2119       | 1.2869      | 0.0773     | 0.6011     | 0.6949     |             | 0.7866   | -0.075 
253    | 2.7367     | 0.2316     | 1.2273       | 1.2778      | 0.0806     | 0.5988     | 0.6802     |             | 0.8104   | -0.083 
254    | 2.6972     | 0.2297     | 1.2002       | 1.2672      | 0.0877     | 0.6054     | 0.6788     |             | 0.8137   | -0.077 
255    | 2.7430     | 0.2302     | 1.2256       | 1.2872      | 0.0797     | 0.5971     | 0.6716     |             | 0.8301   | -0.086 
256    | 2.7945     | 0.2302     | 1.2286       | 1.3357      | 0.0662     | 0.5831     | 0.7043     |             | 0.9183   | -0.100 
257    | 2.8070     | 0.2303     | 1.2220       | 1.3547      | 0.0772     | 0.5864     | 0.6993     |             | 0.9229   | -0.104 
258    | 2.8080     | 0.2198     | 1.2206       | 1.3676      | 0.0727     | 0.5625     | 0.7108     |             | 0.8977   | -0.148 
259    | 2.8115     | 0.2710     | 1.2130       | 1.3275      | 0.0735     | 0.5823     | 0.6905     |             | 0.9153   | -0.109 
260    | 2.7174     | 0.2035     | 1.2465       | 1.2674      | 0.0770     | 0.5936     | 0.6568     |             | 0.8798   | -0.090 
261    | 2.8036     | 0.2536     | 1.2662       | 1.2838      | 0.0840     | 0.6299     | 0.6537     |             | 0.9331   | -0.024 
262    | 2.8194     | 0.2321     | 1.2990       | 1.2884      | 0.0815     | 0.6184     | 0.6807     |             | 0.9503   | -0.045 
263    | 2.8471     | 0.2487     | 1.3027       | 1.2957      | 0.0796     | 0.6276     | 0.6619     |             | 0.8887   | -0.024 
264    | 2.8155     | 0.2349     | 1.2920       | 1.2886      | 0.0880     | 0.6003     | 0.6585     |             | 0.8861   | -0.087 
265    | 2.7854     | 0.2085     | 1.3074       | 1.2695      | 0.0780     | 0.6010     | 0.6701     |             | 0.8287   | -0.076 
266    | 2.7831     | 0.2187     | 1.2987       | 1.2656      | 0.0822     | 0.6041     | 0.6689     |             | 0.8304   | -0.074 
267    | 2.7770     | 0.2178     | 1.2801       | 1.2790      | 0.0880     | 0.6018     | 0.6644     |             | 0.8057   | -0.084 
268    | 2.7597     | 0.2059     | 1.2752       | 1.2786      | 0.0870     | 0.6003     | 0.6926     |             | 0.8823   | -0.086 
269    | 2.8079     | 0.2524     | 1.2641       | 1.2914      | 0.0772     | 0.5893     | 0.6624     |             | 0.7886   | -0.099 
270    | 2.7244     | 0.1794     | 1.2398       | 1.3053      | 0.0811     | 0.5673     | 0.6719     |             | 0.8168   | -0.146 
271    | 2.7386     | 0.1977     | 1.2378       | 1.3031      | 0.0808     | 0.5769     | 0.6810     |             | 0.8026   | -0.127 
272    | 2.7464     | 0.2014     | 1.2180       | 1.3270      | 0.0842     | 0.6008     | 0.6863     |             | 0.8032   | -0.083 
273    | 2.7928     | 0.2211     | 1.2347       | 1.3370      | 0.0794     | 0.5891     | 0.6722     |             | 0.7891   | -0.101 
274    | 2.8247     | 0.2152     | 1.2605       | 1.3490      | 0.0743     | 0.6141     | 0.6776     |             | 0.7722   | -0.046 
275    | 2.8249     | 0.2066     | 1.2754       | 1.3429      | 0.0812     | 0.6068     | 0.6716     |             | 0.7604   | -0.068 
276    | 2.7908     | 0.2098     | 1.2759       | 1.3051      | 0.0832     | 0.6064     | 0.6682     |             | 0.7552   | -0.070 
277    | 2.7727     | 0.2110     | 1.2918       | 1.2700      | 0.0931     | 0.6062     | 0.6648     |             | 0.7572   | -0.081 
278    | 2.7753     | 0.1802     | 1.3134       | 1.2817      | 0.0932     | 0.6174     | 0.6635     |             | 0.7764   | -0.058 
279    | 2.8016     | 0.2250     | 1.3002       | 1.2763      | 0.0838     | 0.6147     | 0.6604     |             | 0.8524   | -0.054 
280    | 2.8326     | 0.2076     | 1.3224       | 1.3027      | 0.0868     | 0.6445     | 0.6486     |             | 0.8288   | 0.002  
281    | 2.8197     | 0.2223     | 1.3164       | 1.2810      | 0.0924     | 0.6281     | 0.6459     |             | 0.8086   | -0.036 
282    | 2.7594     | 0.2159     | 1.2738       | 1.2697      | 0.0957     | 0.6029     | 0.6433     |             | 0.7784   | -0.090 
283    | 2.7705     | 0.2213     | 1.2932       | 1.2561      | 0.0889     | 0.6211     | 0.6469     |             | 0.7581   | -0.047 
284    | 2.7636     | 0.2008     | 1.3127       | 1.2501      | 0.0863     | 0.6522     | 0.6365     |             | 0.8204   | -0.013 
285    | 2.7820     | 0.2064     | 1.3136       | 1.2619      | 0.0858     | 0.6350     | 0.6499     |             | 0.8081   | -0.016 
286    | 2.7597     | 0.2012     | 1.2986       | 1.2598      | 0.0746     | 0.6423     | 0.6632     |             | 0.8868   | 0.010  
287    | 2.7398     | 0.2097     | 1.2764       | 1.2537      | 0.0818     | 0.6348     | 0.6727     |             | 0.8593   | -0.012 
288    | 2.7611     | 0.2044     | 1.2981       | 1.2586      | 0.0792     | 0.6507     | 0.6853     |             | 0.8596   | 0.022  
289    | 2.7631     | 0.2236     | 1.2838       | 1.2557      | 0.0845     | 0.6468     | 0.6860     |             | 0.8079   | 0.009  
290    | 2.7776     | 0.2065     | 1.3047       | 1.2664      | 0.0943     | 0.6744     | 0.6743     |             | 0.8884   | 0.054  
291    | 2.7770     | 0.2119     | 1.2939       | 1.2711      | 0.0897     | 0.6484     | 0.6814     |             | 0.8778   | 0.007  
292    | 2.7979     | 0.2217     | 1.2861       | 1.2900      | 0.0982     | 0.6296     | 0.6656     |             | 0.8072   | -0.039 
293    | 2.7920     | 0.2032     | 1.2849       | 1.3040      | 0.0905     | 0.6126     | 0.6700     |             | 0.8256   | -0.065 
294    | 2.7980     | 0.2093     | 1.2863       | 1.3024      | 0.0857     | 0.6223     | 0.6827     |             | 0.8704   | -0.041 
295    | 2.8288     | 0.2028     | 1.3067       | 1.3193      | 0.0851     | 0.6420     | 0.6705     |             | 0.8081   | -0.001 
296    | 2.8503     | 0.2110     | 1.3248       | 1.3144      | 0.0927     | 0.6495     | 0.6778     |             | 0.8299   | 0.006  
297    | 2.8236     | 0.2077     | 1.3106       | 1.3054      | 0.0815     | 0.6283     | 0.6744     |             | 0.7997   | -0.025 
298    | 2.8009     | 0.2055     | 1.3025       | 1.2928      | 0.0850     | 0.6455     | 0.6556     |             | 0.8166   | 0.006  
299    | 2.8197     | 0.2048     | 1.3095       | 1.3054      | 0.0959     | 0.6453     | 0.6602     |             | 0.8557   | -0.005 
300    | 2.7721     | 0.1863     | 1.2897       | 1.2960      | 0.0804     | 0.6396     | 0.6685     |             | 0.8654   | -0.001 
301    | 2.7676     | 0.1876     | 1.2857       | 1.2943      | 0.0774     | 0.6305     | 0.6701     |             | 0.8370   | -0.016 
302    | 2.7929     | 0.2167     | 1.2833       | 1.2929      | 0.0976     | 0.6329     | 0.6620     |             | 0.8088   | -0.032 
303    | 2.7681     | 0.1774     | 1.2815       | 1.3093      | 0.0895     | 0.6445     | 0.6838     |             | 0.8479   | -0.000 
304    | 2.7704     | 0.1878     | 1.2808       | 1.3018      | 0.0861     | 0.6205     | 0.6815     |             | 0.8353   | -0.045 
305    | 2.8141     | 0.1918     | 1.2944       | 1.3280      | 0.0938     | 0.6340     | 0.6681     |             | 0.8676   | -0.026 
306    | 2.7972     | 0.2042     | 1.2731       | 1.3199      | 0.1051     | 0.6287     | 0.6635     |             | 0.8560   | -0.048 
307    | 2.7613     | 0.2000     | 1.2618       | 1.2994      | 0.0938     | 0.6229     | 0.6750     |             | 0.8328   | -0.048 
308    | 2.7522     | 0.1998     | 1.2475       | 1.3048      | 0.0919     | 0.6282     | 0.7010     |             | 0.8757   | -0.035 
309    | 2.8350     | 0.2387     | 1.2623       | 1.3339      | 0.1020     | 0.6273     | 0.6779     |             | 0.8335   | -0.047 
310    | 2.8139     | 0.1991     | 1.2672       | 1.3476      | 0.1006     | 0.6280     | 0.6688     |             | 0.8790   | -0.045 
311    | 2.8350     | 0.2171     | 1.2633       | 1.3546      | 0.1068     | 0.6299     | 0.6773     |             | 0.8967   | -0.047 
312    | 2.8243     | 0.2072     | 1.2755       | 1.3417      | 0.1087     | 0.6261     | 0.6830     |             | 0.8980   | -0.056 
313    | 2.8398     | 0.2288     | 1.2866       | 1.3244      | 0.1011     | 0.6366     | 0.6650     |             | 0.8823   | -0.028 
314    | 2.8248     | 0.2160     | 1.2907       | 1.3181      | 0.1102     | 0.6210     | 0.6712     |             | 0.9025   | -0.068 
315    | 2.8216     | 0.2220     | 1.2949       | 1.3047      | 0.1128     | 0.6372     | 0.6751     |             | 0.8420   | -0.038 
316    | 2.8554     | 0.2357     | 1.2926       | 1.3271      | 0.0989     | 0.6289     | 0.6970     |             | 0.7912   | -0.041 
317    | 2.9028     | 0.2015     | 1.2973       | 1.4039      | 0.0936     | 0.6244     | 0.7175     |             | 0.8502   | -0.045 
318    | 2.8968     | 0.2094     | 1.2742       | 1.4131      | 0.0830     | 0.6273     | 0.7046     |             | 0.8549   | -0.028 
319    | 2.8656     | 0.1998     | 1.2718       | 1.3941      | 0.0976     | 0.6127     | 0.6961     |             | 0.9685   | -0.072 
320    | 2.8560     | 0.2049     | 1.2739       | 1.3772      | 0.0805     | 0.6249     | 0.7043     |             | 0.9002   | -0.031 
321    | 2.8235     | 0.1979     | 1.2685       | 1.3570      | 0.0906     | 0.6176     | 0.7012     |             | 0.9321   | -0.055 
322    | 2.8421     | 0.2011     | 1.2719       | 1.3691      | 0.0855     | 0.6145     | 0.7006     |             | 0.8903   | -0.057 
323    | 2.8527     | 0.2230     | 1.2777       | 1.3520      | 0.0822     | 0.6242     | 0.6894     |             | 0.8931   | -0.034 
324    | 2.8233     | 0.1881     | 1.2891       | 1.3461      | 0.0965     | 0.6493     | 0.6723     |             | 0.9349   | 0.002  
325    | 2.8381     | 0.1926     | 1.3136       | 1.3319      | 0.0999     | 0.6340     | 0.6974     |             | 0.9227   | -0.032 
326    | 2.8239     | 0.1907     | 1.2920       | 1.3412      | 0.0799     | 0.6209     | 0.6651     |             | 0.8806   | -0.038 
327    | 2.8113     | 0.1957     | 1.2696       | 1.3460      | 0.0996     | 0.6148     | 0.6786     |             | 0.9336   | -0.070 
328    | 2.8204     | 0.2040     | 1.2728       | 1.3436      | 0.0762     | 0.6038     | 0.6770     |             | 0.8905   | -0.069 
329    | 2.8285     | 0.2139     | 1.2764       | 1.3381      | 0.0754     | 0.6214     | 0.6712     |             | 0.9740   | -0.033 
330    | 2.8289     | 0.1954     | 1.2844       | 1.3490      | 0.0696     | 0.6157     | 0.6728     |             | 0.9831   | -0.038 
331    | 2.7968     | 0.2111     | 1.2586       | 1.3271      | 0.0675     | 0.6228     | 0.6666     |             | 0.9476   | -0.022 
332    | 2.7288     | 0.1763     | 1.2396       | 1.3129      | 0.0707     | 0.6197     | 0.6571     |             | 0.9194   | -0.031 
333    | 2.7452     | 0.1828     | 1.2503       | 1.3122      | 0.0786     | 0.6036     | 0.6648     |             | 0.9096   | -0.071 
334    | 2.7177     | 0.1909     | 1.2358       | 1.2910      | 0.0764     | 0.6229     | 0.6810     |             | 0.8856   | -0.031 
335    | 2.7501     | 0.1957     | 1.2489       | 1.3055      | 0.1005     | 0.6177     | 0.6753     |             | 0.8928   | -0.065 
336    | 2.7643     | 0.1951     | 1.2804       | 1.2888      | 0.0951     | 0.6406     | 0.6876     |             | 0.9113   | -0.014 
337    | 2.7894     | 0.2063     | 1.2757       | 1.3074      | 0.0771     | 0.6295     | 0.7058     |             | 0.8914   | -0.018 
338    | 2.7853     | 0.1934     | 1.2735       | 1.3184      | 0.0698     | 0.6366     | 0.6929     |             | 0.8938   | 0.003  
339    | 2.7480     | 0.1800     | 1.2630       | 1.3050      | 0.0682     | 0.6279     | 0.6984     |             | 0.8663   | -0.012 
340    | 2.7191     | 0.1682     | 1.2488       | 1.3021      | 0.0716     | 0.6248     | 0.6739     |             | 0.9126   | -0.022 
341    | 2.7371     | 0.1861     | 1.2412       | 1.3098      | 0.0788     | 0.6341     | 0.6741     |             | 0.9223   | -0.011 
342    | 2.7995     | 0.2110     | 1.2735       | 1.3150      | 0.0776     | 0.6477     | 0.6919     |             | 0.9269   | 0.018  
343    | 2.7688     | 0.1962     | 1.2658       | 1.3068      | 0.0748     | 0.6313     | 0.6916     |             | 0.8800   | -0.012 
344    | 2.7461     | 0.2008     | 1.2494       | 1.2959      | 0.0726     | 0.6281     | 0.6691     |             | 0.8204   | -0.016 
345    | 2.7132     | 0.1727     | 1.2365       | 1.3039      | 0.0692     | 0.6484     | 0.6867     |             | 0.8184   | 0.027  
346    | 2.7576     | 0.2035     | 1.2390       | 1.3151      | 0.0699     | 0.6517     | 0.6735     |             | 0.8723   | 0.034  
347    | 2.7620     | 0.2046     | 1.2567       | 1.3007      | 0.0757     | 0.6462     | 0.6611     |             | 0.7952   | 0.017  
348    | 2.7630     | 0.1860     | 1.2634       | 1.3136      | 0.0711     | 0.6627     | 0.6675     |             | 0.8672   | 0.054  
349    | 2.7470     | 0.1736     | 1.2877       | 1.2858      | 0.0668     | 0.6343     | 0.6746     |             | 0.8359   | 0.002  
350    | 2.7542     | 0.1702     | 1.2913       | 1.2926      | 0.0728     | 0.6485     | 0.6683     |             | 0.8327   | 0.024  
351    | 2.7465     | 0.1827     | 1.2815       | 1.2823      | 0.0770     | 0.6256     | 0.6584     |             | 0.8455   | -0.026 
352    | 2.7354     | 0.1576     | 1.2709       | 1.3069      | 0.0667     | 0.6271     | 0.6508     |             | 0.8161   | -0.012 
353    | 2.7719     | 0.1907     | 1.2817       | 1.2995      | 0.0731     | 0.6189     | 0.6459     |             | 0.8588   | -0.035 
354    | 2.7559     | 0.1973     | 1.2759       | 1.2828      | 0.0736     | 0.6262     | 0.6510     |             | 0.8018   | -0.021 
355    | 2.7495     | 0.1725     | 1.2914       | 1.2857      | 0.0769     | 0.6228     | 0.6611     |             | 0.8655   | -0.031 
356    | 2.7871     | 0.1816     | 1.2893       | 1.3162      | 0.0771     | 0.6317     | 0.6623     |             | 0.8372   | -0.014 
357    | 2.8053     | 0.2116     | 1.2864       | 1.3073      | 0.0809     | 0.6416     | 0.6554     |             | 0.8860   | 0.002  
358    | 2.7681     | 0.1851     | 1.2718       | 1.3112      | 0.0818     | 0.6403     | 0.6447     |             | 0.8820   | -0.001 
359    | 2.7638     | 0.1715     | 1.2682       | 1.3241      | 0.0836     | 0.6292     | 0.6759     |             | 0.8638   | -0.025 
360    | 2.7598     | 0.1864     | 1.2604       | 1.3130      | 0.0838     | 0.6253     | 0.6634     |             | 0.8998   | -0.033 
361    | 2.7390     | 0.1846     | 1.2522       | 1.3022      | 0.0722     | 0.6158     | 0.6673     |             | 0.8866   | -0.041 
362    | 2.7240     | 0.1920     | 1.2258       | 1.3063      | 0.0720     | 0.6068     | 0.6592     |             | 0.9438   | -0.058 
363    | 2.7478     | 0.1968     | 1.2284       | 1.3225      | 0.0774     | 0.6062     | 0.6497     |             | 0.9520   | -0.065 
364    | 2.7304     | 0.1927     | 1.2197       | 1.3179      | 0.0783     | 0.6010     | 0.6703     |             | 0.8958   | -0.076 
365    | 2.7579     | 0.2014     | 1.2306       | 1.3260      | 0.0806     | 0.6037     | 0.6630     |             | 0.9023   | -0.073 
366    | 2.7455     | 0.1945     | 1.2423       | 1.3087      | 0.0721     | 0.6282     | 0.6569     |             | 0.8635   | -0.016 
367    | 2.7743     | 0.1947     | 1.2723       | 1.3072      | 0.0743     | 0.6334     | 0.6632     |             | 0.8655   | -0.007 
368    | 2.7721     | 0.1789     | 1.2827       | 1.3104      | 0.0738     | 0.6362     | 0.6532     |             | 0.9191   | -0.001 
369    | 2.7731     | 0.1936     | 1.2624       | 1.3171      | 0.0840     | 0.6255     | 0.6756     |             | 0.8462   | -0.033 
370    | 2.7733     | 0.1887     | 1.2590       | 1.3256      | 0.0833     | 0.6215     | 0.6598     |             | 0.8018   | -0.040 
371    | 2.7628     | 0.1961     | 1.2598       | 1.3069      | 0.0714     | 0.6196     | 0.6675     |             | 0.8166   | -0.032 
372    | 2.7216     | 0.1775     | 1.2469       | 1.2973      | 0.0748     | 0.6173     | 0.6832     |             | 0.8891   | -0.040 
373    | 2.7704     | 0.1752     | 1.2467       | 1.3485      | 0.0745     | 0.6285     | 0.6747     |             | 0.8121   | -0.017 
374    | 2.7609     | 0.1691     | 1.2628       | 1.3290      | 0.0790     | 0.6117     | 0.6742     |             | 0.8336   | -0.056 
375    | 2.7438     | 0.1886     | 1.2399       | 1.3153      | 0.0691     | 0.6320     | 0.6603     |             | 0.8289   | -0.005 
376    | 2.7425     | 0.1654     | 1.2505       | 1.3266      | 0.0704     | 0.6080     | 0.6708     |             | 0.8594   | -0.054 
377    | 2.7559     | 0.1805     | 1.2560       | 1.3194      | 0.0707     | 0.6268     | 0.6697     |             | 0.8624   | -0.017 
378    | 2.7262     | 0.1783     | 1.2453       | 1.3027      | 0.0728     | 0.6286     | 0.6648     |             | 0.8320   | -0.016 
379    | 2.7234     | 0.1771     | 1.2627       | 1.2837      | 0.0667     | 0.6388     | 0.6553     |             | 0.8467   | 0.011  
380    | 2.7367     | 0.1866     | 1.2568       | 1.2933      | 0.0752     | 0.6325     | 0.6664     |             | 0.9174   | -0.010 
381    | 2.7243     | 0.1697     | 1.2644       | 1.2902      | 0.0693     | 0.6163     | 0.6461     |             | 0.8911   | -0.037 
382    | 2.7329     | 0.2042     | 1.2536       | 1.2751      | 0.0803     | 0.6052     | 0.6465     |             | 0.8444   | -0.070 
383    | 2.6975     | 0.1759     | 1.2407       | 1.2809      | 0.0739     | 0.6265     | 0.6556     |             | 0.8303   | -0.021 
384    | 2.7390     | 0.1842     | 1.2582       | 1.2966      | 0.0877     | 0.6297     | 0.6460     |             | 0.8274   | -0.028 
385    | 2.7561     | 0.1760     | 1.2825       | 1.2976      | 0.0872     | 0.6221     | 0.6646     |             | 0.8360   | -0.043 
386    | 2.7577     | 0.1684     | 1.2788       | 1.3106      | 0.0849     | 0.6266     | 0.6646     |             | 0.8154   | -0.032 
387    | 2.7868     | 0.1939     | 1.2748       | 1.3181      | 0.0862     | 0.6219     | 0.6611     |             | 0.8839   | -0.042 
388    | 2.7765     | 0.1924     | 1.2827       | 1.3014      | 0.0779     | 0.6222     | 0.6662     |             | 0.8492   | -0.033 
389    | 2.7690     | 0.1845     | 1.3012       | 1.2833      | 0.0727     | 0.6351     | 0.6556     |             | 0.8755   | -0.002 
390    | 2.8028     | 0.1945     | 1.3255       | 1.2827      | 0.0906     | 0.6343     | 0.6754     |             | 0.8803   | -0.022 
391    | 2.7998     | 0.1845     | 1.3234       | 1.2920      | 0.0833     | 0.6517     | 0.6734     |             | 0.9225   | 0.020  
392    | 2.8533     | 0.2084     | 1.3281       | 1.3168      | 0.0800     | 0.6414     | 0.6563     |             | 0.9463   | 0.003  
393    | 2.8307     | 0.2054     | 1.3216       | 1.3037      | 0.0701     | 0.6462     | 0.6758     |             | 0.8906   | 0.022  
394    | 2.8091     | 0.1880     | 1.3093       | 1.3118      | 0.0773     | 0.6500     | 0.6689     |             | 0.8647   | 0.023  
395    | 2.7950     | 0.1743     | 1.3105       | 1.3103      | 0.0852     | 0.6513     | 0.6601     |             | 0.8509   | 0.017  
396    | 2.7833     | 0.1832     | 1.3112       | 1.2890      | 0.0755     | 0.6291     | 0.6437     |             | 0.8621   | -0.017 
397    | 2.7792     | 0.1742     | 1.3133       | 1.2918      | 0.0739     | 0.6389     | 0.6483     |             | 0.8916   | 0.004  
398    | 2.8009     | 0.2070     | 1.2966       | 1.2972      | 0.0788     | 0.6203     | 0.6808     |             | 0.8905   | -0.038 
399    | 2.7795     | 0.1946     | 1.2988       | 1.2861      | 0.0881     | 0.6254     | 0.6723     |             | 0.8995   | -0.037 
400    | 2.7179     | 0.1555     | 1.2711       | 1.2913      | 0.0897     | 0.6326     | 0.6702     |             | 0.8581   | -0.024 
Seed 123456 | Src MDE: 0.0134 | Tgt MDE: 0.9066
Finished FusionDANN_1_2_3. Results saved.
