==========================================
Experiment: FusionDANN_1_2_3_4
RSSI Features (4): Fixed
RTT Features (4): ['Dist_mm_1', 'Dist_mm_2', 'Dist_mm_3', 'Dist_mm_4']
==========================================
Start Training Seed 42...

Start Training... (Validate on Source Val & Target Val)
Epoch  | Total Loss | Train Cls  | Train D_RSSI | Train D_RTT | Val Cls    | Val D_RSSI | Val D_RTT  | Save        | Test MDE | Score  
---------------------------------------------------------------------------------------------------------------------------------------
1      | 6.2874     | 3.4981     | 1.3981       | 1.3912      | 2.8990     | 0.6864     | 0.6966     |             | 1.5839   | -2.726 
2      | 5.4822     | 2.7439     | 1.3778       | 1.3605      | 2.3574     | 0.6821     | 0.6905     |             | 1.1019   | -2.193 
3      | 5.0152     | 2.3108     | 1.3636       | 1.3407      | 1.9050     | 0.6785     | 0.6824     |             | 0.9939   | -1.748 
4      | 4.6362     | 1.9603     | 1.3519       | 1.3239      | 1.5224     | 0.6789     | 0.6747     |             | 1.0161   | -1.373 
5      | 4.3365     | 1.6879     | 1.3403       | 1.3083      | 1.2155     | 0.6741     | 0.6639     |             | 1.0033   | -1.088 
6      | 4.0529     | 1.4407     | 1.3272       | 1.2849      | 0.9886     | 0.6746     | 0.6675     |             | 0.9990   | -0.854 
7      | 3.8517     | 1.2813     | 1.3094       | 1.2609      | 0.7919     | 0.6677     | 0.6580     |             | 0.9141   | -0.676 
8      | 3.6690     | 1.1453     | 1.2961       | 1.2276      | 0.6552     | 0.6532     | 0.6494     |             | 0.9404   | -0.556 
9      | 3.5041     | 1.0206     | 1.2724       | 1.2110      | 0.5266     | 0.6535     | 0.6485     |             | 0.9587   | -0.430 
10     | 3.3559     | 0.9300     | 1.2516       | 1.1743      | 0.4643     | 0.6431     | 0.6433     |             | 0.8717   | -0.378 
11     | 3.2349     | 0.8638     | 1.2210       | 1.1501      | 0.3557     | 0.6404     | 0.6260     |             | 0.9249   | -0.304 
12     | 3.1083     | 0.7930     | 1.2002       | 1.1150      | 0.3113     | 0.6320     | 0.6306     |             | 0.8683   | -0.250 
13     | 2.9883     | 0.7332     | 1.1772       | 1.0779      | 0.2595     | 0.6272     | 0.6219     |             | 0.8839   | -0.216 
14     | 2.8789     | 0.6812     | 1.1542       | 1.0435      | 0.2342     | 0.6178     | 0.6269     |             | 0.9210   | -0.199 
15     | 2.7920     | 0.6626     | 1.1150       | 1.0144      | 0.2070     | 0.6155     | 0.6079     |             | 0.8594   | -0.191 
16     | 2.6853     | 0.6130     | 1.0788       | 0.9936      | 0.1876     | 0.6128     | 0.6035     |             | 0.8968   | -0.180 
17     | 2.6187     | 0.5778     | 1.0604       | 0.9805      | 0.1726     | 0.6049     | 0.5935     |             | 0.8757   | -0.186 
18     | 2.5566     | 0.5628     | 1.0423       | 0.9514      | 0.1526     | 0.5899     | 0.5807     |             | 0.8704   | -0.191 
19     | 2.4814     | 0.5358     | 1.0205       | 0.9250      | 0.1496     | 0.5960     | 0.5792     |             | 0.8668   | -0.191 
20     | 2.3922     | 0.5031     | 0.9846       | 0.9046      | 0.1318     | 0.5800     | 0.5731     |             | 0.8486   | -0.186 
21     | 2.3542     | 0.4889     | 0.9668       | 0.8985      | 0.1214     | 0.5768     | 0.5705     |             | 0.9181   | -0.180 
22     | 2.3046     | 0.4770     | 0.9469       | 0.8806      | 0.1164     | 0.5697     | 0.5616     |             | 0.8124   | -0.193 
23     | 2.2237     | 0.4510     | 0.9292       | 0.8435      | 0.1111     | 0.5598     | 0.5537     |             | 0.8604   | -0.204 
24     | 2.1736     | 0.4274     | 0.9149       | 0.8313      | 0.0930     | 0.5578     | 0.5512     |             | 0.8568   | -0.191 
25     | 2.1605     | 0.4308     | 0.9062       | 0.8235      | 0.0962     | 0.5440     | 0.5535     |             | 0.8451   | -0.208 
26     | 2.1503     | 0.4183     | 0.9052       | 0.8267      | 0.0931     | 0.5797     | 0.5650     |             | 0.8426   | -0.163 
27     | 2.1615     | 0.4150     | 0.9138       | 0.8326      | 0.0822     | 0.5525     | 0.5518     |             | 0.8955   | -0.179 
28     | 2.1482     | 0.4055     | 0.8996       | 0.8430      | 0.0924     | 0.5597     | 0.5555     |             | 0.8914   | -0.181 
29     | 2.1587     | 0.3963     | 0.9074       | 0.8550      | 0.0775     | 0.5692     | 0.5273     |             | 0.8629   | -0.223 
30     | 2.1207     | 0.3930     | 0.8886       | 0.8391      | 0.0910     | 0.5746     | 0.5335     |             | 0.8817   | -0.224 
31     | 2.1603     | 0.4007     | 0.9044       | 0.8552      | 0.0685     | 0.5734     | 0.5202     |             | 0.9363   | -0.228 
32     | 2.1473     | 0.3720     | 0.9090       | 0.8663      | 0.0765     | 0.5612     | 0.5481     |             | 0.8976   | -0.180 
33     | 2.1838     | 0.3818     | 0.9171       | 0.8850      | 0.0728     | 0.5510     | 0.5203     |             | 0.9024   | -0.232 
34     | 2.1883     | 0.3740     | 0.8922       | 0.9221      | 0.0731     | 0.5415     | 0.5342     |             | 0.9418   | -0.205 
35     | 2.2368     | 0.3613     | 0.9266       | 0.9489      | 0.0696     | 0.5656     | 0.5541     |             | 0.9170   | -0.161 
36     | 2.2563     | 0.3833     | 0.9316       | 0.9414      | 0.0792     | 0.5865     | 0.5360     |             | 0.9578   | -0.207 
37     | 2.2641     | 0.3464     | 0.9469       | 0.9708      | 0.0675     | 0.5409     | 0.5553     |             | 0.9485   | -0.186 
38     | 2.3641     | 0.3819     | 0.9614       | 1.0207      | 0.0686     | 0.5681     | 0.5388     |             | 1.0172   | -0.191 
39     | 2.3422     | 0.3632     | 0.9554       | 1.0236      | 0.0646     | 0.5544     | 0.5377     |             | 0.9480   | -0.189 
40     | 2.3763     | 0.3646     | 1.0153       | 0.9963      | 0.0612     | 0.5516     | 0.5100     |             | 0.9549   | -0.241 
41     | 2.3596     | 0.3514     | 1.0219       | 0.9863      | 0.0691     | 0.5585     | 0.5227     |             | 0.9825   | -0.224 
42     | 2.4121     | 0.3636     | 1.0277       | 1.0207      | 0.0579     | 0.5593     | 0.5114     |             | 0.9710   | -0.235 
43     | 2.3357     | 0.3414     | 1.0077       | 0.9865      | 0.0652     | 0.5481     | 0.5559     |             | 0.9613   | -0.169 
44     | 2.3629     | 0.3412     | 1.0350       | 0.9867      | 0.0635     | 0.5712     | 0.5628     |             | 0.9060   | -0.138 
45     | 2.3923     | 0.3606     | 1.0508       | 0.9809      | 0.0614     | 0.5503     | 0.5660     |             | 0.9733   | -0.161 
46     | 2.3687     | 0.3485     | 1.0478       | 0.9724      | 0.0618     | 0.5545     | 0.5621     |             | 0.9773   | -0.153 
47     | 2.4369     | 0.3520     | 1.0779       | 1.0070      | 0.0622     | 0.5801     | 0.5636     |             | 0.9880   | -0.135 
48     | 2.4570     | 0.3586     | 1.0838       | 1.0145      | 0.0657     | 0.5909     | 0.5397     |             | 0.9372   | -0.186 
49     | 2.4330     | 0.3430     | 1.1028       | 0.9873      | 0.0587     | 0.5698     | 0.5329     |             | 1.0081   | -0.193 
50     | 2.4722     | 0.3705     | 1.1036       | 0.9981      | 0.0580     | 0.5766     | 0.5493     |             | 0.9408   | -0.159 
51     | 2.5100     | 0.3317     | 1.1369       | 1.0414      | 0.0669     | 0.6123     | 0.5427     |             | 1.0369   | -0.182 
52     | 2.6452     | 0.3643     | 1.1872       | 1.0938      | 0.0652     | 0.6208     | 0.5539     |             | 0.9952   | -0.157 
53     | 2.7054     | 0.3947     | 1.1979       | 1.1127      | 0.0614     | 0.6345     | 0.5416     |             | 0.9375   | -0.178 
54     | 2.6627     | 0.3584     | 1.1822       | 1.1221      | 0.0640     | 0.6062     | 0.5452     |             | 0.9188   | -0.174 
55     | 2.6218     | 0.3300     | 1.1684       | 1.1233      | 0.0659     | 0.6019     | 0.5670     |             | 0.9836   | -0.132 
56     | 2.6902     | 0.3372     | 1.1763       | 1.1767      | 0.0636     | 0.5919     | 0.5953     |             | 0.8915   | -0.080 
57     | 2.6504     | 0.3354     | 1.1421       | 1.1728      | 0.0679     | 0.6019     | 0.5679     |             | 0.9428   | -0.132 
58     | 2.5885     | 0.3156     | 1.1652       | 1.1077      | 0.0561     | 0.6222     | 0.5987     |             | 0.8924   | -0.059 
59     | 2.6843     | 0.3643     | 1.1917       | 1.1282      | 0.0572     | 0.5856     | 0.5842     |             | 0.9115   | -0.089 
60     | 2.6428     | 0.3499     | 1.1553       | 1.1376      | 0.0621     | 0.6129     | 0.5648     |             | 0.9030   | -0.133 
61     | 2.5828     | 0.3099     | 1.1744       | 1.0986      | 0.0651     | 0.5700     | 0.5620     |             | 0.8998   | -0.141 
62     | 2.6322     | 0.3241     | 1.1872       | 1.1209      | 0.0601     | 0.6067     | 0.5734     |             | 0.9637   | -0.113 
63     | 2.6596     | 0.3339     | 1.1984       | 1.1273      | 0.0720     | 0.5963     | 0.6083     |             | 0.9228   | -0.079 
64     | 2.5894     | 0.3011     | 1.1678       | 1.1206      | 0.0611     | 0.6004     | 0.5484     |             | 0.9990   | -0.164 
65     | 2.5833     | 0.3243     | 1.1420       | 1.1170      | 0.0557     | 0.5651     | 0.5507     |             | 0.9594   | -0.154 
66     | 2.5585     | 0.3202     | 1.1493       | 1.0890      | 0.0626     | 0.5569     | 0.5592     |             | 0.9976   | -0.149 
67     | 2.5534     | 0.3069     | 1.1805       | 1.0661      | 0.0687     | 0.6013     | 0.5680     |             | 0.9529   | -0.133 
68     | 2.5572     | 0.2836     | 1.1815       | 1.0922      | 0.0557     | 0.5973     | 0.6068     |             | 1.0353   | -0.061 
69     | 2.5423     | 0.3075     | 1.1687       | 1.0661      | 0.0585     | 0.6136     | 0.5681     |             | 0.9892   | -0.122 
70     | 2.5464     | 0.2976     | 1.1666       | 1.0822      | 0.0521     | 0.6084     | 0.5866     |             | 1.0054   | -0.079 
71     | 2.6107     | 0.2972     | 1.2054       | 1.1081      | 0.0563     | 0.6156     | 0.5903     |             | 1.0836   | -0.076 
72     | 2.6087     | 0.3095     | 1.2083       | 1.0909      | 0.0529     | 0.6564     | 0.5607     |             | 1.0771   | -0.131 
73     | 2.7138     | 0.3292     | 1.2883       | 1.0963      | 0.0632     | 0.6389     | 0.5675     |             | 1.0349   | -0.128 
74     | 2.6332     | 0.3088     | 1.2257       | 1.0987      | 0.0559     | 0.5768     | 0.5869     |             | 0.9737   | -0.102 
75     | 2.6678     | 0.3004     | 1.2272       | 1.1401      | 0.0577     | 0.5909     | 0.6581     |             | 0.9928   | -0.076 
76     | 2.6800     | 0.2879     | 1.2288       | 1.1633      | 0.0574     | 0.6070     | 0.6188     |             | 0.9250   | -0.043 
77     | 2.6853     | 0.3168     | 1.2176       | 1.1509      | 0.0618     | 0.6015     | 0.6084     |             | 0.9477   | -0.059 
78     | 2.5992     | 0.2899     | 1.1500       | 1.1593      | 0.0678     | 0.5858     | 0.6180     |             | 0.9738   | -0.096 
79     | 2.5712     | 0.2925     | 1.1474       | 1.1313      | 0.0578     | 0.5998     | 0.6271     |             | 1.0695   | -0.058 
80     | 2.6084     | 0.2940     | 1.1967       | 1.1178      | 0.0632     | 0.5884     | 0.5783     |             | 1.0534   | -0.107 
81     | 2.5903     | 0.2685     | 1.1968       | 1.1250      | 0.0534     | 0.5936     | 0.6106     |             | 1.0510   | -0.066 
82     | 2.6441     | 0.2955     | 1.1923       | 1.1564      | 0.0591     | 0.5946     | 0.5770     |             | 1.0633   | -0.105 
83     | 2.6157     | 0.3008     | 1.1749       | 1.1401      | 0.0554     | 0.5793     | 0.6039     |             | 1.0187   | -0.097 
84     | 2.5887     | 0.2737     | 1.1694       | 1.1456      | 0.0533     | 0.5768     | 0.6145     |             | 1.0375   | -0.100 
85     | 2.6360     | 0.2788     | 1.1681       | 1.1891      | 0.0522     | 0.5813     | 0.5797     |             | 1.0020   | -0.093 
86     | 2.6559     | 0.2869     | 1.1694       | 1.1997      | 0.0561     | 0.5826     | 0.6000     |             | 0.9941   | -0.091 
87     | 2.6394     | 0.2749     | 1.1888       | 1.1757      | 0.0565     | 0.5707     | 0.5935     |             | 1.0378   | -0.115 
88     | 2.5993     | 0.2747     | 1.1612       | 1.1634      | 0.0584     | 0.5729     | 0.6100     |             | 1.0772   | -0.113 
89     | 2.6375     | 0.2791     | 1.1682       | 1.1902      | 0.0646     | 0.5548     | 0.5961     |             | 1.0285   | -0.155 
90     | 2.5943     | 0.2547     | 1.1387       | 1.2009      | 0.0585     | 0.5718     | 0.6100     |             | 1.0439   | -0.115 
91     | 2.6419     | 0.2741     | 1.1602       | 1.2075      | 0.0547     | 0.5497     | 0.5980     |             | 1.0205   | -0.155 
92     | 2.6178     | 0.2688     | 1.1457       | 1.2033      | 0.0613     | 0.5417     | 0.5963     |             | 1.0423   | -0.178 
93     | 2.6351     | 0.2768     | 1.1524       | 1.2058      | 0.0615     | 0.5423     | 0.5914     |             | 1.0053   | -0.177 
94     | 2.6176     | 0.2671     | 1.1359       | 1.2147      | 0.0509     | 0.5638     | 0.5834     |             | 1.0622   | -0.123 
95     | 2.6562     | 0.2669     | 1.1923       | 1.1970      | 0.0566     | 0.5711     | 0.6050     |             | 0.9715   | -0.114 
96     | 2.7126     | 0.2763     | 1.2067       | 1.2295      | 0.0541     | 0.5894     | 0.6188     |             | 0.9745   | -0.075 
97     | 2.7812     | 0.2866     | 1.2502       | 1.2444      | 0.0519     | 0.5851     | 0.5875     |             | 0.9374   | -0.082 
98     | 2.8249     | 0.2986     | 1.2633       | 1.2630      | 0.0605     | 0.5665     | 0.6125     |             | 0.8904   | -0.127 
99     | 2.7594     | 0.2834     | 1.2684       | 1.2077      | 0.0558     | 0.5888     | 0.5833     |             | 0.8751   | -0.089 
100    | 2.7688     | 0.2840     | 1.2902       | 1.1945      | 0.0549     | 0.5885     | 0.5620     |             | 0.9627   | -0.131 
101    | 2.6723     | 0.2582     | 1.2477       | 1.1664      | 0.0558     | 0.5650     | 0.5822     |             | 0.9317   | -0.126 
102    | 2.7111     | 0.2849     | 1.2264       | 1.1999      | 0.0579     | 0.5725     | 0.5928     |             | 0.9771   | -0.113 
103    | 2.6706     | 0.2487     | 1.2100       | 1.2118      | 0.0612     | 0.5801     | 0.6312     |             | 0.9423   | -0.101 
104    | 2.7481     | 0.2653     | 1.2309       | 1.2519      | 0.0589     | 0.6189     | 0.5794     |             | 0.9909   | -0.100 
105    | 2.7211     | 0.2796     | 1.2306       | 1.2109      | 0.0623     | 0.6257     | 0.6074     |             | 0.9539   | -0.047 
106    | 2.6559     | 0.2728     | 1.1934       | 1.1897      | 0.0576     | 0.6260     | 0.5854     |             | 0.9214   | -0.087 
107    | 2.6304     | 0.2389     | 1.2161       | 1.1754      | 0.0521     | 0.6440     | 0.6116     |             | 0.9069   | -0.029 
108    | 2.6820     | 0.2631     | 1.2572       | 1.1616      | 0.0445     | 0.6383     | 0.6104     |             | 0.9384   | -0.024 
109    | 2.6864     | 0.2493     | 1.2588       | 1.1782      | 0.0511     | 0.5851     | 0.6254     |             | 0.9464   | -0.081 
110    | 2.7546     | 0.2705     | 1.2838       | 1.2003      | 0.0495     | 0.5947     | 0.6313     |             | 1.0048   | -0.060 
111    | 2.7014     | 0.2496     | 1.2756       | 1.1763      | 0.0485     | 0.5798     | 0.6061     |             | 0.9857   | -0.089 
112    | 2.7120     | 0.2520     | 1.2606       | 1.1994      | 0.0512     | 0.5663     | 0.6276     |             | 0.9754   | -0.119 
113    | 2.6499     | 0.2405     | 1.2154       | 1.1940      | 0.0473     | 0.5566     | 0.5891     |             | 0.9709   | -0.134 
114    | 2.6848     | 0.2723     | 1.2388       | 1.1737      | 0.0427     | 0.5493     | 0.5840     |             | 0.9191   | -0.144 
115    | 2.6066     | 0.2294     | 1.2342       | 1.1430      | 0.0418     | 0.5467     | 0.5787     |             | 0.9259   | -0.148 
116    | 2.6785     | 0.2466     | 1.2335       | 1.1984      | 0.0496     | 0.5566     | 0.5998     |             | 0.9265   | -0.136 
117    | 2.7279     | 0.2641     | 1.2337       | 1.2302      | 0.0457     | 0.5803     | 0.5866     |             | 0.9912   | -0.085 
118    | 2.7098     | 0.2460     | 1.2627       | 1.2011      | 0.0533     | 0.6048     | 0.5723     |             | 0.9899   | -0.109 
119    | 2.7438     | 0.2583     | 1.2980       | 1.1875      | 0.0486     | 0.5764     | 0.5704     |             | 0.9703   | -0.108 
120    | 2.7353     | 0.2660     | 1.2972       | 1.1722      | 0.0510     | 0.5767     | 0.5951     |             | 0.9748   | -0.098 
121    | 2.7348     | 0.2724     | 1.2908       | 1.1716      | 0.0448     | 0.5611     | 0.5915     |             | 1.0030   | -0.123 
122    | 2.6536     | 0.2494     | 1.2394       | 1.1648      | 0.0503     | 0.5530     | 0.5933     |             | 0.9589   | -0.144 
123    | 2.5959     | 0.2355     | 1.2137       | 1.1468      | 0.0478     | 0.5679     | 0.6022     |             | 0.9795   | -0.112 
124    | 2.6060     | 0.2225     | 1.2334       | 1.1501      | 0.0476     | 0.5566     | 0.5666     |             | 1.0089   | -0.134 
125    | 2.6720     | 0.2610     | 1.2269       | 1.1841      | 0.0507     | 0.5758     | 0.5903     |             | 0.9370   | -0.099 
126    | 2.6790     | 0.2482     | 1.2237       | 1.2071      | 0.0514     | 0.5838     | 0.5963     |             | 0.9880   | -0.084 
127    | 2.6153     | 0.2297     | 1.2067       | 1.1788      | 0.0571     | 0.5809     | 0.6107     |             | 1.0200   | -0.095 
128    | 2.5992     | 0.2225     | 1.2051       | 1.1717      | 0.0510     | 0.6043     | 0.6346     |             | 0.9264   | -0.042 
129    | 2.6627     | 0.2392     | 1.2145       | 1.2090      | 0.0488     | 0.5814     | 0.6320     |             | 0.9936   | -0.086 
130    | 2.7072     | 0.2535     | 1.2403       | 1.2133      | 0.0524     | 0.5905     | 0.6064     |             | 1.0104   | -0.072 
131    | 2.6343     | 0.2288     | 1.1958       | 1.2097      | 0.0583     | 0.5865     | 0.6112     |             | 0.9915   | -0.085 
132    | 2.6744     | 0.2682     | 1.1781       | 1.2281      | 0.0592     | 0.5947     | 0.6377     |             | 1.0679   | -0.070 
133    | 2.7085     | 0.2538     | 1.2435       | 1.2112      | 0.0524     | 0.6129     | 0.6188     |             | 0.9486   | -0.027 
134    | 2.7937     | 0.2609     | 1.2683       | 1.2645      | 0.0524     | 0.6104     | 0.6219     |             | 0.8993   | -0.032 
135    | 2.8014     | 0.2503     | 1.2950       | 1.2561      | 0.0583     | 0.6351     | 0.6411     |             | 1.0224   | 0.012  
136    | 2.8559     | 0.2691     | 1.3000       | 1.2868      | 0.0545     | 0.6329     | 0.6390     |             | 0.9115   | 0.011  
137    | 2.8570     | 0.2650     | 1.3296       | 1.2624      | 0.0500     | 0.6094     | 0.6334     |             | 0.9196   | -0.031 
138    | 2.9175     | 0.2845     | 1.3254       | 1.3076      | 0.0452     | 0.6345     | 0.6285     |             | 0.9269   | 0.012  
139    | 2.8678     | 0.2666     | 1.3092       | 1.2920      | 0.0455     | 0.6280     | 0.6150     |             | 0.9181   | -0.015 
140    | 2.8231     | 0.2636     | 1.3162       | 1.2434      | 0.0455     | 0.6238     | 0.5998     |             | 0.9336   | -0.046 
141    | 2.8058     | 0.2537     | 1.3331       | 1.2190      | 0.0446     | 0.6400     | 0.6414     |             | 0.9796   | 0.036  
142    | 2.8232     | 0.2478     | 1.3488       | 1.2266      | 0.0407     | 0.6028     | 0.5909     |             | 0.9950   | -0.059 
143    | 2.8108     | 0.2670     | 1.3160       | 1.2278      | 0.0395     | 0.6092     | 0.6117     |             | 0.9181   | -0.021 
144    | 2.7720     | 0.2540     | 1.3021       | 1.2159      | 0.0502     | 0.6269     | 0.6351     |             | 0.9154   | 0.004  
145    | 2.7267     | 0.2377     | 1.2920       | 1.1970      | 0.0413     | 0.6365     | 0.6166     |             | 0.8964   | -0.008 
146    | 2.7228     | 0.2334     | 1.3046       | 1.1848      | 0.0417     | 0.6220     | 0.6220     |             | 0.9560   | 0.002  
147    | 2.6825     | 0.2215     | 1.2880       | 1.1730      | 0.0389     | 0.6154     | 0.6229     |             | 0.9561   | -0.008 
148    | 2.7049     | 0.2213     | 1.2849       | 1.1987      | 0.0356     | 0.5901     | 0.6072     |             | 0.9784   | -0.055 
149    | 2.6797     | 0.2233     | 1.2717       | 1.1847      | 0.0384     | 0.5821     | 0.6153     |             | 0.9638   | -0.074 
150    | 2.8187     | 0.2485     | 1.2785       | 1.2917      | 0.0420     | 0.6062     | 0.6850     |             | 0.8905   | -0.030 
151    | 2.8305     | 0.2522     | 1.2811       | 1.2972      | 0.0397     | 0.5837     | 0.6231     |             | 0.9621   | -0.072 
152    | 2.7827     | 0.2543     | 1.2763       | 1.2521      | 0.0496     | 0.6304     | 0.6553     |             | 0.9902   | 0.011  
153    | 2.8349     | 0.2766     | 1.2773       | 1.2811      | 0.0447     | 0.5857     | 0.6560     |             | 0.9358   | -0.073 
154    | 2.7315     | 0.2245     | 1.2400       | 1.2669      | 0.0452     | 0.5772     | 0.6165     |             | 0.9605   | -0.091 
155    | 2.7610     | 0.2311     | 1.2458       | 1.2841      | 0.0367     | 0.5880     | 0.6540     |             | 0.9173   | -0.061 
156    | 2.7635     | 0.2286     | 1.2377       | 1.2972      | 0.0511     | 0.6058     | 0.6747     |             | 0.8612   | -0.040 
157    | 2.7916     | 0.2490     | 1.2394       | 1.3031      | 0.0463     | 0.6205     | 0.6670     |             | 0.9656   | -0.005 
158    | 2.7596     | 0.2400     | 1.2657       | 1.2539      | 0.0408     | 0.6189     | 0.6259     |             | 0.9616   | -0.003 
159    | 2.7297     | 0.2200     | 1.2695       | 1.2402      | 0.0439     | 0.6230     | 0.6294     |             | 0.9374   | 0.002  
160    | 2.7746     | 0.2450     | 1.2786       | 1.2510      | 0.0512     | 0.6214     | 0.6056     |             | 0.9201   | -0.040 
161    | 2.7434     | 0.2538     | 1.2355       | 1.2541      | 0.0445     | 0.6141     | 0.6259     |             | 0.9584   | -0.016 
162    | 2.7282     | 0.2073     | 1.2341       | 1.2868      | 0.0458     | 0.6291     | 0.6286     |             | 0.9013   | 0.011  
163    | 2.7038     | 0.2228     | 1.2304       | 1.2506      | 0.0459     | 0.6294     | 0.6308     |             | 0.9616   | 0.013  
164    | 2.7051     | 0.2083     | 1.2346       | 1.2622      | 0.0421     | 0.6102     | 0.6355     |             | 0.9799   | -0.022 
165    | 2.7033     | 0.2080     | 1.2249       | 1.2704      | 0.0385     | 0.6004     | 0.6161     |             | 0.9265   | -0.038 
166    | 2.7131     | 0.2154     | 1.2203       | 1.2774      | 0.0389     | 0.5873     | 0.6558     |             | 0.9245   | -0.064 
167    | 2.7438     | 0.2087     | 1.2349       | 1.3001      | 0.0395     | 0.5930     | 0.6422     |             | 0.8550   | -0.053 
168    | 2.8040     | 0.2222     | 1.2508       | 1.3309      | 0.0470     | 0.6028     | 0.6307     |             | 0.9282   | -0.041 
169    | 2.7984     | 0.2156     | 1.2609       | 1.3219      | 0.0373     | 0.5968     | 0.6324     |             | 0.9598   | -0.044 
170    | 2.8198     | 0.2396     | 1.2885       | 1.2917      | 0.0493     | 0.6046     | 0.6052     |             | 1.0325   | -0.040 
171    | 2.7507     | 0.2436     | 1.2571       | 1.2501      | 0.0415     | 0.5845     | 0.6173     |             | 1.0453   | -0.072 
172    | 2.7428     | 0.2368     | 1.2505       | 1.2555      | 0.0479     | 0.5789     | 0.6360     |             | 0.9957   | -0.090 
173    | 2.7687     | 0.2407     | 1.2520       | 1.2760      | 0.0467     | 0.5829     | 0.6129     |             | 1.0071   | -0.081 
174    | 2.7257     | 0.2053     | 1.2545       | 1.2658      | 0.0557     | 0.5715     | 0.6104     |             | 0.9686   | -0.113 
175    | 2.7165     | 0.2225     | 1.2535       | 1.2405      | 0.0558     | 0.5988     | 0.6042     |             | 1.0260   | -0.058 
176    | 2.7095     | 0.2205     | 1.2667       | 1.2224      | 0.0514     | 0.6072     | 0.5979     |             | 1.0477   | -0.056 
177    | 2.7584     | 0.2037     | 1.3198       | 1.2348      | 0.0523     | 0.6401     | 0.6085     |             | 1.0260   | -0.035 
178    | 2.7853     | 0.2302     | 1.3233       | 1.2318      | 0.0488     | 0.6221     | 0.6229     |             | 1.0068   | -0.005 
179    | 2.7350     | 0.1999     | 1.3080       | 1.2271      | 0.0519     | 0.6092     | 0.6012     |             | 1.0333   | -0.050 
180    | 2.7089     | 0.1775     | 1.2875       | 1.2439      | 0.0538     | 0.6016     | 0.6078     |             | 0.9512   | -0.051 
181    | 2.6871     | 0.1990     | 1.2493       | 1.2388      | 0.0483     | 0.5713     | 0.6102     |             | 0.8851   | -0.106 
182    | 2.7388     | 0.2133     | 1.2842       | 1.2413      | 0.0499     | 0.5708     | 0.6192     |             | 0.9371   | -0.108 
183    | 2.7352     | 0.2015     | 1.3013       | 1.2324      | 0.0459     | 0.5744     | 0.6027     |             | 0.9202   | -0.097 
184    | 2.8119     | 0.2328     | 1.3273       | 1.2518      | 0.0447     | 0.5812     | 0.6026     |             | 1.0018   | -0.082 
185    | 2.8284     | 0.2450     | 1.3202       | 1.2632      | 0.0517     | 0.5721     | 0.5907     |             | 0.9453   | -0.107 
186    | 2.7704     | 0.2211     | 1.2972       | 1.2521      | 0.0500     | 0.6073     | 0.6250     |             | 0.9446   | -0.035 
187    | 2.7360     | 0.2180     | 1.2735       | 1.2445      | 0.0382     | 0.5848     | 0.6134     |             | 0.9790   | -0.069 
188    | 2.7169     | 0.2028     | 1.2768       | 1.2372      | 0.0488     | 0.5847     | 0.6122     |             | 0.9780   | -0.079 
189    | 2.7234     | 0.2066     | 1.2683       | 1.2485      | 0.0431     | 0.5996     | 0.6056     |             | 0.9956   | -0.044 
190    | 2.7556     | 0.1989     | 1.2943       | 1.2624      | 0.0469     | 0.6079     | 0.6318     |             | 0.9612   | -0.031 
191    | 2.7396     | 0.2102     | 1.2928       | 1.2365      | 0.0508     | 0.5936     | 0.6357     |             | 0.9912   | -0.064 
192    | 2.7517     | 0.2026     | 1.2940       | 1.2551      | 0.0494     | 0.5751     | 0.6200     |             | 0.9505   | -0.099 
193    | 2.7279     | 0.1951     | 1.2884       | 1.2445      | 0.0468     | 0.5929     | 0.6191     |             | 0.9588   | -0.061 
194    | 2.6948     | 0.1933     | 1.2712       | 1.2303      | 0.0404     | 0.5656     | 0.6063     |             | 0.9423   | -0.109 
195    | 2.7293     | 0.1972     | 1.2644       | 1.2677      | 0.0487     | 0.5659     | 0.6405     |             | 0.9170   | -0.117 
196    | 2.6873     | 0.1859     | 1.2353       | 1.2661      | 0.0482     | 0.5655     | 0.6642     |             | 0.9114   | -0.117 
197    | 2.7262     | 0.1922     | 1.2610       | 1.2731      | 0.0433     | 0.5583     | 0.6607     |             | 0.9736   | -0.127 
198    | 2.7470     | 0.2022     | 1.2584       | 1.2865      | 0.0512     | 0.5513     | 0.6765     |             | 0.9239   | -0.149 
199    | 2.7095     | 0.1825     | 1.2375       | 1.2895      | 0.0547     | 0.5585     | 0.6645     |             | 0.9413   | -0.138 
200    | 2.7511     | 0.2010     | 1.2530       | 1.2972      | 0.0554     | 0.5630     | 0.6633     |             | 0.9242   | -0.129 
201    | 2.7752     | 0.2112     | 1.2630       | 1.3009      | 0.0470     | 0.5600     | 0.6568     |             | 0.9076   | -0.127 
202    | 2.7157     | 0.1911     | 1.2592       | 1.2654      | 0.0475     | 0.5718     | 0.6248     |             | 0.9021   | -0.104 
203    | 2.6912     | 0.2047     | 1.2564       | 1.2302      | 0.0484     | 0.5780     | 0.5983     |             | 0.8390   | -0.092 
204    | 2.6638     | 0.2095     | 1.2309       | 1.2233      | 0.0451     | 0.5658     | 0.6151     |             | 0.8754   | -0.114 
205    | 2.6456     | 0.1833     | 1.2185       | 1.2438      | 0.0415     | 0.5656     | 0.6193     |             | 0.8626   | -0.110 
206    | 2.7246     | 0.2146     | 1.2281       | 1.2819      | 0.0364     | 0.5747     | 0.6273     |             | 0.9229   | -0.087 
207    | 2.7054     | 0.2005     | 1.2362       | 1.2687      | 0.0442     | 0.5795     | 0.6265     |             | 0.8989   | -0.085 
208    | 2.7188     | 0.2025     | 1.2381       | 1.2783      | 0.0433     | 0.5980     | 0.6584     |             | 0.8737   | -0.047 
209    | 2.7504     | 0.2052     | 1.2432       | 1.3020      | 0.0378     | 0.6009     | 0.6562     |             | 0.9854   | -0.036 
210    | 2.7079     | 0.2105     | 1.2363       | 1.2611      | 0.0472     | 0.6053     | 0.6387     |             | 0.9984   | -0.037 
211    | 2.7152     | 0.1915     | 1.2602       | 1.2635      | 0.0544     | 0.6099     | 0.6393     |             | 1.0202   | -0.035 
212    | 2.7467     | 0.1955     | 1.2599       | 1.2913      | 0.0516     | 0.6268     | 0.6648     |             | 1.0008   | 0.002  
213    | 2.7885     | 0.2064     | 1.2803       | 1.3018      | 0.0483     | 0.6309     | 0.6711     |             | 0.9847   | 0.013  
214    | 2.8015     | 0.2091     | 1.3056       | 1.2869      | 0.0421     | 0.6455     | 0.6490     |             | 0.9282   | 0.049  
215    | 2.7440     | 0.1921     | 1.2678       | 1.2841      | 0.0407     | 0.6425     | 0.6509     |             | 0.9587   | 0.044  
216    | 2.8327     | 0.2144     | 1.3048       | 1.3134      | 0.0401     | 0.6702     | 0.6467     |             | 0.9517   | 0.053  
217    | 2.8391     | 0.2407     | 1.3043       | 1.2941      | 0.0440     | 0.6515     | 0.6454     |             | 1.0006   | 0.047  
218    | 2.8040     | 0.2023     | 1.3102       | 1.2915      | 0.0476     | 0.6529     | 0.6400     |             | 0.9814   | 0.032  
219    | 2.8037     | 0.2120     | 1.3117       | 1.2800      | 0.0442     | 0.6595     | 0.6190     |             | 0.9760   | -0.006 
220    | 2.7173     | 0.1883     | 1.2941       | 1.2348      | 0.0473     | 0.6358     | 0.6003     |             | 0.9771   | -0.047 
221    | 2.6875     | 0.1891     | 1.2612       | 1.2372      | 0.0427     | 0.6271     | 0.6143     |             | 0.9995   | -0.014 
222    | 2.7173     | 0.1891     | 1.2619       | 1.2663      | 0.0438     | 0.6340     | 0.6136     |             | 0.9600   | -0.017 
223    | 2.7937     | 0.2068     | 1.2880       | 1.2990      | 0.0447     | 0.6478     | 0.6168     |             | 1.0855   | -0.011 
224    | 2.8063     | 0.2108     | 1.3293       | 1.2662      | 0.0376     | 0.6327     | 0.6018     |             | 1.1066   | -0.034 
225    | 2.7714     | 0.2060     | 1.3205       | 1.2448      | 0.0411     | 0.6558     | 0.5960     |             | 1.0175   | -0.049 
226    | 2.7808     | 0.2059     | 1.3229       | 1.2520      | 0.0368     | 0.6079     | 0.6217     |             | 1.1182   | -0.021 
227    | 2.7732     | 0.2136     | 1.2819       | 1.2777      | 0.0501     | 0.6225     | 0.6472     |             | 0.9820   | -0.005 
228    | 2.7730     | 0.2132     | 1.2706       | 1.2892      | 0.0491     | 0.6263     | 0.6687     |             | 0.9726   | 0.004  
229    | 2.8457     | 0.2238     | 1.2928       | 1.3291      | 0.0414     | 0.6148     | 0.6617     |             | 1.0330   | -0.012 
230    | 2.7741     | 0.1987     | 1.2817       | 1.2937      | 0.0459     | 0.6095     | 0.6552     |             | 0.9384   | -0.027 
231    | 2.7496     | 0.2079     | 1.2649       | 1.2768      | 0.0525     | 0.5999     | 0.6226     |             | 1.0177   | -0.053 
232    | 2.7650     | 0.2098     | 1.2881       | 1.2670      | 0.0523     | 0.6027     | 0.6168     |             | 0.9832   | -0.047 
233    | 2.7168     | 0.1834     | 1.2735       | 1.2600      | 0.0620     | 0.5973     | 0.6140     |             | 1.0287   | -0.067 
234    | 2.7460     | 0.1932     | 1.2837       | 1.2692      | 0.0639     | 0.5939     | 0.6174     |             | 0.9839   | -0.076 
235    | 2.7408     | 0.1861     | 1.2771       | 1.2776      | 0.0602     | 0.5834     | 0.6164     |             | 1.0004   | -0.093 
236    | 2.7211     | 0.1716     | 1.2550       | 1.2944      | 0.0581     | 0.6086     | 0.6312     |             | 0.9705   | -0.041 
237    | 2.7232     | 0.1791     | 1.2529       | 1.2913      | 0.0544     | 0.6108     | 0.6357     |             | 0.9119   | -0.033 
238    | 2.7221     | 0.1796     | 1.2429       | 1.2996      | 0.0534     | 0.6144     | 0.6249     |             | 0.9926   | -0.025 
239    | 2.7078     | 0.1803     | 1.2607       | 1.2668      | 0.0582     | 0.6078     | 0.6113     |             | 0.9463   | -0.043 
240    | 2.6525     | 0.1601     | 1.2413       | 1.2511      | 0.0540     | 0.6307     | 0.6076     |             | 0.9327   | -0.039 
241    | 2.7212     | 0.1936     | 1.2571       | 1.2705      | 0.0555     | 0.6132     | 0.6133     |             | 0.9771   | -0.029 
242    | 2.6928     | 0.1747     | 1.2505       | 1.2677      | 0.0602     | 0.6046     | 0.6105     |             | 0.9491   | -0.051 
243    | 2.6989     | 0.1847     | 1.2539       | 1.2603      | 0.0531     | 0.6032     | 0.6112     |             | 0.9396   | -0.047 
244    | 2.6800     | 0.1786     | 1.2466       | 1.2548      | 0.0608     | 0.5924     | 0.6196     |             | 0.9425   | -0.076 
245    | 2.7118     | 0.1681     | 1.2839       | 1.2599      | 0.0549     | 0.5902     | 0.6202     |             | 0.9226   | -0.075 
246    | 2.7532     | 0.2010     | 1.3045       | 1.2477      | 0.0471     | 0.6129     | 0.6118     |             | 0.9073   | -0.023 
247    | 2.7202     | 0.1749     | 1.2925       | 1.2527      | 0.0422     | 0.6187     | 0.6325     |             | 0.9700   | -0.005 
248    | 2.7695     | 0.2015     | 1.3061       | 1.2619      | 0.0402     | 0.6277     | 0.6348     |             | 0.8448   | 0.015  
249    | 2.7498     | 0.1702     | 1.3051       | 1.2745      | 0.0321     | 0.6220     | 0.6423     |             | 0.9542   | 0.012  
250    | 2.7733     | 0.1761     | 1.3143       | 1.2829      | 0.0396     | 0.6295     | 0.6399     |             | 0.9700   | 0.019  
251    | 2.7660     | 0.1764     | 1.3184       | 1.2712      | 0.0361     | 0.6217     | 0.6326     |             | 0.9707   | 0.007  
252    | 2.7547     | 0.1916     | 1.3056       | 1.2575      | 0.0456     | 0.6085     | 0.6324     |             | 0.9090   | -0.029 
253    | 2.7334     | 0.1790     | 1.3010       | 1.2535      | 0.0444     | 0.6143     | 0.6251     |             | 0.9688   | -0.016 
254    | 2.7650     | 0.2041     | 1.2944       | 1.2664      | 0.0359     | 0.6077     | 0.6318     |             | 0.8977   | -0.021 
255    | 2.7447     | 0.1872     | 1.2738       | 1.2837      | 0.0424     | 0.6076     | 0.6286     |             | 0.9705   | -0.027 
256    | 2.7373     | 0.1864     | 1.2779       | 1.2729      | 0.0346     | 0.6097     | 0.6305     |             | 0.9212   | -0.015 
257    | 2.7123     | 0.1772     | 1.2630       | 1.2721      | 0.0441     | 0.6364     | 0.6238     |             | 0.8741   | 0.003  
258    | 2.7419     | 0.1833     | 1.2891       | 1.2695      | 0.0455     | 0.6213     | 0.6314     |             | 0.9205   | -0.003 
259    | 2.7207     | 0.1820     | 1.2753       | 1.2633      | 0.0503     | 0.6210     | 0.6337     |             | 0.8231   | -0.008 
260    | 2.7161     | 0.1681     | 1.2703       | 1.2778      | 0.0482     | 0.6136     | 0.6374     |             | 0.9051   | -0.021 
261    | 2.7720     | 0.1888     | 1.2957       | 1.2875      | 0.0460     | 0.6450     | 0.6169     |             | 0.8994   | -0.012 
262    | 2.7650     | 0.1803     | 1.3098       | 1.2750      | 0.0470     | 0.6437     | 0.6207     |             | 0.9478   | -0.006 
263    | 2.7742     | 0.1629     | 1.3354       | 1.2759      | 0.0456     | 0.6515     | 0.6284     |             | 0.8542   | 0.011  
264    | 2.7941     | 0.1711     | 1.3478       | 1.2752      | 0.0467     | 0.6287     | 0.6305     |             | 0.9157   | 0.011  
265    | 2.8013     | 0.1793     | 1.3592       | 1.2627      | 0.0491     | 0.6276     | 0.6265     |             | 0.9138   | 0.004  
266    | 2.8048     | 0.1816     | 1.3541       | 1.2691      | 0.0501     | 0.6163     | 0.6353     |             | 0.8810   | -0.017 
267    | 2.7488     | 0.1677     | 1.3262       | 1.2549      | 0.0480     | 0.6386     | 0.6256     |             | 0.9205   | 0.003  
268    | 2.7702     | 0.2013     | 1.3138       | 1.2551      | 0.0454     | 0.6304     | 0.6130     |             | 0.9106   | -0.019 
269    | 2.7339     | 0.1720     | 1.3140       | 1.2479      | 0.0554     | 0.6374     | 0.6283     |             | 0.8689   | 0.001  
270    | 2.7610     | 0.1633     | 1.3313       | 1.2664      | 0.0552     | 0.6209     | 0.6269     |             | 0.8854   | -0.013 
271    | 2.7538     | 0.1763     | 1.3115       | 1.2660      | 0.0482     | 0.6210     | 0.6260     |             | 0.8392   | -0.006 
272    | 2.7758     | 0.1754     | 1.3174       | 1.2830      | 0.0438     | 0.6167     | 0.6316     |             | 0.7875   | -0.010 
273    | 2.7783     | 0.1916     | 1.3137       | 1.2730      | 0.0414     | 0.6138     | 0.6340     |             | 0.8373   | -0.014 
274    | 2.7544     | 0.1640     | 1.3088       | 1.2816      | 0.0470     | 0.6140     | 0.6326     |             | 0.8318   | -0.019 
275    | 2.7495     | 0.1701     | 1.2779       | 1.3014      | 0.0446     | 0.5975     | 0.6479     |             | 0.8730   | -0.050 
276    | 2.7517     | 0.1860     | 1.2711       | 1.2946      | 0.0398     | 0.6060     | 0.6435     |             | 0.8610   | -0.028 
277    | 2.7060     | 0.1734     | 1.2734       | 1.2592      | 0.0372     | 0.6087     | 0.6322     |             | 0.8351   | -0.020 
278    | 2.7035     | 0.1566     | 1.2840       | 1.2629      | 0.0423     | 0.5986     | 0.6609     |             | 0.8632   | -0.045 
279    | 2.7163     | 0.1706     | 1.2877       | 1.2580      | 0.0454     | 0.5950     | 0.6401     |             | 0.8786   | -0.055 
280    | 2.7280     | 0.1835     | 1.2839       | 1.2606      | 0.0409     | 0.5953     | 0.6392     |             | 0.8837   | -0.050 
281    | 2.6823     | 0.1479     | 1.2708       | 1.2636      | 0.0435     | 0.6023     | 0.6661     |             | 0.8677   | -0.039 
282    | 2.7376     | 0.1728     | 1.2763       | 1.2885      | 0.0389     | 0.6056     | 0.6372     |             | 0.8976   | -0.028 
283    | 2.7853     | 0.1954     | 1.2869       | 1.3030      | 0.0451     | 0.5907     | 0.6392     |             | 0.8393   | -0.064 
284    | 2.7483     | 0.1667     | 1.2822       | 1.2995      | 0.0464     | 0.5892     | 0.6351     |             | 0.8584   | -0.068 
285    | 2.7318     | 0.1680     | 1.2749       | 1.2889      | 0.0527     | 0.5746     | 0.6423     |             | 0.8345   | -0.104 
286    | 2.7117     | 0.1646     | 1.2732       | 1.2740      | 0.0576     | 0.5834     | 0.6410     |             | 0.8541   | -0.091 
287    | 2.7375     | 0.1695     | 1.2815       | 1.2865      | 0.0563     | 0.6173     | 0.6469     |             | 0.7842   | -0.022 
288    | 2.7620     | 0.1819     | 1.3144       | 1.2657      | 0.0504     | 0.6067     | 0.6383     |             | 0.8075   | -0.037 
289    | 2.7249     | 0.1591     | 1.3189       | 1.2469      | 0.0562     | 0.5967     | 0.6499     |             | 0.8085   | -0.063 
290    | 2.7510     | 0.1653     | 1.3337       | 1.2520      | 0.0562     | 0.6164     | 0.6444     |             | 0.8610   | -0.023 
291    | 2.7234     | 0.1655     | 1.3094       | 1.2485      | 0.0513     | 0.6071     | 0.6549     |             | 0.8486   | -0.037 
292    | 2.7075     | 0.1748     | 1.2700       | 1.2628      | 0.0535     | 0.6021     | 0.6568     |             | 0.8204   | -0.049 
293    | 2.6810     | 0.1563     | 1.2456       | 1.2790      | 0.0509     | 0.5954     | 0.6485     |             | 0.8329   | -0.060 
294    | 2.7801     | 0.1750     | 1.2682       | 1.3369      | 0.0518     | 0.6116     | 0.6571     |             | 0.8153   | -0.029 
295    | 2.8195     | 0.1827     | 1.3018       | 1.3350      | 0.0510     | 0.6046     | 0.6372     |             | 0.8271   | -0.042 
296    | 2.7623     | 0.1781     | 1.2897       | 1.2946      | 0.0479     | 0.5915     | 0.6073     |             | 0.8399   | -0.065 
297    | 2.7553     | 0.1664     | 1.2770       | 1.3119      | 0.0434     | 0.5866     | 0.6057     |             | 0.8017   | -0.070 
298    | 2.7256     | 0.1609     | 1.2689       | 1.2959      | 0.0456     | 0.5871     | 0.6188     |             | 0.8169   | -0.071 
299    | 2.7292     | 0.1774     | 1.2459       | 1.3059      | 0.0512     | 0.5885     | 0.6166     |             | 0.8122   | -0.074 
300    | 2.7043     | 0.1581     | 1.2568       | 1.2894      | 0.0504     | 0.5956     | 0.6218     |             | 0.8621   | -0.059 
301    | 2.7228     | 0.1623     | 1.2654       | 1.2951      | 0.0542     | 0.6257     | 0.6098     |             | 0.8548   | -0.035 
302    | 2.7375     | 0.1751     | 1.2955       | 1.2669      | 0.0435     | 0.6255     | 0.6323     |             | 0.9339   | 0.007  
303    | 2.7311     | 0.1519     | 1.3053       | 1.2740      | 0.0461     | 0.6201     | 0.6253     |             | 0.9581   | -0.006 
304    | 2.7393     | 0.1605     | 1.3081       | 1.2707      | 0.0476     | 0.6304     | 0.6270     |             | 0.9610   | 0.006  
305    | 2.7517     | 0.1741     | 1.3062       | 1.2714      | 0.0473     | 0.6215     | 0.6474     |             | 0.8741   | -0.004 
306    | 2.7622     | 0.1667     | 1.2991       | 1.2964      | 0.0496     | 0.6324     | 0.6257     |             | 0.8717   | 0.002  
307    | 2.7499     | 0.1603     | 1.3005       | 1.2891      | 0.0476     | 0.6159     | 0.6287     |             | 0.9082   | -0.016 
308    | 2.7735     | 0.1773     | 1.2912       | 1.3050      | 0.0445     | 0.6348     | 0.6259     |             | 0.7720   | 0.007  
309    | 2.7757     | 0.1588     | 1.3097       | 1.3073      | 0.0481     | 0.6278     | 0.6240     |             | 0.8337   | -0.000 
310    | 2.7712     | 0.1608     | 1.2973       | 1.3131      | 0.0484     | 0.6324     | 0.6274     |             | 0.8428   | 0.007  
311    | 2.7498     | 0.1627     | 1.3021       | 1.2850      | 0.0530     | 0.6178     | 0.6239     |             | 0.8668   | -0.017 
312    | 2.7246     | 0.1607     | 1.3035       | 1.2605      | 0.0525     | 0.6308     | 0.6223     |             | 0.8990   | -0.008 
313    | 2.6939     | 0.1677     | 1.2765       | 1.2498      | 0.0465     | 0.6104     | 0.6232     |             | 0.9133   | -0.026 
314    | 2.6690     | 0.1488     | 1.2878       | 1.2324      | 0.0433     | 0.6205     | 0.6187     |             | 0.8737   | -0.006 
315    | 2.6911     | 0.1660     | 1.2927       | 1.2324      | 0.0474     | 0.6171     | 0.6139     |             | 0.9350   | -0.020 
316    | 2.6574     | 0.1507     | 1.2763       | 1.2304      | 0.0451     | 0.6174     | 0.6269     |             | 0.8514   | -0.010 
317    | 2.7086     | 0.1608     | 1.2824       | 1.2654      | 0.0539     | 0.6093     | 0.6520     |             | 0.8730   | -0.035 
318    | 2.7229     | 0.1767     | 1.2744       | 1.2718      | 0.0495     | 0.6134     | 0.6285     |             | 0.8758   | -0.023 
319    | 2.7528     | 0.1636     | 1.2980       | 1.2911      | 0.0534     | 0.6467     | 0.6380     |             | 0.8238   | 0.023  
320    | 2.8130     | 0.1856     | 1.3356       | 1.2918      | 0.0468     | 0.6547     | 0.6278     |             | 0.8948   | 0.009  
321    | 2.7933     | 0.1626     | 1.3365       | 1.2942      | 0.0482     | 0.6422     | 0.6329     |             | 0.8724   | 0.018  
322    | 2.8128     | 0.1870     | 1.3132       | 1.3125      | 0.0521     | 0.6307     | 0.6215     |             | 0.8655   | -0.009 
323    | 2.7778     | 0.1680     | 1.3045       | 1.3053      | 0.0507     | 0.6175     | 0.6137     |             | 0.9743   | -0.023 
324    | 2.7569     | 0.1768     | 1.2916       | 1.2885      | 0.0484     | 0.6212     | 0.6127     |             | 0.9347   | -0.023 
325    | 2.6920     | 0.1389     | 1.2741       | 1.2790      | 0.0441     | 0.6251     | 0.6027     |             | 0.8192   | -0.039 
326    | 2.6953     | 0.1609     | 1.2747       | 1.2596      | 0.0443     | 0.6191     | 0.6068     |             | 0.8652   | -0.031 
327    | 2.7063     | 0.1614     | 1.2874       | 1.2575      | 0.0570     | 0.6128     | 0.6081     |             | 0.8522   | -0.041 
328    | 2.7154     | 0.1556     | 1.2880       | 1.2718      | 0.0476     | 0.6339     | 0.6272     |             | 0.8831   | 0.007  
329    | 2.7530     | 0.1611     | 1.3065       | 1.2854      | 0.0545     | 0.6369     | 0.6525     |             | 0.8396   | 0.019  
330    | 2.7954     | 0.1559     | 1.3271       | 1.3125      | 0.0489     | 0.6622     | 0.6643     |             | 0.8995   | 0.075  
331    | 2.8626     | 0.1724     | 1.3608       | 1.3294      | 0.0510     | 0.6600     | 0.6609     |             | 0.9124   | 0.069  
332    | 2.8233     | 0.1717     | 1.3424       | 1.3092      | 0.0495     | 0.6537     | 0.6455     |             | 0.9361   | 0.042  
333    | 2.7732     | 0.1563     | 1.3307       | 1.2863      | 0.0463     | 0.6531     | 0.6483     |             | 0.9733   | 0.050  
334    | 2.7815     | 0.1584     | 1.3299       | 1.2932      | 0.0520     | 0.6404     | 0.6669     |             | 0.9438   | 0.029  
335    | 2.7963     | 0.1677     | 1.3109       | 1.3176      | 0.0446     | 0.6203     | 0.6393     |             | 0.9371   | -0.004 
336    | 2.7305     | 0.1420     | 1.3083       | 1.2802      | 0.0500     | 0.6342     | 0.6315     |             | 0.8641   | 0.013  
337    | 2.7549     | 0.1627     | 1.3177       | 1.2745      | 0.0522     | 0.6251     | 0.6301     |             | 0.9161   | -0.002 
338    | 2.7261     | 0.1474     | 1.3021       | 1.2765      | 0.0532     | 0.6324     | 0.6458     |             | 0.9851   | 0.012  
339    | 2.7293     | 0.1599     | 1.2958       | 1.2736      | 0.0503     | 0.6327     | 0.6211     |             | 0.9453   | -0.008 
340    | 2.7171     | 0.1460     | 1.2902       | 1.2809      | 0.0515     | 0.6309     | 0.6300     |             | 0.9246   | 0.008  
341    | 2.7363     | 0.1611     | 1.2931       | 1.2822      | 0.0483     | 0.6200     | 0.6376     |             | 0.9196   | -0.008 
342    | 2.7236     | 0.1353     | 1.2769       | 1.3113      | 0.0525     | 0.6083     | 0.6428     |             | 0.8918   | -0.036 
343    | 2.7109     | 0.1427     | 1.2724       | 1.2958      | 0.0534     | 0.6038     | 0.6374     |             | 0.9404   | -0.046 
344    | 2.6752     | 0.1378     | 1.2565       | 1.2809      | 0.0509     | 0.6153     | 0.6328     |             | 0.8397   | -0.020 
345    | 2.6960     | 0.1535     | 1.2587       | 1.2838      | 0.0499     | 0.6096     | 0.6316     |             | 0.8696   | -0.031 
346    | 2.6841     | 0.1738     | 1.2397       | 1.2707      | 0.0466     | 0.6156     | 0.6436     |             | 0.8339   | -0.015 
347    | 2.6554     | 0.1426     | 1.2456       | 1.2672      | 0.0539     | 0.6068     | 0.6309     |             | 0.8672   | -0.040 
348    | 2.6694     | 0.1604     | 1.2405       | 1.2685      | 0.0542     | 0.6129     | 0.6217     |             | 0.8485   | -0.028 
349    | 2.6804     | 0.1584     | 1.2440       | 1.2779      | 0.0607     | 0.6005     | 0.6476     |             | 0.8545   | -0.060 
350    | 2.6974     | 0.1524     | 1.2750       | 1.2699      | 0.0624     | 0.6181     | 0.6154     |             | 0.9386   | -0.032 
351    | 2.6989     | 0.1234     | 1.3009       | 1.2746      | 0.0631     | 0.6338     | 0.6201     |             | 0.9427   | -0.023 
352    | 2.7749     | 0.1740     | 1.3127       | 1.2882      | 0.0589     | 0.6361     | 0.6213     |             | 0.9118   | -0.016 
353    | 2.7904     | 0.1607     | 1.3280       | 1.3017      | 0.0530     | 0.6356     | 0.6080     |             | 0.9347   | -0.037 
354    | 2.7561     | 0.1567     | 1.2924       | 1.3070      | 0.0730     | 0.6282     | 0.6167     |             | 0.8628   | -0.040 
355    | 2.7205     | 0.1437     | 1.2870       | 1.2898      | 0.0669     | 0.6283     | 0.6142     |             | 0.9043   | -0.038 
356    | 2.7275     | 0.1649     | 1.2656       | 1.2970      | 0.0608     | 0.6035     | 0.6143     |             | 0.9166   | -0.054 
357    | 2.6802     | 0.1462     | 1.2583       | 1.2757      | 0.0578     | 0.6150     | 0.6066     |             | 0.9718   | -0.045 
358    | 2.6807     | 0.1443     | 1.2500       | 1.2865      | 0.0622     | 0.6161     | 0.6039     |             | 0.9310   | -0.054 
359    | 2.6873     | 0.1654     | 1.2409       | 1.2810      | 0.0554     | 0.6074     | 0.6120     |             | 0.9472   | -0.041 
360    | 2.6748     | 0.1637     | 1.2526       | 1.2585      | 0.0530     | 0.6199     | 0.5982     |             | 0.9377   | -0.057 
361    | 2.6839     | 0.1670     | 1.2656       | 1.2513      | 0.0519     | 0.6377     | 0.6113     |             | 0.9392   | -0.029 
362    | 2.7057     | 0.1511     | 1.2758       | 1.2788      | 0.0524     | 0.6563     | 0.6207     |             | 0.9622   | -0.011 
363    | 2.7514     | 0.1685     | 1.2879       | 1.2950      | 0.0470     | 0.6520     | 0.6267     |             | 0.8692   | 0.006  
364    | 2.7095     | 0.1458     | 1.2932       | 1.2704      | 0.0479     | 0.6498     | 0.6407     |             | 0.8651   | 0.034  
365    | 2.7241     | 0.1341     | 1.2976       | 1.2924      | 0.0376     | 0.6354     | 0.6455     |             | 0.8510   | 0.033  
366    | 2.7754     | 0.1550     | 1.3132       | 1.3073      | 0.0418     | 0.6345     | 0.6511     |             | 0.9193   | 0.027  
367    | 2.8071     | 0.1748     | 1.3159       | 1.3165      | 0.0438     | 0.6252     | 0.6551     |             | 0.9564   | 0.007  
368    | 2.7923     | 0.1534     | 1.3230       | 1.3159      | 0.0367     | 0.6214     | 0.6409     |             | 0.9781   | 0.006  
369    | 2.8151     | 0.1654     | 1.3240       | 1.3257      | 0.0403     | 0.6345     | 0.6407     |             | 0.9857   | 0.029  
370    | 2.8144     | 0.1558     | 1.3248       | 1.3338      | 0.0472     | 0.6321     | 0.6233     |             | 0.9539   | -0.001 
371    | 2.7967     | 0.1580     | 1.3231       | 1.3156      | 0.0481     | 0.6273     | 0.6193     |             | 0.9795   | -0.010 
372    | 2.7511     | 0.1356     | 1.3286       | 1.2869      | 0.0479     | 0.6138     | 0.6085     |             | 0.9121   | -0.031 
373    | 2.7548     | 0.1529     | 1.3213       | 1.2806      | 0.0522     | 0.6340     | 0.6037     |             | 0.9855   | -0.045 
374    | 2.7448     | 0.1510     | 1.3220       | 1.2718      | 0.0551     | 0.6312     | 0.6022     |             | 0.9727   | -0.051 
375    | 2.7675     | 0.1572     | 1.3244       | 1.2859      | 0.0552     | 0.6457     | 0.6001     |             | 1.0072   | -0.055 
376    | 2.7644     | 0.1462     | 1.3237       | 1.2945      | 0.0548     | 0.6271     | 0.6189     |             | 0.8899   | -0.017 
377    | 2.7739     | 0.1646     | 1.3073       | 1.3020      | 0.0501     | 0.6192     | 0.6320     |             | 0.9634   | -0.012 
378    | 2.7208     | 0.1411     | 1.2990       | 1.2807      | 0.0607     | 0.6109     | 0.6250     |             | 1.0088   | -0.039 
379    | 2.7405     | 0.1498     | 1.2980       | 1.2927      | 0.0551     | 0.6055     | 0.6312     |             | 1.0218   | -0.044 
380    | 2.7468     | 0.1543     | 1.2900       | 1.3025      | 0.0462     | 0.5996     | 0.6366     |             | 1.0373   | -0.047 
381    | 2.7039     | 0.1457     | 1.2792       | 1.2790      | 0.0439     | 0.6103     | 0.6387     |             | 1.0003   | -0.023 
382    | 2.7066     | 0.1482     | 1.2953       | 1.2631      | 0.0440     | 0.6183     | 0.6295     |             | 0.9780   | -0.007 
383    | 2.6860     | 0.1503     | 1.2756       | 1.2601      | 0.0494     | 0.6310     | 0.6131     |             | 1.0112   | -0.023 
384    | 2.6693     | 0.1338     | 1.2846       | 1.2509      | 0.0472     | 0.6289     | 0.6113     |             | 0.9823   | -0.025 
385    | 2.6963     | 0.1438     | 1.2953       | 1.2572      | 0.0412     | 0.6231     | 0.6153     |             | 0.9802   | -0.011 
386    | 2.6870     | 0.1444     | 1.2939       | 1.2487      | 0.0449     | 0.6224     | 0.6116     |             | 0.9480   | -0.022 
387    | 2.6958     | 0.1447     | 1.2935       | 1.2576      | 0.0474     | 0.6258     | 0.6018     |             | 0.9328   | -0.044 
388    | 2.7076     | 0.1520     | 1.3012       | 1.2544      | 0.0476     | 0.6395     | 0.6093     |             | 0.8900   | -0.029 
389    | 2.7074     | 0.1487     | 1.3076       | 1.2512      | 0.0369     | 0.6508     | 0.6127     |             | 1.0137   | -0.012 
390    | 2.7239     | 0.1584     | 1.3218       | 1.2437      | 0.0499     | 0.6397     | 0.6248     |             | 1.0237   | -0.000 
391    | 2.7273     | 0.1535     | 1.3186       | 1.2552      | 0.0462     | 0.6418     | 0.6347     |             | 0.9339   | 0.023  
392    | 2.7527     | 0.1648     | 1.3214       | 1.2664      | 0.0385     | 0.6494     | 0.6179     |             | 0.9464   | -0.003 
393    | 2.7030     | 0.1406     | 1.3139       | 1.2485      | 0.0434     | 0.6496     | 0.6154     |             | 0.9566   | -0.013 
394    | 2.7020     | 0.1490     | 1.2899       | 1.2631      | 0.0429     | 0.6453     | 0.6126     |             | 0.9792   | -0.018 
395    | 2.7001     | 0.1501     | 1.2893       | 1.2606      | 0.0442     | 0.6369     | 0.6100     |             | 1.0112   | -0.024 
396    | 2.6936     | 0.1482     | 1.2854       | 1.2600      | 0.0457     | 0.6318     | 0.6076     |             | 0.9893   | -0.030 
397    | 2.7075     | 0.1491     | 1.2713       | 1.2871      | 0.0450     | 0.6154     | 0.6238     |             | 0.9000   | -0.014 
398    | 2.7296     | 0.1427     | 1.2687       | 1.3181      | 0.0503     | 0.6068     | 0.6478     |             | 0.9580   | -0.037 
399    | 2.7375     | 0.1507     | 1.2702       | 1.3166      | 0.0483     | 0.6055     | 0.6501     |             | 0.9394   | -0.037 
400    | 2.6990     | 0.1414     | 1.2519       | 1.3057      | 0.0428     | 0.6120     | 0.6283     |             | 0.8888   | -0.019 
Seed 42 | Src MDE: 0.0305 | Tgt MDE: 0.8995
Start Training Seed 6767...

Start Training... (Validate on Source Val & Target Val)
Epoch  | Total Loss | Train Cls  | Train D_RSSI | Train D_RTT | Val Cls    | Val D_RSSI | Val D_RTT  | Save        | Test MDE | Score  
---------------------------------------------------------------------------------------------------------------------------------------
1      | 6.2285     | 3.4476     | 1.3928       | 1.3880      | 2.8465     | 0.6967     | 0.6908     |             | 1.7383   | -2.665 
2      | 5.4912     | 2.7724     | 1.3677       | 1.3511      | 2.2948     | 0.6869     | 0.6868     |             | 1.2467   | -2.121 
3      | 5.0359     | 2.3393     | 1.3568       | 1.3398      | 1.9007     | 0.6796     | 0.6839     |             | 0.9881   | -1.742 
4      | 4.6864     | 2.0161     | 1.3454       | 1.3249      | 1.5313     | 0.6729     | 0.6731     |             | 0.9845   | -1.386 
5      | 4.3799     | 1.7441     | 1.3320       | 1.3039      | 1.2569     | 0.6690     | 0.6691     |             | 0.9379   | -1.119 
6      | 4.1122     | 1.4984     | 1.3232       | 1.2907      | 1.0542     | 0.6627     | 0.6640     |             | 0.9240   | -0.929 
7      | 3.9205     | 1.3496     | 1.3069       | 1.2640      | 0.8341     | 0.6600     | 0.6609     |             | 0.9093   | -0.714 
8      | 3.7207     | 1.1889     | 1.2883       | 1.2435      | 0.7160     | 0.6482     | 0.6462     |             | 0.8775   | -0.624 
9      | 3.5616     | 1.0864     | 1.2658       | 1.2095      | 0.5641     | 0.6429     | 0.6426     |             | 0.8737   | -0.479 
10     | 3.3952     | 0.9639     | 1.2449       | 1.1864      | 0.4814     | 0.6373     | 0.6338     |             | 0.8757   | -0.414 
11     | 3.2944     | 0.9052     | 1.2272       | 1.1619      | 0.4200     | 0.6337     | 0.6363     |             | 0.8883   | -0.353 
12     | 3.1683     | 0.8344     | 1.2011       | 1.1328      | 0.3614     | 0.6223     | 0.6234     |             | 0.9794   | -0.317 
13     | 3.0422     | 0.7719     | 1.1762       | 1.0942      | 0.3319     | 0.6151     | 0.6112     |             | 1.0019   | -0.310 
14     | 2.9578     | 0.7461     | 1.1522       | 1.0595      | 0.3038     | 0.6161     | 0.6251     |             | 0.9537   | -0.272 
15     | 2.8165     | 0.6615     | 1.1159       | 1.0390      | 0.2452     | 0.6040     | 0.5942     |             | 0.9666   | -0.257 
16     | 2.6941     | 0.6080     | 1.0801       | 1.0060      | 0.2179     | 0.5911     | 0.6026     |             | 0.9328   | -0.236 
17     | 2.6416     | 0.6017     | 1.0579       | 0.9820      | 0.2091     | 0.5999     | 0.5867     |             | 0.9556   | -0.236 
18     | 2.5583     | 0.5735     | 1.0361       | 0.9488      | 0.1948     | 0.5979     | 0.5807     |             | 0.9447   | -0.233 
19     | 2.4522     | 0.5371     | 1.0078       | 0.9074      | 0.1843     | 0.5794     | 0.5550     |             | 0.9107   | -0.274 
20     | 2.4050     | 0.5232     | 0.9850       | 0.8968      | 0.1797     | 0.5956     | 0.5856     |             | 0.9539   | -0.209 
21     | 2.3295     | 0.4944     | 0.9540       | 0.8811      | 0.1642     | 0.5768     | 0.5935     |             | 0.8992   | -0.211 
22     | 2.2870     | 0.4795     | 0.9437       | 0.8638      | 0.1577     | 0.5778     | 0.5769     |             | 0.9613   | -0.204 
23     | 2.2225     | 0.4535     | 0.9288       | 0.8402      | 0.1405     | 0.5704     | 0.5681     |             | 0.9460   | -0.204 
24     | 2.1702     | 0.4420     | 0.9121       | 0.8161      | 0.1420     | 0.5870     | 0.5679     |             | 0.8687   | -0.206 
25     | 2.1515     | 0.4464     | 0.8911       | 0.8140      | 0.1366     | 0.5648     | 0.5558     |             | 0.8761   | -0.225 
26     | 2.0737     | 0.4236     | 0.8604       | 0.7896      | 0.1318     | 0.5715     | 0.5509     |             | 0.8353   | -0.230 
27     | 2.1274     | 0.4379     | 0.8731       | 0.8164      | 0.1266     | 0.5860     | 0.5391     |             | 0.8358   | -0.248 
28     | 2.0502     | 0.4083     | 0.8495       | 0.7925      | 0.1254     | 0.5928     | 0.5460     |             | 0.9272   | -0.233 
29     | 2.0250     | 0.3964     | 0.8342       | 0.7944      | 0.1214     | 0.5907     | 0.5519     |             | 0.8863   | -0.218 
30     | 2.0232     | 0.3657     | 0.8403       | 0.8172      | 0.1137     | 0.5725     | 0.5623     |             | 0.8345   | -0.189 
31     | 2.0653     | 0.3729     | 0.8588       | 0.8336      | 0.1168     | 0.5892     | 0.5519     |             | 0.8973   | -0.213 
32     | 2.1682     | 0.4207     | 0.8812       | 0.8663      | 0.1000     | 0.6274     | 0.5328     |             | 0.8388   | -0.234 
33     | 2.1057     | 0.3622     | 0.8862       | 0.8574      | 0.1199     | 0.6058     | 0.5242     |             | 0.8637   | -0.272 
34     | 2.1483     | 0.3834     | 0.9009       | 0.8641      | 0.1042     | 0.6090     | 0.5282     |             | 0.8105   | -0.248 
35     | 2.2760     | 0.4005     | 0.9515       | 0.9239      | 0.1122     | 0.5907     | 0.5201     |             | 0.8886   | -0.272 
36     | 2.2596     | 0.3672     | 0.9693       | 0.9232      | 0.1054     | 0.6017     | 0.5422     |             | 0.9231   | -0.221 
37     | 2.2912     | 0.3909     | 0.9554       | 0.9449      | 0.1136     | 0.6079     | 0.5325     |             | 0.8641   | -0.249 
38     | 2.2991     | 0.3674     | 0.9568       | 0.9748      | 0.1202     | 0.5750     | 0.5558     |             | 0.8736   | -0.209 
39     | 2.3623     | 0.3825     | 0.9560       | 1.0238      | 0.1125     | 0.6212     | 0.5564     |             | 0.7754   | -0.200 
40     | 2.3550     | 0.3619     | 0.9929       | 1.0002      | 0.1095     | 0.5573     | 0.5374     |             | 0.8275   | -0.235 
41     | 2.4110     | 0.3688     | 1.0110       | 1.0312      | 0.1156     | 0.5751     | 0.5443     |             | 0.9261   | -0.227 
42     | 2.4631     | 0.3766     | 1.0134       | 1.0730      | 0.1094     | 0.5651     | 0.5394     |             | 0.9006   | -0.231 
43     | 2.5393     | 0.3862     | 1.0440       | 1.1091      | 0.1041     | 0.5670     | 0.5376     |             | 0.8647   | -0.229 
44     | 2.4373     | 0.3544     | 0.9973       | 1.0856      | 0.1131     | 0.5688     | 0.5820     |             | 0.8881   | -0.175 
45     | 2.4612     | 0.3550     | 1.0004       | 1.1057      | 0.1073     | 0.5926     | 0.5609     |             | 0.9015   | -0.185 
46     | 2.4233     | 0.3226     | 1.0100       | 1.0907      | 0.1137     | 0.6072     | 0.5545     |             | 0.9128   | -0.205 
47     | 2.5191     | 0.3450     | 1.0455       | 1.1286      | 0.1052     | 0.6285     | 0.5474     |             | 0.8723   | -0.210 
48     | 2.5394     | 0.3437     | 1.0627       | 1.1330      | 0.1023     | 0.5697     | 0.5612     |             | 0.8609   | -0.180 
49     | 2.4742     | 0.3378     | 1.0210       | 1.1153      | 0.1010     | 0.5773     | 0.5626     |             | 0.9198   | -0.176 
50     | 2.4676     | 0.3308     | 1.0288       | 1.1080      | 0.1050     | 0.5888     | 0.5421     |             | 0.8947   | -0.221 
51     | 2.4614     | 0.3239     | 1.0274       | 1.1101      | 0.0969     | 0.6089     | 0.5485     |             | 0.9696   | -0.200 
52     | 2.4830     | 0.3249     | 1.0469       | 1.1112      | 0.1026     | 0.6116     | 0.5462     |             | 0.9199   | -0.210 
53     | 2.5099     | 0.3317     | 1.0868       | 1.0914      | 0.1048     | 0.5737     | 0.5389     |             | 0.9377   | -0.227 
54     | 2.5204     | 0.3280     | 1.0751       | 1.1173      | 0.0974     | 0.5724     | 0.5584     |             | 0.9316   | -0.181 
55     | 2.5767     | 0.3530     | 1.0707       | 1.1530      | 0.0990     | 0.5844     | 0.5690     |             | 0.8621   | -0.161 
56     | 2.5219     | 0.3192     | 1.0589       | 1.1437      | 0.0963     | 0.5923     | 0.5611     |             | 0.8827   | -0.174 
57     | 2.5057     | 0.3235     | 1.0588       | 1.1235      | 0.0849     | 0.5747     | 0.5612     |             | 0.8255   | -0.162 
58     | 2.4941     | 0.3202     | 1.0423       | 1.1316      | 0.1011     | 0.5686     | 0.5851     |             | 0.9259   | -0.164 
59     | 2.4534     | 0.3006     | 1.0437       | 1.1091      | 0.0900     | 0.5658     | 0.5918     |             | 0.8783   | -0.158 
60     | 2.5288     | 0.3344     | 1.0700       | 1.1243      | 0.0906     | 0.5807     | 0.5788     |             | 0.8515   | -0.133 
61     | 2.5031     | 0.3085     | 1.0762       | 1.1184      | 0.0826     | 0.5933     | 0.5333     |             | 0.8356   | -0.216 
62     | 2.5170     | 0.3232     | 1.0878       | 1.1060      | 0.0812     | 0.5727     | 0.5702     |             | 0.8810   | -0.141 
63     | 2.6245     | 0.3284     | 1.1426       | 1.1535      | 0.0900     | 0.5959     | 0.5543     |             | 0.8806   | -0.181 
64     | 2.6508     | 0.3274     | 1.1699       | 1.1535      | 0.0929     | 0.6278     | 0.5482     |             | 0.8466   | -0.196 
65     | 2.5991     | 0.3214     | 1.1681       | 1.1097      | 0.0862     | 0.6596     | 0.5426     |             | 0.9041   | -0.201 
66     | 2.6206     | 0.3208     | 1.1834       | 1.1164      | 0.0903     | 0.6256     | 0.5569     |             | 0.8828   | -0.177 
67     | 2.5992     | 0.3123     | 1.1555       | 1.1314      | 0.0829     | 0.6049     | 0.5548     |             | 0.9034   | -0.173 
68     | 2.5722     | 0.2922     | 1.1609       | 1.1191      | 0.0875     | 0.6052     | 0.5570     |             | 0.7848   | -0.174 
69     | 2.6026     | 0.3045     | 1.1782       | 1.1199      | 0.0864     | 0.5983     | 0.5542     |             | 0.8926   | -0.178 
70     | 2.6351     | 0.3075     | 1.1825       | 1.1451      | 0.0915     | 0.6217     | 0.5791     |             | 0.8204   | -0.133 
71     | 2.6418     | 0.3001     | 1.1837       | 1.1579      | 0.0861     | 0.6046     | 0.5740     |             | 0.8974   | -0.138 
72     | 2.6716     | 0.3049     | 1.2283       | 1.1383      | 0.0873     | 0.6156     | 0.5673     |             | 0.8727   | -0.153 
73     | 2.7092     | 0.3003     | 1.2516       | 1.1573      | 0.0933     | 0.6483     | 0.5577     |             | 0.8370   | -0.178 
74     | 2.6640     | 0.2943     | 1.2043       | 1.1654      | 0.0949     | 0.6123     | 0.5829     |             | 0.8673   | -0.129 
75     | 2.6499     | 0.2988     | 1.2007       | 1.1505      | 0.0960     | 0.6264     | 0.6006     |             | 0.8901   | -0.095 
76     | 2.6963     | 0.3087     | 1.2103       | 1.1774      | 0.0950     | 0.6451     | 0.6265     |             | 0.8791   | -0.042 
77     | 2.6717     | 0.2982     | 1.1625       | 1.2111      | 0.1041     | 0.5742     | 0.5967     |             | 0.8773   | -0.156 
78     | 2.6184     | 0.2823     | 1.1180       | 1.2180      | 0.0967     | 0.5676     | 0.6212     |             | 0.9361   | -0.161 
79     | 2.6210     | 0.2777     | 1.1309       | 1.2124      | 0.1091     | 0.5598     | 0.5735     |             | 0.8923   | -0.189 
80     | 2.5659     | 0.2700     | 1.1132       | 1.1826      | 0.1037     | 0.5555     | 0.6010     |             | 0.9623   | -0.193 
81     | 2.6338     | 0.2912     | 1.1492       | 1.1934      | 0.0932     | 0.5872     | 0.6121     |             | 0.8738   | -0.119 
82     | 2.6175     | 0.2703     | 1.1604       | 1.1869      | 0.0891     | 0.5715     | 0.5822     |             | 0.8279   | -0.146 
83     | 2.7125     | 0.2864     | 1.2203       | 1.2058      | 0.1049     | 0.5919     | 0.5681     |             | 0.8024   | -0.169 
84     | 2.6948     | 0.2696     | 1.2181       | 1.2071      | 0.1074     | 0.6056     | 0.5918     |             | 0.8056   | -0.124 
85     | 2.7097     | 0.2750     | 1.2475       | 1.1873      | 0.0964     | 0.6077     | 0.6193     |             | 0.8568   | -0.081 
86     | 2.7202     | 0.2947     | 1.2398       | 1.1857      | 0.0944     | 0.6058     | 0.5833     |             | 1.0081   | -0.128 
87     | 2.6952     | 0.2750     | 1.2384       | 1.1819      | 0.0978     | 0.6263     | 0.5862     |             | 0.8810   | -0.125 
88     | 2.6329     | 0.2697     | 1.2027       | 1.1606      | 0.0954     | 0.6016     | 0.5812     |             | 0.9045   | -0.133 
89     | 2.6375     | 0.2778     | 1.1950       | 1.1648      | 0.1031     | 0.6136     | 0.5951     |             | 0.8736   | -0.113 
90     | 2.6048     | 0.2577     | 1.1897       | 1.1573      | 0.0973     | 0.5913     | 0.5866     |             | 0.8869   | -0.124 
91     | 2.6072     | 0.2521     | 1.1918       | 1.1632      | 0.0918     | 0.6143     | 0.5922     |             | 0.8590   | -0.107 
92     | 2.6110     | 0.2536     | 1.1775       | 1.1799      | 0.0937     | 0.5643     | 0.5680     |             | 0.8322   | -0.165 
93     | 2.6337     | 0.2654     | 1.1711       | 1.1972      | 0.0886     | 0.5698     | 0.5730     |             | 0.9328   | -0.149 
94     | 2.6455     | 0.2643     | 1.2020       | 1.1791      | 0.0923     | 0.5661     | 0.5630     |             | 0.8825   | -0.166 
95     | 2.6050     | 0.2491     | 1.1889       | 1.1670      | 0.0896     | 0.6135     | 0.5793     |             | 0.9435   | -0.131 
96     | 2.6389     | 0.2601     | 1.2163       | 1.1625      | 0.0774     | 0.6153     | 0.5779     |             | 0.9834   | -0.121 
97     | 2.5818     | 0.2485     | 1.1837       | 1.1495      | 0.0834     | 0.6223     | 0.5725     |             | 0.9608   | -0.138 
98     | 2.5960     | 0.2411     | 1.1754       | 1.1795      | 0.0849     | 0.5860     | 0.5753     |             | 0.9416   | -0.134 
99     | 2.6527     | 0.2654     | 1.2030       | 1.1843      | 0.0870     | 0.6104     | 0.5743     |             | 0.8777   | -0.138 
100    | 2.6742     | 0.2492     | 1.2347       | 1.1903      | 0.0934     | 0.6213     | 0.5642     |             | 0.9317   | -0.165 
101    | 2.7371     | 0.2699     | 1.2708       | 1.1964      | 0.0866     | 0.6324     | 0.5815     |             | 0.8770   | -0.124 
102    | 2.6620     | 0.2409     | 1.2537       | 1.1675      | 0.1023     | 0.5962     | 0.5693     |             | 0.8781   | -0.164 
103    | 2.6532     | 0.2520     | 1.2309       | 1.1703      | 0.0907     | 0.5996     | 0.5647     |             | 0.8081   | -0.161 
104    | 2.6459     | 0.2470     | 1.2042       | 1.1946      | 0.0858     | 0.5999     | 0.5857     |             | 0.8162   | -0.114 
105    | 2.6353     | 0.2602     | 1.1917       | 1.1833      | 0.0846     | 0.5943     | 0.5783     |             | 0.8670   | -0.128 
106    | 2.6302     | 0.2529     | 1.2135       | 1.1638      | 0.0841     | 0.6138     | 0.5836     |             | 0.9325   | -0.117 
107    | 2.6274     | 0.2343     | 1.2316       | 1.1616      | 0.0920     | 0.6533     | 0.6172     |             | 0.9104   | -0.058 
108    | 2.6624     | 0.2499     | 1.2307       | 1.1818      | 0.0822     | 0.6456     | 0.6271     |             | 0.9057   | -0.028 
109    | 2.6876     | 0.2389     | 1.2557       | 1.1930      | 0.0814     | 0.6289     | 0.6194     |             | 0.8394   | -0.043 
110    | 2.6875     | 0.2522     | 1.2601       | 1.1752      | 0.0848     | 0.6432     | 0.6053     |             | 0.8887   | -0.074 
111    | 2.6471     | 0.2566     | 1.2436       | 1.1468      | 0.0841     | 0.6294     | 0.5875     |             | 0.9199   | -0.109 
112    | 2.6114     | 0.2283     | 1.2421       | 1.1410      | 0.0848     | 0.6316     | 0.5620     |             | 0.8339   | -0.161 
113    | 2.6234     | 0.2466     | 1.2378       | 1.1391      | 0.0955     | 0.6224     | 0.5793     |             | 0.8640   | -0.137 
114    | 2.6414     | 0.2345     | 1.2438       | 1.1632      | 0.0920     | 0.5920     | 0.5810     |             | 0.8395   | -0.130 
115    | 2.6385     | 0.2395     | 1.2448       | 1.1543      | 0.0947     | 0.6097     | 0.5901     |             | 0.8327   | -0.114 
116    | 2.6768     | 0.2539     | 1.2527       | 1.1702      | 0.0879     | 0.6307     | 0.5829     |             | 0.8842   | -0.122 
117    | 2.6609     | 0.2345     | 1.2598       | 1.1666      | 0.0903     | 0.6365     | 0.5911     |             | 0.8421   | -0.108 
118    | 2.7125     | 0.2443     | 1.2829       | 1.1854      | 0.0803     | 0.6441     | 0.6395     |             | 0.8798   | -0.001 
119    | 2.7071     | 0.2470     | 1.2628       | 1.1973      | 0.0742     | 0.6296     | 0.6292     |             | 0.8779   | -0.016 
120    | 2.6636     | 0.2472     | 1.2207       | 1.1957      | 0.0872     | 0.6307     | 0.5911     |             | 0.8699   | -0.105 
121    | 2.6645     | 0.2619     | 1.2309       | 1.1718      | 0.0853     | 0.6325     | 0.6286     |             | 0.8707   | -0.028 
122    | 2.6437     | 0.2478     | 1.2124       | 1.1835      | 0.0806     | 0.6151     | 0.6243     |             | 0.8338   | -0.050 
123    | 2.6542     | 0.2418     | 1.2016       | 1.2108      | 0.0965     | 0.5909     | 0.6202     |             | 0.8049   | -0.115 
124    | 2.6158     | 0.2251     | 1.2016       | 1.1891      | 0.0879     | 0.6119     | 0.6163     |             | 0.7721   | -0.064 
125    | 2.6045     | 0.2221     | 1.2171       | 1.1653      | 0.0955     | 0.6317     | 0.6124     |             | 0.8699   | -0.071 
126    | 2.6316     | 0.2258     | 1.2235       | 1.1823      | 0.0912     | 0.6286     | 0.6045     |             | 0.8024   | -0.082 
127    | 2.6520     | 0.2364     | 1.2310       | 1.1846      | 0.0851     | 0.6031     | 0.5876     |             | 0.7963   | -0.110 
128    | 2.6414     | 0.2430     | 1.2227       | 1.1757      | 0.0905     | 0.6374     | 0.5848     |             | 0.8403   | -0.121 
129    | 2.7168     | 0.2298     | 1.2925       | 1.1945      | 0.1049     | 0.6282     | 0.5739     |             | 0.8381   | -0.157 
130    | 2.7884     | 0.2512     | 1.3195       | 1.2177      | 0.0981     | 0.6612     | 0.5931     |             | 0.9185   | -0.112 
131    | 2.7466     | 0.2172     | 1.3074       | 1.2221      | 0.0982     | 0.6598     | 0.5856     |             | 1.0035   | -0.127 
132    | 2.7561     | 0.2346     | 1.3016       | 1.2198      | 0.0985     | 0.6502     | 0.5635     |             | 0.9809   | -0.172 
133    | 2.7838     | 0.2370     | 1.3306       | 1.2162      | 0.1006     | 0.6170     | 0.5607     |             | 0.9606   | -0.179 
134    | 2.7752     | 0.2371     | 1.2964       | 1.2416      | 0.1053     | 0.6152     | 0.6098     |             | 0.9428   | -0.086 
135    | 2.7594     | 0.2282     | 1.2969       | 1.2344      | 0.0900     | 0.6132     | 0.6206     |             | 0.9531   | -0.064 
136    | 2.7361     | 0.2313     | 1.2987       | 1.2060      | 0.0970     | 0.6256     | 0.5940     |             | 0.9001   | -0.109 
137    | 2.7089     | 0.2366     | 1.2645       | 1.2078      | 0.1040     | 0.6087     | 0.5883     |             | 0.8799   | -0.127 
138    | 2.6849     | 0.2444     | 1.2400       | 1.2005      | 0.1053     | 0.6215     | 0.5801     |             | 0.9703   | -0.145 
139    | 2.6410     | 0.2238     | 1.2442       | 1.1729      | 0.0967     | 0.6425     | 0.6058     |             | 0.8873   | -0.085 
140    | 2.6463     | 0.2278     | 1.2307       | 1.1878      | 0.0964     | 0.6308     | 0.5957     |             | 0.9283   | -0.105 
141    | 2.6505     | 0.2205     | 1.2382       | 1.1917      | 0.1031     | 0.6486     | 0.5923     |             | 0.8450   | -0.119 
142    | 2.6771     | 0.2299     | 1.2585       | 1.1887      | 0.0927     | 0.6551     | 0.5961     |             | 0.7649   | -0.101 
143    | 2.7095     | 0.2122     | 1.2990       | 1.1983      | 0.1080     | 0.6669     | 0.6072     |             | 0.8019   | -0.094 
144    | 2.7893     | 0.2356     | 1.3267       | 1.2270      | 0.1197     | 0.6605     | 0.5826     |             | 0.8510   | -0.154 
145    | 2.7464     | 0.2287     | 1.3070       | 1.2107      | 0.1000     | 0.6540     | 0.5753     |             | 0.8308   | -0.150 
146    | 2.7343     | 0.2108     | 1.3186       | 1.2048      | 0.1144     | 0.6278     | 0.5924     |             | 0.8390   | -0.130 
147    | 2.7468     | 0.2363     | 1.2878       | 1.2228      | 0.1077     | 0.6367     | 0.5934     |             | 0.8398   | -0.121 
148    | 2.6839     | 0.2218     | 1.2628       | 1.1993      | 0.0984     | 0.6086     | 0.5730     |             | 0.8114   | -0.152 
149    | 2.6862     | 0.2255     | 1.2647       | 1.1959      | 0.0958     | 0.6128     | 0.5893     |             | 0.9059   | -0.117 
150    | 2.6491     | 0.2151     | 1.2560       | 1.1780      | 0.0934     | 0.6044     | 0.5777     |             | 0.8827   | -0.138 
151    | 2.6818     | 0.2263     | 1.2599       | 1.1956      | 0.0933     | 0.6407     | 0.5927     |             | 0.8219   | -0.108 
152    | 2.6796     | 0.2210     | 1.2532       | 1.2054      | 0.0906     | 0.6344     | 0.6152     |             | 0.8897   | -0.060 
153    | 2.6508     | 0.2322     | 1.2296       | 1.1890      | 0.0824     | 0.6293     | 0.5940     |             | 0.9555   | -0.094 
154    | 2.6267     | 0.1943     | 1.2270       | 1.2054      | 0.0881     | 0.6243     | 0.6118     |             | 0.9208   | -0.064 
155    | 2.6554     | 0.2116     | 1.2448       | 1.1991      | 0.0918     | 0.6484     | 0.6006     |             | 0.8639   | -0.091 
156    | 2.7295     | 0.2438     | 1.2726       | 1.2131      | 0.0843     | 0.6346     | 0.6002     |             | 0.9880   | -0.084 
157    | 2.7867     | 0.2217     | 1.2958       | 1.2692      | 0.0929     | 0.6218     | 0.6107     |             | 0.9794   | -0.072 
158    | 2.7965     | 0.2452     | 1.2774       | 1.2739      | 0.0844     | 0.6221     | 0.5892     |             | 0.9585   | -0.106 
159    | 2.7959     | 0.2343     | 1.2844       | 1.2772      | 0.0868     | 0.6087     | 0.6094     |             | 0.9884   | -0.070 
160    | 2.7029     | 0.2306     | 1.2686       | 1.2037      | 0.0995     | 0.6228     | 0.6000     |             | 0.9253   | -0.099 
161    | 2.6622     | 0.2057     | 1.2685       | 1.1880      | 0.0949     | 0.6228     | 0.6022     |             | 0.8796   | -0.090 
162    | 2.6665     | 0.2046     | 1.2849       | 1.1769      | 0.1025     | 0.6363     | 0.5912     |             | 0.9942   | -0.120 
163    | 2.7376     | 0.2247     | 1.2984       | 1.2145      | 0.1129     | 0.6326     | 0.6014     |             | 0.9153   | -0.110 
164    | 2.7815     | 0.2258     | 1.3249       | 1.2308      | 0.1071     | 0.6453     | 0.6320     |             | 0.9275   | -0.043 
165    | 2.7809     | 0.2172     | 1.3308       | 1.2329      | 0.0975     | 0.6336     | 0.6186     |             | 0.8792   | -0.060 
166    | 2.7796     | 0.2054     | 1.3138       | 1.2604      | 0.1030     | 0.6449     | 0.6311     |             | 0.8728   | -0.041 
167    | 2.7502     | 0.2161     | 1.2888       | 1.2453      | 0.1035     | 0.6124     | 0.6469     |             | 0.8800   | -0.079 
168    | 2.7564     | 0.2138     | 1.2717       | 1.2708      | 0.1013     | 0.6083     | 0.6284     |             | 0.9115   | -0.085 
169    | 2.7387     | 0.2196     | 1.2624       | 1.2566      | 0.1073     | 0.6067     | 0.6316     |             | 0.8708   | -0.094 
170    | 2.7305     | 0.2145     | 1.2749       | 1.2412      | 0.1067     | 0.6317     | 0.6416     |             | 0.8275   | -0.043 
171    | 2.7367     | 0.2134     | 1.2695       | 1.2538      | 0.0947     | 0.6442     | 0.6359     |             | 0.8272   | -0.023 
172    | 2.7258     | 0.2239     | 1.2923       | 1.2096      | 0.0984     | 0.6425     | 0.6045     |             | 0.8104   | -0.089 
173    | 2.7086     | 0.2088     | 1.3065       | 1.1933      | 0.0958     | 0.6390     | 0.5923     |             | 0.8244   | -0.111 
174    | 2.6581     | 0.1905     | 1.2912       | 1.1764      | 0.0935     | 0.6570     | 0.6134     |             | 0.8389   | -0.067 
175    | 2.7287     | 0.2113     | 1.3045       | 1.2129      | 0.0934     | 0.6589     | 0.6277     |             | 0.7953   | -0.038 
176    | 2.7382     | 0.2074     | 1.3098       | 1.2210      | 0.1001     | 0.6525     | 0.6187     |             | 0.8042   | -0.063 
177    | 2.7651     | 0.2203     | 1.2982       | 1.2467      | 0.0961     | 0.6394     | 0.6259     |             | 0.8203   | -0.044 
178    | 2.7071     | 0.2062     | 1.2654       | 1.2355      | 0.0960     | 0.6379     | 0.6231     |             | 0.8531   | -0.050 
179    | 2.7244     | 0.2336     | 1.2536       | 1.2371      | 0.1077     | 0.6277     | 0.6303     |             | 0.8616   | -0.052 
180    | 2.7013     | 0.2103     | 1.2532       | 1.2378      | 0.0920     | 0.6403     | 0.6220     |             | 0.8462   | -0.048 
181    | 2.6937     | 0.2088     | 1.2531       | 1.2319      | 0.0876     | 0.6469     | 0.6040     |             | 0.8968   | -0.080 
182    | 2.6990     | 0.2124     | 1.2458       | 1.2408      | 0.1037     | 0.6418     | 0.6010     |             | 0.8477   | -0.102 
183    | 2.6971     | 0.2023     | 1.2656       | 1.2293      | 0.0995     | 0.6373     | 0.6008     |             | 0.8808   | -0.098 
184    | 2.6665     | 0.2037     | 1.2482       | 1.2146      | 0.0899     | 0.6335     | 0.5793     |             | 0.8453   | -0.131 
185    | 2.6630     | 0.2017     | 1.2492       | 1.2121      | 0.0999     | 0.6305     | 0.5684     |             | 0.8539   | -0.163 
186    | 2.6807     | 0.1965     | 1.2370       | 1.2473      | 0.0963     | 0.6309     | 0.6110     |             | 0.8892   | -0.074 
187    | 2.6739     | 0.1952     | 1.2273       | 1.2514      | 0.0888     | 0.6213     | 0.5995     |             | 0.7892   | -0.090 
188    | 2.6955     | 0.2031     | 1.2220       | 1.2704      | 0.1116     | 0.6220     | 0.6237     |             | 0.9029   | -0.068 
189    | 2.6657     | 0.1964     | 1.2261       | 1.2432      | 0.1008     | 0.6305     | 0.6240     |             | 0.7587   | -0.053 
190    | 2.6769     | 0.1942     | 1.2454       | 1.2373      | 0.0988     | 0.6424     | 0.6187     |             | 0.8551   | -0.061 
191    | 2.6957     | 0.1977     | 1.2456       | 1.2524      | 0.0882     | 0.6142     | 0.6017     |             | 0.8066   | -0.085 
192    | 2.6431     | 0.2079     | 1.2054       | 1.2298      | 0.0905     | 0.6024     | 0.6141     |             | 0.8901   | -0.086 
193    | 2.5864     | 0.1764     | 1.1999       | 1.2101      | 0.1020     | 0.6216     | 0.5950     |             | 0.9058   | -0.112 
194    | 2.6491     | 0.2015     | 1.2150       | 1.2327      | 0.1002     | 0.6485     | 0.6169     |             | 0.8920   | -0.066 
195    | 2.7084     | 0.1888     | 1.2484       | 1.2712      | 0.1033     | 0.6611     | 0.6328     |             | 0.8793   | -0.038 
196    | 2.7803     | 0.2246     | 1.2669       | 1.2888      | 0.1099     | 0.6780     | 0.6255     |             | 0.9124   | -0.059 
197    | 2.7372     | 0.2124     | 1.2821       | 1.2427      | 0.1020     | 0.6594     | 0.6192     |             | 0.9094   | -0.064 
198    | 2.7983     | 0.2187     | 1.3083       | 1.2713      | 0.1001     | 0.6843     | 0.6210     |             | 0.9735   | -0.058 
199    | 2.8150     | 0.2281     | 1.2959       | 1.2910      | 0.1125     | 0.6648     | 0.6035     |             | 0.9617   | -0.106 
200    | 2.7895     | 0.1965     | 1.3226       | 1.2704      | 0.0916     | 0.6812     | 0.6106     |             | 0.9104   | -0.070 
201    | 2.8084     | 0.2315     | 1.3169       | 1.2600      | 0.0916     | 0.6439     | 0.5896     |             | 0.8430   | -0.112 
202    | 2.7244     | 0.1946     | 1.2822       | 1.2476      | 0.0925     | 0.6566     | 0.6315     |             | 0.8558   | -0.029 
203    | 2.7204     | 0.1924     | 1.2568       | 1.2712      | 0.0945     | 0.6444     | 0.6224     |             | 0.8676   | -0.050 
204    | 2.7876     | 0.2240     | 1.2503       | 1.3133      | 0.0953     | 0.6260     | 0.6151     |             | 0.9384   | -0.065 
205    | 2.7954     | 0.2050     | 1.2537       | 1.3367      | 0.0944     | 0.6304     | 0.6333     |             | 0.8834   | -0.034 
206    | 2.8667     | 0.2287     | 1.2760       | 1.3620      | 0.0889     | 0.6295     | 0.6707     |             | 0.8834   | -0.030 
207    | 2.8117     | 0.1986     | 1.2929       | 1.3202      | 0.0962     | 0.6460     | 0.6825     |             | 0.9185   | -0.004 
208    | 2.8042     | 0.2123     | 1.2603       | 1.3316      | 0.0903     | 0.6414     | 0.6680     |             | 0.7850   | -0.008 
209    | 2.8065     | 0.1957     | 1.2792       | 1.3316      | 0.0942     | 0.6430     | 0.6750     |             | 0.8517   | -0.008 
210    | 2.8115     | 0.2090     | 1.2653       | 1.3373      | 0.0894     | 0.6453     | 0.6621     |             | 0.9152   | 0.001  
211    | 2.7728     | 0.2076     | 1.2633       | 1.3019      | 0.0957     | 0.6518     | 0.6293     |             | 0.7899   | -0.037 
212    | 2.7562     | 0.1897     | 1.2718       | 1.2946      | 0.0907     | 0.6643     | 0.6612     |             | 0.8315   | 0.032  
213    | 2.7564     | 0.1913     | 1.2777       | 1.2874      | 0.1077     | 0.6659     | 0.6253     |             | 0.9047   | -0.057 
214    | 2.7150     | 0.1879     | 1.2619       | 1.2651      | 0.1053     | 0.6657     | 0.6181     |             | 0.7883   | -0.069 
215    | 2.7473     | 0.2078     | 1.2747       | 1.2648      | 0.1050     | 0.6407     | 0.6046     |             | 0.8409   | -0.096 
216    | 2.7130     | 0.1837     | 1.2685       | 1.2607      | 0.1118     | 0.6643     | 0.5951     |             | 0.8491   | -0.122 
217    | 2.6929     | 0.1904     | 1.2646       | 1.2380      | 0.1040     | 0.6263     | 0.5912     |             | 0.8610   | -0.122 
218    | 2.7110     | 0.2069     | 1.2683       | 1.2358      | 0.0933     | 0.6324     | 0.6189     |             | 0.8584   | -0.055 
219    | 2.7005     | 0.1652     | 1.2597       | 1.2756      | 0.1139     | 0.6209     | 0.6184     |             | 0.9163   | -0.077 
220    | 2.7682     | 0.1907     | 1.3086       | 1.2689      | 0.1129     | 0.6624     | 0.6276     |             | 0.9582   | -0.058 
221    | 2.8044     | 0.2071     | 1.3207       | 1.2766      | 0.1095     | 0.6437     | 0.6105     |             | 0.9595   | -0.089 
222    | 2.7752     | 0.1728     | 1.3260       | 1.2764      | 0.1091     | 0.6657     | 0.6186     |             | 0.9584   | -0.072 
223    | 2.8169     | 0.1822     | 1.3466       | 1.2880      | 0.1032     | 0.6501     | 0.6142     |             | 0.9424   | -0.075 
224    | 2.8132     | 0.1888     | 1.3153       | 1.3091      | 0.1004     | 0.6605     | 0.6172     |             | 0.9363   | -0.066 
225    | 2.8154     | 0.2016     | 1.3083       | 1.3055      | 0.0871     | 0.6737     | 0.6217     |             | 0.8988   | -0.044 
226    | 2.7910     | 0.2025     | 1.3028       | 1.2857      | 0.0912     | 0.6926     | 0.5934     |             | 0.9283   | -0.104 
227    | 2.7767     | 0.1862     | 1.3046       | 1.2858      | 0.1005     | 0.6824     | 0.5938     |             | 0.8711   | -0.113 
228    | 2.7905     | 0.1950     | 1.3137       | 1.2819      | 0.0886     | 0.6820     | 0.6171     |             | 0.9162   | -0.054 
229    | 2.7859     | 0.1891     | 1.3160       | 1.2808      | 0.0847     | 0.6519     | 0.6127     |             | 0.9867   | -0.059 
230    | 2.7570     | 0.1835     | 1.3170       | 1.2565      | 0.0877     | 0.6579     | 0.6256     |             | 0.9490   | -0.037 
231    | 2.7859     | 0.1982     | 1.3248       | 1.2629      | 0.0911     | 0.6353     | 0.6143     |             | 0.9280   | -0.062 
232    | 2.7519     | 0.1786     | 1.3268       | 1.2465      | 0.0889     | 0.6340     | 0.6035     |             | 0.9309   | -0.082 
233    | 2.7673     | 0.1812     | 1.3228       | 1.2634      | 0.0938     | 0.6309     | 0.5831     |             | 0.8797   | -0.128 
234    | 2.7769     | 0.1836     | 1.3065       | 1.2868      | 0.0852     | 0.6254     | 0.5993     |             | 0.8569   | -0.087 
235    | 2.8189     | 0.1950     | 1.3126       | 1.3113      | 0.0943     | 0.6376     | 0.5806     |             | 0.8700   | -0.133 
236    | 2.7770     | 0.1947     | 1.3179       | 1.2644      | 0.0882     | 0.6368     | 0.5861     |             | 0.8870   | -0.116 
237    | 2.7345     | 0.1732     | 1.2924       | 1.2689      | 0.0844     | 0.6403     | 0.6048     |             | 0.9927   | -0.075 
238    | 2.7633     | 0.1851     | 1.2832       | 1.2950      | 0.0833     | 0.6296     | 0.6156     |             | 1.0364   | -0.052 
239    | 2.7683     | 0.1875     | 1.2862       | 1.2946      | 0.0802     | 0.6347     | 0.5938     |             | 0.9656   | -0.093 
240    | 2.8001     | 0.1871     | 1.2903       | 1.3227      | 0.0811     | 0.6203     | 0.6258     |             | 1.0249   | -0.041 
241    | 2.7652     | 0.1585     | 1.2759       | 1.3308      | 0.0882     | 0.6366     | 0.6547     |             | 0.9277   | -0.015 
242    | 2.7557     | 0.1788     | 1.2728       | 1.3041      | 0.0781     | 0.6292     | 0.6676     |             | 0.9777   | -0.020 
243    | 2.7388     | 0.1921     | 1.2649       | 1.2819      | 0.0834     | 0.6309     | 0.6373     |             | 0.9816   | -0.022 
244    | 2.7244     | 0.1937     | 1.2651       | 1.2656      | 0.0764     | 0.6374     | 0.6179     |             | 0.8958   | -0.041 
245    | 2.7555     | 0.1828     | 1.2720       | 1.3008      | 0.0834     | 0.6488     | 0.6573     |             | 0.8856   | 0.014  
246    | 2.8483     | 0.1854     | 1.3084       | 1.3545      | 0.0800     | 0.6575     | 0.6551     |             | 0.9299   | 0.030  
247    | 2.8360     | 0.1907     | 1.3191       | 1.3262      | 0.0938     | 0.6353     | 0.6325     |             | 0.9711   | -0.029 
248    | 2.7640     | 0.1754     | 1.3022       | 1.2865      | 0.0804     | 0.6333     | 0.6422     |             | 0.9239   | -0.014 
249    | 2.7516     | 0.1706     | 1.2951       | 1.2859      | 0.0873     | 0.6357     | 0.6473     |             | 0.8999   | -0.016 
250    | 2.7581     | 0.2017     | 1.2806       | 1.2758      | 0.0906     | 0.6251     | 0.6501     |             | 0.9307   | -0.040 
251    | 2.7331     | 0.1815     | 1.2787       | 1.2729      | 0.0887     | 0.6201     | 0.6532     |             | 0.9498   | -0.049 
252    | 2.7338     | 0.1594     | 1.2796       | 1.2948      | 0.0886     | 0.6140     | 0.6527     |             | 0.9476   | -0.061 
253    | 2.7708     | 0.1700     | 1.2863       | 1.3144      | 0.0854     | 0.6141     | 0.6580     |             | 0.9287   | -0.057 
254    | 2.7827     | 0.1810     | 1.2844       | 1.3173      | 0.0758     | 0.6291     | 0.6406     |             | 0.8934   | -0.018 
255    | 2.7824     | 0.1729     | 1.3059       | 1.3036      | 0.0964     | 0.6333     | 0.6559     |             | 0.9439   | -0.030 
256    | 2.7942     | 0.1822     | 1.3003       | 1.3117      | 0.0848     | 0.6345     | 0.6586     |             | 0.9214   | -0.016 
257    | 2.7711     | 0.1739     | 1.2905       | 1.3067      | 0.0901     | 0.6293     | 0.6439     |             | 0.9479   | -0.031 
258    | 2.8097     | 0.1794     | 1.2987       | 1.3316      | 0.0894     | 0.6349     | 0.6465     |             | 0.9285   | -0.020 
259    | 2.8047     | 0.1899     | 1.2866       | 1.3282      | 0.0945     | 0.6491     | 0.6553     |             | 0.9110   | 0.004  
260    | 2.7948     | 0.1872     | 1.2896       | 1.3179      | 0.0787     | 0.6434     | 0.6389     |             | 0.9170   | -0.001 
261    | 2.7963     | 0.1850     | 1.3067       | 1.3045      | 0.0804     | 0.6471     | 0.6325     |             | 0.8642   | -0.016 
262    | 2.7493     | 0.1866     | 1.2848       | 1.2779      | 0.0789     | 0.6536     | 0.6525     |             | 0.8734   | 0.026  
263    | 2.7390     | 0.1698     | 1.2875       | 1.2817      | 0.0760     | 0.6643     | 0.6724     |             | 0.8981   | 0.053  
264    | 2.7682     | 0.1766     | 1.3010       | 1.2906      | 0.0834     | 0.6682     | 0.6710     |             | 0.9474   | 0.053  
265    | 2.7616     | 0.1800     | 1.2864       | 1.2952      | 0.0784     | 0.6736     | 0.6469     |             | 0.9411   | 0.015  
266    | 2.7842     | 0.1812     | 1.2892       | 1.3138      | 0.0788     | 0.6780     | 0.6422     |             | 1.0283   | 0.006  
267    | 2.7867     | 0.1810     | 1.2951       | 1.3106      | 0.0788     | 0.6541     | 0.6403     |             | 0.9502   | 0.002  
268    | 2.7793     | 0.1820     | 1.2934       | 1.3039      | 0.0818     | 0.6540     | 0.6666     |             | 0.8957   | 0.026  
269    | 2.7991     | 0.1834     | 1.3166       | 1.2992      | 0.1025     | 0.6603     | 0.6599     |             | 0.9653   | 0.017  
270    | 2.8080     | 0.1800     | 1.3240       | 1.3040      | 0.0923     | 0.6654     | 0.6509     |             | 0.9446   | 0.009  
271    | 2.7969     | 0.1915     | 1.3282       | 1.2772      | 0.0933     | 0.6596     | 0.6304     |             | 0.9811   | -0.033 
272    | 2.8182     | 0.1903     | 1.3242       | 1.3036      | 0.0938     | 0.6753     | 0.6341     |             | 1.0212   | -0.026 
273    | 2.8632     | 0.1909     | 1.3563       | 1.3161      | 0.0889     | 0.6686     | 0.6202     |             | 0.9508   | -0.048 
274    | 2.8519     | 0.1896     | 1.3501       | 1.3122      | 0.0777     | 0.6702     | 0.6536     |             | 0.9371   | 0.030  
275    | 2.8170     | 0.1762     | 1.3298       | 1.3110      | 0.0872     | 0.6456     | 0.6176     |             | 0.9675   | -0.052 
276    | 2.7904     | 0.1840     | 1.3087       | 1.2976      | 0.0799     | 0.6436     | 0.6162     |             | 0.9367   | -0.048 
277    | 2.8175     | 0.1900     | 1.3321       | 1.2954      | 0.0767     | 0.6545     | 0.5941     |             | 0.9251   | -0.088 
278    | 2.8043     | 0.1692     | 1.3501       | 1.2849      | 0.0829     | 0.6522     | 0.6077     |             | 0.9600   | -0.067 
279    | 2.7948     | 0.1859     | 1.3350       | 1.2739      | 0.0783     | 0.6406     | 0.5971     |             | 0.9497   | -0.084 
280    | 2.8223     | 0.1892     | 1.3436       | 1.2895      | 0.0845     | 0.6417     | 0.6275     |             | 0.9064   | -0.029 
281    | 2.8087     | 0.1867     | 1.3080       | 1.3141      | 0.0885     | 0.6349     | 0.6543     |             | 0.9670   | -0.019 
282    | 2.8208     | 0.2000     | 1.2893       | 1.3316      | 0.0828     | 0.6467     | 0.6512     |             | 0.9781   | 0.011  
283    | 2.8124     | 0.1743     | 1.2889       | 1.3492      | 0.0903     | 0.6431     | 0.6568     |             | 0.9886   | -0.004 
284    | 2.8210     | 0.1819     | 1.2788       | 1.3603      | 0.0898     | 0.6346     | 0.6548     |             | 0.9028   | -0.021 
285    | 2.8049     | 0.1591     | 1.2994       | 1.3463      | 0.0922     | 0.6518     | 0.6485     |             | 0.9186   | 0.005  
286    | 2.8220     | 0.1781     | 1.3127       | 1.3313      | 0.0914     | 0.6493     | 0.6438     |             | 0.9892   | -0.004 
287    | 2.8148     | 0.1852     | 1.2889       | 1.3407      | 0.0834     | 0.6341     | 0.6619     |             | 0.9150   | -0.015 
288    | 2.7947     | 0.1751     | 1.3026       | 1.3170      | 0.0830     | 0.6477     | 0.6354     |             | 0.9964   | -0.012 
289    | 2.7953     | 0.1878     | 1.3143       | 1.2931      | 0.0846     | 0.6433     | 0.6214     |             | 0.9998   | -0.042 
290    | 2.7157     | 0.1612     | 1.2957       | 1.2588      | 0.0851     | 0.6440     | 0.6322     |             | 0.9441   | -0.021 
291    | 2.7459     | 0.1629     | 1.3239       | 1.2591      | 0.0775     | 0.6531     | 0.6338     |             | 0.9659   | -0.010 
292    | 2.7544     | 0.1644     | 1.3162       | 1.2738      | 0.0828     | 0.6499     | 0.6270     |             | 0.9621   | -0.029 
293    | 2.7557     | 0.1671     | 1.2982       | 1.2904      | 0.0820     | 0.6364     | 0.6529     |             | 0.9307   | -0.009 
294    | 2.7377     | 0.1610     | 1.2850       | 1.2917      | 0.0857     | 0.6296     | 0.6565     |             | 0.9047   | -0.026 
295    | 2.7519     | 0.1586     | 1.2846       | 1.3086      | 0.0871     | 0.6331     | 0.6617     |             | 0.9026   | -0.021 
296    | 2.7478     | 0.1734     | 1.2610       | 1.3134      | 0.0850     | 0.6199     | 0.6618     |             | 0.9164   | -0.045 
297    | 2.7393     | 0.1644     | 1.2475       | 1.3274      | 0.0932     | 0.6038     | 0.6607     |             | 0.9228   | -0.086 
298    | 2.7291     | 0.1567     | 1.2467       | 1.3257      | 0.0918     | 0.6247     | 0.6522     |             | 0.8766   | -0.042 
299    | 2.7409     | 0.1637     | 1.2539       | 1.3232      | 0.0977     | 0.6323     | 0.6718     |             | 0.8918   | -0.033 
300    | 2.7523     | 0.1586     | 1.2699       | 1.3237      | 0.0893     | 0.6193     | 0.6417     |             | 0.8956   | -0.051 
301    | 2.7246     | 0.1518     | 1.2683       | 1.3044      | 0.0858     | 0.6304     | 0.6551     |             | 0.9093   | -0.025 
302    | 2.7519     | 0.1587     | 1.2768       | 1.3164      | 0.0902     | 0.6249     | 0.6592     |             | 0.9253   | -0.040 
303    | 2.7577     | 0.1518     | 1.2868       | 1.3190      | 0.0930     | 0.6317     | 0.6503     |             | 0.8574   | -0.030 
304    | 2.7622     | 0.1555     | 1.2835       | 1.3232      | 0.0895     | 0.6391     | 0.6698     |             | 0.9134   | -0.011 
305    | 2.8218     | 0.1875     | 1.2976       | 1.3368      | 0.0813     | 0.6414     | 0.6498     |             | 0.9314   | 0.002  
306    | 2.7627     | 0.1665     | 1.2745       | 1.3217      | 0.0916     | 0.6373     | 0.6453     |             | 0.9518   | -0.017 
307    | 2.7333     | 0.1513     | 1.2858       | 1.2962      | 0.0947     | 0.6314     | 0.6493     |             | 0.9617   | -0.032 
308    | 2.7501     | 0.1538     | 1.2797       | 1.3166      | 0.0863     | 0.6301     | 0.6599     |             | 0.9636   | -0.026 
309    | 2.7364     | 0.1532     | 1.2630       | 1.3202      | 0.0879     | 0.6384     | 0.6624     |             | 0.9817   | -0.011 
310    | 2.7304     | 0.1649     | 1.2562       | 1.3093      | 0.0793     | 0.6325     | 0.6538     |             | 0.9492   | -0.014 
311    | 2.7191     | 0.1634     | 1.2568       | 1.2989      | 0.0822     | 0.6457     | 0.6499     |             | 0.9107   | 0.009  
312    | 2.7082     | 0.1565     | 1.2715       | 1.2802      | 0.0828     | 0.6411     | 0.6309     |             | 0.8921   | -0.021 
313    | 2.7319     | 0.1735     | 1.2725       | 1.2859      | 0.0774     | 0.6358     | 0.6371     |             | 0.9116   | -0.006 
314    | 2.6738     | 0.1320     | 1.2777       | 1.2641      | 0.0802     | 0.6416     | 0.6376     |             | 0.9171   | -0.005 
315    | 2.7207     | 0.1664     | 1.2849       | 1.2695      | 0.0831     | 0.6231     | 0.6317     |             | 0.9057   | -0.037 
316    | 2.7287     | 0.1707     | 1.2804       | 1.2776      | 0.0787     | 0.6242     | 0.6177     |             | 0.8777   | -0.043 
317    | 2.6635     | 0.1407     | 1.2504       | 1.2724      | 0.0854     | 0.6072     | 0.6285     |             | 0.9254   | -0.071 
318    | 2.7212     | 0.1665     | 1.2737       | 1.2810      | 0.0826     | 0.6059     | 0.6310     |             | 0.8728   | -0.071 
319    | 2.7240     | 0.1521     | 1.2714       | 1.3005      | 0.0834     | 0.6092     | 0.6380     |             | 0.8870   | -0.065 
320    | 2.7170     | 0.1449     | 1.2608       | 1.3114      | 0.0768     | 0.6246     | 0.6261     |             | 0.9215   | -0.028 
321    | 2.7335     | 0.1595     | 1.2813       | 1.2926      | 0.0815     | 0.6335     | 0.6371     |             | 0.8199   | -0.015 
322    | 2.7425     | 0.1595     | 1.2984       | 1.2847      | 0.0785     | 0.6417     | 0.6401     |             | 0.8712   | 0.002  
323    | 2.7915     | 0.1686     | 1.3311       | 1.2917      | 0.0844     | 0.6468     | 0.6335     |             | 0.7869   | -0.017 
324    | 2.7741     | 0.1626     | 1.3197       | 1.2919      | 0.0861     | 0.6483     | 0.6446     |             | 0.7903   | 0.003  
325    | 2.7459     | 0.1562     | 1.2886       | 1.3011      | 0.0777     | 0.6364     | 0.6511     |             | 0.8341   | -0.005 
326    | 2.7617     | 0.1443     | 1.2982       | 1.3192      | 0.0861     | 0.6417     | 0.6665     |             | 0.8799   | -0.003 
327    | 2.7933     | 0.1618     | 1.3084       | 1.3231      | 0.0843     | 0.6429     | 0.6453     |             | 0.8784   | 0.002  
328    | 2.8080     | 0.1607     | 1.3191       | 1.3282      | 0.0846     | 0.6527     | 0.6545     |             | 0.8434   | 0.021  
329    | 2.7855     | 0.1530     | 1.3201       | 1.3123      | 0.0850     | 0.6384     | 0.6591     |             | 0.7942   | -0.008 
330    | 2.8004     | 0.1613     | 1.3166       | 1.3224      | 0.0850     | 0.6262     | 0.6701     |             | 0.8533   | -0.033 
331    | 2.7876     | 0.1613     | 1.3021       | 1.3243      | 0.0810     | 0.6220     | 0.6706     |             | 0.9034   | -0.037 
332    | 2.7727     | 0.1631     | 1.2934       | 1.3163      | 0.0794     | 0.6277     | 0.6557     |             | 0.8215   | -0.024 
333    | 2.7641     | 0.1486     | 1.3046       | 1.3109      | 0.0837     | 0.6220     | 0.6499     |             | 0.8609   | -0.040 
334    | 2.7589     | 0.1470     | 1.3105       | 1.3013      | 0.0882     | 0.6302     | 0.6453     |             | 0.8944   | -0.028 
335    | 2.7559     | 0.1501     | 1.3072       | 1.2986      | 0.0862     | 0.6269     | 0.6471     |             | 0.8934   | -0.032 
336    | 2.7818     | 0.1581     | 1.3256       | 1.2981      | 0.0819     | 0.6274     | 0.6298     |             | 0.8369   | -0.027 
337    | 2.8160     | 0.1552     | 1.3529       | 1.3079      | 0.0794     | 0.6355     | 0.6240     |             | 0.8708   | -0.031 
338    | 2.8299     | 0.1534     | 1.3578       | 1.3187      | 0.0841     | 0.6373     | 0.6227     |             | 0.8963   | -0.039 
339    | 2.8262     | 0.1502     | 1.3472       | 1.3288      | 0.0821     | 0.6348     | 0.6373     |             | 0.9091   | -0.013 
340    | 2.8604     | 0.1749     | 1.3474       | 1.3381      | 0.0946     | 0.6237     | 0.6301     |             | 0.9464   | -0.047 
341    | 2.8201     | 0.1544     | 1.3276       | 1.3380      | 0.0769     | 0.6241     | 0.6452     |             | 0.8503   | -0.029 
342    | 2.8489     | 0.1596     | 1.3449       | 1.3444      | 0.0840     | 0.6323     | 0.6518     |             | 0.8639   | -0.019 
343    | 2.8612     | 0.1726     | 1.3453       | 1.3433      | 0.0823     | 0.6582     | 0.6404     |             | 0.8878   | -0.001 
344    | 2.8279     | 0.1547     | 1.3551       | 1.3180      | 0.0816     | 0.6432     | 0.6360     |             | 0.8205   | -0.010 
345    | 2.8434     | 0.1531     | 1.3589       | 1.3314      | 0.0846     | 0.6422     | 0.6289     |             | 0.9201   | -0.027 
346    | 2.8334     | 0.1680     | 1.3627       | 1.3027      | 0.0859     | 0.6423     | 0.6367     |             | 0.9057   | -0.012 
347    | 2.8212     | 0.1446     | 1.3554       | 1.3212      | 0.0898     | 0.6606     | 0.6381     |             | 0.8764   | -0.014 
348    | 2.8235     | 0.1527     | 1.3524       | 1.3184      | 0.0913     | 0.6602     | 0.6522     |             | 0.9112   | 0.013  
349    | 2.8207     | 0.1580     | 1.3388       | 1.3239      | 0.0839     | 0.6539     | 0.6431     |             | 0.9001   | 0.002  
350    | 2.8219     | 0.1698     | 1.3243       | 1.3278      | 0.0897     | 0.6530     | 0.6316     |             | 0.8972   | -0.026 
351    | 2.7844     | 0.1482     | 1.3418       | 1.2944      | 0.0864     | 0.6540     | 0.6292     |             | 0.8425   | -0.028 
352    | 2.7862     | 0.1668     | 1.3338       | 1.2857      | 0.0875     | 0.6554     | 0.6167     |             | 0.8501   | -0.054 
353    | 2.7660     | 0.1502     | 1.3275       | 1.2884      | 0.0850     | 0.6595     | 0.6219     |             | 0.8732   | -0.041 
354    | 2.7806     | 0.1557     | 1.3202       | 1.3047      | 0.0868     | 0.6448     | 0.6451     |             | 0.8163   | 0.003  
355    | 2.7490     | 0.1318     | 1.3024       | 1.3148      | 0.0843     | 0.6338     | 0.6519     |             | 0.8321   | -0.017 
356    | 2.7601     | 0.1350     | 1.3081       | 1.3170      | 0.0855     | 0.6430     | 0.6591     |             | 0.8988   | 0.001  
357    | 2.8173     | 0.1645     | 1.3107       | 1.3421      | 0.0852     | 0.6426     | 0.6671     |             | 0.9791   | 0.000  
358    | 2.7710     | 0.1361     | 1.3086       | 1.3263      | 0.0880     | 0.6388     | 0.6578     |             | 0.9080   | -0.010 
359    | 2.7707     | 0.1425     | 1.3086       | 1.3197      | 0.0907     | 0.6358     | 0.6613     |             | 0.9803   | -0.019 
360    | 2.7709     | 0.1306     | 1.3204       | 1.3200      | 0.0880     | 0.6256     | 0.6563     |             | 0.9216   | -0.037 
361    | 2.7603     | 0.1448     | 1.3104       | 1.3051      | 0.0842     | 0.6306     | 0.6421     |             | 0.9516   | -0.023 
362    | 2.7641     | 0.1411     | 1.3176       | 1.3053      | 0.0936     | 0.6322     | 0.6534     |             | 0.9081   | -0.029 
363    | 2.7639     | 0.1457     | 1.3224       | 1.2958      | 0.0910     | 0.6370     | 0.6610     |             | 0.9148   | -0.017 
364    | 2.7813     | 0.1507     | 1.3229       | 1.3077      | 0.0917     | 0.6522     | 0.6725     |             | 0.9153   | 0.013  
365    | 2.7784     | 0.1343     | 1.3351       | 1.3089      | 0.0856     | 0.6532     | 0.6585     |             | 0.8878   | 0.021  
366    | 2.8071     | 0.1546     | 1.3336       | 1.3189      | 0.0881     | 0.6640     | 0.6685     |             | 0.9234   | 0.040  
367    | 2.7981     | 0.1509     | 1.3425       | 1.3047      | 0.0913     | 0.6721     | 0.6543     |             | 1.0041   | 0.017  
368    | 2.7976     | 0.1420     | 1.3463       | 1.3093      | 0.0861     | 0.6675     | 0.6475     |             | 1.0246   | 0.009  
369    | 2.7951     | 0.1520     | 1.3286       | 1.3145      | 0.0814     | 0.6545     | 0.6450     |             | 1.0018   | 0.009  
370    | 2.7794     | 0.1526     | 1.3227       | 1.3042      | 0.0751     | 0.6554     | 0.6318     |             | 0.9402   | -0.011 
371    | 2.7973     | 0.1631     | 1.3118       | 1.3224      | 0.0858     | 0.6557     | 0.6334     |             | 0.9191   | -0.019 
372    | 2.7732     | 0.1558     | 1.3043       | 1.3132      | 0.0800     | 0.6652     | 0.6269     |             | 0.9668   | -0.026 
373    | 2.7577     | 0.1385     | 1.3037       | 1.3154      | 0.0841     | 0.6599     | 0.6552     |             | 0.9146   | 0.026  
374    | 2.7637     | 0.1443     | 1.3034       | 1.3160      | 0.0774     | 0.6597     | 0.6698     |             | 0.9930   | 0.042  
375    | 2.7750     | 0.1552     | 1.3098       | 1.3100      | 0.0765     | 0.6634     | 0.6331     |             | 1.0393   | -0.010 
376    | 2.7685     | 0.1538     | 1.3241       | 1.2906      | 0.0723     | 0.6756     | 0.6408     |             | 0.9469   | 0.009  
377    | 2.7820     | 0.1604     | 1.3186       | 1.3031      | 0.0737     | 0.6702     | 0.6600     |             | 0.9408   | 0.046  
378    | 2.7663     | 0.1346     | 1.3167       | 1.3149      | 0.0719     | 0.6717     | 0.6827     |             | 0.9272   | 0.071  
379    | 2.7759     | 0.1438     | 1.3047       | 1.3274      | 0.0690     | 0.6716     | 0.6758     |             | 0.9766   | 0.074  
380    | 2.7720     | 0.1400     | 1.2897       | 1.3422      | 0.0635     | 0.6594     | 0.6855     |             | 0.9942   | 0.055  
381    | 2.7939     | 0.1574     | 1.2940       | 1.3425      | 0.0666     | 0.6585     | 0.6800     |             | 1.0347   | 0.050  
382    | 2.7694     | 0.1590     | 1.2753       | 1.3350      | 0.0771     | 0.6608     | 0.6536     |             | 1.0231   | 0.030  
383    | 2.7655     | 0.1488     | 1.3041       | 1.3126      | 0.0657     | 0.6539     | 0.6416     |             | 1.0119   | 0.018  
384    | 2.7732     | 0.1525     | 1.3102       | 1.3104      | 0.0696     | 0.6761     | 0.6376     |             | 0.9740   | 0.006  
385    | 2.7584     | 0.1397     | 1.3060       | 1.3127      | 0.0734     | 0.6707     | 0.6439     |             | 0.9584   | 0.015  
386    | 2.8247     | 0.1743     | 1.3267       | 1.3236      | 0.0756     | 0.6741     | 0.6468     |             | 0.9567   | 0.018  
387    | 2.8391     | 0.1738     | 1.3245       | 1.3407      | 0.0859     | 0.6750     | 0.6556     |             | 1.0307   | 0.025  
388    | 2.8019     | 0.1464     | 1.3262       | 1.3293      | 0.0820     | 0.6586     | 0.6401     |             | 0.9661   | -0.002 
389    | 2.7658     | 0.1354     | 1.3149       | 1.3155      | 0.0800     | 0.6597     | 0.6322     |             | 0.9774   | -0.015 
390    | 2.7652     | 0.1515     | 1.3144       | 1.2993      | 0.0926     | 0.6633     | 0.6381     |             | 0.9860   | -0.016 
391    | 2.7272     | 0.1336     | 1.2999       | 1.2937      | 0.0777     | 0.6689     | 0.6272     |             | 0.9255   | -0.023 
392    | 2.7264     | 0.1414     | 1.3096       | 1.2754      | 0.0848     | 0.6753     | 0.6232     |             | 0.8825   | -0.038 
393    | 2.7267     | 0.1531     | 1.2936       | 1.2801      | 0.0778     | 0.6676     | 0.6227     |             | 0.8714   | -0.032 
394    | 2.7227     | 0.1465     | 1.2919       | 1.2842      | 0.0811     | 0.6643     | 0.6177     |             | 0.9305   | -0.046 
395    | 2.7124     | 0.1245     | 1.2981       | 1.2898      | 0.0870     | 0.6531     | 0.6433     |             | 0.8396   | -0.000 
396    | 2.7624     | 0.1512     | 1.3041       | 1.3070      | 0.0846     | 0.6507     | 0.6318     |             | 0.8247   | -0.021 
397    | 2.7657     | 0.1513     | 1.2980       | 1.3164      | 0.0794     | 0.6492     | 0.6483     |             | 0.8589   | 0.017  
398    | 2.7571     | 0.1419     | 1.2991       | 1.3161      | 0.0749     | 0.6441     | 0.6505     |             | 0.9298   | 0.013  
399    | 2.7367     | 0.1391     | 1.2939       | 1.3036      | 0.0797     | 0.6355     | 0.6412     |             | 0.9344   | -0.009 
400    | 2.7509     | 0.1428     | 1.3057       | 1.3024      | 0.0847     | 0.6331     | 0.6511     |             | 0.9136   | -0.018 
Seed 6767 | Src MDE: 0.0132 | Tgt MDE: 0.9766
Start Training Seed 123456...

Start Training... (Validate on Source Val & Target Val)
Epoch  | Total Loss | Train Cls  | Train D_RSSI | Train D_RTT | Val Cls    | Val D_RSSI | Val D_RTT  | Save        | Test MDE | Score  
---------------------------------------------------------------------------------------------------------------------------------------
1      | 6.2533     | 3.4555     | 1.3996       | 1.3982      | 2.8287     | 0.6915     | 0.6875     |             | 1.3498   | -2.654 
2      | 5.4684     | 2.7246     | 1.3776       | 1.3661      | 2.2230     | 0.6893     | 0.6790     |             | 1.1986   | -2.065 
3      | 4.9498     | 2.2398     | 1.3602       | 1.3498      | 1.8001     | 0.6821     | 0.6728     |             | 0.9640   | -1.654 
4      | 4.6239     | 1.9412     | 1.3490       | 1.3336      | 1.4523     | 0.6792     | 0.6636     |             | 0.9959   | -1.325 
5      | 4.3045     | 1.6544     | 1.3332       | 1.3168      | 1.1475     | 0.6706     | 0.6536     |             | 0.9495   | -1.040 
6      | 4.0533     | 1.4348     | 1.3201       | 1.2984      | 0.9410     | 0.6655     | 0.6472     |             | 0.9765   | -0.847 
7      | 3.8233     | 1.2516     | 1.3015       | 1.2702      | 0.7503     | 0.6618     | 0.6425     |             | 0.9709   | -0.665 
8      | 3.6602     | 1.1291     | 1.2814       | 1.2498      | 0.6059     | 0.6581     | 0.6336     |             | 0.8994   | -0.539 
9      | 3.4652     | 0.9911     | 1.2600       | 1.2141      | 0.4918     | 0.6498     | 0.6270     |             | 0.9059   | -0.438 
10     | 3.3500     | 0.9264     | 1.2358       | 1.1878      | 0.4322     | 0.6513     | 0.6210     |             | 0.8532   | -0.390 
11     | 3.1928     | 0.8414     | 1.2057       | 1.1457      | 0.3808     | 0.6438     | 0.6244     |             | 0.8565   | -0.332 
12     | 3.0764     | 0.7854     | 1.1845       | 1.1065      | 0.3137     | 0.6357     | 0.6008     |             | 0.8467   | -0.312 
13     | 2.9457     | 0.7171     | 1.1521       | 1.0765      | 0.2712     | 0.6323     | 0.5986     |             | 0.8621   | -0.274 
14     | 2.8289     | 0.6888     | 1.1154       | 1.0247      | 0.2469     | 0.6255     | 0.5936     |             | 0.8403   | -0.260 
15     | 2.7275     | 0.6513     | 1.0743       | 1.0019      | 0.2178     | 0.6282     | 0.5852     |             | 0.8101   | -0.247 
16     | 2.6357     | 0.6135     | 1.0451       | 0.9771      | 0.1977     | 0.6080     | 0.5802     |             | 0.8119   | -0.237 
17     | 2.5118     | 0.5733     | 1.0055       | 0.9329      | 0.1741     | 0.5985     | 0.5735     |             | 0.7892   | -0.227 
18     | 2.4494     | 0.5694     | 0.9664       | 0.9136      | 0.1622     | 0.5937     | 0.5703     |             | 0.8367   | -0.222 
19     | 2.2992     | 0.5024     | 0.9267       | 0.8701      | 0.1522     | 0.5855     | 0.5538     |             | 0.8128   | -0.245 
20     | 2.2761     | 0.4930     | 0.9179       | 0.8653      | 0.1388     | 0.5916     | 0.5454     |             | 0.8247   | -0.248 
21     | 2.1855     | 0.4902     | 0.8649       | 0.8303      | 0.1286     | 0.5948     | 0.5537     |             | 0.8074   | -0.221 
22     | 2.1489     | 0.4834     | 0.8485       | 0.8170      | 0.1302     | 0.5940     | 0.5411     |             | 0.8119   | -0.248 
23     | 2.0956     | 0.4417     | 0.8374       | 0.8165      | 0.1216     | 0.6046     | 0.5316     |             | 0.8275   | -0.258 
24     | 2.1234     | 0.4652     | 0.8178       | 0.8404      | 0.1163     | 0.5496     | 0.5414     |             | 0.8637   | -0.234 
25     | 2.0747     | 0.4320     | 0.8040       | 0.8386      | 0.1061     | 0.5592     | 0.5228     |             | 0.7867   | -0.261 
26     | 2.0539     | 0.4046     | 0.8011       | 0.8482      | 0.1049     | 0.5709     | 0.5129     |             | 0.8354   | -0.279 
27     | 2.0712     | 0.4062     | 0.8104       | 0.8545      | 0.0996     | 0.5579     | 0.5386     |             | 0.8330   | -0.222 
28     | 2.0640     | 0.3906     | 0.8288       | 0.8446      | 0.1044     | 0.5442     | 0.5171     |             | 0.8377   | -0.270 
29     | 2.0871     | 0.4132     | 0.8161       | 0.8578      | 0.1030     | 0.5699     | 0.5333     |             | 0.8095   | -0.237 
30     | 2.0582     | 0.3985     | 0.8269       | 0.8328      | 0.0889     | 0.5688     | 0.5169     |             | 0.8114   | -0.255 
31     | 2.0281     | 0.3914     | 0.8142       | 0.8224      | 0.0852     | 0.5647     | 0.5148     |             | 0.7748   | -0.256 
32     | 2.0734     | 0.3725     | 0.8328       | 0.8681      | 0.1021     | 0.5864     | 0.5667     |             | 0.8024   | -0.169 
33     | 2.0712     | 0.3736     | 0.8226       | 0.8750      | 0.0921     | 0.5482     | 0.5184     |             | 0.8229   | -0.255 
34     | 2.0193     | 0.3530     | 0.8152       | 0.8510      | 0.0834     | 0.5612     | 0.5616     |             | 0.7854   | -0.161 
35     | 2.1076     | 0.3643     | 0.8476       | 0.8956      | 0.0835     | 0.5831     | 0.5429     |             | 0.8215   | -0.198 
36     | 2.1660     | 0.3583     | 0.8900       | 0.9177      | 0.0877     | 0.5933     | 0.5280     |             | 0.8440   | -0.232 
37     | 2.2090     | 0.4013     | 0.9026       | 0.9051      | 0.0903     | 0.5639     | 0.5394     |             | 0.7723   | -0.211 
38     | 2.2981     | 0.3752     | 0.9594       | 0.9634      | 0.0803     | 0.6339     | 0.5324     |             | 0.7892   | -0.215 
39     | 2.3293     | 0.3772     | 0.9573       | 0.9948      | 0.0830     | 0.6295     | 0.5464     |             | 0.8394   | -0.190 
40     | 2.2700     | 0.3544     | 0.9379       | 0.9777      | 0.0861     | 0.6109     | 0.5482     |             | 0.8115   | -0.190 
41     | 2.3512     | 0.3690     | 0.9940       | 0.9882      | 0.0828     | 0.6127     | 0.5468     |             | 0.8014   | -0.189 
42     | 2.4344     | 0.3765     | 1.0455       | 1.0124      | 0.0856     | 0.6193     | 0.5264     |             | 0.8592   | -0.233 
43     | 2.5215     | 0.3679     | 1.1286       | 1.0250      | 0.0899     | 0.6540     | 0.5703     |             | 0.7844   | -0.149 
44     | 2.5207     | 0.3473     | 1.1571       | 1.0163      | 0.0773     | 0.6174     | 0.5519     |             | 0.8028   | -0.173 
45     | 2.5371     | 0.3921     | 1.1168       | 1.0282      | 0.0761     | 0.6377     | 0.5422     |             | 0.8175   | -0.192 
46     | 2.5089     | 0.3780     | 1.1077       | 1.0233      | 0.0872     | 0.5963     | 0.5492     |             | 0.8901   | -0.189 
47     | 2.4469     | 0.3658     | 1.0695       | 1.0117      | 0.0881     | 0.5924     | 0.5384     |             | 0.8221   | -0.211 
48     | 2.5249     | 0.3867     | 1.1083       | 1.0300      | 0.0765     | 0.5878     | 0.5521     |             | 0.8439   | -0.172 
49     | 2.5692     | 0.3758     | 1.1448       | 1.0487      | 0.0926     | 0.5611     | 0.5436     |             | 0.8126   | -0.205 
50     | 2.5379     | 0.3711     | 1.1318       | 1.0350      | 0.0804     | 0.6029     | 0.5499     |             | 0.8819   | -0.181 
51     | 2.5446     | 0.3760     | 1.1166       | 1.0519      | 0.0792     | 0.5973     | 0.5416     |             | 0.8133   | -0.196 
52     | 2.5406     | 0.3830     | 1.0997       | 1.0579      | 0.0839     | 0.6080     | 0.5238     |             | 0.8711   | -0.236 
53     | 2.4930     | 0.3346     | 1.1032       | 1.0551      | 0.0876     | 0.6244     | 0.5594     |             | 0.8329   | -0.169 
54     | 2.6287     | 0.3835     | 1.1598       | 1.0853      | 0.0774     | 0.6198     | 0.5405     |             | 0.8886   | -0.196 
55     | 2.5167     | 0.3518     | 1.0841       | 1.0808      | 0.0799     | 0.5724     | 0.5205     |             | 0.8488   | -0.239 
56     | 2.5197     | 0.3458     | 1.0645       | 1.1093      | 0.0747     | 0.5932     | 0.5196     |             | 0.8840   | -0.236 
57     | 2.5014     | 0.3199     | 1.1002       | 1.0813      | 0.0867     | 0.5957     | 0.5195     |             | 0.9122   | -0.248 
58     | 2.5106     | 0.3530     | 1.0910       | 1.0665      | 0.0756     | 0.5897     | 0.5134     |             | 0.8607   | -0.249 
59     | 2.5300     | 0.3327     | 1.1036       | 1.0937      | 0.0849     | 0.5910     | 0.5171     |             | 0.8612   | -0.251 
60     | 2.4942     | 0.3224     | 1.0965       | 1.0753      | 0.0871     | 0.5697     | 0.5419     |             | 0.8823   | -0.203 
61     | 2.4881     | 0.3180     | 1.0926       | 1.0775      | 0.0675     | 0.5875     | 0.5103     |             | 0.8734   | -0.247 
62     | 2.5412     | 0.3206     | 1.1392       | 1.0814      | 0.0709     | 0.6058     | 0.5294     |             | 0.8669   | -0.212 
63     | 2.5689     | 0.3240     | 1.1268       | 1.1181      | 0.0749     | 0.5826     | 0.5290     |             | 0.8366   | -0.217 
64     | 2.5734     | 0.3441     | 1.1124       | 1.1168      | 0.0731     | 0.5737     | 0.5353     |             | 0.8599   | -0.202 
65     | 2.5798     | 0.3300     | 1.1070       | 1.1428      | 0.0857     | 0.5885     | 0.5685     |             | 0.8746   | -0.149 
66     | 2.5848     | 0.3286     | 1.1054       | 1.1509      | 0.0827     | 0.5823     | 0.5721     |             | 0.8743   | -0.139 
67     | 2.5529     | 0.3140     | 1.1121       | 1.1268      | 0.0699     | 0.5761     | 0.5616     |             | 0.8233   | -0.147 
68     | 2.5672     | 0.3079     | 1.1560       | 1.1033      | 0.0704     | 0.6125     | 0.5580     |             | 0.8789   | -0.154 
69     | 2.6676     | 0.3301     | 1.2220       | 1.1155      | 0.0670     | 0.6354     | 0.5634     |             | 0.8606   | -0.140 
70     | 2.6723     | 0.3269     | 1.2107       | 1.1347      | 0.0650     | 0.6232     | 0.5777     |             | 0.8602   | -0.110 
71     | 2.6769     | 0.3543     | 1.1731       | 1.1495      | 0.0745     | 0.6360     | 0.5740     |             | 0.8341   | -0.126 
72     | 2.6127     | 0.3208     | 1.1593       | 1.1326      | 0.0633     | 0.5999     | 0.5740     |             | 0.8390   | -0.115 
73     | 2.5988     | 0.3146     | 1.1752       | 1.1089      | 0.0747     | 0.6155     | 0.5499     |             | 0.9194   | -0.175 
74     | 2.5970     | 0.3109     | 1.1816       | 1.1045      | 0.0723     | 0.6220     | 0.5536     |             | 0.8355   | -0.165 
75     | 2.5411     | 0.2982     | 1.1624       | 1.0805      | 0.0695     | 0.6094     | 0.5624     |             | 0.8139   | -0.145 
76     | 2.5013     | 0.2930     | 1.1295       | 1.0788      | 0.0701     | 0.6077     | 0.5519     |             | 0.8642   | -0.166 
77     | 2.5424     | 0.2919     | 1.1726       | 1.0779      | 0.0734     | 0.7009     | 0.5794     |             | 0.8337   | -0.115 
78     | 2.6431     | 0.3028     | 1.2600       | 1.0803      | 0.0691     | 0.6760     | 0.5606     |             | 0.8056   | -0.148 
79     | 2.6709     | 0.3233     | 1.2341       | 1.1135      | 0.0659     | 0.6576     | 0.5771     |             | 0.8333   | -0.112 
80     | 2.6393     | 0.2949     | 1.2032       | 1.1412      | 0.0703     | 0.6084     | 0.5846     |             | 0.8399   | -0.101 
81     | 2.6093     | 0.3106     | 1.1581       | 1.1406      | 0.0722     | 0.6070     | 0.5915     |             | 0.8372   | -0.089 
82     | 2.5749     | 0.3172     | 1.1504       | 1.1072      | 0.0677     | 0.6401     | 0.5960     |             | 0.8316   | -0.076 
83     | 2.5582     | 0.2849     | 1.1614       | 1.1119      | 0.0566     | 0.6016     | 0.5512     |             | 0.7968   | -0.154 
84     | 2.5999     | 0.3078     | 1.1812       | 1.1109      | 0.0630     | 0.6068     | 0.5748     |             | 0.8097   | -0.113 
85     | 2.5630     | 0.2753     | 1.1535       | 1.1342      | 0.0628     | 0.6116     | 0.5978     |             | 0.8263   | -0.067 
86     | 2.5995     | 0.3029     | 1.1626       | 1.1340      | 0.0559     | 0.5904     | 0.5872     |             | 0.8288   | -0.081 
87     | 2.5777     | 0.2804     | 1.1366       | 1.1606      | 0.0564     | 0.5962     | 0.6146     |             | 0.8548   | -0.064 
88     | 2.5800     | 0.2937     | 1.1361       | 1.1502      | 0.0646     | 0.6252     | 0.5802     |             | 0.8501   | -0.104 
89     | 2.5484     | 0.2892     | 1.1387       | 1.1205      | 0.0630     | 0.6113     | 0.5643     |             | 0.9288   | -0.134 
90     | 2.5379     | 0.2788     | 1.1190       | 1.1401      | 0.0597     | 0.5968     | 0.5856     |             | 0.8264   | -0.088 
91     | 2.5910     | 0.2928     | 1.1040       | 1.1942      | 0.0576     | 0.5739     | 0.6122     |             | 0.8895   | -0.110 
92     | 2.6972     | 0.2978     | 1.1434       | 1.2560      | 0.0653     | 0.5699     | 0.6120     |             | 0.8920   | -0.126 
93     | 2.6767     | 0.2943     | 1.1385       | 1.2439      | 0.0608     | 0.5689     | 0.6189     |             | 0.8275   | -0.123 
94     | 2.6822     | 0.2969     | 1.1302       | 1.2551      | 0.0570     | 0.6049     | 0.6144     |             | 0.8527   | -0.047 
95     | 2.6886     | 0.2851     | 1.1814       | 1.2222      | 0.0570     | 0.5944     | 0.6333     |             | 0.8902   | -0.068 
96     | 2.7649     | 0.2889     | 1.2403       | 1.2358      | 0.0591     | 0.6175     | 0.6381     |             | 0.8866   | -0.024 
97     | 2.7295     | 0.2881     | 1.2399       | 1.2015      | 0.0596     | 0.6022     | 0.6490     |             | 0.8655   | -0.055 
98     | 2.7097     | 0.2893     | 1.2131       | 1.2072      | 0.0565     | 0.6123     | 0.6199     |             | 0.8982   | -0.032 
99     | 2.6302     | 0.2555     | 1.1776       | 1.1970      | 0.0606     | 0.5991     | 0.6239     |             | 0.8617   | -0.062 
100    | 2.6231     | 0.2603     | 1.1841       | 1.1787      | 0.0542     | 0.6057     | 0.6273     |             | 0.9380   | -0.043 
101    | 2.6359     | 0.2766     | 1.1664       | 1.1930      | 0.0563     | 0.6095     | 0.6067     |             | 0.9366   | -0.043 
102    | 2.6729     | 0.2729     | 1.1668       | 1.2333      | 0.0643     | 0.6216     | 0.6732     |             | 0.9028   | -0.021 
103    | 2.7823     | 0.3000     | 1.1836       | 1.2988      | 0.0581     | 0.6360     | 0.6716     |             | 0.9095   | 0.014  
104    | 2.8223     | 0.2941     | 1.2001       | 1.3280      | 0.0598     | 0.6172     | 0.6526     |             | 0.9453   | -0.025 
105    | 2.7186     | 0.2854     | 1.1563       | 1.2769      | 0.0620     | 0.5909     | 0.6468     |             | 0.7938   | -0.080 
106    | 2.6996     | 0.2662     | 1.1450       | 1.2883      | 0.0733     | 0.5919     | 0.6281     |             | 0.8431   | -0.089 
107    | 2.7283     | 0.2725     | 1.1698       | 1.2859      | 0.0724     | 0.5985     | 0.6194     |             | 0.8442   | -0.075 
108    | 2.7221     | 0.2967     | 1.1851       | 1.2404      | 0.0747     | 0.6140     | 0.6295     |             | 0.8331   | -0.047 
109    | 2.6934     | 0.2569     | 1.1843       | 1.2522      | 0.0652     | 0.5928     | 0.6142     |             | 0.8342   | -0.080 
110    | 2.7433     | 0.2755     | 1.2366       | 1.2312      | 0.0653     | 0.6085     | 0.6172     |             | 0.7991   | -0.048 
111    | 2.7304     | 0.2852     | 1.2165       | 1.2287      | 0.0648     | 0.6242     | 0.6006     |             | 0.8438   | -0.064 
112    | 2.6740     | 0.2621     | 1.2106       | 1.2013      | 0.0681     | 0.6188     | 0.5895     |             | 0.8639   | -0.089 
113    | 2.7312     | 0.2550     | 1.2546       | 1.2216      | 0.0634     | 0.6396     | 0.6071     |             | 0.8270   | -0.049 
114    | 2.7254     | 0.2725     | 1.2409       | 1.2120      | 0.0557     | 0.6479     | 0.6324     |             | 0.8224   | 0.009  
115    | 2.7424     | 0.2531     | 1.2459       | 1.2434      | 0.0635     | 0.6553     | 0.6497     |             | 0.8267   | 0.036  
116    | 2.7809     | 0.2772     | 1.2521       | 1.2515      | 0.0681     | 0.6345     | 0.6372     |             | 0.8126   | 0.001  
117    | 2.7888     | 0.2661     | 1.2425       | 1.2802      | 0.0648     | 0.6567     | 0.6374     |             | 0.8561   | 0.010  
118    | 2.7296     | 0.2672     | 1.2239       | 1.2386      | 0.0592     | 0.6155     | 0.6164     |             | 0.8947   | -0.028 
119    | 2.6798     | 0.2390     | 1.2010       | 1.2397      | 0.0580     | 0.6160     | 0.6140     |             | 0.8750   | -0.030 
120    | 2.7162     | 0.2703     | 1.1994       | 1.2465      | 0.0546     | 0.6214     | 0.6363     |             | 0.8349   | -0.012 
121    | 2.7265     | 0.2739     | 1.2148       | 1.2378      | 0.0493     | 0.5868     | 0.6224     |             | 0.8549   | -0.076 
122    | 2.7463     | 0.2788     | 1.2230       | 1.2445      | 0.0503     | 0.6126     | 0.6105     |             | 0.8406   | -0.029 
123    | 2.7224     | 0.2421     | 1.2279       | 1.2524      | 0.0515     | 0.6267     | 0.6189     |             | 0.8146   | -0.014 
124    | 2.8088     | 0.2766     | 1.2472       | 1.2850      | 0.0607     | 0.6111     | 0.6087     |             | 0.8320   | -0.043 
125    | 2.7735     | 0.2524     | 1.2856       | 1.2356      | 0.0629     | 0.6532     | 0.5920     |             | 0.8701   | -0.079 
126    | 2.7502     | 0.2581     | 1.2885       | 1.2036      | 0.0497     | 0.6440     | 0.5793     |             | 0.8068   | -0.091 
127    | 2.7183     | 0.2761     | 1.2573       | 1.1850      | 0.0640     | 0.6136     | 0.5691     |             | 0.8045   | -0.126 
128    | 2.6775     | 0.2474     | 1.2522       | 1.1780      | 0.0537     | 0.6366     | 0.5902     |             | 0.7610   | -0.073 
129    | 2.6678     | 0.2478     | 1.2365       | 1.1836      | 0.0486     | 0.6205     | 0.6005     |             | 0.7872   | -0.048 
130    | 2.7492     | 0.2733     | 1.2548       | 1.2211      | 0.0579     | 0.6713     | 0.5916     |             | 0.7357   | -0.075 
131    | 2.7098     | 0.2503     | 1.2323       | 1.2272      | 0.0482     | 0.6390     | 0.5833     |             | 0.7438   | -0.082 
132    | 2.6606     | 0.2480     | 1.1884       | 1.2242      | 0.0513     | 0.6384     | 0.5737     |             | 0.7451   | -0.104 
133    | 2.6809     | 0.2400     | 1.1927       | 1.2482      | 0.0590     | 0.6501     | 0.6171     |             | 0.8177   | -0.025 
134    | 2.7470     | 0.2400     | 1.2092       | 1.2978      | 0.0609     | 0.6299     | 0.6720     |             | 0.7983   | -0.001 
135    | 2.7665     | 0.2305     | 1.2032       | 1.3328      | 0.0640     | 0.6483     | 0.6115     |             | 0.7468   | -0.041 
136    | 2.7479     | 0.2431     | 1.2266       | 1.2782      | 0.0606     | 0.6228     | 0.5936     |             | 0.7833   | -0.073 
137    | 2.7321     | 0.2473     | 1.2134       | 1.2715      | 0.0655     | 0.6040     | 0.6128     |             | 0.7201   | -0.057 
138    | 2.7218     | 0.2440     | 1.2127       | 1.2652      | 0.0586     | 0.5973     | 0.6127     |             | 0.8347   | -0.064 
139    | 2.7019     | 0.2347     | 1.2276       | 1.2396      | 0.0521     | 0.5986     | 0.6165     |             | 0.8061   | -0.055 
140    | 2.7351     | 0.2413     | 1.2448       | 1.2490      | 0.0645     | 0.6277     | 0.6126     |             | 0.7912   | -0.039 
141    | 2.7418     | 0.2359     | 1.2671       | 1.2388      | 0.0578     | 0.6069     | 0.6330     |             | 0.8307   | -0.044 
142    | 2.7428     | 0.2430     | 1.2700       | 1.2298      | 0.0580     | 0.6053     | 0.6087     |             | 0.8076   | -0.047 
143    | 2.6927     | 0.2219     | 1.2436       | 1.2273      | 0.0505     | 0.6222     | 0.6035     |             | 0.8452   | -0.044 
144    | 2.6881     | 0.2221     | 1.2179       | 1.2481      | 0.0552     | 0.5903     | 0.6187     |             | 0.8400   | -0.075 
145    | 2.6741     | 0.2258     | 1.1973       | 1.2511      | 0.0575     | 0.5894     | 0.5854     |             | 0.8129   | -0.087 
146    | 2.6302     | 0.2151     | 1.1907       | 1.2245      | 0.0563     | 0.6053     | 0.5892     |             | 0.8824   | -0.078 
147    | 2.6614     | 0.2342     | 1.2108       | 1.2163      | 0.0530     | 0.5946     | 0.6215     |             | 0.8725   | -0.064 
148    | 2.6157     | 0.2066     | 1.1680       | 1.2411      | 0.0562     | 0.6215     | 0.6442     |             | 0.8545   | -0.013 
149    | 2.6712     | 0.2469     | 1.1628       | 1.2616      | 0.0517     | 0.5921     | 0.6352     |             | 0.7895   | -0.067 
150    | 2.6280     | 0.2310     | 1.1381       | 1.2589      | 0.0467     | 0.5972     | 0.6323     |             | 0.8951   | -0.052 
151    | 2.6351     | 0.2106     | 1.1351       | 1.2894      | 0.0463     | 0.5924     | 0.6654     |             | 0.8667   | -0.062 
152    | 2.6588     | 0.2254     | 1.1401       | 1.2932      | 0.0438     | 0.6039     | 0.6327     |             | 0.7882   | -0.036 
153    | 2.7022     | 0.2172     | 1.2225       | 1.2625      | 0.0453     | 0.6100     | 0.6407     |             | 0.9204   | -0.025 
154    | 2.7494     | 0.2429     | 1.2569       | 1.2496      | 0.0482     | 0.6281     | 0.6228     |             | 0.8953   | -0.003 
155    | 2.7066     | 0.2100     | 1.2734       | 1.2231      | 0.0425     | 0.6408     | 0.6216     |             | 0.8283   | 0.001  
156    | 2.7342     | 0.2280     | 1.2792       | 1.2271      | 0.0427     | 0.6554     | 0.6024     |             | 0.8567   | -0.038 
157    | 2.7245     | 0.2430     | 1.2728       | 1.2086      | 0.0671     | 0.6550     | 0.6265     |             | 0.8356   | -0.014 
158    | 2.7499     | 0.2524     | 1.2766       | 1.2210      | 0.0656     | 0.6374     | 0.6157     |             | 0.7954   | -0.034 
159    | 2.7485     | 0.2395     | 1.2766       | 1.2324      | 0.0569     | 0.6301     | 0.5979     |             | 0.8529   | -0.061 
160    | 2.7369     | 0.2371     | 1.2763       | 1.2235      | 0.0571     | 0.6436     | 0.6108     |             | 0.8159   | -0.036 
161    | 2.7187     | 0.2434     | 1.2588       | 1.2165      | 0.0531     | 0.6617     | 0.6155     |             | 0.7640   | -0.022 
162    | 2.7606     | 0.2382     | 1.2912       | 1.2312      | 0.0489     | 0.6352     | 0.6312     |             | 0.8076   | 0.013  
163    | 2.7089     | 0.2354     | 1.2704       | 1.2031      | 0.0563     | 0.6444     | 0.6339     |             | 0.8730   | 0.011  
164    | 2.7518     | 0.2364     | 1.3071       | 1.2082      | 0.0510     | 0.6649     | 0.6393     |             | 0.8204   | 0.028  
165    | 2.7769     | 0.2362     | 1.3042       | 1.2365      | 0.0486     | 0.6428     | 0.6296     |             | 0.8077   | 0.011  
166    | 2.7856     | 0.2471     | 1.2904       | 1.2481      | 0.0520     | 0.6477     | 0.6306     |             | 0.7969   | 0.009  
167    | 2.7671     | 0.2230     | 1.2776       | 1.2665      | 0.0496     | 0.6447     | 0.6276     |             | 0.7808   | 0.006  
168    | 2.7889     | 0.2411     | 1.2857       | 1.2622      | 0.0560     | 0.6577     | 0.6577     |             | 0.8487   | 0.059  
169    | 2.8257     | 0.2583     | 1.2902       | 1.2772      | 0.0501     | 0.6212     | 0.6250     |             | 0.8174   | -0.008 
170    | 2.7198     | 0.2310     | 1.2855       | 1.2033      | 0.0510     | 0.6157     | 0.6021     |             | 0.8533   | -0.047 
171    | 2.7194     | 0.2374     | 1.2885       | 1.1935      | 0.0532     | 0.6165     | 0.6089     |             | 0.7918   | -0.035 
172    | 2.7194     | 0.2297     | 1.2853       | 1.2044      | 0.0489     | 0.6425     | 0.6244     |             | 0.8552   | -0.000 
173    | 2.7161     | 0.2217     | 1.2940       | 1.2003      | 0.0501     | 0.6236     | 0.5858     |             | 0.7603   | -0.078 
174    | 2.7054     | 0.2164     | 1.3036       | 1.1855      | 0.0555     | 0.6374     | 0.6161     |             | 0.8127   | -0.023 
175    | 2.7295     | 0.2231     | 1.2755       | 1.2309      | 0.0462     | 0.6437     | 0.6156     |             | 0.7897   | -0.015 
176    | 2.7300     | 0.2035     | 1.2676       | 1.2589      | 0.0580     | 0.6191     | 0.6376     |             | 0.8027   | -0.020 
177    | 2.7490     | 0.2390     | 1.2624       | 1.2476      | 0.0451     | 0.6467     | 0.6112     |             | 0.7753   | -0.023 
178    | 2.7455     | 0.2109     | 1.2863       | 1.2482      | 0.0638     | 0.6560     | 0.6679     |             | 0.7821   | 0.048  
179    | 2.8298     | 0.2334     | 1.3523       | 1.2441      | 0.0578     | 0.6557     | 0.6272     |             | 0.7953   | -0.003 
180    | 2.7203     | 0.2240     | 1.2894       | 1.2069      | 0.0538     | 0.6254     | 0.6339     |             | 0.8514   | -0.003 
181    | 2.7046     | 0.2345     | 1.2646       | 1.2056      | 0.0606     | 0.6486     | 0.6242     |             | 0.8563   | -0.012 
182    | 2.6848     | 0.2183     | 1.2313       | 1.2352      | 0.0608     | 0.6404     | 0.6409     |             | 0.8881   | 0.020  
183    | 2.7270     | 0.2063     | 1.2529       | 1.2677      | 0.0691     | 0.6565     | 0.6484     |             | 0.8142   | 0.028  
184    | 2.8155     | 0.2226     | 1.3009       | 1.2920      | 0.0658     | 0.6551     | 0.6456     |             | 0.8046   | 0.025  
185    | 2.8016     | 0.2247     | 1.3123       | 1.2646      | 0.0690     | 0.6474     | 0.6168     |             | 0.8038   | -0.035 
186    | 2.7512     | 0.2221     | 1.2995       | 1.2297      | 0.0585     | 0.6508     | 0.6227     |             | 0.8135   | -0.013 
187    | 2.7956     | 0.2541     | 1.2978       | 1.2437      | 0.0585     | 0.6409     | 0.6053     |             | 0.8718   | -0.048 
188    | 2.7464     | 0.2389     | 1.2921       | 1.2154      | 0.0631     | 0.6524     | 0.6029     |             | 0.7847   | -0.057 
189    | 2.7767     | 0.2338     | 1.2894       | 1.2534      | 0.0644     | 0.6553     | 0.6332     |             | 0.8527   | 0.002  
190    | 2.7715     | 0.2204     | 1.2748       | 1.2763      | 0.0604     | 0.6369     | 0.6489     |             | 0.8977   | 0.013  
191    | 2.8140     | 0.2436     | 1.2694       | 1.3011      | 0.0615     | 0.6392     | 0.6342     |             | 0.9064   | 0.007  
192    | 2.7836     | 0.2311     | 1.2686       | 1.2839      | 0.0517     | 0.6245     | 0.6390     |             | 0.8609   | -0.003 
193    | 2.8182     | 0.2321     | 1.3008       | 1.2852      | 0.0479     | 0.6339     | 0.6232     |             | 0.8531   | -0.002 
194    | 2.8527     | 0.2336     | 1.3279       | 1.2912      | 0.0523     | 0.6527     | 0.6475     |             | 0.8297   | 0.043  
195    | 2.8306     | 0.2523     | 1.3097       | 1.2686      | 0.0496     | 0.6472     | 0.6024     |             | 0.8042   | -0.045 
196    | 2.6972     | 0.2041     | 1.2441       | 1.2489      | 0.0502     | 0.6203     | 0.6048     |             | 0.7854   | -0.041 
197    | 2.6509     | 0.2015     | 1.2113       | 1.2381      | 0.0452     | 0.6313     | 0.6080     |             | 0.8580   | -0.029 
198    | 2.6470     | 0.2192     | 1.2198       | 1.2080      | 0.0536     | 0.6367     | 0.5781     |             | 0.8152   | -0.097 
199    | 2.7040     | 0.2285     | 1.2425       | 1.2330      | 0.0646     | 0.6357     | 0.5861     |             | 0.8695   | -0.092 
200    | 2.7950     | 0.2287     | 1.2883       | 1.2780      | 0.0671     | 0.6651     | 0.6226     |             | 0.8238   | -0.022 
201    | 2.8868     | 0.2371     | 1.3046       | 1.3451      | 0.0762     | 0.6731     | 0.6611     |             | 0.9287   | 0.046  
202    | 2.9146     | 0.2405     | 1.3544       | 1.3196      | 0.0691     | 0.6663     | 0.6189     |             | 0.8359   | -0.031 
203    | 2.8719     | 0.2267     | 1.3403       | 1.3049      | 0.0664     | 0.6720     | 0.6138     |             | 0.7820   | -0.039 
204    | 2.8981     | 0.2391     | 1.3458       | 1.3133      | 0.0694     | 0.6555     | 0.6583     |             | 0.8453   | 0.042  
205    | 2.8756     | 0.2136     | 1.3379       | 1.3241      | 0.0669     | 0.6463     | 0.6703     |             | 0.8180   | 0.026  
206    | 2.8625     | 0.2306     | 1.3191       | 1.3127      | 0.0684     | 0.6367     | 0.6312     |             | 0.7910   | -0.006 
207    | 2.8121     | 0.2001     | 1.2922       | 1.3198      | 0.0678     | 0.6321     | 0.6586     |             | 0.8822   | -0.004 
208    | 2.8002     | 0.2281     | 1.2663       | 1.3058      | 0.0602     | 0.6193     | 0.6623     |             | 0.8491   | -0.022 
209    | 2.7742     | 0.2123     | 1.2693       | 1.2926      | 0.0714     | 0.6335     | 0.6392     |             | 0.8040   | -0.004 
210    | 2.7639     | 0.2293     | 1.2640       | 1.2705      | 0.0632     | 0.6021     | 0.6466     |             | 0.8079   | -0.059 
211    | 2.7826     | 0.2270     | 1.2689       | 1.2867      | 0.0609     | 0.6272     | 0.6466     |             | 0.8191   | -0.007 
212    | 2.7801     | 0.2219     | 1.2483       | 1.3100      | 0.0716     | 0.6335     | 0.6678     |             | 0.7979   | -0.005 
213    | 2.7678     | 0.1935     | 1.2501       | 1.3242      | 0.0717     | 0.6201     | 0.6299     |             | 0.8440   | -0.032 
214    | 2.7483     | 0.2159     | 1.2492       | 1.2832      | 0.0628     | 0.6311     | 0.6212     |             | 0.8453   | -0.020 
215    | 2.7622     | 0.2231     | 1.2539       | 1.2851      | 0.0621     | 0.6434     | 0.6586     |             | 0.8752   | 0.025  
216    | 2.7760     | 0.2337     | 1.2645       | 1.2779      | 0.0607     | 0.6612     | 0.6266     |             | 0.8660   | -0.007 
217    | 2.7236     | 0.2008     | 1.2610       | 1.2618      | 0.0709     | 0.6638     | 0.6199     |             | 0.8973   | -0.031 
218    | 2.7001     | 0.2003     | 1.2640       | 1.2358      | 0.0618     | 0.6677     | 0.6239     |             | 0.8597   | -0.014 
219    | 2.7338     | 0.2134     | 1.2576       | 1.2627      | 0.0586     | 0.6380     | 0.6243     |             | 0.7973   | -0.010 
220    | 2.7273     | 0.2040     | 1.2449       | 1.2784      | 0.0574     | 0.6279     | 0.6641     |             | 0.9078   | -0.002 
221    | 2.7584     | 0.2230     | 1.2186       | 1.3168      | 0.0620     | 0.6328     | 0.6854     |             | 0.8771   | 0.003  
222    | 2.7383     | 0.2041     | 1.2186       | 1.3156      | 0.0601     | 0.6220     | 0.6458     |             | 0.8626   | -0.016 
223    | 2.6894     | 0.1984     | 1.2094       | 1.2816      | 0.0555     | 0.6279     | 0.6289     |             | 0.8702   | 0.000  
224    | 2.7503     | 0.2160     | 1.2470       | 1.2874      | 0.0600     | 0.6289     | 0.6576     |             | 0.8863   | -0.002 
225    | 2.7415     | 0.2118     | 1.2546       | 1.2752      | 0.0612     | 0.6300     | 0.6394     |             | 0.8385   | -0.001 
226    | 2.7173     | 0.2167     | 1.2376       | 1.2630      | 0.0537     | 0.6007     | 0.6328     |             | 0.7725   | -0.052 
227    | 2.6738     | 0.1900     | 1.2192       | 1.2645      | 0.0543     | 0.6016     | 0.6594     |             | 0.7955   | -0.051 
228    | 2.6453     | 0.1937     | 1.1968       | 1.2547      | 0.0583     | 0.5941     | 0.6423     |             | 0.8616   | -0.070 
229    | 2.5990     | 0.1826     | 1.1721       | 1.2442      | 0.0519     | 0.5915     | 0.6352     |             | 0.7955   | -0.069 
230    | 2.6762     | 0.2055     | 1.1921       | 1.2786      | 0.0574     | 0.5837     | 0.6285     |             | 0.8018   | -0.090 
231    | 2.6574     | 0.1917     | 1.2025       | 1.2632      | 0.0510     | 0.5855     | 0.6141     |             | 0.8482   | -0.080 
232    | 2.6470     | 0.1920     | 1.2111       | 1.2439      | 0.0513     | 0.5925     | 0.6297     |             | 0.8624   | -0.066 
233    | 2.7503     | 0.2084     | 1.2845       | 1.2574      | 0.0493     | 0.6139     | 0.6363     |             | 0.8472   | -0.022 
234    | 2.7225     | 0.2003     | 1.2723       | 1.2499      | 0.0501     | 0.6183     | 0.6185     |             | 0.8463   | -0.014 
235    | 2.7380     | 0.2009     | 1.2950       | 1.2421      | 0.0539     | 0.6280     | 0.6192     |             | 0.7928   | -0.015 
236    | 2.7062     | 0.1953     | 1.2520       | 1.2589      | 0.0567     | 0.6089     | 0.6213     |             | 0.8192   | -0.039 
237    | 2.7053     | 0.2076     | 1.2489       | 1.2487      | 0.0533     | 0.6143     | 0.5957     |             | 0.7282   | -0.062 
238    | 2.6975     | 0.1940     | 1.2469       | 1.2566      | 0.0610     | 0.6240     | 0.6093     |             | 0.7726   | -0.042 
239    | 2.6563     | 0.1937     | 1.2362       | 1.2264      | 0.0581     | 0.6111     | 0.5895     |             | 0.7571   | -0.079 
240    | 2.6733     | 0.1868     | 1.2707       | 1.2157      | 0.0610     | 0.6242     | 0.6056     |             | 0.7702   | -0.050 
241    | 2.7008     | 0.1989     | 1.2796       | 1.2223      | 0.0582     | 0.6007     | 0.6138     |             | 0.8081   | -0.057 
242    | 2.6734     | 0.2053     | 1.2507       | 1.2173      | 0.0546     | 0.5689     | 0.6110     |             | 0.7477   | -0.117 
243    | 2.6371     | 0.2190     | 1.2197       | 1.1985      | 0.0561     | 0.5767     | 0.6100     |             | 0.7275   | -0.103 
244    | 2.6478     | 0.2056     | 1.2269       | 1.2153      | 0.0673     | 0.5816     | 0.6196     |             | 0.7535   | -0.104 
245    | 2.6279     | 0.1885     | 1.2166       | 1.2228      | 0.0563     | 0.5746     | 0.6231     |             | 0.7554   | -0.107 
246    | 2.6488     | 0.1847     | 1.2353       | 1.2287      | 0.0488     | 0.6121     | 0.6237     |             | 0.7638   | -0.025 
247    | 2.6744     | 0.1972     | 1.2578       | 1.2194      | 0.0482     | 0.5970     | 0.6271     |             | 0.7225   | -0.054 
248    | 2.6825     | 0.2023     | 1.2493       | 1.2308      | 0.0519     | 0.5955     | 0.6313     |             | 0.7880   | -0.061 
249    | 2.7150     | 0.2067     | 1.2337       | 1.2746      | 0.0562     | 0.6016     | 0.6609     |             | 0.7865   | -0.053 
250    | 2.7229     | 0.2043     | 1.2145       | 1.3042      | 0.0503     | 0.6240     | 0.6625     |             | 0.8184   | -0.002 
251    | 2.7265     | 0.1961     | 1.2457       | 1.2848      | 0.0573     | 0.6481     | 0.6500     |             | 0.7648   | 0.039  
252    | 2.7527     | 0.1813     | 1.2884       | 1.2830      | 0.0593     | 0.6365     | 0.6288     |             | 0.8266   | -0.002 
253    | 2.7744     | 0.2081     | 1.2806       | 1.2857      | 0.0640     | 0.6376     | 0.6140     |             | 0.8439   | -0.036 
254    | 2.7635     | 0.1958     | 1.2772       | 1.2905      | 0.0559     | 0.6459     | 0.6187     |             | 0.7481   | -0.019 
255    | 2.7877     | 0.2117     | 1.2828       | 1.2933      | 0.0514     | 0.6260     | 0.6196     |             | 0.7732   | -0.012 
256    | 2.7927     | 0.2041     | 1.2823       | 1.3062      | 0.0508     | 0.6251     | 0.6388     |             | 0.7819   | -0.001 
257    | 2.7354     | 0.1950     | 1.2441       | 1.2963      | 0.0585     | 0.6215     | 0.6464     |             | 0.8570   | -0.016 
258    | 2.7349     | 0.2140     | 1.2357       | 1.2852      | 0.0539     | 0.6294     | 0.6430     |             | 0.7796   | 0.005  
259    | 2.7500     | 0.2012     | 1.2289       | 1.3199      | 0.0582     | 0.6292     | 0.6445     |             | 0.7866   | 0.000  
260    | 2.7877     | 0.2075     | 1.2406       | 1.3395      | 0.0514     | 0.6193     | 0.6676     |             | 0.7915   | -0.013 
261    | 2.7627     | 0.2009     | 1.2211       | 1.3407      | 0.0545     | 0.6181     | 0.6935     |             | 0.7823   | -0.018 
262    | 2.7977     | 0.1968     | 1.2458       | 1.3552      | 0.0602     | 0.6369     | 0.6979     |             | 0.8041   | 0.014  
263    | 2.8280     | 0.2094     | 1.2831       | 1.3356      | 0.0602     | 0.6705     | 0.7069     |             | 0.9006   | 0.081  
264    | 2.8499     | 0.2006     | 1.3073       | 1.3420      | 0.0574     | 0.6746     | 0.7086     |             | 0.9449   | 0.092  
265    | 2.8863     | 0.2193     | 1.3079       | 1.3592      | 0.0641     | 0.6525     | 0.7012     |             | 0.9145   | 0.041  
266    | 2.7994     | 0.1763     | 1.3121       | 1.3110      | 0.0573     | 0.6558     | 0.6618     |             | 0.9184   | 0.054  
267    | 2.7980     | 0.1983     | 1.3031       | 1.2966      | 0.0577     | 0.6509     | 0.6372     |             | 0.8136   | 0.017  
268    | 2.7739     | 0.1880     | 1.2933       | 1.2925      | 0.0556     | 0.6586     | 0.6728     |             | 0.9689   | 0.062  
269    | 2.8329     | 0.2032     | 1.3187       | 1.3111      | 0.0562     | 0.6722     | 0.6465     |             | 0.9514   | 0.037  
270    | 2.7996     | 0.1915     | 1.3078       | 1.3004      | 0.0556     | 0.6676     | 0.6531     |             | 0.8644   | 0.051  
271    | 2.7727     | 0.1718     | 1.3054       | 1.2955      | 0.0466     | 0.6549     | 0.6657     |             | 0.8692   | 0.063  
272    | 2.8095     | 0.2031     | 1.3130       | 1.2934      | 0.0496     | 0.6440     | 0.6491     |             | 0.8860   | 0.038  
273    | 2.7450     | 0.1693     | 1.3196       | 1.2562      | 0.0543     | 0.6594     | 0.6352     |             | 0.8174   | 0.016  
274    | 2.7540     | 0.1760     | 1.3220       | 1.2560      | 0.0506     | 0.6723     | 0.6407     |             | 0.8452   | 0.031  
275    | 2.7739     | 0.1968     | 1.3092       | 1.2678      | 0.0578     | 0.6689     | 0.6311     |             | 0.8171   | 0.004  
276    | 2.7449     | 0.1737     | 1.2904       | 1.2809      | 0.0579     | 0.6523     | 0.6533     |             | 0.9076   | 0.047  
277    | 2.7441     | 0.1909     | 1.2734       | 1.2798      | 0.0597     | 0.6442     | 0.6745     |             | 0.9196   | 0.029  
278    | 2.7533     | 0.1984     | 1.2525       | 1.3024      | 0.0480     | 0.6376     | 0.6549     |             | 0.8360   | 0.027  
279    | 2.7739     | 0.1954     | 1.2724       | 1.3061      | 0.0583     | 0.6276     | 0.6730     |             | 0.9197   | -0.003 
280    | 2.7779     | 0.1920     | 1.2684       | 1.3176      | 0.0618     | 0.6391     | 0.6259     |             | 0.8932   | -0.010 
281    | 2.8056     | 0.1998     | 1.2770       | 1.3288      | 0.0623     | 0.6236     | 0.6372     |             | 0.8874   | -0.015 
282    | 2.7912     | 0.1856     | 1.2754       | 1.3302      | 0.0599     | 0.6108     | 0.6284     |             | 0.8935   | -0.038 
283    | 2.7470     | 0.1837     | 1.2665       | 1.2967      | 0.0560     | 0.6194     | 0.6356     |             | 0.8093   | -0.017 
284    | 2.7778     | 0.2041     | 1.2680       | 1.3057      | 0.0635     | 0.6093     | 0.6304     |             | 0.8725   | -0.045 
285    | 2.7516     | 0.1941     | 1.2593       | 1.2982      | 0.0575     | 0.5860     | 0.6317     |             | 0.7993   | -0.085 
286    | 2.7281     | 0.1614     | 1.2470       | 1.3197      | 0.0629     | 0.5901     | 0.6496     |             | 0.7830   | -0.083 
287    | 2.7531     | 0.1758     | 1.2556       | 1.3217      | 0.0595     | 0.6191     | 0.6592     |             | 0.7851   | -0.021 
288    | 2.7537     | 0.1713     | 1.2577       | 1.3246      | 0.0589     | 0.6083     | 0.6354     |             | 0.8107   | -0.042 
289    | 2.7826     | 0.1906     | 1.2803       | 1.3117      | 0.0625     | 0.6225     | 0.6438     |             | 0.7763   | -0.017 
290    | 2.8135     | 0.2010     | 1.2942       | 1.3183      | 0.0713     | 0.6422     | 0.6277     |             | 0.8044   | -0.016 
291    | 2.7964     | 0.2057     | 1.3016       | 1.2891      | 0.0592     | 0.6297     | 0.6112     |             | 0.7976   | -0.037 
292    | 2.7410     | 0.1650     | 1.2758       | 1.3003      | 0.0700     | 0.6259     | 0.6311     |             | 0.7759   | -0.018 
293    | 2.7897     | 0.1909     | 1.2837       | 1.3152      | 0.0640     | 0.6485     | 0.6217     |             | 0.7947   | -0.021 
294    | 2.7343     | 0.1566     | 1.2887       | 1.2890      | 0.0652     | 0.6231     | 0.6230     |             | 0.7706   | -0.019 
295    | 2.7613     | 0.1836     | 1.2696       | 1.3081      | 0.0575     | 0.6153     | 0.6410     |             | 0.7987   | -0.027 
296    | 2.8138     | 0.2304     | 1.2537       | 1.3297      | 0.0532     | 0.6222     | 0.6268     |             | 0.7767   | -0.009 
297    | 2.7405     | 0.1797     | 1.2527       | 1.3081      | 0.0578     | 0.6140     | 0.6342     |             | 0.8186   | -0.030 
298    | 2.7377     | 0.1664     | 1.2643       | 1.3071      | 0.0633     | 0.6319     | 0.6328     |             | 0.7925   | 0.001  
299    | 2.7510     | 0.1673     | 1.2757       | 1.3079      | 0.0706     | 0.6319     | 0.6183     |             | 0.8036   | -0.034 
300    | 2.7073     | 0.1665     | 1.2497       | 1.2911      | 0.0618     | 0.6293     | 0.6133     |             | 0.8030   | -0.035 
301    | 2.7161     | 0.1829     | 1.2511       | 1.2821      | 0.0644     | 0.6289     | 0.6006     |             | 0.7905   | -0.063 
302    | 2.6954     | 0.1769     | 1.2482       | 1.2703      | 0.0572     | 0.6354     | 0.6168     |             | 0.7926   | -0.024 
303    | 2.7042     | 0.1738     | 1.2677       | 1.2627      | 0.0592     | 0.6380     | 0.6166     |             | 0.7681   | -0.026 
304    | 2.7092     | 0.1777     | 1.2666       | 1.2649      | 0.0522     | 0.6362     | 0.6177     |             | 0.7944   | -0.017 
305    | 2.7411     | 0.1842     | 1.2820       | 1.2749      | 0.0462     | 0.6403     | 0.6186     |             | 0.7326   | -0.009 
306    | 2.7160     | 0.1570     | 1.2995       | 1.2595      | 0.0505     | 0.6313     | 0.6289     |             | 0.7311   | 0.007  
307    | 2.7625     | 0.1762     | 1.3163       | 1.2700      | 0.0512     | 0.6520     | 0.6197     |             | 0.7086   | -0.012 
308    | 2.7219     | 0.1790     | 1.2965       | 1.2465      | 0.0563     | 0.6291     | 0.6190     |             | 0.7776   | -0.018 
309    | 2.7274     | 0.1643     | 1.3052       | 1.2580      | 0.0572     | 0.6312     | 0.6177     |             | 0.8102   | -0.022 
310    | 2.7483     | 0.1680     | 1.3056       | 1.2747      | 0.0586     | 0.6557     | 0.6176     |             | 0.7931   | -0.023 
311    | 2.7341     | 0.1617     | 1.3003       | 1.2720      | 0.0677     | 0.6276     | 0.6336     |             | 0.7874   | -0.012 
312    | 2.7508     | 0.1661     | 1.3053       | 1.2795      | 0.0591     | 0.6376     | 0.6282     |             | 0.7796   | -0.003 
313    | 2.7443     | 0.1730     | 1.3090       | 1.2623      | 0.0608     | 0.6343     | 0.6357     |             | 0.8126   | 0.008  
314    | 2.7159     | 0.1630     | 1.2774       | 1.2755      | 0.0657     | 0.6218     | 0.6501     |             | 0.7981   | -0.022 
315    | 2.6905     | 0.1413     | 1.2616       | 1.2876      | 0.0642     | 0.6206     | 0.6514     |             | 0.8006   | -0.023 
316    | 2.7351     | 0.1789     | 1.2604       | 1.2959      | 0.0644     | 0.6314     | 0.6517     |             | 0.7886   | -0.001 
317    | 2.7359     | 0.1816     | 1.2744       | 1.2798      | 0.0597     | 0.6356     | 0.6574     |             | 0.8058   | 0.011  
318    | 2.7431     | 0.1680     | 1.2818       | 1.2932      | 0.0692     | 0.6453     | 0.6585     |             | 0.8678   | 0.021  
319    | 2.7745     | 0.1904     | 1.2901       | 1.2940      | 0.0724     | 0.6480     | 0.6529     |             | 0.8328   | 0.024  
320    | 2.7366     | 0.1797     | 1.2878       | 1.2691      | 0.0715     | 0.6321     | 0.6276     |             | 0.8190   | -0.016 
321    | 2.7083     | 0.1812     | 1.2719       | 1.2553      | 0.0655     | 0.6534     | 0.6299     |             | 0.7961   | -0.006 
322    | 2.7633     | 0.1687     | 1.3240       | 1.2705      | 0.0660     | 0.6953     | 0.6498     |             | 0.8113   | 0.034  
323    | 2.8222     | 0.1851     | 1.3435       | 1.2937      | 0.0565     | 0.6734     | 0.6531     |             | 0.8024   | 0.050  
324    | 2.7816     | 0.1743     | 1.3182       | 1.2890      | 0.0549     | 0.6638     | 0.6414     |             | 0.7945   | 0.028  
325    | 2.7214     | 0.1546     | 1.3021       | 1.2646      | 0.0567     | 0.6572     | 0.6226     |             | 0.7793   | -0.011 
326    | 2.6949     | 0.1646     | 1.2775       | 1.2527      | 0.0528     | 0.6548     | 0.6252     |             | 0.8377   | -0.002 
327    | 2.7162     | 0.1634     | 1.3078       | 1.2450      | 0.0541     | 0.6587     | 0.6302     |             | 0.7990   | 0.006  
328    | 2.7185     | 0.1801     | 1.3008       | 1.2376      | 0.0548     | 0.6337     | 0.6191     |             | 0.8368   | -0.017 
329    | 2.7172     | 0.1778     | 1.2971       | 1.2423      | 0.0506     | 0.6256     | 0.6282     |             | 0.8048   | 0.001  
330    | 2.6847     | 0.1736     | 1.2802       | 1.2308      | 0.0502     | 0.6206     | 0.6130     |             | 0.7596   | -0.024 
331    | 2.6961     | 0.1681     | 1.2765       | 1.2515      | 0.0559     | 0.6299     | 0.6233     |             | 0.7507   | -0.009 
332    | 2.6914     | 0.1598     | 1.2787       | 1.2530      | 0.0558     | 0.6389     | 0.6161     |             | 0.7918   | -0.024 
333    | 2.6834     | 0.1539     | 1.2780       | 1.2515      | 0.0551     | 0.6385     | 0.6303     |             | 0.7984   | 0.005  
334    | 2.7177     | 0.1546     | 1.3078       | 1.2553      | 0.0623     | 0.6345     | 0.6100     |             | 0.8078   | -0.042 
335    | 2.7201     | 0.1526     | 1.3281       | 1.2394      | 0.0594     | 0.6458     | 0.6389     |             | 0.7616   | 0.018  
336    | 2.7627     | 0.1621     | 1.3246       | 1.2760      | 0.0629     | 0.6376     | 0.6344     |             | 0.7614   | 0.006  
337    | 2.7837     | 0.1872     | 1.3199       | 1.2766      | 0.0672     | 0.6343     | 0.6326     |             | 0.7765   | -0.002 
338    | 2.7547     | 0.1543     | 1.3078       | 1.2926      | 0.0677     | 0.6325     | 0.6327     |             | 0.7995   | -0.003 
339    | 2.7540     | 0.1721     | 1.2953       | 1.2866      | 0.0704     | 0.6300     | 0.6408     |             | 0.7864   | -0.010 
340    | 2.7392     | 0.1727     | 1.2779       | 1.2886      | 0.0718     | 0.6073     | 0.6165     |             | 0.7768   | -0.057 
341    | 2.7289     | 0.1651     | 1.2851       | 1.2786      | 0.0721     | 0.6146     | 0.6128     |             | 0.7572   | -0.046 
342    | 2.7190     | 0.1800     | 1.2763       | 1.2627      | 0.0700     | 0.6112     | 0.6299     |             | 0.8038   | -0.048 
343    | 2.7095     | 0.1737     | 1.2727       | 1.2631      | 0.0666     | 0.6181     | 0.6402     |             | 0.8036   | -0.031 
344    | 2.7176     | 0.1706     | 1.2688       | 1.2781      | 0.0723     | 0.6128     | 0.6345     |             | 0.8289   | -0.047 
345    | 2.7117     | 0.1668     | 1.2782       | 1.2666      | 0.0711     | 0.6043     | 0.6423     |             | 0.7979   | -0.063 
346    | 2.7593     | 0.1648     | 1.2896       | 1.3048      | 0.0731     | 0.6202     | 0.6546     |             | 0.8318   | -0.033 
347    | 2.7693     | 0.1854     | 1.2953       | 1.2887      | 0.0708     | 0.6162     | 0.6372     |             | 0.8253   | -0.038 
348    | 2.7415     | 0.1912     | 1.2980       | 1.2524      | 0.0720     | 0.6274     | 0.6244     |             | 0.8575   | -0.023 
349    | 2.7169     | 0.1767     | 1.2827       | 1.2575      | 0.0686     | 0.6388     | 0.6036     |             | 0.8144   | -0.061 
350    | 2.7320     | 0.1850     | 1.2827       | 1.2643      | 0.0654     | 0.6368     | 0.6139     |             | 0.8049   | -0.038 
351    | 2.6661     | 0.1645     | 1.2752       | 1.2263      | 0.0645     | 0.6511     | 0.6237     |             | 0.8457   | -0.017 
352    | 2.6792     | 0.1793     | 1.2825       | 1.2174      | 0.0619     | 0.6595     | 0.6160     |             | 0.8018   | -0.030 
353    | 2.7020     | 0.1541     | 1.3103       | 1.2377      | 0.0590     | 0.6449     | 0.6289     |             | 0.7837   | -0.001 
354    | 2.7718     | 0.1853     | 1.3064       | 1.2801      | 0.0572     | 0.6422     | 0.6390     |             | 0.7714   | 0.021  
355    | 2.8031     | 0.1794     | 1.3099       | 1.3138      | 0.0536     | 0.6608     | 0.6337     |             | 0.7959   | 0.014  
356    | 2.7576     | 0.1518     | 1.2967       | 1.3092      | 0.0626     | 0.6525     | 0.6250     |             | 0.7455   | -0.013 
357    | 2.7744     | 0.1766     | 1.2937       | 1.3041      | 0.0604     | 0.6517     | 0.6258     |             | 0.7692   | -0.009 
358    | 2.7182     | 0.1546     | 1.2793       | 1.2843      | 0.0600     | 0.6542     | 0.6306     |             | 0.8079   | 0.001  
359    | 2.7200     | 0.1457     | 1.2746       | 1.2997      | 0.0533     | 0.6431     | 0.6341     |             | 0.7841   | 0.015  
360    | 2.7223     | 0.1568     | 1.2855       | 1.2800      | 0.0605     | 0.6481     | 0.6364     |             | 0.7578   | 0.012  
361    | 2.7358     | 0.1403     | 1.2951       | 1.3004      | 0.0551     | 0.6458     | 0.6273     |             | 0.7645   | -0.001 
362    | 2.7407     | 0.1632     | 1.2963       | 1.2812      | 0.0570     | 0.6355     | 0.6212     |             | 0.8077   | -0.015 
363    | 2.7639     | 0.1746     | 1.2909       | 1.2984      | 0.0566     | 0.6569     | 0.6322     |             | 0.7697   | 0.008  
364    | 2.7585     | 0.1684     | 1.2831       | 1.3071      | 0.0552     | 0.6495     | 0.6283     |             | 0.7525   | 0.001  
365    | 2.7518     | 0.1637     | 1.2897       | 1.2984      | 0.0567     | 0.6526     | 0.6301     |             | 0.7400   | 0.004  
366    | 2.7662     | 0.1759     | 1.2958       | 1.2945      | 0.0506     | 0.6354     | 0.6388     |             | 0.7867   | 0.020  
367    | 2.7345     | 0.1658     | 1.2762       | 1.2926      | 0.0580     | 0.6372     | 0.6249     |             | 0.7685   | -0.008 
368    | 2.7108     | 0.1689     | 1.2659       | 1.2760      | 0.0542     | 0.6194     | 0.6072     |             | 0.7677   | -0.040 
369    | 2.7146     | 0.1798     | 1.2617       | 1.2731      | 0.0498     | 0.6299     | 0.6243     |             | 0.7527   | -0.001 
370    | 2.6714     | 0.1579     | 1.2556       | 1.2579      | 0.0548     | 0.6431     | 0.6211     |             | 0.8442   | -0.013 
371    | 2.6911     | 0.1596     | 1.2633       | 1.2682      | 0.0559     | 0.6480     | 0.6181     |             | 0.7928   | -0.020 
372    | 2.7221     | 0.1762     | 1.2645       | 1.2814      | 0.0652     | 0.6482     | 0.6278     |             | 0.8198   | -0.010 
373    | 2.7094     | 0.1733     | 1.2473       | 1.2888      | 0.0740     | 0.6315     | 0.6323     |             | 0.7935   | -0.011 
374    | 2.7414     | 0.1844     | 1.2602       | 1.2968      | 0.0691     | 0.6204     | 0.6499     |             | 0.8118   | -0.028 
375    | 2.6822     | 0.1464     | 1.2420       | 1.2938      | 0.0764     | 0.6298     | 0.6552     |             | 0.7962   | -0.017 
376    | 2.7311     | 0.1515     | 1.2840       | 1.2957      | 0.0705     | 0.6222     | 0.6548     |             | 0.8026   | -0.026 
377    | 2.7317     | 0.1754     | 1.2807       | 1.2756      | 0.0641     | 0.6541     | 0.6478     |             | 0.7947   | 0.031  
378    | 2.6802     | 0.1586     | 1.2554       | 1.2662      | 0.0624     | 0.6564     | 0.6545     |             | 0.7738   | 0.047  
379    | 2.6818     | 0.1676     | 1.2328       | 1.2813      | 0.0668     | 0.6214     | 0.6682     |             | 0.7142   | -0.024 
380    | 2.7189     | 0.1519     | 1.2366       | 1.3304      | 0.0707     | 0.6081     | 0.6868     |             | 0.7288   | -0.055 
381    | 2.7466     | 0.1651     | 1.2260       | 1.3555      | 0.0564     | 0.6354     | 0.6969     |             | 0.7840   | 0.014  
382    | 2.7286     | 0.1714     | 1.2132       | 1.3440      | 0.0638     | 0.6218     | 0.6831     |             | 0.7434   | -0.020 
383    | 2.7558     | 0.1662     | 1.2503       | 1.3392      | 0.0676     | 0.6181     | 0.6803     |             | 0.7734   | -0.031 
384    | 2.7648     | 0.1702     | 1.2382       | 1.3564      | 0.0621     | 0.6183     | 0.7017     |             | 0.7977   | -0.025 
385    | 2.7297     | 0.1537     | 1.2467       | 1.3293      | 0.0587     | 0.6420     | 0.6995     |             | 0.8025   | 0.025  
386    | 2.7570     | 0.1664     | 1.2723       | 1.3183      | 0.0622     | 0.6415     | 0.6799     |             | 0.7492   | 0.021  
387    | 2.7783     | 0.1845     | 1.2869       | 1.3069      | 0.0562     | 0.6117     | 0.6634     |             | 0.7852   | -0.033 
388    | 2.7475     | 0.1594     | 1.2752       | 1.3130      | 0.0546     | 0.6119     | 0.6721     |             | 0.7574   | -0.031 
389    | 2.7266     | 0.1524     | 1.2563       | 1.3179      | 0.0536     | 0.6197     | 0.6670     |             | 0.7911   | -0.014 
390    | 2.7227     | 0.1666     | 1.2460       | 1.3101      | 0.0532     | 0.6118     | 0.6627     |             | 0.8960   | -0.030 
391    | 2.7048     | 0.1737     | 1.2328       | 1.2982      | 0.0467     | 0.6304     | 0.6591     |             | 0.7968   | 0.014  
392    | 2.6936     | 0.1568     | 1.2505       | 1.2862      | 0.0499     | 0.6363     | 0.6629     |             | 0.7946   | 0.023  
393    | 2.6827     | 0.1311     | 1.2743       | 1.2773      | 0.0546     | 0.6462     | 0.6478     |             | 0.7821   | 0.038  
394    | 2.7308     | 0.1541     | 1.2957       | 1.2811      | 0.0486     | 0.6560     | 0.6570     |             | 0.7630   | 0.063  
395    | 2.7531     | 0.1871     | 1.3043       | 1.2617      | 0.0533     | 0.6459     | 0.6531     |             | 0.7950   | 0.038  
396    | 2.7405     | 0.1494     | 1.3174       | 1.2738      | 0.0547     | 0.6582     | 0.6772     |             | 0.8145   | 0.062  
397    | 2.7361     | 0.1511     | 1.3033       | 1.2816      | 0.0591     | 0.6504     | 0.6808     |             | 0.7908   | 0.042  
398    | 2.7548     | 0.1580     | 1.2971       | 1.2997      | 0.0641     | 0.6660     | 0.6762     |             | 0.8755   | 0.068  
399    | 2.7384     | 0.1622     | 1.2799       | 1.2963      | 0.0689     | 0.6550     | 0.6615     |             | 0.8306   | 0.041  
400    | 2.7056     | 0.1557     | 1.2780       | 1.2719      | 0.0719     | 0.6754     | 0.6597     |             | 0.7836   | 0.047  
Seed 123456 | Src MDE: 0.0117 | Tgt MDE: 0.9449
Finished FusionDANN_1_2_3_4. Results saved.
