Mode: Fusion | Features: RSSI(4) + RTT(3)
Model Input Dimension: 7
cuda
Start Training Seed 42...
Epoch  | Total Loss | l_sc       | l_dc       | l_tc       | l_ca       | val_l_sc     | val_l_dc     | Save        | Test MDE | Score  
---------------------------------------------------------------------------------------------------------------------------------------
1      | 13.3558    | 3.6501     | 2.8150     | 3.6829     | 3.2078     | 3.1857       | 3.6067       |             | 2.4212   | 6.792  
2      | 9.5901     | 3.0912     | 2.7614     | 3.2890     | 0.4485     | 2.6326       | 3.1488       |             | 2.3342   | 5.781  
3      | 8.5220     | 2.7244     | 2.7337     | 2.8409     | 0.2231     | 2.2912       | 2.5433       |             | 2.3001   | 4.834  
4      | 7.5968     | 2.4979     | 2.7048     | 2.2627     | 0.1314     | 1.9590       | 1.9540       |             | 2.3158   | 3.913  
5      | 6.7722     | 2.2230     | 2.6752     | 1.7487     | 0.1253     | 1.6557       | 1.3921       |             | 2.3851   | 3.048  
6      | 6.1412     | 2.0441     | 2.6378     | 1.3537     | 0.1055     | 1.3993       | 1.0432       |             | 2.4417   | 2.442  
7      | 5.6415     | 1.8223     | 2.5927     | 1.1413     | 0.0852     | 1.0856       | 0.8543       |             | 2.4365   | 1.940  
8      | 5.2525     | 1.6416     | 2.5415     | 0.9809     | 0.0884     | 0.8935       | 0.7001       |             | 2.4664   | 1.594  
9      | 4.8052     | 1.4371     | 2.4616     | 0.8450     | 0.0615     | 0.6807       | 0.5787       |             | 2.4286   | 1.259  
10     | 4.5395     | 1.3230     | 2.3865     | 0.7729     | 0.0571     | 0.5881       | 0.5642       |             | 2.4234   | 1.152  
11     | 4.2108     | 1.1521     | 2.2982     | 0.6798     | 0.0807     | 0.4902       | 0.3999       |             | 2.4622   | 0.890  
12     | 3.9916     | 1.0758     | 2.2039     | 0.6446     | 0.0673     | 0.4387       | 0.3388       |             | 2.4307   | 0.778  
13     | 3.7193     | 0.9897     | 2.1177     | 0.5731     | 0.0388     | 0.3796       | 0.2933       |             | 2.4821   | 0.673  
14     | 3.5390     | 0.9503     | 1.9911     | 0.5378     | 0.0598     | 0.3103       | 0.2909       |             | 2.4767   | 0.601  
15     | 3.3905     | 0.9043     | 1.9053     | 0.5070     | 0.0740     | 0.3063       | 0.2777       |             | 2.4485   | 0.584  
16     | 3.1596     | 0.8224     | 1.7859     | 0.5008     | 0.0505     | 0.2693       | 0.2542       |             | 2.4808   | 0.524  
17     | 3.0516     | 0.8376     | 1.6977     | 0.4630     | 0.0533     | 0.2330       | 0.2697       |             | 2.4609   | 0.503  
18     | 2.7859     | 0.7619     | 1.5639     | 0.4185     | 0.0416     | 0.2130       | 0.2210       |             | 2.4608   | 0.434  
19     | 2.6700     | 0.7353     | 1.4701     | 0.4139     | 0.0507     | 0.2542       | 0.1922       |             | 2.4610   | 0.446  
20     | 2.5452     | 0.7365     | 1.3832     | 0.3833     | 0.0422     | 0.2580       | 0.1862       |             | 2.4668   | 0.444  
21     | 2.4030     | 0.6891     | 1.3056     | 0.3718     | 0.0366     | 0.1876       | 0.2181       |             | 2.4673   | 0.406  
22     | 2.3382     | 0.6751     | 1.2499     | 0.3636     | 0.0497     | 0.2505       | 0.1564       |             | 2.4987   | 0.407  
23     | 2.2687     | 0.6735     | 1.1818     | 0.3457     | 0.0677     | 0.1750       | 0.1455       |             | 2.4587   | 0.320  
24     | 2.2100     | 0.6444     | 1.1616     | 0.3670     | 0.0370     | 0.1807       | 0.1434       |             | 2.4697   | 0.324  
25     | 1.9911     | 0.5846     | 1.0650     | 0.3070     | 0.0345     | 0.1476       | 0.1839       |             | 2.4622   | 0.332  
26     | 2.0225     | 0.6151     | 1.0213     | 0.3227     | 0.0635     | 0.1802       | 0.1675       |             | 2.4857   | 0.348  
27     | 1.8589     | 0.5769     | 0.9505     | 0.3075     | 0.0240     | 0.1222       | 0.1663       |             | 2.4567   | 0.289  
28     | 1.8224     | 0.5683     | 0.9208     | 0.2861     | 0.0472     | 0.1528       | 0.1463       |             | 2.4346   | 0.299  
29     | 1.7446     | 0.5622     | 0.8714     | 0.2798     | 0.0313     | 0.1102       | 0.2137       |             | 2.4351   | 0.324  
30     | 1.7486     | 0.5562     | 0.8413     | 0.3016     | 0.0496     | 0.1496       | 0.1141       |             | 2.5038   | 0.264  
31     | 1.6546     | 0.5591     | 0.7941     | 0.2703     | 0.0311     | 0.1419       | 0.1445       |             | 2.4676   | 0.286  
32     | 1.6045     | 0.4943     | 0.7768     | 0.2820     | 0.0514     | 0.1119       | 0.1443       |             | 2.4388   | 0.256  
33     | 1.5675     | 0.4968     | 0.7661     | 0.2708     | 0.0338     | 0.1524       | 0.1161       |             | 2.4778   | 0.269  
34     | 1.5489     | 0.5109     | 0.7429     | 0.2654     | 0.0297     | 0.1093       | 0.1304       |             | 2.4678   | 0.240  
35     | 1.4412     | 0.4612     | 0.6912     | 0.2511     | 0.0377     | 0.1247       | 0.1062       |             | 2.4640   | 0.231  
36     | 1.4884     | 0.4929     | 0.7161     | 0.2501     | 0.0293     | 0.0930       | 0.1281       |             | 2.4573   | 0.221  
37     | 1.4456     | 0.4779     | 0.6684     | 0.2559     | 0.0434     | 0.1326       | 0.1084       |             | 2.4668   | 0.241  
38     | 1.4379     | 0.4660     | 0.6765     | 0.2571     | 0.0383     | 0.1099       | 0.1206       |             | 2.4516   | 0.231  
39     | 1.3608     | 0.4618     | 0.6291     | 0.2394     | 0.0305     | 0.1148       | 0.1224       |             | 2.4966   | 0.237  
40     | 1.4875     | 0.5042     | 0.6680     | 0.2656     | 0.0498     | 0.1386       | 0.1195       |             | 2.4576   | 0.258  
41     | 1.4378     | 0.4744     | 0.6567     | 0.2595     | 0.0471     | 0.1304       | 0.1011       |             | 2.4670   | 0.232  
42     | 1.2687     | 0.4301     | 0.5752     | 0.2317     | 0.0317     | 0.1226       | 0.0949       |             | 2.4747   | 0.218  
43     | 1.3273     | 0.4492     | 0.5872     | 0.2323     | 0.0586     | 0.0867       | 0.1099       |             | 2.4546   | 0.197  
44     | 1.3224     | 0.4578     | 0.5874     | 0.2278     | 0.0494     | 0.1311       | 0.0778       |             | 2.4745   | 0.209  
45     | 1.3277     | 0.4423     | 0.5942     | 0.2449     | 0.0464     | 0.1137       | 0.1228       |             | 2.4501   | 0.237  
46     | 1.3657     | 0.4579     | 0.6243     | 0.2408     | 0.0428     | 0.0985       | 0.1226       |             | 2.4372   | 0.221  
47     | 1.3310     | 0.4373     | 0.6219     | 0.2361     | 0.0356     | 0.0947       | 0.1108       |             | 2.4576   | 0.205  
48     | 1.2564     | 0.4257     | 0.5862     | 0.2127     | 0.0318     | 0.1026       | 0.1091       |             | 2.4462   | 0.212  
49     | 1.3802     | 0.4297     | 0.6605     | 0.2400     | 0.0500     | 0.1063       | 0.1192       |             | 2.2640   | 0.225  
50     | 1.5288     | 0.4632     | 0.7490     | 0.2683     | 0.0483     | 0.0795       | 0.1841       |             | 2.3004   | 0.264  
51     | 1.4468     | 0.4243     | 0.7153     | 0.2533     | 0.0540     | 0.1301       | 0.1387       |             | 2.4198   | 0.269  
52     | 1.3821     | 0.4105     | 0.6761     | 0.2527     | 0.0427     | 0.1286       | 0.0968       |             | 2.4464   | 0.225  
53     | 1.4215     | 0.4190     | 0.7053     | 0.2518     | 0.0453     | 0.0718       | 0.2260       |             | 2.3440   | 0.298  
54     | 1.3716     | 0.4195     | 0.6695     | 0.2462     | 0.0364     | 0.1282       | 0.1006       |             | 2.4617   | 0.229  
55     | 1.3344     | 0.4197     | 0.6449     | 0.2269     | 0.0429     | 0.0837       | 0.1640       |             | 2.3742   | 0.248  
56     | 1.3898     | 0.4204     | 0.6646     | 0.2596     | 0.0452     | 0.1216       | 0.1008       |             | 2.4500   | 0.222  
57     | 1.4914     | 0.4796     | 0.7320     | 0.2370     | 0.0428     | 0.1155       | 0.1075       |             | 2.4192   | 0.223  
58     | 1.4977     | 0.4267     | 0.7641     | 0.2617     | 0.0452     | 0.0970       | 0.1298       |             | 2.4081   | 0.227  
59     | 1.4841     | 0.4470     | 0.7355     | 0.2564     | 0.0452     | 0.0660       | 0.1528       |             | 2.3845   | 0.219  
60     | 1.3823     | 0.4205     | 0.6864     | 0.2420     | 0.0334     | 0.1220       | 0.1224       |             | 2.4303   | 0.244  
61     | 1.3965     | 0.4175     | 0.7011     | 0.2338     | 0.0442     | 0.0809       | 0.1438       |             | 2.3086   | 0.225  
62     | 1.3843     | 0.3958     | 0.6865     | 0.2509     | 0.0512     | 0.1050       | 0.1061       |             | 2.4215   | 0.211  
63     | 1.4658     | 0.4561     | 0.7153     | 0.2465     | 0.0479     | 0.0885       | 0.1587       |             | 2.2397   | 0.247  
64     | 1.4990     | 0.4374     | 0.7489     | 0.2504     | 0.0623     | 0.1166       | 0.1165       |             | 2.3113   | 0.233  
65     | 1.3716     | 0.4080     | 0.6776     | 0.2387     | 0.0473     | 0.0720       | 0.1675       |             | 2.2639   | 0.240  
66     | 1.4588     | 0.4362     | 0.7203     | 0.2574     | 0.0450     | 0.1030       | 0.1567       |             | 2.2777   | 0.260  
67     | 1.3851     | 0.3944     | 0.6729     | 0.2613     | 0.0565     | 0.0855       | 0.1622       |             | 2.2711   | 0.248  
68     | 1.3751     | 0.3862     | 0.6854     | 0.2614     | 0.0421     | 0.1252       | 0.0839       |             | 2.3003   | 0.209  
69     | 1.4194     | 0.4121     | 0.7094     | 0.2444     | 0.0534     | 0.0943       | 0.1256       |             | 2.3181   | 0.220  
70     | 1.4130     | 0.4240     | 0.6941     | 0.2467     | 0.0482     | 0.0935       | 0.1512       |             | 2.1656   | 0.245  
71     | 1.4484     | 0.4110     | 0.7128     | 0.2625     | 0.0620     | 0.0962       | 0.1031       |             | 2.2145   | 0.199  
72     | 1.3971     | 0.4291     | 0.6889     | 0.2345     | 0.0446     | 0.0869       | 0.1500       |             | 2.2256   | 0.237  
73     | 1.4535     | 0.3882     | 0.7354     | 0.2669     | 0.0630     | 0.0610       | 0.1313       |             | 2.2200   | 0.192  
74     | 1.4949     | 0.4137     | 0.7646     | 0.2684     | 0.0481     | 0.0763       | 0.1173       |             | 2.2512   | 0.194  
75     | 1.4513     | 0.3982     | 0.7450     | 0.2414     | 0.0668     | 0.0713       | 0.1126       |             | 2.2119   | 0.184  
76     | 1.5085     | 0.3918     | 0.7772     | 0.2657     | 0.0739     | 0.0739       | 0.1149       |             | 2.2031   | 0.189  
77     | 1.5083     | 0.4023     | 0.7968     | 0.2602     | 0.0490     | 0.0701       | 0.1394       |             | 2.1562   | 0.209  
78     | 1.6427     | 0.4513     | 0.8657     | 0.2780     | 0.0478     | 0.0588       | 0.1456       |             | 2.1250   | 0.204  
79     | 1.6196     | 0.4071     | 0.8703     | 0.2861     | 0.0561     | 0.0588       | 0.1347       |             | 2.2027   | 0.193  
80     | 1.5559     | 0.4293     | 0.7955     | 0.2763     | 0.0548     | 0.0586       | 0.1643       |             | 2.2047   | 0.223  
81     | 1.5228     | 0.4095     | 0.7852     | 0.2612     | 0.0669     | 0.0971       | 0.0970       |             | 2.2372   | 0.194  
82     | 1.5238     | 0.3932     | 0.7729     | 0.2734     | 0.0843     | 0.0785       | 0.1738       |             | 2.1643   | 0.252  
83     | 1.7225     | 0.4393     | 0.9203     | 0.3090     | 0.0539     | 0.0672       | 0.1891       |             | 2.1286   | 0.256  
84     | 1.8856     | 0.4660     | 1.0171     | 0.3429     | 0.0596     | 0.0530       | 0.2043       |             | 2.0204   | 0.257  
85     | 1.9028     | 0.4489     | 1.0288     | 0.3586     | 0.0664     | 0.0795       | 0.1847       |             | 2.0166   | 0.264  
86     | 1.9424     | 0.4792     | 1.0618     | 0.3453     | 0.0561     | 0.0553       | 0.1911       |             | 1.8273   | 0.246  
87     | 1.9113     | 0.4543     | 1.0514     | 0.3416     | 0.0640     | 0.0761       | 0.2204       |             | 1.9120   | 0.297  
88     | 1.8066     | 0.4576     | 0.9524     | 0.3363     | 0.0603     | 0.0646       | 0.1948       |             | 1.9899   | 0.259  
89     | 1.8660     | 0.4323     | 1.0311     | 0.3507     | 0.0518     | 0.0738       | 0.1832       |             | 1.9488   | 0.257  
90     | 2.1252     | 0.4747     | 1.2033     | 0.3711     | 0.0761     | 0.0761       | 0.2251       |             | 1.9254   | 0.301  
91     | 2.1183     | 0.4534     | 1.2171     | 0.3835     | 0.0642     | 0.0458       | 0.1807       |             | 1.9480   | 0.226  
92     | 1.9970     | 0.4351     | 1.1385     | 0.3541     | 0.0692     | 0.0948       | 0.1627       |             | 2.0234   | 0.257  
93     | 2.0531     | 0.4458     | 1.1852     | 0.3527     | 0.0694     | 0.0697       | 0.1736       |             | 1.9921   | 0.243  
94     | 1.9808     | 0.4110     | 1.1596     | 0.3445     | 0.0658     | 0.0675       | 0.2278       |             | 1.8139   | 0.295  
95     | 2.0421     | 0.4351     | 1.1661     | 0.3708     | 0.0701     | 0.0584       | 0.1574       |             | 1.8526   | 0.216  
96     | 2.0193     | 0.4082     | 1.1898     | 0.3677     | 0.0537     | 0.0703       | 0.2198       |             | 1.6049   | 0.290  
97     | 2.0470     | 0.4550     | 1.1718     | 0.3650     | 0.0552     | 0.0469       | 0.1954       |             | 1.5843   | 0.242  
98     | 2.2818     | 0.4915     | 1.3362     | 0.3936     | 0.0605     | 0.0455       | 0.2259       |             | 1.6389   | 0.271  
99     | 2.1609     | 0.4285     | 1.2686     | 0.3964     | 0.0674     | 0.0579       | 0.2525       |             | 1.5539   | 0.310  
100    | 2.0577     | 0.3866     | 1.2233     | 0.3859     | 0.0618     | 0.0501       | 0.1862       |             | 1.7564   | 0.236  
101    | 2.1516     | 0.4340     | 1.2830     | 0.3717     | 0.0629     | 0.0628       | 0.2320       | (saved)     | 1.6074   | 0.295  
102    | 2.0723     | 0.4284     | 1.2255     | 0.3572     | 0.0612     | 0.0661       | 0.2184       | (saved)     | 1.6624   | 0.285  
103    | 2.2718     | 0.4629     | 1.3424     | 0.3998     | 0.0668     | 0.0534       | 0.1962       | (saved)     | 1.6227   | 0.250  
104    | 2.2776     | 0.4443     | 1.3772     | 0.3824     | 0.0738     | 0.0435       | 0.2188       |             | 1.5685   | 0.262  
105    | 2.4165     | 0.4727     | 1.4738     | 0.4076     | 0.0624     | 0.0592       | 0.1844       | (saved)     | 1.4222   | 0.244  
106    | 2.3125     | 0.4333     | 1.4300     | 0.3868     | 0.0624     | 0.0621       | 0.1962       |             | 1.5160   | 0.258  
107    | 2.3554     | 0.4685     | 1.4070     | 0.4105     | 0.0694     | 0.0463       | 0.2077       |             | 1.4675   | 0.254  
108    | 2.2270     | 0.4286     | 1.3804     | 0.3609     | 0.0570     | 0.0498       | 0.1636       | (saved)     | 1.7594   | 0.213  
109    | 2.1257     | 0.3854     | 1.2966     | 0.3759     | 0.0678     | 0.0372       | 0.1803       |             | 1.4728   | 0.218  
110    | 2.1852     | 0.4416     | 1.3253     | 0.3663     | 0.0521     | 0.0471       | 0.2159       |             | 1.4436   | 0.263  
111    | 2.2287     | 0.4166     | 1.3742     | 0.3772     | 0.0607     | 0.0432       | 0.2183       |             | 1.5822   | 0.262  
112    | 2.2403     | 0.4220     | 1.3677     | 0.3785     | 0.0720     | 0.0330       | 0.1964       |             | 1.4942   | 0.229  
113    | 2.1660     | 0.3735     | 1.3803     | 0.3664     | 0.0458     | 0.0262       | 0.1743       | (saved)     | 1.5932   | 0.200  
114    | 2.3995     | 0.3902     | 1.5387     | 0.4049     | 0.0656     | 0.0414       | 0.2206       |             | 1.4592   | 0.262  
115    | 2.4340     | 0.4503     | 1.5337     | 0.3874     | 0.0626     | 0.0453       | 0.1977       |             | 1.3484   | 0.243  
116    | 2.4553     | 0.4107     | 1.5675     | 0.4037     | 0.0734     | 0.0493       | 0.1762       |             | 1.3739   | 0.225  
117    | 2.4111     | 0.4344     | 1.5083     | 0.4000     | 0.0684     | 0.0397       | 0.1616       |             | 1.3867   | 0.201  
118    | 2.3464     | 0.4009     | 1.4852     | 0.3923     | 0.0681     | 0.0463       | 0.2317       |             | 1.2665   | 0.278  
119    | 2.1367     | 0.3536     | 1.3648     | 0.3554     | 0.0628     | 0.0471       | 0.1547       |             | 1.4779   | 0.202  
120    | 2.2268     | 0.3941     | 1.4228     | 0.3566     | 0.0534     | 0.0358       | 0.1727       |             | 1.2827   | 0.209  
121    | 2.2808     | 0.3720     | 1.4762     | 0.3729     | 0.0596     | 0.0454       | 0.1465       | (saved)     | 1.2896   | 0.192  
122    | 2.3637     | 0.3749     | 1.5499     | 0.3786     | 0.0603     | 0.0435       | 0.1709       |             | 1.1560   | 0.214  
123    | 2.4828     | 0.4089     | 1.6235     | 0.3937     | 0.0566     | 0.0433       | 0.1906       |             | 1.1748   | 0.234  
124    | 2.3132     | 0.3572     | 1.5161     | 0.3866     | 0.0532     | 0.0394       | 0.1741       |             | 1.1955   | 0.214  
125    | 2.2666     | 0.3614     | 1.5126     | 0.3570     | 0.0357     | 0.0508       | 0.1454       |             | 1.2857   | 0.196  
126    | 2.3464     | 0.3797     | 1.5639     | 0.3593     | 0.0434     | 0.0432       | 0.1553       |             | 1.1795   | 0.199  
127    | 2.3321     | 0.3850     | 1.5476     | 0.3571     | 0.0424     | 0.0486       | 0.1717       |             | 1.0480   | 0.220  
128    | 2.3678     | 0.3903     | 1.5648     | 0.3596     | 0.0531     | 0.0334       | 0.1335       | (saved)     | 1.1178   | 0.167  
129    | 2.2645     | 0.3557     | 1.5186     | 0.3434     | 0.0467     | 0.0448       | 0.1443       |             | 1.0928   | 0.189  
130    | 2.3488     | 0.3797     | 1.5834     | 0.3439     | 0.0418     | 0.0438       | 0.1438       |             | 1.0914   | 0.188  
131    | 2.3187     | 0.3946     | 1.5337     | 0.3424     | 0.0479     | 0.0436       | 0.1350       |             | 1.1221   | 0.179  
132    | 2.3326     | 0.3720     | 1.5667     | 0.3395     | 0.0544     | 0.0351       | 0.1147       | (saved)     | 1.0894   | 0.150  
133    | 2.3626     | 0.3952     | 1.5753     | 0.3416     | 0.0505     | 0.0427       | 0.1465       |             | 1.0821   | 0.189  
134    | 2.1634     | 0.3163     | 1.4740     | 0.3275     | 0.0456     | 0.0434       | 0.1173       |             | 1.0683   | 0.161  
135    | 2.2830     | 0.4124     | 1.4955     | 0.3206     | 0.0545     | 0.0241       | 0.1371       |             | 1.0368   | 0.161  
136    | 2.2728     | 0.3537     | 1.5350     | 0.3333     | 0.0509     | 0.0273       | 0.1422       |             | 1.0594   | 0.170  
137    | 2.2571     | 0.3260     | 1.5402     | 0.3409     | 0.0500     | 0.0414       | 0.1481       |             | 1.0885   | 0.189  
138    | 2.3347     | 0.3712     | 1.5823     | 0.3317     | 0.0496     | 0.0361       | 0.1318       |             | 1.0393   | 0.168  
139    | 2.2427     | 0.3367     | 1.5412     | 0.3193     | 0.0455     | 0.0352       | 0.1143       | (saved)     | 1.0976   | 0.150  
140    | 2.3362     | 0.3770     | 1.5821     | 0.3262     | 0.0508     | 0.0468       | 0.1272       |             | 1.0822   | 0.174  
141    | 2.2696     | 0.3511     | 1.5526     | 0.3200     | 0.0459     | 0.0400       | 0.1339       |             | 1.0845   | 0.174  
142    | 2.1925     | 0.3452     | 1.4981     | 0.3092     | 0.0400     | 0.0302       | 0.1206       |             | 1.0531   | 0.151  
143    | 2.3166     | 0.3584     | 1.5951     | 0.3170     | 0.0462     | 0.0233       | 0.1353       |             | 1.0548   | 0.159  
144    | 2.1368     | 0.3212     | 1.4704     | 0.3097     | 0.0354     | 0.0256       | 0.1394       |             | 1.0018   | 0.165  
145    | 2.2333     | 0.3380     | 1.5391     | 0.3113     | 0.0448     | 0.0410       | 0.1130       |             | 0.9447   | 0.154  
146    | 2.3373     | 0.3391     | 1.6030     | 0.3454     | 0.0497     | 0.0649       | 0.1146       |             | 1.0014   | 0.179  
147    | 2.2094     | 0.3268     | 1.5258     | 0.3241     | 0.0327     | 0.0296       | 0.1336       |             | 1.0118   | 0.163  
148    | 2.0283     | 0.2978     | 1.4076     | 0.2876     | 0.0354     | 0.0289       | 0.1232       |             | 1.0089   | 0.152  
149    | 2.1538     | 0.3231     | 1.4802     | 0.2974     | 0.0530     | 0.0437       | 0.1330       |             | 0.9236   | 0.177  
150    | 2.1258     | 0.3311     | 1.4476     | 0.3067     | 0.0403     | 0.0456       | 0.1163       |             | 0.9412   | 0.162  
151    | 2.2108     | 0.2971     | 1.5599     | 0.3173     | 0.0365     | 0.0415       | 0.1174       |             | 0.9417   | 0.159  
152    | 2.1781     | 0.3282     | 1.5230     | 0.2811     | 0.0457     | 0.0423       | 0.1107       |             | 0.9283   | 0.153  
153    | 2.2694     | 0.3360     | 1.6005     | 0.2959     | 0.0369     | 0.0358       | 0.1161       |             | 0.9557   | 0.152  
154    | 2.3844     | 0.3691     | 1.6618     | 0.3112     | 0.0423     | 0.0348       | 0.1261       |             | 0.9448   | 0.161  
155    | 2.3977     | 0.3265     | 1.7055     | 0.3234     | 0.0423     | 0.0417       | 0.1430       |             | 0.9698   | 0.185  
156    | 2.2981     | 0.3092     | 1.6259     | 0.3066     | 0.0564     | 0.0313       | 0.1215       |             | 0.9626   | 0.153  
157    | 2.2163     | 0.3046     | 1.5657     | 0.3084     | 0.0376     | 0.0411       | 0.1431       |             | 0.9589   | 0.184  
158    | 2.2676     | 0.3471     | 1.5727     | 0.3031     | 0.0447     | 0.0388       | 0.1181       |             | 0.9582   | 0.157  
159    | 2.2293     | 0.3288     | 1.5662     | 0.3016     | 0.0326     | 0.0352       | 0.1022       | (saved)     | 0.9107   | 0.137  
160    | 2.2464     | 0.3332     | 1.5780     | 0.2885     | 0.0467     | 0.0384       | 0.0970       | (saved)     | 0.8877   | 0.135  
161    | 2.2226     | 0.3261     | 1.5641     | 0.2914     | 0.0410     | 0.0286       | 0.1216       |             | 0.9219   | 0.150  
162    | 2.3143     | 0.3407     | 1.6360     | 0.2982     | 0.0394     | 0.0313       | 0.1126       |             | 0.8824   | 0.144  
163    | 2.2436     | 0.3288     | 1.5897     | 0.2892     | 0.0358     | 0.0425       | 0.1288       |             | 0.8480   | 0.171  
164    | 2.2795     | 0.3323     | 1.6132     | 0.2994     | 0.0345     | 0.0308       | 0.1253       |             | 0.8528   | 0.156  
165    | 2.2414     | 0.3276     | 1.5727     | 0.3007     | 0.0403     | 0.0206       | 0.1009       | (saved)     | 0.8880   | 0.122  
166    | 2.1897     | 0.3175     | 1.5429     | 0.2966     | 0.0327     | 0.0288       | 0.1087       |             | 0.8764   | 0.137  
167    | 2.1206     | 0.2966     | 1.5185     | 0.2709     | 0.0346     | 0.0433       | 0.0929       |             | 0.8768   | 0.136  
168    | 2.1344     | 0.2980     | 1.5146     | 0.2817     | 0.0401     | 0.0325       | 0.1066       |             | 0.8752   | 0.139  
169    | 2.1910     | 0.2973     | 1.5730     | 0.2861     | 0.0345     | 0.0343       | 0.1159       |             | 0.8460   | 0.150  
170    | 2.2215     | 0.2878     | 1.6046     | 0.2844     | 0.0448     | 0.0316       | 0.1220       |             | 0.8487   | 0.154  
171    | 2.3182     | 0.2989     | 1.6874     | 0.2901     | 0.0419     | 0.0416       | 0.1012       |             | 0.8575   | 0.143  
172    | 2.4138     | 0.3162     | 1.7492     | 0.3025     | 0.0458     | 0.0378       | 0.1163       |             | 0.8200   | 0.154  
173    | 2.2655     | 0.3364     | 1.6076     | 0.2803     | 0.0412     | 0.0379       | 0.1159       |             | 0.8268   | 0.154  
174    | 2.2984     | 0.3004     | 1.6634     | 0.2906     | 0.0440     | 0.0371       | 0.1088       |             | 0.8156   | 0.146  
175    | 2.2159     | 0.2922     | 1.6109     | 0.2756     | 0.0372     | 0.0320       | 0.1005       |             | 0.8118   | 0.133  
176    | 2.3653     | 0.3183     | 1.7100     | 0.2954     | 0.0417     | 0.0417       | 0.1164       |             | 0.8352   | 0.158  
177    | 2.2670     | 0.3165     | 1.6404     | 0.2743     | 0.0357     | 0.0499       | 0.1081       |             | 0.8363   | 0.158  
178    | 2.1845     | 0.3031     | 1.5742     | 0.2692     | 0.0380     | 0.0469       | 0.0809       |             | 0.8198   | 0.128  
179    | 2.2039     | 0.3069     | 1.5966     | 0.2677     | 0.0326     | 0.0333       | 0.0710       | (saved)     | 0.8095   | 0.104  
180    | 2.1418     | 0.2955     | 1.5705     | 0.2448     | 0.0311     | 0.0420       | 0.1215       |             | 0.8188   | 0.164  
181    | 2.2765     | 0.3305     | 1.6267     | 0.2758     | 0.0435     | 0.0304       | 0.0732       | (saved)     | 0.8415   | 0.104  
182    | 2.2258     | 0.3196     | 1.5963     | 0.2700     | 0.0399     | 0.0339       | 0.0726       |             | 0.8492   | 0.107  
183    | 2.1671     | 0.3370     | 1.5412     | 0.2578     | 0.0311     | 0.0379       | 0.1042       |             | 0.8316   | 0.142  
184    | 2.0881     | 0.2889     | 1.5132     | 0.2486     | 0.0373     | 0.0344       | 0.0825       |             | 0.8164   | 0.117  
185    | 2.0317     | 0.2763     | 1.4828     | 0.2427     | 0.0299     | 0.0375       | 0.0858       |             | 0.7975   | 0.123  
186    | 2.0621     | 0.2696     | 1.4978     | 0.2535     | 0.0411     | 0.0380       | 0.0726       |             | 0.7994   | 0.111  
187    | 2.0550     | 0.2773     | 1.4902     | 0.2461     | 0.0414     | 0.0336       | 0.0737       |             | 0.8293   | 0.107  
188    | 1.9464     | 0.2318     | 1.4450     | 0.2321     | 0.0375     | 0.0296       | 0.0731       | (saved)     | 0.8241   | 0.103  
189    | 2.1214     | 0.2791     | 1.5466     | 0.2587     | 0.0370     | 0.0384       | 0.0743       |             | 0.8342   | 0.113  
190    | 2.0353     | 0.2514     | 1.5033     | 0.2427     | 0.0380     | 0.0249       | 0.0694       | (saved)     | 0.8109   | 0.094  
191    | 2.1162     | 0.3315     | 1.5108     | 0.2357     | 0.0382     | 0.0376       | 0.0745       |             | 0.8277   | 0.112  
192    | 2.0467     | 0.2873     | 1.4925     | 0.2374     | 0.0294     | 0.0235       | 0.0750       |             | 0.8197   | 0.098  
193    | 2.1037     | 0.2742     | 1.5546     | 0.2389     | 0.0361     | 0.0310       | 0.0706       |             | 0.7891   | 0.102  
194    | 2.1264     | 0.3219     | 1.5377     | 0.2308     | 0.0360     | 0.0255       | 0.0838       |             | 0.7983   | 0.109  
195    | 2.1044     | 0.2950     | 1.5111     | 0.2533     | 0.0451     | 0.0358       | 0.0848       |             | 0.7900   | 0.121  
196    | 2.1094     | 0.2692     | 1.5712     | 0.2421     | 0.0268     | 0.0417       | 0.0745       |             | 0.8044   | 0.116  
197    | 2.0925     | 0.2949     | 1.5282     | 0.2345     | 0.0349     | 0.0347       | 0.0817       |             | 0.7905   | 0.116  
198    | 2.1126     | 0.2958     | 1.5411     | 0.2400     | 0.0357     | 0.0328       | 0.0925       |             | 0.8113   | 0.125  
199    | 2.2095     | 0.3282     | 1.5886     | 0.2555     | 0.0373     | 0.0303       | 0.0975       |             | 0.8198   | 0.128  
200    | 2.2398     | 0.3024     | 1.6373     | 0.2622     | 0.0379     | 0.0288       | 0.0704       |             | 0.7986   | 0.099  
201    | 2.1540     | 0.3070     | 1.5634     | 0.2509     | 0.0326     | 0.0392       | 0.0805       |             | 0.8257   | 0.120  
202    | 2.0744     | 0.2526     | 1.5308     | 0.2492     | 0.0419     | 0.0295       | 0.0723       |             | 0.8026   | 0.102  
203    | 2.0458     | 0.2544     | 1.5311     | 0.2347     | 0.0256     | 0.0377       | 0.0652       |             | 0.8078   | 0.103  
204    | 2.0777     | 0.3143     | 1.5026     | 0.2301     | 0.0306     | 0.0363       | 0.0770       |             | 0.8379   | 0.113  
205    | 2.1290     | 0.3155     | 1.5162     | 0.2498     | 0.0475     | 0.0563       | 0.0781       |             | 0.8221   | 0.134  
206    | 2.1320     | 0.3166     | 1.5256     | 0.2506     | 0.0392     | 0.0391       | 0.0773       |             | 0.8065   | 0.116  
207    | 2.1086     | 0.2937     | 1.5419     | 0.2374     | 0.0356     | 0.0396       | 0.0675       |             | 0.7785   | 0.107  
208    | 2.0080     | 0.2455     | 1.4919     | 0.2411     | 0.0294     | 0.0290       | 0.0582       | (saved)     | 0.8142   | 0.087  
209    | 2.0348     | 0.2693     | 1.5110     | 0.2227     | 0.0319     | 0.0327       | 0.0702       |             | 0.8242   | 0.103  
210    | 2.0237     | 0.2808     | 1.4847     | 0.2261     | 0.0322     | 0.0298       | 0.0809       |             | 0.8172   | 0.111  
211    | 2.0468     | 0.2583     | 1.5193     | 0.2353     | 0.0340     | 0.0248       | 0.0819       |             | 0.7961   | 0.107  
212    | 2.1169     | 0.2963     | 1.5587     | 0.2331     | 0.0289     | 0.0278       | 0.0785       |             | 0.7969   | 0.106  
213    | 2.1060     | 0.2883     | 1.5417     | 0.2413     | 0.0348     | 0.0349       | 0.0931       |             | 0.7835   | 0.128  
214    | 2.0651     | 0.2716     | 1.5281     | 0.2322     | 0.0332     | 0.0323       | 0.0742       |             | 0.8110   | 0.106  
215    | 2.1149     | 0.2675     | 1.5777     | 0.2339     | 0.0358     | 0.0391       | 0.0724       |             | 0.8166   | 0.111  
216    | 2.1030     | 0.2873     | 1.5420     | 0.2314     | 0.0423     | 0.0355       | 0.0694       |             | 0.8196   | 0.105  
217    | 2.0759     | 0.2710     | 1.5287     | 0.2379     | 0.0383     | 0.0267       | 0.0928       |             | 0.8126   | 0.119  
218    | 2.1145     | 0.2916     | 1.5441     | 0.2488     | 0.0300     | 0.0372       | 0.0824       |             | 0.7929   | 0.120  
219    | 2.0793     | 0.2806     | 1.5290     | 0.2340     | 0.0357     | 0.0331       | 0.0803       |             | 0.8161   | 0.113  
220    | 2.0873     | 0.2658     | 1.5540     | 0.2398     | 0.0277     | 0.0294       | 0.0969       |             | 0.8277   | 0.126  
221    | 2.2438     | 0.2264     | 1.7145     | 0.2663     | 0.0366     | 0.0341       | 0.0811       |             | 0.8253   | 0.115  
222    | 2.1695     | 0.2985     | 1.5892     | 0.2437     | 0.0381     | 0.0323       | 0.0887       |             | 0.8050   | 0.121  
223    | 2.1361     | 0.2784     | 1.5736     | 0.2487     | 0.0354     | 0.0335       | 0.0754       |             | 0.8204   | 0.109  
224    | 2.1868     | 0.2914     | 1.6078     | 0.2469     | 0.0407     | 0.0232       | 0.0975       |             | 0.8042   | 0.121  
225    | 2.2317     | 0.2935     | 1.6423     | 0.2566     | 0.0393     | 0.0417       | 0.0970       |             | 0.8271   | 0.139  
226    | 2.2280     | 0.2582     | 1.6669     | 0.2561     | 0.0467     | 0.0276       | 0.1062       |             | 0.7991   | 0.134  
227    | 2.1349     | 0.2416     | 1.5862     | 0.2614     | 0.0457     | 0.0348       | 0.0775       |             | 0.8173   | 0.112  
228    | 2.1335     | 0.2666     | 1.5712     | 0.2531     | 0.0425     | 0.0404       | 0.0933       |             | 0.7696   | 0.134  
229    | 2.2180     | 0.2863     | 1.6281     | 0.2571     | 0.0464     | 0.0453       | 0.0902       |             | 0.8013   | 0.136  
230    | 2.1000     | 0.2609     | 1.5675     | 0.2375     | 0.0341     | 0.0484       | 0.0833       |             | 0.8044   | 0.132  
231    | 2.0780     | 0.2683     | 1.5313     | 0.2425     | 0.0360     | 0.0323       | 0.0853       |             | 0.8042   | 0.118  
232    | 2.0324     | 0.2482     | 1.5323     | 0.2214     | 0.0305     | 0.0305       | 0.0901       |             | 0.7900   | 0.121  
233    | 1.9982     | 0.2547     | 1.4727     | 0.2322     | 0.0386     | 0.0266       | 0.0736       |             | 0.8058   | 0.100  
234    | 2.0754     | 0.2283     | 1.5705     | 0.2376     | 0.0391     | 0.0451       | 0.0860       |             | 0.8135   | 0.131  
235    | 2.1996     | 0.2826     | 1.6262     | 0.2509     | 0.0400     | 0.0535       | 0.0779       |             | 0.7986   | 0.131  
236    | 2.1601     | 0.2831     | 1.5925     | 0.2395     | 0.0450     | 0.0369       | 0.0851       |             | 0.8305   | 0.122  
237    | 2.1464     | 0.2913     | 1.5860     | 0.2337     | 0.0353     | 0.0522       | 0.0739       |             | 0.8341   | 0.126  
238    | 2.1813     | 0.2852     | 1.6369     | 0.2304     | 0.0287     | 0.0371       | 0.0951       |             | 0.8193   | 0.132  
239    | 2.3241     | 0.2682     | 1.7605     | 0.2516     | 0.0439     | 0.0453       | 0.0967       |             | 0.8349   | 0.142  
240    | 2.3500     | 0.2603     | 1.7934     | 0.2578     | 0.0384     | 0.0456       | 0.1107       |             | 0.8780   | 0.156  
241    | 2.3327     | 0.2855     | 1.7484     | 0.2607     | 0.0382     | 0.0473       | 0.0996       |             | 0.8365   | 0.147  
242    | 2.3205     | 0.2871     | 1.7418     | 0.2608     | 0.0308     | 0.0403       | 0.0994       |             | 0.8461   | 0.140  
243    | 2.1913     | 0.2527     | 1.6577     | 0.2478     | 0.0331     | 0.0375       | 0.0981       |             | 0.8618   | 0.136  
244    | 2.2553     | 0.2511     | 1.7113     | 0.2497     | 0.0432     | 0.0433       | 0.0868       |             | 0.8283   | 0.130  
245    | 2.2433     | 0.2794     | 1.6806     | 0.2432     | 0.0401     | 0.0482       | 0.1025       |             | 0.8395   | 0.151  
246    | 2.2020     | 0.2743     | 1.6570     | 0.2318     | 0.0389     | 0.0595       | 0.0977       |             | 0.8441   | 0.157  
247    | 2.1744     | 0.2995     | 1.6258     | 0.2232     | 0.0259     | 0.0409       | 0.0961       |             | 0.8939   | 0.137  
248    | 2.1982     | 0.2777     | 1.6607     | 0.2303     | 0.0296     | 0.1023       | 0.0843       |             | 0.8758   | 0.187  
249    | 2.1688     | 0.2531     | 1.6563     | 0.2329     | 0.0264     | 0.0519       | 0.0954       |             | 0.8812   | 0.147  
250    | 2.2029     | 0.2306     | 1.7164     | 0.2284     | 0.0276     | 0.0450       | 0.0763       |             | 0.9106   | 0.121  
251    | 2.2407     | 0.2479     | 1.7379     | 0.2248     | 0.0301     | 0.0591       | 0.0829       |             | 0.8920   | 0.142  
252    | 2.1116     | 0.2434     | 1.6202     | 0.2203     | 0.0277     | 0.0501       | 0.0855       |             | 0.8840   | 0.136  
253    | 2.1472     | 0.2624     | 1.6274     | 0.2219     | 0.0355     | 0.0379       | 0.0822       |             | 0.8939   | 0.120  
254    | 2.1178     | 0.2722     | 1.6045     | 0.2136     | 0.0274     | 0.0536       | 0.0879       |             | 0.8638   | 0.142  
255    | 2.1973     | 0.2603     | 1.6618     | 0.2388     | 0.0363     | 0.0391       | 0.0861       |             | 0.8689   | 0.125  
256    | 2.2007     | 0.2683     | 1.6499     | 0.2385     | 0.0440     | 0.0368       | 0.0972       |             | 0.8522   | 0.134  
257    | 2.2109     | 0.2535     | 1.6770     | 0.2427     | 0.0377     | 0.0442       | 0.0833       |             | 0.8773   | 0.127  
258    | 2.0673     | 0.2186     | 1.5904     | 0.2289     | 0.0294     | 0.0428       | 0.0927       |             | 0.8464   | 0.135  
259    | 2.1448     | 0.2482     | 1.6352     | 0.2329     | 0.0285     | 0.0378       | 0.0949       |             | 0.8521   | 0.133  
260    | 2.1746     | 0.2665     | 1.6278     | 0.2435     | 0.0368     | 0.0316       | 0.1070       |             | 0.8218   | 0.139  
261    | 2.1083     | 0.2403     | 1.6111     | 0.2269     | 0.0300     | 0.0237       | 0.0873       |             | 0.8356   | 0.111  
262    | 2.1043     | 0.2372     | 1.6084     | 0.2247     | 0.0339     | 0.0296       | 0.0921       |             | 0.8318   | 0.122  
263    | 2.1579     | 0.2512     | 1.6377     | 0.2260     | 0.0430     | 0.0351       | 0.0971       |             | 0.8609   | 0.132  
264    | 2.1867     | 0.2759     | 1.6304     | 0.2248     | 0.0557     | 0.0346       | 0.0777       |             | 0.8181   | 0.112  
265    | 2.1239     | 0.2668     | 1.6083     | 0.2146     | 0.0342     | 0.0414       | 0.0892       |             | 0.8141   | 0.131  
266    | 2.1710     | 0.2241     | 1.6749     | 0.2311     | 0.0409     | 0.0530       | 0.0598       |             | 0.8602   | 0.113  
267    | 2.2481     | 0.2780     | 1.7031     | 0.2299     | 0.0371     | 0.0460       | 0.0994       |             | 0.9469   | 0.145  
268    | 2.2069     | 0.2554     | 1.6718     | 0.2391     | 0.0405     | 0.0554       | 0.1223       |             | 1.0094   | 0.178  
269    | 2.2216     | 0.2793     | 1.6692     | 0.2453     | 0.0277     | 0.0573       | 0.0795       |             | 0.9379   | 0.137  
270    | 2.1258     | 0.2615     | 1.5988     | 0.2280     | 0.0374     | 0.0462       | 0.0735       |             | 0.8418   | 0.120  
271    | 2.0288     | 0.2365     | 1.5536     | 0.2070     | 0.0317     | 0.0686       | 0.0675       |             | 0.8322   | 0.136  
272    | 2.0601     | 0.2604     | 1.5629     | 0.2110     | 0.0258     | 0.0526       | 0.0734       |             | 0.8128   | 0.126  
273    | 2.1775     | 0.2624     | 1.6638     | 0.2127     | 0.0387     | 0.0509       | 0.0766       |             | 0.8263   | 0.127  
274    | 2.1453     | 0.2529     | 1.6436     | 0.2123     | 0.0364     | 0.0388       | 0.0743       |             | 0.8129   | 0.113  
275    | 2.1767     | 0.2552     | 1.6609     | 0.2218     | 0.0388     | 0.0454       | 0.0715       |             | 0.8337   | 0.117  
276    | 2.1427     | 0.2486     | 1.6451     | 0.2222     | 0.0268     | 0.0379       | 0.0771       |             | 0.8382   | 0.115  
277    | 2.0803     | 0.2548     | 1.5717     | 0.2045     | 0.0493     | 0.0425       | 0.0672       |             | 0.8111   | 0.110  
278    | 2.1441     | 0.2657     | 1.6358     | 0.2067     | 0.0359     | 0.0386       | 0.0694       |             | 0.8174   | 0.108  
279    | 2.1712     | 0.2607     | 1.6526     | 0.2196     | 0.0384     | 0.0407       | 0.0730       |             | 0.8183   | 0.114  
280    | 2.1406     | 0.2686     | 1.6246     | 0.2159     | 0.0315     | 0.0436       | 0.0680       |             | 0.8121   | 0.112  
281    | 2.2351     | 0.2989     | 1.6718     | 0.2197     | 0.0447     | 0.0408       | 0.0761       |             | 0.8265   | 0.117  
282    | 2.1799     | 0.2559     | 1.6712     | 0.2152     | 0.0375     | 0.0342       | 0.0713       |             | 0.8213   | 0.106  
283    | 2.1977     | 0.2945     | 1.6439     | 0.2179     | 0.0415     | 0.0492       | 0.0704       |             | 0.8320   | 0.120  
284    | 2.1270     | 0.2680     | 1.6143     | 0.2114     | 0.0333     | 0.0388       | 0.0771       |             | 0.8269   | 0.116  
285    | 2.1237     | 0.2723     | 1.5991     | 0.2136     | 0.0386     | 0.0478       | 0.0743       |             | 0.8321   | 0.122  
286    | 2.0876     | 0.2671     | 1.5714     | 0.2109     | 0.0382     | 0.0351       | 0.0892       |             | 0.8238   | 0.124  
287    | 2.2351     | 0.2710     | 1.6929     | 0.2275     | 0.0436     | 0.0482       | 0.0925       |             | 0.8533   | 0.141  
288    | 2.1884     | 0.2923     | 1.6172     | 0.2315     | 0.0475     | 0.0503       | 0.0826       |             | 0.8312   | 0.133  
289    | 2.0329     | 0.2290     | 1.5650     | 0.2124     | 0.0264     | 0.0375       | 0.0573       |             | 0.8560   | 0.095  
290    | 2.0428     | 0.2274     | 1.5794     | 0.2025     | 0.0335     | 0.0497       | 0.0607       |             | 0.8600   | 0.110  
291    | 2.1990     | 0.2081     | 1.7356     | 0.2206     | 0.0347     | 0.0501       | 0.0740       |             | 0.8509   | 0.124  
292    | 2.1073     | 0.2564     | 1.6074     | 0.2140     | 0.0296     | 0.0445       | 0.0802       |             | 0.8598   | 0.125  
293    | 2.1875     | 0.2626     | 1.6510     | 0.2236     | 0.0503     | 0.0545       | 0.0666       |             | 0.8711   | 0.121  
294    | 2.0591     | 0.2677     | 1.5562     | 0.1984     | 0.0368     | 0.0561       | 0.0574       |             | 0.8241   | 0.113  
295    | 2.0398     | 0.2500     | 1.5467     | 0.2045     | 0.0387     | 0.0541       | 0.0696       |             | 0.8539   | 0.124  
296    | 2.0447     | 0.2575     | 1.5333     | 0.2062     | 0.0477     | 0.0459       | 0.0638       |             | 0.8459   | 0.110  
297    | 2.0996     | 0.2239     | 1.6301     | 0.2109     | 0.0346     | 0.0415       | 0.0725       |             | 0.8433   | 0.114  
298    | 2.1165     | 0.2752     | 1.5976     | 0.2089     | 0.0347     | 0.0607       | 0.0599       |             | 0.8298   | 0.121  
299    | 2.0978     | 0.2536     | 1.6160     | 0.1965     | 0.0318     | 0.0487       | 0.0876       |             | 0.8479   | 0.136  
300    | 2.1619     | 0.2718     | 1.6452     | 0.2085     | 0.0364     | 0.0431       | 0.0805       |             | 0.8367   | 0.124  
Seed 42 | Src Acc: 98.4694 | Src MDE: 0.0267 | Tgt Acc: 31.8367 | Tgt MDE: 0.8142
cuda
Start Training Seed 6767...
Epoch  | Total Loss | l_sc       | l_dc       | l_tc       | l_ca       | val_l_sc     | val_l_dc     | Save        | Test MDE | Score  
---------------------------------------------------------------------------------------------------------------------------------------
1      | 13.9248    | 3.6790     | 2.7988     | 3.7107     | 3.7363     | 3.1219       | 3.7518       |             | 2.8964   | 6.874  
2      | 9.8176     | 2.9512     | 2.7484     | 3.5377     | 0.5803     | 2.4962       | 3.3469       |             | 2.2578   | 5.843  
3      | 8.5317     | 2.5260     | 2.7212     | 3.0480     | 0.2365     | 2.0714       | 2.7884       |             | 2.3974   | 4.860  
4      | 7.5918     | 2.2813     | 2.6975     | 2.4949     | 0.1181     | 1.7472       | 2.2396       |             | 2.2532   | 3.987  
5      | 6.8989     | 2.0910     | 2.6748     | 2.0203     | 0.1129     | 1.5008       | 1.7441       |             | 2.0862   | 3.245  
6      | 6.1665     | 1.8594     | 2.6306     | 1.6123     | 0.0642     | 1.2119       | 1.3224       |             | 1.8699   | 2.534  
7      | 5.6617     | 1.6839     | 2.5888     | 1.3215     | 0.0676     | 0.9906       | 1.0351       |             | 1.8442   | 2.026  
8      | 5.2425     | 1.4775     | 2.5371     | 1.1702     | 0.0578     | 0.8044       | 0.8824       |             | 1.7491   | 1.687  
9      | 4.9664     | 1.3798     | 2.4890     | 1.0404     | 0.0572     | 0.6829       | 0.7028       |             | 1.6849   | 1.386  
10     | 4.5400     | 1.2140     | 2.3949     | 0.8714     | 0.0598     | 0.5496       | 0.6169       |             | 1.6230   | 1.167  
11     | 4.3093     | 1.1147     | 2.3318     | 0.8115     | 0.0513     | 0.4824       | 0.5125       |             | 1.6253   | 0.995  
12     | 4.0710     | 1.0392     | 2.2468     | 0.7337     | 0.0513     | 0.4101       | 0.4595       |             | 1.6161   | 0.870  
13     | 3.8021     | 0.9652     | 2.1414     | 0.6613     | 0.0342     | 0.4139       | 0.3227       |             | 1.6332   | 0.737  
14     | 3.6173     | 0.9178     | 2.0435     | 0.6085     | 0.0474     | 0.3402       | 0.3046       |             | 1.6828   | 0.645  
15     | 3.4303     | 0.8610     | 1.9446     | 0.5797     | 0.0450     | 0.2889       | 0.3018       |             | 1.6676   | 0.591  
16     | 3.1884     | 0.8175     | 1.8142     | 0.5185     | 0.0382     | 0.3243       | 0.2318       |             | 1.6211   | 0.556  
17     | 3.0138     | 0.7632     | 1.6952     | 0.5104     | 0.0450     | 0.2464       | 0.2594       |             | 1.6232   | 0.506  
18     | 2.8979     | 0.7525     | 1.6324     | 0.4687     | 0.0442     | 0.2849       | 0.2081       |             | 1.6409   | 0.493  
19     | 2.7046     | 0.6832     | 1.5232     | 0.4626     | 0.0356     | 0.2295       | 0.1862       |             | 1.6413   | 0.416  
20     | 2.6130     | 0.6600     | 1.4611     | 0.4422     | 0.0497     | 0.3189       | 0.1345       |             | 1.6187   | 0.453  
21     | 2.5024     | 0.6594     | 1.3892     | 0.4215     | 0.0323     | 0.2264       | 0.1606       |             | 1.6050   | 0.387  
22     | 2.3790     | 0.6434     | 1.2953     | 0.4030     | 0.0372     | 0.2432       | 0.1308       |             | 1.6060   | 0.374  
23     | 2.2968     | 0.6352     | 1.2263     | 0.4022     | 0.0331     | 0.2513       | 0.1225       |             | 1.6275   | 0.374  
24     | 2.0924     | 0.5979     | 1.1111     | 0.3541     | 0.0294     | 0.2184       | 0.1097       |             | 1.6111   | 0.328  
25     | 2.0396     | 0.5962     | 1.0611     | 0.3562     | 0.0261     | 0.2464       | 0.1368       |             | 1.5986   | 0.383  
26     | 1.9667     | 0.5662     | 1.0349     | 0.3352     | 0.0304     | 0.1955       | 0.1220       |             | 1.6224   | 0.317  
27     | 1.9976     | 0.5854     | 1.0343     | 0.3440     | 0.0338     | 0.1917       | 0.1145       |             | 1.6183   | 0.306  
28     | 1.8116     | 0.5506     | 0.9064     | 0.3229     | 0.0316     | 0.2270       | 0.1043       |             | 1.6158   | 0.331  
29     | 1.7670     | 0.5235     | 0.8981     | 0.3182     | 0.0273     | 0.2125       | 0.0856       |             | 1.6132   | 0.298  
30     | 1.7129     | 0.5232     | 0.8598     | 0.3085     | 0.0215     | 0.1894       | 0.1184       |             | 1.6139   | 0.308  
31     | 1.7043     | 0.5071     | 0.8551     | 0.3073     | 0.0348     | 0.2226       | 0.0928       |             | 1.6208   | 0.315  
32     | 1.6683     | 0.5310     | 0.8223     | 0.2880     | 0.0269     | 0.1966       | 0.1090       |             | 1.6194   | 0.306  
33     | 1.5869     | 0.4800     | 0.7881     | 0.2873     | 0.0314     | 0.1892       | 0.1097       |             | 1.6163   | 0.299  
34     | 1.6222     | 0.5048     | 0.7878     | 0.2960     | 0.0335     | 0.2198       | 0.1644       |             | 1.5994   | 0.384  
35     | 1.5506     | 0.4594     | 0.7679     | 0.2957     | 0.0276     | 0.2267       | 0.0854       |             | 1.6091   | 0.312  
36     | 1.4878     | 0.4609     | 0.7329     | 0.2720     | 0.0219     | 0.1518       | 0.1198       |             | 1.6065   | 0.272  
37     | 1.4289     | 0.4293     | 0.6993     | 0.2718     | 0.0285     | 0.1848       | 0.0651       |             | 1.6156   | 0.250  
38     | 1.4368     | 0.4552     | 0.7100     | 0.2507     | 0.0208     | 0.1949       | 0.0952       |             | 1.6060   | 0.290  
39     | 1.4406     | 0.4410     | 0.7053     | 0.2633     | 0.0310     | 0.2087       | 0.0608       |             | 1.6089   | 0.269  
40     | 1.3805     | 0.4388     | 0.6643     | 0.2532     | 0.0242     | 0.1971       | 0.0728       |             | 1.6155   | 0.270  
41     | 1.3427     | 0.4320     | 0.6412     | 0.2376     | 0.0319     | 0.2068       | 0.0860       |             | 1.6242   | 0.293  
42     | 1.4392     | 0.4361     | 0.6983     | 0.2717     | 0.0330     | 0.1864       | 0.0711       |             | 1.6186   | 0.258  
43     | 1.3664     | 0.4488     | 0.6483     | 0.2491     | 0.0201     | 0.1728       | 0.0873       |             | 1.6120   | 0.260  
44     | 1.3041     | 0.4058     | 0.6299     | 0.2374     | 0.0310     | 0.1758       | 0.0677       |             | 1.6073   | 0.244  
45     | 1.2947     | 0.4231     | 0.6033     | 0.2369     | 0.0314     | 0.1808       | 0.1294       |             | 1.6061   | 0.310  
46     | 1.2540     | 0.3784     | 0.6046     | 0.2464     | 0.0246     | 0.1909       | 0.0662       |             | 1.6195   | 0.257  
47     | 1.2998     | 0.4157     | 0.6115     | 0.2455     | 0.0271     | 0.1731       | 0.0854       |             | 1.6177   | 0.259  
48     | 1.2963     | 0.4312     | 0.6074     | 0.2322     | 0.0255     | 0.2005       | 0.0719       |             | 1.6234   | 0.272  
49     | 1.2460     | 0.3996     | 0.5912     | 0.2296     | 0.0256     | 0.1649       | 0.0840       |             | 1.5950   | 0.249  
50     | 1.2702     | 0.3830     | 0.6385     | 0.2294     | 0.0194     | 0.1553       | 0.1225       |             | 1.5974   | 0.278  
51     | 1.2796     | 0.4040     | 0.6226     | 0.2239     | 0.0292     | 0.1421       | 0.0971       |             | 1.6063   | 0.239  
52     | 1.3767     | 0.4118     | 0.6787     | 0.2496     | 0.0366     | 0.1875       | 0.0656       |             | 1.5986   | 0.253  
53     | 1.3563     | 0.3950     | 0.6828     | 0.2469     | 0.0316     | 0.2065       | 0.0626       |             | 1.6242   | 0.269  
54     | 1.3222     | 0.3902     | 0.6720     | 0.2327     | 0.0274     | 0.1768       | 0.0828       |             | 1.6057   | 0.260  
55     | 1.3892     | 0.3984     | 0.7050     | 0.2472     | 0.0386     | 0.2543       | 0.0437       |             | 1.6233   | 0.298  
56     | 1.2886     | 0.3777     | 0.6571     | 0.2283     | 0.0256     | 0.1877       | 0.1129       |             | 1.6000   | 0.301  
57     | 1.4104     | 0.4149     | 0.7175     | 0.2400     | 0.0380     | 0.1695       | 0.0924       |             | 1.6063   | 0.262  
58     | 1.3149     | 0.3596     | 0.6712     | 0.2397     | 0.0444     | 0.2204       | 0.0657       |             | 1.6058   | 0.286  
59     | 1.3280     | 0.3939     | 0.6615     | 0.2437     | 0.0290     | 0.1819       | 0.0645       |             | 1.6184   | 0.246  
60     | 1.3592     | 0.4017     | 0.6730     | 0.2408     | 0.0437     | 0.1586       | 0.1125       |             | 1.6280   | 0.271  
61     | 1.3586     | 0.3967     | 0.6897     | 0.2345     | 0.0378     | 0.1573       | 0.1053       |             | 1.5961   | 0.263  
62     | 1.4084     | 0.4166     | 0.7124     | 0.2484     | 0.0309     | 0.1372       | 0.1293       |             | 1.5992   | 0.266  
63     | 1.4765     | 0.4076     | 0.7676     | 0.2611     | 0.0402     | 0.1681       | 0.1148       |             | 1.5931   | 0.283  
64     | 1.4446     | 0.3855     | 0.7622     | 0.2624     | 0.0344     | 0.1568       | 0.0773       |             | 1.6034   | 0.234  
65     | 1.4233     | 0.3978     | 0.7383     | 0.2493     | 0.0380     | 0.1355       | 0.0806       |             | 1.6287   | 0.216  
66     | 1.3923     | 0.4055     | 0.6942     | 0.2605     | 0.0321     | 0.1547       | 0.0957       |             | 1.6135   | 0.250  
67     | 1.4854     | 0.4119     | 0.7740     | 0.2632     | 0.0362     | 0.1481       | 0.0971       |             | 1.6069   | 0.245  
68     | 1.5501     | 0.4114     | 0.8001     | 0.2904     | 0.0481     | 0.2115       | 0.0553       |             | 1.6104   | 0.267  
69     | 1.6870     | 0.4329     | 0.9295     | 0.2854     | 0.0392     | 0.1619       | 0.1285       |             | 1.5849   | 0.290  
70     | 1.7655     | 0.4444     | 0.9719     | 0.2984     | 0.0508     | 0.1593       | 0.1722       |             | 1.5336   | 0.331  
71     | 1.7691     | 0.4517     | 0.9532     | 0.3186     | 0.0455     | 0.1648       | 0.1196       |             | 1.5453   | 0.284  
72     | 1.5964     | 0.3982     | 0.8758     | 0.2898     | 0.0325     | 0.1855       | 0.1058       |             | 1.5854   | 0.291  
73     | 1.6773     | 0.4509     | 0.8856     | 0.2931     | 0.0476     | 0.1719       | 0.1255       |             | 1.5651   | 0.297  
74     | 1.6092     | 0.3960     | 0.8953     | 0.2873     | 0.0305     | 0.1766       | 0.0878       |             | 1.6177   | 0.264  
75     | 1.6659     | 0.4257     | 0.8912     | 0.3022     | 0.0468     | 0.1635       | 0.1147       |             | 1.5822   | 0.278  
76     | 1.5790     | 0.4074     | 0.8463     | 0.2864     | 0.0389     | 0.1772       | 0.0718       |             | 1.5848   | 0.249  
77     | 1.5220     | 0.3803     | 0.8307     | 0.2666     | 0.0444     | 0.1741       | 0.0748       |             | 1.5752   | 0.249  
78     | 1.7713     | 0.4393     | 0.9929     | 0.2889     | 0.0501     | 0.1944       | 0.0832       |             | 1.5737   | 0.278  
79     | 1.7563     | 0.4401     | 0.9729     | 0.2955     | 0.0478     | 0.2201       | 0.1097       |             | 1.5544   | 0.330  
80     | 1.8009     | 0.4367     | 1.0189     | 0.2997     | 0.0457     | 0.2231       | 0.0863       |             | 1.5764   | 0.309  
81     | 2.0912     | 0.4631     | 1.2057     | 0.3490     | 0.0733     | 0.1683       | 0.1172       |             | 1.5065   | 0.285  
82     | 2.0374     | 0.4512     | 1.1950     | 0.3250     | 0.0662     | 0.1748       | 0.1116       |             | 1.5246   | 0.286  
83     | 1.9533     | 0.4641     | 1.1034     | 0.3308     | 0.0550     | 0.1450       | 0.1953       |             | 1.4933   | 0.340  
84     | 1.8668     | 0.3961     | 1.0872     | 0.3258     | 0.0576     | 0.1984       | 0.1105       |             | 1.4780   | 0.309  
85     | 1.8315     | 0.4557     | 1.0118     | 0.3090     | 0.0549     | 0.1576       | 0.1143       |             | 1.5236   | 0.272  
86     | 1.7767     | 0.4116     | 1.0053     | 0.3047     | 0.0552     | 0.1576       | 0.0961       |             | 1.4807   | 0.254  
87     | 1.6813     | 0.3983     | 0.9476     | 0.2913     | 0.0441     | 0.1282       | 0.1201       |             | 1.5119   | 0.248  
88     | 1.8028     | 0.4191     | 1.0252     | 0.3095     | 0.0489     | 0.1535       | 0.1214       |             | 1.4833   | 0.275  
89     | 1.7587     | 0.4039     | 0.9943     | 0.3072     | 0.0532     | 0.1946       | 0.1144       |             | 1.4861   | 0.309  
90     | 1.7394     | 0.3880     | 0.9834     | 0.3171     | 0.0508     | 0.1682       | 0.1358       |             | 1.4894   | 0.304  
91     | 1.7364     | 0.3953     | 0.9916     | 0.3087     | 0.0407     | 0.1710       | 0.1705       |             | 1.5053   | 0.342  
92     | 1.8103     | 0.4079     | 1.0357     | 0.3236     | 0.0431     | 0.1651       | 0.1369       |             | 1.4612   | 0.302  
93     | 1.9653     | 0.4182     | 1.1526     | 0.3333     | 0.0612     | 0.1519       | 0.1228       |             | 1.5101   | 0.275  
94     | 1.8478     | 0.4096     | 1.0831     | 0.3153     | 0.0398     | 0.1530       | 0.1467       |             | 1.4635   | 0.300  
95     | 1.9636     | 0.4194     | 1.1444     | 0.3481     | 0.0517     | 0.1595       | 0.2012       |             | 1.3846   | 0.361  
96     | 2.0935     | 0.4198     | 1.2396     | 0.3646     | 0.0696     | 0.1474       | 0.1940       |             | 1.4592   | 0.341  
97     | 2.1685     | 0.4216     | 1.2821     | 0.3904     | 0.0744     | 0.1676       | 0.2182       |             | 1.3125   | 0.386  
98     | 2.2389     | 0.4491     | 1.3373     | 0.3942     | 0.0584     | 0.1718       | 0.2808       |             | 1.2394   | 0.453  
99     | 2.3187     | 0.4235     | 1.4183     | 0.4026     | 0.0743     | 0.1451       | 0.2513       |             | 1.2077   | 0.396  
100    | 2.3145     | 0.4857     | 1.3809     | 0.3839     | 0.0640     | 0.1594       | 0.2114       |             | 1.2739   | 0.371  
101    | 2.1947     | 0.4743     | 1.3031     | 0.3754     | 0.0419     | 0.1552       | 0.2247       | (saved)     | 1.2039   | 0.380  
102    | 2.1962     | 0.4247     | 1.3451     | 0.3723     | 0.0542     | 0.1548       | 0.1755       | (saved)     | 1.0865   | 0.330  
103    | 2.3376     | 0.4249     | 1.4786     | 0.3825     | 0.0516     | 0.1743       | 0.1706       |             | 1.1000   | 0.345  
104    | 2.3857     | 0.4705     | 1.4804     | 0.3812     | 0.0537     | 0.1491       | 0.1775       | (saved)     | 1.0798   | 0.327  
105    | 2.4442     | 0.4698     | 1.5342     | 0.3802     | 0.0600     | 0.1711       | 0.2002       |             | 1.0075   | 0.371  
106    | 2.5077     | 0.4578     | 1.5900     | 0.4023     | 0.0576     | 0.1771       | 0.2232       |             | 0.9762   | 0.400  
107    | 2.5734     | 0.5037     | 1.5921     | 0.4135     | 0.0641     | 0.1453       | 0.1919       |             | 0.9764   | 0.337  
108    | 2.4524     | 0.4427     | 1.5668     | 0.3915     | 0.0514     | 0.1685       | 0.1784       |             | 1.0285   | 0.347  
109    | 2.3335     | 0.4270     | 1.4791     | 0.3748     | 0.0525     | 0.1712       | 0.1575       |             | 1.1084   | 0.329  
110    | 2.2469     | 0.4154     | 1.4138     | 0.3591     | 0.0586     | 0.1558       | 0.1559       | (saved)     | 1.0892   | 0.312  
111    | 2.1631     | 0.3788     | 1.3803     | 0.3572     | 0.0469     | 0.1889       | 0.2041       |             | 1.0444   | 0.393  
112    | 2.3058     | 0.4409     | 1.4361     | 0.3789     | 0.0500     | 0.1797       | 0.1789       |             | 1.0673   | 0.359  
113    | 2.0822     | 0.3585     | 1.3332     | 0.3532     | 0.0372     | 0.1743       | 0.1652       |             | 1.0348   | 0.339  
114    | 2.3626     | 0.4399     | 1.4949     | 0.3797     | 0.0480     | 0.1738       | 0.1946       |             | 1.0279   | 0.368  
115    | 2.5500     | 0.4334     | 1.6407     | 0.4087     | 0.0671     | 0.1569       | 0.1609       |             | 0.9577   | 0.318  
116    | 2.4178     | 0.3856     | 1.5915     | 0.3739     | 0.0668     | 0.1841       | 0.1662       |             | 0.9908   | 0.350  
117    | 2.4912     | 0.4018     | 1.6131     | 0.4020     | 0.0743     | 0.1716       | 0.1905       |             | 1.0154   | 0.362  
118    | 2.4309     | 0.4102     | 1.5682     | 0.3904     | 0.0621     | 0.1990       | 0.1851       |             | 1.0359   | 0.384  
119    | 2.3534     | 0.3981     | 1.5139     | 0.3821     | 0.0593     | 0.1799       | 0.1681       |             | 0.9863   | 0.348  
120    | 2.3131     | 0.3935     | 1.4981     | 0.3577     | 0.0638     | 0.2083       | 0.1980       |             | 1.0185   | 0.406  
121    | 2.2403     | 0.3761     | 1.4748     | 0.3487     | 0.0407     | 0.1685       | 0.1782       |             | 1.0409   | 0.347  
122    | 2.3221     | 0.4046     | 1.5235     | 0.3509     | 0.0430     | 0.1829       | 0.1855       |             | 1.0278   | 0.368  
123    | 2.4181     | 0.4099     | 1.6040     | 0.3549     | 0.0493     | 0.1631       | 0.1675       |             | 0.9231   | 0.331  
124    | 2.3690     | 0.3686     | 1.5897     | 0.3667     | 0.0441     | 0.1537       | 0.1826       |             | 0.8881   | 0.336  
125    | 2.4140     | 0.3845     | 1.6137     | 0.3725     | 0.0433     | 0.1579       | 0.1862       |             | 0.9687   | 0.344  
126    | 2.3553     | 0.3755     | 1.5897     | 0.3456     | 0.0445     | 0.1399       | 0.1512       | (saved)     | 0.8987   | 0.291  
127    | 2.3500     | 0.3878     | 1.5720     | 0.3507     | 0.0394     | 0.1395       | 0.1466       | (saved)     | 0.9171   | 0.286  
128    | 2.3042     | 0.3648     | 1.5486     | 0.3441     | 0.0467     | 0.1735       | 0.1350       |             | 0.8804   | 0.309  
129    | 2.3338     | 0.3635     | 1.5897     | 0.3301     | 0.0505     | 0.1603       | 0.1349       |             | 0.9348   | 0.295  
130    | 2.4197     | 0.4177     | 1.6209     | 0.3299     | 0.0513     | 0.1683       | 0.1160       | (saved)     | 0.8960   | 0.284  
131    | 2.2511     | 0.3425     | 1.5134     | 0.3472     | 0.0480     | 0.1666       | 0.1333       |             | 0.8939   | 0.300  
132    | 2.2658     | 0.3664     | 1.5129     | 0.3316     | 0.0550     | 0.1739       | 0.1275       |             | 0.8967   | 0.301  
133    | 2.4558     | 0.4137     | 1.6335     | 0.3648     | 0.0438     | 0.1659       | 0.1506       |             | 0.8668   | 0.317  
134    | 2.3091     | 0.3437     | 1.5773     | 0.3383     | 0.0498     | 0.1816       | 0.1424       |             | 0.8584   | 0.324  
135    | 2.2812     | 0.3679     | 1.5511     | 0.3217     | 0.0405     | 0.1803       | 0.0816       | (saved)     | 0.9104   | 0.262  
136    | 2.2856     | 0.3840     | 1.5286     | 0.3367     | 0.0363     | 0.1925       | 0.1173       |             | 0.8854   | 0.310  
137    | 2.3338     | 0.3985     | 1.5466     | 0.3442     | 0.0445     | 0.1773       | 0.1666       |             | 0.9065   | 0.344  
138    | 2.2906     | 0.3400     | 1.5446     | 0.3595     | 0.0465     | 0.1598       | 0.1601       |             | 0.8994   | 0.320  
139    | 2.2471     | 0.3610     | 1.5162     | 0.3316     | 0.0384     | 0.1825       | 0.1574       |             | 0.8794   | 0.340  
140    | 2.2237     | 0.3344     | 1.5316     | 0.3145     | 0.0432     | 0.1973       | 0.1147       |             | 0.8889   | 0.312  
141    | 2.3338     | 0.3435     | 1.6047     | 0.3450     | 0.0407     | 0.1914       | 0.1502       |             | 0.8740   | 0.342  
142    | 2.3108     | 0.3484     | 1.5896     | 0.3271     | 0.0457     | 0.1783       | 0.1221       |             | 0.9014   | 0.300  
143    | 2.3406     | 0.3479     | 1.6357     | 0.3181     | 0.0388     | 0.1695       | 0.1448       |             | 0.9165   | 0.314  
144    | 2.5832     | 0.3926     | 1.7787     | 0.3592     | 0.0528     | 0.1622       | 0.0990       | (saved)     | 0.9044   | 0.261  
145    | 2.4587     | 0.3762     | 1.6917     | 0.3369     | 0.0540     | 0.1937       | 0.1123       |             | 0.8995   | 0.306  
146    | 2.3893     | 0.3741     | 1.6385     | 0.3323     | 0.0444     | 0.1925       | 0.1268       |             | 0.9080   | 0.319  
147    | 2.3482     | 0.3428     | 1.6128     | 0.3418     | 0.0508     | 0.1686       | 0.1182       |             | 0.8969   | 0.287  
148    | 2.3069     | 0.3181     | 1.6341     | 0.3119     | 0.0428     | 0.2069       | 0.0837       |             | 0.9060   | 0.291  
149    | 2.4171     | 0.3597     | 1.6942     | 0.3203     | 0.0429     | 0.1946       | 0.0891       |             | 0.9074   | 0.284  
150    | 2.2957     | 0.3472     | 1.6210     | 0.2940     | 0.0336     | 0.2148       | 0.1024       |             | 0.8785   | 0.317  
151    | 2.4133     | 0.3650     | 1.7133     | 0.2967     | 0.0384     | 0.1742       | 0.0902       |             | 0.8567   | 0.264  
152    | 2.4756     | 0.3614     | 1.7579     | 0.3164     | 0.0398     | 0.1610       | 0.1191       |             | 0.9347   | 0.280  
153    | 2.3957     | 0.3322     | 1.7169     | 0.3082     | 0.0383     | 0.1821       | 0.1353       |             | 0.8861   | 0.317  
154    | 2.2882     | 0.3376     | 1.6182     | 0.2931     | 0.0393     | 0.1754       | 0.1070       |             | 0.9415   | 0.282  
155    | 2.3037     | 0.3283     | 1.6412     | 0.2987     | 0.0355     | 0.1647       | 0.1008       |             | 0.9410   | 0.266  
156    | 2.4459     | 0.3345     | 1.7612     | 0.3162     | 0.0339     | 0.1685       | 0.1047       |             | 0.9412   | 0.273  
157    | 2.4148     | 0.3425     | 1.7202     | 0.3100     | 0.0421     | 0.2019       | 0.0973       |             | 0.9073   | 0.299  
158    | 2.3605     | 0.3202     | 1.7010     | 0.3017     | 0.0376     | 0.1686       | 0.0945       |             | 0.9453   | 0.263  
159    | 2.4387     | 0.3194     | 1.7554     | 0.3106     | 0.0533     | 0.1655       | 0.1162       |             | 0.9593   | 0.282  
160    | 2.3785     | 0.3595     | 1.6655     | 0.3025     | 0.0510     | 0.1433       | 0.1036       | (saved)     | 0.9824   | 0.247  
161    | 2.3272     | 0.3384     | 1.6658     | 0.2795     | 0.0434     | 0.1429       | 0.0869       | (saved)     | 0.9532   | 0.230  
162    | 2.2496     | 0.3267     | 1.6185     | 0.2715     | 0.0328     | 0.1520       | 0.0815       |             | 0.9355   | 0.234  
163    | 2.1946     | 0.2975     | 1.5912     | 0.2689     | 0.0371     | 0.1297       | 0.0923       | (saved)     | 0.9790   | 0.222  
164    | 2.2871     | 0.3335     | 1.6473     | 0.2773     | 0.0288     | 0.1450       | 0.0974       |             | 0.9743   | 0.242  
165    | 2.2610     | 0.3104     | 1.6407     | 0.2739     | 0.0360     | 0.1309       | 0.0912       |             | 0.9566   | 0.222  
166    | 2.3274     | 0.3149     | 1.6864     | 0.2937     | 0.0324     | 0.1257       | 0.0995       |             | 0.9512   | 0.225  
167    | 2.3515     | 0.3352     | 1.6859     | 0.2941     | 0.0363     | 0.1328       | 0.0842       | (saved)     | 0.9677   | 0.217  
168    | 2.4172     | 0.3401     | 1.7435     | 0.2976     | 0.0359     | 0.1461       | 0.0976       |             | 0.9265   | 0.244  
169    | 2.4950     | 0.3380     | 1.8052     | 0.2999     | 0.0518     | 0.1405       | 0.1222       |             | 0.9806   | 0.263  
170    | 2.4250     | 0.3280     | 1.7567     | 0.3015     | 0.0388     | 0.1243       | 0.0691       | (saved)     | 0.9289   | 0.193  
171    | 2.3566     | 0.2904     | 1.7371     | 0.2865     | 0.0425     | 0.1400       | 0.0845       |             | 0.9102   | 0.225  
172    | 2.4212     | 0.3126     | 1.7582     | 0.3047     | 0.0457     | 0.1355       | 0.1080       |             | 0.9623   | 0.244  
173    | 2.3074     | 0.3192     | 1.6677     | 0.2820     | 0.0385     | 0.1333       | 0.0779       |             | 0.9352   | 0.211  
174    | 2.2459     | 0.2782     | 1.6617     | 0.2716     | 0.0344     | 0.1281       | 0.0685       |             | 0.9193   | 0.197  
175    | 2.2833     | 0.3149     | 1.6677     | 0.2643     | 0.0363     | 0.1373       | 0.0587       |             | 0.9194   | 0.196  
176    | 2.2228     | 0.3016     | 1.6317     | 0.2580     | 0.0315     | 0.1683       | 0.0646       |             | 0.9142   | 0.233  
177    | 2.2671     | 0.3160     | 1.6636     | 0.2515     | 0.0360     | 0.1403       | 0.0730       |             | 0.9219   | 0.213  
178    | 2.2673     | 0.3040     | 1.6555     | 0.2714     | 0.0363     | 0.1523       | 0.0900       |             | 0.9178   | 0.242  
179    | 2.3324     | 0.3454     | 1.6771     | 0.2700     | 0.0399     | 0.1275       | 0.0881       |             | 0.9430   | 0.216  
180    | 2.3180     | 0.2865     | 1.7110     | 0.2836     | 0.0369     | 0.1678       | 0.0804       |             | 0.9576   | 0.248  
181    | 2.3383     | 0.3376     | 1.7039     | 0.2709     | 0.0258     | 0.1488       | 0.1128       |             | 0.9822   | 0.262  
182    | 2.3107     | 0.2959     | 1.7162     | 0.2681     | 0.0305     | 0.1482       | 0.1065       |             | 1.0108   | 0.255  
183    | 2.3917     | 0.2934     | 1.7857     | 0.2768     | 0.0358     | 0.1545       | 0.0929       |             | 0.9738   | 0.247  
184    | 2.3314     | 0.3034     | 1.7086     | 0.2749     | 0.0444     | 0.1510       | 0.0906       |             | 1.0091   | 0.242  
185    | 2.3968     | 0.3024     | 1.7829     | 0.2746     | 0.0369     | 0.1296       | 0.0998       |             | 0.9916   | 0.229  
186    | 2.4760     | 0.3417     | 1.8213     | 0.2704     | 0.0426     | 0.1661       | 0.1093       |             | 0.9536   | 0.275  
187    | 2.4609     | 0.3058     | 1.8321     | 0.2864     | 0.0365     | 0.1478       | 0.1012       |             | 0.9498   | 0.249  
188    | 2.4900     | 0.3320     | 1.8157     | 0.2917     | 0.0506     | 0.1538       | 0.1171       |             | 0.9047   | 0.271  
189    | 2.4997     | 0.3511     | 1.8233     | 0.2832     | 0.0422     | 0.1720       | 0.0961       |             | 0.9351   | 0.268  
190    | 2.4594     | 0.3219     | 1.8258     | 0.2622     | 0.0494     | 0.1965       | 0.0959       |             | 0.9925   | 0.292  
191    | 2.4004     | 0.3193     | 1.7879     | 0.2526     | 0.0406     | 0.1878       | 0.0690       |             | 0.9791   | 0.257  
192    | 2.4399     | 0.3181     | 1.8137     | 0.2626     | 0.0455     | 0.1832       | 0.1004       |             | 0.9816   | 0.284  
193    | 2.4509     | 0.3121     | 1.8367     | 0.2638     | 0.0383     | 0.1768       | 0.1051       |             | 1.0271   | 0.282  
194    | 2.4358     | 0.2973     | 1.8388     | 0.2562     | 0.0436     | 0.1858       | 0.0984       |             | 0.9967   | 0.284  
195    | 2.4409     | 0.3170     | 1.8293     | 0.2532     | 0.0413     | 0.1641       | 0.0917       |             | 0.9762   | 0.256  
196    | 2.4802     | 0.2953     | 1.8875     | 0.2629     | 0.0344     | 0.1666       | 0.0928       |             | 1.0029   | 0.259  
197    | 2.5088     | 0.3362     | 1.8715     | 0.2613     | 0.0397     | 0.1657       | 0.1141       |             | 1.0419   | 0.280  
198    | 2.2136     | 0.2711     | 1.6623     | 0.2469     | 0.0334     | 0.1833       | 0.0783       |             | 0.9831   | 0.262  
199    | 2.3519     | 0.3058     | 1.7621     | 0.2475     | 0.0366     | 0.1486       | 0.0741       |             | 1.0415   | 0.223  
200    | 2.3260     | 0.3047     | 1.7427     | 0.2405     | 0.0380     | 0.1590       | 0.0820       |             | 1.0426   | 0.241  
201    | 2.5836     | 0.3451     | 1.9164     | 0.2763     | 0.0458     | 0.1815       | 0.0936       |             | 1.0393   | 0.275  
202    | 2.5044     | 0.3352     | 1.8712     | 0.2674     | 0.0305     | 0.1832       | 0.0848       |             | 1.0807   | 0.268  
203    | 2.6225     | 0.3020     | 1.9934     | 0.2761     | 0.0510     | 0.1653       | 0.0867       |             | 1.0574   | 0.252  
204    | 2.4419     | 0.2797     | 1.8791     | 0.2503     | 0.0329     | 0.1631       | 0.0643       |             | 1.0625   | 0.227  
205    | 2.5406     | 0.3499     | 1.8843     | 0.2598     | 0.0466     | 0.1679       | 0.0671       |             | 1.0527   | 0.235  
206    | 2.4763     | 0.3049     | 1.8750     | 0.2638     | 0.0325     | 0.1853       | 0.0839       |             | 1.0585   | 0.269  
207    | 2.5503     | 0.3250     | 1.9282     | 0.2596     | 0.0375     | 0.1966       | 0.0767       |             | 1.0390   | 0.273  
208    | 2.4613     | 0.2869     | 1.8897     | 0.2530     | 0.0317     | 0.2060       | 0.0701       |             | 1.0146   | 0.276  
209    | 2.5146     | 0.2931     | 1.9247     | 0.2642     | 0.0326     | 0.1995       | 0.0920       |             | 1.0542   | 0.291  
210    | 2.5800     | 0.3256     | 1.9629     | 0.2509     | 0.0407     | 0.1879       | 0.0667       |             | 1.0005   | 0.255  
211    | 2.5664     | 0.3149     | 1.9694     | 0.2506     | 0.0315     | 0.1898       | 0.0925       |             | 1.0173   | 0.282  
212    | 2.5013     | 0.3327     | 1.8793     | 0.2552     | 0.0341     | 0.1848       | 0.0761       |             | 1.0237   | 0.261  
213    | 2.4281     | 0.2989     | 1.8547     | 0.2434     | 0.0312     | 0.2029       | 0.0669       |             | 1.0111   | 0.270  
214    | 2.4660     | 0.3196     | 1.8683     | 0.2387     | 0.0395     | 0.1711       | 0.0784       |             | 0.9712   | 0.249  
215    | 2.4218     | 0.2969     | 1.8406     | 0.2477     | 0.0366     | 0.1647       | 0.0781       |             | 0.9801   | 0.243  
216    | 2.4590     | 0.3179     | 1.8578     | 0.2429     | 0.0405     | 0.1853       | 0.0728       |             | 1.0089   | 0.258  
217    | 2.3496     | 0.2693     | 1.8222     | 0.2302     | 0.0279     | 0.1664       | 0.0665       |             | 1.0039   | 0.233  
218    | 2.4414     | 0.3181     | 1.8457     | 0.2388     | 0.0388     | 0.2220       | 0.0770       |             | 1.0208   | 0.299  
219    | 2.5467     | 0.3055     | 1.9273     | 0.2634     | 0.0504     | 0.2133       | 0.0881       |             | 0.9717   | 0.301  
220    | 2.4739     | 0.2859     | 1.9016     | 0.2419     | 0.0445     | 0.1639       | 0.0849       |             | 0.9785   | 0.249  
221    | 2.4010     | 0.2989     | 1.8243     | 0.2473     | 0.0305     | 0.1594       | 0.1020       |             | 0.9823   | 0.261  
222    | 2.4363     | 0.3176     | 1.8465     | 0.2392     | 0.0330     | 0.1501       | 0.0864       |             | 0.9929   | 0.237  
223    | 2.3487     | 0.2606     | 1.8182     | 0.2404     | 0.0295     | 0.1488       | 0.0693       |             | 0.9780   | 0.218  
224    | 2.3798     | 0.2599     | 1.8269     | 0.2581     | 0.0349     | 0.1377       | 0.0663       |             | 0.9813   | 0.204  
225    | 2.3847     | 0.2881     | 1.8169     | 0.2426     | 0.0371     | 0.1629       | 0.0721       |             | 0.9947   | 0.235  
226    | 2.3010     | 0.2601     | 1.7696     | 0.2437     | 0.0276     | 0.1377       | 0.0767       |             | 1.0003   | 0.214  
227    | 2.3113     | 0.2507     | 1.7808     | 0.2469     | 0.0329     | 0.1707       | 0.0541       |             | 1.0111   | 0.225  
228    | 2.3150     | 0.2798     | 1.7586     | 0.2458     | 0.0308     | 0.1330       | 0.0590       | (saved)     | 0.9849   | 0.192  
229    | 2.3614     | 0.2945     | 1.7997     | 0.2296     | 0.0376     | 0.1673       | 0.0572       |             | 0.9858   | 0.225  
230    | 2.4490     | 0.3026     | 1.8702     | 0.2371     | 0.0390     | 0.1720       | 0.0554       |             | 1.0025   | 0.227  
231    | 2.3635     | 0.2978     | 1.8037     | 0.2224     | 0.0396     | 0.1570       | 0.0682       |             | 1.0083   | 0.225  
232    | 2.3771     | 0.2781     | 1.8317     | 0.2269     | 0.0404     | 0.1441       | 0.0615       |             | 1.0058   | 0.206  
233    | 2.3757     | 0.2820     | 1.8160     | 0.2426     | 0.0352     | 0.1302       | 0.0615       | (saved)     | 1.0032   | 0.192  
234    | 2.4022     | 0.2976     | 1.8268     | 0.2425     | 0.0352     | 0.1596       | 0.0810       |             | 1.0003   | 0.241  
235    | 2.4622     | 0.3386     | 1.8464     | 0.2331     | 0.0440     | 0.2135       | 0.0653       |             | 0.9890   | 0.279  
236    | 2.3276     | 0.2803     | 1.7878     | 0.2273     | 0.0321     | 0.1564       | 0.0624       |             | 0.9799   | 0.219  
237    | 2.3540     | 0.2876     | 1.8121     | 0.2224     | 0.0319     | 0.1604       | 0.0512       |             | 0.9885   | 0.212  
238    | 2.4113     | 0.2916     | 1.8504     | 0.2277     | 0.0417     | 0.1850       | 0.0617       |             | 1.0026   | 0.247  
239    | 2.3162     | 0.2668     | 1.7785     | 0.2286     | 0.0424     | 0.1295       | 0.0614       | (saved)     | 1.0000   | 0.191  
240    | 2.2934     | 0.2797     | 1.7658     | 0.2137     | 0.0342     | 0.2080       | 0.0647       |             | 1.0024   | 0.273  
241    | 2.4041     | 0.3026     | 1.8414     | 0.2267     | 0.0333     | 0.1521       | 0.0469       |             | 0.9913   | 0.199  
242    | 2.3445     | 0.2788     | 1.8105     | 0.2227     | 0.0325     | 0.1920       | 0.0563       |             | 0.9805   | 0.248  
243    | 2.3579     | 0.2857     | 1.8215     | 0.2244     | 0.0263     | 0.1889       | 0.0601       |             | 0.9764   | 0.249  
244    | 2.2147     | 0.2461     | 1.7372     | 0.2062     | 0.0251     | 0.1858       | 0.0711       |             | 0.9754   | 0.257  
245    | 2.2961     | 0.2794     | 1.7610     | 0.2177     | 0.0380     | 0.1469       | 0.0663       |             | 0.9939   | 0.213  
246    | 2.3333     | 0.2856     | 1.7844     | 0.2260     | 0.0372     | 0.1647       | 0.0615       |             | 0.9917   | 0.226  
247    | 2.2743     | 0.2418     | 1.7896     | 0.2134     | 0.0296     | 0.1867       | 0.0672       |             | 0.9927   | 0.254  
248    | 2.2770     | 0.2772     | 1.7514     | 0.2185     | 0.0298     | 0.1644       | 0.0616       |             | 0.9897   | 0.226  
249    | 2.3346     | 0.2889     | 1.7975     | 0.2148     | 0.0334     | 0.1951       | 0.0526       |             | 0.9897   | 0.248  
250    | 2.3209     | 0.2677     | 1.8024     | 0.2081     | 0.0426     | 0.1581       | 0.0603       |             | 0.9938   | 0.218  
251    | 2.3624     | 0.2880     | 1.8191     | 0.2234     | 0.0318     | 0.1816       | 0.0581       |             | 0.9821   | 0.240  
252    | 2.2653     | 0.2633     | 1.7516     | 0.2119     | 0.0385     | 0.1777       | 0.0652       |             | 0.9947   | 0.243  
253    | 2.3385     | 0.2963     | 1.7940     | 0.2126     | 0.0356     | 0.1574       | 0.0731       |             | 1.0031   | 0.230  
254    | 2.3067     | 0.2841     | 1.7813     | 0.2137     | 0.0276     | 0.1616       | 0.0539       |             | 0.9746   | 0.215  
255    | 2.4337     | 0.3154     | 1.8513     | 0.2248     | 0.0422     | 0.1654       | 0.0579       |             | 0.9944   | 0.223  
256    | 2.3954     | 0.2659     | 1.8537     | 0.2314     | 0.0445     | 0.1896       | 0.0553       |             | 0.9851   | 0.245  
257    | 2.3869     | 0.2479     | 1.8753     | 0.2305     | 0.0332     | 0.1334       | 0.0459       | (saved)     | 0.9885   | 0.179  
258    | 2.3364     | 0.2619     | 1.8091     | 0.2304     | 0.0350     | 0.1513       | 0.0549       |             | 0.9919   | 0.206  
259    | 2.3804     | 0.2694     | 1.8649     | 0.2101     | 0.0360     | 0.2238       | 0.0421       |             | 1.0098   | 0.266  
260    | 2.4003     | 0.2959     | 1.8439     | 0.2150     | 0.0456     | 0.1783       | 0.0516       |             | 0.9849   | 0.230  
261    | 2.3872     | 0.2730     | 1.8653     | 0.2149     | 0.0339     | 0.1800       | 0.0597       |             | 0.9983   | 0.240  
262    | 2.3984     | 0.2912     | 1.8547     | 0.2215     | 0.0311     | 0.1635       | 0.0628       |             | 0.9955   | 0.226  
263    | 2.3601     | 0.3054     | 1.7977     | 0.2184     | 0.0386     | 0.1865       | 0.0617       |             | 0.9967   | 0.248  
264    | 2.3767     | 0.2975     | 1.8072     | 0.2298     | 0.0421     | 0.1538       | 0.0490       |             | 1.0077   | 0.203  
265    | 2.3297     | 0.3129     | 1.7687     | 0.2105     | 0.0376     | 0.1750       | 0.0525       |             | 1.0002   | 0.227  
266    | 2.3543     | 0.2874     | 1.8058     | 0.2209     | 0.0402     | 0.1666       | 0.0485       |             | 0.9799   | 0.215  
267    | 2.3384     | 0.2879     | 1.8116     | 0.1996     | 0.0393     | 0.1626       | 0.0538       |             | 1.0003   | 0.216  
268    | 2.3358     | 0.2926     | 1.8076     | 0.2034     | 0.0321     | 0.1561       | 0.0483       |             | 0.9873   | 0.204  
269    | 2.2414     | 0.2517     | 1.7570     | 0.2022     | 0.0306     | 0.1543       | 0.0531       |             | 0.9793   | 0.207  
270    | 2.4323     | 0.3145     | 1.8442     | 0.2266     | 0.0470     | 0.1561       | 0.0621       |             | 0.9920   | 0.218  
271    | 2.3707     | 0.2960     | 1.8305     | 0.2094     | 0.0348     | 0.1849       | 0.0506       |             | 0.9933   | 0.236  
272    | 2.3724     | 0.2684     | 1.8687     | 0.1993     | 0.0360     | 0.1686       | 0.0568       |             | 0.9975   | 0.225  
273    | 2.3107     | 0.2489     | 1.8190     | 0.2047     | 0.0381     | 0.1982       | 0.0511       |             | 0.9815   | 0.249  
274    | 2.3139     | 0.2586     | 1.8163     | 0.2030     | 0.0359     | 0.1930       | 0.0535       |             | 0.9906   | 0.246  
275    | 2.3887     | 0.3119     | 1.8220     | 0.2101     | 0.0448     | 0.1884       | 0.0464       |             | 0.9901   | 0.235  
276    | 2.3516     | 0.2826     | 1.8083     | 0.2203     | 0.0404     | 0.1651       | 0.0531       |             | 0.9849   | 0.218  
277    | 2.3781     | 0.2849     | 1.8316     | 0.2152     | 0.0464     | 0.1483       | 0.0663       |             | 0.9929   | 0.215  
278    | 2.4763     | 0.2966     | 1.9077     | 0.2239     | 0.0482     | 0.1414       | 0.0591       |             | 0.9952   | 0.200  
279    | 2.4380     | 0.2948     | 1.8856     | 0.2209     | 0.0367     | 0.1887       | 0.0619       |             | 1.0112   | 0.251  
280    | 2.4135     | 0.3107     | 1.8530     | 0.2148     | 0.0350     | 0.1684       | 0.0626       |             | 1.0111   | 0.231  
281    | 2.3589     | 0.2711     | 1.8204     | 0.2215     | 0.0458     | 0.1257       | 0.0530       | (saved)     | 1.0159   | 0.179  
282    | 2.5484     | 0.3218     | 1.9605     | 0.2264     | 0.0397     | 0.1534       | 0.0516       |             | 1.0202   | 0.205  
283    | 2.3739     | 0.2837     | 1.8524     | 0.2050     | 0.0327     | 0.1690       | 0.0540       |             | 1.0146   | 0.223  
284    | 2.3215     | 0.2544     | 1.8134     | 0.2163     | 0.0374     | 0.1540       | 0.0590       |             | 1.0011   | 0.213  
285    | 2.3213     | 0.2741     | 1.7990     | 0.2129     | 0.0353     | 0.1752       | 0.0566       |             | 1.0133   | 0.232  
286    | 2.2875     | 0.2413     | 1.7984     | 0.2080     | 0.0398     | 0.1711       | 0.0638       |             | 1.0536   | 0.235  
287    | 2.4349     | 0.2864     | 1.9117     | 0.2036     | 0.0332     | 0.1310       | 0.0501       |             | 1.0515   | 0.181  
288    | 2.4432     | 0.2737     | 1.9269     | 0.2114     | 0.0312     | 0.1389       | 0.0670       |             | 1.0398   | 0.206  
289    | 2.5459     | 0.3210     | 1.9514     | 0.2216     | 0.0518     | 0.1773       | 0.0602       |             | 1.0414   | 0.237  
290    | 2.4989     | 0.2662     | 1.9766     | 0.2133     | 0.0428     | 0.1743       | 0.0689       |             | 1.0572   | 0.243  
291    | 2.4689     | 0.2926     | 1.9190     | 0.2146     | 0.0427     | 0.1776       | 0.0652       |             | 1.0563   | 0.243  
292    | 2.4300     | 0.3167     | 1.8794     | 0.1994     | 0.0344     | 0.2237       | 0.0707       |             | 1.0524   | 0.294  
293    | 2.4990     | 0.2894     | 1.9658     | 0.2048     | 0.0389     | 0.1919       | 0.0856       |             | 1.0703   | 0.277  
294    | 2.4821     | 0.2695     | 1.9462     | 0.2219     | 0.0445     | 0.1980       | 0.0740       |             | 1.0427   | 0.272  
295    | 2.5942     | 0.3188     | 2.0131     | 0.2164     | 0.0459     | 0.2030       | 0.0688       |             | 1.0255   | 0.272  
296    | 2.4971     | 0.2841     | 1.9486     | 0.2144     | 0.0499     | 0.2075       | 0.0669       |             | 1.0374   | 0.274  
297    | 2.5486     | 0.3022     | 1.9903     | 0.2218     | 0.0343     | 0.1786       | 0.0755       |             | 1.0237   | 0.254  
298    | 2.5931     | 0.2873     | 2.0367     | 0.2266     | 0.0425     | 0.1437       | 0.0866       |             | 1.0265   | 0.230  
299    | 2.4979     | 0.2724     | 1.9886     | 0.2085     | 0.0284     | 0.1515       | 0.0610       |             | 0.9937   | 0.213  
300    | 2.4970     | 0.2770     | 1.9691     | 0.2087     | 0.0421     | 0.2033       | 0.0591       |             | 0.9880   | 0.262  
Seed 6767 | Src Acc: 98.7755 | Src MDE: 0.0206 | Tgt Acc: 33.7755 | Tgt MDE: 1.0159
cuda
Start Training Seed 123456...
Epoch  | Total Loss | l_sc       | l_dc       | l_tc       | l_ca       | val_l_sc     | val_l_dc     | Save        | Test MDE | Score  
---------------------------------------------------------------------------------------------------------------------------------------
1      | 13.5090    | 3.6460     | 2.8010     | 3.6898     | 3.3723     | 3.1434       | 3.7013       |             | 3.2247   | 6.845  
2      | 9.8416     | 3.0893     | 2.7660     | 3.4024     | 0.5839     | 2.6243       | 3.1297       |             | 3.0761   | 5.754  
3      | 8.5671     | 2.8023     | 2.7397     | 2.8039     | 0.2212     | 2.2854       | 2.5691       |             | 3.5285   | 4.855  
4      | 7.6018     | 2.6337     | 2.7205     | 2.1322     | 0.1154     | 1.9810       | 1.8877       |             | 3.8856   | 3.869  
5      | 6.8417     | 2.4362     | 2.6952     | 1.6314     | 0.0790     | 1.6957       | 1.3653       |             | 3.8208   | 3.061  
6      | 6.2400     | 2.2020     | 2.6618     | 1.3036     | 0.0727     | 1.4191       | 1.1698       |             | 3.8449   | 2.589  
7      | 5.7529     | 1.9661     | 2.6293     | 1.0971     | 0.0603     | 1.1759       | 0.7770       |             | 3.8438   | 1.953  
8      | 5.2717     | 1.6888     | 2.5760     | 0.9506     | 0.0564     | 0.9387       | 0.7146       |             | 3.8544   | 1.653  
9      | 4.9826     | 1.5868     | 2.5255     | 0.8141     | 0.0563     | 0.7337       | 0.6365       |             | 3.7663   | 1.370  
10     | 4.6215     | 1.3890     | 2.4605     | 0.7065     | 0.0655     | 0.6366       | 0.5134       |             | 3.8195   | 1.150  
11     | 4.3296     | 1.2631     | 2.3853     | 0.6341     | 0.0471     | 0.6101       | 0.3952       |             | 3.8836   | 1.005  
12     | 4.1789     | 1.2008     | 2.3162     | 0.5933     | 0.0685     | 0.4735       | 0.3626       |             | 3.8652   | 0.836  
13     | 3.8856     | 1.0951     | 2.2066     | 0.5292     | 0.0547     | 0.4634       | 0.3285       |             | 3.8534   | 0.792  
14     | 3.6895     | 1.0451     | 2.0902     | 0.5036     | 0.0506     | 0.3561       | 0.3236       |             | 3.8336   | 0.680  
15     | 3.7212     | 1.0113     | 2.0715     | 0.5226     | 0.1158     | 0.4406       | 0.2085       |             | 3.8747   | 0.649  
16     | 3.3240     | 0.9447     | 1.8914     | 0.4410     | 0.0470     | 0.3428       | 0.1953       |             | 3.8636   | 0.538  
17     | 3.1191     | 0.8804     | 1.7888     | 0.4037     | 0.0463     | 0.3395       | 0.3553       |             | 3.8065   | 0.695  
18     | 3.0076     | 0.8271     | 1.7058     | 0.4199     | 0.0547     | 0.2790       | 0.2207       |             | 3.8597   | 0.500  
19     | 2.8825     | 0.8148     | 1.6108     | 0.3873     | 0.0696     | 0.3125       | 0.1557       |             | 3.8680   | 0.468  
20     | 2.6241     | 0.7745     | 1.4694     | 0.3422     | 0.0381     | 0.2651       | 0.1942       |             | 3.7661   | 0.459  
21     | 2.4873     | 0.7415     | 1.3729     | 0.3285     | 0.0444     | 0.3074       | 0.1698       |             | 3.7906   | 0.477  
22     | 2.3563     | 0.7063     | 1.2912     | 0.3093     | 0.0494     | 0.1985       | 0.2053       |             | 3.8559   | 0.404  
23     | 2.2639     | 0.6861     | 1.2173     | 0.3174     | 0.0431     | 0.2288       | 0.1271       |             | 3.8193   | 0.356  
24     | 2.2037     | 0.6752     | 1.1681     | 0.3162     | 0.0441     | 0.2015       | 0.1633       |             | 3.8051   | 0.365  
25     | 2.0758     | 0.6396     | 1.1077     | 0.2868     | 0.0416     | 0.1541       | 0.2539       |             | 3.7637   | 0.408  
26     | 1.9389     | 0.6004     | 1.0190     | 0.2741     | 0.0454     | 0.1546       | 0.1859       |             | 3.7564   | 0.341  
27     | 1.9364     | 0.5996     | 1.0055     | 0.2975     | 0.0338     | 0.1841       | 0.1921       |             | 3.7092   | 0.376  
28     | 1.7991     | 0.5637     | 0.9335     | 0.2655     | 0.0364     | 0.1256       | 0.1885       |             | 3.7655   | 0.314  
29     | 1.7319     | 0.5631     | 0.8792     | 0.2522     | 0.0374     | 0.2229       | 0.1214       |             | 3.8442   | 0.344  
30     | 1.7374     | 0.5819     | 0.8876     | 0.2444     | 0.0235     | 0.1983       | 0.1456       |             | 3.7042   | 0.344  
31     | 1.6258     | 0.5568     | 0.8025     | 0.2272     | 0.0393     | 0.1753       | 0.1654       |             | 3.6725   | 0.341  
32     | 1.7002     | 0.5480     | 0.8326     | 0.2659     | 0.0536     | 0.1447       | 0.1211       |             | 3.6489   | 0.266  
33     | 1.5968     | 0.5324     | 0.7899     | 0.2393     | 0.0352     | 0.1618       | 0.1226       |             | 3.7109   | 0.284  
34     | 1.5046     | 0.5098     | 0.7366     | 0.2328     | 0.0254     | 0.1095       | 0.1472       |             | 3.7695   | 0.257  
35     | 1.4502     | 0.4866     | 0.7127     | 0.2285     | 0.0223     | 0.1541       | 0.1396       |             | 3.7978   | 0.294  
36     | 1.5253     | 0.5199     | 0.7553     | 0.2089     | 0.0411     | 0.1589       | 0.1319       |             | 3.6147   | 0.291  
37     | 1.4428     | 0.4821     | 0.7265     | 0.2084     | 0.0258     | 0.1266       | 0.1318       |             | 3.6367   | 0.258  
38     | 1.5048     | 0.5005     | 0.7575     | 0.2156     | 0.0312     | 0.2143       | 0.0771       |             | 3.6864   | 0.291  
39     | 1.5328     | 0.4897     | 0.7619     | 0.2376     | 0.0436     | 0.1383       | 0.1442       |             | 3.5968   | 0.282  
40     | 1.4362     | 0.4795     | 0.7085     | 0.2096     | 0.0387     | 0.1631       | 0.1324       |             | 3.5639   | 0.296  
41     | 1.4119     | 0.4625     | 0.7040     | 0.2135     | 0.0320     | 0.1474       | 0.1137       |             | 3.7301   | 0.261  
42     | 1.3917     | 0.4653     | 0.6725     | 0.2152     | 0.0387     | 0.1161       | 0.1679       |             | 3.5059   | 0.284  
43     | 1.3309     | 0.4693     | 0.6422     | 0.1869     | 0.0324     | 0.1470       | 0.0923       |             | 3.6733   | 0.239  
44     | 1.3874     | 0.4524     | 0.6704     | 0.2161     | 0.0485     | 0.1416       | 0.1156       |             | 3.6517   | 0.257  
45     | 1.3206     | 0.4413     | 0.6275     | 0.2020     | 0.0497     | 0.1090       | 0.1361       |             | 3.5473   | 0.245  
46     | 1.2741     | 0.4215     | 0.6166     | 0.1995     | 0.0364     | 0.1273       | 0.1320       |             | 3.6662   | 0.259  
47     | 1.2601     | 0.4263     | 0.5985     | 0.2018     | 0.0336     | 0.1109       | 0.1778       |             | 3.5838   | 0.289  
48     | 1.2663     | 0.4269     | 0.6046     | 0.2066     | 0.0281     | 0.1413       | 0.1073       |             | 3.6212   | 0.249  
49     | 1.2659     | 0.4282     | 0.5757     | 0.2151     | 0.0469     | 0.1189       | 0.1039       |             | 3.6453   | 0.223  
50     | 1.2039     | 0.4105     | 0.5438     | 0.2023     | 0.0473     | 0.1042       | 0.1796       |             | 3.4518   | 0.284  
51     | 1.1991     | 0.4060     | 0.5628     | 0.1892     | 0.0411     | 0.1301       | 0.1169       |             | 3.6687   | 0.247  
52     | 1.2060     | 0.4201     | 0.5717     | 0.1854     | 0.0288     | 0.1416       | 0.0920       |             | 3.6985   | 0.234  
53     | 1.2139     | 0.4414     | 0.5479     | 0.1826     | 0.0420     | 0.1871       | 0.0650       |             | 3.6859   | 0.252  
54     | 1.2268     | 0.4237     | 0.5542     | 0.1982     | 0.0508     | 0.1887       | 0.0784       |             | 3.6651   | 0.267  
55     | 1.1371     | 0.4196     | 0.4950     | 0.1841     | 0.0384     | 0.1165       | 0.1187       |             | 3.5365   | 0.235  
56     | 1.2477     | 0.4155     | 0.5795     | 0.2089     | 0.0438     | 0.1714       | 0.0913       |             | 3.8181   | 0.263  
57     | 1.2285     | 0.3920     | 0.6094     | 0.1980     | 0.0292     | 0.1240       | 0.1794       |             | 3.5599   | 0.303  
58     | 1.2637     | 0.3833     | 0.6384     | 0.1984     | 0.0435     | 0.1120       | 0.2051       |             | 3.5551   | 0.317  
59     | 1.3088     | 0.4414     | 0.6087     | 0.2070     | 0.0518     | 0.1128       | 0.1474       |             | 3.5752   | 0.260  
60     | 1.4790     | 0.4672     | 0.7259     | 0.2278     | 0.0581     | 0.1203       | 0.1195       |             | 3.6299   | 0.240  
61     | 1.3370     | 0.4145     | 0.6773     | 0.2125     | 0.0327     | 0.1030       | 0.2582       |             | 3.3784   | 0.361  
62     | 1.4702     | 0.4449     | 0.7377     | 0.2301     | 0.0576     | 0.1218       | 0.2007       |             | 3.6567   | 0.323  
63     | 1.4380     | 0.4455     | 0.7050     | 0.2383     | 0.0492     | 0.1432       | 0.1465       |             | 3.6271   | 0.290  
64     | 1.3652     | 0.4331     | 0.6428     | 0.2238     | 0.0655     | 0.1286       | 0.1167       |             | 3.6111   | 0.245  
65     | 1.3390     | 0.4041     | 0.6516     | 0.2197     | 0.0637     | 0.1418       | 0.1475       |             | 3.7205   | 0.289  
66     | 1.4952     | 0.4272     | 0.7061     | 0.2378     | 0.1241     | 0.1250       | 0.2428       |             | 3.5898   | 0.368  
67     | 1.4148     | 0.4276     | 0.7293     | 0.2210     | 0.0368     | 0.1108       | 0.2153       |             | 3.5835   | 0.326  
68     | 1.4002     | 0.4198     | 0.6961     | 0.2289     | 0.0555     | 0.1217       | 0.1889       |             | 3.6893   | 0.311  
69     | 1.3528     | 0.4052     | 0.6738     | 0.2295     | 0.0443     | 0.1198       | 0.2128       |             | 3.6356   | 0.333  
70     | 1.3445     | 0.4152     | 0.6811     | 0.2098     | 0.0385     | 0.1188       | 0.1504       |             | 3.7496   | 0.269  
71     | 1.4418     | 0.4077     | 0.7490     | 0.2160     | 0.0692     | 0.1195       | 0.1899       |             | 3.6847   | 0.309  
72     | 1.5060     | 0.4264     | 0.7899     | 0.2344     | 0.0553     | 0.1828       | 0.1350       |             | 3.7823   | 0.318  
73     | 1.4862     | 0.4576     | 0.7370     | 0.2195     | 0.0721     | 0.1004       | 0.2039       |             | 3.6961   | 0.304  
74     | 1.4438     | 0.4318     | 0.7153     | 0.2437     | 0.0530     | 0.1317       | 0.1366       |             | 3.7120   | 0.268  
75     | 1.4079     | 0.4235     | 0.7105     | 0.2189     | 0.0550     | 0.1023       | 0.2245       |             | 3.6508   | 0.327  
76     | 1.4612     | 0.4344     | 0.7243     | 0.2456     | 0.0569     | 0.1046       | 0.2351       |             | 3.5515   | 0.340  
77     | 1.3466     | 0.3875     | 0.6907     | 0.2199     | 0.0484     | 0.1182       | 0.1709       |             | 3.7565   | 0.289  
78     | 1.4849     | 0.4351     | 0.7469     | 0.2454     | 0.0575     | 0.1251       | 0.1253       |             | 3.7763   | 0.250  
79     | 1.3439     | 0.3695     | 0.7020     | 0.2180     | 0.0545     | 0.1231       | 0.1185       |             | 3.7791   | 0.242  
80     | 1.4543     | 0.4012     | 0.7602     | 0.2302     | 0.0627     | 0.1216       | 0.2114       |             | 3.5241   | 0.333  
81     | 1.3611     | 0.3851     | 0.7033     | 0.2170     | 0.0556     | 0.0878       | 0.1846       |             | 3.6800   | 0.272  
82     | 1.5058     | 0.4192     | 0.7529     | 0.2709     | 0.0628     | 0.1285       | 0.2049       |             | 3.4173   | 0.333  
83     | 1.5206     | 0.4050     | 0.7881     | 0.2644     | 0.0631     | 0.0881       | 0.2586       |             | 3.2939   | 0.347  
84     | 1.5260     | 0.4016     | 0.7948     | 0.2539     | 0.0757     | 0.1245       | 0.1769       |             | 3.5466   | 0.301  
85     | 1.5383     | 0.4544     | 0.7580     | 0.2613     | 0.0646     | 0.1040       | 0.2518       |             | 3.2489   | 0.356  
86     | 1.4955     | 0.4116     | 0.7695     | 0.2537     | 0.0608     | 0.1133       | 0.1852       |             | 3.4717   | 0.298  
87     | 1.5086     | 0.4450     | 0.7665     | 0.2499     | 0.0472     | 0.1056       | 0.1874       |             | 3.4008   | 0.293  
88     | 1.5543     | 0.4365     | 0.7993     | 0.2504     | 0.0681     | 0.1286       | 0.1986       |             | 3.4646   | 0.327  
89     | 1.6284     | 0.4431     | 0.8384     | 0.2753     | 0.0717     | 0.1045       | 0.1305       |             | 3.4033   | 0.235  
90     | 1.6171     | 0.4608     | 0.8351     | 0.2580     | 0.0632     | 0.0965       | 0.2348       |             | 3.3793   | 0.331  
91     | 1.5619     | 0.3984     | 0.8243     | 0.2740     | 0.0652     | 0.1188       | 0.2556       |             | 3.3757   | 0.374  
92     | 1.5875     | 0.4486     | 0.8289     | 0.2565     | 0.0535     | 0.1122       | 0.1777       |             | 3.5195   | 0.290  
93     | 1.7601     | 0.4323     | 0.9570     | 0.2971     | 0.0737     | 0.1070       | 0.2261       |             | 3.3227   | 0.333  
94     | 1.6821     | 0.4370     | 0.9034     | 0.2800     | 0.0617     | 0.1072       | 0.2531       |             | 3.1155   | 0.360  
95     | 1.7154     | 0.4336     | 0.9435     | 0.2787     | 0.0596     | 0.1314       | 0.1741       |             | 3.3441   | 0.306  
96     | 1.8240     | 0.4782     | 0.9739     | 0.2805     | 0.0914     | 0.0894       | 0.2257       |             | 3.1903   | 0.315  
97     | 1.7035     | 0.4307     | 0.9435     | 0.2650     | 0.0643     | 0.1298       | 0.1743       |             | 3.2811   | 0.304  
98     | 1.8695     | 0.4754     | 1.0085     | 0.3139     | 0.0717     | 0.1040       | 0.1771       |             | 3.2045   | 0.281  
99     | 1.9426     | 0.4683     | 1.0637     | 0.3190     | 0.0916     | 0.1360       | 0.1594       |             | 3.0398   | 0.295  
100    | 1.8294     | 0.4547     | 1.0179     | 0.2871     | 0.0697     | 0.1425       | 0.1938       |             | 3.2946   | 0.336  
101    | 1.9793     | 0.4994     | 1.0792     | 0.3205     | 0.0802     | 0.1154       | 0.2380       | (saved)     | 3.2963   | 0.353  
102    | 1.9797     | 0.4785     | 1.0877     | 0.3227     | 0.0908     | 0.1315       | 0.2027       | (saved)     | 3.2834   | 0.334  
103    | 1.8922     | 0.4701     | 1.0343     | 0.3222     | 0.0656     | 0.2139       | 0.1602       |             | 3.3894   | 0.374  
104    | 1.7900     | 0.4456     | 0.9726     | 0.3104     | 0.0614     | 0.1110       | 0.2738       |             | 3.1224   | 0.385  
105    | 1.8516     | 0.4858     | 1.0117     | 0.2968     | 0.0573     | 0.1187       | 0.3018       |             | 2.8572   | 0.420  
106    | 2.0132     | 0.4550     | 1.0951     | 0.3505     | 0.1127     | 0.1559       | 0.3196       |             | 2.3908   | 0.475  
107    | 2.2001     | 0.4801     | 1.2394     | 0.3890     | 0.0916     | 0.1219       | 0.3636       |             | 2.3232   | 0.485  
108    | 2.2115     | 0.4583     | 1.2824     | 0.3718     | 0.0990     | 0.1157       | 0.2941       |             | 2.3828   | 0.410  
109    | 2.3582     | 0.4911     | 1.3631     | 0.4177     | 0.0863     | 0.1289       | 0.2884       |             | 2.3084   | 0.417  
110    | 2.3495     | 0.4674     | 1.3712     | 0.4201     | 0.0908     | 0.0974       | 0.3603       |             | 2.1219   | 0.458  
111    | 2.4581     | 0.4608     | 1.4534     | 0.4487     | 0.0951     | 0.1029       | 0.2747       |             | 2.2201   | 0.378  
112    | 2.5642     | 0.5040     | 1.5146     | 0.4523     | 0.0934     | 0.1144       | 0.3158       |             | 1.8669   | 0.430  
113    | 2.5375     | 0.4472     | 1.5382     | 0.4542     | 0.0979     | 0.1496       | 0.2979       |             | 2.3258   | 0.447  
114    | 2.4485     | 0.4633     | 1.4445     | 0.4472     | 0.0935     | 0.1242       | 0.2863       |             | 2.2669   | 0.411  
115    | 2.4284     | 0.4547     | 1.4745     | 0.4266     | 0.0725     | 0.1445       | 0.2572       |             | 2.1933   | 0.402  
116    | 2.2216     | 0.5010     | 1.2549     | 0.3918     | 0.0739     | 0.1211       | 0.2778       |             | 2.2094   | 0.399  
117    | 2.0418     | 0.4531     | 1.1768     | 0.3463     | 0.0657     | 0.1391       | 0.2296       |             | 2.1515   | 0.369  
118    | 2.0737     | 0.4292     | 1.2176     | 0.3545     | 0.0724     | 0.0908       | 0.2537       |             | 2.0536   | 0.345  
119    | 2.2104     | 0.4532     | 1.3015     | 0.3813     | 0.0744     | 0.1155       | 0.2293       |             | 1.7874   | 0.345  
120    | 2.4262     | 0.4458     | 1.4872     | 0.4179     | 0.0753     | 0.1301       | 0.2106       |             | 1.8928   | 0.341  
121    | 2.4341     | 0.4379     | 1.4913     | 0.4330     | 0.0720     | 0.1208       | 0.1899       | (saved)     | 1.8416   | 0.311  
122    | 2.6032     | 0.4447     | 1.6180     | 0.4591     | 0.0814     | 0.0945       | 0.2172       |             | 1.7282   | 0.312  
123    | 2.6509     | 0.4954     | 1.6414     | 0.4407     | 0.0734     | 0.1269       | 0.2055       |             | 1.6730   | 0.332  
124    | 2.6144     | 0.4480     | 1.6534     | 0.4466     | 0.0663     | 0.1244       | 0.2215       |             | 1.2599   | 0.346  
125    | 2.6871     | 0.4449     | 1.7605     | 0.4294     | 0.0523     | 0.1085       | 0.2120       |             | 1.3175   | 0.321  
126    | 2.7399     | 0.4510     | 1.7672     | 0.4503     | 0.0714     | 0.0997       | 0.2639       |             | 1.2746   | 0.364  
127    | 2.7058     | 0.4514     | 1.7380     | 0.4526     | 0.0638     | 0.1173       | 0.2548       |             | 1.1896   | 0.372  
128    | 2.8222     | 0.4279     | 1.8712     | 0.4564     | 0.0667     | 0.1143       | 0.2488       |             | 1.1850   | 0.363  
129    | 2.9127     | 0.4543     | 1.9487     | 0.4518     | 0.0579     | 0.1292       | 0.2579       |             | 1.2055   | 0.387  
130    | 2.8933     | 0.4436     | 1.9068     | 0.4602     | 0.0827     | 0.1114       | 0.1889       | (saved)     | 1.1548   | 0.300  
131    | 2.8181     | 0.4554     | 1.8797     | 0.4218     | 0.0612     | 0.1341       | 0.2224       |             | 1.1459   | 0.356  
132    | 2.6729     | 0.4259     | 1.7685     | 0.4219     | 0.0566     | 0.0969       | 0.1846       | (saved)     | 1.1912   | 0.281  
133    | 2.6715     | 0.4134     | 1.7747     | 0.4296     | 0.0537     | 0.0967       | 0.2277       |             | 1.1365   | 0.324  
134    | 2.5936     | 0.4031     | 1.7161     | 0.4226     | 0.0519     | 0.1013       | 0.1940       |             | 1.1671   | 0.295  
135    | 2.6421     | 0.3963     | 1.7565     | 0.4287     | 0.0606     | 0.0876       | 0.2517       |             | 1.1086   | 0.339  
136    | 2.6148     | 0.4028     | 1.7488     | 0.4082     | 0.0550     | 0.0924       | 0.2347       |             | 1.1731   | 0.327  
137    | 2.6672     | 0.4058     | 1.7805     | 0.4246     | 0.0563     | 0.1205       | 0.2391       |             | 1.1587   | 0.360  
138    | 2.6154     | 0.3994     | 1.7470     | 0.4126     | 0.0564     | 0.1043       | 0.2398       |             | 1.0658   | 0.344  
139    | 2.5798     | 0.4153     | 1.6969     | 0.4168     | 0.0508     | 0.0981       | 0.2331       |             | 1.0550   | 0.331  
140    | 2.4335     | 0.3711     | 1.6312     | 0.3860     | 0.0452     | 0.1167       | 0.2305       |             | 1.1623   | 0.347  
141    | 2.3401     | 0.3532     | 1.5796     | 0.3676     | 0.0397     | 0.0984       | 0.1649       | (saved)     | 1.2996   | 0.263  
142    | 2.2978     | 0.3738     | 1.5276     | 0.3535     | 0.0429     | 0.1167       | 0.1669       |             | 1.2632   | 0.284  
143    | 2.3555     | 0.3798     | 1.5827     | 0.3557     | 0.0373     | 0.1346       | 0.1861       |             | 1.2455   | 0.321  
144    | 2.3416     | 0.3605     | 1.5675     | 0.3662     | 0.0474     | 0.0954       | 0.1998       |             | 1.2351   | 0.295  
145    | 2.2798     | 0.3317     | 1.5435     | 0.3592     | 0.0455     | 0.0967       | 0.1671       |             | 1.1367   | 0.264  
146    | 2.2755     | 0.3372     | 1.5462     | 0.3503     | 0.0419     | 0.1001       | 0.1849       |             | 1.1747   | 0.285  
147    | 2.2199     | 0.3365     | 1.4928     | 0.3569     | 0.0337     | 0.0937       | 0.1446       | (saved)     | 1.1353   | 0.238  
148    | 2.1924     | 0.3120     | 1.4907     | 0.3527     | 0.0370     | 0.0892       | 0.1635       |             | 1.0756   | 0.253  
149    | 2.2241     | 0.3221     | 1.5232     | 0.3374     | 0.0414     | 0.0974       | 0.1700       |             | 1.0309   | 0.267  
150    | 2.2822     | 0.3765     | 1.5451     | 0.3276     | 0.0330     | 0.1017       | 0.1750       |             | 1.0092   | 0.277  
151    | 2.3086     | 0.3538     | 1.5484     | 0.3617     | 0.0446     | 0.1104       | 0.1953       |             | 1.0564   | 0.306  
152    | 2.2332     | 0.3442     | 1.4980     | 0.3396     | 0.0514     | 0.0990       | 0.1464       |             | 1.0473   | 0.245  
153    | 2.0893     | 0.3037     | 1.4122     | 0.3327     | 0.0406     | 0.1016       | 0.1361       | (saved)     | 1.0521   | 0.238  
154    | 2.1377     | 0.3472     | 1.4327     | 0.3247     | 0.0330     | 0.0991       | 0.1304       | (saved)     | 1.0492   | 0.230  
155    | 2.2486     | 0.3220     | 1.5340     | 0.3480     | 0.0446     | 0.1054       | 0.1277       |             | 1.0323   | 0.233  
156    | 2.2436     | 0.2941     | 1.5731     | 0.3346     | 0.0418     | 0.0867       | 0.1677       |             | 1.0185   | 0.254  
157    | 2.2676     | 0.3173     | 1.5853     | 0.3306     | 0.0345     | 0.0807       | 0.1076       | (saved)     | 1.0266   | 0.188  
158    | 2.2610     | 0.3434     | 1.5574     | 0.3220     | 0.0382     | 0.0900       | 0.1521       |             | 1.0307   | 0.242  
159    | 2.2768     | 0.3404     | 1.5828     | 0.3124     | 0.0413     | 0.0950       | 0.1373       |             | 1.0431   | 0.232  
160    | 2.3784     | 0.3222     | 1.6640     | 0.3360     | 0.0561     | 0.0866       | 0.1428       |             | 1.0207   | 0.229  
161    | 2.3685     | 0.3718     | 1.6334     | 0.3208     | 0.0425     | 0.0866       | 0.1455       |             | 0.9756   | 0.232  
162    | 2.3098     | 0.3446     | 1.6025     | 0.3241     | 0.0386     | 0.0968       | 0.1452       |             | 0.9886   | 0.242  
163    | 2.2904     | 0.3108     | 1.6100     | 0.3303     | 0.0393     | 0.1057       | 0.1157       |             | 1.1545   | 0.221  
164    | 2.3382     | 0.3882     | 1.5949     | 0.3148     | 0.0404     | 0.1027       | 0.1349       |             | 0.9746   | 0.238  
165    | 2.2633     | 0.3549     | 1.5376     | 0.3337     | 0.0371     | 0.0927       | 0.1339       |             | 0.9446   | 0.227  
166    | 2.2468     | 0.3133     | 1.5889     | 0.3145     | 0.0301     | 0.1036       | 0.1463       |             | 0.9910   | 0.250  
167    | 2.3369     | 0.3399     | 1.6396     | 0.3228     | 0.0345     | 0.1070       | 0.1194       |             | 0.9812   | 0.226  
168    | 2.3258     | 0.3064     | 1.6377     | 0.3433     | 0.0383     | 0.0803       | 0.1494       |             | 1.0069   | 0.230  
169    | 2.3664     | 0.3065     | 1.6933     | 0.3288     | 0.0377     | 0.1064       | 0.1599       |             | 1.0318   | 0.266  
170    | 2.3898     | 0.3218     | 1.6878     | 0.3411     | 0.0392     | 0.1063       | 0.1183       |             | 1.0588   | 0.225  
171    | 2.5037     | 0.3284     | 1.7901     | 0.3442     | 0.0411     | 0.1152       | 0.1450       |             | 1.0259   | 0.260  
172    | 2.4482     | 0.3691     | 1.7080     | 0.3324     | 0.0386     | 0.0899       | 0.1478       |             | 0.9493   | 0.238  
173    | 2.3554     | 0.3267     | 1.6696     | 0.3251     | 0.0340     | 0.1025       | 0.1357       |             | 1.0656   | 0.238  
174    | 2.2583     | 0.3032     | 1.6144     | 0.3031     | 0.0376     | 0.0933       | 0.1161       |             | 0.9847   | 0.209  
175    | 2.2551     | 0.3166     | 1.5959     | 0.3073     | 0.0353     | 0.0960       | 0.1157       |             | 0.9848   | 0.212  
176    | 2.3020     | 0.3156     | 1.6337     | 0.3183     | 0.0344     | 0.1098       | 0.1437       |             | 0.9245   | 0.253  
177    | 2.2724     | 0.3044     | 1.6306     | 0.3046     | 0.0328     | 0.1388       | 0.1024       |             | 0.9609   | 0.241  
178    | 2.2666     | 0.2995     | 1.6275     | 0.3009     | 0.0386     | 0.1080       | 0.1278       |             | 0.9082   | 0.236  
179    | 2.2804     | 0.3021     | 1.6375     | 0.3100     | 0.0309     | 0.0976       | 0.1134       |             | 0.9718   | 0.211  
180    | 2.2744     | 0.3080     | 1.6312     | 0.3045     | 0.0307     | 0.0765       | 0.1015       | (saved)     | 0.9152   | 0.178  
181    | 2.3737     | 0.3431     | 1.6899     | 0.3002     | 0.0405     | 0.1156       | 0.1114       |             | 0.9428   | 0.227  
182    | 2.3956     | 0.3429     | 1.7124     | 0.3023     | 0.0379     | 0.1112       | 0.1149       |             | 0.8875   | 0.226  
183    | 2.4468     | 0.3700     | 1.7309     | 0.3106     | 0.0353     | 0.1059       | 0.1056       |             | 0.9131   | 0.212  
184    | 2.3895     | 0.3388     | 1.7069     | 0.3105     | 0.0333     | 0.1387       | 0.1236       |             | 0.8948   | 0.262  
185    | 2.3959     | 0.3275     | 1.7384     | 0.2943     | 0.0357     | 0.0931       | 0.1256       |             | 0.9051   | 0.219  
186    | 2.3343     | 0.3064     | 1.6992     | 0.2941     | 0.0346     | 0.0910       | 0.1328       |             | 0.9084   | 0.224  
187    | 2.2872     | 0.3317     | 1.6267     | 0.2933     | 0.0355     | 0.1331       | 0.1073       |             | 0.9167   | 0.240  
188    | 2.2324     | 0.3000     | 1.6010     | 0.2955     | 0.0359     | 0.0856       | 0.1285       |             | 0.8717   | 0.214  
189    | 2.2315     | 0.3219     | 1.6005     | 0.2694     | 0.0396     | 0.0913       | 0.1288       |             | 0.8955   | 0.220  
190    | 2.2792     | 0.3012     | 1.6355     | 0.3030     | 0.0395     | 0.1191       | 0.1345       |             | 0.9403   | 0.254  
191    | 2.2928     | 0.3189     | 1.6339     | 0.3073     | 0.0327     | 0.0970       | 0.1299       |             | 0.9253   | 0.227  
192    | 2.2028     | 0.3314     | 1.5569     | 0.2873     | 0.0272     | 0.0849       | 0.1253       |             | 0.9157   | 0.210  
193    | 2.2625     | 0.2857     | 1.6417     | 0.2982     | 0.0369     | 0.1196       | 0.1178       |             | 0.9453   | 0.237  
194    | 2.3291     | 0.3271     | 1.6611     | 0.2993     | 0.0415     | 0.1305       | 0.1243       |             | 0.9499   | 0.255  
195    | 2.3410     | 0.3370     | 1.6764     | 0.2945     | 0.0330     | 0.1254       | 0.1216       |             | 0.9357   | 0.247  
196    | 2.3125     | 0.2910     | 1.6736     | 0.2984     | 0.0495     | 0.0998       | 0.1057       |             | 0.8924   | 0.206  
197    | 2.3564     | 0.3037     | 1.7057     | 0.3079     | 0.0390     | 0.1000       | 0.1368       |             | 0.9027   | 0.237  
198    | 2.3293     | 0.3191     | 1.6841     | 0.2938     | 0.0322     | 0.1050       | 0.1195       |             | 0.8860   | 0.225  
199    | 2.3522     | 0.3067     | 1.7082     | 0.3069     | 0.0304     | 0.1111       | 0.1437       |             | 0.8904   | 0.255  
200    | 2.4015     | 0.3352     | 1.7408     | 0.2970     | 0.0285     | 0.1097       | 0.1439       |             | 0.9135   | 0.254  
201    | 2.3782     | 0.3128     | 1.7206     | 0.3014     | 0.0434     | 0.1314       | 0.1264       |             | 0.9422   | 0.258  
202    | 2.3904     | 0.3281     | 1.7382     | 0.2906     | 0.0335     | 0.1185       | 0.1274       |             | 0.9630   | 0.246  
203    | 2.3404     | 0.2957     | 1.7275     | 0.2858     | 0.0313     | 0.1173       | 0.1411       |             | 0.9976   | 0.258  
204    | 2.3555     | 0.3110     | 1.7267     | 0.2801     | 0.0377     | 0.1002       | 0.1090       |             | 1.0132   | 0.209  
205    | 2.3125     | 0.3074     | 1.7010     | 0.2759     | 0.0283     | 0.1115       | 0.1119       |             | 1.0106   | 0.223  
206    | 2.2865     | 0.3372     | 1.6230     | 0.2859     | 0.0405     | 0.1211       | 0.1052       |             | 1.0203   | 0.226  
207    | 2.2273     | 0.2686     | 1.6494     | 0.2794     | 0.0299     | 0.1123       | 0.1207       |             | 1.0281   | 0.233  
208    | 2.2111     | 0.2823     | 1.6257     | 0.2636     | 0.0395     | 0.1063       | 0.1146       |             | 1.0041   | 0.221  
209    | 2.1530     | 0.3064     | 1.5519     | 0.2667     | 0.0281     | 0.1275       | 0.1109       |             | 1.0068   | 0.238  
210    | 2.1431     | 0.2792     | 1.5707     | 0.2644     | 0.0289     | 0.1314       | 0.1307       |             | 1.0413   | 0.262  
211    | 2.2082     | 0.2628     | 1.6557     | 0.2606     | 0.0291     | 0.1282       | 0.1124       |             | 0.9765   | 0.241  
212    | 2.2445     | 0.3120     | 1.6514     | 0.2538     | 0.0273     | 0.1284       | 0.1125       |             | 0.9609   | 0.241  
213    | 2.3408     | 0.2748     | 1.7568     | 0.2781     | 0.0311     | 0.1481       | 0.1102       |             | 0.9751   | 0.258  
214    | 2.2258     | 0.3264     | 1.6289     | 0.2456     | 0.0248     | 0.1232       | 0.1184       |             | 0.9495   | 0.242  
215    | 2.3096     | 0.3049     | 1.7188     | 0.2531     | 0.0329     | 0.1455       | 0.1267       |             | 0.9497   | 0.272  
216    | 2.3308     | 0.2850     | 1.7386     | 0.2701     | 0.0371     | 0.1450       | 0.1165       |             | 0.9443   | 0.261  
217    | 2.2710     | 0.2378     | 1.7406     | 0.2633     | 0.0293     | 0.1304       | 0.0935       |             | 0.9697   | 0.224  
218    | 2.3325     | 0.2916     | 1.7325     | 0.2749     | 0.0335     | 0.1538       | 0.1181       |             | 0.9705   | 0.272  
219    | 2.3893     | 0.2909     | 1.7810     | 0.2715     | 0.0459     | 0.1134       | 0.1122       |             | 0.9872   | 0.226  
220    | 2.4696     | 0.3038     | 1.8146     | 0.3009     | 0.0503     | 0.0981       | 0.0906       |             | 0.9539   | 0.189  
221    | 2.2967     | 0.2732     | 1.7382     | 0.2488     | 0.0366     | 0.0982       | 0.1063       |             | 0.9822   | 0.205  
222    | 2.4149     | 0.3409     | 1.7836     | 0.2530     | 0.0375     | 0.1056       | 0.1097       |             | 0.9638   | 0.215  
223    | 2.2600     | 0.2913     | 1.6893     | 0.2525     | 0.0269     | 0.1065       | 0.1065       |             | 0.9790   | 0.213  
224    | 2.3447     | 0.3061     | 1.7526     | 0.2555     | 0.0306     | 0.1114       | 0.1048       |             | 0.9450   | 0.216  
225    | 2.3260     | 0.2889     | 1.7588     | 0.2494     | 0.0290     | 0.0847       | 0.0974       |             | 1.0126   | 0.182  
226    | 2.3135     | 0.2882     | 1.7107     | 0.2757     | 0.0388     | 0.0793       | 0.0998       |             | 1.0061   | 0.179  
227    | 2.2635     | 0.2857     | 1.6743     | 0.2632     | 0.0403     | 0.1093       | 0.1136       |             | 0.9620   | 0.223  
228    | 2.2822     | 0.2900     | 1.7068     | 0.2509     | 0.0346     | 0.0915       | 0.0978       |             | 0.9653   | 0.189  
229    | 2.3892     | 0.3456     | 1.7429     | 0.2563     | 0.0444     | 0.1066       | 0.0931       |             | 0.9672   | 0.200  
230    | 2.2727     | 0.2623     | 1.7319     | 0.2462     | 0.0323     | 0.1358       | 0.0875       |             | 0.9781   | 0.223  
231    | 2.3356     | 0.3198     | 1.7324     | 0.2485     | 0.0348     | 0.1131       | 0.0698       |             | 0.9653   | 0.183  
232    | 2.2677     | 0.2983     | 1.6948     | 0.2411     | 0.0334     | 0.1209       | 0.0846       |             | 0.9738   | 0.205  
233    | 2.2809     | 0.2557     | 1.7449     | 0.2457     | 0.0346     | 0.1469       | 0.0817       |             | 0.9740   | 0.229  
234    | 2.2982     | 0.2706     | 1.7333     | 0.2531     | 0.0412     | 0.1365       | 0.0859       |             | 0.9496   | 0.222  
235    | 2.3559     | 0.2719     | 1.7944     | 0.2543     | 0.0354     | 0.1163       | 0.0898       |             | 0.9601   | 0.206  
236    | 2.4671     | 0.3070     | 1.8651     | 0.2560     | 0.0390     | 0.1169       | 0.0963       |             | 0.9931   | 0.213  
237    | 2.4336     | 0.2654     | 1.8753     | 0.2572     | 0.0357     | 0.1037       | 0.0938       |             | 0.9882   | 0.198  
238    | 2.4281     | 0.3066     | 1.8460     | 0.2507     | 0.0247     | 0.1112       | 0.0912       |             | 0.9952   | 0.202  
239    | 2.4197     | 0.2620     | 1.8784     | 0.2456     | 0.0337     | 0.1265       | 0.0915       |             | 0.9562   | 0.218  
240    | 2.4639     | 0.3083     | 1.8686     | 0.2533     | 0.0337     | 0.1029       | 0.1044       |             | 1.0152   | 0.207  
241    | 2.2855     | 0.2511     | 1.7687     | 0.2417     | 0.0239     | 0.1232       | 0.0780       |             | 0.9096   | 0.201  
242    | 2.4754     | 0.3336     | 1.8632     | 0.2503     | 0.0283     | 0.0798       | 0.0988       |             | 0.9571   | 0.179  
243    | 2.3624     | 0.2686     | 1.8334     | 0.2368     | 0.0236     | 0.0915       | 0.0804       | (saved)     | 0.9341   | 0.172  
244    | 2.3621     | 0.2699     | 1.8200     | 0.2452     | 0.0270     | 0.1103       | 0.0835       |             | 0.9334   | 0.194  
245    | 2.3936     | 0.2836     | 1.8301     | 0.2516     | 0.0282     | 0.1057       | 0.0722       |             | 0.9317   | 0.178  
246    | 2.3469     | 0.3091     | 1.7901     | 0.2224     | 0.0254     | 0.0911       | 0.0787       | (saved)     | 0.9898   | 0.170  
247    | 2.2198     | 0.2758     | 1.6942     | 0.2217     | 0.0281     | 0.1492       | 0.0817       |             | 0.9848   | 0.231  
248    | 2.5090     | 0.3150     | 1.9179     | 0.2416     | 0.0344     | 0.1087       | 0.0994       |             | 0.9770   | 0.208  
249    | 2.4439     | 0.2806     | 1.8885     | 0.2452     | 0.0295     | 0.1002       | 0.0727       |             | 0.9651   | 0.173  
250    | 2.3950     | 0.2878     | 1.8469     | 0.2369     | 0.0234     | 0.1092       | 0.0825       |             | 0.9386   | 0.192  
251    | 2.4240     | 0.2814     | 1.8815     | 0.2342     | 0.0270     | 0.1199       | 0.0828       |             | 0.9344   | 0.203  
252    | 2.4617     | 0.2873     | 1.9057     | 0.2385     | 0.0302     | 0.1063       | 0.0649       |             | 0.9370   | 0.171  
253    | 2.4848     | 0.3157     | 1.8924     | 0.2325     | 0.0443     | 0.1341       | 0.0545       |             | 0.9163   | 0.189  
254    | 2.3631     | 0.2917     | 1.8274     | 0.2196     | 0.0244     | 0.1186       | 0.0606       |             | 0.9589   | 0.179  
255    | 2.4993     | 0.3355     | 1.9042     | 0.2208     | 0.0388     | 0.1240       | 0.0850       |             | 0.9358   | 0.209  
256    | 2.4526     | 0.2750     | 1.9283     | 0.2219     | 0.0273     | 0.1307       | 0.0924       |             | 0.9219   | 0.223  
257    | 2.4585     | 0.2616     | 1.9229     | 0.2463     | 0.0277     | 0.1428       | 0.0732       |             | 0.9395   | 0.216  
258    | 2.5224     | 0.3332     | 1.9121     | 0.2384     | 0.0387     | 0.1223       | 0.0757       |             | 0.9688   | 0.198  
259    | 2.4302     | 0.2848     | 1.8701     | 0.2444     | 0.0309     | 0.1271       | 0.0717       |             | 0.9295   | 0.199  
260    | 2.3997     | 0.2778     | 1.8683     | 0.2316     | 0.0219     | 0.1331       | 0.0714       |             | 0.9194   | 0.205  
261    | 2.3701     | 0.2662     | 1.8493     | 0.2285     | 0.0260     | 0.1013       | 0.0762       |             | 0.9173   | 0.177  
262    | 2.3304     | 0.2325     | 1.8455     | 0.2226     | 0.0298     | 0.1120       | 0.0646       |             | 0.9015   | 0.177  
263    | 2.4324     | 0.2730     | 1.9021     | 0.2304     | 0.0269     | 0.1095       | 0.0676       |             | 0.8611   | 0.177  
264    | 2.4626     | 0.2972     | 1.9271     | 0.2127     | 0.0256     | 0.1177       | 0.0671       |             | 0.8692   | 0.185  
265    | 2.6004     | 0.2865     | 2.0597     | 0.2296     | 0.0247     | 0.1174       | 0.0738       |             | 0.8840   | 0.191  
266    | 2.5695     | 0.2813     | 2.0232     | 0.2296     | 0.0354     | 0.1168       | 0.0893       |             | 0.9080   | 0.206  
267    | 2.5244     | 0.2800     | 1.9992     | 0.2202     | 0.0251     | 0.1227       | 0.0901       |             | 0.8626   | 0.213  
268    | 2.5964     | 0.3159     | 2.0313     | 0.2205     | 0.0288     | 0.1369       | 0.0906       |             | 0.9122   | 0.228  
269    | 2.5209     | 0.2727     | 1.9987     | 0.2232     | 0.0264     | 0.1337       | 0.0786       |             | 0.8993   | 0.212  
270    | 2.6307     | 0.2638     | 2.0999     | 0.2387     | 0.0284     | 0.1144       | 0.0889       |             | 0.8621   | 0.203  
271    | 2.5759     | 0.2280     | 2.0711     | 0.2404     | 0.0363     | 0.1530       | 0.0974       |             | 0.9132   | 0.250  
272    | 2.7270     | 0.3385     | 2.1133     | 0.2375     | 0.0377     | 0.1199       | 0.0721       |             | 0.9333   | 0.192  
273    | 2.7407     | 0.3158     | 2.1320     | 0.2556     | 0.0374     | 0.1184       | 0.0885       |             | 0.8633   | 0.207  
274    | 2.5825     | 0.3175     | 2.0158     | 0.2295     | 0.0197     | 0.1243       | 0.0720       |             | 0.8428   | 0.196  
275    | 2.6045     | 0.2785     | 2.0528     | 0.2413     | 0.0320     | 0.1028       | 0.0786       |             | 0.8312   | 0.181  
276    | 2.6254     | 0.3001     | 2.0760     | 0.2230     | 0.0264     | 0.1212       | 0.0748       |             | 0.8123   | 0.196  
277    | 2.4998     | 0.2727     | 1.9788     | 0.2206     | 0.0277     | 0.1158       | 0.0693       |             | 0.8362   | 0.185  
278    | 2.6148     | 0.3481     | 2.0124     | 0.2267     | 0.0276     | 0.1252       | 0.0869       |             | 0.9006   | 0.212  
279    | 2.6140     | 0.2868     | 2.0641     | 0.2275     | 0.0357     | 0.1179       | 0.0978       |             | 0.8395   | 0.216  
280    | 2.5434     | 0.2650     | 2.0431     | 0.2146     | 0.0208     | 0.0991       | 0.0996       |             | 0.8606   | 0.199  
281    | 2.6512     | 0.3373     | 2.0590     | 0.2215     | 0.0334     | 0.1259       | 0.1127       |             | 0.8519   | 0.239  
282    | 2.6092     | 0.2944     | 2.0497     | 0.2297     | 0.0354     | 0.1427       | 0.0828       |             | 0.8600   | 0.226  
283    | 2.6771     | 0.3163     | 2.0963     | 0.2291     | 0.0354     | 0.1425       | 0.0679       |             | 0.8451   | 0.210  
284    | 2.6167     | 0.3013     | 2.0566     | 0.2249     | 0.0339     | 0.1363       | 0.0634       |             | 0.8569   | 0.200  
285    | 2.5478     | 0.2598     | 2.0407     | 0.2231     | 0.0242     | 0.1419       | 0.0797       |             | 0.8444   | 0.222  
286    | 2.6521     | 0.2888     | 2.1104     | 0.2233     | 0.0296     | 0.1507       | 0.0612       |             | 0.8193   | 0.212  
287    | 2.6352     | 0.2652     | 2.1158     | 0.2294     | 0.0247     | 0.1462       | 0.0692       |             | 0.8453   | 0.215  
288    | 2.6472     | 0.3226     | 2.0738     | 0.2279     | 0.0228     | 0.1406       | 0.0734       |             | 0.8494   | 0.214  
289    | 2.6468     | 0.3061     | 2.0910     | 0.2244     | 0.0253     | 0.1475       | 0.0659       |             | 0.8329   | 0.213  
290    | 2.6323     | 0.3234     | 2.0795     | 0.2056     | 0.0239     | 0.1764       | 0.0667       |             | 0.8445   | 0.243  
291    | 2.6001     | 0.2506     | 2.0995     | 0.2264     | 0.0236     | 0.1404       | 0.0763       |             | 0.8466   | 0.217  
292    | 2.5400     | 0.2557     | 2.0331     | 0.2209     | 0.0303     | 0.1300       | 0.0688       |             | 0.8290   | 0.199  
293    | 2.5662     | 0.2819     | 2.0555     | 0.2094     | 0.0194     | 0.1505       | 0.0959       |             | 0.8506   | 0.246  
294    | 2.6248     | 0.3131     | 2.0817     | 0.2063     | 0.0238     | 0.1382       | 0.0657       |             | 0.8455   | 0.204  
295    | 2.5582     | 0.2403     | 2.0785     | 0.2175     | 0.0218     | 0.1578       | 0.0803       |             | 0.8528   | 0.238  
296    | 2.5250     | 0.2635     | 2.0249     | 0.2163     | 0.0204     | 0.1348       | 0.0912       |             | 0.8531   | 0.226  
297    | 2.5953     | 0.2793     | 2.0694     | 0.2198     | 0.0268     | 0.1630       | 0.0694       |             | 0.8528   | 0.232  
298    | 2.6066     | 0.3049     | 2.0572     | 0.2159     | 0.0286     | 0.1583       | 0.0763       |             | 0.8636   | 0.235  
299    | 2.4898     | 0.2565     | 1.9991     | 0.2143     | 0.0200     | 0.1525       | 0.0815       |             | 0.8495   | 0.234  
300    | 2.6636     | 0.3076     | 2.1387     | 0.1930     | 0.0243     | 0.1448       | 0.0624       |             | 0.8266   | 0.207  
Seed 123456 | Src Acc: 98.9796 | Src MDE: 0.0111 | Tgt Acc: 40.6122 | Tgt MDE: 0.9898
Finished Combo Fusion_DAFI_1_2_4. Results saved.
