==========================================
Experiment: FusionDANN_1_2_3_4
RSSI Features (4): Fixed
RTT Features (4): ['Dist_mm_1', 'Dist_mm_2', 'Dist_mm_3', 'Dist_mm_4']
==========================================
Start Training Seed 42...

Start Training... (Validate on Source Val & Target Val)
Epoch  | Total Loss | Train Cls  | Train D_RSSI | Train D_RTT | Val Cls    | Val D_RSSI | Val D_RTT  | Save        | Test MDE | Score  
---------------------------------------------------------------------------------------------------------------------------------------
1      | 6.2771     | 3.4981     | 1.3974       | 1.3816      | 2.9119     | 0.6825     | 0.7007     |             | 1.7034   | -2.747 
2      | 5.4742     | 2.7439     | 1.3787       | 1.3516      | 2.3587     | 0.6764     | 0.6859     |             | 1.1694   | -2.206 
3      | 5.0095     | 2.3110     | 1.3666       | 1.3319      | 1.8936     | 0.6714     | 0.6799     |             | 1.1277   | -1.751 
4      | 4.6325     | 1.9607     | 1.3558       | 1.3161      | 1.5257     | 0.6692     | 0.6742     |             | 1.1124   | -1.387 
5      | 4.3302     | 1.6878     | 1.3442       | 1.2983      | 1.2314     | 0.6656     | 0.6680     |             | 1.0672   | -1.100 
6      | 4.0495     | 1.4408     | 1.3310       | 1.2777      | 0.9910     | 0.6552     | 0.6708     |             | 1.0359   | -0.881 
7      | 3.8522     | 1.2817     | 1.3149       | 1.2557      | 0.8046     | 0.6531     | 0.6605     |             | 0.8937   | -0.698 
8      | 3.6658     | 1.1451     | 1.2991       | 1.2216      | 0.6518     | 0.6504     | 0.6556     |             | 0.9446   | -0.551 
9      | 3.4846     | 1.0204     | 1.2690       | 1.1952      | 0.5155     | 0.6383     | 0.6500     |             | 0.8690   | -0.439 
10     | 3.3375     | 0.9303     | 1.2477       | 1.1596      | 0.4334     | 0.6349     | 0.6373     |             | 0.9576   | -0.364 
11     | 3.2089     | 0.8637     | 1.2244       | 1.1208      | 0.3579     | 0.6267     | 0.6462     |             | 0.8399   | -0.305 
12     | 3.0740     | 0.7918     | 1.1933       | 1.0888      | 0.3110     | 0.6194     | 0.6262     |             | 0.8889   | -0.272 
13     | 2.9496     | 0.7334     | 1.1683       | 1.0479      | 0.2581     | 0.6126     | 0.6318     |             | 0.7897   | -0.233 
14     | 2.8319     | 0.6807     | 1.1410       | 1.0103      | 0.2332     | 0.5995     | 0.6270     |             | 0.8637   | -0.234 
15     | 2.7530     | 0.6627     | 1.1098       | 0.9805      | 0.2099     | 0.5906     | 0.6175     |             | 0.8253   | -0.229 
16     | 2.6337     | 0.6127     | 1.0748       | 0.9462      | 0.1859     | 0.5898     | 0.6135     |             | 0.7684   | -0.206 
17     | 2.5622     | 0.5790     | 1.0363       | 0.9469      | 0.1700     | 0.5752     | 0.6056     |             | 0.8288   | -0.220 
18     | 2.4779     | 0.5640     | 1.0099       | 0.9040      | 0.1599     | 0.5828     | 0.6099     |             | 0.8247   | -0.194 
19     | 2.4184     | 0.5363     | 0.9858       | 0.8963      | 0.1421     | 0.5576     | 0.5923     |             | 0.7951   | -0.227 
20     | 2.3569     | 0.5042     | 0.9583       | 0.8943      | 0.1283     | 0.5630     | 0.5984     |             | 0.7397   | -0.202 
21     | 2.3357     | 0.4915     | 0.9389       | 0.9053      | 0.1177     | 0.5583     | 0.6175     |             | 0.8013   | -0.201 
22     | 2.3038     | 0.4813     | 0.9067       | 0.9157      | 0.1133     | 0.5463     | 0.6145     |             | 0.7491   | -0.221 
23     | 2.2398     | 0.4574     | 0.8783       | 0.9041      | 0.1108     | 0.5360     | 0.6201     |             | 0.7615   | -0.239 
24     | 2.2046     | 0.4317     | 0.8859       | 0.8870      | 0.0939     | 0.5244     | 0.6381     |             | 0.7399   | -0.245 
25     | 2.1971     | 0.4375     | 0.8806       | 0.8791      | 0.0994     | 0.5176     | 0.6434     |             | 0.7698   | -0.264 
26     | 2.1884     | 0.4246     | 0.8609       | 0.9029      | 0.0878     | 0.5208     | 0.6539     |             | 0.7775   | -0.246 
27     | 2.1879     | 0.4181     | 0.8646       | 0.9052      | 0.0819     | 0.5234     | 0.6258     |             | 0.7953   | -0.235 
28     | 2.2111     | 0.4109     | 0.8597       | 0.9406      | 0.0874     | 0.5201     | 0.6447     |             | 0.7820   | -0.247 
29     | 2.2217     | 0.4057     | 0.8481       | 0.9680      | 0.0803     | 0.5205     | 0.6174     |             | 0.7831   | -0.239 
30     | 2.2190     | 0.3961     | 0.8657       | 0.9572      | 0.0982     | 0.4996     | 0.5997     |             | 0.7116   | -0.299 
31     | 2.2573     | 0.4090     | 0.8790       | 0.9692      | 0.0750     | 0.4926     | 0.6071     |             | 0.7628   | -0.290 
32     | 2.2394     | 0.3740     | 0.8729       | 0.9925      | 0.0715     | 0.5205     | 0.5972     |             | 0.8020   | -0.231 
33     | 2.2509     | 0.3844     | 0.8698       | 0.9967      | 0.0734     | 0.5246     | 0.5871     |             | 0.7916   | -0.224 
34     | 2.2420     | 0.3704     | 0.8742       | 0.9974      | 0.0733     | 0.5223     | 0.5921     |             | 0.8491   | -0.229 
35     | 2.2368     | 0.3594     | 0.8724       | 1.0050      | 0.0713     | 0.5262     | 0.5996     |             | 0.7737   | -0.219 
36     | 2.2945     | 0.3759     | 0.8950       | 1.0236      | 0.0706     | 0.5018     | 0.6206     |             | 0.7568   | -0.267 
37     | 2.3176     | 0.3445     | 0.9168       | 1.0563      | 0.0669     | 0.5261     | 0.6011     |             | 0.7628   | -0.215 
38     | 2.3977     | 0.3818     | 0.9299       | 1.0860      | 0.0676     | 0.5169     | 0.6027     |             | 0.8354   | -0.234 
39     | 2.3978     | 0.3615     | 0.9510       | 1.0853      | 0.0752     | 0.5200     | 0.6226     |             | 0.7154   | -0.235 
40     | 2.4457     | 0.3713     | 0.9969       | 1.0776      | 0.0714     | 0.5443     | 0.6309     |             | 0.7518   | -0.183 
41     | 2.4731     | 0.3513     | 1.0269       | 1.0948      | 0.0720     | 0.5427     | 0.6182     |             | 0.7171   | -0.186 
42     | 2.4758     | 0.3579     | 1.0268       | 1.0910      | 0.0659     | 0.5278     | 0.5945     |             | 0.8090   | -0.210 
43     | 2.4356     | 0.3349     | 1.0150       | 1.0857      | 0.0740     | 0.5446     | 0.6220     |             | 0.7545   | -0.185 
44     | 2.5074     | 0.3488     | 1.0300       | 1.1286      | 0.0657     | 0.5709     | 0.6240     |             | 0.8062   | -0.124 
45     | 2.5405     | 0.3664     | 1.0635       | 1.1106      | 0.0620     | 0.5789     | 0.5989     |             | 0.7692   | -0.104 
46     | 2.5271     | 0.3625     | 1.0848       | 1.0798      | 0.0659     | 0.5775     | 0.6067     |             | 0.7999   | -0.111 
47     | 2.5236     | 0.3525     | 1.0668       | 1.1044      | 0.0601     | 0.5704     | 0.6254     |             | 0.8032   | -0.119 
48     | 2.5494     | 0.3576     | 1.0721       | 1.1198      | 0.0671     | 0.5548     | 0.6247     |             | 0.7179   | -0.158 
49     | 2.4988     | 0.3447     | 1.0502       | 1.1038      | 0.0597     | 0.5487     | 0.6130     |             | 0.7121   | -0.162 
50     | 2.5152     | 0.3655     | 1.0712       | 1.0785      | 0.0596     | 0.5425     | 0.6276     |             | 0.7814   | -0.175 
51     | 2.4840     | 0.3092     | 1.0927       | 1.0821      | 0.0633     | 0.5627     | 0.6533     |             | 0.7940   | -0.138 
52     | 2.6397     | 0.3398     | 1.1473       | 1.1527      | 0.0599     | 0.5700     | 0.7036     |             | 0.8359   | -0.120 
53     | 2.6784     | 0.3773     | 1.1201       | 1.1810      | 0.0563     | 0.5471     | 0.6869     |             | 0.7701   | -0.162 
54     | 2.6056     | 0.3356     | 1.1235       | 1.1464      | 0.0704     | 0.5625     | 0.6721     |             | 0.7569   | -0.146 
55     | 2.6076     | 0.3144     | 1.1285       | 1.1647      | 0.0612     | 0.5632     | 0.6583     |             | 0.7639   | -0.135 
56     | 2.6410     | 0.3239     | 1.1472       | 1.1699      | 0.0581     | 0.5383     | 0.6624     |             | 0.8330   | -0.182 
57     | 2.5735     | 0.3209     | 1.0926       | 1.1601      | 0.0579     | 0.5278     | 0.6704     |             | 0.6934   | -0.202 
58     | 2.5277     | 0.2921     | 1.0716       | 1.1640      | 0.0648     | 0.5446     | 0.6710     |             | 0.7207   | -0.176 
59     | 2.7605     | 0.3622     | 1.1260       | 1.2722      | 0.0706     | 0.5462     | 0.6807     |             | 0.7446   | -0.178 
60     | 2.6864     | 0.3285     | 1.1019       | 1.2560      | 0.0688     | 0.5384     | 0.6331     |             | 0.7741   | -0.192 
61     | 2.6265     | 0.2995     | 1.1345       | 1.1925      | 0.0653     | 0.5541     | 0.6507     |             | 0.7775   | -0.157 
62     | 2.6297     | 0.3175     | 1.1499       | 1.1622      | 0.0555     | 0.5700     | 0.6228     |             | 0.7725   | -0.115 
63     | 2.6294     | 0.3068     | 1.1665       | 1.1561      | 0.0579     | 0.5982     | 0.6274     |             | 0.7341   | -0.062 
64     | 2.6205     | 0.2936     | 1.1701       | 1.1568      | 0.0526     | 0.5956     | 0.6320     |             | 0.7405   | -0.061 
65     | 2.6300     | 0.3025     | 1.1303       | 1.1972      | 0.0510     | 0.5624     | 0.6409     |             | 0.7072   | -0.126 
66     | 2.5932     | 0.2988     | 1.1147       | 1.1798      | 0.0535     | 0.5799     | 0.6345     |             | 0.7462   | -0.094 
67     | 2.5841     | 0.2849     | 1.1457       | 1.1534      | 0.0629     | 0.5836     | 0.6108     |             | 0.7404   | -0.096 
68     | 2.5552     | 0.2781     | 1.1421       | 1.1350      | 0.0474     | 0.5711     | 0.6190     |             | 0.7699   | -0.105 
69     | 2.5357     | 0.2804     | 1.1436       | 1.1117      | 0.0536     | 0.5925     | 0.6182     |             | 0.7573   | -0.069 
70     | 2.5170     | 0.2861     | 1.1233       | 1.1076      | 0.0514     | 0.5695     | 0.6184     |             | 0.7427   | -0.112 
71     | 2.4919     | 0.2872     | 1.0943       | 1.1104      | 0.0527     | 0.5636     | 0.6342     |             | 0.7029   | -0.126 
72     | 2.4921     | 0.2754     | 1.0947       | 1.1221      | 0.0516     | 0.5787     | 0.5976     |             | 0.7177   | -0.094 
73     | 2.5314     | 0.2799     | 1.1164       | 1.1351      | 0.0567     | 0.5972     | 0.6351     |             | 0.7941   | -0.062 
74     | 2.5761     | 0.2846     | 1.1441       | 1.1473      | 0.0573     | 0.5938     | 0.6241     |             | 0.7059   | -0.070 
75     | 2.5929     | 0.2702     | 1.1387       | 1.1840      | 0.0630     | 0.5798     | 0.6545     |             | 0.7037   | -0.103 
76     | 2.5637     | 0.2640     | 1.1246       | 1.1752      | 0.0581     | 0.5803     | 0.6582     |             | 0.7560   | -0.097 
77     | 2.6228     | 0.2920     | 1.1322       | 1.1986      | 0.0661     | 0.5747     | 0.6539     |             | 0.6972   | -0.117 
78     | 2.5457     | 0.2667     | 1.0991       | 1.1799      | 0.0662     | 0.5440     | 0.6182     |             | 0.7876   | -0.178 
79     | 2.5028     | 0.2649     | 1.0631       | 1.1748      | 0.0579     | 0.5593     | 0.6259     |             | 0.7799   | -0.139 
80     | 2.5410     | 0.2773     | 1.0731       | 1.1906      | 0.0538     | 0.5556     | 0.6887     |             | 0.7493   | -0.143 
81     | 2.5597     | 0.2465     | 1.1242       | 1.1890      | 0.0575     | 0.5696     | 0.6292     |             | 0.7939   | -0.118 
82     | 2.6278     | 0.2798     | 1.1575       | 1.1905      | 0.0495     | 0.5832     | 0.6360     |             | 0.7543   | -0.083 
83     | 2.6502     | 0.2888     | 1.1759       | 1.1855      | 0.0544     | 0.5678     | 0.6251     |             | 0.7199   | -0.119 
84     | 2.6246     | 0.2757     | 1.1541       | 1.1948      | 0.0516     | 0.5738     | 0.6082     |             | 0.7640   | -0.104 
85     | 2.5888     | 0.2620     | 1.1527       | 1.1740      | 0.0539     | 0.5772     | 0.5778     |             | 0.7218   | -0.100 
86     | 2.5842     | 0.2797     | 1.1586       | 1.1458      | 0.0435     | 0.5763     | 0.5951     |             | 0.6746   | -0.091 
87     | 2.5781     | 0.2752     | 1.1610       | 1.1419      | 0.0525     | 0.5600     | 0.5920     |             | 0.7694   | -0.132 
88     | 2.5896     | 0.2645     | 1.1633       | 1.1618      | 0.0477     | 0.5862     | 0.6462     |             | 0.7289   | -0.075 
89     | 2.6465     | 0.2830     | 1.2019       | 1.1616      | 0.0518     | 0.6222     | 0.6454     |             | 0.6456   | -0.008 
90     | 2.6156     | 0.2653     | 1.1784       | 1.1719      | 0.0489     | 0.5820     | 0.6354     |             | 0.7495   | -0.085 
91     | 2.6518     | 0.2643     | 1.1958       | 1.1917      | 0.0533     | 0.5885     | 0.6388     |             | 0.7127   | -0.076 
92     | 2.6519     | 0.2678     | 1.1681       | 1.2160      | 0.0608     | 0.5917     | 0.6023     |             | 0.8267   | -0.077 
93     | 2.7001     | 0.2815     | 1.1794       | 1.2392      | 0.0573     | 0.5630     | 0.6486     |             | 0.7870   | -0.131 
94     | 2.7125     | 0.2681     | 1.1893       | 1.2551      | 0.0566     | 0.5736     | 0.6496     |             | 0.7687   | -0.109 
95     | 2.6722     | 0.2725     | 1.1771       | 1.2225      | 0.0495     | 0.5747     | 0.6716     |             | 0.7916   | -0.100 
96     | 2.6793     | 0.2813     | 1.1854       | 1.2126      | 0.0486     | 0.5741     | 0.6493     |             | 0.8263   | -0.100 
97     | 2.6666     | 0.2697     | 1.1971       | 1.1998      | 0.0447     | 0.6110     | 0.5907     |             | 0.7871   | -0.063 
98     | 2.7108     | 0.2848     | 1.2360       | 1.1900      | 0.0500     | 0.6658     | 0.6062     |             | 0.7923   | -0.038 
99     | 2.7542     | 0.2797     | 1.2571       | 1.2174      | 0.0480     | 0.6336     | 0.6247     |             | 0.7128   | 0.001  
100    | 2.6980     | 0.2614     | 1.2271       | 1.2094      | 0.0455     | 0.6343     | 0.6495     |             | 0.7073   | 0.023  
101    | 2.7386     | 0.2670     | 1.2399       | 1.2316      | 0.0527     | 0.6338     | 0.6270     |             | 0.6622   | 0.001  
102    | 2.7438     | 0.2900     | 1.2317       | 1.2222      | 0.0469     | 0.6098     | 0.6410     |             | 0.7058   | -0.027 
103    | 2.6777     | 0.2541     | 1.2174       | 1.2062      | 0.0513     | 0.6018     | 0.6335     |             | 0.7692   | -0.048 
104    | 2.6763     | 0.2540     | 1.2368       | 1.1855      | 0.0512     | 0.5625     | 0.6423     |             | 0.7273   | -0.126 
105    | 2.6660     | 0.2698     | 1.1995       | 1.1966      | 0.0550     | 0.5966     | 0.6356     |             | 0.7346   | -0.062 
106    | 2.6739     | 0.2624     | 1.2107       | 1.2008      | 0.0536     | 0.6054     | 0.6260     |             | 0.7729   | -0.043 
107    | 2.6744     | 0.2388     | 1.2222       | 1.2134      | 0.0489     | 0.5980     | 0.6298     |             | 0.7760   | -0.053 
108    | 2.6908     | 0.2704     | 1.2185       | 1.2019      | 0.0445     | 0.5498     | 0.6320     |             | 0.7073   | -0.145 
109    | 2.6393     | 0.2599     | 1.1941       | 1.1853      | 0.0428     | 0.5667     | 0.6100     |             | 0.7752   | -0.109 
110    | 2.6929     | 0.2693     | 1.2340       | 1.1896      | 0.0376     | 0.5995     | 0.6419     |             | 0.7245   | -0.039 
111    | 2.6656     | 0.2503     | 1.2285       | 1.1868      | 0.0332     | 0.5953     | 0.6341     |             | 0.8597   | -0.043 
112    | 2.6587     | 0.2455     | 1.1947       | 1.2185      | 0.0276     | 0.5889     | 0.6170     |             | 0.7771   | -0.050 
113    | 2.6501     | 0.2316     | 1.1756       | 1.2429      | 0.0328     | 0.5935     | 0.6103     |             | 0.8118   | -0.046 
114    | 2.6957     | 0.2580     | 1.1931       | 1.2446      | 0.0371     | 0.5850     | 0.6439     |             | 0.7336   | -0.067 
115    | 2.6670     | 0.2337     | 1.1791       | 1.2542      | 0.0386     | 0.5800     | 0.6522     |             | 0.7021   | -0.079 
116    | 2.6577     | 0.2326     | 1.1796       | 1.2455      | 0.0396     | 0.5698     | 0.6255     |             | 0.7316   | -0.100 
117    | 2.6644     | 0.2659     | 1.1665       | 1.2320      | 0.0322     | 0.5726     | 0.6385     |             | 0.6790   | -0.087 
118    | 2.6431     | 0.2405     | 1.1725       | 1.2302      | 0.0376     | 0.5683     | 0.6162     |             | 0.7354   | -0.101 
119    | 2.7292     | 0.2542     | 1.2196       | 1.2554      | 0.0462     | 0.5773     | 0.6558     |             | 0.7106   | -0.091 
120    | 2.7579     | 0.2487     | 1.2328       | 1.2764      | 0.0439     | 0.5885     | 0.6478     |             | 0.7286   | -0.067 
121    | 2.7663     | 0.2510     | 1.2490       | 1.2663      | 0.0395     | 0.5853     | 0.6297     |             | 0.7441   | -0.069 
122    | 2.7323     | 0.2348     | 1.2505       | 1.2470      | 0.0421     | 0.5697     | 0.6525     |             | 0.8072   | -0.103 
123    | 2.7020     | 0.2280     | 1.2268       | 1.2472      | 0.0354     | 0.5775     | 0.6533     |             | 0.7667   | -0.080 
124    | 2.6833     | 0.2222     | 1.2113       | 1.2497      | 0.0398     | 0.5581     | 0.6355     |             | 0.7369   | -0.124 
125    | 2.7096     | 0.2558     | 1.2159       | 1.2378      | 0.0415     | 0.5705     | 0.6259     |             | 0.7474   | -0.100 
126    | 2.6691     | 0.2383     | 1.2001       | 1.2308      | 0.0447     | 0.5930     | 0.6481     |             | 0.7964   | -0.059 
127    | 2.6775     | 0.2123     | 1.2277       | 1.2375      | 0.0508     | 0.6058     | 0.6431     |             | 0.7406   | -0.039 
128    | 2.6866     | 0.2270     | 1.2182       | 1.2414      | 0.0472     | 0.6302     | 0.6314     |             | 0.7684   | 0.013  
129    | 2.7308     | 0.2353     | 1.2334       | 1.2622      | 0.0405     | 0.5978     | 0.6308     |             | 0.7392   | -0.045 
130    | 2.7218     | 0.2477     | 1.2259       | 1.2483      | 0.0438     | 0.6159     | 0.6347     |             | 0.7386   | -0.012 
131    | 2.7578     | 0.2425     | 1.2665       | 1.2489      | 0.0639     | 0.6549     | 0.6543     |             | 0.7551   | 0.045  
132    | 2.7974     | 0.2636     | 1.2606       | 1.2733      | 0.0585     | 0.6255     | 0.6275     |             | 0.8700   | -0.008 
133    | 2.7317     | 0.2392     | 1.2444       | 1.2481      | 0.0531     | 0.5807     | 0.6370     |             | 0.7705   | -0.092 
134    | 2.7393     | 0.2337     | 1.2431       | 1.2624      | 0.0415     | 0.6020     | 0.6397     |             | 0.8022   | -0.037 
135    | 2.7404     | 0.2208     | 1.2526       | 1.2670      | 0.0520     | 0.5715     | 0.6279     |             | 0.7495   | -0.109 
136    | 2.7100     | 0.2354     | 1.2363       | 1.2382      | 0.0474     | 0.5841     | 0.6168     |             | 0.7902   | -0.079 
137    | 2.6535     | 0.2251     | 1.2368       | 1.1917      | 0.0429     | 0.5954     | 0.6214     |             | 0.8715   | -0.052 
138    | 2.6616     | 0.2228     | 1.2308       | 1.2080      | 0.0505     | 0.5892     | 0.6331     |             | 0.7553   | -0.072 
139    | 2.6919     | 0.2226     | 1.2576       | 1.2117      | 0.0401     | 0.6025     | 0.6131     |             | 0.7488   | -0.035 
140    | 2.7249     | 0.2259     | 1.2810       | 1.2180      | 0.0546     | 0.6011     | 0.6053     |             | 0.7703   | -0.052 
141    | 2.7159     | 0.2259     | 1.2667       | 1.2234      | 0.0484     | 0.5958     | 0.6327     |             | 0.8569   | -0.057 
142    | 2.6635     | 0.2176     | 1.2334       | 1.2125      | 0.0534     | 0.5909     | 0.6112     |             | 0.8008   | -0.072 
143    | 2.6757     | 0.2148     | 1.2445       | 1.2164      | 0.0531     | 0.5882     | 0.6191     |             | 0.8472   | -0.077 
144    | 2.6978     | 0.2371     | 1.2308       | 1.2300      | 0.0501     | 0.6037     | 0.6365     |             | 0.7924   | -0.043 
145    | 2.6414     | 0.2148     | 1.2172       | 1.2094      | 0.0414     | 0.6032     | 0.6377     |             | 0.7619   | -0.035 
146    | 2.6597     | 0.2078     | 1.2001       | 1.2518      | 0.0543     | 0.6083     | 0.6114     |             | 0.8268   | -0.038 
147    | 2.6363     | 0.2039     | 1.1812       | 1.2512      | 0.0468     | 0.6042     | 0.6321     |             | 0.8198   | -0.038 
148    | 2.5645     | 0.1946     | 1.1546       | 1.2153      | 0.0461     | 0.5837     | 0.6127     |             | 0.7458   | -0.079 
149    | 2.5825     | 0.1954     | 1.1679       | 1.2192      | 0.0429     | 0.5933     | 0.6134     |             | 0.7207   | -0.056 
150    | 2.6501     | 0.2128     | 1.1992       | 1.2381      | 0.0432     | 0.6126     | 0.6395     |             | 0.7294   | -0.018 
151    | 2.6392     | 0.1888     | 1.2248       | 1.2255      | 0.0426     | 0.6096     | 0.6213     |             | 0.6886   | -0.023 
152    | 2.6307     | 0.2063     | 1.2090       | 1.2154      | 0.0535     | 0.6210     | 0.6086     |             | 0.7646   | -0.036 
153    | 2.6446     | 0.2303     | 1.1967       | 1.2177      | 0.0522     | 0.6044     | 0.6138     |             | 0.7072   | -0.043 
154    | 2.5553     | 0.1761     | 1.1613       | 1.2180      | 0.0452     | 0.5629     | 0.6254     |             | 0.6542   | -0.120 
155    | 2.5649     | 0.1963     | 1.1606       | 1.2080      | 0.0401     | 0.5514     | 0.6256     |             | 0.6774   | -0.137 
156    | 2.5909     | 0.1996     | 1.1965       | 1.1948      | 0.0426     | 0.5822     | 0.6125     |             | 0.6627   | -0.078 
157    | 2.7068     | 0.2120     | 1.2506       | 1.2442      | 0.0449     | 0.5879     | 0.6401     |             | 0.7112   | -0.069 
158    | 2.7516     | 0.2166     | 1.2738       | 1.2612      | 0.0436     | 0.6031     | 0.6232     |             | 0.6886   | -0.037 
159    | 2.7734     | 0.2071     | 1.3007       | 1.2656      | 0.0446     | 0.5978     | 0.6495     |             | 0.6754   | -0.049 
160    | 2.7591     | 0.2190     | 1.2920       | 1.2482      | 0.0518     | 0.5927     | 0.6323     |             | 0.7527   | -0.066 
161    | 2.7643     | 0.2353     | 1.2749       | 1.2540      | 0.0493     | 0.5921     | 0.6297     |             | 0.6898   | -0.065 
162    | 2.7013     | 0.2003     | 1.2717       | 1.2294      | 0.0459     | 0.5638     | 0.6291     |             | 0.6734   | -0.118 
163    | 2.7200     | 0.2141     | 1.2569       | 1.2489      | 0.0547     | 0.5468     | 0.6362     |             | 0.7530   | -0.161 
164    | 2.7183     | 0.2041     | 1.2347       | 1.2795      | 0.0537     | 0.5689     | 0.6430     |             | 0.6874   | -0.116 
165    | 2.7177     | 0.1981     | 1.2379       | 1.2817      | 0.0566     | 0.5850     | 0.6494     |             | 0.6973   | -0.087 
166    | 2.7342     | 0.2137     | 1.2222       | 1.2983      | 0.0582     | 0.6110     | 0.6536     |             | 0.7178   | -0.036 
167    | 2.6575     | 0.2006     | 1.2053       | 1.2516      | 0.0499     | 0.6081     | 0.6385     |             | 0.7705   | -0.034 
168    | 2.6438     | 0.1956     | 1.2132       | 1.2350      | 0.0543     | 0.5983     | 0.6303     |             | 0.6734   | -0.058 
169    | 2.6366     | 0.2024     | 1.2124       | 1.2218      | 0.0502     | 0.6035     | 0.6434     |             | 0.6648   | -0.043 
170    | 2.6337     | 0.2131     | 1.2086       | 1.2120      | 0.0541     | 0.6035     | 0.6149     |             | 0.7202   | -0.047 
171    | 2.5930     | 0.1969     | 1.1891       | 1.2070      | 0.0518     | 0.5759     | 0.6052     |             | 0.6886   | -0.100 
172    | 2.6245     | 0.2029     | 1.2064       | 1.2152      | 0.0466     | 0.5941     | 0.5899     |             | 0.6728   | -0.067 
173    | 2.6662     | 0.2094     | 1.2246       | 1.2322      | 0.0485     | 0.6028     | 0.6186     |             | 0.7567   | -0.043 
174    | 2.6878     | 0.1939     | 1.2320       | 1.2619      | 0.0432     | 0.6043     | 0.6294     |             | 0.7374   | -0.035 
175    | 2.7292     | 0.2209     | 1.2433       | 1.2650      | 0.0509     | 0.6257     | 0.6321     |             | 0.7075   | 0.001  
176    | 2.7250     | 0.2093     | 1.2581       | 1.2577      | 0.0440     | 0.6498     | 0.6208     |             | 0.7054   | -0.002 
177    | 2.6444     | 0.1919     | 1.2326       | 1.2199      | 0.0460     | 0.6265     | 0.6147     |             | 0.6955   | -0.017 
178    | 2.6482     | 0.1976     | 1.2352       | 1.2153      | 0.0421     | 0.6342     | 0.6138     |             | 0.6824   | -0.015 
179    | 2.6482     | 0.1837     | 1.2219       | 1.2425      | 0.0423     | 0.6255     | 0.6763     |             | 0.6934   | 0.009  
180    | 2.6843     | 0.1678     | 1.2467       | 1.2699      | 0.0444     | 0.6082     | 0.6387     |             | 0.7273   | -0.028 
181    | 2.7162     | 0.1873     | 1.2660       | 1.2629      | 0.0394     | 0.6097     | 0.6612     |             | 0.6974   | -0.020 
182    | 2.7090     | 0.1914     | 1.2509       | 1.2668      | 0.0429     | 0.6142     | 0.6531     |             | 0.6724   | -0.015 
183    | 2.7434     | 0.1812     | 1.2869       | 1.2753      | 0.0395     | 0.6276     | 0.6569     |             | 0.6533   | 0.016  
184    | 2.7831     | 0.2060     | 1.2943       | 1.2828      | 0.0401     | 0.6291     | 0.6539     |             | 0.7261   | 0.018  
185    | 2.7639     | 0.2135     | 1.2815       | 1.2690      | 0.0439     | 0.6162     | 0.6506     |             | 0.7138   | -0.012 
186    | 2.7614     | 0.2005     | 1.2921       | 1.2688      | 0.0466     | 0.6251     | 0.6474     |             | 0.7128   | 0.004  
187    | 2.7514     | 0.1981     | 1.2824       | 1.2709      | 0.0433     | 0.6292     | 0.6374     |             | 0.6865   | 0.015  
188    | 2.7085     | 0.1852     | 1.2766       | 1.2467      | 0.0472     | 0.6076     | 0.6424     |             | 0.7526   | -0.032 
189    | 2.7360     | 0.1955     | 1.2717       | 1.2688      | 0.0445     | 0.6069     | 0.6122     |             | 0.7861   | -0.031 
190    | 2.7260     | 0.1852     | 1.2844       | 1.2564      | 0.0395     | 0.5853     | 0.6430     |             | 0.7544   | -0.069 
191    | 2.7266     | 0.2006     | 1.2640       | 1.2619      | 0.0333     | 0.5697     | 0.6429     |             | 0.8416   | -0.094 
192    | 2.7101     | 0.1922     | 1.2630       | 1.2549      | 0.0409     | 0.5758     | 0.6419     |             | 0.7651   | -0.089 
193    | 2.7280     | 0.1832     | 1.2756       | 1.2692      | 0.0368     | 0.5803     | 0.6409     |             | 0.7406   | -0.076 
194    | 2.7471     | 0.1850     | 1.2838       | 1.2783      | 0.0376     | 0.5925     | 0.6340     |             | 0.8217   | -0.053 
195    | 2.7651     | 0.2043     | 1.2809       | 1.2799      | 0.0310     | 0.5797     | 0.6381     |             | 0.7897   | -0.072 
196    | 2.7404     | 0.1893     | 1.2744       | 1.2767      | 0.0355     | 0.5922     | 0.6318     |             | 0.8393   | -0.051 
197    | 2.7554     | 0.1803     | 1.2973       | 1.2779      | 0.0379     | 0.5866     | 0.6630     |             | 0.7818   | -0.065 
198    | 2.7477     | 0.1994     | 1.2635       | 1.2848      | 0.0387     | 0.5880     | 0.6223     |             | 0.8353   | -0.063 
199    | 2.7316     | 0.1879     | 1.2713       | 1.2724      | 0.0333     | 0.6180     | 0.6206     |             | 0.8873   | 0.003  
200    | 2.7511     | 0.1910     | 1.2840       | 1.2761      | 0.0390     | 0.6138     | 0.6193     |             | 0.7919   | -0.012 
201    | 2.7237     | 0.1993     | 1.2770       | 1.2475      | 0.0372     | 0.6127     | 0.6428     |             | 0.8549   | -0.012 
202    | 2.7086     | 0.1769     | 1.2785       | 1.2532      | 0.0299     | 0.6295     | 0.6452     |             | 0.8348   | 0.029  
203    | 2.7182     | 0.1975     | 1.2633       | 1.2574      | 0.0355     | 0.6205     | 0.6362     |             | 0.8705   | 0.005  
204    | 2.7166     | 0.1859     | 1.2769       | 1.2537      | 0.0412     | 0.6488     | 0.6361     |             | 0.8765   | 0.031  
205    | 2.7265     | 0.1821     | 1.3085       | 1.2359      | 0.0432     | 0.6395     | 0.6284     |             | 0.8229   | 0.013  
206    | 2.7539     | 0.2061     | 1.3071       | 1.2407      | 0.0427     | 0.6143     | 0.6165     |             | 0.9016   | -0.014 
207    | 2.7298     | 0.2028     | 1.2993       | 1.2277      | 0.0461     | 0.5952     | 0.6201     |             | 0.7880   | -0.056 
208    | 2.7295     | 0.1859     | 1.2812       | 1.2624      | 0.0502     | 0.5884     | 0.6147     |             | 0.7229   | -0.073 
209    | 2.7223     | 0.1850     | 1.2665       | 1.2708      | 0.0464     | 0.5903     | 0.6455     |             | 0.7281   | -0.066 
210    | 2.7687     | 0.2012     | 1.2894       | 1.2781      | 0.0545     | 0.5849     | 0.6444     |             | 0.7569   | -0.085 
211    | 2.7123     | 0.1771     | 1.2655       | 1.2696      | 0.0537     | 0.5813     | 0.6509     |             | 0.7137   | -0.091 
212    | 2.7132     | 0.1785     | 1.2574       | 1.2773      | 0.0571     | 0.5950     | 0.6565     |             | 0.6987   | -0.067 
213    | 2.7170     | 0.1927     | 1.2497       | 1.2746      | 0.0546     | 0.5858     | 0.6239     |             | 0.7432   | -0.083 
214    | 2.6879     | 0.1839     | 1.2319       | 1.2721      | 0.0544     | 0.5782     | 0.6269     |             | 0.7338   | -0.098 
215    | 2.6923     | 0.1869     | 1.2430       | 1.2625      | 0.0478     | 0.5934     | 0.6189     |             | 0.7320   | -0.061 
216    | 2.7102     | 0.1856     | 1.2639       | 1.2606      | 0.0483     | 0.5838     | 0.6300     |             | 0.8095   | -0.081 
217    | 2.7289     | 0.2080     | 1.2473       | 1.2737      | 0.0549     | 0.5603     | 0.6142     |             | 0.8217   | -0.134 
218    | 2.6830     | 0.1801     | 1.2244       | 1.2785      | 0.0494     | 0.5767     | 0.6216     |             | 0.7734   | -0.096 
219    | 2.6891     | 0.1837     | 1.2314       | 1.2740      | 0.0539     | 0.5786     | 0.6029     |             | 0.7994   | -0.097 
220    | 2.6738     | 0.1762     | 1.2342       | 1.2634      | 0.0458     | 0.5767     | 0.6032     |             | 0.8542   | -0.092 
221    | 2.6547     | 0.1650     | 1.2191       | 1.2706      | 0.0417     | 0.5686     | 0.5986     |             | 0.8578   | -0.105 
222    | 2.6785     | 0.1828     | 1.2188       | 1.2769      | 0.0481     | 0.5778     | 0.6090     |             | 0.8252   | -0.093 
223    | 2.6653     | 0.1805     | 1.2186       | 1.2662      | 0.0540     | 0.5738     | 0.6140     |             | 0.7939   | -0.106 
224    | 2.6950     | 0.1913     | 1.2442       | 1.2594      | 0.0473     | 0.5790     | 0.6078     |             | 0.7397   | -0.089 
225    | 2.6713     | 0.1939     | 1.2406       | 1.2368      | 0.0489     | 0.5988     | 0.6201     |             | 0.7902   | -0.051 
226    | 2.6735     | 0.1881     | 1.2479       | 1.2375      | 0.0490     | 0.5983     | 0.6192     |             | 0.8121   | -0.052 
227    | 2.6808     | 0.2070     | 1.2508       | 1.2230      | 0.0591     | 0.5968     | 0.6364     |             | 0.8033   | -0.065 
228    | 2.7296     | 0.1954     | 1.2841       | 1.2501      | 0.0582     | 0.6207     | 0.6385     |             | 0.8009   | -0.017 
229    | 2.7558     | 0.1987     | 1.3188       | 1.2383      | 0.0515     | 0.6216     | 0.6438     |             | 0.8098   | -0.008 
230    | 2.7742     | 0.2001     | 1.3316       | 1.2425      | 0.0547     | 0.6750     | 0.6555     |             | 0.8284   | 0.056  
231    | 2.7976     | 0.2018     | 1.3351       | 1.2606      | 0.0524     | 0.6316     | 0.6658     |             | 0.7704   | 0.011  
232    | 2.8132     | 0.1950     | 1.3349       | 1.2834      | 0.0464     | 0.6709     | 0.6314     |             | 0.7856   | 0.016  
233    | 2.8277     | 0.1962     | 1.3380       | 1.2935      | 0.0498     | 0.6828     | 0.6145     |             | 0.7152   | -0.021 
234    | 2.8241     | 0.1888     | 1.3520       | 1.2833      | 0.0515     | 0.6644     | 0.5895     |             | 0.8290   | -0.073 
235    | 2.8205     | 0.2047     | 1.3329       | 1.2829      | 0.0520     | 0.6655     | 0.5980     |             | 0.7209   | -0.056 
236    | 2.7702     | 0.1847     | 1.3209       | 1.2646      | 0.0475     | 0.6713     | 0.6048     |             | 0.7438   | -0.038 
237    | 2.7660     | 0.1863     | 1.2984       | 1.2813      | 0.0508     | 0.6498     | 0.6350     |             | 0.7897   | 0.019  
238    | 2.7344     | 0.1739     | 1.2689       | 1.2917      | 0.0443     | 0.6427     | 0.6681     |             | 0.7877   | 0.041  
239    | 2.8025     | 0.1966     | 1.2844       | 1.3215      | 0.0453     | 0.6168     | 0.6872     |             | 0.8696   | -0.012 
240    | 2.7543     | 0.1625     | 1.2737       | 1.3181      | 0.0495     | 0.6065     | 0.6633     |             | 0.9143   | -0.036 
241    | 2.8060     | 0.1915     | 1.2725       | 1.3419      | 0.0478     | 0.6075     | 0.6593     |             | 0.8985   | -0.033 
242    | 2.7609     | 0.1810     | 1.2537       | 1.3261      | 0.0513     | 0.5976     | 0.6436     |             | 0.8282   | -0.056 
243    | 2.7598     | 0.1920     | 1.2625       | 1.3053      | 0.0553     | 0.6176     | 0.6511     |             | 0.8168   | -0.020 
244    | 2.7615     | 0.1824     | 1.2609       | 1.3183      | 0.0562     | 0.6186     | 0.6539     |             | 0.8664   | -0.019 
245    | 2.7160     | 0.1802     | 1.2430       | 1.2928      | 0.0539     | 0.6312     | 0.6407     |             | 0.9161   | 0.009  
246    | 2.6957     | 0.1817     | 1.2439       | 1.2701      | 0.0501     | 0.6370     | 0.6302     |             | 0.8891   | 0.010  
247    | 2.7535     | 0.1734     | 1.2973       | 1.2827      | 0.0483     | 0.6355     | 0.6589     |             | 0.9534   | 0.023  
248    | 2.8109     | 0.1895     | 1.3380       | 1.2835      | 0.0478     | 0.6491     | 0.6459     |             | 0.8715   | 0.044  
249    | 2.7751     | 0.1756     | 1.3271       | 1.2724      | 0.0360     | 0.6384     | 0.6199     |             | 0.8764   | 0.004  
250    | 2.7842     | 0.1796     | 1.3246       | 1.2800      | 0.0409     | 0.6462     | 0.6142     |             | 0.7832   | -0.013 
251    | 2.7495     | 0.1585     | 1.3279       | 1.2631      | 0.0457     | 0.6557     | 0.6189     |             | 0.7738   | -0.008 
252    | 2.7597     | 0.1772     | 1.3128       | 1.2696      | 0.0436     | 0.6457     | 0.6088     |             | 0.7672   | -0.026 
253    | 2.7571     | 0.1681     | 1.3287       | 1.2603      | 0.0407     | 0.6610     | 0.5972     |             | 0.7419   | -0.046 
254    | 2.7593     | 0.1827     | 1.3463       | 1.2304      | 0.0435     | 0.6744     | 0.5932     |             | 0.7501   | -0.057 
255    | 2.7480     | 0.1772     | 1.3413       | 1.2295      | 0.0450     | 0.6614     | 0.6073     |             | 0.7734   | -0.030 
256    | 2.7365     | 0.1688     | 1.3442       | 1.2234      | 0.0417     | 0.6531     | 0.6111     |             | 0.7970   | -0.020 
257    | 2.7374     | 0.1756     | 1.3342       | 1.2277      | 0.0427     | 0.6588     | 0.6152     |             | 0.8604   | -0.012 
258    | 2.7387     | 0.1641     | 1.3332       | 1.2414      | 0.0393     | 0.6629     | 0.6170     |             | 0.7902   | -0.005 
259    | 2.7179     | 0.1713     | 1.3137       | 1.2328      | 0.0482     | 0.6687     | 0.6094     |             | 0.7637   | -0.029 
260    | 2.7340     | 0.1754     | 1.3156       | 1.2430      | 0.0439     | 0.6425     | 0.6054     |             | 0.7374   | -0.033 
261    | 2.7283     | 0.1715     | 1.3158       | 1.2409      | 0.0462     | 0.6271     | 0.6099     |             | 0.7365   | -0.026 
262    | 2.7362     | 0.1691     | 1.3012       | 1.2659      | 0.0527     | 0.6198     | 0.6152     |             | 0.7326   | -0.022 
263    | 2.7107     | 0.1584     | 1.2892       | 1.2631      | 0.0569     | 0.6029     | 0.6043     |             | 0.7540   | -0.051 
264    | 2.7362     | 0.1687     | 1.3009       | 1.2665      | 0.0592     | 0.6180     | 0.6097     |             | 0.7426   | -0.040 
265    | 2.7062     | 0.1637     | 1.2902       | 1.2523      | 0.0531     | 0.6440     | 0.5954     |             | 0.7214   | -0.062 
266    | 2.7037     | 0.1605     | 1.2998       | 1.2434      | 0.0519     | 0.6308     | 0.5969     |             | 0.7428   | -0.058 
267    | 2.7151     | 0.1596     | 1.3167       | 1.2388      | 0.0537     | 0.6365     | 0.6098     |             | 0.6834   | -0.034 
268    | 2.7703     | 0.1934     | 1.3291       | 1.2477      | 0.0523     | 0.6284     | 0.5970     |             | 0.7123   | -0.058 
269    | 2.7423     | 0.1687     | 1.3177       | 1.2559      | 0.0577     | 0.6461     | 0.6242     |             | 0.6899   | -0.009 
270    | 2.7464     | 0.1688     | 1.3170       | 1.2606      | 0.0542     | 0.6612     | 0.6429     |             | 0.6860   | 0.032  
271    | 2.7392     | 0.1715     | 1.3303       | 1.2374      | 0.0573     | 0.6647     | 0.6183     |             | 0.6886   | -0.021 
272    | 2.7609     | 0.1727     | 1.3406       | 1.2475      | 0.0602     | 0.6429     | 0.6218     |             | 0.7809   | -0.017 
273    | 2.7493     | 0.1882     | 1.3174       | 1.2438      | 0.0532     | 0.6280     | 0.6241     |             | 0.6945   | -0.005 
274    | 2.7215     | 0.1638     | 1.2821       | 1.2756      | 0.0531     | 0.6267     | 0.6404     |             | 0.8107   | 0.000  
275    | 2.7451     | 0.1673     | 1.2884       | 1.2894      | 0.0455     | 0.6103     | 0.6629     |             | 0.7954   | -0.025 
276    | 2.7780     | 0.1898     | 1.2945       | 1.2938      | 0.0468     | 0.6201     | 0.6464     |             | 0.7926   | -0.007 
277    | 2.7961     | 0.1907     | 1.2758       | 1.3297      | 0.0539     | 0.6143     | 0.6606     |             | 0.7530   | -0.025 
278    | 2.7917     | 0.1724     | 1.2952       | 1.3242      | 0.0509     | 0.6414     | 0.6630     |             | 0.7581   | 0.032  
279    | 2.8400     | 0.1847     | 1.3299       | 1.3253      | 0.0483     | 0.6443     | 0.6565     |             | 0.7720   | 0.040  
280    | 2.8247     | 0.1915     | 1.3200       | 1.3132      | 0.0448     | 0.6376     | 0.6294     |             | 0.7942   | 0.014  
281    | 2.7316     | 0.1659     | 1.2932       | 1.2725      | 0.0508     | 0.6176     | 0.6239     |             | 0.7999   | -0.015 
282    | 2.7420     | 0.1570     | 1.2892       | 1.2957      | 0.0479     | 0.6181     | 0.6255     |             | 0.8161   | -0.012 
283    | 2.7869     | 0.1828     | 1.2981       | 1.3060      | 0.0484     | 0.6223     | 0.6211     |             | 0.7450   | -0.006 
284    | 2.7784     | 0.1749     | 1.2865       | 1.3171      | 0.0516     | 0.6031     | 0.6167     |             | 0.7466   | -0.045 
285    | 2.7567     | 0.1812     | 1.2619       | 1.3136      | 0.0485     | 0.6013     | 0.6215     |             | 0.7403   | -0.046 
286    | 2.6933     | 0.1547     | 1.2486       | 1.2900      | 0.0486     | 0.6027     | 0.6141     |             | 0.7988   | -0.043 
287    | 2.7273     | 0.1814     | 1.2431       | 1.3028      | 0.0461     | 0.5906     | 0.6456     |             | 0.8067   | -0.065 
288    | 2.7347     | 0.1658     | 1.2615       | 1.3075      | 0.0644     | 0.6119     | 0.6224     |             | 0.8193   | -0.040 
289    | 2.7044     | 0.1430     | 1.2660       | 1.2954      | 0.0489     | 0.6069     | 0.6304     |             | 0.8337   | -0.035 
290    | 2.7608     | 0.1478     | 1.3063       | 1.3067      | 0.0399     | 0.5913     | 0.6428     |             | 0.8901   | -0.057 
291    | 2.7841     | 0.1654     | 1.2971       | 1.3217      | 0.0398     | 0.5835     | 0.6293     |             | 0.8487   | -0.073 
292    | 2.7318     | 0.1642     | 1.2746       | 1.2930      | 0.0357     | 0.5883     | 0.6298     |             | 0.7681   | -0.059 
293    | 2.6739     | 0.1448     | 1.2646       | 1.2645      | 0.0391     | 0.5927     | 0.6089     |             | 0.7903   | -0.054 
294    | 2.6921     | 0.1716     | 1.2508       | 1.2697      | 0.0430     | 0.5943     | 0.6053     |             | 0.7756   | -0.054 
295    | 2.6829     | 0.1651     | 1.2519       | 1.2660      | 0.0472     | 0.5879     | 0.6131     |             | 0.7279   | -0.071 
296    | 2.6528     | 0.1579     | 1.2412       | 1.2537      | 0.0420     | 0.6052     | 0.6147     |             | 0.7547   | -0.032 
297    | 2.6643     | 0.1410     | 1.2518       | 1.2716      | 0.0433     | 0.6114     | 0.6179     |             | 0.7389   | -0.021 
298    | 2.6721     | 0.1423     | 1.2640       | 1.2658      | 0.0474     | 0.6261     | 0.6154     |             | 0.6809   | -0.017 
299    | 2.6976     | 0.1514     | 1.2764       | 1.2698      | 0.0406     | 0.6191     | 0.6257     |             | 0.6819   | -0.002 
300    | 2.6832     | 0.1475     | 1.2636       | 1.2721      | 0.0433     | 0.6304     | 0.6158     |             | 0.6592   | -0.012 
301    | 2.6770     | 0.1413     | 1.2718       | 1.2638      | 0.0453     | 0.6364     | 0.6123     |             | 0.7003   | -0.021 
302    | 2.7108     | 0.1597     | 1.2943       | 1.2567      | 0.0425     | 0.6311     | 0.6215     |             | 0.7170   | 0.001  
303    | 2.6889     | 0.1387     | 1.2882       | 1.2620      | 0.0396     | 0.6256     | 0.6266     |             | 0.7044   | 0.012  
304    | 2.7309     | 0.1578     | 1.2865       | 1.2866      | 0.0405     | 0.6228     | 0.6359     |             | 0.7564   | 0.005  
305    | 2.7482     | 0.1675     | 1.2762       | 1.3044      | 0.0456     | 0.6109     | 0.6441     |             | 0.8172   | -0.024 
306    | 2.7229     | 0.1520     | 1.2668       | 1.3041      | 0.0418     | 0.6176     | 0.6372     |             | 0.8169   | -0.007 
307    | 2.7406     | 0.1421     | 1.2650       | 1.3335      | 0.0408     | 0.6186     | 0.6644     |             | 0.8197   | -0.004 
308    | 2.7668     | 0.1677     | 1.2566       | 1.3426      | 0.0374     | 0.6259     | 0.6472     |             | 0.8251   | 0.014  
309    | 2.7670     | 0.1509     | 1.2673       | 1.3487      | 0.0418     | 0.6262     | 0.6561     |             | 0.7970   | 0.011  
310    | 2.7729     | 0.1632     | 1.2566       | 1.3532      | 0.0453     | 0.6010     | 0.6533     |             | 0.7619   | -0.043 
311    | 2.7479     | 0.1541     | 1.2646       | 1.3292      | 0.0400     | 0.6173     | 0.6273     |             | 0.7717   | -0.005 
312    | 2.7219     | 0.1524     | 1.2610       | 1.3086      | 0.0456     | 0.6002     | 0.6273     |             | 0.8364   | -0.045 
313    | 2.7587     | 0.1584     | 1.2685       | 1.3317      | 0.0427     | 0.6140     | 0.6299     |             | 0.8265   | -0.015 
314    | 2.7401     | 0.1402     | 1.2690       | 1.3309      | 0.0448     | 0.6064     | 0.6326     |             | 0.8314   | -0.032 
315    | 2.7384     | 0.1534     | 1.2697       | 1.3153      | 0.0405     | 0.6110     | 0.6207     |             | 0.8251   | -0.018 
316    | 2.7268     | 0.1344     | 1.2743       | 1.3181      | 0.0381     | 0.6104     | 0.6214     |             | 0.7593   | -0.017 
317    | 2.7598     | 0.1595     | 1.2716       | 1.3287      | 0.0338     | 0.6034     | 0.6201     |             | 0.7320   | -0.027 
318    | 2.7471     | 0.1629     | 1.2730       | 1.3112      | 0.0381     | 0.6041     | 0.6131     |             | 0.7668   | -0.030 
319    | 2.7652     | 0.1581     | 1.2791       | 1.3279      | 0.0445     | 0.6023     | 0.6398     |             | 0.6888   | -0.040 
320    | 2.7826     | 0.1692     | 1.2860       | 1.3274      | 0.0463     | 0.5870     | 0.6336     |             | 0.7142   | -0.072 
321    | 2.7317     | 0.1587     | 1.2678       | 1.3052      | 0.0362     | 0.5961     | 0.6369     |             | 0.6784   | -0.044 
322    | 2.7356     | 0.1642     | 1.2675       | 1.3039      | 0.0469     | 0.5863     | 0.6288     |             | 0.6972   | -0.074 
323    | 2.7349     | 0.1682     | 1.2661       | 1.3005      | 0.0400     | 0.5925     | 0.6507     |             | 0.7647   | -0.055 
324    | 2.7201     | 0.1610     | 1.2620       | 1.2970      | 0.0391     | 0.5880     | 0.6300     |             | 0.7611   | -0.063 
325    | 2.6924     | 0.1330     | 1.2775       | 1.2820      | 0.0384     | 0.6026     | 0.6313     |             | 0.7977   | -0.033 
326    | 2.7044     | 0.1460     | 1.2794       | 1.2790      | 0.0424     | 0.5928     | 0.6276     |             | 0.7487   | -0.057 
327    | 2.7122     | 0.1482     | 1.2740       | 1.2900      | 0.0420     | 0.6167     | 0.6361     |             | 0.7048   | -0.009 
328    | 2.7231     | 0.1531     | 1.2937       | 1.2764      | 0.0423     | 0.6163     | 0.6294     |             | 0.7685   | -0.010 
329    | 2.7492     | 0.1606     | 1.3038       | 1.2848      | 0.0550     | 0.6436     | 0.6269     |             | 0.7128   | -0.001 
330    | 2.7325     | 0.1518     | 1.2982       | 1.2825      | 0.0475     | 0.6349     | 0.6228     |             | 0.6633   | -0.002 
331    | 2.7648     | 0.1684     | 1.3031       | 1.2933      | 0.0509     | 0.6226     | 0.6477     |             | 0.6657   | -0.006 
332    | 2.7133     | 0.1705     | 1.2772       | 1.2655      | 0.0511     | 0.6214     | 0.6420     |             | 0.7034   | -0.008 
333    | 2.7047     | 0.1540     | 1.2674       | 1.2833      | 0.0548     | 0.6340     | 0.6529     |             | 0.7121   | 0.013  
334    | 2.7238     | 0.1435     | 1.2955       | 1.2849      | 0.0522     | 0.6392     | 0.6635     |             | 0.7240   | 0.026  
335    | 2.7545     | 0.1557     | 1.3052       | 1.2936      | 0.0461     | 0.6387     | 0.6626     |             | 0.7014   | 0.031  
336    | 2.7466     | 0.1458     | 1.3087       | 1.2921      | 0.0527     | 0.6301     | 0.6529     |             | 0.6642   | 0.008  
337    | 2.8061     | 0.1686     | 1.3213       | 1.3162      | 0.0508     | 0.6260     | 0.6514     |             | 0.7182   | 0.001  
338    | 2.7856     | 0.1546     | 1.3062       | 1.3248      | 0.0575     | 0.6267     | 0.6551     |             | 0.7693   | -0.004 
339    | 2.7680     | 0.1609     | 1.2944       | 1.3128      | 0.0477     | 0.6237     | 0.6565     |             | 0.7299   | -0.000 
340    | 2.7645     | 0.1534     | 1.3037       | 1.3074      | 0.0896     | 0.6379     | 0.6634     |             | 0.7436   | -0.014 
341    | 2.7990     | 0.1583     | 1.3327       | 1.3080      | 0.0647     | 0.6426     | 0.6629     |             | 0.8235   | 0.021  
342    | 2.7749     | 0.1483     | 1.3183       | 1.3083      | 0.0619     | 0.6241     | 0.6560     |             | 0.7668   | -0.014 
343    | 2.7783     | 0.1468     | 1.3229       | 1.3087      | 0.0573     | 0.6325     | 0.6750     |             | 0.7611   | 0.008  
344    | 2.7931     | 0.1416     | 1.3180       | 1.3336      | 0.0541     | 0.6096     | 0.6840     |             | 0.7383   | -0.035 
345    | 2.8196     | 0.1688     | 1.3070       | 1.3438      | 0.0578     | 0.6033     | 0.6704     |             | 0.7163   | -0.051 
346    | 2.7840     | 0.1794     | 1.2780       | 1.3266      | 0.0502     | 0.6011     | 0.6724     |             | 0.6898   | -0.048 
347    | 2.7348     | 0.1505     | 1.2746       | 1.3097      | 0.0571     | 0.6144     | 0.6616     |             | 0.6909   | -0.028 
348    | 2.7575     | 0.1710     | 1.2815       | 1.3050      | 0.0485     | 0.6212     | 0.6598     |             | 0.6602   | -0.006 
349    | 2.7630     | 0.1657     | 1.2911       | 1.3062      | 0.0464     | 0.6059     | 0.6752     |             | 0.6889   | -0.034 
350    | 2.7249     | 0.1594     | 1.2775       | 1.2880      | 0.0456     | 0.6142     | 0.6236     |             | 0.7190   | -0.017 
351    | 2.6894     | 0.1328     | 1.2894       | 1.2672      | 0.0533     | 0.6105     | 0.6443     |             | 0.6317   | -0.032 
352    | 2.7300     | 0.1740     | 1.2907       | 1.2653      | 0.0518     | 0.5854     | 0.6448     |             | 0.5888   | -0.081 
353    | 2.7061     | 0.1702     | 1.2686       | 1.2672      | 0.0511     | 0.5971     | 0.6423     |             | 0.6176   | -0.057 
354    | 2.6821     | 0.1666     | 1.2505       | 1.2650      | 0.0540     | 0.5891     | 0.6643     |             | 0.6312   | -0.076 
355    | 2.6568     | 0.1433     | 1.2545       | 1.2589      | 0.0506     | 0.5979     | 0.6532     |             | 0.6489   | -0.055 
356    | 2.6915     | 0.1678     | 1.2542       | 1.2695      | 0.0529     | 0.6044     | 0.6457     |             | 0.7412   | -0.044 
357    | 2.6890     | 0.1509     | 1.2717       | 1.2664      | 0.0521     | 0.6109     | 0.6584     |             | 0.7187   | -0.030 
358    | 2.6804     | 0.1429     | 1.2631       | 1.2743      | 0.0507     | 0.6173     | 0.6661     |             | 0.7455   | -0.016 
359    | 2.7367     | 0.1733     | 1.2710       | 1.2925      | 0.0398     | 0.6219     | 0.6493     |             | 0.7801   | 0.004  
360    | 2.7135     | 0.1533     | 1.2828       | 1.2774      | 0.0450     | 0.6423     | 0.6522     |             | 0.7643   | 0.040  
361    | 2.7711     | 0.1785     | 1.2965       | 1.2961      | 0.0351     | 0.6281     | 0.6407     |             | 0.8533   | 0.021  
362    | 2.7814     | 0.1632     | 1.3018       | 1.3164      | 0.0367     | 0.6296     | 0.6486     |             | 0.8209   | 0.022  
363    | 2.7981     | 0.1693     | 1.3149       | 1.3139      | 0.0427     | 0.6293     | 0.6378     |             | 0.9516   | 0.016  
364    | 2.7636     | 0.1576     | 1.3041       | 1.3018      | 0.0488     | 0.6334     | 0.6481     |             | 0.9823   | 0.018  
365    | 2.7819     | 0.1456     | 1.3286       | 1.3077      | 0.0460     | 0.6368     | 0.6667     |             | 0.9509   | 0.028  
366    | 2.7817     | 0.1586     | 1.3149       | 1.3082      | 0.0416     | 0.6420     | 0.6462     |             | 0.9322   | 0.043  
367    | 2.7603     | 0.1753     | 1.2940       | 1.2910      | 0.0427     | 0.6283     | 0.6396     |             | 0.8622   | 0.014  
368    | 2.7211     | 0.1410     | 1.2918       | 1.2884      | 0.0475     | 0.6423     | 0.6597     |             | 0.7358   | 0.037  
369    | 2.7844     | 0.1746     | 1.3018       | 1.3079      | 0.0427     | 0.6336     | 0.6806     |             | 0.6981   | 0.025  
370    | 2.7597     | 0.1556     | 1.2899       | 1.3142      | 0.0400     | 0.6132     | 0.7029     |             | 0.7187   | -0.014 
371    | 2.8170     | 0.1635     | 1.3066       | 1.3470      | 0.0414     | 0.6075     | 0.6992     |             | 0.7868   | -0.026 
372    | 2.8208     | 0.1506     | 1.3181       | 1.3521      | 0.0443     | 0.6044     | 0.7034     |             | 0.6815   | -0.036 
373    | 2.8560     | 0.1636     | 1.3097       | 1.3827      | 0.0372     | 0.6099     | 0.6676     |             | 0.8085   | -0.017 
374    | 2.8505     | 0.1586     | 1.3408       | 1.3510      | 0.0458     | 0.6133     | 0.6571     |             | 0.7374   | -0.019 
375    | 2.8185     | 0.1738     | 1.3289       | 1.3158      | 0.0467     | 0.6181     | 0.6464     |             | 0.8622   | -0.010 
376    | 2.7883     | 0.1524     | 1.3275       | 1.3084      | 0.0438     | 0.6308     | 0.6341     |             | 0.7517   | 0.018  
377    | 2.7659     | 0.1605     | 1.3079       | 1.2974      | 0.0466     | 0.6304     | 0.6335     |             | 0.6591   | 0.014  
378    | 2.7580     | 0.1492     | 1.3050       | 1.3038      | 0.0480     | 0.6274     | 0.6350     |             | 0.7098   | 0.007  
379    | 2.7387     | 0.1418     | 1.2828       | 1.3142      | 0.0551     | 0.6214     | 0.6301     |             | 0.6432   | -0.012 
380    | 2.7395     | 0.1455     | 1.2771       | 1.3169      | 0.0552     | 0.6173     | 0.6484     |             | 0.7003   | -0.021 
381    | 2.7396     | 0.1424     | 1.2702       | 1.3270      | 0.0569     | 0.6163     | 0.6664     |             | 0.7132   | -0.024 
382    | 2.7592     | 0.1545     | 1.2753       | 1.3294      | 0.0642     | 0.5952     | 0.6634     |             | 0.7286   | -0.074 
383    | 2.7170     | 0.1382     | 1.2552       | 1.3235      | 0.0618     | 0.6106     | 0.6567     |             | 0.7478   | -0.041 
384    | 2.7147     | 0.1485     | 1.2567       | 1.3095      | 0.0709     | 0.5987     | 0.6531     |             | 0.7109   | -0.074 
385    | 2.7445     | 0.1485     | 1.2765       | 1.3196      | 0.0559     | 0.5951     | 0.6513     |             | 0.7333   | -0.066 
386    | 2.7347     | 0.1461     | 1.2819       | 1.3067      | 0.0606     | 0.6126     | 0.6541     |             | 0.7225   | -0.036 
387    | 2.7192     | 0.1447     | 1.2926       | 1.2819      | 0.0643     | 0.6052     | 0.6620     |             | 0.6983   | -0.054 
388    | 2.7011     | 0.1332     | 1.3050       | 1.2629      | 0.0602     | 0.6365     | 0.6415     |             | 0.7645   | 0.013  
389    | 2.7183     | 0.1517     | 1.3026       | 1.2641      | 0.0521     | 0.6274     | 0.6499     |             | 0.6855   | 0.003  
390    | 2.7020     | 0.1475     | 1.2914       | 1.2631      | 0.0562     | 0.6166     | 0.6396     |             | 0.6859   | -0.023 
391    | 2.7156     | 0.1404     | 1.2947       | 1.2805      | 0.0501     | 0.6222     | 0.6459     |             | 0.6301   | -0.006 
392    | 2.7336     | 0.1579     | 1.2922       | 1.2835      | 0.0526     | 0.6162     | 0.6313     |             | 0.6745   | -0.020 
393    | 2.7103     | 0.1376     | 1.2890       | 1.2836      | 0.0647     | 0.6153     | 0.6366     |             | 0.7101   | -0.034 
394    | 2.7492     | 0.1459     | 1.2899       | 1.3133      | 0.0651     | 0.6140     | 0.6609     |             | 0.6536   | -0.037 
395    | 2.7612     | 0.1608     | 1.3020       | 1.2984      | 0.0552     | 0.6129     | 0.6442     |             | 0.6870   | -0.029 
396    | 2.7219     | 0.1570     | 1.2859       | 1.2790      | 0.0496     | 0.6149     | 0.6257     |             | 0.7379   | -0.020 
397    | 2.7438     | 0.1623     | 1.3092       | 1.2723      | 0.0461     | 0.5997     | 0.6271     |             | 0.7169   | -0.047 
398    | 2.7182     | 0.1499     | 1.3123       | 1.2560      | 0.0515     | 0.6075     | 0.6319     |             | 0.6886   | -0.036 
399    | 2.7227     | 0.1360     | 1.3169       | 1.2698      | 0.0506     | 0.5966     | 0.6357     |             | 0.7413   | -0.057 
400    | 2.7244     | 0.1339     | 1.3000       | 1.2905      | 0.0523     | 0.5901     | 0.6432     |             | 0.6549   | -0.072 
Seed 42 | Src MDE: 0.0270 | Tgt MDE: 0.8284
Start Training Seed 6767...

Start Training... (Validate on Source Val & Target Val)
Epoch  | Total Loss | Train Cls  | Train D_RSSI | Train D_RTT | Val Cls    | Val D_RSSI | Val D_RTT  | Save        | Test MDE | Score  
---------------------------------------------------------------------------------------------------------------------------------------
1      | 6.2395     | 3.4476     | 1.4027       | 1.3892      | 2.8604     | 0.7043     | 0.6896     |             | 1.6646   | -2.681 
2      | 5.4931     | 2.7724     | 1.3730       | 1.3478      | 2.3240     | 0.6948     | 0.6912     |             | 1.2091   | -2.142 
3      | 5.0291     | 2.3393     | 1.3590       | 1.3308      | 1.9224     | 0.6869     | 0.6889     |             | 0.9628   | -1.749 
4      | 4.6726     | 2.0158     | 1.3464       | 1.3104      | 1.5515     | 0.6782     | 0.6839     |             | 0.8739   | -1.395 
5      | 4.3566     | 1.7441     | 1.3321       | 1.2804      | 1.2848     | 0.6742     | 0.6798     |             | 0.8316   | -1.136 
6      | 4.0730     | 1.4984     | 1.3203       | 1.2543      | 1.0308     | 0.6677     | 0.6770     |             | 0.8092   | -0.895 
7      | 3.8661     | 1.3492     | 1.2998       | 1.2171      | 0.8421     | 0.6609     | 0.6846     |             | 0.9383   | -0.720 
8      | 3.6587     | 1.1887     | 1.2831       | 1.1869      | 0.7041     | 0.6579     | 0.6734     |             | 0.9574   | -0.588 
9      | 3.4760     | 1.0863     | 1.2539       | 1.1357      | 0.5617     | 0.6435     | 0.6681     |             | 0.8908   | -0.475 
10     | 3.2919     | 0.9636     | 1.2273       | 1.1010      | 0.5046     | 0.6322     | 0.6583     |             | 1.0011   | -0.440 
11     | 3.1713     | 0.9052     | 1.2045       | 1.0617      | 0.4184     | 0.6241     | 0.6589     |             | 0.7904   | -0.370 
12     | 3.0417     | 0.8347     | 1.1752       | 1.0319      | 0.3685     | 0.6159     | 0.6472     |             | 0.8983   | -0.337 
13     | 2.9146     | 0.7717     | 1.1462       | 0.9967      | 0.3268     | 0.6055     | 0.6497     |             | 0.9191   | -0.316 
14     | 2.8084     | 0.7453     | 1.1181       | 0.9450      | 0.2829     | 0.5997     | 0.6357     |             | 0.8556   | -0.284 
15     | 2.6787     | 0.6614     | 1.0896       | 0.9277      | 0.2451     | 0.5897     | 0.6269     |             | 0.8710   | -0.266 
16     | 2.5407     | 0.6070     | 1.0499       | 0.8837      | 0.2296     | 0.5805     | 0.6095     |             | 0.8611   | -0.269 
17     | 2.4980     | 0.6015     | 1.0327       | 0.8638      | 0.2224     | 0.5692     | 0.6324     |             | 0.9452   | -0.284 
18     | 2.4440     | 0.5727     | 1.0089       | 0.8625      | 0.2094     | 0.5641     | 0.6290     |             | 0.9195   | -0.281 
19     | 2.3326     | 0.5363     | 0.9702       | 0.8261      | 0.1922     | 0.5605     | 0.6000     |             | 0.8820   | -0.271 
20     | 2.2920     | 0.5250     | 0.9498       | 0.8173      | 0.1834     | 0.5631     | 0.6465     |             | 0.9360   | -0.257 
21     | 2.2156     | 0.4943     | 0.9342       | 0.7870      | 0.1627     | 0.5346     | 0.5838     |             | 0.8331   | -0.293 
22     | 2.2091     | 0.4811     | 0.9206       | 0.8074      | 0.1554     | 0.5465     | 0.5786     |             | 0.8682   | -0.263 
23     | 2.1369     | 0.4523     | 0.9028       | 0.7818      | 0.1410     | 0.5324     | 0.6125     |             | 0.8589   | -0.276 
24     | 2.1041     | 0.4438     | 0.8987       | 0.7616      | 0.1446     | 0.5553     | 0.6017     |             | 0.7444   | -0.234 
25     | 2.1292     | 0.4458     | 0.8954       | 0.7880      | 0.1321     | 0.5364     | 0.6557     |             | 0.8769   | -0.259 
26     | 2.0938     | 0.4272     | 0.8783       | 0.7883      | 0.1346     | 0.5330     | 0.6030     |             | 0.8446   | -0.269 
27     | 2.1907     | 0.4440     | 0.8961       | 0.8506      | 0.1271     | 0.5412     | 0.5921     |             | 0.8553   | -0.245 
28     | 2.1336     | 0.4157     | 0.8814       | 0.8365      | 0.1243     | 0.5708     | 0.5951     |             | 0.7648   | -0.183 
29     | 2.1502     | 0.4015     | 0.8755       | 0.8732      | 0.1191     | 0.5468     | 0.5823     |             | 0.7764   | -0.226 
30     | 2.2107     | 0.3788     | 0.8830       | 0.9489      | 0.1256     | 0.5188     | 0.5715     |             | 0.7356   | -0.288 
31     | 2.2387     | 0.3837     | 0.9128       | 0.9421      | 0.1226     | 0.5362     | 0.5788     |             | 0.7913   | -0.250 
32     | 2.3536     | 0.4252     | 0.9322       | 0.9962      | 0.1091     | 0.5195     | 0.5960     |             | 0.8314   | -0.270 
33     | 2.2842     | 0.3689     | 0.9440       | 0.9714      | 0.1079     | 0.5560     | 0.5814     |             | 0.8029   | -0.196 
34     | 2.2789     | 0.3905     | 0.9194       | 0.9690      | 0.0982     | 0.5324     | 0.5420     |             | 0.7927   | -0.233 
35     | 2.3190     | 0.4035     | 0.9737       | 0.9418      | 0.1029     | 0.5617     | 0.5396     |             | 0.7811   | -0.224 
36     | 2.2955     | 0.3628     | 0.9650       | 0.9677      | 0.1092     | 0.5418     | 0.5846     |             | 0.7130   | -0.226 
37     | 2.2997     | 0.3851     | 0.9689       | 0.9456      | 0.1076     | 0.5301     | 0.5821     |             | 0.7139   | -0.247 
38     | 2.3112     | 0.3720     | 0.9728       | 0.9664      | 0.1089     | 0.5086     | 0.5768     |             | 0.7761   | -0.292 
39     | 2.3322     | 0.3750     | 0.9831       | 0.9741      | 0.0976     | 0.5239     | 0.6450     |             | 0.7307   | -0.250 
40     | 2.2761     | 0.3520     | 0.9616       | 0.9625      | 0.1061     | 0.5160     | 0.5946     |             | 0.7719   | -0.274 
41     | 2.3226     | 0.3564     | 0.9801       | 0.9861      | 0.1017     | 0.5421     | 0.5959     |             | 0.7305   | -0.218 
42     | 2.3669     | 0.3545     | 0.9983       | 1.0142      | 0.0959     | 0.5487     | 0.5908     |             | 0.7633   | -0.199 
43     | 2.3782     | 0.3524     | 1.0076       | 1.0183      | 0.0830     | 0.5462     | 0.5650     |             | 0.8070   | -0.191 
44     | 2.3929     | 0.3395     | 1.0455       | 1.0079      | 0.0910     | 0.5355     | 0.5919     |             | 0.8041   | -0.220 
45     | 2.4373     | 0.3406     | 1.0491       | 1.0476      | 0.0921     | 0.5321     | 0.5765     |             | 0.8690   | -0.228 
46     | 2.4655     | 0.3238     | 1.0536       | 1.0881      | 0.0939     | 0.5391     | 0.6139     |             | 0.8162   | -0.216 
47     | 2.5550     | 0.3385     | 1.0716       | 1.1449      | 0.0899     | 0.5427     | 0.6059     |             | 0.7942   | -0.205 
48     | 2.5898     | 0.3522     | 1.0971       | 1.1405      | 0.0854     | 0.5611     | 0.6193     |             | 0.8348   | -0.163 
49     | 2.5846     | 0.3377     | 1.1159       | 1.1310      | 0.0847     | 0.5619     | 0.6267     |             | 0.8367   | -0.161 
50     | 2.7130     | 0.3494     | 1.1596       | 1.2040      | 0.0894     | 0.5804     | 0.6546     |             | 0.8725   | -0.129 
51     | 2.6881     | 0.3408     | 1.1225       | 1.2248      | 0.0768     | 0.5837     | 0.6832     |             | 0.8518   | -0.109 
52     | 2.6203     | 0.3324     | 1.1283       | 1.1595      | 0.0808     | 0.5658     | 0.6508     |             | 0.8550   | -0.149 
53     | 2.6127     | 0.3238     | 1.1362       | 1.1526      | 0.0812     | 0.5873     | 0.6585     |             | 0.9599   | -0.107 
54     | 2.6433     | 0.3357     | 1.1654       | 1.1422      | 0.0819     | 0.6073     | 0.6134     |             | 0.8229   | -0.067 
55     | 2.7055     | 0.3652     | 1.2114       | 1.1289      | 0.0897     | 0.6321     | 0.5958     |             | 0.9047   | -0.098 
56     | 2.7169     | 0.3402     | 1.2224       | 1.1543      | 0.0858     | 0.6208     | 0.5987     |             | 0.8342   | -0.088 
57     | 2.6713     | 0.3356     | 1.1725       | 1.1632      | 0.0881     | 0.5915     | 0.6211     |             | 0.8913   | -0.105 
58     | 2.6700     | 0.3438     | 1.1301       | 1.1961      | 0.0878     | 0.5955     | 0.6519     |             | 0.8724   | -0.097 
59     | 2.6193     | 0.3213     | 1.1553       | 1.1427      | 0.0807     | 0.6066     | 0.6201     |             | 0.8643   | -0.067 
60     | 2.5971     | 0.3187     | 1.1612       | 1.1172      | 0.0827     | 0.5772     | 0.6347     |             | 0.7823   | -0.128 
61     | 2.5635     | 0.2810     | 1.1557       | 1.1269      | 0.0744     | 0.5748     | 0.6206     |             | 0.7712   | -0.125 
62     | 2.6302     | 0.3009     | 1.1545       | 1.1748      | 0.0784     | 0.5940     | 0.6056     |             | 0.8334   | -0.090 
63     | 2.6025     | 0.3026     | 1.1336       | 1.1663      | 0.0823     | 0.5772     | 0.6002     |             | 0.8538   | -0.128 
64     | 2.6153     | 0.2944     | 1.1398       | 1.1811      | 0.0761     | 0.5932     | 0.6198     |             | 0.8306   | -0.090 
65     | 2.6220     | 0.2930     | 1.1625       | 1.1665      | 0.0793     | 0.6058     | 0.6356     |             | 0.7684   | -0.068 
66     | 2.6128     | 0.3057     | 1.1494       | 1.1577      | 0.0774     | 0.5984     | 0.5925     |             | 0.7640   | -0.092 
67     | 2.5404     | 0.2858     | 1.1177       | 1.1370      | 0.0870     | 0.5883     | 0.5929     |             | 0.7417   | -0.110 
68     | 2.5458     | 0.2634     | 1.1376       | 1.1448      | 0.0747     | 0.5906     | 0.5652     |             | 0.8123   | -0.144 
69     | 2.5288     | 0.2725     | 1.1548       | 1.1015      | 0.0764     | 0.5971     | 0.5668     |             | 0.8052   | -0.143 
70     | 2.5909     | 0.2873     | 1.1652       | 1.1384      | 0.0794     | 0.6027     | 0.5875     |             | 0.8399   | -0.104 
71     | 2.5750     | 0.2741     | 1.1412       | 1.1597      | 0.0892     | 0.6086     | 0.5900     |             | 0.7887   | -0.109 
72     | 2.5890     | 0.2848     | 1.1475       | 1.1567      | 0.0778     | 0.6134     | 0.5916     |             | 0.8421   | -0.095 
73     | 2.5667     | 0.2726     | 1.1468       | 1.1473      | 0.0879     | 0.5889     | 0.5938     |             | 0.8295   | -0.110 
74     | 2.5907     | 0.2834     | 1.1628       | 1.1445      | 0.0869     | 0.5857     | 0.5955     |             | 0.8473   | -0.116 
75     | 2.6072     | 0.2801     | 1.1721       | 1.1551      | 0.0873     | 0.5975     | 0.5972     |             | 0.7999   | -0.093 
76     | 2.6001     | 0.2871     | 1.1338       | 1.1792      | 0.0956     | 0.5785     | 0.5814     |             | 0.7998   | -0.139 
77     | 2.6066     | 0.2760     | 1.1477       | 1.1829      | 0.0999     | 0.5942     | 0.6096     |             | 0.8441   | -0.111 
78     | 2.5860     | 0.2708     | 1.1555       | 1.1596      | 0.0880     | 0.5906     | 0.5886     |             | 0.8333   | -0.111 
79     | 2.6234     | 0.2719     | 1.2127       | 1.1388      | 0.0991     | 0.5758     | 0.5971     |             | 0.7920   | -0.148 
80     | 2.5977     | 0.2665     | 1.1962       | 1.1349      | 0.0875     | 0.5925     | 0.5666     |             | 0.7998   | -0.154 
81     | 2.6040     | 0.2747     | 1.1682       | 1.1611      | 0.0805     | 0.6091     | 0.5838     |             | 0.7621   | -0.113 
82     | 2.6021     | 0.2582     | 1.2094       | 1.1345      | 0.0850     | 0.6397     | 0.5695     |             | 0.8562   | -0.146 
83     | 2.5839     | 0.2701     | 1.1903       | 1.1235      | 0.0801     | 0.6025     | 0.5781     |             | 0.7199   | -0.124 
84     | 2.5879     | 0.2527     | 1.2067       | 1.1285      | 0.0783     | 0.6064     | 0.5559     |             | 0.7756   | -0.167 
85     | 2.6113     | 0.2675     | 1.2032       | 1.1406      | 0.0781     | 0.5904     | 0.5519     |             | 0.7963   | -0.174 
86     | 2.6261     | 0.2910     | 1.1896       | 1.1455      | 0.0913     | 0.5855     | 0.5685     |             | 0.8221   | -0.154 
87     | 2.5948     | 0.2546     | 1.1879       | 1.1523      | 0.0799     | 0.5895     | 0.6134     |             | 0.7396   | -0.101 
88     | 2.6378     | 0.2593     | 1.2170       | 1.1615      | 0.0845     | 0.6143     | 0.5994     |             | 0.8028   | -0.086 
89     | 2.6619     | 0.2660     | 1.2199       | 1.1760      | 0.0918     | 0.6000     | 0.5761     |             | 0.7826   | -0.140 
90     | 2.6614     | 0.2594     | 1.2295       | 1.1725      | 0.0913     | 0.5855     | 0.5704     |             | 0.8021   | -0.150 
91     | 2.6281     | 0.2644     | 1.1994       | 1.1643      | 0.0905     | 0.5991     | 0.5900     |             | 0.7326   | -0.110 
92     | 2.6111     | 0.2478     | 1.1929       | 1.1705      | 0.0764     | 0.5848     | 0.5681     |             | 0.6893   | -0.140 
93     | 2.6159     | 0.2536     | 1.2088       | 1.1534      | 0.0805     | 0.6273     | 0.5776     |             | 0.7057   | -0.125 
94     | 2.6546     | 0.2526     | 1.2155       | 1.1865      | 0.0809     | 0.6093     | 0.6015     |             | 0.7295   | -0.078 
95     | 2.6568     | 0.2489     | 1.1985       | 1.2094      | 0.0803     | 0.6021     | 0.6293     |             | 0.7107   | -0.076 
96     | 2.6476     | 0.2449     | 1.1977       | 1.2049      | 0.0763     | 0.5807     | 0.6034     |             | 0.7781   | -0.115 
97     | 2.6255     | 0.2407     | 1.1857       | 1.1990      | 0.0805     | 0.5750     | 0.6163     |             | 0.7589   | -0.130 
98     | 2.6332     | 0.2382     | 1.2087       | 1.1863      | 0.0746     | 0.5760     | 0.6087     |             | 0.7422   | -0.123 
99     | 2.6381     | 0.2509     | 1.2010       | 1.1863      | 0.0772     | 0.5991     | 0.5960     |             | 0.7589   | -0.085 
100    | 2.6806     | 0.2487     | 1.2109       | 1.2210      | 0.0842     | 0.5845     | 0.6213     |             | 0.8020   | -0.115 
101    | 2.6584     | 0.2590     | 1.1707       | 1.2287      | 0.0786     | 0.5776     | 0.6310     |             | 0.8175   | -0.123 
102    | 2.5998     | 0.2377     | 1.1478       | 1.2143      | 0.0733     | 0.5790     | 0.6252     |             | 0.7710   | -0.115 
103    | 2.6188     | 0.2457     | 1.1622       | 1.2109      | 0.0719     | 0.5748     | 0.6233     |             | 0.7568   | -0.122 
104    | 2.6429     | 0.2364     | 1.2242       | 1.1823      | 0.0771     | 0.5869     | 0.6216     |             | 0.8383   | -0.103 
105    | 2.6220     | 0.2430     | 1.2028       | 1.1762      | 0.0759     | 0.5868     | 0.6342     |             | 0.8307   | -0.102 
106    | 2.6614     | 0.2474     | 1.2128       | 1.2012      | 0.0798     | 0.5964     | 0.6280     |             | 0.7779   | -0.087 
107    | 2.7023     | 0.2488     | 1.2230       | 1.2304      | 0.0873     | 0.6009     | 0.6367     |             | 0.7366   | -0.086 
108    | 2.7259     | 0.2479     | 1.2555       | 1.2226      | 0.0708     | 0.5951     | 0.6354     |             | 0.7478   | -0.081 
109    | 2.7256     | 0.2357     | 1.2663       | 1.2236      | 0.0722     | 0.6277     | 0.5848     |             | 0.7709   | -0.103 
110    | 2.7905     | 0.2700     | 1.2994       | 1.2210      | 0.0735     | 0.6644     | 0.5897     |             | 0.7550   | -0.094 
111    | 2.7653     | 0.2711     | 1.2998       | 1.1945      | 0.0800     | 0.6510     | 0.5777     |             | 0.7302   | -0.125 
112    | 2.7107     | 0.2399     | 1.2854       | 1.1854      | 0.0668     | 0.6132     | 0.6119     |             | 0.7952   | -0.043 
113    | 2.7015     | 0.2503     | 1.2956       | 1.1556      | 0.0834     | 0.6294     | 0.6054     |             | 0.8240   | -0.073 
114    | 2.7202     | 0.2332     | 1.3241       | 1.1628      | 0.0631     | 0.5942     | 0.5887     |             | 0.8162   | -0.086 
115    | 2.6409     | 0.2363     | 1.2404       | 1.1642      | 0.0762     | 0.6225     | 0.5732     |             | 0.8592   | -0.130 
116    | 2.6956     | 0.2505     | 1.2647       | 1.1803      | 0.0713     | 0.6128     | 0.5897     |             | 0.8313   | -0.092 
117    | 2.6283     | 0.2242     | 1.2321       | 1.1720      | 0.0863     | 0.6284     | 0.6093     |             | 0.7410   | -0.068 
118    | 2.6355     | 0.2232     | 1.2458       | 1.1664      | 0.0738     | 0.6081     | 0.6074     |             | 0.7277   | -0.059 
119    | 2.6387     | 0.2295     | 1.2427       | 1.1666      | 0.0808     | 0.6304     | 0.5731     |             | 0.7751   | -0.135 
120    | 2.6315     | 0.2184     | 1.2528       | 1.1603      | 0.0882     | 0.6256     | 0.5697     |             | 0.7815   | -0.149 
121    | 2.6449     | 0.2512     | 1.2337       | 1.1601      | 0.0845     | 0.5934     | 0.5608     |             | 0.7704   | -0.163 
122    | 2.6219     | 0.2395     | 1.2132       | 1.1692      | 0.0769     | 0.6024     | 0.5797     |             | 0.7022   | -0.117 
123    | 2.6443     | 0.2177     | 1.2329       | 1.1937      | 0.0844     | 0.5967     | 0.6040     |             | 0.7752   | -0.091 
124    | 2.6730     | 0.2286     | 1.2417       | 1.2027      | 0.0823     | 0.6103     | 0.6055     |             | 0.7469   | -0.071 
125    | 2.6220     | 0.2103     | 1.2241       | 1.1875      | 0.0849     | 0.6116     | 0.6080     |             | 0.8598   | -0.069 
126    | 2.6627     | 0.2111     | 1.2432       | 1.2084      | 0.0818     | 0.6201     | 0.5994     |             | 0.8124   | -0.083 
127    | 2.6826     | 0.2311     | 1.2203       | 1.2313      | 0.0752     | 0.6221     | 0.5758     |             | 0.8037   | -0.123 
128    | 2.7242     | 0.2368     | 1.2507       | 1.2367      | 0.0833     | 0.6386     | 0.6230     |             | 0.8212   | -0.037 
129    | 2.7288     | 0.2185     | 1.2505       | 1.2597      | 0.0748     | 0.6240     | 0.6262     |             | 0.8914   | -0.027 
130    | 2.7671     | 0.2306     | 1.2731       | 1.2634      | 0.0800     | 0.6204     | 0.6609     |             | 0.8348   | -0.039 
131    | 2.7379     | 0.2168     | 1.2812       | 1.2399      | 0.0791     | 0.6328     | 0.6395     |             | 0.7796   | -0.013 
132    | 2.7515     | 0.2194     | 1.3052       | 1.2268      | 0.0807     | 0.6462     | 0.6061     |             | 0.7859   | -0.069 
133    | 2.7488     | 0.2238     | 1.3110       | 1.2140      | 0.0721     | 0.6261     | 0.6261     |             | 0.7880   | -0.020 
134    | 2.6740     | 0.2086     | 1.2862       | 1.1791      | 0.0793     | 0.6428     | 0.5882     |             | 0.8028   | -0.103 
135    | 2.6515     | 0.2029     | 1.2583       | 1.1903      | 0.0691     | 0.6370     | 0.6118     |             | 0.7794   | -0.046 
136    | 2.6660     | 0.2163     | 1.2442       | 1.2056      | 0.0649     | 0.6226     | 0.6132     |             | 0.7443   | -0.038 
137    | 2.6574     | 0.2241     | 1.2244       | 1.2089      | 0.0607     | 0.6113     | 0.6285     |             | 0.7783   | -0.038 
138    | 2.7651     | 0.2323     | 1.2532       | 1.2796      | 0.0634     | 0.6272     | 0.7059     |             | 0.8606   | -0.009 
139    | 2.8553     | 0.2312     | 1.2882       | 1.3359      | 0.0605     | 0.6499     | 0.6346     |             | 0.7515   | 0.009  
140    | 2.8374     | 0.2473     | 1.2953       | 1.2948      | 0.0737     | 0.6459     | 0.6486     |             | 0.7936   | 0.018  
141    | 2.7666     | 0.2344     | 1.2603       | 1.2719      | 0.0826     | 0.6512     | 0.6501     |             | 0.7740   | 0.018  
142    | 2.7602     | 0.2454     | 1.2538       | 1.2610      | 0.0659     | 0.6498     | 0.6497     |             | 0.7627   | 0.033  
143    | 2.7077     | 0.2082     | 1.2499       | 1.2495      | 0.0682     | 0.6472     | 0.6487     |             | 0.7418   | 0.026  
144    | 2.7988     | 0.2283     | 1.2692       | 1.3013      | 0.0611     | 0.6534     | 0.6367     |             | 0.7681   | 0.012  
145    | 2.7955     | 0.2277     | 1.2788       | 1.2890      | 0.0636     | 0.6323     | 0.6546     |             | 0.8125   | 0.001  
146    | 2.7564     | 0.1988     | 1.2680       | 1.2896      | 0.0727     | 0.6360     | 0.6394     |             | 0.8411   | -0.001 
147    | 2.8255     | 0.2351     | 1.2576       | 1.3328      | 0.0754     | 0.6303     | 0.6604     |             | 0.7520   | -0.015 
148    | 2.7824     | 0.2248     | 1.2321       | 1.3256      | 0.0765     | 0.6118     | 0.6779     |             | 0.8469   | -0.053 
149    | 2.7638     | 0.2179     | 1.2169       | 1.3290      | 0.0770     | 0.6139     | 0.6860     |             | 0.8396   | -0.049 
150    | 2.7597     | 0.2144     | 1.2354       | 1.3099      | 0.0704     | 0.6091     | 0.6510     |             | 0.8471   | -0.052 
151    | 2.8441     | 0.2323     | 1.2701       | 1.3418      | 0.0680     | 0.5999     | 0.6317     |             | 0.8761   | -0.068 
152    | 2.7848     | 0.2177     | 1.2462       | 1.3208      | 0.0752     | 0.6105     | 0.6116     |             | 0.7889   | -0.054 
153    | 2.8112     | 0.2279     | 1.2841       | 1.2993      | 0.0750     | 0.6186     | 0.6180     |             | 0.8083   | -0.039 
154    | 2.8230     | 0.2049     | 1.3012       | 1.3169      | 0.0786     | 0.6122     | 0.6183     |             | 0.8184   | -0.054 
155    | 2.8508     | 0.2163     | 1.2659       | 1.3686      | 0.0710     | 0.6231     | 0.6677     |             | 0.9062   | -0.025 
156    | 2.8434     | 0.2444     | 1.2670       | 1.3321      | 0.0672     | 0.6237     | 0.6470     |             | 0.7897   | -0.020 
157    | 2.7604     | 0.2158     | 1.2718       | 1.2728      | 0.0686     | 0.6250     | 0.6438     |             | 0.8562   | -0.019 
158    | 2.7450     | 0.2254     | 1.2653       | 1.2543      | 0.0718     | 0.6118     | 0.6348     |             | 0.9044   | -0.048 
159    | 2.7339     | 0.2209     | 1.2370       | 1.2761      | 0.0683     | 0.6032     | 0.6555     |             | 0.8291   | -0.062 
160    | 2.7240     | 0.2140     | 1.2226       | 1.2874      | 0.0780     | 0.5910     | 0.6989     |             | 0.8838   | -0.096 
161    | 2.7827     | 0.2277     | 1.2501       | 1.3048      | 0.0620     | 0.6015     | 0.6993     |             | 0.7908   | -0.059 
162    | 2.7818     | 0.2228     | 1.2536       | 1.3054      | 0.0746     | 0.6204     | 0.6955     |             | 0.8284   | -0.034 
163    | 2.7783     | 0.2163     | 1.2519       | 1.3101      | 0.0722     | 0.6096     | 0.6669     |             | 0.8329   | -0.053 
164    | 2.7585     | 0.2194     | 1.2730       | 1.2661      | 0.0585     | 0.6372     | 0.6489     |             | 0.8090   | 0.016  
165    | 2.7496     | 0.2119     | 1.3017       | 1.2360      | 0.0571     | 0.6191     | 0.6518     |             | 0.7897   | -0.019 
166    | 2.7179     | 0.1906     | 1.2946       | 1.2327      | 0.0679     | 0.6232     | 0.6402     |             | 0.7951   | -0.021 
167    | 2.7049     | 0.1793     | 1.2750       | 1.2506      | 0.0652     | 0.6241     | 0.6486     |             | 0.7764   | -0.017 
168    | 2.7292     | 0.1845     | 1.2666       | 1.2782      | 0.0691     | 0.6311     | 0.6661     |             | 0.7828   | -0.007 
169    | 2.7666     | 0.2068     | 1.2880       | 1.2718      | 0.0676     | 0.6468     | 0.6136     |             | 0.7209   | -0.040 
170    | 2.7975     | 0.2110     | 1.3345       | 1.2520      | 0.0641     | 0.7167     | 0.6221     |             | 0.7818   | -0.020 
171    | 2.7976     | 0.2045     | 1.3516       | 1.2415      | 0.0623     | 0.6620     | 0.6237     |             | 0.7750   | -0.015 
172    | 2.7696     | 0.2026     | 1.3179       | 1.2492      | 0.0728     | 0.6411     | 0.6292     |             | 0.7853   | -0.014 
173    | 2.8123     | 0.2136     | 1.3202       | 1.2785      | 0.0777     | 0.6508     | 0.6511     |             | 0.8142   | 0.024  
174    | 2.7852     | 0.1904     | 1.2988       | 1.2959      | 0.0772     | 0.6459     | 0.6379     |             | 0.8125   | -0.001 
175    | 2.7831     | 0.2146     | 1.2875       | 1.2811      | 0.0724     | 0.6558     | 0.6623     |             | 0.8740   | 0.039  
176    | 2.7112     | 0.1834     | 1.2729       | 1.2548      | 0.0793     | 0.6366     | 0.6348     |             | 0.8108   | -0.010 
177    | 2.7112     | 0.1950     | 1.2744       | 1.2418      | 0.0826     | 0.6509     | 0.6293     |             | 0.8799   | -0.024 
178    | 2.6973     | 0.1905     | 1.2770       | 1.2297      | 0.0817     | 0.6487     | 0.6200     |             | 0.8407   | -0.042 
179    | 2.7188     | 0.1974     | 1.2946       | 1.2268      | 0.0849     | 0.6535     | 0.6288     |             | 0.7386   | -0.027 
180    | 2.7143     | 0.1969     | 1.2927       | 1.2248      | 0.0706     | 0.6502     | 0.6246     |             | 0.7770   | -0.021 
181    | 2.7488     | 0.1901     | 1.3200       | 1.2387      | 0.0741     | 0.6806     | 0.6385     |             | 0.7931   | 0.003  
182    | 2.8232     | 0.2061     | 1.3687       | 1.2483      | 0.0877     | 0.7071     | 0.6553     |             | 0.8562   | 0.023  
183    | 2.7654     | 0.1882     | 1.3349       | 1.2423      | 0.0693     | 0.6766     | 0.6318     |             | 0.8161   | -0.006 
184    | 2.7573     | 0.1974     | 1.3231       | 1.2367      | 0.0655     | 0.6858     | 0.6138     |             | 0.8553   | -0.038 
185    | 2.7969     | 0.2063     | 1.3336       | 1.2570      | 0.0715     | 0.6659     | 0.6210     |             | 0.8292   | -0.029 
186    | 2.7894     | 0.2066     | 1.3271       | 1.2557      | 0.0679     | 0.6590     | 0.6207     |             | 0.8501   | -0.027 
187    | 2.7748     | 0.1936     | 1.3302       | 1.2509      | 0.0647     | 0.6640     | 0.6180     |             | 0.8037   | -0.029 
188    | 2.8289     | 0.2070     | 1.3531       | 1.2688      | 0.0748     | 0.6792     | 0.6246     |             | 0.8723   | -0.026 
189    | 2.7972     | 0.2010     | 1.3309       | 1.2653      | 0.0695     | 0.6465     | 0.6406     |             | 0.9178   | 0.012  
190    | 2.8124     | 0.1982     | 1.3294       | 1.2848      | 0.0760     | 0.6626     | 0.6489     |             | 0.8355   | 0.022  
191    | 2.8048     | 0.1896     | 1.3106       | 1.3046      | 0.0639     | 0.6493     | 0.6477     |             | 0.8489   | 0.031  
192    | 2.8109     | 0.2080     | 1.3020       | 1.3010      | 0.0571     | 0.6679     | 0.6326     |             | 0.8175   | 0.008  
193    | 2.7750     | 0.1924     | 1.2884       | 1.2941      | 0.0645     | 0.6721     | 0.6413     |             | 0.8088   | 0.018  
194    | 2.7565     | 0.2011     | 1.2801       | 1.2753      | 0.0555     | 0.6565     | 0.6426     |             | 0.7637   | 0.030  
195    | 2.7304     | 0.1880     | 1.2798       | 1.2626      | 0.0621     | 0.6555     | 0.6318     |             | 0.8225   | 0.002  
196    | 2.7570     | 0.2150     | 1.2741       | 1.2678      | 0.0678     | 0.6442     | 0.6260     |             | 0.8055   | -0.016 
197    | 2.7619     | 0.2074     | 1.3027       | 1.2519      | 0.0798     | 0.6543     | 0.6198     |             | 0.8374   | -0.040 
198    | 2.7560     | 0.2035     | 1.2986       | 1.2538      | 0.0867     | 0.6621     | 0.6372     |             | 0.8047   | -0.012 
199    | 2.7563     | 0.1947     | 1.3073       | 1.2542      | 0.0837     | 0.6699     | 0.6437     |             | 0.8055   | 0.004  
200    | 2.7300     | 0.1757     | 1.2932       | 1.2611      | 0.0703     | 0.6525     | 0.6190     |             | 0.7251   | -0.032 
201    | 2.7620     | 0.1996     | 1.2998       | 1.2626      | 0.0868     | 0.6431     | 0.6219     |             | 0.7078   | -0.043 
202    | 2.7019     | 0.1759     | 1.2781       | 1.2479      | 0.0746     | 0.6437     | 0.6422     |             | 0.7231   | 0.010  
203    | 2.6780     | 0.1672     | 1.2551       | 1.2557      | 0.0617     | 0.6261     | 0.6357     |             | 0.6996   | -0.009 
204    | 2.6814     | 0.1956     | 1.2364       | 1.2494      | 0.0522     | 0.6306     | 0.6255     |             | 0.7748   | -0.001 
205    | 2.6745     | 0.1698     | 1.2363       | 1.2684      | 0.0570     | 0.6143     | 0.6408     |             | 0.8188   | -0.028 
206    | 2.7354     | 0.1965     | 1.2479       | 1.2910      | 0.0594     | 0.6374     | 0.6438     |             | 0.8046   | 0.015  
207    | 2.7725     | 0.1763     | 1.2694       | 1.3268      | 0.0565     | 0.6257     | 0.6547     |             | 0.8882   | -0.005 
208    | 2.8069     | 0.1939     | 1.2667       | 1.3463      | 0.0612     | 0.6358     | 0.6350     |             | 0.8870   | 0.009  
209    | 2.7689     | 0.1868     | 1.2645       | 1.3176      | 0.0571     | 0.6366     | 0.6337     |             | 0.9073   | 0.010  
210    | 2.7458     | 0.2084     | 1.2547       | 1.2828      | 0.0615     | 0.6341     | 0.6464     |             | 0.8532   | 0.007  
211    | 2.7206     | 0.1954     | 1.2564       | 1.2688      | 0.0654     | 0.6237     | 0.6505     |             | 0.8153   | -0.018 
212    | 2.7111     | 0.1883     | 1.2652       | 1.2576      | 0.0701     | 0.6341     | 0.6706     |             | 0.8386   | -0.002 
213    | 2.7901     | 0.1928     | 1.2732       | 1.3240      | 0.0645     | 0.6275     | 0.6814     |             | 0.8286   | -0.010 
214    | 2.8082     | 0.1831     | 1.2844       | 1.3406      | 0.0667     | 0.6553     | 0.6465     |             | 0.8526   | 0.026  
215    | 2.9094     | 0.2161     | 1.3320       | 1.3612      | 0.0765     | 0.6722     | 0.6499     |             | 0.8023   | 0.023  
216    | 2.9080     | 0.1925     | 1.3384       | 1.3770      | 0.0788     | 0.6631     | 0.6323     |             | 0.8124   | -0.014 
217    | 2.9396     | 0.2391     | 1.3087       | 1.3918      | 0.0821     | 0.6443     | 0.6912     |             | 0.7771   | 0.006  
218    | 2.8804     | 0.2436     | 1.2897       | 1.3472      | 0.0793     | 0.6551     | 0.6698     |             | 0.7534   | 0.031  
219    | 2.7539     | 0.1978     | 1.2508       | 1.3053      | 0.0777     | 0.6396     | 0.6844     |             | 0.8173   | 0.002  
220    | 2.7777     | 0.2173     | 1.2463       | 1.3141      | 0.0709     | 0.6235     | 0.6934     |             | 0.7913   | -0.024 
221    | 2.7822     | 0.2131     | 1.2656       | 1.3035      | 0.0679     | 0.6593     | 0.6723     |             | 0.8004   | 0.051  
222    | 2.7589     | 0.1919     | 1.2787       | 1.2883      | 0.0653     | 0.6596     | 0.6275     |             | 0.8379   | -0.010 
223    | 2.7630     | 0.1758     | 1.2956       | 1.2917      | 0.0664     | 0.6639     | 0.6400     |             | 0.8355   | 0.014  
224    | 2.8152     | 0.1841     | 1.3211       | 1.3100      | 0.0771     | 0.6783     | 0.6413     |             | 0.8911   | 0.005  
225    | 2.7924     | 0.1924     | 1.3003       | 1.2997      | 0.0775     | 0.6785     | 0.6440     |             | 0.8426   | 0.011  
226    | 2.8075     | 0.2019     | 1.3120       | 1.2936      | 0.0702     | 0.6695     | 0.6202     |             | 0.8354   | -0.030 
227    | 2.7788     | 0.1697     | 1.3326       | 1.2765      | 0.0764     | 0.6847     | 0.6312     |             | 0.8205   | -0.014 
228    | 2.8561     | 0.1919     | 1.3595       | 1.3047      | 0.0766     | 0.6815     | 0.6562     |             | 0.8800   | 0.036  
229    | 2.8264     | 0.1804     | 1.3472       | 1.2987      | 0.0758     | 0.6606     | 0.6257     |             | 0.8819   | -0.024 
230    | 2.7740     | 0.1816     | 1.3218       | 1.2706      | 0.0727     | 0.6308     | 0.6364     |             | 0.8805   | -0.011 
231    | 2.7388     | 0.1859     | 1.2830       | 1.2699      | 0.0693     | 0.6362     | 0.6291     |             | 0.8430   | -0.011 
232    | 2.6653     | 0.1601     | 1.2746       | 1.2307      | 0.0758     | 0.6298     | 0.6187     |             | 0.9184   | -0.038 
233    | 2.6666     | 0.1650     | 1.2660       | 1.2355      | 0.0642     | 0.6415     | 0.6230     |             | 0.8789   | -0.018 
234    | 2.6700     | 0.1738     | 1.2634       | 1.2328      | 0.0690     | 0.6254     | 0.6240     |             | 0.8109   | -0.021 
235    | 2.7130     | 0.1722     | 1.2691       | 1.2717      | 0.0642     | 0.6369     | 0.6475     |             | 0.7626   | 0.010  
236    | 2.7439     | 0.1702     | 1.2798       | 1.2938      | 0.0611     | 0.6653     | 0.6686     |             | 0.7508   | 0.070  
237    | 2.8105     | 0.1793     | 1.2824       | 1.3488      | 0.0672     | 0.6569     | 0.6757     |             | 0.7906   | 0.047  
238    | 2.8677     | 0.2116     | 1.2912       | 1.3649      | 0.0616     | 0.6591     | 0.6495     |             | 0.7994   | 0.037  
239    | 2.7954     | 0.1901     | 1.2839       | 1.3214      | 0.0624     | 0.6489     | 0.6390     |             | 0.7886   | 0.016  
240    | 2.7796     | 0.1855     | 1.2784       | 1.3157      | 0.0584     | 0.6517     | 0.6390     |             | 0.8081   | 0.020  
241    | 2.7275     | 0.1636     | 1.2887       | 1.2752      | 0.0608     | 0.6390     | 0.6386     |             | 0.8386   | 0.016  
242    | 2.7633     | 0.1733     | 1.2810       | 1.3090      | 0.0600     | 0.6379     | 0.6318     |             | 0.8285   | 0.004  
243    | 2.7551     | 0.1849     | 1.2850       | 1.2852      | 0.0535     | 0.6468     | 0.6153     |             | 0.7695   | -0.023 
244    | 2.7506     | 0.1750     | 1.2888       | 1.2868      | 0.0597     | 0.6351     | 0.6327     |             | 0.7536   | 0.006  
245    | 2.7381     | 0.1668     | 1.2769       | 1.2944      | 0.0654     | 0.6301     | 0.6341     |             | 0.8112   | -0.005 
246    | 2.7432     | 0.1568     | 1.2851       | 1.3013      | 0.0819     | 0.6254     | 0.6490     |             | 0.8191   | -0.031 
247    | 2.7987     | 0.1738     | 1.3055       | 1.3194      | 0.0662     | 0.6155     | 0.6344     |             | 0.8816   | -0.035 
248    | 2.7721     | 0.1666     | 1.2881       | 1.3174      | 0.0685     | 0.6238     | 0.6579     |             | 0.7536   | -0.021 
249    | 2.7846     | 0.1616     | 1.2963       | 1.3267      | 0.0701     | 0.6103     | 0.6356     |             | 0.7713   | -0.050 
250    | 2.7816     | 0.1884     | 1.2907       | 1.3024      | 0.0624     | 0.6386     | 0.6294     |             | 0.7792   | -0.004 
251    | 2.8032     | 0.1801     | 1.3163       | 1.3068      | 0.0642     | 0.6264     | 0.6378     |             | 0.6985   | -0.011 
252    | 2.7815     | 0.1662     | 1.3203       | 1.2950      | 0.0663     | 0.6455     | 0.6397     |             | 0.7497   | 0.013  
253    | 2.8672     | 0.1918     | 1.3768       | 1.2987      | 0.0692     | 0.6736     | 0.6332     |             | 0.7785   | -0.003 
254    | 2.8465     | 0.1801     | 1.3773       | 1.2892      | 0.0697     | 0.6782     | 0.6290     |             | 0.7515   | -0.012 
255    | 2.7917     | 0.1733     | 1.3328       | 1.2855      | 0.0721     | 0.6548     | 0.6266     |             | 0.8158   | -0.019 
256    | 2.7428     | 0.1857     | 1.2899       | 1.2672      | 0.0600     | 0.6459     | 0.6270     |             | 0.7970   | -0.006 
257    | 2.7239     | 0.1769     | 1.2959       | 1.2511      | 0.0617     | 0.6425     | 0.6172     |             | 0.8267   | -0.027 
258    | 2.7409     | 0.1857     | 1.3062       | 1.2490      | 0.0677     | 0.6326     | 0.6162     |             | 0.8416   | -0.035 
259    | 2.7153     | 0.1798     | 1.3041       | 1.2314      | 0.0615     | 0.6352     | 0.6100     |             | 0.8159   | -0.042 
260    | 2.6954     | 0.1722     | 1.2906       | 1.2326      | 0.0539     | 0.6460     | 0.6257     |             | 0.9163   | -0.003 
261    | 2.7014     | 0.1573     | 1.2793       | 1.2648      | 0.0504     | 0.6365     | 0.6294     |             | 0.8829   | 0.008  
262    | 2.7435     | 0.1798     | 1.2805       | 1.2832      | 0.0605     | 0.6446     | 0.6245     |             | 0.8424   | -0.012 
263    | 2.7677     | 0.1653     | 1.3085       | 1.2939      | 0.0487     | 0.6532     | 0.6194     |             | 0.8262   | -0.010 
264    | 2.7615     | 0.1620     | 1.3126       | 1.2869      | 0.0480     | 0.6326     | 0.6172     |             | 0.8209   | -0.014 
265    | 2.7450     | 0.1646     | 1.3038       | 1.2766      | 0.0552     | 0.6386     | 0.6125     |             | 0.8149   | -0.030 
266    | 2.7597     | 0.1827     | 1.2968       | 1.2802      | 0.0585     | 0.6346     | 0.6290     |             | 0.8318   | -0.001 
267    | 2.7482     | 0.1759     | 1.2947       | 1.2776      | 0.0567     | 0.6312     | 0.6361     |             | 0.7998   | 0.006  
268    | 2.7770     | 0.1681     | 1.3006       | 1.3083      | 0.0497     | 0.6419     | 0.6333     |             | 0.8152   | 0.017  
269    | 2.7449     | 0.1605     | 1.3134       | 1.2711      | 0.0499     | 0.6466     | 0.6284     |             | 0.7531   | 0.007  
270    | 2.7828     | 0.1717     | 1.3174       | 1.2937      | 0.0493     | 0.6498     | 0.6434     |             | 0.7983   | 0.037  
271    | 2.7655     | 0.1820     | 1.3046       | 1.2789      | 0.0494     | 0.6553     | 0.6329     |             | 0.8236   | 0.017  
272    | 2.7335     | 0.1691     | 1.2957       | 1.2687      | 0.0580     | 0.6691     | 0.6391     |             | 0.7323   | 0.020  
273    | 2.7662     | 0.1781     | 1.3071       | 1.2810      | 0.0533     | 0.6554     | 0.6274     |             | 0.7801   | 0.002  
274    | 2.6910     | 0.1575     | 1.2654       | 1.2681      | 0.0487     | 0.6276     | 0.6243     |             | 0.7714   | -0.000 
275    | 2.6991     | 0.1485     | 1.2785       | 1.2721      | 0.0498     | 0.6248     | 0.6327     |             | 0.8454   | -0.000 
276    | 2.7199     | 0.1652     | 1.2686       | 1.2861      | 0.0649     | 0.6328     | 0.6283     |             | 0.8363   | -0.008 
277    | 2.7025     | 0.1646     | 1.2732       | 1.2648      | 0.0525     | 0.6334     | 0.6280     |             | 0.8542   | 0.004  
278    | 2.7008     | 0.1604     | 1.2842       | 1.2561      | 0.0573     | 0.6428     | 0.6290     |             | 0.8526   | 0.001  
279    | 2.7058     | 0.1687     | 1.2752       | 1.2619      | 0.0599     | 0.6333     | 0.6406     |             | 0.9110   | 0.007  
280    | 2.7188     | 0.1703     | 1.2638       | 1.2847      | 0.0567     | 0.6261     | 0.6589     |             | 0.8670   | -0.004 
281    | 2.7069     | 0.1581     | 1.2804       | 1.2684      | 0.0676     | 0.6640     | 0.6584     |             | 0.8230   | 0.049  
282    | 2.7500     | 0.1753     | 1.3002       | 1.2745      | 0.0632     | 0.6565     | 0.6636     |             | 0.7708   | 0.050  
283    | 2.7770     | 0.1631     | 1.2982       | 1.3157      | 0.0652     | 0.6348     | 0.6858     |             | 0.7135   | 0.004  
284    | 2.7768     | 0.1711     | 1.2814       | 1.3242      | 0.0650     | 0.6324     | 0.6867     |             | 0.7595   | -0.000 
285    | 2.7625     | 0.1465     | 1.2810       | 1.3350      | 0.0627     | 0.6388     | 0.6936     |             | 0.7370   | 0.015  
286    | 2.7747     | 0.1674     | 1.2745       | 1.3328      | 0.0623     | 0.6443     | 0.6855     |             | 0.7697   | 0.026  
287    | 2.7694     | 0.1679     | 1.2877       | 1.3138      | 0.0637     | 0.6644     | 0.6822     |             | 0.7932   | 0.065  
288    | 2.7783     | 0.1548     | 1.3186       | 1.3049      | 0.0755     | 0.6514     | 0.6697     |             | 0.7745   | 0.027  
289    | 2.8181     | 0.1842     | 1.3103       | 1.3235      | 0.0721     | 0.6533     | 0.6441     |             | 0.7979   | 0.016  
290    | 2.7731     | 0.1524     | 1.2892       | 1.3315      | 0.0579     | 0.6398     | 0.6592     |             | 0.8418   | 0.022  
291    | 2.8077     | 0.1602     | 1.3046       | 1.3430      | 0.0672     | 0.6493     | 0.6429     |             | 0.7684   | 0.019  
292    | 2.8193     | 0.1667     | 1.3067       | 1.3459      | 0.0842     | 0.6602     | 0.6522     |             | 0.8010   | 0.020  
293    | 2.8433     | 0.1702     | 1.3261       | 1.3471      | 0.0813     | 0.6542     | 0.6503     |             | 0.7411   | 0.019  
294    | 2.8316     | 0.1758     | 1.3058       | 1.3500      | 0.0822     | 0.6476     | 0.6514     |             | 0.7941   | 0.013  
295    | 2.7936     | 0.1685     | 1.3021       | 1.3230      | 0.0796     | 0.6523     | 0.6523     |             | 0.7539   | 0.025  
296    | 2.8298     | 0.1839     | 1.2953       | 1.3506      | 0.0734     | 0.6431     | 0.6834     |             | 0.8260   | 0.013  
297    | 2.8381     | 0.1771     | 1.2916       | 1.3694      | 0.0613     | 0.6496     | 0.6812     |             | 0.7947   | 0.038  
298    | 2.8166     | 0.1731     | 1.2963       | 1.3472      | 0.0697     | 0.6466     | 0.6869     |             | 0.8446   | 0.024  
299    | 2.8305     | 0.1772     | 1.3192       | 1.3341      | 0.0733     | 0.6743     | 0.6756     |             | 0.8149   | 0.075  
300    | 2.8644     | 0.1787     | 1.3674       | 1.3183      | 0.0641     | 0.6672     | 0.6834     |             | 0.8447   | 0.070  
301    | 2.8202     | 0.1676     | 1.3610       | 1.2916      | 0.0762     | 0.6722     | 0.6646     |             | 0.8166   | 0.053  
302    | 2.8063     | 0.1757     | 1.3422       | 1.2884      | 0.0594     | 0.6821     | 0.6655     |             | 0.8686   | 0.072  
303    | 2.7748     | 0.1688     | 1.3210       | 1.2850      | 0.0648     | 0.6653     | 0.6502     |             | 0.7928   | 0.036  
304    | 2.7311     | 0.1565     | 1.2965       | 1.2781      | 0.0690     | 0.6659     | 0.6424     |             | 0.8216   | 0.016  
305    | 2.7413     | 0.1781     | 1.2975       | 1.2657      | 0.0658     | 0.6557     | 0.6433     |             | 0.7709   | 0.021  
306    | 2.7467     | 0.1673     | 1.2961       | 1.2833      | 0.0616     | 0.6483     | 0.6287     |             | 0.8455   | -0.004 
307    | 2.7223     | 0.1498     | 1.3051       | 1.2674      | 0.0602     | 0.6561     | 0.6269     |             | 0.7892   | -0.006 
308    | 2.7471     | 0.1590     | 1.3052       | 1.2829      | 0.0670     | 0.6610     | 0.6135     |             | 0.8160   | -0.040 
309    | 2.7343     | 0.1467     | 1.3095       | 1.2781      | 0.0724     | 0.6539     | 0.6162     |             | 0.7977   | -0.040 
310    | 2.7351     | 0.1643     | 1.2856       | 1.2852      | 0.0628     | 0.6541     | 0.6140     |             | 0.7589   | -0.035 
311    | 2.7190     | 0.1512     | 1.2829       | 1.2850      | 0.0601     | 0.6516     | 0.6347     |             | 0.7741   | 0.009  
312    | 2.7298     | 0.1515     | 1.2809       | 1.2974      | 0.0513     | 0.6558     | 0.6237     |             | 0.7672   | -0.004 
313    | 2.7361     | 0.1639     | 1.2695       | 1.3027      | 0.0589     | 0.6382     | 0.6115     |             | 0.7669   | -0.036 
314    | 2.7140     | 0.1472     | 1.2571       | 1.3097      | 0.0558     | 0.6358     | 0.6140     |             | 0.7969   | -0.028 
315    | 2.7268     | 0.1663     | 1.2625       | 1.2980      | 0.0644     | 0.6497     | 0.6360     |             | 0.8059   | 0.008  
316    | 2.7425     | 0.1610     | 1.2758       | 1.3058      | 0.0584     | 0.6357     | 0.6066     |             | 0.7629   | -0.045 
317    | 2.7203     | 0.1549     | 1.2705       | 1.2949      | 0.0590     | 0.6404     | 0.6120     |             | 0.8505   | -0.035 
318    | 2.7362     | 0.1627     | 1.2688       | 1.3048      | 0.0588     | 0.6466     | 0.6236     |             | 0.8315   | -0.012 
319    | 2.7115     | 0.1478     | 1.2765       | 1.2872      | 0.0611     | 0.6594     | 0.6191     |             | 0.8298   | -0.023 
320    | 2.7106     | 0.1444     | 1.2803       | 1.2859      | 0.0642     | 0.6679     | 0.6337     |             | 0.8092   | 0.003  
321    | 2.7433     | 0.1538     | 1.2910       | 1.2985      | 0.0646     | 0.6625     | 0.6470     |             | 0.8102   | 0.029  
322    | 2.7644     | 0.1606     | 1.2916       | 1.3121      | 0.0619     | 0.6824     | 0.6499     |             | 0.8200   | 0.038  
323    | 2.8017     | 0.1654     | 1.3159       | 1.3204      | 0.0694     | 0.6627     | 0.6611     |             | 0.8366   | 0.053  
324    | 2.7915     | 0.1682     | 1.3009       | 1.3223      | 0.0637     | 0.6729     | 0.6624     |             | 0.8292   | 0.061  
325    | 2.7761     | 0.1534     | 1.2956       | 1.3271      | 0.0782     | 0.6700     | 0.6479     |             | 0.8047   | 0.018  
326    | 2.7398     | 0.1497     | 1.2909       | 1.2992      | 0.0709     | 0.6596     | 0.6362     |             | 0.7416   | 0.001  
327    | 2.7497     | 0.1608     | 1.2780       | 1.3109      | 0.0766     | 0.6517     | 0.6099     |             | 0.7340   | -0.057 
328    | 2.7458     | 0.1592     | 1.2941       | 1.2925      | 0.0738     | 0.6481     | 0.6221     |             | 0.7325   | -0.030 
329    | 2.7428     | 0.1485     | 1.2911       | 1.3031      | 0.0799     | 0.6502     | 0.6235     |             | 0.7481   | -0.033 
330    | 2.7940     | 0.1634     | 1.3071       | 1.3235      | 0.0774     | 0.6542     | 0.6266     |             | 0.7491   | -0.024 
331    | 2.8051     | 0.1569     | 1.3063       | 1.3418      | 0.0725     | 0.6487     | 0.6161     |             | 0.7540   | -0.040 
332    | 2.8027     | 0.1551     | 1.2844       | 1.3632      | 0.0751     | 0.6555     | 0.6238     |             | 0.7914   | -0.027 
333    | 2.7819     | 0.1429     | 1.2853       | 1.3536      | 0.0634     | 0.6386     | 0.6245     |             | 0.7485   | -0.014 
334    | 2.7850     | 0.1488     | 1.2902       | 1.3460      | 0.0737     | 0.6438     | 0.6378     |             | 0.8364   | 0.002  
335    | 2.7879     | 0.1523     | 1.3013       | 1.3343      | 0.0692     | 0.6441     | 0.6295     |             | 0.7937   | -0.010 
336    | 2.7860     | 0.1552     | 1.3037       | 1.3272      | 0.0697     | 0.6484     | 0.6310     |             | 0.8021   | -0.008 
337    | 2.7786     | 0.1562     | 1.2966       | 1.3257      | 0.0631     | 0.6407     | 0.6465     |             | 0.7936   | 0.018  
338    | 2.7686     | 0.1559     | 1.3081       | 1.3046      | 0.0636     | 0.6407     | 0.6423     |             | 0.6832   | 0.018  
339    | 2.7574     | 0.1534     | 1.2955       | 1.3085      | 0.0628     | 0.6385     | 0.6538     |             | 0.7633   | 0.014  
340    | 2.7646     | 0.1599     | 1.2949       | 1.3097      | 0.0599     | 0.6387     | 0.6549     |             | 0.7590   | 0.018  
341    | 2.7271     | 0.1309     | 1.2931       | 1.3032      | 0.0552     | 0.6384     | 0.6377     |             | 0.7138   | 0.020  
342    | 2.7851     | 0.1592     | 1.3075       | 1.3184      | 0.0505     | 0.6387     | 0.6415     |             | 0.7146   | 0.027  
343    | 2.7981     | 0.1552     | 1.3077       | 1.3351      | 0.0645     | 0.6599     | 0.6574     |             | 0.7753   | 0.050  
344    | 2.7741     | 0.1433     | 1.2917       | 1.3391      | 0.0551     | 0.6466     | 0.6614     |             | 0.7639   | 0.038  
345    | 2.7997     | 0.1465     | 1.3084       | 1.3449      | 0.0476     | 0.6653     | 0.6508     |             | 0.7803   | 0.054  
346    | 2.8180     | 0.1539     | 1.3209       | 1.3431      | 0.0555     | 0.6622     | 0.6485     |             | 0.7820   | 0.042  
347    | 2.7836     | 0.1349     | 1.3278       | 1.3209      | 0.0518     | 0.6793     | 0.6394     |             | 0.7054   | 0.027  
348    | 2.7889     | 0.1461     | 1.3239       | 1.3189      | 0.0558     | 0.6840     | 0.6368     |             | 0.7470   | 0.018  
349    | 2.7650     | 0.1443     | 1.3128       | 1.3079      | 0.0479     | 0.6728     | 0.6304     |             | 0.7265   | 0.013  
350    | 2.7761     | 0.1573     | 1.3203       | 1.2986      | 0.0528     | 0.6611     | 0.6428     |             | 0.7210   | 0.033  
351    | 2.7675     | 0.1438     | 1.3130       | 1.3107      | 0.0559     | 0.6474     | 0.6487     |             | 0.7324   | 0.039  
352    | 2.7721     | 0.1619     | 1.2987       | 1.3116      | 0.0575     | 0.6344     | 0.6605     |             | 0.7321   | 0.011  
353    | 2.7725     | 0.1548     | 1.2876       | 1.3302      | 0.0624     | 0.6262     | 0.6600     |             | 0.7146   | -0.010 
354    | 2.7682     | 0.1493     | 1.2878       | 1.3311      | 0.0475     | 0.6075     | 0.6626     |             | 0.7514   | -0.033 
355    | 2.7331     | 0.1336     | 1.2684       | 1.3310      | 0.0541     | 0.6143     | 0.6421     |             | 0.7415   | -0.026 
356    | 2.7428     | 0.1430     | 1.2647       | 1.3351      | 0.0515     | 0.6164     | 0.6347     |             | 0.7543   | -0.019 
357    | 2.7713     | 0.1585     | 1.2668       | 1.3459      | 0.0530     | 0.6219     | 0.6406     |             | 0.7493   | -0.009 
358    | 2.7166     | 0.1399     | 1.2505       | 1.3263      | 0.0568     | 0.6248     | 0.6489     |             | 0.7443   | -0.007 
359    | 2.7079     | 0.1301     | 1.2533       | 1.3246      | 0.0585     | 0.6193     | 0.6579     |             | 0.7873   | -0.020 
360    | 2.7012     | 0.1179     | 1.2601       | 1.3231      | 0.0536     | 0.6376     | 0.6463     |             | 0.7478   | 0.022  
361    | 2.7138     | 0.1399     | 1.2586       | 1.3152      | 0.0758     | 0.6237     | 0.6301     |             | 0.7428   | -0.028 
362    | 2.6906     | 0.1297     | 1.2537       | 1.3072      | 0.0663     | 0.6459     | 0.6236     |             | 0.7604   | -0.019 
363    | 2.7313     | 0.1368     | 1.2859       | 1.3085      | 0.0743     | 0.6668     | 0.6249     |             | 0.7868   | -0.024 
364    | 2.7424     | 0.1502     | 1.2931       | 1.2991      | 0.0785     | 0.6630     | 0.6220     |             | 0.8084   | -0.035 
365    | 2.7328     | 0.1407     | 1.3053       | 1.2867      | 0.0751     | 0.6610     | 0.6335     |             | 0.7896   | -0.008 
366    | 2.7630     | 0.1473     | 1.3184       | 1.2973      | 0.0703     | 0.6564     | 0.6320     |             | 0.8102   | -0.006 
367    | 2.7272     | 0.1478     | 1.3043       | 1.2751      | 0.0884     | 0.6341     | 0.6277     |             | 0.7537   | -0.033 
368    | 2.7155     | 0.1358     | 1.3061       | 1.2736      | 0.0794     | 0.6387     | 0.6290     |             | 0.7561   | -0.021 
369    | 2.7294     | 0.1424     | 1.3047       | 1.2823      | 0.0748     | 0.6184     | 0.6314     |             | 0.7606   | -0.038 
370    | 2.7217     | 0.1465     | 1.2851       | 1.2901      | 0.0722     | 0.6164     | 0.6330     |             | 0.7791   | -0.039 
371    | 2.7040     | 0.1390     | 1.2900       | 1.2749      | 0.0718     | 0.6261     | 0.6271     |             | 0.9161   | -0.020 
372    | 2.7240     | 0.1468     | 1.2959       | 1.2813      | 0.0773     | 0.6222     | 0.6205     |             | 0.7969   | -0.036 
373    | 2.7159     | 0.1290     | 1.2966       | 1.2903      | 0.0777     | 0.6270     | 0.6383     |             | 0.7394   | -0.024 
374    | 2.7043     | 0.1375     | 1.2910       | 1.2758      | 0.0763     | 0.6422     | 0.6304     |             | 0.7132   | -0.015 
375    | 2.7430     | 0.1499     | 1.3147       | 1.2784      | 0.0714     | 0.6349     | 0.6489     |             | 0.7179   | -0.002 
376    | 2.7697     | 0.1397     | 1.3266       | 1.3034      | 0.0773     | 0.6295     | 0.6267     |             | 0.7855   | -0.024 
377    | 2.7950     | 0.1545     | 1.3201       | 1.3203      | 0.0780     | 0.6435     | 0.6386     |             | 0.7610   | -0.001 
378    | 2.7819     | 0.1417     | 1.3175       | 1.3227      | 0.0790     | 0.6455     | 0.6416     |             | 0.7510   | 0.004  
379    | 2.7689     | 0.1459     | 1.3079       | 1.3151      | 0.0807     | 0.6459     | 0.6434     |             | 0.7920   | 0.006  
380    | 2.7445     | 0.1376     | 1.3112       | 1.2957      | 0.0745     | 0.6504     | 0.6391     |             | 0.7162   | 0.004  
381    | 2.7587     | 0.1491     | 1.3155       | 1.2941      | 0.0702     | 0.6368     | 0.6263     |             | 0.6790   | -0.018 
382    | 2.7463     | 0.1515     | 1.3160       | 1.2788      | 0.0754     | 0.6330     | 0.6318     |             | 0.7517   | -0.012 
383    | 2.7620     | 0.1536     | 1.3267       | 1.2817      | 0.0652     | 0.6462     | 0.6265     |             | 0.7106   | -0.012 
384    | 2.7492     | 0.1392     | 1.3248       | 1.2853      | 0.0628     | 0.6401     | 0.6353     |             | 0.6870   | 0.008  
385    | 2.7305     | 0.1299     | 1.3082       | 1.2924      | 0.0655     | 0.6439     | 0.6389     |             | 0.7004   | 0.012  
386    | 2.7532     | 0.1496     | 1.3035       | 1.3001      | 0.0664     | 0.6348     | 0.6396     |             | 0.7426   | 0.003  
387    | 2.7609     | 0.1583     | 1.3005       | 1.3022      | 0.0688     | 0.6526     | 0.6374     |             | 0.7729   | 0.006  
388    | 2.7677     | 0.1471     | 1.2962       | 1.3245      | 0.0677     | 0.6376     | 0.6416     |             | 0.7460   | 0.007  
389    | 2.7453     | 0.1328     | 1.2912       | 1.3212      | 0.0658     | 0.6381     | 0.6425     |             | 0.7359   | 0.010  
390    | 2.7251     | 0.1484     | 1.2731       | 1.3036      | 0.0617     | 0.6305     | 0.6684     |             | 0.7610   | -0.001 
391    | 2.6876     | 0.1212     | 1.2755       | 1.2909      | 0.0698     | 0.6319     | 0.6614     |             | 0.7293   | -0.006 
392    | 2.7105     | 0.1365     | 1.2815       | 1.2925      | 0.0779     | 0.6388     | 0.6332     |             | 0.7460   | -0.011 
393    | 2.7089     | 0.1417     | 1.2859       | 1.2813      | 0.0733     | 0.6460     | 0.6441     |             | 0.7334   | 0.015  
394    | 2.7313     | 0.1436     | 1.2908       | 1.2969      | 0.0817     | 0.6456     | 0.6358     |             | 0.6908   | -0.010 
395    | 2.7006     | 0.1304     | 1.2704       | 1.2999      | 0.0682     | 0.6445     | 0.6312     |             | 0.7060   | -0.006 
396    | 2.7173     | 0.1386     | 1.2835       | 1.2952      | 0.0680     | 0.6443     | 0.6284     |             | 0.6644   | -0.011 
397    | 2.7092     | 0.1442     | 1.2663       | 1.2986      | 0.0704     | 0.6320     | 0.6425     |             | 0.6999   | -0.006 
398    | 2.7275     | 0.1437     | 1.2660       | 1.3179      | 0.0725     | 0.6272     | 0.6718     |             | 0.7724   | -0.018 
399    | 2.7667     | 0.1459     | 1.2843       | 1.3365      | 0.0746     | 0.6407     | 0.6559     |             | 0.7233   | 0.007  
400    | 2.7490     | 0.1326     | 1.2895       | 1.3269      | 0.0763     | 0.6192     | 0.6392     |             | 0.7597   | -0.038 
Seed 6767 | Src MDE: 0.0191 | Tgt MDE: 0.8149
Start Training Seed 123456...

Start Training... (Validate on Source Val & Target Val)
Epoch  | Total Loss | Train Cls  | Train D_RSSI | Train D_RTT | Val Cls    | Val D_RSSI | Val D_RTT  | Save        | Test MDE | Score  
---------------------------------------------------------------------------------------------------------------------------------------
1      | 6.2627     | 3.4555     | 1.4035       | 1.4037      | 2.8637     | 0.6930     | 0.6860     |             | 1.2340   | -2.692 
2      | 5.4719     | 2.7247     | 1.3777       | 1.3695      | 2.2585     | 0.6891     | 0.6823     |             | 1.1465   | -2.094 
3      | 4.9532     | 2.2399     | 1.3625       | 1.3508      | 1.8119     | 0.6898     | 0.6779     |             | 1.0319   | -1.656 
4      | 4.6279     | 1.9411     | 1.3518       | 1.3350      | 1.4744     | 0.6834     | 0.6738     |             | 1.0327   | -1.327 
5      | 4.3088     | 1.6543     | 1.3395       | 1.3150      | 1.1646     | 0.6804     | 0.6692     |             | 0.9640   | -1.026 
6      | 4.0596     | 1.4348     | 1.3303       | 1.2945      | 0.9688     | 0.6757     | 0.6641     |             | 0.9558   | -0.841 
7      | 3.8330     | 1.2516     | 1.3131       | 1.2682      | 0.7681     | 0.6699     | 0.6579     |             | 0.9846   | -0.652 
8      | 3.6740     | 1.1292     | 1.3020       | 1.2428      | 0.6264     | 0.6619     | 0.6483     |             | 0.9275   | -0.530 
9      | 3.4824     | 0.9907     | 1.2839       | 1.2078      | 0.5027     | 0.6595     | 0.6354     |             | 0.9332   | -0.432 
10     | 3.3646     | 0.9263     | 1.2649       | 1.1733      | 0.4484     | 0.6492     | 0.6281     |             | 0.9183   | -0.392 
11     | 3.2198     | 0.8408     | 1.2424       | 1.1367      | 0.3873     | 0.6350     | 0.6408     |             | 0.9315   | -0.317 
12     | 3.1135     | 0.7852     | 1.2215       | 1.1069      | 0.3220     | 0.6322     | 0.6127     |             | 0.9303   | -0.297 
13     | 2.9857     | 0.7172     | 1.1953       | 1.0732      | 0.2842     | 0.6268     | 0.6125     |             | 0.9159   | -0.259 
14     | 2.8715     | 0.6895     | 1.1600       | 1.0220      | 0.2486     | 0.6070     | 0.6013     |             | 0.9313   | -0.246 
15     | 2.7713     | 0.6513     | 1.1304       | 0.9896      | 0.2283     | 0.6021     | 0.6130     |             | 0.8796   | -0.224 
16     | 2.6858     | 0.6132     | 1.1083       | 0.9642      | 0.2068     | 0.5892     | 0.5999     |             | 0.8919   | -0.228 
17     | 2.5805     | 0.5736     | 1.0754       | 0.9314      | 0.1817     | 0.5920     | 0.5865     |             | 0.8673   | -0.209 
18     | 2.5375     | 0.5697     | 1.0489       | 0.9190      | 0.1671     | 0.5685     | 0.5802     |             | 0.8621   | -0.230 
19     | 2.3820     | 0.5019     | 1.0111       | 0.8689      | 0.1525     | 0.5725     | 0.5665     |             | 0.8546   | -0.220 
20     | 2.3408     | 0.4929     | 0.9941       | 0.8538      | 0.1380     | 0.5533     | 0.5713     |             | 0.8855   | -0.231 
21     | 2.2645     | 0.4897     | 0.9507       | 0.8241      | 0.1265     | 0.5484     | 0.5665     |             | 0.8674   | -0.230 
22     | 2.2551     | 0.4810     | 0.9341       | 0.8400      | 0.1263     | 0.5478     | 0.5472     |             | 0.8705   | -0.232 
23     | 2.1488     | 0.4415     | 0.9091       | 0.7981      | 0.1151     | 0.5452     | 0.5634     |             | 0.8214   | -0.225 
24     | 2.1561     | 0.4603     | 0.8863       | 0.8095      | 0.1156     | 0.5360     | 0.5338     |             | 0.8483   | -0.248 
25     | 2.1040     | 0.4290     | 0.8814       | 0.7936      | 0.1054     | 0.5251     | 0.5569     |             | 0.8016   | -0.255 
26     | 2.0415     | 0.3967     | 0.8707       | 0.7741      | 0.1052     | 0.4958     | 0.5302     |             | 0.8649   | -0.313 
27     | 2.0530     | 0.3996     | 0.8592       | 0.7943      | 0.0994     | 0.5126     | 0.5147     |             | 0.8553   | -0.274 
28     | 2.0232     | 0.3834     | 0.8557       | 0.7842      | 0.0891     | 0.5007     | 0.5349     |             | 0.8405   | -0.288 
29     | 2.0663     | 0.4020     | 0.8487       | 0.8157      | 0.0939     | 0.5043     | 0.5193     |             | 0.8635   | -0.285 
30     | 2.0941     | 0.3935     | 0.8584       | 0.8422      | 0.0858     | 0.4917     | 0.5683     |             | 0.8487   | -0.302 
31     | 2.1030     | 0.3844     | 0.8501       | 0.8685      | 0.0850     | 0.4864     | 0.5310     |             | 0.8915   | -0.312 
32     | 2.1114     | 0.3669     | 0.8359       | 0.9087      | 0.0933     | 0.5016     | 0.5452     |             | 0.8555   | -0.290 
33     | 2.1188     | 0.3679     | 0.8270       | 0.9238      | 0.0862     | 0.4808     | 0.5191     |             | 0.8051   | -0.325 
34     | 2.1164     | 0.3527     | 0.8241       | 0.9396      | 0.0863     | 0.4760     | 0.5336     |             | 0.8169   | -0.334 
35     | 2.1647     | 0.3687     | 0.8300       | 0.9660      | 0.0843     | 0.5368     | 0.5530     |             | 0.8808   | -0.211 
36     | 2.1610     | 0.3529     | 0.8235       | 0.9847      | 0.0865     | 0.5073     | 0.5447     |             | 0.8435   | -0.272 
37     | 2.1756     | 0.3882     | 0.8244       | 0.9629      | 0.0834     | 0.5135     | 0.5735     |             | 0.8312   | -0.256 
38     | 2.1762     | 0.3548     | 0.8519       | 0.9695      | 0.0822     | 0.5358     | 0.5559     |             | 0.8580   | -0.211 
39     | 2.1447     | 0.3493     | 0.8751       | 0.9203      | 0.0774     | 0.5340     | 0.5274     |             | 0.8109   | -0.223 
40     | 2.1779     | 0.3409     | 0.9287       | 0.9083      | 0.0768     | 0.5416     | 0.5398     |             | 0.8413   | -0.197 
41     | 2.2382     | 0.3532     | 0.9672       | 0.9178      | 0.0727     | 0.5206     | 0.5791     |             | 0.8652   | -0.231 
42     | 2.2320     | 0.3435     | 0.9677       | 0.9208      | 0.0714     | 0.5268     | 0.5545     |             | 0.8614   | -0.218 
43     | 2.2271     | 0.3415     | 0.9670       | 0.9185      | 0.0778     | 0.5189     | 0.5768     |             | 0.8091   | -0.240 
44     | 2.2896     | 0.3288     | 0.9838       | 0.9769      | 0.0797     | 0.5126     | 0.5838     |             | 0.8514   | -0.255 
45     | 2.3833     | 0.3683     | 0.9948       | 1.0201      | 0.0803     | 0.4885     | 0.5326     |             | 0.8305   | -0.303 
46     | 2.3438     | 0.3633     | 0.9575       | 1.0229      | 0.0850     | 0.4985     | 0.5503     |             | 0.8173   | -0.288 
47     | 2.3593     | 0.3468     | 0.9645       | 1.0480      | 0.0766     | 0.5211     | 0.5569     |             | 0.8198   | -0.234 
48     | 2.3872     | 0.3688     | 0.9585       | 1.0599      | 0.0771     | 0.5317     | 0.5647     |             | 0.8402   | -0.214 
49     | 2.3610     | 0.3515     | 0.9403       | 1.0692      | 0.0730     | 0.5214     | 0.5558     |             | 0.8823   | -0.230 
50     | 2.3948     | 0.3419     | 0.9721       | 1.0808      | 0.0786     | 0.5367     | 0.5867     |             | 0.8789   | -0.205 
51     | 2.4643     | 0.3590     | 0.9959       | 1.1095      | 0.0757     | 0.5548     | 0.6097     |             | 0.8370   | -0.166 
52     | 2.4882     | 0.3676     | 1.0293       | 1.0913      | 0.0655     | 0.5371     | 0.5728     |             | 0.7405   | -0.191 
53     | 2.3801     | 0.3228     | 0.9656       | 1.0917      | 0.0666     | 0.5367     | 0.5684     |             | 0.7785   | -0.193 
54     | 2.4276     | 0.3556     | 0.9600       | 1.1119      | 0.0627     | 0.5058     | 0.5876     |             | 0.8287   | -0.251 
55     | 2.3966     | 0.3445     | 0.9873       | 1.0648      | 0.0657     | 0.5186     | 0.5688     |             | 0.8006   | -0.228 
56     | 2.4189     | 0.3215     | 1.0321       | 1.0653      | 0.0603     | 0.5450     | 0.5871     |             | 0.8411   | -0.170 
57     | 2.5511     | 0.3307     | 1.0923       | 1.1282      | 0.0655     | 0.5520     | 0.6459     |             | 0.8604   | -0.162 
58     | 2.6645     | 0.3476     | 1.1291       | 1.1878      | 0.0695     | 0.5848     | 0.6302     |             | 0.8167   | -0.100 
59     | 2.6044     | 0.3329     | 1.1230       | 1.1485      | 0.0717     | 0.5494     | 0.6093     |             | 0.8038   | -0.173 
60     | 2.5311     | 0.3196     | 1.0935       | 1.1179      | 0.0683     | 0.5495     | 0.5950     |             | 0.8558   | -0.169 
61     | 2.4884     | 0.3273     | 1.0583       | 1.1029      | 0.0657     | 0.5751     | 0.5651     |             | 0.8196   | -0.136 
62     | 2.5031     | 0.3210     | 1.0754       | 1.1067      | 0.0676     | 0.5413     | 0.5943     |             | 0.8909   | -0.185 
63     | 2.4987     | 0.3205     | 1.0752       | 1.1029      | 0.0718     | 0.5334     | 0.5950     |             | 0.8288   | -0.205 
64     | 2.4535     | 0.3200     | 1.0210       | 1.1125      | 0.0641     | 0.5105     | 0.6108     |             | 0.8421   | -0.243 
65     | 2.4095     | 0.3079     | 1.0025       | 1.0990      | 0.0681     | 0.4758     | 0.6213     |             | 0.8698   | -0.316 
66     | 2.4322     | 0.3156     | 1.0180       | 1.0985      | 0.0674     | 0.5128     | 0.6235     |             | 0.7953   | -0.242 
67     | 2.4190     | 0.2993     | 1.0202       | 1.0994      | 0.0610     | 0.5319     | 0.6243     |             | 0.8563   | -0.197 
68     | 2.4970     | 0.2991     | 1.0570       | 1.1409      | 0.0650     | 0.5266     | 0.6138     |             | 0.7992   | -0.212 
69     | 2.5558     | 0.3115     | 1.0795       | 1.1647      | 0.0573     | 0.5464     | 0.6573     |             | 0.8633   | -0.164 
70     | 2.5266     | 0.2918     | 1.0886       | 1.1461      | 0.0627     | 0.5963     | 0.6259     |             | 0.8496   | -0.070 
71     | 2.5957     | 0.3293     | 1.1186       | 1.1477      | 0.0650     | 0.5729     | 0.6320     |             | 0.8961   | -0.119 
72     | 2.5554     | 0.3131     | 1.0936       | 1.1487      | 0.0621     | 0.5525     | 0.6076     |             | 0.8962   | -0.157 
73     | 2.5249     | 0.3044     | 1.0897       | 1.1307      | 0.0571     | 0.5229     | 0.6275     |             | 0.8812   | -0.211 
74     | 2.6442     | 0.3142     | 1.1133       | 1.2167      | 0.0618     | 0.5429     | 0.6115     |             | 0.8296   | -0.176 
75     | 2.6449     | 0.3028     | 1.1202       | 1.2219      | 0.0550     | 0.5444     | 0.5903     |             | 0.8324   | -0.166 
76     | 2.6512     | 0.2955     | 1.1555       | 1.2002      | 0.0541     | 0.5541     | 0.6406     |             | 0.8784   | -0.146 
77     | 2.6161     | 0.2944     | 1.1487       | 1.1730      | 0.0588     | 0.5617     | 0.6482     |             | 0.8273   | -0.135 
78     | 2.5820     | 0.2852     | 1.1318       | 1.1651      | 0.0522     | 0.5409     | 0.6317     |             | 0.9083   | -0.170 
79     | 2.6051     | 0.2865     | 1.1470       | 1.1716      | 0.0541     | 0.5940     | 0.6165     |             | 0.9643   | -0.066 
80     | 2.5899     | 0.2894     | 1.1536       | 1.1469      | 0.0590     | 0.5542     | 0.5997     |             | 0.9404   | -0.151 
81     | 2.6275     | 0.2935     | 1.1775       | 1.1564      | 0.0632     | 0.5836     | 0.5779     |             | 0.9100   | -0.107 
82     | 2.6310     | 0.2920     | 1.1682       | 1.1708      | 0.0592     | 0.5734     | 0.5910     |             | 0.7911   | -0.112 
83     | 2.5800     | 0.2745     | 1.1493       | 1.1563      | 0.0612     | 0.5744     | 0.5886     |             | 0.8493   | -0.112 
84     | 2.6224     | 0.3133     | 1.1571       | 1.1521      | 0.0580     | 0.5681     | 0.6163     |             | 0.8059   | -0.122 
85     | 2.6379     | 0.2674     | 1.1826       | 1.1879      | 0.0631     | 0.5530     | 0.6413     |             | 0.8732   | -0.157 
86     | 2.6827     | 0.2918     | 1.1813       | 1.2096      | 0.0550     | 0.5726     | 0.6365     |             | 0.8005   | -0.110 
87     | 2.6080     | 0.2805     | 1.1586       | 1.1689      | 0.0526     | 0.5678     | 0.6459     |             | 0.8000   | -0.117 
88     | 2.6229     | 0.2884     | 1.1350       | 1.1995      | 0.0483     | 0.5882     | 0.6259     |             | 0.7459   | -0.072 
89     | 2.6661     | 0.2889     | 1.1741       | 1.2031      | 0.0596     | 0.6300     | 0.6086     |             | 0.7870   | -0.042 
90     | 2.6828     | 0.2923     | 1.2060       | 1.1845      | 0.0638     | 0.6199     | 0.6181     |             | 0.8705   | -0.028 
91     | 2.7373     | 0.2979     | 1.2340       | 1.2053      | 0.0548     | 0.6095     | 0.6158     |             | 0.8987   | -0.036 
92     | 2.7244     | 0.2955     | 1.1999       | 1.2291      | 0.0665     | 0.5778     | 0.6004     |             | 0.8899   | -0.111 
93     | 2.7134     | 0.2958     | 1.2011       | 1.2165      | 0.0603     | 0.6004     | 0.6044     |             | 0.8829   | -0.060 
94     | 2.6487     | 0.2936     | 1.1550       | 1.2001      | 0.0699     | 0.5618     | 0.6186     |             | 0.8587   | -0.146 
95     | 2.6821     | 0.2829     | 1.1487       | 1.2505      | 0.0657     | 0.5475     | 0.6659     |             | 0.7931   | -0.171 
96     | 2.5946     | 0.2787     | 1.1143       | 1.2016      | 0.0632     | 0.5232     | 0.5928     |             | 0.8549   | -0.217 
97     | 2.5955     | 0.2852     | 1.1515       | 1.1588      | 0.0682     | 0.5741     | 0.6060     |             | 0.8810   | -0.120 
98     | 2.7581     | 0.3018     | 1.1911       | 1.2653      | 0.0636     | 0.6043     | 0.6356     |             | 0.8687   | -0.055 
99     | 2.7676     | 0.2714     | 1.1632       | 1.3329      | 0.0714     | 0.5999     | 0.6836     |             | 0.9073   | -0.072 
100    | 2.7607     | 0.2872     | 1.1213       | 1.3522      | 0.0696     | 0.5697     | 0.6966     |             | 0.8767   | -0.130 
101    | 2.7245     | 0.2986     | 1.1083       | 1.3176      | 0.0707     | 0.5689     | 0.6942     |             | 0.9439   | -0.133 
102    | 2.7657     | 0.2775     | 1.1764       | 1.3118      | 0.0616     | 0.6293     | 0.6980     |             | 0.9386   | -0.003 
103    | 2.7425     | 0.2718     | 1.1717       | 1.2989      | 0.0597     | 0.6356     | 0.6459     |             | 0.9402   | 0.011  
104    | 2.7296     | 0.2672     | 1.1874       | 1.2750      | 0.0684     | 0.6400     | 0.6400     |             | 0.9012   | 0.012  
105    | 2.7161     | 0.2730     | 1.2070       | 1.2361      | 0.0499     | 0.6193     | 0.6381     |             | 0.9185   | -0.011 
106    | 2.7006     | 0.2755     | 1.2237       | 1.2014      | 0.0634     | 0.6258     | 0.6389     |             | 0.8808   | -0.012 
107    | 2.7158     | 0.2663     | 1.2417       | 1.2077      | 0.0580     | 0.6147     | 0.6310     |             | 0.9203   | -0.029 
108    | 2.7734     | 0.3076     | 1.2693       | 1.1965      | 0.0620     | 0.6063     | 0.6278     |             | 0.8212   | -0.049 
109    | 2.6736     | 0.2419     | 1.2399       | 1.1918      | 0.0588     | 0.6071     | 0.6345     |             | 0.8533   | -0.045 
110    | 2.6968     | 0.2616     | 1.2402       | 1.1950      | 0.0610     | 0.6176     | 0.6352     |             | 0.9088   | -0.026 
111    | 2.6575     | 0.2550     | 1.2116       | 1.1909      | 0.0755     | 0.6115     | 0.6447     |             | 0.8886   | -0.053 
112    | 2.6152     | 0.2502     | 1.1986       | 1.1664      | 0.0631     | 0.5815     | 0.6098     |             | 0.8461   | -0.100 
113    | 2.6667     | 0.2450     | 1.2479       | 1.1738      | 0.0683     | 0.6498     | 0.6120     |             | 0.9017   | -0.044 
114    | 2.7961     | 0.2710     | 1.3318       | 1.1933      | 0.0710     | 0.6911     | 0.5991     |             | 0.9040   | -0.073 
115    | 2.8006     | 0.2583     | 1.3481       | 1.1943      | 0.0660     | 0.6188     | 0.6227     |             | 0.8538   | -0.028 
116    | 2.8324     | 0.2772     | 1.3395       | 1.2157      | 0.0773     | 0.5639     | 0.6458     |             | 0.9456   | -0.150 
117    | 2.8816     | 0.2523     | 1.4152       | 1.2142      | 0.0918     | 0.6583     | 0.6678     |             | 1.0196   | 0.025  
118    | 2.8127     | 0.2750     | 1.3510       | 1.1866      | 0.0535     | 0.6316     | 0.6298     |             | 0.9490   | 0.006  
119    | 2.6599     | 0.2250     | 1.2389       | 1.1960      | 0.0636     | 0.6250     | 0.6435     |             | 0.9293   | -0.014 
120    | 2.7378     | 0.2657     | 1.2479       | 1.2243      | 0.0617     | 0.6415     | 0.6564     |             | 0.9297   | 0.021  
121    | 2.7045     | 0.2661     | 1.2343       | 1.2041      | 0.0609     | 0.6077     | 0.6369     |             | 0.8633   | -0.046 
122    | 2.7314     | 0.2602     | 1.2453       | 1.2258      | 0.0554     | 0.6329     | 0.6184     |             | 0.8662   | -0.019 
123    | 2.6769     | 0.2407     | 1.2245       | 1.2117      | 0.0664     | 0.6395     | 0.6307     |             | 0.9001   | -0.005 
124    | 2.7072     | 0.2641     | 1.2212       | 1.2220      | 0.0557     | 0.6039     | 0.6467     |             | 0.8980   | -0.048 
125    | 2.6453     | 0.2390     | 1.1835       | 1.2227      | 0.0566     | 0.5918     | 0.6265     |             | 0.8351   | -0.073 
126    | 2.6410     | 0.2300     | 1.1751       | 1.2359      | 0.0571     | 0.6000     | 0.6306     |             | 0.8589   | -0.057 
127    | 2.6567     | 0.2612     | 1.1819       | 1.2136      | 0.0626     | 0.5991     | 0.6229     |             | 0.8673   | -0.064 
128    | 2.6692     | 0.2463     | 1.1999       | 1.2229      | 0.0550     | 0.5997     | 0.6205     |             | 0.8799   | -0.056 
129    | 2.6956     | 0.2515     | 1.2083       | 1.2358      | 0.0581     | 0.5966     | 0.6389     |             | 0.8547   | -0.065 
130    | 2.6839     | 0.2577     | 1.2085       | 1.2177      | 0.0502     | 0.5910     | 0.6369     |             | 0.8584   | -0.068 
131    | 2.6325     | 0.2249     | 1.2225       | 1.1851      | 0.0492     | 0.5933     | 0.6206     |             | 0.8660   | -0.063 
132    | 2.6571     | 0.2385     | 1.2104       | 1.2082      | 0.0552     | 0.5915     | 0.6416     |             | 0.8199   | -0.072 
133    | 2.7035     | 0.2457     | 1.2487       | 1.2091      | 0.0549     | 0.5741     | 0.6392     |             | 0.8944   | -0.107 
134    | 2.6830     | 0.2359     | 1.2265       | 1.2205      | 0.0568     | 0.5814     | 0.6701     |             | 0.8457   | -0.094 
135    | 2.7098     | 0.2317     | 1.2575       | 1.2206      | 0.0559     | 0.5976     | 0.6888     |             | 0.8559   | -0.061 
136    | 2.7146     | 0.2389     | 1.2827       | 1.1930      | 0.0570     | 0.6237     | 0.6284     |             | 0.7942   | -0.010 
137    | 2.6769     | 0.2335     | 1.2591       | 1.1843      | 0.0566     | 0.6469     | 0.6272     |             | 0.8618   | -0.002 
138    | 2.7450     | 0.2259     | 1.2962       | 1.2229      | 0.0529     | 0.6312     | 0.6318     |             | 0.7891   | 0.009  
139    | 2.7529     | 0.2371     | 1.2658       | 1.2501      | 0.0476     | 0.6077     | 0.6097     |             | 0.7959   | -0.032 
140    | 2.7155     | 0.2351     | 1.2505       | 1.2299      | 0.0536     | 0.5921     | 0.5973     |             | 0.7546   | -0.069 
141    | 2.6506     | 0.2073     | 1.2441       | 1.1992      | 0.0577     | 0.6171     | 0.6226     |             | 0.8542   | -0.023 
142    | 2.7309     | 0.2302     | 1.2834       | 1.2173      | 0.0680     | 0.6062     | 0.5975     |             | 0.8700   | -0.073 
143    | 2.7350     | 0.2401     | 1.2779       | 1.2171      | 0.0629     | 0.6111     | 0.6432     |             | 0.8690   | -0.041 
144    | 2.7446     | 0.2418     | 1.2596       | 1.2432      | 0.0716     | 0.6081     | 0.6240     |             | 0.7931   | -0.055 
145    | 2.6946     | 0.2371     | 1.2146       | 1.2429      | 0.0715     | 0.5841     | 0.6258     |             | 0.8503   | -0.103 
146    | 2.6750     | 0.2319     | 1.2218       | 1.2212      | 0.0580     | 0.6031     | 0.6281     |             | 0.9282   | -0.052 
147    | 2.7092     | 0.2474     | 1.2330       | 1.2288      | 0.0573     | 0.6203     | 0.6245     |             | 0.8454   | -0.017 
148    | 2.6909     | 0.2215     | 1.2381       | 1.2312      | 0.0589     | 0.6211     | 0.6286     |             | 0.8746   | -0.017 
149    | 2.6995     | 0.2443     | 1.2390       | 1.2162      | 0.0633     | 0.5892     | 0.6234     |             | 0.8395   | -0.085 
150    | 2.6982     | 0.2408     | 1.2366       | 1.2208      | 0.0644     | 0.6009     | 0.6512     |             | 0.8180   | -0.063 
151    | 2.6986     | 0.2168     | 1.2374       | 1.2444      | 0.0685     | 0.6177     | 0.6769     |             | 0.8808   | -0.033 
152    | 2.6582     | 0.2035     | 1.2328       | 1.2219      | 0.0667     | 0.6079     | 0.6289     |             | 0.8064   | -0.051 
153    | 2.6455     | 0.2001     | 1.2367       | 1.2087      | 0.0649     | 0.6356     | 0.6159     |             | 0.7812   | -0.033 
154    | 2.6902     | 0.2271     | 1.2508       | 1.2123      | 0.0755     | 0.6297     | 0.6124     |             | 0.7716   | -0.051 
155    | 2.6430     | 0.2060     | 1.2075       | 1.2295      | 0.0671     | 0.6286     | 0.6089     |             | 0.7431   | -0.049 
156    | 2.7181     | 0.2171     | 1.2555       | 1.2454      | 0.0591     | 0.6245     | 0.6329     |             | 0.7583   | -0.010 
157    | 2.7396     | 0.2258     | 1.2545       | 1.2592      | 0.0623     | 0.6096     | 0.6294     |             | 0.8125   | -0.043 
158    | 2.7664     | 0.2442     | 1.2481       | 1.2742      | 0.0572     | 0.6271     | 0.6248     |             | 0.7496   | -0.008 
159    | 2.7226     | 0.2320     | 1.2434       | 1.2472      | 0.0667     | 0.6430     | 0.6305     |             | 0.8380   | -0.006 
160    | 2.7227     | 0.2161     | 1.2584       | 1.2482      | 0.0706     | 0.6535     | 0.6259     |             | 0.7667   | -0.019 
161    | 2.7404     | 0.2453     | 1.2414       | 1.2537      | 0.0531     | 0.6241     | 0.6297     |             | 0.8355   | -0.005 
162    | 2.6887     | 0.2151     | 1.2482       | 1.2255      | 0.0534     | 0.6067     | 0.6366     |             | 0.8456   | -0.040 
163    | 2.7214     | 0.2261     | 1.2634       | 1.2318      | 0.0647     | 0.6596     | 0.6460     |             | 0.8489   | 0.027  
164    | 2.7302     | 0.2084     | 1.2889       | 1.2329      | 0.0663     | 0.6807     | 0.6529     |             | 0.8115   | 0.039  
165    | 2.7584     | 0.2163     | 1.3076       | 1.2344      | 0.0549     | 0.6766     | 0.6484     |             | 0.9174   | 0.042  
166    | 2.7948     | 0.2339     | 1.3333       | 1.2277      | 0.0508     | 0.7086     | 0.6345     |             | 0.8359   | 0.018  
167    | 2.7739     | 0.2176     | 1.3294       | 1.2269      | 0.0444     | 0.7051     | 0.6583     |             | 0.8000   | 0.072  
168    | 2.7311     | 0.2115     | 1.3008       | 1.2188      | 0.0463     | 0.6771     | 0.6362     |             | 0.8555   | 0.026  
169    | 2.7329     | 0.2297     | 1.2866       | 1.2166      | 0.0525     | 0.6467     | 0.6319     |             | 0.8522   | 0.011  
170    | 2.6851     | 0.2147     | 1.2575       | 1.2129      | 0.0466     | 0.6184     | 0.6346     |             | 0.8537   | -0.010 
171    | 2.6826     | 0.2192     | 1.2454       | 1.2180      | 0.0512     | 0.6082     | 0.6375     |             | 0.8049   | -0.035 
172    | 2.6438     | 0.2128     | 1.2226       | 1.2084      | 0.0521     | 0.5922     | 0.6254     |             | 0.7175   | -0.068 
173    | 2.6012     | 0.2053     | 1.2071       | 1.1888      | 0.0575     | 0.5845     | 0.5949     |             | 0.7519   | -0.089 
174    | 2.5985     | 0.2019     | 1.2190       | 1.1777      | 0.0492     | 0.6106     | 0.6193     |             | 0.7431   | -0.028 
175    | 2.6440     | 0.2136     | 1.2429       | 1.1875      | 0.0531     | 0.6169     | 0.6094     |             | 0.7207   | -0.034 
176    | 2.6570     | 0.1991     | 1.2511       | 1.2068      | 0.0606     | 0.5954     | 0.6207     |             | 0.7849   | -0.070 
177    | 2.6509     | 0.2267     | 1.2290       | 1.1952      | 0.0591     | 0.5839     | 0.6246     |             | 0.7783   | -0.091 
178    | 2.6171     | 0.1868     | 1.2248       | 1.2056      | 0.0492     | 0.5958     | 0.6195     |             | 0.8234   | -0.058 
179    | 2.6526     | 0.2043     | 1.2259       | 1.2225      | 0.0469     | 0.6130     | 0.6309     |             | 0.7688   | -0.021 
180    | 2.6086     | 0.1980     | 1.2208       | 1.1898      | 0.0493     | 0.6039     | 0.6284     |             | 0.7965   | -0.041 
181    | 2.6733     | 0.2126     | 1.2711       | 1.1896      | 0.0475     | 0.6366     | 0.6009     |             | 0.7661   | -0.046 
182    | 2.6513     | 0.2043     | 1.2668       | 1.1802      | 0.0378     | 0.6317     | 0.6157     |             | 0.7001   | -0.006 
183    | 2.7060     | 0.1964     | 1.2863       | 1.2232      | 0.0496     | 0.6384     | 0.6417     |             | 0.7504   | 0.027  
184    | 2.7542     | 0.2019     | 1.3052       | 1.2472      | 0.0476     | 0.6502     | 0.6261     |             | 0.7440   | 0.005  
185    | 2.7175     | 0.1931     | 1.2791       | 1.2453      | 0.0497     | 0.6406     | 0.6179     |             | 0.7228   | -0.014 
186    | 2.7230     | 0.2025     | 1.2588       | 1.2616      | 0.0405     | 0.6099     | 0.6438     |             | 0.7451   | -0.021 
187    | 2.7688     | 0.2231     | 1.2557       | 1.2901      | 0.0595     | 0.6395     | 0.6459     |             | 0.7890   | 0.020  
188    | 2.7772     | 0.2127     | 1.2739       | 1.2906      | 0.0578     | 0.6350     | 0.6475     |             | 0.7399   | 0.012  
189    | 2.7548     | 0.2134     | 1.2583       | 1.2830      | 0.0582     | 0.6264     | 0.6696     |             | 0.7477   | -0.005 
190    | 2.7485     | 0.2008     | 1.2519       | 1.2958      | 0.0662     | 0.6147     | 0.6287     |             | 0.7601   | -0.037 
191    | 2.7729     | 0.2115     | 1.2503       | 1.3111      | 0.0557     | 0.6111     | 0.6550     |             | 0.7347   | -0.033 
192    | 2.7910     | 0.2020     | 1.2576       | 1.3314      | 0.0496     | 0.6129     | 0.6488     |             | 0.7913   | -0.024 
193    | 2.8079     | 0.2043     | 1.2835       | 1.3200      | 0.0542     | 0.6016     | 0.6689     |             | 0.7977   | -0.051 
194    | 2.7456     | 0.1961     | 1.2646       | 1.2849      | 0.0542     | 0.6139     | 0.6369     |             | 0.8986   | -0.026 
195    | 2.7635     | 0.2116     | 1.2727       | 1.2792      | 0.0522     | 0.6042     | 0.6610     |             | 0.8185   | -0.044 
196    | 2.7138     | 0.1812     | 1.2681       | 1.2645      | 0.0494     | 0.6034     | 0.6354     |             | 0.8712   | -0.043 
197    | 2.7221     | 0.1867     | 1.2849       | 1.2505      | 0.0473     | 0.5988     | 0.6280     |             | 0.8704   | -0.050 
198    | 2.7480     | 0.2022     | 1.2880       | 1.2578      | 0.0514     | 0.6204     | 0.6307     |             | 0.8461   | -0.011 
199    | 2.7524     | 0.2060     | 1.2908       | 1.2557      | 0.0525     | 0.6342     | 0.6442     |             | 0.9139   | 0.016  
200    | 2.7549     | 0.1841     | 1.2907       | 1.2801      | 0.0527     | 0.6394     | 0.6310     |             | 0.8118   | 0.009  
201    | 2.8126     | 0.2050     | 1.2786       | 1.3290      | 0.0526     | 0.6122     | 0.6548     |             | 0.9317   | -0.028 
202    | 2.8228     | 0.2136     | 1.2857       | 1.3236      | 0.0553     | 0.6180     | 0.6559     |             | 0.8750   | -0.019 
203    | 2.8033     | 0.2052     | 1.2773       | 1.3208      | 0.0595     | 0.6024     | 0.6514     |             | 0.8760   | -0.055 
204    | 2.7806     | 0.2114     | 1.2693       | 1.2998      | 0.0656     | 0.5843     | 0.6194     |             | 0.9077   | -0.097 
205    | 2.7184     | 0.1832     | 1.2636       | 1.2715      | 0.0674     | 0.5798     | 0.6177     |             | 0.8878   | -0.108 
206    | 2.7774     | 0.2081     | 1.2832       | 1.2862      | 0.0653     | 0.5816     | 0.6168     |             | 0.8585   | -0.102 
207    | 2.7558     | 0.1946     | 1.2754       | 1.2858      | 0.0761     | 0.5936     | 0.6260     |             | 0.8455   | -0.089 
208    | 2.7415     | 0.2112     | 1.2702       | 1.2602      | 0.0664     | 0.5886     | 0.6048     |             | 0.8761   | -0.089 
209    | 2.7038     | 0.2043     | 1.2596       | 1.2399      | 0.0707     | 0.5961     | 0.6180     |             | 0.8227   | -0.079 
210    | 2.7124     | 0.2041     | 1.2583       | 1.2500      | 0.0625     | 0.6000     | 0.5992     |             | 0.9107   | -0.064 
211    | 2.6880     | 0.2000     | 1.2509       | 1.2371      | 0.0641     | 0.6102     | 0.6109     |             | 0.8474   | -0.044 
212    | 2.7110     | 0.2066     | 1.2580       | 1.2464      | 0.0621     | 0.6142     | 0.6335     |             | 0.8328   | -0.034 
213    | 2.7145     | 0.1913     | 1.2463       | 1.2770      | 0.0584     | 0.6197     | 0.6517     |             | 0.8180   | -0.019 
214    | 2.6903     | 0.2002     | 1.2326       | 1.2576      | 0.0492     | 0.6142     | 0.6641     |             | 0.8143   | -0.021 
215    | 2.7105     | 0.2116     | 1.2454       | 1.2535      | 0.0492     | 0.6219     | 0.6561     |             | 0.8145   | -0.005 
216    | 2.7392     | 0.2074     | 1.2750       | 1.2568      | 0.0477     | 0.6480     | 0.6866     |             | 0.8040   | 0.048  
217    | 2.7728     | 0.1875     | 1.2853       | 1.3000      | 0.0528     | 0.6277     | 0.6566     |             | 0.8177   | 0.003  
218    | 2.7410     | 0.1857     | 1.2954       | 1.2599      | 0.0520     | 0.6279     | 0.6507     |             | 0.7873   | 0.004  
219    | 2.7134     | 0.1996     | 1.2870       | 1.2268      | 0.0454     | 0.6159     | 0.6466     |             | 0.8474   | -0.014 
220    | 2.6691     | 0.1866     | 1.2783       | 1.2042      | 0.0405     | 0.6183     | 0.6363     |             | 0.8205   | -0.004 
221    | 2.7042     | 0.1944     | 1.3023       | 1.2075      | 0.0533     | 0.6176     | 0.6537     |             | 0.8149   | -0.018 
222    | 2.7102     | 0.1794     | 1.3150       | 1.2157      | 0.0486     | 0.6142     | 0.6393     |             | 0.7454   | -0.020 
223    | 2.7226     | 0.1876     | 1.3151       | 1.2199      | 0.0518     | 0.6210     | 0.6503     |             | 0.6856   | -0.010 
224    | 2.7436     | 0.1924     | 1.3084       | 1.2428      | 0.0559     | 0.6369     | 0.6611     |             | 0.7392   | 0.018  
225    | 2.7540     | 0.1960     | 1.2931       | 1.2649      | 0.0566     | 0.6330     | 0.6740     |             | 0.8208   | 0.009  
226    | 2.7361     | 0.1848     | 1.2843       | 1.2670      | 0.0548     | 0.6350     | 0.6537     |             | 0.8417   | 0.015  
227    | 2.7430     | 0.1690     | 1.2992       | 1.2748      | 0.0455     | 0.6463     | 0.6468     |             | 0.8313   | 0.047  
228    | 2.7390     | 0.1773     | 1.3018       | 1.2599      | 0.0507     | 0.6409     | 0.6530     |             | 0.7939   | 0.031  
229    | 2.7133     | 0.1837     | 1.3018       | 1.2277      | 0.0492     | 0.6342     | 0.6432     |             | 0.8208   | 0.019  
230    | 2.7048     | 0.1892     | 1.3097       | 1.2059      | 0.0396     | 0.6404     | 0.6287     |             | 0.8095   | 0.018  
231    | 2.6970     | 0.1874     | 1.2961       | 1.2135      | 0.0415     | 0.6176     | 0.6615     |             | 0.8400   | -0.006 
232    | 2.7185     | 0.1801     | 1.2784       | 1.2601      | 0.0466     | 0.6025     | 0.6420     |             | 0.8407   | -0.042 
233    | 2.7543     | 0.1787     | 1.3019       | 1.2737      | 0.0541     | 0.6057     | 0.6425     |             | 0.8196   | -0.043 
234    | 2.7121     | 0.1792     | 1.2842       | 1.2487      | 0.0536     | 0.6183     | 0.5947     |             | 0.8233   | -0.064 
235    | 2.7084     | 0.1889     | 1.2877       | 1.2317      | 0.0587     | 0.6232     | 0.6074     |             | 0.7950   | -0.044 
236    | 2.6735     | 0.1786     | 1.2814       | 1.2135      | 0.0533     | 0.6088     | 0.5981     |             | 0.8074   | -0.057 
237    | 2.6427     | 0.1694     | 1.2736       | 1.1997      | 0.0640     | 0.6102     | 0.5897     |             | 0.8157   | -0.085 
238    | 2.6288     | 0.1589     | 1.2664       | 1.2035      | 0.0642     | 0.6071     | 0.6155     |             | 0.7985   | -0.050 
239    | 2.6619     | 0.1797     | 1.2640       | 1.2182      | 0.0657     | 0.6057     | 0.6231     |             | 0.7881   | -0.054 
240    | 2.6809     | 0.1736     | 1.2714       | 1.2360      | 0.0519     | 0.6139     | 0.6108     |             | 0.8289   | -0.030 
241    | 2.6636     | 0.1764     | 1.2619       | 1.2252      | 0.0578     | 0.6281     | 0.6163     |             | 0.8785   | -0.025 
242    | 2.7043     | 0.1914     | 1.2714       | 1.2415      | 0.0529     | 0.6145     | 0.6244     |             | 0.8652   | -0.024 
243    | 2.6734     | 0.1848     | 1.2568       | 1.2318      | 0.0470     | 0.6072     | 0.6208     |             | 0.7998   | -0.033 
244    | 2.7105     | 0.1979     | 1.2549       | 1.2577      | 0.0650     | 0.6039     | 0.6388     |             | 0.8352   | -0.057 
245    | 2.7143     | 0.1822     | 1.2504       | 1.2817      | 0.0558     | 0.6017     | 0.6488     |             | 0.8024   | -0.052 
246    | 2.7091     | 0.1774     | 1.2465       | 1.2853      | 0.0497     | 0.6066     | 0.6525     |             | 0.7880   | -0.036 
247    | 2.7250     | 0.1784     | 1.2447       | 1.3019      | 0.0522     | 0.6064     | 0.6541     |             | 0.8731   | -0.039 
248    | 2.7183     | 0.1933     | 1.2460       | 1.2790      | 0.0553     | 0.5994     | 0.6501     |             | 0.8091   | -0.056 
249    | 2.6997     | 0.1890     | 1.2445       | 1.2662      | 0.0532     | 0.6121     | 0.6359     |             | 0.7632   | -0.029 
250    | 2.7097     | 0.1789     | 1.2641       | 1.2667      | 0.0573     | 0.6042     | 0.6524     |             | 0.8785   | -0.049 
251    | 2.7242     | 0.1853     | 1.2739       | 1.2650      | 0.0583     | 0.6039     | 0.6599     |             | 0.8641   | -0.050 
252    | 2.7493     | 0.1680     | 1.2986       | 1.2827      | 0.0511     | 0.6437     | 0.6515     |             | 0.8864   | 0.036  
253    | 2.8010     | 0.1918     | 1.3103       | 1.2989      | 0.0565     | 0.6231     | 0.6351     |             | 0.9120   | -0.010 
254    | 2.7810     | 0.1836     | 1.3007       | 1.2967      | 0.0644     | 0.6112     | 0.6344     |             | 0.8544   | -0.042 
255    | 2.7919     | 0.1901     | 1.3053       | 1.2965      | 0.0560     | 0.6196     | 0.6244     |             | 0.8801   | -0.017 
256    | 2.7878     | 0.1932     | 1.3124       | 1.2822      | 0.0571     | 0.6152     | 0.6355     |             | 0.7995   | -0.027 
257    | 2.7841     | 0.1891     | 1.3009       | 1.2941      | 0.0551     | 0.5953     | 0.6485     |             | 0.8236   | -0.065 
258    | 2.7770     | 0.2183     | 1.2690       | 1.2897      | 0.0541     | 0.5809     | 0.6224     |             | 0.7880   | -0.092 
259    | 2.7174     | 0.2017     | 1.2625       | 1.2532      | 0.0485     | 0.5798     | 0.5939     |             | 0.7834   | -0.089 
260    | 2.7171     | 0.1769     | 1.2680       | 1.2722      | 0.0526     | 0.5894     | 0.6116     |             | 0.8181   | -0.074 
261    | 2.6980     | 0.1687     | 1.2595       | 1.2697      | 0.0535     | 0.5938     | 0.6243     |             | 0.8317   | -0.066 
262    | 2.7053     | 0.1787     | 1.2608       | 1.2658      | 0.0455     | 0.5950     | 0.6248     |             | 0.8035   | -0.056 
263    | 2.7122     | 0.1873     | 1.2642       | 1.2607      | 0.0568     | 0.6033     | 0.6644     |             | 0.7824   | -0.050 
264    | 2.7408     | 0.1681     | 1.2752       | 1.2975      | 0.0489     | 0.6071     | 0.6679     |             | 0.8399   | -0.035 
265    | 2.8017     | 0.1964     | 1.2810       | 1.3242      | 0.0520     | 0.6039     | 0.6443     |             | 0.8365   | -0.044 
266    | 2.7299     | 0.1669     | 1.2783       | 1.2848      | 0.0581     | 0.6133     | 0.6269     |             | 0.8066   | -0.031 
267    | 2.7367     | 0.1798     | 1.2801       | 1.2768      | 0.0522     | 0.6024     | 0.6357     |             | 0.8419   | -0.048 
268    | 2.7090     | 0.1829     | 1.2704       | 1.2556      | 0.0526     | 0.6037     | 0.6295     |             | 0.8511   | -0.045 
269    | 2.6958     | 0.1686     | 1.2788       | 1.2484      | 0.0526     | 0.5926     | 0.6278     |             | 0.8356   | -0.067 
270    | 2.7060     | 0.1745     | 1.2643       | 1.2672      | 0.0543     | 0.5841     | 0.6336     |             | 0.8505   | -0.086 
271    | 2.7035     | 0.1629     | 1.2727       | 1.2680      | 0.0563     | 0.6003     | 0.6453     |             | 0.8149   | -0.056 
272    | 2.7485     | 0.1962     | 1.2734       | 1.2790      | 0.0531     | 0.6057     | 0.6333     |             | 0.8096   | -0.042 
273    | 2.7204     | 0.1726     | 1.2665       | 1.2812      | 0.0576     | 0.6193     | 0.6467     |             | 0.7808   | -0.019 
274    | 2.7368     | 0.1688     | 1.2726       | 1.2954      | 0.0510     | 0.6067     | 0.6494     |             | 0.8222   | -0.038 
275    | 2.7558     | 0.1844     | 1.2828       | 1.2886      | 0.0536     | 0.6208     | 0.6355     |             | 0.8218   | -0.012 
276    | 2.7163     | 0.1589     | 1.2984       | 1.2590      | 0.0557     | 0.6200     | 0.6342     |             | 0.7592   | -0.016 
277    | 2.7356     | 0.1807     | 1.2824       | 1.2724      | 0.0572     | 0.6237     | 0.6317     |             | 0.7954   | -0.010 
278    | 2.7382     | 0.1771     | 1.2912       | 1.2699      | 0.0456     | 0.6332     | 0.6429     |             | 0.8567   | 0.021  
279    | 2.7469     | 0.1812     | 1.2853       | 1.2804      | 0.0495     | 0.6280     | 0.6569     |             | 0.7545   | 0.007  
280    | 2.7542     | 0.1771     | 1.2953       | 1.2817      | 0.0467     | 0.6348     | 0.6200     |             | 0.7862   | -0.007 
281    | 2.7587     | 0.1763     | 1.2873       | 1.2951      | 0.0480     | 0.6346     | 0.6459     |             | 0.7492   | 0.021  
282    | 2.7442     | 0.1820     | 1.2928       | 1.2694      | 0.0507     | 0.6395     | 0.6525     |             | 0.7284   | 0.028  
283    | 2.7328     | 0.1828     | 1.2783       | 1.2718      | 0.0494     | 0.6118     | 0.6437     |             | 0.7646   | -0.026 
284    | 2.7032     | 0.1837     | 1.2709       | 1.2487      | 0.0446     | 0.6114     | 0.6312     |             | 0.7594   | -0.022 
285    | 2.6788     | 0.1667     | 1.2583       | 1.2538      | 0.0507     | 0.5991     | 0.6370     |             | 0.7885   | -0.052 
286    | 2.6930     | 0.1647     | 1.2667       | 1.2617      | 0.0500     | 0.6061     | 0.6319     |             | 0.8069   | -0.038 
287    | 2.6696     | 0.1513     | 1.2743       | 1.2441      | 0.0520     | 0.6177     | 0.6466     |             | 0.7997   | -0.017 
288    | 2.7410     | 0.1619     | 1.2963       | 1.2828      | 0.0589     | 0.6101     | 0.6641     |             | 0.8453   | -0.039 
289    | 2.6996     | 0.1729     | 1.2782       | 1.2485      | 0.0509     | 0.5945     | 0.6462     |             | 0.8526   | -0.062 
290    | 2.7469     | 0.1929     | 1.2793       | 1.2746      | 0.0540     | 0.6073     | 0.6669     |             | 0.8121   | -0.039 
291    | 2.7667     | 0.1828     | 1.2934       | 1.2905      | 0.0540     | 0.6170     | 0.6641     |             | 0.8318   | -0.020 
292    | 2.7672     | 0.1571     | 1.2878       | 1.3224      | 0.0606     | 0.6276     | 0.6854     |             | 0.8134   | -0.005 
293    | 2.7910     | 0.1649     | 1.2997       | 1.3265      | 0.0581     | 0.6209     | 0.6628     |             | 0.8036   | -0.016 
294    | 2.7485     | 0.1372     | 1.2892       | 1.3222      | 0.0613     | 0.6086     | 0.6676     |             | 0.8239   | -0.044 
295    | 2.7843     | 0.1770     | 1.2979       | 1.3094      | 0.0532     | 0.6060     | 0.6491     |             | 0.8440   | -0.041 
296    | 2.7582     | 0.1907     | 1.2787       | 1.2888      | 0.0549     | 0.6017     | 0.6379     |             | 0.8004   | -0.051 
297    | 2.6884     | 0.1545     | 1.2713       | 1.2626      | 0.0551     | 0.5926     | 0.6386     |             | 0.8043   | -0.070 
298    | 2.6652     | 0.1461     | 1.2710       | 1.2481      | 0.0632     | 0.6086     | 0.6515     |             | 0.8632   | -0.046 
299    | 2.6966     | 0.1535     | 1.2740       | 1.2692      | 0.0540     | 0.5947     | 0.6484     |             | 0.8107   | -0.065 
300    | 2.6655     | 0.1458     | 1.2708       | 1.2489      | 0.0520     | 0.5997     | 0.6424     |             | 0.8366   | -0.053 
301    | 2.6952     | 0.1706     | 1.2728       | 1.2519      | 0.0530     | 0.6021     | 0.6431     |             | 0.8281   | -0.049 
302    | 2.6856     | 0.1653     | 1.2617       | 1.2586      | 0.0578     | 0.6248     | 0.6729     |             | 0.8627   | -0.008 
303    | 2.7176     | 0.1727     | 1.2660       | 1.2789      | 0.0622     | 0.6187     | 0.6605     |             | 0.8443   | -0.025 
304    | 2.7046     | 0.1647     | 1.2649       | 1.2750      | 0.0507     | 0.6251     | 0.6499     |             | 0.8705   | -0.000 
305    | 2.7195     | 0.1744     | 1.2613       | 1.2839      | 0.0569     | 0.6247     | 0.6561     |             | 0.8691   | -0.007 
306    | 2.6854     | 0.1457     | 1.2512       | 1.2885      | 0.0572     | 0.6100     | 0.6760     |             | 0.8785   | -0.037 
307    | 2.7387     | 0.1719     | 1.2450       | 1.3218      | 0.0578     | 0.6211     | 0.7120     |             | 0.9126   | -0.016 
308    | 2.7292     | 0.1760     | 1.2455       | 1.3077      | 0.0523     | 0.6189     | 0.6975     |             | 0.8059   | -0.015 
309    | 2.7282     | 0.1654     | 1.2366       | 1.3262      | 0.0605     | 0.6137     | 0.7100     |             | 0.8314   | -0.033 
310    | 2.7499     | 0.1638     | 1.2367       | 1.3493      | 0.0597     | 0.6120     | 0.6932     |             | 0.8562   | -0.036 
311    | 2.7673     | 0.1690     | 1.2486       | 1.3497      | 0.0581     | 0.6105     | 0.6778     |             | 0.8894   | -0.037 
312    | 2.7987     | 0.1757     | 1.2521       | 1.3709      | 0.0624     | 0.6209     | 0.6673     |             | 0.9179   | -0.021 
313    | 2.8318     | 0.1955     | 1.2818       | 1.3545      | 0.0588     | 0.6493     | 0.6615     |             | 0.9015   | 0.040  
314    | 2.8405     | 0.1830     | 1.2882       | 1.3693      | 0.0651     | 0.6673     | 0.6666     |             | 0.9640   | 0.068  
315    | 2.8187     | 0.1767     | 1.2955       | 1.3465      | 0.0548     | 0.6675     | 0.6659     |             | 0.8231   | 0.077  
316    | 2.8254     | 0.1982     | 1.2844       | 1.3428      | 0.0467     | 0.6416     | 0.6814     |             | 0.8873   | 0.037  
317    | 2.7985     | 0.1886     | 1.2712       | 1.3387      | 0.0564     | 0.6340     | 0.6972     |             | 0.8747   | 0.012  
318    | 2.8043     | 0.1993     | 1.2562       | 1.3488      | 0.0604     | 0.6272     | 0.6724     |             | 0.8261   | -0.006 
319    | 2.7928     | 0.1956     | 1.2736       | 1.3236      | 0.0687     | 0.6387     | 0.6629     |             | 0.8570   | 0.009  
320    | 2.8217     | 0.1938     | 1.2874       | 1.3404      | 0.0748     | 0.6332     | 0.6752     |             | 0.8763   | -0.008 
321    | 2.8326     | 0.1806     | 1.2960       | 1.3561      | 0.0826     | 0.6431     | 0.6576     |             | 0.8413   | 0.004  
322    | 2.7667     | 0.1726     | 1.2977       | 1.2963      | 0.0684     | 0.6249     | 0.6327     |             | 0.8339   | -0.019 
323    | 2.7295     | 0.1657     | 1.2805       | 1.2834      | 0.0663     | 0.6129     | 0.6588     |             | 0.8108   | -0.041 
324    | 2.6982     | 0.1608     | 1.2619       | 1.2755      | 0.0689     | 0.6125     | 0.6560     |             | 0.8419   | -0.044 
325    | 2.6911     | 0.1407     | 1.2703       | 1.2801      | 0.0646     | 0.6208     | 0.6636     |             | 0.8346   | -0.023 
326    | 2.7220     | 0.1639     | 1.2762       | 1.2818      | 0.0683     | 0.6081     | 0.6552     |             | 0.7635   | -0.052 
327    | 2.7593     | 0.1629     | 1.2985       | 1.2979      | 0.0708     | 0.6271     | 0.6837     |             | 0.7502   | -0.017 
328    | 2.7891     | 0.1779     | 1.2905       | 1.3207      | 0.0589     | 0.6287     | 0.6704     |             | 0.7694   | -0.002 
329    | 2.8098     | 0.1926     | 1.3040       | 1.3132      | 0.0671     | 0.6391     | 0.7004     |             | 0.7804   | 0.011  
330    | 2.7805     | 0.1829     | 1.3070       | 1.2906      | 0.0674     | 0.6381     | 0.6987     |             | 0.8155   | 0.009  
331    | 2.7645     | 0.1725     | 1.2955       | 1.2964      | 0.0721     | 0.6367     | 0.6961     |             | 0.8631   | 0.001  
332    | 2.7365     | 0.1660     | 1.2774       | 1.2931      | 0.0606     | 0.6204     | 0.6622     |             | 0.8581   | -0.020 
333    | 2.7368     | 0.1695     | 1.2675       | 1.2999      | 0.0619     | 0.6232     | 0.6566     |             | 0.8587   | -0.016 
334    | 2.7178     | 0.1603     | 1.2850       | 1.2725      | 0.0639     | 0.6502     | 0.6844     |             | 0.9055   | 0.036  
335    | 2.7108     | 0.1588     | 1.2837       | 1.2683      | 0.0636     | 0.6298     | 0.6674     |             | 0.8157   | -0.004 
336    | 2.7052     | 0.1526     | 1.2839       | 1.2687      | 0.0644     | 0.6362     | 0.6416     |             | 0.8205   | 0.008  
337    | 2.7229     | 0.1749     | 1.2925       | 1.2555      | 0.0606     | 0.6252     | 0.6454     |             | 0.8024   | -0.010 
338    | 2.7335     | 0.1556     | 1.3006       | 1.2773      | 0.0633     | 0.6363     | 0.6460     |             | 0.7811   | 0.009  
339    | 2.7564     | 0.1636     | 1.2960       | 1.2969      | 0.0643     | 0.6328     | 0.6520     |             | 0.8191   | 0.001  
340    | 2.7648     | 0.1699     | 1.2791       | 1.3157      | 0.0684     | 0.6274     | 0.6764     |             | 0.8671   | -0.014 
341    | 2.7746     | 0.1598     | 1.2719       | 1.3428      | 0.0657     | 0.6164     | 0.6771     |             | 0.8737   | -0.033 
342    | 2.7729     | 0.1649     | 1.2685       | 1.3394      | 0.0632     | 0.6077     | 0.6801     |             | 0.8073   | -0.048 
343    | 2.7466     | 0.1798     | 1.2635       | 1.3033      | 0.0590     | 0.6079     | 0.6551     |             | 0.7969   | -0.043 
344    | 2.7156     | 0.1559     | 1.2672       | 1.2925      | 0.0626     | 0.6099     | 0.6364     |             | 0.8154   | -0.043 
345    | 2.7130     | 0.1527     | 1.2701       | 1.2903      | 0.0594     | 0.5950     | 0.6547     |             | 0.8365   | -0.069 
346    | 2.7631     | 0.1620     | 1.2785       | 1.3226      | 0.0629     | 0.6048     | 0.6569     |             | 0.8225   | -0.053 
347    | 2.8197     | 0.1751     | 1.3064       | 1.3383      | 0.0544     | 0.5980     | 0.6760     |             | 0.8307   | -0.058 
348    | 2.7895     | 0.1655     | 1.2894       | 1.3346      | 0.0554     | 0.5929     | 0.6663     |             | 0.7999   | -0.070 
349    | 2.7723     | 0.1697     | 1.2849       | 1.3177      | 0.0524     | 0.5947     | 0.6426     |             | 0.8404   | -0.063 
350    | 2.7613     | 0.1770     | 1.2928       | 1.2915      | 0.0511     | 0.6055     | 0.6371     |             | 0.8235   | -0.040 
351    | 2.7107     | 0.1580     | 1.2727       | 1.2800      | 0.0478     | 0.5991     | 0.6343     |             | 0.8228   | -0.050 
352    | 2.7351     | 0.1731     | 1.2705       | 1.2916      | 0.0494     | 0.5942     | 0.6579     |             | 0.9636   | -0.061 
353    | 2.7336     | 0.1443     | 1.2838       | 1.3056      | 0.0489     | 0.6059     | 0.6473     |             | 0.9188   | -0.037 
354    | 2.7891     | 0.1696     | 1.3085       | 1.3111      | 0.0465     | 0.6233     | 0.6487     |             | 0.8271   | 0.000  
355    | 2.8080     | 0.1577     | 1.3249       | 1.3254      | 0.0438     | 0.6309     | 0.6324     |             | 0.8127   | 0.018  
356    | 2.7885     | 0.1470     | 1.3438       | 1.2977      | 0.0448     | 0.6329     | 0.6249     |             | 0.8692   | 0.005  
357    | 2.8464     | 0.1809     | 1.3512       | 1.3143      | 0.0424     | 0.6403     | 0.6335     |             | 0.8119   | 0.025  
358    | 2.8026     | 0.1543     | 1.3394       | 1.3089      | 0.0532     | 0.6475     | 0.6230     |             | 0.8563   | -0.007 
359    | 2.7813     | 0.1501     | 1.3320       | 1.2992      | 0.0476     | 0.6451     | 0.6366     |             | 0.8819   | 0.026  
360    | 2.8008     | 0.1604     | 1.3407       | 1.2997      | 0.0472     | 0.6442     | 0.6453     |             | 0.9001   | 0.041  
361    | 2.7787     | 0.1446     | 1.3301       | 1.3040      | 0.0469     | 0.6355     | 0.6505     |             | 0.9036   | 0.024  
362    | 2.7895     | 0.1567     | 1.3300       | 1.3028      | 0.0435     | 0.6520     | 0.6593     |             | 0.8604   | 0.060  
363    | 2.8025     | 0.1591     | 1.3310       | 1.3124      | 0.0477     | 0.6524     | 0.6585     |             | 0.8453   | 0.057  
364    | 2.8159     | 0.1654     | 1.3404       | 1.3102      | 0.0492     | 0.6411     | 0.6420     |             | 0.8642   | 0.033  
365    | 2.8274     | 0.1687     | 1.3287       | 1.3299      | 0.0557     | 0.6554     | 0.6537     |             | 0.8491   | 0.052  
366    | 2.8456     | 0.1670     | 1.3327       | 1.3459      | 0.0598     | 0.6408     | 0.6341     |             | 0.8595   | 0.008  
367    | 2.7686     | 0.1526     | 1.3149       | 1.3010      | 0.0580     | 0.6415     | 0.6306     |             | 0.7880   | 0.003  
368    | 2.7470     | 0.1568     | 1.3044       | 1.2857      | 0.0572     | 0.6396     | 0.6349     |             | 0.8295   | 0.013  
369    | 2.7131     | 0.1608     | 1.2864       | 1.2659      | 0.0511     | 0.6302     | 0.6140     |             | 0.8060   | -0.023 
370    | 2.7084     | 0.1431     | 1.2892       | 1.2761      | 0.0516     | 0.6349     | 0.6301     |             | 0.7769   | 0.009  
371    | 2.7074     | 0.1484     | 1.2749       | 1.2840      | 0.0438     | 0.6377     | 0.6333     |             | 0.7697   | 0.023  
372    | 2.7082     | 0.1589     | 1.2705       | 1.2789      | 0.0480     | 0.6279     | 0.6323     |             | 0.7711   | 0.008  
373    | 2.7241     | 0.1540     | 1.2765       | 1.2936      | 0.0430     | 0.6248     | 0.6428     |             | 0.8299   | 0.007  
374    | 2.7147     | 0.1601     | 1.2727       | 1.2818      | 0.0525     | 0.6244     | 0.6322     |             | 0.8113   | -0.004 
375    | 2.7037     | 0.1393     | 1.2804       | 1.2841      | 0.0566     | 0.6287     | 0.6263     |             | 0.8341   | -0.004 
376    | 2.7047     | 0.1409     | 1.2842       | 1.2796      | 0.0537     | 0.6351     | 0.6414     |             | 0.8818   | 0.017  
377    | 2.6994     | 0.1455     | 1.2798       | 1.2742      | 0.0417     | 0.6334     | 0.6294     |             | 0.8435   | 0.017  
378    | 2.6945     | 0.1453     | 1.2736       | 1.2756      | 0.0476     | 0.6194     | 0.6307     |             | 0.8406   | -0.009 
379    | 2.6799     | 0.1380     | 1.2747       | 1.2671      | 0.0445     | 0.6344     | 0.6386     |             | 0.8030   | 0.024  
380    | 2.6964     | 0.1370     | 1.2655       | 1.2940      | 0.0566     | 0.6298     | 0.6511     |             | 0.8578   | 0.003  
381    | 2.7626     | 0.1612     | 1.2901       | 1.3113      | 0.0486     | 0.6367     | 0.6552     |             | 0.8733   | 0.025  
382    | 2.7447     | 0.1576     | 1.2823       | 1.3048      | 0.0493     | 0.6343     | 0.6554     |             | 0.8738   | 0.019  
383    | 2.7498     | 0.1488     | 1.2957       | 1.3053      | 0.0508     | 0.6506     | 0.6596     |             | 0.9001   | 0.050  
384    | 2.7198     | 0.1407     | 1.3019       | 1.2773      | 0.0527     | 0.6485     | 0.6361     |             | 0.9143   | 0.020  
385    | 2.7302     | 0.1438     | 1.3006       | 1.2858      | 0.0449     | 0.6513     | 0.6368     |             | 0.8859   | 0.029  
386    | 2.7093     | 0.1380     | 1.3005       | 1.2708      | 0.0570     | 0.6534     | 0.6504     |             | 0.8555   | 0.044  
387    | 2.7449     | 0.1572     | 1.2912       | 1.2965      | 0.0547     | 0.6667     | 0.6478     |             | 0.8774   | 0.041  
388    | 2.6969     | 0.1453     | 1.2779       | 1.2737      | 0.0529     | 0.6551     | 0.6221     |             | 0.8160   | -0.009 
389    | 2.6792     | 0.1366     | 1.2779       | 1.2647      | 0.0634     | 0.6544     | 0.6168     |             | 0.7774   | -0.030 
390    | 2.6968     | 0.1472     | 1.2912       | 1.2584      | 0.0586     | 0.6450     | 0.6066     |             | 0.8416   | -0.045 
391    | 2.7180     | 0.1612     | 1.2873       | 1.2695      | 0.0619     | 0.6613     | 0.6399     |             | 0.7882   | 0.018  
392    | 2.7105     | 0.1453     | 1.2993       | 1.2660      | 0.0682     | 0.6451     | 0.6380     |             | 0.8424   | 0.008  
393    | 2.6824     | 0.1191     | 1.2777       | 1.2857      | 0.0584     | 0.6421     | 0.6592     |             | 0.8717   | 0.026  
394    | 2.7730     | 0.1549     | 1.3035       | 1.3145      | 0.0565     | 0.6474     | 0.6557     |             | 0.8102   | 0.038  
395    | 2.7938     | 0.1693     | 1.3080       | 1.3165      | 0.0350     | 0.6556     | 0.6743     |             | 0.8313   | 0.076  
396    | 2.7770     | 0.1413     | 1.3100       | 1.3257      | 0.0434     | 0.6628     | 0.6665     |             | 0.8139   | 0.082  
397    | 2.8041     | 0.1428     | 1.3294       | 1.3319      | 0.0384     | 0.6534     | 0.6619     |             | 0.8114   | 0.068  
398    | 2.7844     | 0.1466     | 1.3239       | 1.3139      | 0.0447     | 0.6444     | 0.6475     |             | 0.8034   | 0.044  
399    | 2.7687     | 0.1465     | 1.3312       | 1.2911      | 0.0481     | 0.6373     | 0.6502     |             | 0.8253   | 0.026  
400    | 2.7648     | 0.1580     | 1.3182       | 1.2886      | 0.0544     | 0.6549     | 0.6446     |             | 0.8735   | 0.035  
Seed 123456 | Src MDE: 0.0140 | Tgt MDE: 0.8139
Finished FusionDANN_1_2_3_4. Results saved.
