/home/mcslab/yutung/MCSLAB_RSSI_RTT_Dataset/FusionCDAN/fusion_cdan_v3.py:220: FutureWarning: DataFrameGroupBy.apply operated on the grouping columns. This behavior is deprecated, and in a future version of pandas the grouping columns will be excluded from the operation. Either pass `include_groups=False` to exclude the groupings or explicitly select the grouping columns after groupby to silence this warning.
  df = df.groupby('Label').apply(
/home/mcslab/yutung/MCSLAB_RSSI_RTT_Dataset/FusionCDAN/fusion_cdan_v3.py:220: FutureWarning: DataFrameGroupBy.apply operated on the grouping columns. This behavior is deprecated, and in a future version of pandas the grouping columns will be excluded from the operation. Either pass `include_groups=False` to exclude the groupings or explicitly select the grouping columns after groupby to silence this warning.
  df = df.groupby('Label').apply(
==========================================
Current Experiment: RTT Combination: ['Dist_mm_2']
RTT Input Dimension: 1
==========================================
Start Training Seed 42...

Start CDAN+E Training... (Entropy Conditioning Enabled)
Epoch  | Total Loss | Tr Cls     | Tr Dom RSSI  | Tr Dom RTT   | Val Cls    | Val RSSI Dls | Val RTT Dls  | Test MDE
------------------------------------------------------------------------------------------------------------------------
1      | 6.6895     | 3.9151     | 1.3761       | 1.3983       | 3.0319     | 1.3487       | 1.3815       | 1.9682   |           
2      | 5.9914     | 3.2868     | 1.3225       | 1.3821       | 2.5584     | 1.3115       | 1.3766       | 1.7464   |           
3      | 5.5591     | 2.8924     | 1.2863       | 1.3804       | 2.2254     | 1.2774       | 1.3740       | 1.4717   |           
4      | 5.1773     | 2.5732     | 1.2341       | 1.3700       | 1.9067     | 1.2454       | 1.3707       | 1.4498   |           
5      | 4.8652     | 2.3035     | 1.1912       | 1.3706       | 1.6517     | 1.2108       | 1.3601       | 1.3828   |           
6      | 4.6107     | 2.0926     | 1.1576       | 1.3605       | 1.4193     | 1.1922       | 1.3528       | 1.4125   |           
7      | 4.3887     | 1.9112     | 1.1181       | 1.3594       | 1.2558     | 1.1595       | 1.3449       | 1.3722   |           
8      | 4.2248     | 1.7940     | 1.0797       | 1.3511       | 1.0897     | 1.1933       | 1.3391       | 1.3855   |           
9      | 4.0110     | 1.6022     | 1.0637       | 1.3451       | 0.9921     | 1.1363       | 1.3248       | 1.3713   |           
10     | 3.8975     | 1.5283     | 1.0260       | 1.3431       | 0.9011     | 1.1025       | 1.3167       | 1.3982   |           
11     | 3.8139     | 1.4658     | 1.0201       | 1.3280       | 0.8067     | 1.1361       | 1.3052       | 1.3771   |           
12     | 3.7245     | 1.3935     | 1.0124       | 1.3185       | 0.7241     | 1.0631       | 1.3025       | 1.3648   |           
13     | 3.6327     | 1.3417     | 0.9803       | 1.3107       | 0.6788     | 1.0649       | 1.2874       | 1.3866   |           
14     | 3.5608     | 1.2756     | 0.9656       | 1.3197       | 0.6191     | 1.0126       | 1.2808       | 1.4131   |           
15     | 3.5223     | 1.2508     | 0.9708       | 1.3007       | 0.6160     | 1.0375       | 1.2930       | 1.4189   |           
16     | 3.4480     | 1.1699     | 0.9743       | 1.3037       | 0.5715     | 1.0426       | 1.2623       | 1.3747   |           
17     | 3.4281     | 1.1513     | 0.9965       | 1.2803       | 0.5544     | 1.0049       | 1.2452       | 1.4062   |           
18     | 3.3977     | 1.1343     | 0.9835       | 1.2799       | 0.5042     | 1.0118       | 1.2436       | 1.4089   |           
19     | 3.3879     | 1.1212     | 1.0013       | 1.2654       | 0.4832     | 0.9867       | 1.2276       | 1.4145   | (ADV -0.24)
20     | 3.3956     | 1.1134     | 1.0080       | 1.2741       | 0.4965     | 1.0039       | 1.2401       | 1.3879   | (ADV -0.24)
21     | 3.3371     | 1.0675     | 1.0049       | 1.2647       | 0.4581     | 1.0029       | 1.2246       | 1.4369   | (ADV -0.22)
22     | 3.2594     | 1.0158     | 0.9879       | 1.2557       | 0.4696     | 0.9778       | 1.2274       | 1.3920   |           
23     | 3.2657     | 1.0143     | 1.0065       | 1.2450       | 0.4680     | 0.9933       | 1.2061       | 1.4703   |           
24     | 3.2398     | 0.9876     | 0.9991       | 1.2531       | 0.4127     | 0.9645       | 1.1942       | 1.3964   | (ADV -0.22)
25     | 3.2820     | 1.0105     | 1.0152       | 1.2563       | 0.4383     | 0.9887       | 1.2050       | 1.4220   |           
26     | 3.2872     | 1.0080     | 1.0197       | 1.2594       | 0.4051     | 0.9457       | 1.1973       | 1.3811   |           
27     | 3.1639     | 0.9124     | 1.0159       | 1.2355       | 0.4162     | 0.9664       | 1.1949       | 1.4421   |           
28     | 3.2014     | 0.9691     | 1.0077       | 1.2246       | 0.3784     | 0.9214       | 1.1624       | 1.4342   |           
29     | 3.1775     | 0.9229     | 1.0186       | 1.2359       | 0.3724     | 0.9342       | 1.1817       | 1.4291   | (ADV -0.21)
30     | 3.1329     | 0.9167     | 1.0069       | 1.2093       | 0.3659     | 0.9307       | 1.1607       | 1.3580   | (ADV -0.21)
31     | 3.1333     | 0.8966     | 1.0118       | 1.2249       | 0.3487     | 0.9310       | 1.1556       | 1.3840   | (ADV -0.20)
32     | 3.1196     | 0.9138     | 1.0022       | 1.2035       | 0.3501     | 0.9051       | 1.1632       | 1.4056   |           
33     | 3.1004     | 0.8824     | 1.0106       | 1.2075       | 0.3540     | 0.9549       | 1.1540       | 1.4058   | (ADV -0.20)
34     | 3.0867     | 0.8530     | 1.0156       | 1.2181       | 0.3339     | 0.9447       | 1.1691       | 1.3616   |           
35     | 3.1399     | 0.8894     | 1.0297       | 1.2208       | 0.3263     | 0.9064       | 1.1540       | 1.4105   |           
36     | 3.1241     | 0.9034     | 1.0144       | 1.2063       | 0.3432     | 0.9508       | 1.1406       | 1.4176   | (ADV -0.19)
37     | 3.1033     | 0.8852     | 1.0103       | 1.2077       | 0.3196     | 0.8803       | 1.1299       | 1.3937   |           
38     | 3.1203     | 0.8732     | 1.0244       | 1.2227       | 0.3219     | 0.8997       | 1.1551       | 1.4024   |           
39     | 3.1175     | 0.8692     | 1.0270       | 1.2213       | 0.3116     | 0.8981       | 1.1532       | 1.4005   |           
40     | 3.1003     | 0.8745     | 0.9982       | 1.2276       | 0.3478     | 0.8913       | 1.1657       | 1.4055   |           
41     | 3.1030     | 0.8580     | 1.0107       | 1.2343       | 0.3290     | 0.9298       | 1.1780       | 1.4148   |           
42     | 3.0553     | 0.8363     | 0.9989       | 1.2201       | 0.3208     | 0.9134       | 1.1376       | 1.4114   |           
43     | 3.0455     | 0.8372     | 0.9949       | 1.2133       | 0.3033     | 0.8742       | 1.1566       | 1.3824   |           
44     | 3.0653     | 0.8188     | 1.0129       | 1.2336       | 0.2932     | 0.8834       | 1.1711       | 1.3684   |           
45     | 3.0922     | 0.8498     | 1.0049       | 1.2375       | 0.2849     | 0.8694       | 1.1381       | 1.4431   |           
46     | 3.0212     | 0.8025     | 0.9848       | 1.2339       | 0.2847     | 0.8773       | 1.1816       | 1.3892   |           
47     | 3.0314     | 0.8047     | 0.9923       | 1.2343       | 0.3295     | 0.9241       | 1.1670       | 1.4298   |           
48     | 3.0056     | 0.7856     | 1.0017       | 1.2183       | 0.3015     | 0.9115       | 1.1410       | 1.4408   |           
49     | 3.0612     | 0.8277     | 1.0022       | 1.2313       | 0.3163     | 0.8935       | 1.1394       | 1.4408   |           
50     | 2.9786     | 0.7799     | 0.9788       | 1.2199       | 0.2938     | 0.8739       | 1.1324       | 1.4074   |           
51     | 2.9728     | 0.7767     | 0.9806       | 1.2156       | 0.2768     | 0.8852       | 1.1339       | 1.4099   |           
52     | 2.9444     | 0.7493     | 0.9796       | 1.2156       | 0.2803     | 0.8751       | 1.1298       | 1.4284   |           
53     | 3.0181     | 0.8014     | 0.9850       | 1.2317       | 0.3072     | 0.8616       | 1.1415       | 1.3999   |           
54     | 3.0421     | 0.8093     | 1.0084       | 1.2243       | 0.3003     | 0.8912       | 1.1465       | 1.5000   |           
55     | 2.9658     | 0.7728     | 0.9853       | 1.2077       | 0.2849     | 0.8750       | 1.1509       | 1.4012   |           
56     | 2.9677     | 0.7735     | 0.9766       | 1.2176       | 0.2898     | 0.8832       | 1.1166       | 1.3992   |           
57     | 3.0025     | 0.7720     | 1.0017       | 1.2288       | 0.3110     | 0.9090       | 1.1507       | 1.4209   |           
58     | 2.9853     | 0.7777     | 0.9875       | 1.2201       | 0.2736     | 0.8815       | 1.1541       | 1.3604   |           
59     | 3.0311     | 0.7984     | 1.0079       | 1.2248       | 0.2991     | 0.8862       | 1.1509       | 1.4534   |           
60     | 2.9371     | 0.7312     | 0.9841       | 1.2218       | 0.2889     | 0.9076       | 1.1523       | 1.4150   |           
61     | 3.0214     | 0.7784     | 1.0078       | 1.2352       | 0.2768     | 0.9031       | 1.1625       | 1.4392   |           
62     | 3.0174     | 0.7895     | 0.9987       | 1.2293       | 0.2612     | 0.8733       | 1.1545       | 1.4289   |           
63     | 3.0289     | 0.7846     | 1.0138       | 1.2304       | 0.2918     | 0.8996       | 1.1510       | 1.4253   |           
64     | 3.0165     | 0.7748     | 1.0132       | 1.2285       | 0.2624     | 0.8580       | 1.1427       | 1.4007   |           
65     | 2.9803     | 0.7428     | 1.0001       | 1.2374       | 0.3175     | 0.8836       | 1.1531       | 1.4537   |           
66     | 3.0291     | 0.7692     | 1.0298       | 1.2300       | 0.2728     | 0.8849       | 1.1667       | 1.4488   |           
67     | 3.0453     | 0.8029     | 1.0236       | 1.2188       | 0.2747     | 0.9215       | 1.1598       | 1.4825   | (ADV -0.19)
68     | 3.0020     | 0.7405     | 1.0319       | 1.2296       | 0.3081     | 0.9248       | 1.1704       | 1.4705   |           
69     | 3.0758     | 0.7809     | 1.0581       | 1.2368       | 0.2739     | 0.9453       | 1.1694       | 1.5125   | (ADV -0.18)
70     | 3.1085     | 0.8049     | 1.0655       | 1.2381       | 0.2977     | 0.9317       | 1.1494       | 1.4620   |           
71     | 3.1021     | 0.8001     | 1.0570       | 1.2449       | 0.2729     | 0.9453       | 1.1633       | 1.4620   | (ADV -0.18)
72     | 3.0725     | 0.7475     | 1.0755       | 1.2495       | 0.2913     | 0.9596       | 1.1480       | 1.3858   | (ADV -0.17)
73     | 3.0889     | 0.7603     | 1.0774       | 1.2512       | 0.2782     | 0.9485       | 1.1656       | 1.4692   |           
74     | 3.0370     | 0.7509     | 1.0606       | 1.2255       | 0.2974     | 0.9564       | 1.1492       | 1.5086   |           
75     | 3.0736     | 0.7644     | 1.0803       | 1.2290       | 0.2675     | 0.9367       | 1.1711       | 1.4500   |           
76     | 3.0712     | 0.7490     | 1.0784       | 1.2439       | 0.2678     | 0.9474       | 1.1714       | 1.4848   |           
77     | 3.1236     | 0.7845     | 1.0868       | 1.2523       | 0.2487     | 0.9257       | 1.1582       | 1.4298   |           
78     | 2.9999     | 0.7190     | 1.0487       | 1.2322       | 0.2625     | 0.9291       | 1.1648       | 1.4607   |           
79     | 3.0923     | 0.7830     | 1.0761       | 1.2332       | 0.2548     | 0.9595       | 1.1505       | 1.4988   | (ADV -0.16)
80     | 3.1066     | 0.7750     | 1.0866       | 1.2450       | 0.2457     | 0.9421       | 1.1545       | 1.4434   |           
81     | 3.0596     | 0.7490     | 1.0812       | 1.2294       | 0.2696     | 0.9969       | 1.1459       | 1.5093   | (ADV -0.15)
82     | 3.0304     | 0.7284     | 1.0673       | 1.2346       | 0.2491     | 0.9325       | 1.1610       | 1.4875   |           
83     | 3.0575     | 0.7446     | 1.0698       | 1.2431       | 0.2419     | 0.9428       | 1.1574       | 1.4957   |           
84     | 2.9990     | 0.7036     | 1.0585       | 1.2369       | 0.2378     | 0.9258       | 1.1661       | 1.5888   |           
85     | 3.1641     | 0.8271     | 1.0943       | 1.2427       | 0.2513     | 0.9202       | 1.1462       | 1.4321   |           
86     | 3.0986     | 0.7677     | 1.0863       | 1.2446       | 0.2424     | 0.9550       | 1.1372       | 1.4771   |           
87     | 3.0783     | 0.7515     | 1.0853       | 1.2416       | 0.2288     | 0.9514       | 1.1358       | 1.4309   |           
88     | 3.0596     | 0.7391     | 1.0775       | 1.2430       | 0.2345     | 0.9838       | 1.1529       | 1.4347   | (ADV -0.15)
89     | 3.1050     | 0.7572     | 1.1020       | 1.2459       | 0.2568     | 0.9830       | 1.1537       | 1.4049   |           
90     | 3.1189     | 0.7820     | 1.0812       | 1.2557       | 0.2775     | 0.9716       | 1.1579       | 1.4586   |           
91     | 3.1045     | 0.7941     | 1.0726       | 1.2378       | 0.2763     | 0.9639       | 1.1541       | 1.4499   |           
92     | 3.0893     | 0.7486     | 1.0875       | 1.2532       | 0.2656     | 0.9811       | 1.1451       | 1.4655   |           
93     | 3.1217     | 0.7809     | 1.0881       | 1.2527       | 0.2729     | 1.0032       | 1.1674       | 1.5026   |           
94     | 3.0438     | 0.7116     | 1.0795       | 1.2527       | 0.2747     | 0.9714       | 1.1718       | 1.4276   |           
95     | 3.0939     | 0.7638     | 1.0775       | 1.2526       | 0.2722     | 0.9988       | 1.1254       | 1.4685   | (ADV -0.15)
96     | 3.1117     | 0.7644     | 1.1048       | 1.2425       | 0.2888     | 1.0082       | 1.1365       | 1.5016   |           
97     | 3.0177     | 0.7281     | 1.0664       | 1.2231       | 0.2900     | 0.9700       | 1.1395       | 1.4821   |           
98     | 3.0641     | 0.7265     | 1.0975       | 1.2401       | 0.2785     | 1.0001       | 1.1700       | 1.4614   |           
99     | 3.0360     | 0.7241     | 1.0723       | 1.2396       | 0.2321     | 0.9633       | 1.1563       | 1.4572   |           
100    | 3.0583     | 0.7141     | 1.1031       | 1.2411       | 0.2643     | 0.9808       | 1.1511       | 1.4520   |           
101    | 3.1693     | 0.8202     | 1.1018       | 1.2474       | 0.2412     | 0.9544       | 1.1428       | 1.4481   |           
102    | 3.1698     | 0.8014     | 1.1311       | 1.2373       | 0.2678     | 0.9689       | 1.1409       | 1.4419   |           
103    | 3.0628     | 0.7297     | 1.0985       | 1.2345       | 0.2626     | 0.9957       | 1.1551       | 1.4147   |           
104    | 3.0813     | 0.7381     | 1.0992       | 1.2440       | 0.2851     | 0.9925       | 1.1326       | 1.4583   |           
105    | 3.1123     | 0.7737     | 1.0951       | 1.2435       | 0.2515     | 0.9548       | 1.1435       | 1.4524   |           
106    | 3.0080     | 0.6835     | 1.0795       | 1.2450       | 0.2250     | 0.9600       | 1.1360       | 1.4188   |           
107    | 3.1407     | 0.7985     | 1.1057       | 1.2365       | 0.2517     | 0.9847       | 1.1645       | 1.4653   |           
108    | 3.0991     | 0.7286     | 1.1216       | 1.2489       | 0.2703     | 0.9992       | 1.1495       | 1.5205   |           
109    | 3.0808     | 0.7300     | 1.1113       | 1.2394       | 0.2796     | 1.0045       | 1.1414       | 1.4664   |           
110    | 3.0927     | 0.7323     | 1.1057       | 1.2547       | 0.2504     | 0.9694       | 1.1520       | 1.4224   |           
111    | 3.1355     | 0.7802     | 1.1123       | 1.2430       | 0.2882     | 0.9926       | 1.1380       | 1.4748   |           
112    | 3.0613     | 0.7256     | 1.0901       | 1.2456       | 0.2621     | 1.0182       | 1.1532       | 1.4199   | (ADV -0.14)
113    | 3.0958     | 0.7430     | 1.1040       | 1.2488       | 0.2393     | 0.9967       | 1.1329       | 1.4267   | (ADV -0.14)
114    | 3.0757     | 0.7190     | 1.1040       | 1.2528       | 0.2452     | 1.0175       | 1.1554       | 1.4231   | (ADV -0.14)
115    | 3.0019     | 0.6756     | 1.0953       | 1.2311       | 0.2436     | 1.0035       | 1.1359       | 1.4190   |           
116    | 3.0878     | 0.7155     | 1.1287       | 1.2436       | 0.2445     | 0.9836       | 1.1328       | 1.4206   |           
117    | 3.0432     | 0.6811     | 1.1132       | 1.2488       | 0.2364     | 0.9996       | 1.1345       | 1.3642   |           
118    | 3.0874     | 0.7236     | 1.1211       | 1.2427       | 0.2184     | 0.9829       | 1.1384       | 1.3763   |           
119    | 3.1054     | 0.7301     | 1.1216       | 1.2537       | 0.2537     | 0.9893       | 1.1536       | 1.4490   |           
120    | 3.0893     | 0.7192     | 1.1123       | 1.2579       | 0.2526     | 1.0248       | 1.1441       | 1.4067   | (ADV -0.13)
121    | 3.0686     | 0.6974     | 1.1267       | 1.2444       | 0.2318     | 1.0085       | 1.1419       | 1.4563   | (ADV -0.13)
122    | 3.0583     | 0.7138     | 1.0973       | 1.2472       | 0.2491     | 1.0081       | 1.1802       | 1.4516   |           
123    | 3.0757     | 0.7181     | 1.1059       | 1.2517       | 0.2348     | 0.9783       | 1.1651       | 1.5902   |           
124    | 3.0880     | 0.7099     | 1.1132       | 1.2649       | 0.2272     | 0.9982       | 1.1706       | 1.5098   |           
125    | 3.1017     | 0.7232     | 1.1260       | 1.2525       | 0.2595     | 1.0031       | 1.1664       | 1.4550   |           
126    | 3.0470     | 0.6709     | 1.1150       | 1.2611       | 0.2317     | 1.0039       | 1.1537       | 1.5718   |           
127    | 3.0904     | 0.7053     | 1.1269       | 1.2582       | 0.2257     | 0.9977       | 1.1465       | 1.4408   |           
128    | 3.0840     | 0.7151     | 1.1186       | 1.2504       | 0.2540     | 1.0058       | 1.1629       | 1.4702   |           
129    | 3.1749     | 0.7933     | 1.1157       | 1.2660       | 0.2358     | 0.9981       | 1.1625       | 1.4277   |           
130    | 3.1185     | 0.7288     | 1.1343       | 1.2554       | 0.2480     | 1.0179       | 1.1755       | 1.4869   |           
131    | 3.1990     | 0.7741     | 1.1490       | 1.2759       | 0.2756     | 1.0219       | 1.1739       | 1.4993   |           
132    | 3.1083     | 0.7172     | 1.1388       | 1.2523       | 0.2556     | 1.0265       | 1.1484       | 1.4302   |           
133    | 3.1520     | 0.7429     | 1.1549       | 1.2542       | 0.2680     | 1.0487       | 1.1809       | 1.5296   |           
134    | 3.0743     | 0.7081     | 1.1086       | 1.2576       | 0.2317     | 0.9981       | 1.1773       | 1.4274   |           
135    | 3.1048     | 0.7150     | 1.1249       | 1.2649       | 0.2372     | 1.0073       | 1.1563       | 1.4340   |           
136    | 3.1333     | 0.7343     | 1.1319       | 1.2672       | 0.2387     | 1.0031       | 1.1561       | 1.4467   |           
137    | 3.1140     | 0.7359     | 1.1279       | 1.2502       | 0.2517     | 1.0026       | 1.1539       | 1.4885   |           
138    | 3.0447     | 0.6910     | 1.0987       | 1.2550       | 0.2674     | 1.0046       | 1.1659       | 1.4797   |           
139    | 3.0962     | 0.6966     | 1.1315       | 1.2680       | 0.2518     | 1.0315       | 1.1746       | 1.4546   |           
140    | 3.0524     | 0.6735     | 1.1185       | 1.2604       | 0.2880     | 1.0323       | 1.1765       | 1.5097   |           
141    | 3.0757     | 0.6964     | 1.1187       | 1.2607       | 0.2357     | 1.0413       | 1.1574       | 1.4400   | (ADV -0.13)
142    | 3.1017     | 0.6959     | 1.1357       | 1.2701       | 0.2708     | 1.0589       | 1.1884       | 1.4831   |           
143    | 3.1472     | 0.7429     | 1.1314       | 1.2730       | 0.2980     | 1.0467       | 1.1853       | 1.6892   |           
144    | 3.1788     | 0.7506     | 1.1402       | 1.2880       | 0.2285     | 1.0148       | 1.1960       | 1.5221   |           
145    | 3.0886     | 0.6888     | 1.1292       | 1.2706       | 0.2447     | 1.0437       | 1.1826       | 1.4722   |           
146    | 3.1499     | 0.7228     | 1.1554       | 1.2717       | 0.2215     | 1.0199       | 1.1750       | 1.5665   |           
147    | 3.0976     | 0.7123     | 1.1266       | 1.2587       | 0.2801     | 1.0243       | 1.2004       | 1.5479   |           
148    | 3.1151     | 0.7061     | 1.1446       | 1.2644       | 0.2504     | 1.0385       | 1.1842       | 1.7250   |           
149    | 3.1089     | 0.6936     | 1.1422       | 1.2731       | 0.2652     | 1.0252       | 1.2206       | 1.6283   |           
150    | 3.0988     | 0.6871     | 1.1312       | 1.2805       | 0.2477     | 1.0382       | 1.1955       | 1.5432   |           
151    | 3.1687     | 0.7483     | 1.1577       | 1.2627       | 0.2456     | 1.0238       | 1.2052       | 1.4738   |           
152    | 3.1356     | 0.6991     | 1.1589       | 1.2777       | 0.2513     | 1.0674       | 1.1941       | 1.5760   |           
153    | 3.1822     | 0.7266     | 1.1641       | 1.2915       | 0.2589     | 1.0767       | 1.2015       | 1.5710   |           
154    | 3.1542     | 0.7265     | 1.1468       | 1.2809       | 0.2350     | 1.0387       | 1.1818       | 1.5277   |           
155    | 3.1333     | 0.6906     | 1.1613       | 1.2814       | 0.2694     | 1.0727       | 1.2043       | 1.5767   |           
156    | 3.1353     | 0.7147     | 1.1440       | 1.2765       | 0.2516     | 1.0630       | 1.1816       | 1.4148   |           
157    | 3.1143     | 0.6843     | 1.1528       | 1.2772       | 0.2247     | 1.0639       | 1.2100       | 1.5172   | (ADV -0.12)
158    | 3.1441     | 0.7250     | 1.1569       | 1.2622       | 0.2230     | 1.0301       | 1.1658       | 1.3589   |           
159    | 3.1519     | 0.7031     | 1.1701       | 1.2787       | 0.2346     | 1.0430       | 1.1797       | 1.5500   |           
160    | 3.1322     | 0.7126     | 1.1566       | 1.2631       | 0.2299     | 1.0395       | 1.1917       | 1.5944   |           
161    | 3.0967     | 0.6798     | 1.1560       | 1.2610       | 0.2411     | 1.0406       | 1.1864       | 1.6203   |           
162    | 3.0879     | 0.6575     | 1.1532       | 1.2771       | 0.2623     | 1.0672       | 1.2075       | 1.6144   |           
163    | 3.1071     | 0.6888     | 1.1485       | 1.2699       | 0.2239     | 1.0397       | 1.1798       | 1.5341   |           
164    | 3.1315     | 0.7167     | 1.1525       | 1.2623       | 0.2155     | 1.0379       | 1.1775       | 1.5354   |           
165    | 3.0975     | 0.6706     | 1.1461       | 1.2808       | 0.2435     | 1.0310       | 1.2130       | 1.5937   |           
166    | 3.1741     | 0.7233     | 1.1756       | 1.2752       | 0.2133     | 1.0249       | 1.2016       | 1.5633   |           
167    | 3.1180     | 0.6791     | 1.1625       | 1.2765       | 0.2309     | 1.0486       | 1.1855       | 1.5006   |           
168    | 3.1492     | 0.7121     | 1.1702       | 1.2669       | 0.2274     | 1.0392       | 1.1891       | 1.5323   |           
169    | 3.1160     | 0.6805     | 1.1584       | 1.2771       | 0.2268     | 1.0888       | 1.2477       | 1.6497   | (ADV -0.12)
170    | 3.1970     | 0.7198     | 1.1786       | 1.2986       | 0.2503     | 1.0676       | 1.2438       | 1.6143   |           
171    | 3.1294     | 0.6662     | 1.1564       | 1.3068       | 0.2273     | 1.0672       | 1.2278       | 1.5626   |           
172    | 3.2080     | 0.7418     | 1.1733       | 1.2929       | 0.2430     | 1.0455       | 1.2162       | 1.4976   |           
173    | 3.1670     | 0.7096     | 1.1598       | 1.2976       | 0.2260     | 1.0557       | 1.2250       | 1.4616   |           
174    | 3.1926     | 0.7332     | 1.1678       | 1.2916       | 0.2474     | 1.0683       | 1.2454       | 1.6107   |           
175    | 3.0912     | 0.6587     | 1.1575       | 1.2750       | 0.2421     | 1.0726       | 1.2138       | 1.5985   |           
176    | 3.1336     | 0.6922     | 1.1665       | 1.2749       | 0.2242     | 1.0597       | 1.2020       | 1.5179   |           
177    | 3.1451     | 0.6853     | 1.1759       | 1.2839       | 0.2519     | 1.0651       | 1.2098       | 1.6197   |           
178    | 3.1056     | 0.6619     | 1.1734       | 1.2703       | 0.2389     | 1.0487       | 1.2111       | 1.5648   |           
179    | 3.1418     | 0.6783     | 1.1815       | 1.2821       | 0.2280     | 1.0666       | 1.1977       | 1.5951   | (ADV -0.12)
180    | 3.1320     | 0.6653     | 1.1800       | 1.2867       | 0.2360     | 1.0738       | 1.2066       | 1.6671   |           
181    | 3.1551     | 0.6994     | 1.1605       | 1.2952       | 0.2373     | 1.0458       | 1.2528       | 1.6120   |           
182    | 3.1547     | 0.6865     | 1.1701       | 1.2981       | 0.2255     | 1.0528       | 1.2409       | 1.6451   |           
183    | 3.2313     | 0.7690     | 1.1702       | 1.2922       | 0.2434     | 1.0518       | 1.2145       | 1.5827   |           
184    | 3.1462     | 0.6728     | 1.1736       | 1.2998       | 0.2401     | 1.0540       | 1.2264       | 1.5414   |           
185    | 3.1578     | 0.6954     | 1.1646       | 1.2978       | 0.2269     | 1.0688       | 1.2225       | 1.5527   |           
186    | 3.1694     | 0.7057     | 1.1719       | 1.2918       | 0.2332     | 1.0620       | 1.2192       | 1.6390   |           
187    | 3.1500     | 0.6783     | 1.1900       | 1.2818       | 0.2523     | 1.1040       | 1.2229       | 1.6542   | (ADV -0.12)
188    | 3.1141     | 0.6540     | 1.1746       | 1.2855       | 0.2388     | 1.0855       | 1.2210       | 1.6260   |           
189    | 3.1883     | 0.7173     | 1.1827       | 1.2883       | 0.2313     | 1.0641       | 1.1950       | 1.6366   |           
190    | 3.0984     | 0.6254     | 1.1837       | 1.2892       | 0.2271     | 1.0985       | 1.2014       | 1.6293   | (ADV -0.11)
191    | 3.1756     | 0.7001     | 1.1904       | 1.2851       | 0.2446     | 1.0600       | 1.2230       | 1.5024   |           
192    | 3.1332     | 0.6946     | 1.1604       | 1.2782       | 0.2653     | 1.0669       | 1.2071       | 1.6634   |           
193    | 3.0632     | 0.6326     | 1.1609       | 1.2697       | 0.2753     | 1.0866       | 1.2148       | 1.6929   |           
194    | 3.1232     | 0.6609     | 1.1676       | 1.2947       | 0.2215     | 1.0688       | 1.2420       | 1.5675   |           
195    | 3.1641     | 0.7007     | 1.1734       | 1.2901       | 0.2257     | 1.0757       | 1.2334       | 1.6137   |           
196    | 3.1645     | 0.7082     | 1.1647       | 1.2916       | 0.2392     | 1.0480       | 1.2243       | 1.7229   |           
197    | 3.1529     | 0.6890     | 1.1740       | 1.2899       | 0.2411     | 1.0694       | 1.2255       | 1.6036   |           
198    | 3.0961     | 0.6439     | 1.1687       | 1.2835       | 0.2421     | 1.0637       | 1.2059       | 1.6290   |           
199    | 3.1383     | 0.6797     | 1.1745       | 1.2840       | 0.2364     | 1.0311       | 1.2234       | 1.6405   |           
200    | 3.0764     | 0.6321     | 1.1604       | 1.2840       | 0.2078     | 1.0665       | 1.2180       | 1.5833   |           
201    | 3.1955     | 0.7043     | 1.1965       | 1.2948       | 0.2426     | 1.0814       | 1.2357       | 1.6926   |           
202    | 3.1671     | 0.6956     | 1.1893       | 1.2823       | 0.2597     | 1.0810       | 1.2347       | 1.6278   |           
203    | 3.1793     | 0.7033     | 1.1840       | 1.2920       | 0.2258     | 1.0798       | 1.2064       | 1.4595   |           
204    | 3.1084     | 0.6524     | 1.1728       | 1.2832       | 0.2560     | 1.0784       | 1.2208       | 1.6424   |           
205    | 3.0978     | 0.6406     | 1.1723       | 1.2849       | 0.2385     | 1.0861       | 1.2282       | 1.6168   |           
206    | 3.1760     | 0.6922     | 1.1802       | 1.3036       | 0.2244     | 1.0884       | 1.2343       | 1.6595   |           
207    | 3.1642     | 0.6773     | 1.1974       | 1.2895       | 0.2225     | 1.1229       | 1.2250       | 1.5668   | (ADV -0.10)
208    | 3.1770     | 0.6733     | 1.2011       | 1.3026       | 0.2316     | 1.1309       | 1.2193       | 1.5149   | (ADV -0.10)
209    | 3.1562     | 0.6754     | 1.2155       | 1.2652       | 0.2461     | 1.0929       | 1.2380       | 1.5707   |           
210    | 3.1019     | 0.6421     | 1.1737       | 1.2861       | 0.2587     | 1.0849       | 1.2237       | 1.6412   |           
211    | 3.1695     | 0.6750     | 1.1978       | 1.2968       | 0.2667     | 1.0999       | 1.2419       | 1.5573   |           
212    | 3.1197     | 0.6634     | 1.1706       | 1.2858       | 0.2372     | 1.1209       | 1.2081       | 1.4796   |           
213    | 3.1457     | 0.6694     | 1.1953       | 1.2810       | 0.2379     | 1.1067       | 1.2172       | 1.4353   |           
214    | 3.1658     | 0.6873     | 1.1948       | 1.2838       | 0.2410     | 1.1033       | 1.2222       | 1.5220   |           
215    | 3.1630     | 0.6724     | 1.1970       | 1.2936       | 0.2256     | 1.0830       | 1.2180       | 1.5200   |           
216    | 3.1250     | 0.6475     | 1.1903       | 1.2873       | 0.2295     | 1.0811       | 1.2192       | 1.5237   |           
217    | 3.1395     | 0.6719     | 1.1944       | 1.2732       | 0.2448     | 1.1089       | 1.2196       | 1.6551   |           
218    | 3.1276     | 0.6566     | 1.1923       | 1.2787       | 0.2101     | 1.0715       | 1.2212       | 1.4842   |           
219    | 3.1184     | 0.6433     | 1.1918       | 1.2833       | 0.2623     | 1.0850       | 1.2184       | 1.4990   |           
220    | 3.1062     | 0.6310     | 1.1836       | 1.2917       | 0.2470     | 1.0734       | 1.2209       | 1.5519   |           
221    | 3.1553     | 0.6763     | 1.1892       | 1.2898       | 0.2435     | 1.0981       | 1.2264       | 1.4871   |           
222    | 3.2190     | 0.7309     | 1.2038       | 1.2843       | 0.2200     | 1.0985       | 1.1912       | 1.4340   |           
223    | 3.1470     | 0.6484     | 1.2057       | 1.2929       | 0.2398     | 1.0873       | 1.2286       | 1.5258   |           
224    | 3.1739     | 0.7019     | 1.1894       | 1.2827       | 0.2435     | 1.0801       | 1.2209       | 1.4712   |           
225    | 3.1313     | 0.6503     | 1.1915       | 1.2895       | 0.2248     | 1.0591       | 1.2229       | 1.5195   |           
226    | 3.1078     | 0.6376     | 1.1855       | 1.2846       | 0.2309     | 1.0539       | 1.2018       | 1.5639   |           
227    | 3.1473     | 0.6602     | 1.1951       | 1.2920       | 0.2162     | 1.0723       | 1.2283       | 1.6619   |           
228    | 3.1309     | 0.6476     | 1.1863       | 1.2970       | 0.2423     | 1.0821       | 1.2043       | 1.4918   |           
229    | 3.1275     | 0.6461     | 1.1868       | 1.2946       | 0.2316     | 1.0736       | 1.2287       | 1.6277   |           
230    | 3.1426     | 0.6516     | 1.1950       | 1.2960       | 0.2331     | 1.0958       | 1.2501       | 1.6391   |           
231    | 3.1404     | 0.6632     | 1.1864       | 1.2907       | 0.2276     | 1.0871       | 1.2255       | 1.6934   |           
232    | 3.0995     | 0.6377     | 1.1831       | 1.2786       | 0.2483     | 1.1070       | 1.2224       | 1.6435   |           
233    | 3.0946     | 0.6350     | 1.1826       | 1.2770       | 0.2335     | 1.1158       | 1.2188       | 1.6032   |           
234    | 3.1601     | 0.6699     | 1.2012       | 1.2890       | 0.2160     | 1.0752       | 1.2076       | 1.4841   |           
235    | 3.1326     | 0.6382     | 1.1992       | 1.2952       | 0.2324     | 1.1109       | 1.2327       | 1.6392   |           
236    | 3.1728     | 0.6881     | 1.1977       | 1.2869       | 0.2328     | 1.0999       | 1.2276       | 1.6099   |           
237    | 3.1970     | 0.6891     | 1.2095       | 1.2984       | 0.2499     | 1.1093       | 1.2502       | 1.6544   |           
238    | 3.1522     | 0.6616     | 1.1862       | 1.3044       | 0.2294     | 1.1027       | 1.2251       | 1.4927   |           
239    | 3.1612     | 0.6827     | 1.1855       | 1.2930       | 0.2362     | 1.0952       | 1.2290       | 1.5857   |           
240    | 3.1163     | 0.6363     | 1.1898       | 1.2902       | 0.2340     | 1.0937       | 1.2349       | 1.6082   |           
241    | 3.1604     | 0.6686     | 1.1989       | 1.2929       | 0.2431     | 1.0918       | 1.2477       | 1.5895   |           
242    | 3.1669     | 0.6674     | 1.1999       | 1.2997       | 0.2114     | 1.0901       | 1.2303       | 1.5846   |           
243    | 3.1286     | 0.6553     | 1.1849       | 1.2885       | 0.2542     | 1.0814       | 1.2231       | 1.5531   |           
244    | 3.1837     | 0.6805     | 1.1988       | 1.3044       | 0.2571     | 1.0898       | 1.2454       | 1.5570   |           
245    | 3.1533     | 0.6655     | 1.1948       | 1.2930       | 0.2252     | 1.0954       | 1.2216       | 1.6212   |           
246    | 3.0642     | 0.6115     | 1.1772       | 1.2755       | 0.2419     | 1.0855       | 1.2294       | 1.6087   |           
247    | 3.1408     | 0.6528     | 1.1955       | 1.2925       | 0.2584     | 1.1259       | 1.2200       | 1.5680   |           
248    | 3.0615     | 0.6116     | 1.1804       | 1.2694       | 0.2642     | 1.1223       | 1.2118       | 1.6624   |           
249    | 3.1602     | 0.6649     | 1.2033       | 1.2919       | 0.2329     | 1.1046       | 1.2352       | 1.5856   |           
250    | 3.1204     | 0.6510     | 1.1896       | 1.2798       | 0.2290     | 1.0922       | 1.1917       | 1.5337   |           
251    | 3.1098     | 0.6360     | 1.1891       | 1.2847       | 0.2321     | 1.1412       | 1.2411       | 1.5529   |           
252    | 3.1323     | 0.6451     | 1.1938       | 1.2934       | 0.2210     | 1.1086       | 1.2407       | 1.5604   |           
253    | 3.1492     | 0.6588     | 1.2069       | 1.2835       | 0.2350     | 1.1135       | 1.2284       | 1.5328   |           
254    | 3.1647     | 0.6813     | 1.2049       | 1.2785       | 0.2180     | 1.0962       | 1.2012       | 1.4878   |           
255    | 3.1197     | 0.6240     | 1.2025       | 1.2933       | 0.2183     | 1.1162       | 1.2175       | 1.5364   |           
256    | 3.1631     | 0.6600     | 1.2172       | 1.2859       | 0.2244     | 1.1268       | 1.2018       | 1.5895   | (ADV -0.10)
257    | 3.1261     | 0.6374     | 1.1963       | 1.2924       | 0.2559     | 1.1254       | 1.2287       | 1.6481   |           
258    | 3.0753     | 0.6052     | 1.1817       | 1.2883       | 0.2694     | 1.0961       | 1.2343       | 1.5755   |           
259    | 3.1383     | 0.6483     | 1.1994       | 1.2907       | 0.2210     | 1.1098       | 1.2160       | 1.6688   |           
260    | 3.1678     | 0.6636     | 1.2045       | 1.2997       | 0.2239     | 1.0949       | 1.2404       | 1.6152   |           
261    | 3.1159     | 0.6271     | 1.1987       | 1.2902       | 0.2324     | 1.0861       | 1.2346       | 1.5275   |           
262    | 3.1039     | 0.6207     | 1.2052       | 1.2781       | 0.2158     | 1.1240       | 1.2363       | 1.6253   |           
263    | 3.0844     | 0.6000     | 1.1945       | 1.2899       | 0.2293     | 1.1352       | 1.2423       | 1.6047   |           
264    | 3.1519     | 0.6638     | 1.1957       | 1.2923       | 0.2441     | 1.1324       | 1.2394       | 1.6322   |           
265    | 3.1444     | 0.6525     | 1.2020       | 1.2899       | 0.2454     | 1.1320       | 1.2261       | 1.6609   |           
266    | 3.1377     | 0.6605     | 1.2000       | 1.2772       | 0.2396     | 1.1342       | 1.2308       | 1.6659   |           
267    | 3.1568     | 0.6768     | 1.1924       | 1.2875       | 0.2577     | 1.1225       | 1.2106       | 1.5636   |           
268    | 3.1443     | 0.6566     | 1.1966       | 1.2911       | 0.2515     | 1.1101       | 1.1981       | 1.4625   |           
269    | 3.1283     | 0.6478     | 1.1946       | 1.2859       | 0.2487     | 1.1413       | 1.2177       | 1.5658   |           
270    | 3.1167     | 0.6385     | 1.1919       | 1.2862       | 0.2132     | 1.1002       | 1.2443       | 1.5239   |           
271    | 3.1430     | 0.6411     | 1.2030       | 1.2989       | 0.2276     | 1.1210       | 1.2314       | 1.4801   |           
272    | 3.1755     | 0.6843     | 1.2008       | 1.2904       | 0.2053     | 1.1138       | 1.2040       | 1.5035   | (ADV -0.10)
273    | 3.1334     | 0.6382     | 1.2043       | 1.2908       | 0.2330     | 1.1084       | 1.2334       | 1.6025   |           
274    | 3.1349     | 0.6464     | 1.2040       | 1.2845       | 0.2322     | 1.0973       | 1.2296       | 1.4217   |           
275    | 3.0717     | 0.5847     | 1.1955       | 1.2915       | 0.2490     | 1.1232       | 1.2307       | 1.5205   |           
276    | 3.0828     | 0.6158     | 1.1901       | 1.2769       | 0.2383     | 1.1085       | 1.2241       | 1.5155   |           
277    | 3.1335     | 0.6298     | 1.2104       | 1.2933       | 0.2500     | 1.1320       | 1.2164       | 1.6271   |           
278    | 3.1053     | 0.6106     | 1.1963       | 1.2983       | 0.2602     | 1.1347       | 1.2361       | 1.6264   |           
279    | 3.1127     | 0.6314     | 1.1943       | 1.2869       | 0.2846     | 1.1530       | 1.2534       | 1.5805   |           
280    | 3.1324     | 0.6360     | 1.2026       | 1.2937       | 0.2482     | 1.0911       | 1.2334       | 1.6165   |           
281    | 3.1299     | 0.6504     | 1.1974       | 1.2821       | 0.2211     | 1.1296       | 1.2149       | 1.6139   |           
282    | 3.1200     | 0.6266     | 1.2024       | 1.2910       | 0.2267     | 1.1424       | 1.2109       | 1.4669   | (ADV -0.09)
283    | 3.2155     | 0.6928     | 1.2284       | 1.2943       | 0.2331     | 1.1384       | 1.2113       | 1.5483   |           
284    | 3.1239     | 0.6206     | 1.2139       | 1.2895       | 0.2531     | 1.1340       | 1.2254       | 1.5924   |           
285    | 3.1433     | 0.6358     | 1.2132       | 1.2943       | 0.2295     | 1.1199       | 1.2444       | 1.6351   |           
286    | 3.0840     | 0.5977     | 1.1913       | 1.2950       | 0.2524     | 1.1344       | 1.2610       | 1.6220   |           
287    | 3.1254     | 0.6329     | 1.2056       | 1.2869       | 0.2286     | 1.1262       | 1.2472       | 1.5478   |           
288    | 3.1406     | 0.6547     | 1.1944       | 1.2915       | 0.2062     | 1.1021       | 1.2462       | 1.5617   |           
289    | 3.1349     | 0.6443     | 1.2035       | 1.2871       | 0.2478     | 1.1167       | 1.2295       | 1.6041   |           
290    | 3.1190     | 0.6373     | 1.1995       | 1.2822       | 0.2388     | 1.1025       | 1.2451       | 1.6055   |           
291    | 3.1001     | 0.6231     | 1.1824       | 1.2945       | 0.2421     | 1.1220       | 1.2276       | 1.6708   |           
292    | 3.0462     | 0.5688     | 1.1922       | 1.2851       | 0.2366     | 1.1094       | 1.2301       | 1.5888   |           
293    | 3.1199     | 0.6224     | 1.2025       | 1.2950       | 0.2461     | 1.1028       | 1.2416       | 1.5094   |           
294    | 3.1295     | 0.6269     | 1.2042       | 1.2984       | 0.2464     | 1.1036       | 1.2344       | 1.6186   |           
295    | 3.0881     | 0.6010     | 1.2052       | 1.2819       | 0.2584     | 1.1172       | 1.2403       | 1.5398   |           
296    | 3.1717     | 0.6636     | 1.2071       | 1.3010       | 0.2540     | 1.1031       | 1.2280       | 1.6088   |           
297    | 3.0668     | 0.5877     | 1.1959       | 1.2831       | 0.2140     | 1.1019       | 1.2181       | 1.5631   |           
298    | 3.1305     | 0.6305     | 1.2016       | 1.2984       | 0.2571     | 1.0906       | 1.2458       | 1.5813   |           
299    | 3.1505     | 0.6532     | 1.1970       | 1.3003       | 0.2276     | 1.1184       | 1.2405       | 1.4997   |           
300    | 3.1690     | 0.6552     | 1.2194       | 1.2944       | 0.2596     | 1.1185       | 1.2416       | 1.5415   |           
301    | 3.1361     | 0.6315     | 1.2118       | 1.2927       | 0.2343     | 1.1081       | 1.2162       | 1.6043   |           
302    | 3.1617     | 0.6533     | 1.2095       | 1.2989       | 0.2203     | 1.0938       | 1.2442       | 1.5925   |           
303    | 3.1348     | 0.6225     | 1.2194       | 1.2928       | 0.2589     | 1.1246       | 1.2725       | 1.6557   |           
304    | 3.1455     | 0.6300     | 1.2087       | 1.3068       | 0.2569     | 1.1188       | 1.2611       | 1.5701   |           
305    | 3.1091     | 0.6110     | 1.2085       | 1.2896       | 0.2819     | 1.1061       | 1.2601       | 1.5793   |           
306    | 3.1400     | 0.6348     | 1.2115       | 1.2937       | 0.2128     | 1.1112       | 1.2368       | 1.4671   |           
307    | 3.1540     | 0.6433     | 1.2120       | 1.2987       | 0.2410     | 1.1046       | 1.2242       | 1.6102   |           
308    | 3.1237     | 0.6380     | 1.1927       | 1.2930       | 0.2515     | 1.1144       | 1.2289       | 1.5302   |           
309    | 3.1297     | 0.6298     | 1.2078       | 1.2921       | 0.2620     | 1.1408       | 1.2451       | 1.6423   |           
310    | 3.2034     | 0.6921     | 1.2116       | 1.2997       | 0.2484     | 1.1052       | 1.2450       | 1.5755   |           
311    | 3.1412     | 0.6411     | 1.1975       | 1.3026       | 0.2344     | 1.1046       | 1.2489       | 1.5774   |           
312    | 3.1695     | 0.6750     | 1.2038       | 1.2906       | 0.2407     | 1.1130       | 1.2432       | 1.6100   |           
313    | 3.1722     | 0.6577     | 1.2234       | 1.2910       | 0.2411     | 1.1124       | 1.2303       | 1.5197   |           
314    | 3.1037     | 0.6176     | 1.2079       | 1.2782       | 0.2502     | 1.1244       | 1.2320       | 1.5822   |           
315    | 3.1072     | 0.6242     | 1.1929       | 1.2901       | 0.2536     | 1.0911       | 1.2404       | 1.5817   |           
316    | 3.1846     | 0.6680     | 1.2212       | 1.2954       | 0.2483     | 1.1051       | 1.2454       | 1.6191   |           
317    | 3.1579     | 0.6465     | 1.2264       | 1.2849       | 0.2533     | 1.1114       | 1.2336       | 1.6042   |           
318    | 3.1674     | 0.6508     | 1.2186       | 1.2980       | 0.2102     | 1.1405       | 1.2486       | 1.5688   |           
319    | 3.0942     | 0.5902     | 1.2098       | 1.2941       | 0.2570     | 1.1204       | 1.2508       | 1.5423   |           
320    | 3.1690     | 0.6581     | 1.2147       | 1.2961       | 0.2274     | 1.1415       | 1.2661       | 1.5148   |           
321    | 3.1588     | 0.6505     | 1.2223       | 1.2859       | 0.2537     | 1.1318       | 1.2407       | 1.5404   |           
322    | 3.1130     | 0.5965     | 1.2269       | 1.2896       | 0.2300     | 1.1472       | 1.2523       | 1.5627   |           
323    | 3.0789     | 0.5857     | 1.2045       | 1.2887       | 0.2157     | 1.1507       | 1.2434       | 1.5969   | (ADV -0.09)
324    | 3.2086     | 0.6768     | 1.2330       | 1.2988       | 0.2585     | 1.1462       | 1.2577       | 1.5351   |           
325    | 3.1236     | 0.6038     | 1.2328       | 1.2870       | 0.2532     | 1.1476       | 1.2447       | 1.4592   |           
326    | 3.1709     | 0.6491     | 1.2322       | 1.2896       | 0.2735     | 1.1477       | 1.2695       | 1.5979   |           
327    | 3.1413     | 0.6257     | 1.2226       | 1.2930       | 0.2736     | 1.1736       | 1.2788       | 1.5968   |           
328    | 3.2168     | 0.6665     | 1.2438       | 1.3064       | 0.2353     | 1.1540       | 1.2467       | 1.5495   |           
329    | 3.2542     | 0.6898     | 1.2521       | 1.3123       | 0.2311     | 1.1558       | 1.2613       | 1.6407   |           
330    | 3.2134     | 0.6740     | 1.2368       | 1.3026       | 0.2347     | 1.1516       | 1.2604       | 1.5985   |           
331    | 3.1511     | 0.6357     | 1.2222       | 1.2932       | 0.2441     | 1.1384       | 1.2456       | 1.5740   |           
332    | 3.1196     | 0.6149     | 1.2136       | 1.2912       | 0.2454     | 1.1709       | 1.2535       | 1.6716   |           
333    | 3.1311     | 0.6127     | 1.2269       | 1.2915       | 0.2364     | 1.1614       | 1.2644       | 1.5769   |           
334    | 3.1735     | 0.6510     | 1.2287       | 1.2938       | 0.2682     | 1.1560       | 1.2807       | 1.5562   |           
335    | 3.1373     | 0.5903     | 1.2515       | 1.2955       | 0.2516     | 1.2023       | 1.2646       | 1.4455   | (ADV -0.09)
336    | 3.2129     | 0.6648     | 1.2441       | 1.3039       | 0.2555     | 1.1788       | 1.2767       | 1.4839   |           
337    | 3.1998     | 0.6600     | 1.2469       | 1.2929       | 0.2315     | 1.1630       | 1.2455       | 1.4532   |           
338    | 3.1323     | 0.6178     | 1.2064       | 1.3081       | 0.2135     | 1.1579       | 1.2590       | 1.4049   |           
339    | 3.0832     | 0.5803     | 1.2200       | 1.2829       | 0.2411     | 1.1676       | 1.2473       | 1.4703   |           
340    | 3.1584     | 0.6215     | 1.2384       | 1.2985       | 0.2487     | 1.1451       | 1.2369       | 1.3929   |           
341    | 3.1189     | 0.6158     | 1.2102       | 1.2929       | 0.2652     | 1.1701       | 1.2559       | 1.3737   |           
342    | 3.1741     | 0.6503     | 1.2363       | 1.2875       | 0.2778     | 1.1894       | 1.2287       | 1.4145   |           
343    | 3.1032     | 0.5861     | 1.2294       | 1.2877       | 0.2643     | 1.1685       | 1.2255       | 1.3790   |           
344    | 3.1453     | 0.6339     | 1.2156       | 1.2957       | 0.2202     | 1.1564       | 1.2473       | 1.3914   |           
345    | 3.1914     | 0.6705     | 1.2257       | 1.2951       | 0.2543     | 1.1392       | 1.2373       | 1.4478   |           
346    | 3.1511     | 0.6255     | 1.2222       | 1.3035       | 0.2733     | 1.1750       | 1.2418       | 1.4784   |           
347    | 3.1414     | 0.6043     | 1.2288       | 1.3083       | 0.2318     | 1.1472       | 1.2309       | 1.5157   |           
348    | 3.1247     | 0.5956     | 1.2213       | 1.3078       | 0.2139     | 1.1547       | 1.2749       | 1.4246   |           
349    | 3.1473     | 0.6232     | 1.2226       | 1.3016       | 0.2177     | 1.1377       | 1.2298       | 1.5032   |           
350    | 3.1500     | 0.6220     | 1.2101       | 1.3179       | 0.2675     | 1.1631       | 1.2407       | 1.4320   |           
351    | 3.1630     | 0.6523     | 1.2179       | 1.2928       | 0.2586     | 1.1697       | 1.2257       | 1.3913   |           
352    | 3.1161     | 0.5970     | 1.2211       | 1.2981       | 0.2386     | 1.1596       | 1.2373       | 1.4761   |           
353    | 3.0642     | 0.5687     | 1.2029       | 1.2926       | 0.2353     | 1.1370       | 1.2368       | 1.6155   |           
354    | 3.1223     | 0.6122     | 1.2131       | 1.2971       | 0.2655     | 1.1770       | 1.2442       | 1.3966   |           
355    | 3.2109     | 0.6754     | 1.2357       | 1.2999       | 0.2088     | 1.1484       | 1.2544       | 1.4163   |           
356    | 3.1219     | 0.6053     | 1.2216       | 1.2950       | 0.2143     | 1.1617       | 1.2308       | 1.3984   | (ADV -0.09)
357    | 3.1458     | 0.6266     | 1.2173       | 1.3020       | 0.2446     | 1.1345       | 1.2464       | 1.4604   |           
358    | 3.1514     | 0.6186     | 1.2240       | 1.3089       | 0.2358     | 1.1692       | 1.2360       | 1.4155   |           
359    | 3.1605     | 0.6249     | 1.2332       | 1.3025       | 0.2114     | 1.1340       | 1.2307       | 1.4705   |           
360    | 3.0763     | 0.5730     | 1.2059       | 1.2975       | 0.2502     | 1.1482       | 1.2528       | 1.4667   |           
361    | 3.1720     | 0.6361     | 1.2355       | 1.3004       | 0.2389     | 1.1290       | 1.2511       | 1.6300   |           
362    | 3.0915     | 0.5677     | 1.2219       | 1.3019       | 0.2453     | 1.1542       | 1.2545       | 1.6267   |           
363    | 3.1367     | 0.6246     | 1.2213       | 1.2908       | 0.2538     | 1.1645       | 1.2386       | 1.5470   |           
364    | 3.1106     | 0.5853     | 1.2222       | 1.3031       | 0.2488     | 1.1587       | 1.2550       | 1.5185   |           
365    | 3.2225     | 0.6747     | 1.2339       | 1.3139       | 0.2420     | 1.1210       | 1.2336       | 1.5782   |           
366    | 3.1744     | 0.6499     | 1.2264       | 1.2981       | 0.2169     | 1.1235       | 1.2512       | 1.5865   |           
367    | 3.1591     | 0.6344     | 1.2277       | 1.2969       | 0.2506     | 1.1464       | 1.2302       | 1.5934   |           
368    | 3.1435     | 0.6088     | 1.2344       | 1.3003       | 0.2533     | 1.1435       | 1.2597       | 1.5729   |           
369    | 3.1746     | 0.6303     | 1.2239       | 1.3205       | 0.2097     | 1.1168       | 1.2891       | 1.5783   |           
370    | 3.2050     | 0.6416     | 1.2375       | 1.3260       | 0.2652     | 1.1217       | 1.2711       | 1.5768   |           
/home/mcslab/yutung/MCSLAB_RSSI_RTT_Dataset/FusionCDAN/fusion_cdan_v3.py:220: FutureWarning: DataFrameGroupBy.apply operated on the grouping columns. This behavior is deprecated, and in a future version of pandas the grouping columns will be excluded from the operation. Either pass `include_groups=False` to exclude the groupings or explicitly select the grouping columns after groupby to silence this warning.
  df = df.groupby('Label').apply(
/home/mcslab/yutung/MCSLAB_RSSI_RTT_Dataset/FusionCDAN/fusion_cdan_v3.py:220: FutureWarning: DataFrameGroupBy.apply operated on the grouping columns. This behavior is deprecated, and in a future version of pandas the grouping columns will be excluded from the operation. Either pass `include_groups=False` to exclude the groupings or explicitly select the grouping columns after groupby to silence this warning.
  df = df.groupby('Label').apply(
371    | 3.0881     | 0.5797     | 1.2099       | 1.2985       | 0.2537     | 1.1359       | 1.2575       | 1.4323   |           
372    | 3.1545     | 0.6153     | 1.2360       | 1.3033       | 0.2701     | 1.1639       | 1.2758       | 1.3491   |           
373    | 3.2097     | 0.6640     | 1.2442       | 1.3015       | 0.2595     | 1.1639       | 1.2709       | 1.4790   |           
374    | 3.1538     | 0.6057     | 1.2383       | 1.3099       | 0.2272     | 1.1354       | 1.2754       | 1.4166   |           
375    | 3.1843     | 0.6314     | 1.2524       | 1.3006       | 0.2713     | 1.1516       | 1.2700       | 1.4378   |           
376    | 3.1649     | 0.6158     | 1.2369       | 1.3122       | 0.2460     | 1.1325       | 1.2548       | 1.3756   |           
377    | 3.2186     | 0.6590     | 1.2505       | 1.3090       | 0.2418     | 1.1525       | 1.2647       | 1.4466   |           
378    | 3.1646     | 0.6123     | 1.2465       | 1.3058       | 0.2244     | 1.1543       | 1.2654       | 1.3927   |           
379    | 3.1784     | 0.6215     | 1.2488       | 1.3082       | 0.2273     | 1.1407       | 1.2559       | 1.4767   |           
380    | 3.1560     | 0.6053     | 1.2426       | 1.3081       | 0.2316     | 1.1248       | 1.2563       | 1.4144   |           
381    | 3.1935     | 0.6291     | 1.2455       | 1.3190       | 0.2452     | 1.1478       | 1.2581       | 1.4350   |           
382    | 3.2041     | 0.6574     | 1.2323       | 1.3144       | 0.2408     | 1.1449       | 1.2475       | 1.4475   |           
383    | 3.1570     | 0.6105     | 1.2445       | 1.3020       | 0.2187     | 1.1546       | 1.2487       | 1.4406   |           
384    | 3.2002     | 0.6586     | 1.2333       | 1.3083       | 0.2324     | 1.1421       | 1.2443       | 1.4759   |           
385    | 3.1732     | 0.6326     | 1.2315       | 1.3091       | 0.2679     | 1.1536       | 1.2556       | 1.4295   |           
386    | 3.1570     | 0.6058     | 1.2459       | 1.3052       | 0.2255     | 1.1425       | 1.2532       | 1.4085   |           
387    | 3.1741     | 0.6285     | 1.2400       | 1.3055       | 0.2262     | 1.1373       | 1.2720       | 1.3998   |           
388    | 3.2237     | 0.6629     | 1.2512       | 1.3097       | 0.2553     | 1.1458       | 1.2553       | 1.4304   |           
389    | 3.1923     | 0.6437     | 1.2393       | 1.3094       | 0.2311     | 1.1340       | 1.2543       | 1.4330   |           
390    | 3.1771     | 0.6264     | 1.2400       | 1.3107       | 0.2342     | 1.1397       | 1.2576       | 1.3923   |           
391    | 3.2089     | 0.6474     | 1.2531       | 1.3084       | 0.2723     | 1.1449       | 1.2677       | 1.3819   |           
392    | 3.1715     | 0.6199     | 1.2421       | 1.3096       | 0.2269     | 1.1188       | 1.2482       | 1.3460   |           
393    | 3.1503     | 0.6205     | 1.2374       | 1.2924       | 0.2171     | 1.1346       | 1.2520       | 1.4112   |           
394    | 3.1116     | 0.5755     | 1.2301       | 1.3059       | 0.2164     | 1.1246       | 1.2603       | 1.4552   |           
395    | 3.1367     | 0.5854     | 1.2402       | 1.3111       | 0.2686     | 1.1539       | 1.2554       | 1.4315   |           
396    | 3.2094     | 0.6380     | 1.2508       | 1.3206       | 0.2545     | 1.1450       | 1.2562       | 1.4029   |           
397    | 3.1194     | 0.5857     | 1.2353       | 1.2984       | 0.2196     | 1.1431       | 1.2553       | 1.4427   |           
398    | 3.2205     | 0.6621     | 1.2451       | 1.3133       | 0.2527     | 1.1685       | 1.2580       | 1.4329   |           
399    | 3.1642     | 0.6232     | 1.2417       | 1.2993       | 0.2528     | 1.1548       | 1.2518       | 1.4469   |           
400    | 3.1268     | 0.5899     | 1.2365       | 1.3003       | 0.2371     | 1.1504       | 1.2485       | 1.3858   |           
Seed 42 | Src Acc: 94.6939 | Src MDE: 0.0632 | Tgt Acc: 21.9388 | Tgt MDE: 1.3984
Start Training Seed 6767...

Start CDAN+E Training... (Entropy Conditioning Enabled)
Epoch  | Total Loss | Tr Cls     | Tr Dom RSSI  | Tr Dom RTT   | Val Cls    | Val RSSI Dls | Val RTT Dls  | Test MDE
------------------------------------------------------------------------------------------------------------------------
1      | 6.6648     | 3.8923     | 1.3795       | 1.3931       | 3.0371     | 1.3301       | 1.3847       | 1.7786   |           
2      | 5.9333     | 3.2233     | 1.3263       | 1.3837       | 2.5832     | 1.3050       | 1.3800       | 1.6035   |           
3      | 5.5363     | 2.8592     | 1.2956       | 1.3816       | 2.1864     | 1.2901       | 1.3711       | 1.3968   |           
4      | 5.1689     | 2.5346     | 1.2555       | 1.3788       | 1.8903     | 1.2466       | 1.3704       | 1.4268   |           
5      | 4.9039     | 2.3055     | 1.2247       | 1.3737       | 1.6751     | 1.2244       | 1.3615       | 1.3635   |           
6      | 4.6178     | 2.0812     | 1.1691       | 1.3674       | 1.4500     | 1.2114       | 1.3462       | 1.4120   |           
7      | 4.4127     | 1.9019     | 1.1462       | 1.3646       | 1.2658     | 1.1785       | 1.3422       | 1.4557   |           
8      | 4.1801     | 1.7199     | 1.1015       | 1.3587       | 1.1196     | 1.1723       | 1.3266       | 1.4093   |           
9      | 4.0734     | 1.6300     | 1.1002       | 1.3433       | 1.0090     | 1.1561       | 1.3167       | 1.3584   |           
10     | 3.9355     | 1.5293     | 1.0637       | 1.3424       | 0.8958     | 1.1139       | 1.3086       | 1.3741   |           
11     | 3.8092     | 1.4470     | 1.0364       | 1.3258       | 0.8290     | 1.1139       | 1.3023       | 1.3940   |           
12     | 3.7015     | 1.3489     | 1.0253       | 1.3273       | 0.7814     | 1.1108       | 1.2866       | 1.4508   |           
13     | 3.6732     | 1.3377     | 1.0243       | 1.3112       | 0.7159     | 1.0771       | 1.2942       | 1.4244   |           
14     | 3.5642     | 1.2344     | 1.0061       | 1.3237       | 0.6481     | 1.0789       | 1.2736       | 1.3593   |           
15     | 3.5306     | 1.2245     | 0.9976       | 1.3085       | 0.6739     | 1.1008       | 1.2777       | 1.4211   |           
16     | 3.5040     | 1.1928     | 0.9965       | 1.3148       | 0.5547     | 1.0423       | 1.2585       | 1.3917   |           
17     | 3.4180     | 1.1216     | 0.9950       | 1.3014       | 0.5643     | 1.0838       | 1.2664       | 1.3747   |           
18     | 3.4199     | 1.1196     | 1.0050       | 1.2953       | 0.5467     | 1.0382       | 1.2444       | 1.3811   |           
19     | 3.3942     | 1.0865     | 1.0115       | 1.2963       | 0.4854     | 1.0402       | 1.2340       | 1.3752   | (ADV -0.22)
20     | 3.4015     | 1.0949     | 1.0152       | 1.2914       | 0.4805     | 1.0682       | 1.2354       | 1.3940   | (ADV -0.20)
21     | 3.3512     | 1.0631     | 1.0102       | 1.2779       | 0.4675     | 1.0186       | 1.2236       | 1.3184   |           
22     | 3.2788     | 1.0046     | 1.0097       | 1.2645       | 0.4555     | 1.0072       | 1.2164       | 1.4311   |           
23     | 3.2960     | 0.9999     | 1.0272       | 1.2690       | 0.4208     | 1.0185       | 1.2052       | 1.4035   | (ADV -0.20)
24     | 3.3157     | 0.9968     | 1.0397       | 1.2792       | 0.4307     | 1.0060       | 1.2036       | 1.3850   |           
25     | 3.2924     | 1.0044     | 1.0112       | 1.2769       | 0.3998     | 1.0037       | 1.2057       | 1.3437   | (ADV -0.20)
26     | 3.3017     | 1.0014     | 1.0309       | 1.2695       | 0.3745     | 0.9821       | 1.2052       | 1.3756   |           
27     | 3.2218     | 0.9319     | 1.0319       | 1.2580       | 0.4086     | 1.0035       | 1.1973       | 1.3752   |           
28     | 3.1535     | 0.9040     | 1.0111       | 1.2384       | 0.3985     | 0.9921       | 1.1988       | 1.3664   |           
29     | 3.1940     | 0.9325     | 1.0198       | 1.2418       | 0.3612     | 0.9936       | 1.1859       | 1.3910   | (ADV -0.19)
30     | 3.1776     | 0.9204     | 1.0193       | 1.2379       | 0.4024     | 0.9803       | 1.1691       | 1.3788   |           
31     | 3.1379     | 0.9155     | 1.0131       | 1.2094       | 0.3922     | 0.9472       | 1.1713       | 1.3945   |           
32     | 3.1398     | 0.8880     | 1.0199       | 1.2319       | 0.3363     | 0.9504       | 1.1505       | 1.3696   |           
33     | 3.1583     | 0.9048     | 1.0219       | 1.2316       | 0.3494     | 0.9388       | 1.1646       | 1.3954   |           
34     | 3.1236     | 0.8763     | 1.0166       | 1.2308       | 0.3640     | 0.9565       | 1.1752       | 1.3979   |           
35     | 3.0932     | 0.8608     | 1.0163       | 1.2161       | 0.3476     | 0.9546       | 1.1553       | 1.3576   |           
36     | 3.1250     | 0.8797     | 1.0231       | 1.2222       | 0.3072     | 0.9398       | 1.1426       | 1.3415   | (ADV -0.18)
37     | 3.1099     | 0.8725     | 1.0146       | 1.2228       | 0.3243     | 0.9437       | 1.1426       | 1.3675   |           
38     | 3.0990     | 0.8680     | 1.0254       | 1.2056       | 0.3341     | 0.9608       | 1.1398       | 1.3456   | (ADV -0.18)
39     | 3.0872     | 0.8353     | 1.0259       | 1.2259       | 0.3256     | 0.9812       | 1.1552       | 1.3175   | (ADV -0.18)
40     | 3.0736     | 0.8329     | 1.0244       | 1.2163       | 0.3207     | 0.9475       | 1.1401       | 1.3769   |           
41     | 3.0794     | 0.8440     | 1.0100       | 1.2254       | 0.3407     | 0.9477       | 1.1575       | 1.3415   |           
42     | 3.0768     | 0.8520     | 1.0064       | 1.2184       | 0.3767     | 1.0109       | 1.1346       | 1.3494   | (ADV -0.18)
43     | 3.1088     | 0.8360     | 1.0449       | 1.2279       | 0.3527     | 0.9971       | 1.1718       | 1.4640   |           
44     | 3.0785     | 0.8211     | 1.0305       | 1.2268       | 0.3118     | 0.9385       | 1.1336       | 1.4134   |           
45     | 3.0469     | 0.7914     | 1.0174       | 1.2381       | 0.3264     | 1.0128       | 1.1809       | 1.4621   | (ADV -0.17)
46     | 3.0825     | 0.8252     | 1.0263       | 1.2310       | 0.3223     | 0.9431       | 1.1363       | 1.4030   |           
47     | 3.0459     | 0.7883     | 1.0363       | 1.2213       | 0.2959     | 0.9363       | 1.1413       | 1.3392   |           
48     | 3.0467     | 0.7909     | 1.0353       | 1.2206       | 0.3378     | 0.9666       | 1.1651       | 1.4526   |           
49     | 3.0222     | 0.7651     | 1.0268       | 1.2303       | 0.3087     | 0.9725       | 1.1464       | 1.3318   |           
50     | 3.0719     | 0.8167     | 1.0383       | 1.2169       | 0.2918     | 0.9252       | 1.1412       | 1.3068   |           
51     | 3.0526     | 0.7935     | 1.0319       | 1.2271       | 0.2998     | 0.9128       | 1.1609       | 1.3486   |           
52     | 3.0230     | 0.7685     | 1.0376       | 1.2169       | 0.2908     | 0.9364       | 1.1035       | 1.3698   |           
53     | 2.9802     | 0.7489     | 1.0275       | 1.2038       | 0.2963     | 0.9415       | 1.1151       | 1.3853   |           
54     | 3.0837     | 0.8082     | 1.0400       | 1.2355       | 0.3338     | 0.9917       | 1.1639       | 1.3933   |           
55     | 3.0123     | 0.7850     | 1.0112       | 1.2160       | 0.2876     | 0.9412       | 1.1213       | 1.3624   |           
56     | 3.0281     | 0.7853     | 1.0210       | 1.2218       | 0.3051     | 0.9550       | 1.1425       | 1.3687   |           
57     | 3.0750     | 0.8052     | 1.0450       | 1.2248       | 0.3236     | 0.9787       | 1.1399       | 1.3932   |           
58     | 3.0110     | 0.7684     | 1.0245       | 1.2181       | 0.2916     | 0.9267       | 1.1537       | 1.3811   |           
59     | 2.9834     | 0.7384     | 1.0214       | 1.2235       | 0.2713     | 0.9054       | 1.1218       | 1.3813   |           
60     | 3.0552     | 0.7716     | 1.0445       | 1.2391       | 0.2959     | 0.9400       | 1.1181       | 1.4052   |           
61     | 3.0039     | 0.7651     | 1.0255       | 1.2133       | 0.2967     | 0.9591       | 1.1191       | 1.4080   |           
62     | 3.0971     | 0.7996     | 1.0589       | 1.2386       | 0.3033     | 0.9617       | 1.1434       | 1.3750   |           
63     | 3.0207     | 0.7603     | 1.0317       | 1.2287       | 0.2892     | 0.9606       | 1.1526       | 1.3900   |           
64     | 3.0250     | 0.7594     | 1.0409       | 1.2247       | 0.2946     | 0.9762       | 1.1340       | 1.3554   | (ADV -0.16)
65     | 3.1100     | 0.7988     | 1.0719       | 1.2393       | 0.2774     | 0.9733       | 1.1590       | 1.3180   |           
66     | 3.0202     | 0.7424     | 1.0456       | 1.2322       | 0.2705     | 0.9478       | 1.1272       | 1.3605   |           
67     | 3.0079     | 0.7385     | 1.0508       | 1.2187       | 0.2910     | 0.9328       | 1.1441       | 1.2895   |           
68     | 3.0777     | 0.7832     | 1.0451       | 1.2494       | 0.2804     | 0.9468       | 1.1261       | 1.4179   |           
69     | 3.0670     | 0.7715     | 1.0635       | 1.2321       | 0.2996     | 0.9784       | 1.1247       | 1.3745   | (ADV -0.16)
70     | 3.1075     | 0.7959     | 1.0688       | 1.2428       | 0.2707     | 0.9397       | 1.1258       | 1.4122   |           
71     | 3.0569     | 0.7774     | 1.0610       | 1.2185       | 0.2673     | 0.9504       | 1.1502       | 1.3919   |           
72     | 3.0710     | 0.7867     | 1.0540       | 1.2303       | 0.2831     | 0.9514       | 1.1404       | 1.3678   |           
73     | 2.9683     | 0.6965     | 1.0534       | 1.2184       | 0.2570     | 0.9744       | 1.1347       | 1.3943   | (ADV -0.15)
74     | 3.0330     | 0.7396     | 1.0700       | 1.2234       | 0.2905     | 0.9994       | 1.1356       | 1.3522   |           
75     | 3.0574     | 0.7823     | 1.0403       | 1.2347       | 0.2855     | 0.9509       | 1.1444       | 1.3817   |           
76     | 3.0041     | 0.7324     | 1.0501       | 1.2215       | 0.2925     | 0.9630       | 1.1421       | 1.4449   |           
77     | 2.9953     | 0.7160     | 1.0427       | 1.2367       | 0.2713     | 0.9663       | 1.1276       | 1.3368   |           
78     | 3.0608     | 0.7636     | 1.0636       | 1.2336       | 0.2780     | 0.9508       | 1.1462       | 1.3210   |           
79     | 3.1154     | 0.8112     | 1.0588       | 1.2455       | 0.2738     | 0.9659       | 1.1427       | 1.3794   |           
80     | 3.0340     | 0.7427     | 1.0513       | 1.2400       | 0.2750     | 0.9643       | 1.1668       | 1.3901   |           
81     | 2.9605     | 0.6828     | 1.0477       | 1.2300       | 0.2747     | 0.9690       | 1.1178       | 1.3690   |           
82     | 3.0902     | 0.7780     | 1.0794       | 1.2328       | 0.2608     | 0.9605       | 1.1567       | 1.3973   |           
83     | 3.0707     | 0.7448     | 1.0822       | 1.2438       | 0.2648     | 1.0084       | 1.1437       | 1.3868   | (ADV -0.14)
84     | 3.0474     | 0.7279     | 1.0729       | 1.2466       | 0.2926     | 0.9645       | 1.1377       | 1.3861   |           
85     | 3.0539     | 0.7379     | 1.0881       | 1.2280       | 0.2893     | 0.9894       | 1.1323       | 1.3582   |           
86     | 3.0431     | 0.7321     | 1.0669       | 1.2441       | 0.2544     | 0.9502       | 1.1387       | 1.3568   |           
87     | 3.0565     | 0.7400     | 1.0763       | 1.2401       | 0.2776     | 0.9944       | 1.1421       | 1.3852   |           
88     | 3.1257     | 0.7665     | 1.0881       | 1.2711       | 0.2986     | 0.9998       | 1.1678       | 1.4029   |           
89     | 3.0869     | 0.7502     | 1.0901       | 1.2465       | 0.3348     | 1.0152       | 1.2232       | 1.3864   |           
90     | 3.0464     | 0.7454     | 1.0616       | 1.2394       | 0.2678     | 0.9957       | 1.1433       | 1.2918   |           
91     | 3.0868     | 0.7476     | 1.0958       | 1.2434       | 0.2951     | 1.0166       | 1.1563       | 1.3879   |           
92     | 3.1015     | 0.7571     | 1.1040       | 1.2403       | 0.2766     | 0.9908       | 1.1261       | 1.3582   |           
93     | 3.0375     | 0.7225     | 1.0715       | 1.2435       | 0.2590     | 0.9768       | 1.1904       | 1.3979   |           
94     | 3.0563     | 0.7408     | 1.0845       | 1.2310       | 0.2985     | 1.0251       | 1.1330       | 1.3536   |           
95     | 3.0987     | 0.7397     | 1.1002       | 1.2588       | 0.2489     | 1.0207       | 1.1432       | 1.3225   | (ADV -0.14)
96     | 3.1266     | 0.7640     | 1.1233       | 1.2393       | 0.2721     | 1.0224       | 1.1382       | 1.2913   |           
97     | 3.1293     | 0.7307     | 1.1326       | 1.2660       | 0.3232     | 1.0377       | 1.1464       | 1.4007   |           
98     | 3.0773     | 0.7249     | 1.1250       | 1.2273       | 0.2713     | 1.0459       | 1.1226       | 1.3736   | (ADV -0.13)
99     | 3.1367     | 0.7564     | 1.1329       | 1.2475       | 0.2434     | 1.0202       | 1.1333       | 1.3326   |           
100    | 3.1062     | 0.7449     | 1.1253       | 1.2360       | 0.2412     | 1.0467       | 1.1506       | 1.4035   | (ADV -0.12)
101    | 3.0770     | 0.7140     | 1.1205       | 1.2425       | 0.2498     | 1.0185       | 1.1313       | 1.3531   |           
102    | 3.0883     | 0.7034     | 1.1282       | 1.2567       | 0.2531     | 1.0159       | 1.1517       | 1.3946   |           
103    | 3.1013     | 0.7251     | 1.1167       | 1.2595       | 0.2690     | 1.0349       | 1.1340       | 1.3707   |           
104    | 3.1080     | 0.7356     | 1.1155       | 1.2569       | 0.2447     | 1.0382       | 1.1313       | 1.4480   |           
105    | 3.0907     | 0.7281     | 1.1289       | 1.2337       | 0.2393     | 1.0120       | 1.1224       | 1.3536   |           
106    | 3.0537     | 0.7139     | 1.1033       | 1.2365       | 0.2894     | 1.0083       | 1.1409       | 1.3675   |           
107    | 3.1283     | 0.7338     | 1.1346       | 1.2599       | 0.2723     | 0.9925       | 1.1414       | 1.3373   |           
108    | 3.0513     | 0.6991     | 1.1115       | 1.2407       | 0.2973     | 1.0725       | 1.1685       | 1.3711   |           
109    | 3.1022     | 0.7320     | 1.1283       | 1.2418       | 0.2536     | 1.0317       | 1.1418       | 1.3709   |           
110    | 3.1192     | 0.7304     | 1.1210       | 1.2678       | 0.2532     | 1.0058       | 1.1547       | 1.3691   |           
111    | 3.0763     | 0.6946     | 1.1282       | 1.2535       | 0.2754     | 1.0097       | 1.1471       | 1.3564   |           
112    | 3.1342     | 0.7357     | 1.1364       | 1.2621       | 0.2715     | 1.0560       | 1.1605       | 1.2994   |           
113    | 3.1775     | 0.7797     | 1.1409       | 1.2568       | 0.2544     | 1.0241       | 1.1601       | 1.3199   |           
114    | 3.0930     | 0.7141     | 1.1130       | 1.2659       | 0.2543     | 1.0023       | 1.1577       | 1.3632   |           
115    | 3.0759     | 0.7117     | 1.1164       | 1.2478       | 0.2705     | 1.0594       | 1.1620       | 1.3566   |           
116    | 3.1185     | 0.7370     | 1.1284       | 1.2531       | 0.2458     | 1.0369       | 1.1370       | 1.3167   |           
117    | 3.1131     | 0.7152     | 1.1415       | 1.2564       | 0.2397     | 1.0486       | 1.1373       | 1.3517   | (ADV -0.12)
118    | 3.0847     | 0.7111     | 1.1231       | 1.2504       | 0.2533     | 1.0294       | 1.1461       | 1.3384   |           
119    | 3.1160     | 0.7221     | 1.1432       | 1.2508       | 0.3063     | 1.0861       | 1.1850       | 1.4362   |           
120    | 3.1094     | 0.6962     | 1.1468       | 1.2664       | 0.2722     | 1.0640       | 1.1543       | 1.3210   |           
121    | 3.0929     | 0.7052     | 1.1359       | 1.2518       | 0.2430     | 1.0545       | 1.1490       | 1.3120   |           
122    | 3.0952     | 0.7264     | 1.1152       | 1.2535       | 0.2403     | 0.9996       | 1.1443       | 1.3572   |           
123    | 3.0978     | 0.7061     | 1.1261       | 1.2656       | 0.2438     | 1.0312       | 1.1420       | 1.3439   |           
124    | 3.0731     | 0.6772     | 1.1364       | 1.2595       | 0.2436     | 1.0274       | 1.1678       | 1.3549   |           
125    | 3.1534     | 0.7611     | 1.1326       | 1.2596       | 0.2543     | 1.0175       | 1.1505       | 1.3978   |           
126    | 3.1420     | 0.7373     | 1.1433       | 1.2615       | 0.2338     | 1.0414       | 1.1501       | 1.3087   |           
127    | 3.1158     | 0.7081     | 1.1331       | 1.2747       | 0.2483     | 1.0446       | 1.1467       | 1.3037   |           
128    | 3.0857     | 0.6880     | 1.1318       | 1.2658       | 0.2488     | 1.0261       | 1.1445       | 1.3496   |           
129    | 3.0801     | 0.6794     | 1.1503       | 1.2504       | 0.2717     | 1.0561       | 1.1518       | 1.4124   |           
130    | 3.1054     | 0.7173     | 1.1468       | 1.2413       | 0.2401     | 1.0478       | 1.1234       | 1.3536   | (ADV -0.12)
131    | 3.1465     | 0.7649     | 1.1311       | 1.2504       | 0.2433     | 1.0292       | 1.1335       | 1.3747   |           
132    | 3.0621     | 0.6916     | 1.1281       | 1.2424       | 0.2435     | 1.0562       | 1.1603       | 1.4046   |           
133    | 3.1121     | 0.7089     | 1.1537       | 1.2494       | 0.2474     | 1.0277       | 1.1508       | 1.4051   |           
134    | 3.1182     | 0.7274     | 1.1354       | 1.2554       | 0.2459     | 1.0549       | 1.1650       | 1.3455   |           
135    | 3.1312     | 0.7156     | 1.1598       | 1.2558       | 0.2622     | 1.0714       | 1.1421       | 1.3183   |           
136    | 3.1442     | 0.7379     | 1.1611       | 1.2452       | 0.2612     | 1.0457       | 1.1624       | 1.3385   |           
137    | 3.0649     | 0.6680     | 1.1466       | 1.2503       | 0.2393     | 1.0402       | 1.1383       | 1.3581   |           
138    | 3.1448     | 0.7279     | 1.1545       | 1.2623       | 0.2589     | 1.0982       | 1.1546       | 1.3621   | (ADV -0.11)
139    | 3.1330     | 0.7053     | 1.1687       | 1.2589       | 0.2628     | 1.1069       | 1.1637       | 1.3493   | (ADV -0.11)
140    | 3.1123     | 0.6853     | 1.1640       | 1.2629       | 0.2608     | 1.0956       | 1.1794       | 1.3122   |           
141    | 3.1493     | 0.7210     | 1.1751       | 1.2532       | 0.2608     | 1.0963       | 1.1786       | 1.2981   |           
142    | 3.1768     | 0.7335     | 1.1656       | 1.2777       | 0.2491     | 1.1136       | 1.1618       | 1.3542   | (ADV -0.10)
143    | 3.1411     | 0.7201     | 1.1615       | 1.2594       | 0.2626     | 1.0706       | 1.1432       | 1.3430   |           
144    | 3.1096     | 0.7169     | 1.1484       | 1.2443       | 0.2418     | 1.0584       | 1.1536       | 1.3443   |           
145    | 3.1220     | 0.7083     | 1.1585       | 1.2552       | 0.2918     | 1.0885       | 1.1913       | 1.3932   |           
146    | 3.1896     | 0.7488     | 1.1721       | 1.2686       | 0.2732     | 1.1045       | 1.1545       | 1.3990   |           
147    | 3.1900     | 0.7431     | 1.1838       | 1.2632       | 0.2584     | 1.0587       | 1.1702       | 1.3454   |           
148    | 3.1150     | 0.6971     | 1.1542       | 1.2637       | 0.2518     | 1.0668       | 1.1734       | 1.3194   |           
149    | 3.1764     | 0.7428     | 1.1774       | 1.2562       | 0.2793     | 1.0706       | 1.1524       | 1.3946   |           
150    | 3.1208     | 0.7004     | 1.1576       | 1.2627       | 0.2471     | 1.0764       | 1.1667       | 1.3958   |           
151    | 3.1741     | 0.7355     | 1.1671       | 1.2715       | 0.2508     | 1.0348       | 1.1521       | 1.2999   |           
152    | 3.1298     | 0.6982     | 1.1599       | 1.2717       | 0.2498     | 1.0729       | 1.1603       | 1.3743   |           
153    | 3.0812     | 0.6801     | 1.1530       | 1.2481       | 0.2462     | 1.0804       | 1.1579       | 1.2847   |           
154    | 3.1688     | 0.7443     | 1.1619       | 1.2626       | 0.2463     | 1.0602       | 1.1676       | 1.3287   |           
155    | 3.0661     | 0.6565     | 1.1452       | 1.2644       | 0.2408     | 1.0700       | 1.1759       | 1.3576   |           
156    | 3.0922     | 0.6631     | 1.1691       | 1.2600       | 0.2594     | 1.0513       | 1.1689       | 1.3744   |           
157    | 3.1332     | 0.6962     | 1.1647       | 1.2723       | 0.2375     | 1.0585       | 1.1754       | 1.3374   |           
158    | 3.1959     | 0.7537     | 1.1672       | 1.2750       | 0.2628     | 1.0576       | 1.1904       | 1.3440   |           
159    | 3.1535     | 0.7062     | 1.1770       | 1.2702       | 0.2316     | 1.0694       | 1.1823       | 1.2126   |           
160    | 3.1308     | 0.6904     | 1.1692       | 1.2712       | 0.2596     | 1.0564       | 1.1458       | 1.3121   |           
161    | 3.0879     | 0.6655     | 1.1646       | 1.2579       | 0.2673     | 1.0765       | 1.1608       | 1.2582   |           
162    | 3.1373     | 0.7037     | 1.1680       | 1.2656       | 0.2308     | 1.0506       | 1.1710       | 1.2736   |           
163    | 3.1519     | 0.7137     | 1.1660       | 1.2723       | 0.2442     | 1.0643       | 1.1622       | 1.2297   |           
164    | 3.0939     | 0.6890     | 1.1421       | 1.2628       | 0.2456     | 1.0599       | 1.1738       | 1.3886   |           
165    | 3.1269     | 0.7053     | 1.1594       | 1.2622       | 0.2424     | 1.0833       | 1.1605       | 1.2951   |           
166    | 3.0485     | 0.6295     | 1.1558       | 1.2633       | 0.2284     | 1.0667       | 1.1772       | 1.3576   |           
167    | 3.1182     | 0.6802     | 1.1833       | 1.2547       | 0.2400     | 1.0825       | 1.1508       | 1.3379   |           
168    | 3.1184     | 0.6591     | 1.1934       | 1.2659       | 0.2379     | 1.0922       | 1.1711       | 1.2740   |           
169    | 3.1751     | 0.7212     | 1.1851       | 1.2689       | 0.2456     | 1.1036       | 1.1683       | 1.2746   |           
170    | 3.1120     | 0.6648     | 1.1710       | 1.2762       | 0.2406     | 1.0868       | 1.1916       | 1.3264   |           
171    | 3.1278     | 0.6941     | 1.1767       | 1.2570       | 0.2697     | 1.1014       | 1.1725       | 1.3056   |           
172    | 3.1763     | 0.7270     | 1.1753       | 1.2740       | 0.2517     | 1.0739       | 1.1668       | 1.3982   |           
173    | 3.0703     | 0.6550     | 1.1622       | 1.2531       | 0.2315     | 1.0550       | 1.1770       | 1.2405   |           
174    | 3.0652     | 0.6504     | 1.1523       | 1.2626       | 0.2628     | 1.0697       | 1.1670       | 1.2704   |           
175    | 3.0661     | 0.6472     | 1.1612       | 1.2577       | 0.2273     | 1.0409       | 1.1654       | 1.3235   |           
176    | 3.0848     | 0.6517     | 1.1559       | 1.2772       | 0.2651     | 1.0610       | 1.1672       | 1.2705   |           
177    | 3.1477     | 0.6978     | 1.1694       | 1.2805       | 0.2555     | 1.0720       | 1.1860       | 1.2817   |           
178    | 3.1024     | 0.6752     | 1.1658       | 1.2614       | 0.2556     | 1.0697       | 1.1836       | 1.2441   |           
179    | 3.1890     | 0.7429     | 1.1722       | 1.2738       | 0.2762     | 1.0960       | 1.2026       | 1.3355   |           
180    | 3.1112     | 0.6924     | 1.1541       | 1.2647       | 0.2476     | 1.0790       | 1.1771       | 1.3394   |           
181    | 3.1514     | 0.7173     | 1.1652       | 1.2689       | 0.2638     | 1.0813       | 1.1986       | 1.3509   |           
182    | 3.1754     | 0.7336     | 1.1736       | 1.2682       | 0.2377     | 1.0611       | 1.1668       | 1.3938   |           
183    | 3.1745     | 0.7288     | 1.1765       | 1.2692       | 0.2379     | 1.0559       | 1.1724       | 1.3104   |           
184    | 3.1381     | 0.6845     | 1.1799       | 1.2736       | 0.2619     | 1.1082       | 1.1848       | 1.3761   |           
185    | 3.1488     | 0.6939     | 1.1854       | 1.2695       | 0.2586     | 1.1152       | 1.1706       | 1.3347   |           
186    | 3.1712     | 0.6950     | 1.1968       | 1.2794       | 0.2483     | 1.0629       | 1.1954       | 1.3808   |           
187    | 3.1296     | 0.6640     | 1.1847       | 1.2808       | 0.2512     | 1.1048       | 1.1947       | 1.4425   |           
188    | 3.0959     | 0.6390     | 1.1819       | 1.2750       | 0.2481     | 1.1024       | 1.1941       | 1.4485   |           
189    | 3.1466     | 0.6720     | 1.1891       | 1.2855       | 0.2685     | 1.1016       | 1.2074       | 1.3929   |           
190    | 3.1013     | 0.6578     | 1.1627       | 1.2807       | 0.2644     | 1.0768       | 1.1954       | 1.5147   |           
191    | 3.2709     | 0.7738     | 1.1968       | 1.3003       | 0.2497     | 1.0975       | 1.2004       | 1.3696   |           
192    | 3.1466     | 0.6801     | 1.1910       | 1.2756       | 0.2612     | 1.0984       | 1.2102       | 1.3690   |           
193    | 3.1318     | 0.6587     | 1.1961       | 1.2769       | 0.2849     | 1.1247       | 1.2111       | 1.4205   |           
194    | 3.1671     | 0.6825     | 1.1912       | 1.2935       | 0.2397     | 1.1024       | 1.1981       | 1.4037   |           
195    | 3.1226     | 0.6478     | 1.1869       | 1.2879       | 0.2655     | 1.0986       | 1.1952       | 1.3264   |           
196    | 3.1239     | 0.6560     | 1.1825       | 1.2854       | 0.2425     | 1.0973       | 1.1931       | 1.4179   |           
197    | 3.2475     | 0.7543     | 1.1957       | 1.2975       | 0.2263     | 1.0950       | 1.1976       | 1.3927   |           
198    | 3.2177     | 0.7330     | 1.1856       | 1.2990       | 0.2643     | 1.1160       | 1.2157       | 1.4940   |           
199    | 3.1975     | 0.7078     | 1.1870       | 1.3026       | 0.2496     | 1.1313       | 1.2300       | 1.3581   |           
200    | 3.1839     | 0.6996     | 1.1872       | 1.2971       | 0.2375     | 1.1017       | 1.2076       | 1.3879   |           
201    | 3.1847     | 0.6905     | 1.2086       | 1.2856       | 0.2519     | 1.1028       | 1.2109       | 1.2723   |           
202    | 3.1657     | 0.6869     | 1.1812       | 1.2976       | 0.2854     | 1.1107       | 1.2114       | 1.3253   |           
203    | 3.1196     | 0.6562     | 1.1815       | 1.2819       | 0.2491     | 1.1112       | 1.1960       | 1.3143   |           
204    | 3.1082     | 0.6348     | 1.1762       | 1.2972       | 0.2523     | 1.0981       | 1.2364       | 1.4453   |           
205    | 3.1380     | 0.6586     | 1.1692       | 1.3102       | 0.2741     | 1.1295       | 1.2263       | 1.3273   |           
206    | 3.0953     | 0.6316     | 1.1613       | 1.3025       | 0.2691     | 1.1132       | 1.2034       | 1.3772   |           
207    | 3.1740     | 0.6837     | 1.1928       | 1.2976       | 0.2362     | 1.1181       | 1.2133       | 1.3068   |           
208    | 3.1861     | 0.6971     | 1.1921       | 1.2969       | 0.2385     | 1.0865       | 1.2253       | 1.3802   |           
209    | 3.1388     | 0.6490     | 1.1947       | 1.2950       | 0.2284     | 1.1068       | 1.2137       | 1.3572   |           
210    | 3.1466     | 0.6585     | 1.1972       | 1.2909       | 0.2409     | 1.1039       | 1.2044       | 1.3879   |           
211    | 3.1406     | 0.6736     | 1.1843       | 1.2827       | 0.2485     | 1.0980       | 1.2265       | 1.2690   |           
212    | 3.1518     | 0.6701     | 1.1919       | 1.2899       | 0.2483     | 1.0883       | 1.2066       | 1.2649   |           
213    | 3.1325     | 0.6733     | 1.1811       | 1.2781       | 0.2695     | 1.0992       | 1.2129       | 1.3001   |           
214    | 3.1859     | 0.6997     | 1.1926       | 1.2936       | 0.2792     | 1.0864       | 1.2221       | 1.3207   |           
215    | 3.1617     | 0.6622     | 1.1985       | 1.3010       | 0.2922     | 1.1392       | 1.2265       | 1.2869   |           
216    | 3.1451     | 0.6592     | 1.1929       | 1.2930       | 0.2579     | 1.1162       | 1.2161       | 1.3086   |           
217    | 3.1769     | 0.6744     | 1.2052       | 1.2973       | 0.2377     | 1.0986       | 1.2288       | 1.2952   |           
218    | 3.1540     | 0.6654     | 1.1891       | 1.2995       | 0.2378     | 1.1029       | 1.2226       | 1.3526   |           
219    | 3.1422     | 0.6644     | 1.1862       | 1.2916       | 0.2489     | 1.1231       | 1.2252       | 1.3205   |           
220    | 3.1049     | 0.6295     | 1.1831       | 1.2923       | 0.2357     | 1.0930       | 1.2402       | 1.2578   |           
221    | 3.0722     | 0.5954     | 1.1915       | 1.2853       | 0.2685     | 1.1198       | 1.2069       | 1.2828   |           
222    | 3.2068     | 0.6967     | 1.1981       | 1.3120       | 0.2399     | 1.1011       | 1.2242       | 1.3824   |           
223    | 3.1355     | 0.6485     | 1.1896       | 1.2973       | 0.2605     | 1.1061       | 1.2257       | 1.2842   |           
224    | 3.1846     | 0.6940     | 1.1903       | 1.3003       | 0.2318     | 1.0830       | 1.2276       | 1.2818   |           
225    | 3.1023     | 0.6188     | 1.1893       | 1.2942       | 0.2750     | 1.1539       | 1.2428       | 1.3477   |           
226    | 3.1642     | 0.6616     | 1.2083       | 1.2943       | 0.2604     | 1.1342       | 1.2196       | 1.3710   |           
227    | 3.2694     | 0.7535     | 1.2152       | 1.3007       | 0.2512     | 1.0980       | 1.2408       | 1.3408   |           
228    | 3.2165     | 0.7156     | 1.1942       | 1.3068       | 0.2342     | 1.0979       | 1.2202       | 1.3472   |           
229    | 3.1435     | 0.6708     | 1.1833       | 1.2893       | 0.2763     | 1.0945       | 1.2425       | 1.3860   |           
230    | 3.1748     | 0.6845     | 1.1914       | 1.2988       | 0.2701     | 1.1301       | 1.2346       | 1.3654   |           
231    | 3.0956     | 0.6194     | 1.1857       | 1.2905       | 0.2405     | 1.1244       | 1.2235       | 1.3485   |           
232    | 3.1723     | 0.6778     | 1.1975       | 1.2970       | 0.2322     | 1.1201       | 1.2218       | 1.3113   |           
233    | 3.0981     | 0.6244     | 1.1834       | 1.2902       | 0.2512     | 1.1124       | 1.2262       | 1.3525   |           
234    | 3.1715     | 0.6703     | 1.1989       | 1.3022       | 0.2394     | 1.1043       | 1.2206       | 1.3155   |           
235    | 3.1699     | 0.6698     | 1.2043       | 1.2958       | 0.2456     | 1.1240       | 1.2478       | 1.4133   |           
236    | 3.1836     | 0.6790     | 1.2035       | 1.3010       | 0.2431     | 1.1128       | 1.2372       | 1.2822   |           
237    | 3.1203     | 0.6231     | 1.1930       | 1.3043       | 0.2245     | 1.1114       | 1.2330       | 1.2662   |           
238    | 3.1592     | 0.6501     | 1.2063       | 1.3028       | 0.2499     | 1.1127       | 1.2276       | 1.3210   |           
239    | 3.1369     | 0.6385     | 1.1934       | 1.3049       | 0.2279     | 1.1065       | 1.2299       | 1.2816   |           
240    | 3.1564     | 0.6637     | 1.1975       | 1.2952       | 0.2389     | 1.1126       | 1.2199       | 1.3788   |           
241    | 3.0992     | 0.6215     | 1.1929       | 1.2847       | 0.2372     | 1.0915       | 1.2267       | 1.3578   |           
242    | 3.1507     | 0.6587     | 1.1931       | 1.2990       | 0.2387     | 1.1172       | 1.2049       | 1.2988   |           
243    | 3.1305     | 0.6367     | 1.2003       | 1.2935       | 0.2500     | 1.1076       | 1.2184       | 1.3640   |           
244    | 3.1470     | 0.6311     | 1.2206       | 1.2953       | 0.2086     | 1.1003       | 1.2066       | 1.2868   |           
245    | 3.2086     | 0.6782     | 1.2262       | 1.3042       | 0.2433     | 1.1307       | 1.2085       | 1.4157   |           
246    | 3.1599     | 0.6346     | 1.2266       | 1.2986       | 0.2644     | 1.1332       | 1.2258       | 1.2881   |           
247    | 3.1418     | 0.6495     | 1.1951       | 1.2972       | 0.2314     | 1.1157       | 1.2172       | 1.3279   |           
248    | 3.1769     | 0.6576     | 1.2116       | 1.3076       | 0.2417     | 1.1093       | 1.2329       | 1.3027   |           
249    | 3.1512     | 0.6487     | 1.2107       | 1.2919       | 0.2436     | 1.1006       | 1.2392       | 1.3112   |           
250    | 3.1642     | 0.6722     | 1.2067       | 1.2853       | 0.2617     | 1.1319       | 1.2240       | 1.4008   |           
251    | 3.1712     | 0.6569     | 1.2089       | 1.3054       | 0.2459     | 1.1254       | 1.2419       | 1.4142   |           
252    | 3.1530     | 0.6453     | 1.2052       | 1.3025       | 0.2399     | 1.1202       | 1.2353       | 1.4409   |           
253    | 3.1601     | 0.6493     | 1.2102       | 1.3007       | 0.2170     | 1.0927       | 1.2197       | 1.3459   |           
254    | 3.1759     | 0.6855     | 1.1894       | 1.3010       | 0.2383     | 1.1305       | 1.2290       | 1.3255   |           
255    | 3.1370     | 0.6423     | 1.2027       | 1.2920       | 0.2409     | 1.1413       | 1.2367       | 1.3449   |           
256    | 3.1769     | 0.6697     | 1.2049       | 1.3024       | 0.2267     | 1.1367       | 1.2552       | 1.3814   |           
257    | 3.0762     | 0.6050     | 1.1901       | 1.2812       | 0.2607     | 1.1419       | 1.2216       | 1.3750   |           
258    | 3.1953     | 0.6801     | 1.2083       | 1.3069       | 0.2519     | 1.1493       | 1.2412       | 1.4401   |           
259    | 3.1843     | 0.6601     | 1.2274       | 1.2968       | 0.2118     | 1.1011       | 1.2135       | 1.3757   |           
260    | 3.1385     | 0.6406     | 1.2056       | 1.2923       | 0.2501     | 1.1098       | 1.2052       | 1.3346   |           
261    | 3.0840     | 0.6040     | 1.1929       | 1.2872       | 0.2144     | 1.0879       | 1.2269       | 1.3011   |           
262    | 3.1638     | 0.6538     | 1.2085       | 1.3016       | 0.2285     | 1.1451       | 1.2183       | 1.3713   | (ADV -0.09)
263    | 3.1225     | 0.6458     | 1.1990       | 1.2776       | 0.2173     | 1.1087       | 1.2127       | 1.3499   |           
264    | 3.1460     | 0.6549     | 1.1954       | 1.2957       | 0.2333     | 1.1079       | 1.2239       | 1.3917   |           
265    | 3.0964     | 0.6028     | 1.2084       | 1.2853       | 0.2283     | 1.1175       | 1.2072       | 1.3332   |           
266    | 3.1190     | 0.6354     | 1.1946       | 1.2889       | 0.2394     | 1.1240       | 1.2090       | 1.4290   |           
267    | 3.1162     | 0.6417     | 1.1865       | 1.2880       | 0.2330     | 1.1091       | 1.2080       | 1.3553   |           
268    | 3.1439     | 0.6385     | 1.2066       | 1.2987       | 0.2409     | 1.1083       | 1.2318       | 1.3572   |           
269    | 3.1443     | 0.6460     | 1.2097       | 1.2885       | 0.2376     | 1.1174       | 1.2189       | 1.3807   |           
270    | 3.0906     | 0.6154     | 1.1854       | 1.2898       | 0.2583     | 1.1347       | 1.2218       | 1.4111   |           
271    | 3.1683     | 0.6663     | 1.2099       | 1.2921       | 0.2437     | 1.1213       | 1.2341       | 1.3889   |           
272    | 3.1393     | 0.6443     | 1.2023       | 1.2927       | 0.2388     | 1.1222       | 1.2216       | 1.3873   |           
273    | 3.1505     | 0.6545     | 1.2100       | 1.2860       | 0.2353     | 1.1133       | 1.2261       | 1.4076   |           
274    | 3.1693     | 0.6624     | 1.2176       | 1.2893       | 0.2570     | 1.1300       | 1.2075       | 1.3959   |           
275    | 3.1134     | 0.6223     | 1.2018       | 1.2894       | 0.2322     | 1.1242       | 1.1949       | 1.4181   |           
276    | 3.1146     | 0.6123     | 1.2109       | 1.2914       | 0.2362     | 1.1279       | 1.2040       | 1.3758   |           
277    | 3.1604     | 0.6683     | 1.2081       | 1.2840       | 0.2248     | 1.1064       | 1.2144       | 1.3458   |           
278    | 3.1396     | 0.6487     | 1.1997       | 1.2913       | 0.2356     | 1.0996       | 1.1979       | 1.3294   |           
279    | 3.1082     | 0.6317     | 1.1895       | 1.2871       | 0.2718     | 1.1589       | 1.2510       | 1.4246   |           
280    | 3.1379     | 0.6490     | 1.2079       | 1.2810       | 0.2585     | 1.1549       | 1.2045       | 1.3483   |           
281    | 3.1343     | 0.6364     | 1.2129       | 1.2850       | 0.2525     | 1.1374       | 1.2281       | 1.3590   |           
282    | 3.0767     | 0.5953     | 1.1979       | 1.2835       | 0.2113     | 1.1145       | 1.2004       | 1.3936   |           
283    | 3.1575     | 0.6517     | 1.2124       | 1.2935       | 0.2328     | 1.1058       | 1.2004       | 1.3806   |           
284    | 3.1310     | 0.6319     | 1.2021       | 1.2970       | 0.2490     | 1.1406       | 1.2111       | 1.4933   |           
285    | 3.1312     | 0.6464     | 1.1946       | 1.2902       | 0.2692     | 1.1439       | 1.2029       | 1.3278   |           
286    | 3.1368     | 0.6502     | 1.1982       | 1.2884       | 0.2114     | 1.1122       | 1.1951       | 1.2987   |           
287    | 3.1603     | 0.6531     | 1.2136       | 1.2936       | 0.2451     | 1.1251       | 1.2166       | 1.3077   |           
288    | 3.1381     | 0.6367     | 1.2061       | 1.2953       | 0.2452     | 1.1382       | 1.1966       | 1.3379   |           
289    | 3.1415     | 0.6328     | 1.2160       | 1.2927       | 0.2468     | 1.1122       | 1.1963       | 1.2831   |           
290    | 3.1143     | 0.6277     | 1.1853       | 1.3013       | 0.2270     | 1.1416       | 1.2046       | 1.2725   | (ADV -0.09)
291    | 3.1402     | 0.6265     | 1.2175       | 1.2962       | 0.2413     | 1.1415       | 1.2116       | 1.2869   |           
292    | 3.1925     | 0.6662     | 1.2095       | 1.3168       | 0.2389     | 1.1137       | 1.2290       | 1.3683   |           
293    | 3.1283     | 0.6251     | 1.2056       | 1.2976       | 0.2452     | 1.1303       | 1.2009       | 1.3349   |           
294    | 3.1171     | 0.6276     | 1.2065       | 1.2830       | 0.2416     | 1.1314       | 1.2094       | 1.4184   |           
295    | 3.1420     | 0.6493     | 1.2058       | 1.2870       | 0.2588     | 1.1210       | 1.2079       | 1.4145   |           
296    | 3.1085     | 0.6097     | 1.2140       | 1.2847       | 0.2634     | 1.1212       | 1.2573       | 1.3260   |           
297    | 3.1174     | 0.6188     | 1.2028       | 1.2959       | 0.2299     | 1.1291       | 1.2074       | 1.4445   |           
298    | 3.0981     | 0.5990     | 1.2086       | 1.2905       | 0.2864     | 1.1501       | 1.2147       | 1.3819   |           
299    | 3.1405     | 0.6433     | 1.2108       | 1.2863       | 0.2878     | 1.1603       | 1.2541       | 1.5098   |           
300    | 3.1250     | 0.6417     | 1.2035       | 1.2798       | 0.2330     | 1.1500       | 1.2093       | 1.4351   | (ADV -0.09)
301    | 3.1585     | 0.6667     | 1.2048       | 1.2871       | 0.2266     | 1.1265       | 1.2474       | 1.4447   |           
302    | 3.1129     | 0.6237     | 1.2053       | 1.2839       | 0.2478     | 1.1276       | 1.2052       | 1.3896   |           
303    | 3.1190     | 0.6231     | 1.2064       | 1.2896       | 0.2301     | 1.1220       | 1.2048       | 1.3062   |           
304    | 3.0911     | 0.6092     | 1.1983       | 1.2836       | 0.2137     | 1.1281       | 1.2126       | 1.3916   |           
305    | 3.0649     | 0.5851     | 1.2038       | 1.2760       | 0.2546     | 1.1316       | 1.2043       | 1.3590   |           
306    | 3.1654     | 0.6582     | 1.2166       | 1.2906       | 0.2876     | 1.1810       | 1.2371       | 1.4724   |           
307    | 3.1068     | 0.6211     | 1.2044       | 1.2814       | 0.2308     | 1.1343       | 1.1880       | 1.3814   |           
308    | 3.1355     | 0.6341     | 1.2159       | 1.2854       | 0.2316     | 1.1628       | 1.2280       | 1.3999   | (ADV -0.09)
309    | 3.1376     | 0.6416     | 1.1995       | 1.2965       | 0.2416     | 1.1305       | 1.2253       | 1.3680   |           
310    | 3.1408     | 0.6264     | 1.2292       | 1.2853       | 0.2253     | 1.1440       | 1.1964       | 1.3533   | (ADV -0.09)
311    | 3.0936     | 0.6120     | 1.1998       | 1.2817       | 0.2490     | 1.1731       | 1.2084       | 1.3883   | (ADV -0.09)
312    | 3.0918     | 0.5910     | 1.2127       | 1.2880       | 0.2519     | 1.1850       | 1.2025       | 1.4415   | (ADV -0.08)
313    | 3.1451     | 0.6420     | 1.2103       | 1.2928       | 0.2342     | 1.1481       | 1.2200       | 1.5133   |           
314    | 3.1433     | 0.6353     | 1.2154       | 1.2927       | 0.2467     | 1.1682       | 1.1963       | 1.4109   |           
315    | 3.1919     | 0.6810     | 1.2142       | 1.2967       | 0.2677     | 1.1728       | 1.2179       | 1.4645   |           
316    | 3.1534     | 0.6436     | 1.2175       | 1.2923       | 0.2303     | 1.1319       | 1.1935       | 1.4004   |           
317    | 3.1052     | 0.5958     | 1.2213       | 1.2881       | 0.2413     | 1.1380       | 1.2109       | 1.4744   |           
318    | 3.1497     | 0.6418     | 1.2198       | 1.2881       | 0.2834     | 1.1380       | 1.2450       | 1.5013   |           
319    | 3.1660     | 0.6488     | 1.2195       | 1.2977       | 0.2688     | 1.1454       | 1.2260       | 1.4674   |           
320    | 3.1500     | 0.6394     | 1.2130       | 1.2976       | 0.2439     | 1.1593       | 1.2076       | 1.4207   |           
321    | 3.1092     | 0.6133     | 1.2133       | 1.2825       | 0.2285     | 1.1305       | 1.1861       | 1.4000   |           
322    | 3.0980     | 0.5980     | 1.2169       | 1.2831       | 0.2816     | 1.1523       | 1.2361       | 1.4568   |           
323    | 3.1407     | 0.6501     | 1.2058       | 1.2848       | 0.2434     | 1.1298       | 1.2016       | 1.3690   |           
324    | 3.1577     | 0.6395     | 1.2250       | 1.2933       | 0.2230     | 1.1259       | 1.1948       | 1.2950   |           
325    | 3.1311     | 0.6263     | 1.2124       | 1.2924       | 0.2460     | 1.1642       | 1.2017       | 1.3821   |           
326    | 3.0971     | 0.5980     | 1.2083       | 1.2908       | 0.2461     | 1.1298       | 1.1983       | 1.3358   |           
327    | 3.1259     | 0.6343     | 1.2107       | 1.2810       | 0.2209     | 1.1460       | 1.2090       | 1.4822   |           
328    | 3.1414     | 0.6412     | 1.2225       | 1.2778       | 0.2193     | 1.1246       | 1.1766       | 1.4995   |           
329    | 3.2159     | 0.6993     | 1.2306       | 1.2859       | 0.2181     | 1.1441       | 1.1974       | 1.3998   |           
330    | 3.1034     | 0.6196     | 1.1962       | 1.2876       | 0.2480     | 1.1719       | 1.2170       | 1.4465   |           
331    | 3.1365     | 0.6355     | 1.2213       | 1.2796       | 0.2434     | 1.1522       | 1.1984       | 1.4466   |           
332    | 3.0984     | 0.5919     | 1.2106       | 1.2959       | 0.2591     | 1.1585       | 1.2103       | 1.4553   |           
333    | 3.1139     | 0.6233     | 1.2052       | 1.2854       | 0.2567     | 1.1397       | 1.1867       | 1.4175   |           
334    | 3.1332     | 0.6085     | 1.2314       | 1.2933       | 0.2358     | 1.1524       | 1.2335       | 1.4953   |           
335    | 3.1439     | 0.6227     | 1.2240       | 1.2973       | 0.2318     | 1.1507       | 1.2027       | 1.4082   |           
336    | 3.1289     | 0.6339     | 1.2170       | 1.2780       | 0.2158     | 1.1364       | 1.1857       | 1.3482   |           
337    | 3.1386     | 0.6252     | 1.2263       | 1.2870       | 0.2467     | 1.1534       | 1.1987       | 1.3733   |           
338    | 3.1456     | 0.6371     | 1.2238       | 1.2846       | 0.2522     | 1.1275       | 1.2160       | 1.3977   |           
339    | 3.1321     | 0.6266     | 1.2276       | 1.2778       | 0.2401     | 1.1354       | 1.1858       | 1.3215   |           
340    | 3.1118     | 0.5935     | 1.2216       | 1.2968       | 0.2372     | 1.1547       | 1.2016       | 1.4159   |           
341    | 3.1248     | 0.6153     | 1.2038       | 1.3057       | 0.2303     | 1.1676       | 1.1981       | 1.3816   | (ADV -0.08)
/home/mcslab/yutung/MCSLAB_RSSI_RTT_Dataset/FusionCDAN/fusion_cdan_v3.py:220: FutureWarning: DataFrameGroupBy.apply operated on the grouping columns. This behavior is deprecated, and in a future version of pandas the grouping columns will be excluded from the operation. Either pass `include_groups=False` to exclude the groupings or explicitly select the grouping columns after groupby to silence this warning.
  df = df.groupby('Label').apply(
/home/mcslab/yutung/MCSLAB_RSSI_RTT_Dataset/FusionCDAN/fusion_cdan_v3.py:220: FutureWarning: DataFrameGroupBy.apply operated on the grouping columns. This behavior is deprecated, and in a future version of pandas the grouping columns will be excluded from the operation. Either pass `include_groups=False` to exclude the groupings or explicitly select the grouping columns after groupby to silence this warning.
  df = df.groupby('Label').apply(
342    | 3.1470     | 0.6371     | 1.2126       | 1.2973       | 0.2574     | 1.1760       | 1.2190       | 1.4054   |           
343    | 3.1734     | 0.6516     | 1.2235       | 1.2983       | 0.2335     | 1.1360       | 1.2205       | 1.3104   |           
344    | 3.1582     | 0.6511     | 1.2269       | 1.2802       | 0.2581     | 1.1741       | 1.2514       | 1.5195   |           
345    | 3.1852     | 0.6601     | 1.2291       | 1.2961       | 0.2504     | 1.1493       | 1.2275       | 1.4144   |           
346    | 3.2011     | 0.6726     | 1.2350       | 1.2935       | 0.2737     | 1.1648       | 1.2445       | 1.4624   |           
347    | 3.1079     | 0.5968     | 1.2246       | 1.2865       | 0.2692     | 1.1633       | 1.2390       | 1.4300   |           
348    | 3.1338     | 0.6335     | 1.2183       | 1.2820       | 0.2189     | 1.1354       | 1.2028       | 1.3281   |           
349    | 3.0719     | 0.5698     | 1.2189       | 1.2833       | 0.2348     | 1.1679       | 1.2465       | 1.2842   |           
350    | 3.0992     | 0.6050     | 1.2182       | 1.2760       | 0.2158     | 1.1639       | 1.2067       | 1.3918   | (ADV -0.08)
351    | 3.1277     | 0.6167     | 1.2190       | 1.2920       | 0.2594     | 1.1774       | 1.2316       | 1.3351   |           
352    | 3.1471     | 0.6292     | 1.2276       | 1.2902       | 0.2642     | 1.1761       | 1.2855       | 1.4078   |           
353    | 3.1130     | 0.6100     | 1.2134       | 1.2896       | 0.2241     | 1.1382       | 1.2306       | 1.3148   |           
354    | 3.0888     | 0.6008     | 1.2094       | 1.2786       | 0.2588     | 1.1757       | 1.2194       | 1.3254   |           
355    | 3.1146     | 0.6192     | 1.2083       | 1.2870       | 0.2255     | 1.1571       | 1.2519       | 1.2861   |           
356    | 3.1232     | 0.6092     | 1.2252       | 1.2888       | 0.2088     | 1.1623       | 1.2117       | 1.2359   | (ADV -0.08)
357    | 3.1397     | 0.6372     | 1.2206       | 1.2819       | 0.2505     | 1.1473       | 1.2261       | 1.3417   |           
358    | 3.0472     | 0.5602     | 1.2062       | 1.2808       | 0.2326     | 1.1594       | 1.2309       | 1.2183   |           
359    | 3.1547     | 0.6227     | 1.2380       | 1.2939       | 0.2490     | 1.1743       | 1.2356       | 1.3441   |           
360    | 3.1149     | 0.6098     | 1.2226       | 1.2824       | 0.2455     | 1.1720       | 1.2613       | 1.3358   |           
361    | 3.1927     | 0.6625     | 1.2373       | 1.2929       | 0.2266     | 1.1553       | 1.2302       | 1.3313   |           
362    | 3.0834     | 0.5823     | 1.2123       | 1.2888       | 0.2288     | 1.1714       | 1.2220       | 1.3083   |           
363    | 3.0810     | 0.5721     | 1.2199       | 1.2889       | 0.2524     | 1.1494       | 1.2432       | 1.3310   |           
364    | 3.1173     | 0.6185     | 1.2140       | 1.2849       | 0.2695     | 1.1562       | 1.2531       | 1.3654   |           
365    | 3.1287     | 0.6074     | 1.2288       | 1.2925       | 0.2258     | 1.1266       | 1.2471       | 1.2931   |           
366    | 3.1168     | 0.6189     | 1.2178       | 1.2801       | 0.2434     | 1.1434       | 1.2575       | 1.2874   |           
367    | 3.1502     | 0.6084     | 1.2412       | 1.3006       | 0.2439     | 1.1471       | 1.2548       | 1.2510   |           
368    | 3.1197     | 0.6038     | 1.2248       | 1.2911       | 0.2480     | 1.1736       | 1.2338       | 1.2709   |           
369    | 3.1439     | 0.6242     | 1.2332       | 1.2865       | 0.2412     | 1.1685       | 1.2799       | 1.2013   |           
370    | 3.1577     | 0.6327     | 1.2311       | 1.2939       | 0.2510     | 1.1716       | 1.2283       | 1.1799   |           
371    | 3.1735     | 0.6430     | 1.2372       | 1.2933       | 0.2272     | 1.1386       | 1.2239       | 1.2450   |           
372    | 3.1231     | 0.5986     | 1.2274       | 1.2971       | 0.2388     | 1.1635       | 1.2695       | 1.2322   |           
373    | 3.1259     | 0.5957     | 1.2220       | 1.3082       | 0.2670     | 1.1419       | 1.2596       | 1.2523   |           
374    | 3.1364     | 0.6035     | 1.2222       | 1.3107       | 0.2269     | 1.1545       | 1.2747       | 1.2603   |           
375    | 3.1954     | 0.6466     | 1.2385       | 1.3103       | 0.2334     | 1.1485       | 1.2494       | 1.1893   |           
376    | 3.1493     | 0.6047     | 1.2410       | 1.3036       | 0.2592     | 1.1840       | 1.2681       | 1.2278   |           
377    | 3.1497     | 0.6077     | 1.2289       | 1.3131       | 0.2896     | 1.1812       | 1.2614       | 1.3521   |           
378    | 3.1635     | 0.6167     | 1.2350       | 1.3119       | 0.2667     | 1.1727       | 1.2888       | 1.2420   |           
379    | 3.2131     | 0.6572     | 1.2331       | 1.3228       | 0.2977     | 1.1731       | 1.2748       | 1.2779   |           
380    | 3.1775     | 0.6323     | 1.2317       | 1.3135       | 0.2592     | 1.1566       | 1.2676       | 1.2945   |           
381    | 3.1483     | 0.6168     | 1.2246       | 1.3069       | 0.2618     | 1.1565       | 1.2510       | 1.2071   |           
382    | 3.1100     | 0.5817     | 1.2204       | 1.3079       | 0.2523     | 1.1365       | 1.2544       | 1.2274   |           
383    | 3.1447     | 0.6130     | 1.2309       | 1.3007       | 0.2439     | 1.1615       | 1.2411       | 1.2676   |           
384    | 3.2156     | 0.6762     | 1.2352       | 1.3043       | 0.2576     | 1.1768       | 1.2582       | 1.2603   |           
385    | 3.2118     | 0.6616     | 1.2400       | 1.3103       | 0.2392     | 1.1864       | 1.2394       | 1.2927   |           
386    | 3.1147     | 0.5736     | 1.2442       | 1.2969       | 0.2530     | 1.1927       | 1.2398       | 1.3314   |           
387    | 3.0980     | 0.5849     | 1.2170       | 1.2961       | 0.2655     | 1.1580       | 1.2584       | 1.2178   |           
388    | 3.1949     | 0.6484     | 1.2363       | 1.3102       | 0.2295     | 1.1568       | 1.2561       | 1.2360   |           
389    | 3.1709     | 0.6202     | 1.2362       | 1.3144       | 0.2372     | 1.1819       | 1.2604       | 1.2518   |           
390    | 3.1544     | 0.6175     | 1.2322       | 1.3047       | 0.2332     | 1.1617       | 1.2528       | 1.2146   |           
391    | 3.1432     | 0.5976     | 1.2514       | 1.2942       | 0.2667     | 1.1681       | 1.2535       | 1.3107   |           
392    | 3.1656     | 0.6303     | 1.2351       | 1.3002       | 0.2563     | 1.1408       | 1.2720       | 1.2657   |           
393    | 3.1157     | 0.5900     | 1.2253       | 1.3005       | 0.2643     | 1.1728       | 1.2572       | 1.2918   |           
394    | 3.1320     | 0.5988     | 1.2313       | 1.3019       | 0.2436     | 1.1504       | 1.2582       | 1.2814   |           
395    | 3.1299     | 0.5998     | 1.2320       | 1.2980       | 0.2260     | 1.1243       | 1.2652       | 1.2580   |           
396    | 3.1730     | 0.6266     | 1.2413       | 1.3052       | 0.2702     | 1.1598       | 1.2616       | 1.2655   |           
397    | 3.1947     | 0.6510     | 1.2390       | 1.3047       | 0.2400     | 1.1528       | 1.2666       | 1.3036   |           
398    | 3.1855     | 0.6318     | 1.2448       | 1.3089       | 0.2432     | 1.1637       | 1.2543       | 1.1949   |           
399    | 3.1744     | 0.6239     | 1.2398       | 1.3108       | 0.2316     | 1.1629       | 1.2489       | 1.1966   |           
400    | 3.1692     | 0.6212     | 1.2381       | 1.3100       | 0.2622     | 1.1604       | 1.2544       | 1.1982   |           
Seed 6767 | Src Acc: 95.5102 | Src MDE: 0.0706 | Tgt Acc: 28.9796 | Tgt MDE: 1.2359
Start Training Seed 123456...

Start CDAN+E Training... (Entropy Conditioning Enabled)
Epoch  | Total Loss | Tr Cls     | Tr Dom RSSI  | Tr Dom RTT   | Val Cls    | Val RSSI Dls | Val RTT Dls  | Test MDE
------------------------------------------------------------------------------------------------------------------------
1      | 6.5956     | 3.8209     | 1.3759       | 1.3988       | 2.8977     | 1.3351       | 1.3829       | 1.6381   |           
2      | 5.8906     | 3.1707     | 1.3337       | 1.3862       | 2.4393     | 1.2965       | 1.3818       | 1.3372   |           
3      | 5.4636     | 2.7834     | 1.3051       | 1.3751       | 2.0776     | 1.2663       | 1.3777       | 1.2332   |           
4      | 5.1111     | 2.4744     | 1.2651       | 1.3717       | 1.7811     | 1.2271       | 1.3710       | 1.2577   |           
5      | 4.8241     | 2.2282     | 1.2292       | 1.3667       | 1.5250     | 1.2119       | 1.3619       | 1.2567   |           
6      | 4.5566     | 2.0000     | 1.2026       | 1.3539       | 1.3303     | 1.1882       | 1.3602       | 1.3712   |           
7      | 4.4019     | 1.8752     | 1.1722       | 1.3545       | 1.1516     | 1.1727       | 1.3442       | 1.3049   |           
8      | 4.2628     | 1.7518     | 1.1565       | 1.3545       | 1.0549     | 1.1372       | 1.3375       | 1.2893   |           
9      | 4.1121     | 1.6469     | 1.1253       | 1.3399       | 0.9488     | 1.1135       | 1.3300       | 1.3214   |           
10     | 3.9776     | 1.5418     | 1.0927       | 1.3430       | 0.8811     | 1.0874       | 1.3189       | 1.3499   |           
11     | 3.8603     | 1.4493     | 1.0758       | 1.3351       | 0.8000     | 1.0702       | 1.3100       | 1.4112   |           
12     | 3.8043     | 1.3994     | 1.0724       | 1.3325       | 0.7554     | 1.0696       | 1.3106       | 1.3168   |           
13     | 3.7170     | 1.3260     | 1.0664       | 1.3246       | 0.6990     | 1.0630       | 1.2939       | 1.3626   |           
14     | 3.6782     | 1.2870     | 1.0696       | 1.3216       | 0.7043     | 1.0654       | 1.2841       | 1.3111   |           
15     | 3.6019     | 1.2399     | 1.0431       | 1.3189       | 0.5836     | 1.0379       | 1.2805       | 1.3452   |           
16     | 3.5153     | 1.1705     | 1.0381       | 1.3067       | 0.5909     | 1.0072       | 1.2680       | 1.3576   |           
17     | 3.5133     | 1.1670     | 1.0306       | 1.3157       | 0.5563     | 1.0413       | 1.2730       | 1.4171   |           
18     | 3.4900     | 1.1669     | 1.0255       | 1.2975       | 0.5411     | 0.9694       | 1.2550       | 1.3701   |           
19     | 3.4438     | 1.1068     | 1.0419       | 1.2950       | 0.5126     | 0.9781       | 1.2546       | 1.3573   |           
20     | 3.4325     | 1.1005     | 1.0343       | 1.2977       | 0.4945     | 0.9735       | 1.2590       | 1.3772   | (ADV -0.25)
21     | 3.4008     | 1.0861     | 1.0279       | 1.2869       | 0.5000     | 1.0073       | 1.2420       | 1.4320   |           
22     | 3.4176     | 1.0898     | 1.0569       | 1.2709       | 0.4608     | 0.9597       | 1.2287       | 1.3873   | (ADV -0.24)
23     | 3.3075     | 0.9866     | 1.0328       | 1.2882       | 0.4511     | 0.9406       | 1.2463       | 1.3872   |           
24     | 3.3143     | 1.0149     | 1.0334       | 1.2660       | 0.4918     | 0.9397       | 1.2341       | 1.3825   |           
25     | 3.3161     | 1.0124     | 1.0314       | 1.2723       | 0.4729     | 0.9254       | 1.2485       | 1.3904   |           
26     | 3.3128     | 1.0240     | 1.0287       | 1.2601       | 0.4693     | 0.9326       | 1.2118       | 1.4202   |           
27     | 3.3016     | 1.0000     | 1.0292       | 1.2724       | 0.4128     | 0.9177       | 1.2226       | 1.4586   |           
28     | 3.3150     | 1.0026     | 1.0435       | 1.2689       | 0.4173     | 0.9125       | 1.2305       | 1.3650   |           
29     | 3.2356     | 0.9282     | 1.0394       | 1.2680       | 0.4112     | 0.9211       | 1.2070       | 1.4159   | (ADV -0.24)
30     | 3.2188     | 0.9234     | 1.0429       | 1.2524       | 0.4130     | 0.8923       | 1.2114       | 1.4334   |           
31     | 3.1724     | 0.8860     | 1.0277       | 1.2587       | 0.4081     | 0.9235       | 1.2107       | 1.4471   | (ADV -0.24)
32     | 3.2173     | 0.9128     | 1.0518       | 1.2527       | 0.4066     | 0.9027       | 1.2147       | 1.4501   |           
33     | 3.1263     | 0.8820     | 1.0034       | 1.2409       | 0.3800     | 0.8881       | 1.1965       | 1.4159   |           
34     | 3.1606     | 0.8968     | 1.0328       | 1.2310       | 0.4047     | 0.9019       | 1.2021       | 1.4981   |           
35     | 3.1491     | 0.8687     | 1.0445       | 1.2359       | 0.3900     | 0.9063       | 1.2099       | 1.4503   |           
36     | 3.1896     | 0.9079     | 1.0442       | 1.2375       | 0.3547     | 0.8810       | 1.1832       | 1.4199   | (ADV -0.23)
37     | 3.1740     | 0.9006     | 1.0361       | 1.2374       | 0.3461     | 0.8908       | 1.1995       | 1.4327   | (ADV -0.23)
38     | 3.1324     | 0.8562     | 1.0318       | 1.2444       | 0.3735     | 0.8830       | 1.1836       | 1.4569   |           
39     | 3.1428     | 0.8627     | 1.0424       | 1.2377       | 0.3739     | 0.8770       | 1.1856       | 1.4361   |           
40     | 3.0880     | 0.8195     | 1.0311       | 1.2374       | 0.3661     | 0.8707       | 1.1814       | 1.4980   |           
41     | 3.1291     | 0.8531     | 1.0365       | 1.2395       | 0.3661     | 0.8750       | 1.1815       | 1.4515   |           
42     | 3.0722     | 0.7975     | 1.0378       | 1.2369       | 0.3337     | 0.8454       | 1.1969       | 1.4413   |           
43     | 3.1984     | 0.9186     | 1.0445       | 1.2354       | 0.3590     | 0.8888       | 1.1960       | 1.4049   |           
44     | 3.1334     | 0.8490     | 1.0520       | 1.2324       | 0.3676     | 0.8686       | 1.1758       | 1.5203   |           
45     | 3.0898     | 0.8285     | 1.0342       | 1.2271       | 0.3483     | 0.8589       | 1.1925       | 1.4503   |           
46     | 3.1222     | 0.8473     | 1.0376       | 1.2373       | 0.3577     | 0.8749       | 1.1765       | 1.5207   |           
47     | 3.0551     | 0.7780     | 1.0400       | 1.2370       | 0.3393     | 0.8645       | 1.1927       | 1.4533   |           
48     | 3.0599     | 0.7768     | 1.0441       | 1.2390       | 0.3217     | 0.8717       | 1.1748       | 1.4272   | (ADV -0.22)
49     | 3.0573     | 0.7783     | 1.0475       | 1.2315       | 0.3239     | 0.8623       | 1.1846       | 1.4225   |           
50     | 3.0807     | 0.7977     | 1.0496       | 1.2334       | 0.3667     | 0.9027       | 1.1716       | 1.5120   |           
51     | 3.0985     | 0.8072     | 1.0499       | 1.2414       | 0.3226     | 0.8710       | 1.1856       | 1.4271   |           
52     | 3.0415     | 0.7862     | 1.0281       | 1.2272       | 0.3357     | 0.8920       | 1.1745       | 1.4380   | (ADV -0.22)
53     | 3.1185     | 0.8334     | 1.0536       | 1.2314       | 0.3535     | 0.8801       | 1.1926       | 1.5328   |           
54     | 3.0558     | 0.7863     | 1.0429       | 1.2267       | 0.3084     | 0.8777       | 1.1706       | 1.4765   | (ADV -0.22)
55     | 3.0471     | 0.7693     | 1.0513       | 1.2265       | 0.3100     | 0.8901       | 1.1599       | 1.4283   | (ADV -0.21)
56     | 3.0786     | 0.7659     | 1.0690       | 1.2436       | 0.3089     | 0.9032       | 1.1626       | 1.4192   | (ADV -0.20)
57     | 3.0812     | 0.7957     | 1.0609       | 1.2246       | 0.3132     | 0.8958       | 1.1726       | 1.5063   |           
58     | 3.0695     | 0.7666     | 1.0617       | 1.2412       | 0.3327     | 0.9234       | 1.1633       | 1.4383   | (ADV -0.20)
59     | 3.0982     | 0.7890     | 1.0675       | 1.2417       | 0.3248     | 0.9213       | 1.1662       | 1.5185   | (ADV -0.20)
60     | 3.1254     | 0.8066     | 1.0661       | 1.2527       | 0.3233     | 0.9259       | 1.1722       | 1.4956   | (ADV -0.20)
61     | 3.0944     | 0.7826     | 1.0696       | 1.2421       | 0.3255     | 0.9216       | 1.1653       | 1.4949   |           
62     | 3.1113     | 0.7907     | 1.0613       | 1.2593       | 0.3231     | 0.9149       | 1.1695       | 1.4999   |           
63     | 3.1497     | 0.8132     | 1.0837       | 1.2529       | 0.3255     | 0.9503       | 1.1579       | 1.4831   | (ADV -0.19)
64     | 3.0502     | 0.7399     | 1.0673       | 1.2430       | 0.2991     | 0.9134       | 1.1492       | 1.4598   |           
65     | 3.0404     | 0.7467     | 1.0666       | 1.2271       | 0.2959     | 0.9374       | 1.1680       | 1.4151   | (ADV -0.19)
66     | 3.0573     | 0.7401     | 1.0749       | 1.2423       | 0.3274     | 0.9502       | 1.1407       | 1.4888   | (ADV -0.19)
67     | 3.1092     | 0.7564     | 1.1055       | 1.2472       | 0.3104     | 0.9747       | 1.1636       | 1.4059   | (ADV -0.18)
68     | 3.1590     | 0.8004     | 1.1003       | 1.2583       | 0.3118     | 0.9606       | 1.1536       | 1.4357   |           
69     | 3.0792     | 0.7457     | 1.0839       | 1.2495       | 0.3031     | 0.9824       | 1.1791       | 1.4112   | (ADV -0.17)
70     | 3.1458     | 0.7817     | 1.0990       | 1.2651       | 0.3030     | 0.9483       | 1.1839       | 1.4181   |           
71     | 3.1525     | 0.7969     | 1.1026       | 1.2530       | 0.3073     | 0.9307       | 1.1686       | 1.4140   |           
72     | 3.1397     | 0.7861     | 1.1004       | 1.2532       | 0.3051     | 0.9505       | 1.1740       | 1.5085   |           
73     | 3.1732     | 0.8214     | 1.0995       | 1.2523       | 0.3330     | 0.9376       | 1.1822       | 1.4772   |           
74     | 3.1112     | 0.7606     | 1.0993       | 1.2512       | 0.3140     | 0.9628       | 1.1660       | 1.4835   |           
75     | 3.1806     | 0.7984     | 1.1148       | 1.2674       | 0.2997     | 0.9313       | 1.1773       | 1.3525   |           
76     | 3.1855     | 0.8195     | 1.0958       | 1.2702       | 0.3304     | 0.9646       | 1.1936       | 1.3546   |           
77     | 3.1897     | 0.7929     | 1.1114       | 1.2853       | 0.3187     | 0.9429       | 1.1929       | 1.3497   |           
78     | 3.1770     | 0.8033     | 1.1093       | 1.2644       | 0.2953     | 0.9370       | 1.1873       | 1.4518   |           
79     | 3.1473     | 0.7721     | 1.0997       | 1.2755       | 0.2988     | 0.9466       | 1.1803       | 1.4165   |           
80     | 3.1220     | 0.7459     | 1.1045       | 1.2715       | 0.2766     | 0.9634       | 1.1981       | 1.3895   |           
81     | 3.1970     | 0.8016     | 1.1271       | 1.2683       | 0.3012     | 0.9566       | 1.1877       | 1.3822   |           
82     | 3.1416     | 0.7652     | 1.1137       | 1.2628       | 0.2830     | 0.9731       | 1.1855       | 1.4004   | (ADV -0.17)
83     | 3.1228     | 0.7387     | 1.1170       | 1.2671       | 0.3579     | 1.0198       | 1.2015       | 1.4347   |           
84     | 3.1228     | 0.7427     | 1.1186       | 1.2615       | 0.3044     | 0.9714       | 1.1933       | 1.3987   |           
85     | 3.0991     | 0.7249     | 1.1129       | 1.2613       | 0.3067     | 0.9851       | 1.1706       | 1.4508   | (ADV -0.17)
86     | 3.1305     | 0.7389     | 1.1236       | 1.2680       | 0.2973     | 0.9773       | 1.1920       | 1.4330   |           
87     | 3.1489     | 0.7622     | 1.1163       | 1.2703       | 0.3142     | 0.9633       | 1.1686       | 1.3788   |           
88     | 3.1194     | 0.7532     | 1.1088       | 1.2575       | 0.3135     | 0.9539       | 1.1911       | 1.3892   |           
89     | 3.1729     | 0.7585     | 1.1436       | 1.2708       | 0.3138     | 0.9787       | 1.1841       | 1.4203   |           
90     | 3.1138     | 0.7338     | 1.1144       | 1.2656       | 0.3187     | 0.9852       | 1.1944       | 1.4629   |           
91     | 3.1073     | 0.7132     | 1.1330       | 1.2610       | 0.2818     | 0.9485       | 1.1989       | 1.4455   |           
92     | 3.0997     | 0.7215     | 1.1107       | 1.2675       | 0.2846     | 0.9472       | 1.1996       | 1.4568   |           
93     | 3.1167     | 0.7366     | 1.1060       | 1.2740       | 0.3158     | 0.9569       | 1.2078       | 1.3486   |           
94     | 3.1455     | 0.7510     | 1.1141       | 1.2804       | 0.3155     | 0.9688       | 1.2120       | 1.4692   |           
95     | 3.2132     | 0.7831     | 1.1366       | 1.2936       | 0.3133     | 1.0034       | 1.2134       | 1.4985   |           
96     | 3.1431     | 0.7420     | 1.1217       | 1.2795       | 0.3096     | 0.9687       | 1.2287       | 1.4949   |           
97     | 3.0717     | 0.7027     | 1.1092       | 1.2598       | 0.3034     | 0.9680       | 1.2049       | 1.4255   |           
98     | 3.1633     | 0.7632     | 1.1173       | 1.2829       | 0.3155     | 1.0062       | 1.1777       | 1.4169   | (ADV -0.17)
99     | 3.1424     | 0.7322     | 1.1363       | 1.2739       | 0.2970     | 0.9927       | 1.1999       | 1.4630   |           
100    | 3.2042     | 0.7885     | 1.1323       | 1.2834       | 0.3380     | 1.0127       | 1.1966       | 1.4868   |           
101    | 3.0965     | 0.7043     | 1.1132       | 1.2790       | 0.2945     | 0.9880       | 1.1814       | 1.4644   |           
102    | 3.1121     | 0.7159     | 1.1194       | 1.2769       | 0.2776     | 0.9841       | 1.2021       | 1.4928   |           
103    | 3.1777     | 0.7465     | 1.1434       | 1.2879       | 0.3156     | 0.9798       | 1.1989       | 1.5074   |           
104    | 3.1867     | 0.7615     | 1.1419       | 1.2832       | 0.2855     | 0.9890       | 1.2109       | 1.5493   |           
105    | 3.1078     | 0.7088     | 1.1372       | 1.2618       | 0.3009     | 0.9894       | 1.2241       | 1.5884   |           
106    | 3.1670     | 0.7564     | 1.1345       | 1.2762       | 0.3063     | 0.9783       | 1.1743       | 1.4283   |           
107    | 3.0970     | 0.7255     | 1.1088       | 1.2628       | 0.2762     | 0.9763       | 1.1951       | 1.5605   |           
108    | 3.1133     | 0.6950     | 1.1380       | 1.2804       | 0.2977     | 0.9819       | 1.1874       | 1.4446   |           
109    | 3.1608     | 0.7508     | 1.1407       | 1.2693       | 0.2766     | 0.9989       | 1.1839       | 1.3925   | (ADV -0.16)
110    | 3.2220     | 0.7849     | 1.1626       | 1.2745       | 0.2954     | 1.0336       | 1.1868       | 1.4177   | (ADV -0.15)
111    | 3.1885     | 0.7581     | 1.1532       | 1.2771       | 0.3356     | 0.9950       | 1.1848       | 1.4097   |           
112    | 3.1016     | 0.6797     | 1.1391       | 1.2828       | 0.3242     | 1.0127       | 1.1934       | 1.4306   |           
113    | 3.1162     | 0.6937     | 1.1466       | 1.2760       | 0.3031     | 0.9975       | 1.1907       | 1.4516   |           
114    | 3.1581     | 0.7272     | 1.1577       | 1.2732       | 0.2762     | 0.9816       | 1.1921       | 1.4094   |           
115    | 3.0980     | 0.7011     | 1.1342       | 1.2627       | 0.3446     | 1.0493       | 1.2068       | 1.5234   |           
116    | 3.0946     | 0.6894     | 1.1325       | 1.2726       | 0.2855     | 1.0220       | 1.1827       | 1.4599   |           
117    | 3.2187     | 0.7803     | 1.1575       | 1.2809       | 0.3229     | 0.9989       | 1.1869       | 1.4408   |           
118    | 3.0987     | 0.7065     | 1.1294       | 1.2627       | 0.2763     | 0.9859       | 1.1698       | 1.4764   |           
119    | 3.0887     | 0.6962     | 1.1349       | 1.2575       | 0.2963     | 1.0011       | 1.1783       | 1.3994   |           
120    | 3.1790     | 0.7545     | 1.1548       | 1.2697       | 0.2744     | 0.9837       | 1.1779       | 1.4736   |           
121    | 3.0778     | 0.6744     | 1.1344       | 1.2690       | 0.3927     | 1.0413       | 1.1851       | 1.4678   |           
122    | 3.1430     | 0.7391     | 1.1453       | 1.2585       | 0.2894     | 0.9865       | 1.1682       | 1.4128   |           
123    | 3.1566     | 0.7313     | 1.1421       | 1.2832       | 0.2840     | 1.0149       | 1.1839       | 1.5438   |           
124    | 3.1188     | 0.7067     | 1.1473       | 1.2647       | 0.2898     | 1.0166       | 1.1896       | 1.6097   |           
125    | 3.1379     | 0.7121     | 1.1497       | 1.2761       | 0.2882     | 0.9735       | 1.1895       | 1.4616   |           
126    | 3.2541     | 0.8037     | 1.1717       | 1.2787       | 0.2992     | 1.0118       | 1.1777       | 1.4864   |           
127    | 3.1399     | 0.7221     | 1.1469       | 1.2709       | 0.3191     | 1.0085       | 1.2002       | 1.5494   |           
128    | 3.1613     | 0.7200     | 1.1615       | 1.2798       | 0.2915     | 1.0003       | 1.1989       | 1.5557   |           
129    | 3.1244     | 0.7002     | 1.1386       | 1.2856       | 0.3204     | 1.0436       | 1.1950       | 1.5983   |           
130    | 3.1646     | 0.7289     | 1.1553       | 1.2804       | 0.2722     | 1.0198       | 1.1824       | 1.5484   | (ADV -0.15)
131    | 3.1260     | 0.6875     | 1.1531       | 1.2854       | 0.2853     | 1.0249       | 1.2163       | 1.6237   |           
132    | 3.0933     | 0.6632     | 1.1573       | 1.2728       | 0.2890     | 1.0234       | 1.2169       | 1.4794   |           
133    | 3.1154     | 0.6712     | 1.1629       | 1.2813       | 0.2726     | 1.0109       | 1.1941       | 1.4363   |           
134    | 3.2275     | 0.7583     | 1.1656       | 1.3037       | 0.2737     | 1.0195       | 1.2446       | 1.6124   |           
135    | 3.2259     | 0.7272     | 1.1773       | 1.3214       | 0.3035     | 1.0506       | 1.2426       | 1.4385   |           
136    | 3.1985     | 0.7325     | 1.1703       | 1.2957       | 0.3113     | 1.0221       | 1.2263       | 1.4521   |           
137    | 3.1892     | 0.7283     | 1.1593       | 1.3016       | 0.2935     | 1.0183       | 1.2371       | 1.5213   |           
138    | 3.1963     | 0.7236     | 1.1796       | 1.2931       | 0.3010     | 1.0054       | 1.2212       | 1.5727   |           
139    | 3.1778     | 0.7316     | 1.1638       | 1.2824       | 0.3107     | 1.0508       | 1.2428       | 1.6627   |           
140    | 3.1896     | 0.7167     | 1.1673       | 1.3056       | 0.2704     | 1.0222       | 1.2259       | 1.6306   |           
141    | 3.1452     | 0.7134     | 1.1437       | 1.2881       | 0.2797     | 1.0367       | 1.2360       | 1.5401   |           
142    | 3.1555     | 0.7170     | 1.1505       | 1.2880       | 0.2894     | 1.0203       | 1.2201       | 1.5406   |           
143    | 3.1952     | 0.7200     | 1.1764       | 1.2988       | 0.3191     | 1.0554       | 1.2500       | 1.6100   |           
144    | 3.1935     | 0.7194     | 1.1825       | 1.2916       | 0.2873     | 1.0064       | 1.2335       | 1.6036   |           
145    | 3.1663     | 0.7191     | 1.1565       | 1.2906       | 0.3000     | 1.0389       | 1.2495       | 1.6458   |           
146    | 3.1396     | 0.6915     | 1.1579       | 1.2903       | 0.2975     | 1.0442       | 1.2140       | 1.5443   |           
147    | 3.2682     | 0.7890     | 1.1805       | 1.2987       | 0.2823     | 1.0088       | 1.2294       | 1.5828   |           
148    | 3.1566     | 0.6651     | 1.1749       | 1.3166       | 0.2891     | 1.0413       | 1.2394       | 1.6177   |           
149    | 3.1653     | 0.6809     | 1.1696       | 1.3147       | 0.2927     | 1.0147       | 1.2375       | 1.5927   |           
150    | 3.1886     | 0.6995     | 1.1661       | 1.3230       | 0.2971     | 1.0258       | 1.2535       | 1.5707   |           
151    | 3.1477     | 0.6716     | 1.1620       | 1.3141       | 0.2785     | 0.9993       | 1.2371       | 1.5803   |           
152    | 3.1332     | 0.6681     | 1.1598       | 1.3053       | 0.2799     | 1.0151       | 1.2312       | 1.5779   |           
153    | 3.1225     | 0.6626     | 1.1540       | 1.3060       | 0.2812     | 1.0458       | 1.2416       | 1.5718   |           
154    | 3.2305     | 0.7524     | 1.1719       | 1.3062       | 0.2729     | 1.0434       | 1.2505       | 1.5347   |           
155    | 3.1876     | 0.7090     | 1.1809       | 1.2978       | 0.2827     | 1.0369       | 1.2158       | 1.5406   |           
156    | 3.1626     | 0.7109     | 1.1649       | 1.2869       | 0.2983     | 1.0496       | 1.2199       | 1.6334   |           
157    | 3.1503     | 0.6901     | 1.1697       | 1.2905       | 0.3040     | 1.0375       | 1.2108       | 1.5001   |           
158    | 3.1626     | 0.6995     | 1.1689       | 1.2943       | 0.3120     | 1.0587       | 1.2541       | 1.5780   |           
159    | 3.1738     | 0.6832     | 1.1861       | 1.3045       | 0.2681     | 1.0556       | 1.2301       | 1.5667   | (ADV -0.14)
160    | 3.1461     | 0.7024     | 1.1448       | 1.2989       | 0.3123     | 1.0639       | 1.2395       | 1.5780   |           
161    | 3.1514     | 0.6896     | 1.1650       | 1.2967       | 0.2791     | 1.0461       | 1.2404       | 1.5698   |           
162    | 3.1940     | 0.7215     | 1.1806       | 1.2920       | 0.2611     | 1.0545       | 1.2361       | 1.5158   | (ADV -0.14)
163    | 3.1454     | 0.6702     | 1.1752       | 1.3000       | 0.2808     | 1.0504       | 1.2329       | 1.5838   |           
164    | 3.1284     | 0.6599     | 1.1746       | 1.2939       | 0.2766     | 1.0543       | 1.2276       | 1.5161   |           
165    | 3.1606     | 0.6921     | 1.1753       | 1.2933       | 0.2869     | 1.0634       | 1.2354       | 1.5828   |           
166    | 3.2086     | 0.7309     | 1.1825       | 1.2952       | 0.2909     | 1.0477       | 1.2415       | 1.5332   |           
167    | 3.1814     | 0.6878     | 1.1999       | 1.2937       | 0.3039     | 1.0555       | 1.2441       | 1.5448   |           
168    | 3.1500     | 0.6763     | 1.1726       | 1.3010       | 0.2829     | 1.0300       | 1.2309       | 1.5394   |           
169    | 3.1049     | 0.6413     | 1.1683       | 1.2953       | 0.2839     | 1.0504       | 1.2456       | 1.5348   |           
170    | 3.1640     | 0.6934     | 1.1820       | 1.2885       | 0.3427     | 1.0512       | 1.2559       | 1.5720   |           
171    | 3.2132     | 0.7319     | 1.1807       | 1.3006       | 0.3301     | 1.0690       | 1.2296       | 1.5286   |           
172    | 3.1545     | 0.6890     | 1.1714       | 1.2941       | 0.2891     | 1.0554       | 1.2248       | 1.6091   |           
173    | 3.1666     | 0.6985     | 1.1740       | 1.2941       | 0.2753     | 1.0514       | 1.2261       | 1.5740   |           
174    | 3.1559     | 0.6649     | 1.1946       | 1.2965       | 0.3109     | 1.0789       | 1.2313       | 1.5159   |           
175    | 3.1388     | 0.6610     | 1.1781       | 1.2997       | 0.2821     | 1.0609       | 1.2212       | 1.5312   |           
176    | 3.1395     | 0.6720     | 1.1739       | 1.2935       | 0.3329     | 1.0708       | 1.2350       | 1.6305   |           
177    | 3.2286     | 0.7364     | 1.1862       | 1.3060       | 0.2908     | 1.0486       | 1.2369       | 1.4727   |           
178    | 3.1423     | 0.6693     | 1.1746       | 1.2985       | 0.2911     | 1.0485       | 1.2582       | 1.6042   |           
179    | 3.1335     | 0.6439     | 1.1813       | 1.3084       | 0.3043     | 1.0510       | 1.2350       | 1.5769   |           
180    | 3.1620     | 0.6890     | 1.1705       | 1.3025       | 0.2886     | 1.0348       | 1.2269       | 1.5271   |           
181    | 3.0955     | 0.6317     | 1.1738       | 1.2900       | 0.2851     | 1.0495       | 1.2262       | 1.4991   |           
182    | 3.1689     | 0.6770     | 1.1967       | 1.2952       | 0.3145     | 1.0679       | 1.2330       | 1.5061   |           
183    | 3.1498     | 0.6782     | 1.1881       | 1.2834       | 0.3032     | 1.0561       | 1.2062       | 1.5154   |           
184    | 3.1536     | 0.6845     | 1.1792       | 1.2899       | 0.2923     | 1.0679       | 1.2188       | 1.5439   |           
185    | 3.0776     | 0.6063     | 1.1806       | 1.2907       | 0.3025     | 1.0696       | 1.2505       | 1.6631   |           
186    | 3.1379     | 0.6511     | 1.1821       | 1.3047       | 0.2996     | 1.0847       | 1.2463       | 1.5176   |           
187    | 3.1459     | 0.6494     | 1.1973       | 1.2993       | 0.2942     | 1.0695       | 1.2305       | 1.4839   |           
188    | 3.1670     | 0.6834     | 1.1868       | 1.2969       | 0.2924     | 1.0506       | 1.2182       | 1.4436   |           
189    | 3.1789     | 0.6935     | 1.1892       | 1.2962       | 0.2753     | 1.0713       | 1.2468       | 1.5315   | (ADV -0.14)
190    | 3.2149     | 0.7107     | 1.2156       | 1.2886       | 0.2875     | 1.0988       | 1.1982       | 1.4101   | (ADV -0.13)
191    | 3.1651     | 0.6613     | 1.2102       | 1.2936       | 0.3120     | 1.1166       | 1.2275       | 1.4928   |           
192    | 3.1748     | 0.6677     | 1.2063       | 1.3009       | 0.2980     | 1.1140       | 1.2357       | 1.5641   |           
193    | 3.1388     | 0.6561     | 1.1916       | 1.2911       | 0.2827     | 1.0598       | 1.2389       | 1.6045   |           
194    | 3.1410     | 0.6655     | 1.1850       | 1.2905       | 0.2774     | 1.0648       | 1.2246       | 1.4582   |           
195    | 3.2212     | 0.7287     | 1.1840       | 1.3086       | 0.3069     | 1.0560       | 1.2322       | 1.4774   |           
196    | 3.1663     | 0.6568     | 1.2035       | 1.3060       | 0.2858     | 1.0656       | 1.2311       | 1.4799   |           
197    | 3.1738     | 0.6801     | 1.1989       | 1.2947       | 0.2838     | 1.0575       | 1.2149       | 1.4877   |           
198    | 3.1424     | 0.6410     | 1.2030       | 1.2984       | 0.2954     | 1.0809       | 1.2580       | 1.4831   |           
199    | 3.0885     | 0.6294     | 1.1764       | 1.2827       | 0.2874     | 1.0550       | 1.2134       | 1.5307   |           
200    | 3.1536     | 0.6605     | 1.1913       | 1.3018       | 0.3144     | 1.0653       | 1.2434       | 1.5371   |           
201    | 3.1271     | 0.6474     | 1.1872       | 1.2925       | 0.2980     | 1.0761       | 1.2242       | 1.4894   |           
202    | 3.1197     | 0.6326     | 1.1938       | 1.2933       | 0.2624     | 1.0487       | 1.2257       | 1.5237   |           
203    | 3.1640     | 0.6686     | 1.2007       | 1.2947       | 0.3176     | 1.0672       | 1.2477       | 1.5815   |           
204    | 3.2030     | 0.6925     | 1.2023       | 1.3083       | 0.2909     | 1.0612       | 1.2415       | 1.5668   |           
205    | 3.1033     | 0.6172     | 1.1904       | 1.2956       | 0.2934     | 1.0696       | 1.2245       | 1.4893   |           
206    | 3.1300     | 0.6492     | 1.1805       | 1.3004       | 0.3029     | 1.0786       | 1.2443       | 1.5184   |           
207    | 3.1868     | 0.6842     | 1.2042       | 1.2985       | 0.2768     | 1.0850       | 1.2225       | 1.6190   |           
208    | 3.1688     | 0.6767     | 1.1887       | 1.3034       | 0.2879     | 1.0924       | 1.2417       | 1.5865   |           
209    | 3.1484     | 0.6570     | 1.1976       | 1.2937       | 0.2959     | 1.0825       | 1.2394       | 1.5517   |           
210    | 3.1023     | 0.6184     | 1.1865       | 1.2974       | 0.2804     | 1.0862       | 1.2328       | 1.5318   |           
211    | 3.1490     | 0.6756     | 1.2008       | 1.2726       | 0.2916     | 1.0575       | 1.1983       | 1.4970   |           
212    | 3.1858     | 0.6930     | 1.1965       | 1.2963       | 0.2725     | 1.0664       | 1.2214       | 1.6067   |           
213    | 3.1112     | 0.6323     | 1.1849       | 1.2940       | 0.2985     | 1.0745       | 1.2387       | 1.4734   |           
214    | 3.1293     | 0.6477     | 1.1974       | 1.2842       | 0.3409     | 1.0890       | 1.2363       | 1.5781   |           
215    | 3.1672     | 0.6514     | 1.2120       | 1.3038       | 0.3304     | 1.0987       | 1.2298       | 1.6068   |           
216    | 3.1515     | 0.6642     | 1.1992       | 1.2881       | 0.3153     | 1.0888       | 1.2613       | 1.5772   |           
217    | 3.1154     | 0.6396     | 1.1763       | 1.2995       | 0.2862     | 1.0794       | 1.2352       | 1.5935   |           
218    | 3.1823     | 0.6924     | 1.1835       | 1.3064       | 0.2918     | 1.0648       | 1.2342       | 1.5233   |           
219    | 3.1164     | 0.6327     | 1.1858       | 1.2979       | 0.3189     | 1.0904       | 1.2525       | 1.6022   |           
220    | 3.1962     | 0.6984     | 1.1942       | 1.3036       | 0.3544     | 1.0708       | 1.2410       | 1.5316   |           
221    | 3.1263     | 0.6222     | 1.1941       | 1.3100       | 0.3145     | 1.0722       | 1.2610       | 1.5584   |           
222    | 3.2119     | 0.6914     | 1.2084       | 1.3121       | 0.2869     | 1.0692       | 1.2314       | 1.5024   |           
223    | 3.1916     | 0.6755     | 1.2132       | 1.3029       | 0.2878     | 1.0902       | 1.2478       | 1.5016   |           
224    | 3.0890     | 0.6069     | 1.1898       | 1.2923       | 0.3214     | 1.0871       | 1.2368       | 1.5674   |           
225    | 3.0884     | 0.6117     | 1.1866       | 1.2901       | 0.2974     | 1.0757       | 1.2202       | 1.4362   |           
226    | 3.1712     | 0.6662     | 1.2004       | 1.3046       | 0.2924     | 1.0719       | 1.2562       | 1.5849   |           
227    | 3.1786     | 0.6614     | 1.2196       | 1.2976       | 0.2780     | 1.0905       | 1.2471       | 1.4460   |           
228    | 3.1378     | 0.6375     | 1.2008       | 1.2995       | 0.3139     | 1.0914       | 1.2804       | 1.5160   |           
229    | 3.1424     | 0.6343     | 1.2096       | 1.2985       | 0.3302     | 1.0871       | 1.2445       | 1.6091   |           
230    | 3.1852     | 0.6708     | 1.2161       | 1.2983       | 0.2693     | 1.0473       | 1.2567       | 1.5900   |           
231    | 3.1478     | 0.6610     | 1.1792       | 1.3076       | 0.2781     | 1.0917       | 1.2856       | 1.6322   |           
232    | 3.1449     | 0.6560     | 1.1874       | 1.3015       | 0.2998     | 1.0782       | 1.2517       | 1.5638   |           
233    | 3.1717     | 0.6887     | 1.1827       | 1.3004       | 0.3508     | 1.0900       | 1.2573       | 1.5526   |           
234    | 3.0987     | 0.6208     | 1.1921       | 1.2858       | 0.3328     | 1.0934       | 1.2587       | 1.5295   |           
235    | 3.1872     | 0.6746     | 1.2106       | 1.3020       | 0.2991     | 1.0693       | 1.2378       | 1.4447   |           
236    | 3.0979     | 0.6199     | 1.1840       | 1.2941       | 0.2999     | 1.1073       | 1.2530       | 1.5248   |           
237    | 3.1093     | 0.6021     | 1.2025       | 1.3048       | 0.3044     | 1.1054       | 1.2563       | 1.4915   |           
238    | 3.1980     | 0.6654     | 1.2139       | 1.3187       | 0.3632     | 1.1476       | 1.2726       | 1.4618   |           
239    | 3.1616     | 0.6501     | 1.2103       | 1.3012       | 0.3152     | 1.1036       | 1.2680       | 1.5395   |           
240    | 3.1100     | 0.6030     | 1.2009       | 1.3062       | 0.3112     | 1.0848       | 1.2402       | 1.4839   |           
241    | 3.0999     | 0.6048     | 1.1956       | 1.2995       | 0.2930     | 1.0787       | 1.2472       | 1.4636   |           
242    | 3.1678     | 0.6701     | 1.2080       | 1.2897       | 0.2993     | 1.0784       | 1.2373       | 1.5053   |           
243    | 3.1676     | 0.6600     | 1.2126       | 1.2950       | 0.3092     | 1.0843       | 1.2438       | 1.4598   |           
244    | 3.1340     | 0.6270     | 1.2043       | 1.3027       | 0.3300     | 1.0787       | 1.2405       | 1.5302   |           
245    | 3.1489     | 0.6534     | 1.2000       | 1.2955       | 0.3211     | 1.0689       | 1.2295       | 1.4748   |           
246    | 3.1456     | 0.6410     | 1.2060       | 1.2986       | 0.2657     | 1.0703       | 1.2620       | 1.5514   |           
247    | 3.0934     | 0.6005     | 1.1987       | 1.2942       | 0.3130     | 1.0756       | 1.2668       | 1.6203   |           
248    | 3.1680     | 0.6686     | 1.1930       | 1.3065       | 0.2655     | 1.0566       | 1.2524       | 1.6111   |           
249    | 3.1497     | 0.6518     | 1.2017       | 1.2961       | 0.3142     | 1.0528       | 1.2624       | 1.5328   |           
250    | 3.1307     | 0.6262     | 1.2066       | 1.2979       | 0.2879     | 1.0674       | 1.2631       | 1.5650   |           
251    | 3.1018     | 0.6162     | 1.1848       | 1.3008       | 0.3014     | 1.0640       | 1.2555       | 1.6140   |           
252    | 3.1660     | 0.6540     | 1.2020       | 1.3100       | 0.2734     | 1.0795       | 1.2550       | 1.6403   |           
253    | 3.1596     | 0.6481     | 1.2061       | 1.3054       | 0.2974     | 1.0645       | 1.2532       | 1.6052   |           
254    | 3.1247     | 0.6212     | 1.1931       | 1.3104       | 0.2742     | 1.0577       | 1.2647       | 1.6055   |           
255    | 3.1706     | 0.6685     | 1.1956       | 1.3065       | 0.3382     | 1.0876       | 1.2562       | 1.6504   |           
256    | 3.2289     | 0.7056     | 1.2099       | 1.3133       | 0.2898     | 1.0687       | 1.2487       | 1.4802   |           
257    | 3.1228     | 0.6269     | 1.1992       | 1.2967       | 0.2579     | 1.0694       | 1.2688       | 1.5571   |           
258    | 3.1317     | 0.6320     | 1.1996       | 1.3001       | 0.2972     | 1.1056       | 1.2639       | 1.5738   |           
259    | 3.1395     | 0.6224     | 1.2073       | 1.3098       | 0.2800     | 1.0841       | 1.2277       | 1.5444   |           
260    | 3.1117     | 0.6213     | 1.1872       | 1.3033       | 0.2733     | 1.0697       | 1.2532       | 1.5186   |           
261    | 3.2047     | 0.6856     | 1.2164       | 1.3028       | 0.2947     | 1.0823       | 1.2494       | 1.5704   |           
262    | 3.1332     | 0.6387     | 1.1987       | 1.2958       | 0.2782     | 1.0787       | 1.2500       | 1.5059   |           
263    | 3.1329     | 0.6380     | 1.1996       | 1.2953       | 0.2989     | 1.0839       | 1.2488       | 1.5792   |           
264    | 3.1574     | 0.6403     | 1.2120       | 1.3050       | 0.3047     | 1.0761       | 1.2438       | 1.5658   |           
265    | 3.2034     | 0.6728     | 1.2296       | 1.3009       | 0.2720     | 1.0735       | 1.2557       | 1.5403   |           
266    | 3.2056     | 0.6988     | 1.2091       | 1.2977       | 0.2736     | 1.0911       | 1.2297       | 1.5471   |           
267    | 3.1622     | 0.6457     | 1.2070       | 1.3094       | 0.3612     | 1.0838       | 1.2507       | 1.5383   |           
268    | 3.1368     | 0.6354     | 1.2020       | 1.2993       | 0.2840     | 1.0627       | 1.2378       | 1.6021   |           
269    | 3.1160     | 0.6112     | 1.2126       | 1.2922       | 0.3070     | 1.1219       | 1.2370       | 1.5545   |           
270    | 3.1158     | 0.6048     | 1.2237       | 1.2873       | 0.3306     | 1.1254       | 1.2438       | 1.5390   |           
271    | 3.1768     | 0.6656     | 1.2161       | 1.2950       | 0.3000     | 1.1137       | 1.2652       | 1.5183   |           
272    | 3.1846     | 0.6637     | 1.2286       | 1.2923       | 0.2971     | 1.1004       | 1.2555       | 1.4581   |           
273    | 3.1292     | 0.6413     | 1.2020       | 1.2859       | 0.2966     | 1.0908       | 1.2671       | 1.3630   |           
274    | 3.1556     | 0.6357     | 1.2201       | 1.2999       | 0.2944     | 1.0882       | 1.2373       | 1.4649   |           
275    | 3.1066     | 0.6070     | 1.2082       | 1.2915       | 0.2899     | 1.0779       | 1.2312       | 1.4647   |           
276    | 3.1323     | 0.6369     | 1.2040       | 1.2913       | 0.2776     | 1.0700       | 1.2436       | 1.5298   |           
277    | 3.1405     | 0.6373     | 1.2047       | 1.2985       | 0.2966     | 1.0900       | 1.2406       | 1.4240   |           
278    | 3.0714     | 0.5924     | 1.2102       | 1.2687       | 0.2595     | 1.0888       | 1.2524       | 1.5014   |           
279    | 3.1023     | 0.6206     | 1.2024       | 1.2793       | 0.2799     | 1.0746       | 1.2371       | 1.5534   |           
280    | 3.0979     | 0.5933     | 1.2006       | 1.3041       | 0.3028     | 1.0692       | 1.2434       | 1.5424   |           
281    | 3.1195     | 0.6098     | 1.2169       | 1.2928       | 0.2767     | 1.0908       | 1.2385       | 1.5411   |           
282    | 3.1234     | 0.6405     | 1.1983       | 1.2846       | 0.2711     | 1.0712       | 1.2307       | 1.4933   |           
283    | 3.0886     | 0.5898     | 1.2120       | 1.2867       | 0.3319     | 1.1167       | 1.2139       | 1.4667   |           
284    | 3.1281     | 0.6186     | 1.2185       | 1.2910       | 0.2898     | 1.0709       | 1.2293       | 1.3867   |           
285    | 3.1460     | 0.6628     | 1.1978       | 1.2854       | 0.2724     | 1.0800       | 1.2502       | 1.5648   |           
286    | 3.1804     | 0.6514     | 1.2297       | 1.2993       | 0.3437     | 1.0832       | 1.2455       | 1.5138   |           
287    | 3.1550     | 0.6483     | 1.2027       | 1.3041       | 0.2973     | 1.0900       | 1.2391       | 1.6338   |           
288    | 3.1175     | 0.6266     | 1.1974       | 1.2936       | 0.2968     | 1.0815       | 1.2633       | 1.5411   |           
289    | 3.1738     | 0.6548     | 1.2119       | 1.3071       | 0.3221     | 1.1036       | 1.2347       | 1.5444   |           
290    | 3.0802     | 0.5986     | 1.1868       | 1.2948       | 0.2631     | 1.0702       | 1.2373       | 1.5146   |           
291    | 3.1281     | 0.6163     | 1.2103       | 1.3015       | 0.3133     | 1.0938       | 1.2517       | 1.5671   |           
292    | 3.1848     | 0.6661     | 1.2264       | 1.2924       | 0.3062     | 1.0742       | 1.2291       | 1.4369   |           
293    | 3.1652     | 0.6468     | 1.2222       | 1.2962       | 0.3285     | 1.1201       | 1.2335       | 1.5049   |           
294    | 3.1683     | 0.6624     | 1.2156       | 1.2903       | 0.2998     | 1.0957       | 1.2361       | 1.4406   |           
295    | 3.1652     | 0.6435     | 1.2178       | 1.3040       | 0.2610     | 1.0829       | 1.2516       | 1.5274   |           
296    | 3.1203     | 0.6190     | 1.2098       | 1.2915       | 0.2717     | 1.0747       | 1.2424       | 1.4984   |           
297    | 3.1413     | 0.6400     | 1.2108       | 1.2906       | 0.2793     | 1.0818       | 1.2458       | 1.4506   |           
298    | 3.1765     | 0.6628     | 1.2167       | 1.2970       | 0.3415     | 1.1019       | 1.2502       | 1.5444   |           
299    | 3.0932     | 0.5870     | 1.2129       | 1.2932       | 0.2990     | 1.0797       | 1.2375       | 1.4388   |           
300    | 3.1851     | 0.6445     | 1.2394       | 1.3012       | 0.3009     | 1.0946       | 1.2400       | 1.3792   |           
301    | 3.1283     | 0.6214     | 1.2125       | 1.2944       | 0.2941     | 1.0924       | 1.2405       | 1.4116   |           
302    | 3.1124     | 0.5975     | 1.2250       | 1.2898       | 0.2971     | 1.0863       | 1.2260       | 1.5112   |           
303    | 3.1463     | 0.6267     | 1.2234       | 1.2962       | 0.3382     | 1.1085       | 1.2499       | 1.4461   |           
304    | 3.1012     | 0.6130     | 1.2125       | 1.2757       | 0.3173     | 1.1206       | 1.2361       | 1.4083   |           
305    | 3.1367     | 0.6171     | 1.2277       | 1.2919       | 0.3010     | 1.1071       | 1.2604       | 1.4468   |           
306    | 3.1629     | 0.6519     | 1.2178       | 1.2932       | 0.2941     | 1.1109       | 1.2462       | 1.4158   |           
307    | 3.1030     | 0.6112     | 1.2037       | 1.2882       | 0.3025     | 1.0999       | 1.2439       | 1.4276   |           
308    | 3.1371     | 0.6142     | 1.2183       | 1.3046       | 0.2726     | 1.1070       | 1.2589       | 1.6046   |           
309    | 3.1357     | 0.6325     | 1.2079       | 1.2953       | 0.3029     | 1.1006       | 1.2488       | 1.5164   |           
310    | 3.1447     | 0.6266     | 1.2206       | 1.2974       | 0.2765     | 1.1025       | 1.2717       | 1.4690   |           
311    | 3.2003     | 0.6802     | 1.2268       | 1.2933       | 0.3077     | 1.1145       | 1.2544       | 1.4616   |           
312    | 3.1996     | 0.6733     | 1.2259       | 1.3004       | 0.2949     | 1.1077       | 1.2513       | 1.4967   |           
313    | 3.1511     | 0.6347     | 1.2228       | 1.2936       | 0.2746     | 1.1034       | 1.2471       | 1.5352   |           
314    | 3.2038     | 0.6759     | 1.2311       | 1.2968       | 0.2846     | 1.1030       | 1.2495       | 1.5576   |           
315    | 3.2003     | 0.6812     | 1.2240       | 1.2951       | 0.2847     | 1.0928       | 1.2277       | 1.5682   |           
316    | 3.1441     | 0.6295     | 1.2224       | 1.2922       | 0.2724     | 1.0863       | 1.2381       | 1.5824   |           
317    | 3.1448     | 0.6285     | 1.2174       | 1.2989       | 0.2637     | 1.0710       | 1.2320       | 1.5808   |           
318    | 3.1415     | 0.6374     | 1.1976       | 1.3065       | 0.2511     | 1.0866       | 1.2411       | 1.5687   |           
319    | 3.1061     | 0.5973     | 1.2095       | 1.2993       | 0.3148     | 1.1272       | 1.2441       | 1.5323   |           
320    | 3.0709     | 0.5673     | 1.2219       | 1.2817       | 0.2648     | 1.1189       | 1.2304       | 1.4771   | (ADV -0.12)
321    | 3.1722     | 0.6299     | 1.2375       | 1.3048       | 0.2597     | 1.0980       | 1.2511       | 1.5678   |           
322    | 3.1450     | 0.6329     | 1.2171       | 1.2950       | 0.3122     | 1.1145       | 1.2534       | 1.5122   |           
323    | 3.1981     | 0.6687     | 1.2267       | 1.3027       | 0.2647     | 1.0891       | 1.2405       | 1.5249   |           
324    | 3.1213     | 0.6056     | 1.2189       | 1.2969       | 0.3247     | 1.1085       | 1.2701       | 1.5491   |           
325    | 3.1270     | 0.6100     | 1.2072       | 1.3098       | 0.2655     | 1.0767       | 1.2464       | 1.4297   |           
326    | 3.1013     | 0.5860     | 1.2179       | 1.2974       | 0.2987     | 1.1172       | 1.2522       | 1.4700   |           
327    | 3.1218     | 0.6146     | 1.2058       | 1.3013       | 0.2837     | 1.0844       | 1.2467       | 1.4612   |           
328    | 3.1090     | 0.5871     | 1.2143       | 1.3076       | 0.2888     | 1.0930       | 1.2559       | 1.4053   |           
329    | 3.1002     | 0.5769     | 1.2273       | 1.2959       | 0.2900     | 1.0995       | 1.2322       | 1.4643   |           
330    | 3.1263     | 0.6168     | 1.2115       | 1.2981       | 0.2878     | 1.0986       | 1.2230       | 1.4725   |           
331    | 3.1352     | 0.6232     | 1.2197       | 1.2923       | 0.3036     | 1.1037       | 1.2250       | 1.3671   |           
332    | 3.1682     | 0.6479     | 1.2229       | 1.2974       | 0.2742     | 1.0853       | 1.2422       | 1.5354   |           
333    | 3.1515     | 0.6234     | 1.2219       | 1.3062       | 0.2815     | 1.0881       | 1.2287       | 1.5316   |           
334    | 3.1156     | 0.5997     | 1.2167       | 1.2992       | 0.3018     | 1.0884       | 1.2349       | 1.3435   |           
335    | 3.1414     | 0.6173     | 1.2199       | 1.3042       | 0.3352     | 1.1019       | 1.2602       | 1.4087   |           
336    | 3.1855     | 0.6599     | 1.2241       | 1.3015       | 0.3139     | 1.1176       | 1.2733       | 1.3580   |           
337    | 3.1504     | 0.6063     | 1.2312       | 1.3130       | 0.3242     | 1.1159       | 1.2664       | 1.4190   |           
338    | 3.1777     | 0.6342     | 1.2266       | 1.3169       | 0.2983     | 1.0909       | 1.2572       | 1.3699   |           
339    | 3.1458     | 0.6298     | 1.2122       | 1.3038       | 0.2746     | 1.0992       | 1.2486       | 1.3860   |           
340    | 3.1421     | 0.6155     | 1.2237       | 1.3029       | 0.3168     | 1.1256       | 1.2473       | 1.3548   |           
341    | 3.1832     | 0.6471     | 1.2299       | 1.3061       | 0.2965     | 1.1126       | 1.2477       | 1.4315   |           
342    | 3.1128     | 0.5833     | 1.2209       | 1.3087       | 0.2801     | 1.1157       | 1.2563       | 1.4692   |           
343    | 3.2006     | 0.6622     | 1.2284       | 1.3100       | 0.2951     | 1.0984       | 1.2785       | 1.3623   |           
344    | 3.1534     | 0.6215     | 1.2244       | 1.3075       | 0.2863     | 1.0992       | 1.2675       | 1.3482   |           
345    | 3.1722     | 0.6319     | 1.2192       | 1.3211       | 0.2959     | 1.1121       | 1.2552       | 1.4463   |           
346    | 3.1415     | 0.6120     | 1.2082       | 1.3214       | 0.2825     | 1.0977       | 1.2762       | 1.4080   |           
347    | 3.1459     | 0.6244     | 1.2092       | 1.3124       | 0.2978     | 1.0822       | 1.2731       | 1.4204   |           
348    | 3.1560     | 0.6277     | 1.2216       | 1.3068       | 0.3242     | 1.1080       | 1.2475       | 1.2906   |           
349    | 3.1772     | 0.6133     | 1.2403       | 1.3236       | 0.3305     | 1.1042       | 1.2742       | 1.3355   |           
350    | 3.1947     | 0.6395     | 1.2404       | 1.3148       | 0.3205     | 1.1138       | 1.2602       | 1.3105   |           
351    | 3.0982     | 0.5672     | 1.2184       | 1.3127       | 0.2764     | 1.0934       | 1.2751       | 1.4066   |           
352    | 3.1626     | 0.6274     | 1.2288       | 1.3064       | 0.3289     | 1.1372       | 1.2620       | 1.4486   |           
353    | 3.1406     | 0.5947     | 1.2298       | 1.3161       | 0.2935     | 1.1184       | 1.2457       | 1.4459   |           
354    | 3.1624     | 0.6247     | 1.2288       | 1.3089       | 0.3096     | 1.1151       | 1.2558       | 1.3692   |           
355    | 3.1706     | 0.6299     | 1.2388       | 1.3019       | 0.3028     | 1.1145       | 1.2357       | 1.4205   |           
356    | 3.1811     | 0.6367     | 1.2436       | 1.3008       | 0.2914     | 1.1121       | 1.2421       | 1.4200   |           
357    | 3.1542     | 0.6209     | 1.2302       | 1.3031       | 0.2794     | 1.1070       | 1.2492       | 1.3711   |           
358    | 3.1068     | 0.5885     | 1.2199       | 1.2984       | 0.2952     | 1.0962       | 1.2391       | 1.4457   |           
359    | 3.1193     | 0.5869     | 1.2246       | 1.3078       | 0.3103     | 1.1190       | 1.2479       | 1.3741   |           
360    | 3.1118     | 0.5815     | 1.2192       | 1.3112       | 0.3055     | 1.1169       | 1.2639       | 1.3653   |           
361    | 3.1100     | 0.5891     | 1.2105       | 1.3105       | 0.2949     | 1.1338       | 1.2625       | 1.4303   |           
362    | 3.1669     | 0.6226     | 1.2267       | 1.3176       | 0.2947     | 1.1001       | 1.2643       | 1.3925   |           
363    | 3.1521     | 0.6163     | 1.2198       | 1.3161       | 0.3162     | 1.1297       | 1.2716       | 1.3564   |           
364    | 3.2126     | 0.6657     | 1.2386       | 1.3083       | 0.3152     | 1.1147       | 1.2506       | 1.4700   |           
365    | 3.0915     | 0.5805     | 1.2054       | 1.3055       | 0.2760     | 1.1031       | 1.2474       | 1.4879   |           
366    | 3.1973     | 0.6439     | 1.2368       | 1.3165       | 0.2998     | 1.1076       | 1.2653       | 1.5621   |           
367    | 3.1387     | 0.6125     | 1.2204       | 1.3057       | 0.3352     | 1.1141       | 1.2601       | 1.5789   |           
368    | 3.1223     | 0.5999     | 1.2113       | 1.3111       | 0.3332     | 1.1133       | 1.2704       | 1.4643   |           
369    | 3.1664     | 0.6306     | 1.2291       | 1.3067       | 0.2920     | 1.1120       | 1.2588       | 1.5367   |           
370    | 3.1992     | 0.6693     | 1.2211       | 1.3088       | 0.3111     | 1.0953       | 1.2463       | 1.4950   |           
371    | 3.0791     | 0.5574     | 1.2121       | 1.3097       | 0.2991     | 1.1290       | 1.2447       | 1.5404   |           
372    | 3.2077     | 0.6646     | 1.2284       | 1.3147       | 0.3395     | 1.1202       | 1.2571       | 1.4696   |           
373    | 3.1342     | 0.5988     | 1.2248       | 1.3106       | 0.3079     | 1.0966       | 1.2566       | 1.4288   |           
374    | 3.1337     | 0.6019     | 1.2160       | 1.3157       | 0.3522     | 1.1556       | 1.2634       | 1.4528   |           
375    | 3.1397     | 0.6151     | 1.2227       | 1.3020       | 0.3044     | 1.0952       | 1.2489       | 1.4228   |           
376    | 3.1754     | 0.6307     | 1.2251       | 1.3195       | 0.3137     | 1.1121       | 1.2563       | 1.4807   |           
377    | 3.1451     | 0.6068     | 1.2287       | 1.3096       | 0.2759     | 1.1186       | 1.2449       | 1.4487   |           
378    | 3.1193     | 0.5877     | 1.2199       | 1.3117       | 0.2923     | 1.0969       | 1.2575       | 1.4890   |           
379    | 3.1525     | 0.6013     | 1.2328       | 1.3185       | 0.3255     | 1.0951       | 1.2567       | 1.6198   |           
380    | 3.1522     | 0.5897     | 1.2430       | 1.3195       | 0.2837     | 1.0982       | 1.2719       | 1.4714   |           
381    | 3.1742     | 0.6338     | 1.2263       | 1.3141       | 0.3290     | 1.1035       | 1.2554       | 1.4367   |           
382    | 3.1554     | 0.6068     | 1.2300       | 1.3186       | 0.3200     | 1.1207       | 1.2543       | 1.4660   |           
383    | 3.1992     | 0.6285     | 1.2462       | 1.3246       | 0.3102     | 1.1249       | 1.2592       | 1.5287   |           
384    | 3.1467     | 0.5909     | 1.2396       | 1.3162       | 0.3099     | 1.1106       | 1.2686       | 1.5754   |           
385    | 3.1633     | 0.6260     | 1.2261       | 1.3112       | 0.3119     | 1.1056       | 1.2491       | 1.4710   |           
386    | 3.1320     | 0.5831     | 1.2381       | 1.3108       | 0.2994     | 1.1355       | 1.2598       | 1.4220   |           
387    | 3.1724     | 0.6179     | 1.2435       | 1.3111       | 0.3054     | 1.1400       | 1.2584       | 1.3996   |           
388    | 3.1743     | 0.6205     | 1.2299       | 1.3238       | 0.3071     | 1.1209       | 1.2638       | 1.4823   |           
389    | 3.1922     | 0.6385     | 1.2349       | 1.3189       | 0.2873     | 1.1303       | 1.2566       | 1.4443   |           
390    | 3.1785     | 0.6219     | 1.2348       | 1.3219       | 0.3511     | 1.1207       | 1.2425       | 1.4708   |           
391    | 3.1850     | 0.6322     | 1.2352       | 1.3175       | 0.2835     | 1.0977       | 1.2598       | 1.4349   |           
392    | 3.1371     | 0.5966     | 1.2288       | 1.3116       | 0.3460     | 1.1291       | 1.2656       | 1.3711   |           
393    | 3.1641     | 0.6220     | 1.2228       | 1.3193       | 0.3246     | 1.1229       | 1.2675       | 1.4333   |           
394    | 3.1462     | 0.6047     | 1.2234       | 1.3181       | 0.3152     | 1.1218       | 1.2437       | 1.4567   |           
395    | 3.1163     | 0.5746     | 1.2264       | 1.3153       | 0.3114     | 1.1024       | 1.2497       | 1.5032   |           
396    | 3.1442     | 0.5902     | 1.2376       | 1.3164       | 0.2884     | 1.1212       | 1.2425       | 1.5697   |           
397    | 3.1277     | 0.5830     | 1.2289       | 1.3158       | 0.3495     | 1.1125       | 1.2504       | 1.5439   |           
398    | 3.1633     | 0.6172     | 1.2327       | 1.3134       | 0.3242     | 1.0992       | 1.2573       | 1.5668   |           
399    | 3.1582     | 0.6122     | 1.2170       | 1.3290       | 0.3173     | 1.0972       | 1.2626       | 1.4195   |           
400    | 3.0957     | 0.5665     | 1.2168       | 1.3125       | 0.2816     | 1.1091       | 1.2450       | 1.3979   |           
Seed 123456 | Src Acc: 94.2857 | Src MDE: 0.0860 | Tgt Acc: 22.5510 | Tgt MDE: 1.4771
Finished Combo FusionCDAN_2. Results saved.
