==========================================
Current Experiment: RTT Combination: ['Dist_mm_1', 'Dist_mm_2']
RTT Input Dimension: 2
==========================================
Start Training Seed 42...

Start CDAN+E Training... (Entropy Conditioning Enabled)
Epoch  | Total Loss | Tr Cls     | Tr Dom RSSI  | Tr Dom RTT   | Val Cls    | Val RSSI Dls | Val RTT Dls  | Test MDE
------------------------------------------------------------------------------------------------------------------------
1      | 6.3055     | 3.5332     | 1.3862       | 1.3861       | 2.9863     | 1.3859       | 1.3853       | 1.7144   |           
2      | 5.6645     | 2.8943     | 1.3856       | 1.3846       | 2.5093     | 1.3847       | 1.3829       | 1.3113   |           
3      | 5.2877     | 2.5214     | 1.3842       | 1.3821       | 2.1388     | 1.3830       | 1.3807       | 1.1871   |           
4      | 4.9517     | 2.1910     | 1.3813       | 1.3794       | 1.8265     | 1.3804       | 1.3774       | 1.1492   |           
5      | 4.7076     | 1.9548     | 1.3768       | 1.3759       | 1.5355     | 1.3764       | 1.3748       | 1.0999   |           
6      | 4.4855     | 1.7429     | 1.3707       | 1.3720       | 1.3080     | 1.3704       | 1.3684       | 1.0996   |           
7      | 4.2914     | 1.5591     | 1.3645       | 1.3679       | 1.1002     | 1.3625       | 1.3620       | 1.1855   |           
8      | 4.1323     | 1.4136     | 1.3568       | 1.3618       | 0.9515     | 1.3556       | 1.3562       | 1.1654   |           
9      | 4.0195     | 1.3139     | 1.3492       | 1.3564       | 0.7872     | 1.3417       | 1.3425       | 1.0783   |           
10     | 3.8755     | 1.1893     | 1.3377       | 1.3485       | 0.6961     | 1.3300       | 1.3336       | 1.1419   |           
11     | 3.7654     | 1.0938     | 1.3285       | 1.3431       | 0.6085     | 1.3168       | 1.3214       | 1.2268   |           
12     | 3.6869     | 1.0325     | 1.3193       | 1.3351       | 0.5451     | 1.2992       | 1.3069       | 1.1409   |           
13     | 3.6383     | 1.0031     | 1.3085       | 1.3268       | 0.4854     | 1.2854       | 1.2943       | 1.1834   | (ADV -0.13)
14     | 3.5490     | 0.9420     | 1.2943       | 1.3126       | 0.4408     | 1.2661       | 1.2769       | 1.1500   | (ADV -0.12)
15     | 3.4708     | 0.8821     | 1.2832       | 1.3055       | 0.4022     | 1.2563       | 1.2641       | 1.1835   | (ADV -0.11)
16     | 3.4275     | 0.8653     | 1.2684       | 1.2938       | 0.3559     | 1.2347       | 1.2510       | 1.0652   | (ADV -0.10)
17     | 3.3589     | 0.8215     | 1.2546       | 1.2829       | 0.3302     | 1.2247       | 1.2346       | 1.0654   | (ADV -0.10)
18     | 3.2613     | 0.7488     | 1.2389       | 1.2736       | 0.3218     | 1.2095       | 1.2255       | 1.0823   |           
19     | 3.2323     | 0.7321     | 1.2345       | 1.2657       | 0.2761     | 1.1760       | 1.1983       | 1.0898   | (ADV -0.09)
20     | 3.2502     | 0.7636     | 1.2276       | 1.2590       | 0.2779     | 1.1692       | 1.1835       | 1.1417   |           
21     | 3.1556     | 0.7068     | 1.2071       | 1.2417       | 0.2594     | 1.1501       | 1.1742       | 1.1287   |           
22     | 3.1298     | 0.6886     | 1.1988       | 1.2423       | 0.2323     | 1.1258       | 1.1548       | 1.1310   | (ADV -0.09)
23     | 3.0683     | 0.6677     | 1.1752       | 1.2254       | 0.2517     | 1.1161       | 1.1483       | 1.1122   |           
24     | 2.9827     | 0.6171     | 1.1554       | 1.2102       | 0.2238     | 1.0880       | 1.1195       | 1.0790   |           
25     | 3.0286     | 0.6609     | 1.1579       | 1.2098       | 0.2063     | 1.0698       | 1.1073       | 1.1718   |           
26     | 2.9920     | 0.6387     | 1.1466       | 1.2067       | 0.2016     | 1.0604       | 1.1113       | 1.0929   |           
27     | 2.9368     | 0.6055     | 1.1356       | 1.1957       | 0.1935     | 1.0514       | 1.0974       | 1.1220   |           
28     | 2.9199     | 0.5990     | 1.1330       | 1.1879       | 0.1875     | 1.0327       | 1.0729       | 1.1161   |           
29     | 2.8946     | 0.5915     | 1.1198       | 1.1832       | 0.1564     | 1.0029       | 1.0617       | 1.1475   |           
30     | 2.8769     | 0.5839     | 1.1140       | 1.1790       | 0.1783     | 1.0089       | 1.0565       | 1.0947   |           
31     | 2.8573     | 0.5786     | 1.1106       | 1.1681       | 0.1646     | 0.9843       | 1.0476       | 1.0372   |           
32     | 2.8155     | 0.5826     | 1.0804       | 1.1526       | 0.1687     | 0.9620       | 1.0378       | 1.0536   |           
33     | 2.7777     | 0.5512     | 1.0770       | 1.1494       | 0.1547     | 0.9703       | 1.0361       | 1.0154   |           
34     | 2.7526     | 0.5413     | 1.0678       | 1.1435       | 0.1625     | 0.9427       | 1.0232       | 1.0605   |           
35     | 2.8151     | 0.5733     | 1.0839       | 1.1579       | 0.1848     | 0.9563       | 1.0112       | 1.1365   |           
36     | 2.7988     | 0.5738     | 1.0751       | 1.1500       | 0.1729     | 0.9403       | 1.0125       | 1.0828   |           
37     | 2.7617     | 0.5376     | 1.0756       | 1.1486       | 0.1506     | 0.9087       | 0.9894       | 1.0494   |           
38     | 2.7663     | 0.5586     | 1.0679       | 1.1398       | 0.1447     | 0.9007       | 0.9826       | 1.0680   |           
39     | 2.7153     | 0.5275     | 1.0637       | 1.1241       | 0.1298     | 0.9009       | 0.9712       | 1.0340   |           
40     | 2.7669     | 0.5730     | 1.0644       | 1.1294       | 0.1470     | 0.9003       | 0.9673       | 1.0270   |           
41     | 2.7236     | 0.5349     | 1.0610       | 1.1277       | 0.1396     | 0.8871       | 0.9708       | 1.0231   |           
42     | 2.7146     | 0.5223     | 1.0681       | 1.1243       | 0.1466     | 0.8886       | 0.9595       | 1.0582   |           
43     | 2.7227     | 0.5286     | 1.0630       | 1.1310       | 0.1441     | 0.9180       | 0.9796       | 1.0554   |           
44     | 2.6407     | 0.4876     | 1.0403       | 1.1128       | 0.1263     | 0.9303       | 0.9670       | 1.0856   |           
45     | 2.7137     | 0.5200     | 1.0719       | 1.1218       | 0.1196     | 0.8803       | 0.9461       | 1.0264   |           
46     | 2.6753     | 0.5026     | 1.0535       | 1.1192       | 0.1233     | 0.8793       | 0.9538       | 1.0108   |           
47     | 2.6958     | 0.5160     | 1.0593       | 1.1204       | 0.1374     | 0.8845       | 0.9506       | 1.0610   |           
48     | 2.7408     | 0.5287     | 1.0831       | 1.1290       | 0.1369     | 0.8855       | 0.9703       | 1.0343   |           
49     | 2.7153     | 0.5254     | 1.0652       | 1.1247       | 0.1271     | 0.8813       | 0.9622       | 1.0403   |           
50     | 2.6773     | 0.5096     | 1.0552       | 1.1125       | 0.1291     | 0.9080       | 0.9656       | 1.0789   |           
51     | 2.7351     | 0.5246     | 1.0705       | 1.1400       | 0.1245     | 0.8831       | 0.9345       | 1.0586   |           
52     | 2.7147     | 0.5183     | 1.0678       | 1.1286       | 0.1196     | 0.9004       | 0.9397       | 1.0590   |           
53     | 2.7066     | 0.5030     | 1.0741       | 1.1296       | 0.1237     | 0.9031       | 0.9362       | 1.0678   |           
54     | 2.7350     | 0.5169     | 1.0859       | 1.1321       | 0.1158     | 0.9029       | 0.9435       | 1.0931   |           
55     | 2.7410     | 0.5147     | 1.0877       | 1.1385       | 0.1237     | 0.9058       | 0.9563       | 1.0208   |           
56     | 2.7352     | 0.5091     | 1.0839       | 1.1422       | 0.1381     | 0.9326       | 0.9655       | 1.0408   |           
57     | 2.7331     | 0.5028     | 1.0954       | 1.1350       | 0.1288     | 0.9183       | 0.9596       | 1.0616   |           
58     | 2.7106     | 0.4961     | 1.0889       | 1.1256       | 0.1311     | 0.9391       | 0.9522       | 1.0450   |           
59     | 2.7514     | 0.5180     | 1.0919       | 1.1415       | 0.1289     | 0.9351       | 0.9593       | 1.0742   |           
60     | 2.7618     | 0.5165     | 1.1124       | 1.1329       | 0.1486     | 0.9345       | 0.9752       | 1.0678   |           
61     | 2.7722     | 0.5131     | 1.1092       | 1.1499       | 0.1281     | 0.9360       | 0.9786       | 1.0920   |           
62     | 2.8126     | 0.5216     | 1.1262       | 1.1647       | 0.1262     | 0.9700       | 0.9913       | 1.1102   | (ADV -0.09)
63     | 2.7399     | 0.4903     | 1.1025       | 1.1471       | 0.1250     | 0.9563       | 0.9945       | 1.1293   |           
64     | 2.7439     | 0.4883     | 1.1105       | 1.1451       | 0.1255     | 0.9237       | 0.9612       | 1.1160   |           
65     | 2.8074     | 0.5300     | 1.1234       | 1.1540       | 0.1404     | 0.9531       | 0.9796       | 1.1660   |           
66     | 2.8245     | 0.5345     | 1.1325       | 1.1576       | 0.1299     | 0.9450       | 0.9852       | 1.1227   |           
67     | 2.7895     | 0.5136     | 1.1167       | 1.1592       | 0.1620     | 0.9509       | 0.9991       | 1.1085   |           
68     | 2.7893     | 0.5160     | 1.1137       | 1.1596       | 0.1402     | 0.9392       | 0.9798       | 1.0943   |           
69     | 2.7865     | 0.4991     | 1.1207       | 1.1667       | 0.1424     | 0.9581       | 1.0160       | 1.1296   |           
70     | 2.8082     | 0.5072     | 1.1289       | 1.1720       | 0.1427     | 0.9611       | 0.9976       | 1.0667   |           
71     | 2.8592     | 0.5508     | 1.1284       | 1.1801       | 0.1307     | 0.9541       | 1.0037       | 1.1386   |           
72     | 2.7847     | 0.5011     | 1.1266       | 1.1570       | 0.1236     | 0.9491       | 1.0040       | 1.1165   |           
73     | 2.8082     | 0.5155     | 1.1302       | 1.1625       | 0.1393     | 0.9640       | 1.0056       | 1.0879   |           
74     | 2.8152     | 0.5020     | 1.1348       | 1.1784       | 0.1333     | 0.9740       | 1.0324       | 1.0466   |           
75     | 2.8584     | 0.5406     | 1.1341       | 1.1837       | 0.1306     | 0.9678       | 1.0093       | 1.0735   |           
76     | 2.8659     | 0.5447     | 1.1410       | 1.1801       | 0.1480     | 0.9714       | 1.0105       | 1.1099   |           
77     | 2.8607     | 0.5268     | 1.1311       | 1.2028       | 0.1239     | 0.9582       | 1.0456       | 1.1299   |           
78     | 2.8770     | 0.5151     | 1.1443       | 1.2176       | 0.1136     | 0.9840       | 1.1146       | 1.2711   |           
79     | 2.9487     | 0.5421     | 1.1516       | 1.2550       | 0.1177     | 0.9766       | 1.1045       | 1.2118   |           
80     | 2.9468     | 0.5699     | 1.1494       | 1.2276       | 0.1236     | 0.9826       | 1.0745       | 1.1705   |           
81     | 2.8965     | 0.5305     | 1.1486       | 1.2173       | 0.1349     | 0.9814       | 1.0643       | 1.1117   |           
82     | 2.8469     | 0.5113     | 1.1400       | 1.1955       | 0.1247     | 0.9848       | 1.0454       | 1.1233   |           
83     | 2.8714     | 0.5026     | 1.1605       | 1.2083       | 0.1100     | 1.0139       | 1.0398       | 1.1052   | (ADV -0.08)
84     | 2.8742     | 0.5193     | 1.1624       | 1.1924       | 0.1110     | 0.9887       | 1.0343       | 1.1262   |           
85     | 2.8289     | 0.4974     | 1.1362       | 1.1953       | 0.1129     | 0.9950       | 1.0494       | 1.0919   |           
86     | 2.8514     | 0.5058     | 1.1549       | 1.1908       | 0.1290     | 1.0205       | 1.0454       | 1.1014   |           
87     | 2.8562     | 0.5246     | 1.1606       | 1.1709       | 0.1157     | 0.9806       | 1.0388       | 1.0985   |           
88     | 2.8360     | 0.4906     | 1.1569       | 1.1885       | 0.1239     | 0.9935       | 1.0333       | 1.0887   |           
89     | 2.8662     | 0.5080     | 1.1679       | 1.1902       | 0.1173     | 0.9907       | 1.0304       | 1.0711   |           
90     | 2.8685     | 0.5169     | 1.1657       | 1.1859       | 0.1377     | 1.0176       | 1.0416       | 1.0829   |           
91     | 2.8617     | 0.4936     | 1.1758       | 1.1923       | 0.1146     | 1.0249       | 1.0355       | 1.0222   | (ADV -0.07)
92     | 2.8976     | 0.5206     | 1.1809       | 1.1961       | 0.1208     | 1.0631       | 1.0306       | 1.0251   |           
93     | 2.9267     | 0.5503     | 1.1844       | 1.1920       | 0.1280     | 1.0390       | 1.0405       | 1.0562   | (ADV -0.07)
94     | 2.8574     | 0.4969     | 1.1686       | 1.1919       | 0.1093     | 1.0484       | 1.0442       | 1.0574   | (ADV -0.06)
95     | 2.8778     | 0.5100     | 1.1763       | 1.1915       | 0.1161     | 1.0377       | 1.0360       | 1.1011   |           
96     | 2.8945     | 0.5191     | 1.1725       | 1.2029       | 0.1221     | 1.0388       | 1.0476       | 1.0714   |           
97     | 2.8591     | 0.4943     | 1.1687       | 1.1961       | 0.1220     | 1.0327       | 1.0437       | 1.0554   |           
98     | 2.8575     | 0.5018     | 1.1615       | 1.1942       | 0.1386     | 1.0230       | 1.0497       | 1.0175   |           
99     | 2.8521     | 0.4924     | 1.1548       | 1.2049       | 0.1114     | 1.0210       | 1.0450       | 1.0514   |           
100    | 2.8290     | 0.4855     | 1.1465       | 1.1970       | 0.1188     | 1.0102       | 1.0589       | 1.0096   |           
101    | 2.8609     | 0.4984     | 1.1572       | 1.2053       | 0.1145     | 1.0142       | 1.0575       | 0.9850   |           
102    | 2.8656     | 0.5093     | 1.1520       | 1.2043       | 0.1195     | 0.9880       | 1.0548       | 1.0551   |           
103    | 2.8561     | 0.5074     | 1.1393       | 1.2093       | 0.1225     | 0.9922       | 1.0436       | 1.0204   |           
104    | 2.9177     | 0.5441     | 1.1619       | 1.2117       | 0.1544     | 1.0044       | 1.0856       | 1.0279   |           
105    | 2.8662     | 0.5103     | 1.1493       | 1.2066       | 0.1293     | 1.0046       | 1.0581       | 1.0484   |           
106    | 2.9077     | 0.5439     | 1.1611       | 1.2027       | 0.1367     | 1.0040       | 1.0505       | 1.0942   |           
107    | 2.8187     | 0.4714     | 1.1515       | 1.1957       | 0.1301     | 0.9815       | 1.0429       | 1.0440   |           
108    | 2.7951     | 0.4691     | 1.1281       | 1.1979       | 0.1182     | 0.9780       | 1.0485       | 1.0465   |           
109    | 2.8633     | 0.5093     | 1.1431       | 1.2110       | 0.2165     | 1.0122       | 1.0946       | 1.0586   |           
110    | 2.8685     | 0.5068     | 1.1390       | 1.2227       | 0.1349     | 0.9811       | 1.0839       | 1.0287   |           
111    | 2.8839     | 0.5110     | 1.1489       | 1.2240       | 0.1382     | 0.9803       | 1.0724       | 1.0953   |           
112    | 2.9161     | 0.5495     | 1.1502       | 1.2164       | 0.1231     | 0.9866       | 1.0448       | 1.0748   |           
113    | 2.8549     | 0.4903     | 1.1562       | 1.2084       | 0.1288     | 1.0148       | 1.0747       | 1.0577   |           
114    | 2.8296     | 0.4790     | 1.1531       | 1.1975       | 0.1158     | 0.9964       | 1.0662       | 1.0468   |           
115    | 2.8922     | 0.5102     | 1.1656       | 1.2165       | 0.1256     | 1.0506       | 1.0604       | 1.1389   |           
116    | 2.9011     | 0.5290     | 1.1664       | 1.2057       | 0.1246     | 1.0412       | 1.0550       | 1.1485   |           
117    | 2.8801     | 0.4979     | 1.1864       | 1.1958       | 0.1110     | 1.0381       | 1.0630       | 1.1111   |           
118    | 2.8539     | 0.4972     | 1.1607       | 1.1960       | 0.1181     | 1.0679       | 1.0774       | 1.0751   | (ADV -0.06)
119    | 2.9304     | 0.5442     | 1.1718       | 1.2144       | 0.1361     | 1.0329       | 1.0730       | 1.1281   |           
120    | 2.8578     | 0.4978     | 1.1653       | 1.1947       | 0.1113     | 1.0310       | 1.0663       | 1.0062   |           
121    | 2.8318     | 0.4898     | 1.1518       | 1.1902       | 0.1105     | 1.0254       | 1.0620       | 1.0919   |           
122    | 2.8474     | 0.5004     | 1.1545       | 1.1926       | 0.1158     | 1.0305       | 1.0554       | 1.0123   |           
123    | 2.8338     | 0.4977     | 1.1518       | 1.1843       | 0.1179     | 1.0203       | 1.0484       | 1.1010   |           
124    | 2.9122     | 0.5441     | 1.1792       | 1.1889       | 0.1138     | 1.0341       | 1.0479       | 1.0622   |           
125    | 2.8701     | 0.5071     | 1.1671       | 1.1959       | 0.0989     | 1.0118       | 1.0781       | 1.1749   |           
126    | 2.8640     | 0.5200     | 1.1580       | 1.1860       | 0.1188     | 1.0058       | 1.0681       | 1.0734   |           
127    | 2.8745     | 0.5135     | 1.1562       | 1.2048       | 0.1246     | 1.0230       | 1.0626       | 1.0780   |           
128    | 2.8060     | 0.4718     | 1.1461       | 1.1882       | 0.1114     | 1.0145       | 1.0594       | 1.0910   |           
129    | 2.8147     | 0.4821     | 1.1469       | 1.1857       | 0.1155     | 1.0089       | 1.0443       | 1.0087   |           
130    | 2.8643     | 0.5003     | 1.1682       | 1.1958       | 0.1054     | 1.0169       | 1.0571       | 1.1817   |           
131    | 2.8571     | 0.5043     | 1.1615       | 1.1912       | 0.1141     | 1.0061       | 1.0653       | 1.0959   |           
132    | 2.8572     | 0.4895     | 1.1663       | 1.2014       | 0.1164     | 1.0217       | 1.0696       | 1.1692   |           
133    | 2.8412     | 0.4833     | 1.1584       | 1.1994       | 0.1139     | 1.0622       | 1.0980       | 1.2271   |           
134    | 2.8441     | 0.4754     | 1.1749       | 1.1938       | 0.1008     | 1.0483       | 1.0703       | 1.2399   |           
135    | 2.8957     | 0.5101     | 1.1804       | 1.2052       | 0.1165     | 1.0376       | 1.1244       | 1.1698   |           
136    | 2.8589     | 0.4651     | 1.1739       | 1.2199       | 0.1083     | 1.0452       | 1.0864       | 1.1566   |           
137    | 2.8708     | 0.4746     | 1.1721       | 1.2241       | 0.1197     | 1.0296       | 1.1028       | 1.1547   |           
138    | 2.9013     | 0.5054     | 1.1818       | 1.2141       | 0.1119     | 1.0155       | 1.0756       | 1.1474   |           
139    | 2.9136     | 0.5110     | 1.1838       | 1.2187       | 0.1191     | 1.0325       | 1.0808       | 1.1354   |           
140    | 2.8685     | 0.4818     | 1.1685       | 1.2182       | 0.1138     | 1.0158       | 1.0977       | 1.2028   |           
141    | 2.8652     | 0.4743     | 1.1778       | 1.2130       | 0.1277     | 1.0342       | 1.0883       | 1.1720   |           
142    | 2.8365     | 0.4647     | 1.1687       | 1.2032       | 0.1173     | 1.0517       | 1.0961       | 1.0914   |           
143    | 2.8942     | 0.5053     | 1.1847       | 1.2042       | 0.1069     | 1.0552       | 1.0625       | 1.0613   | (ADV -0.06)
144    | 2.8475     | 0.4645     | 1.1747       | 1.2083       | 0.0973     | 1.0393       | 1.0781       | 1.0666   |           
145    | 2.8800     | 0.4885     | 1.1776       | 1.2140       | 0.1109     | 1.0561       | 1.0895       | 1.0719   |           
146    | 2.7977     | 0.4347     | 1.1700       | 1.1930       | 0.0958     | 1.0497       | 1.1101       | 1.1052   |           
147    | 2.8688     | 0.4778     | 1.1659       | 1.2252       | 0.1098     | 1.0493       | 1.0903       | 1.0934   |           
148    | 2.8953     | 0.5080     | 1.1728       | 1.2145       | 0.1301     | 1.0694       | 1.1228       | 1.1005   |           
149    | 2.8669     | 0.4763     | 1.1706       | 1.2200       | 0.1187     | 1.0416       | 1.0949       | 1.0429   |           
150    | 2.8578     | 0.4916     | 1.1603       | 1.2060       | 0.1104     | 1.0474       | 1.1084       | 1.1188   |           
151    | 2.8396     | 0.4576     | 1.1612       | 1.2209       | 0.1051     | 1.0373       | 1.1037       | 1.1749   |           
152    | 2.8934     | 0.4899     | 1.1787       | 1.2248       | 0.1199     | 1.0179       | 1.0975       | 1.1702   |           
153    | 2.8539     | 0.4597     | 1.1754       | 1.2189       | 0.1471     | 1.0556       | 1.1181       | 1.1478   |           
154    | 2.8476     | 0.4598     | 1.1718       | 1.2160       | 0.1060     | 1.0549       | 1.1251       | 1.0719   |           
155    | 2.8699     | 0.4781     | 1.1735       | 1.2182       | 0.1042     | 1.0229       | 1.0919       | 1.0459   |           
156    | 2.8459     | 0.4529     | 1.1742       | 1.2189       | 0.0984     | 1.0527       | 1.1082       | 1.0425   |           
157    | 2.8933     | 0.4797     | 1.1860       | 1.2277       | 0.0986     | 1.0503       | 1.1097       | 1.1073   |           
158    | 2.8552     | 0.4501     | 1.1826       | 1.2225       | 0.1065     | 1.0521       | 1.1214       | 1.2067   |           
159    | 2.8781     | 0.4774     | 1.1841       | 1.2166       | 0.1051     | 1.0701       | 1.1245       | 1.0759   |           
160    | 2.8360     | 0.4286     | 1.1828       | 1.2247       | 0.1272     | 1.0893       | 1.1284       | 1.0417   |           
161    | 2.8797     | 0.4604     | 1.1928       | 1.2265       | 0.1354     | 1.0797       | 1.1411       | 1.0845   |           
162    | 2.8706     | 0.4571     | 1.1833       | 1.2302       | 0.1058     | 1.0790       | 1.1403       | 1.0832   |           
163    | 2.9510     | 0.5085     | 1.1964       | 1.2461       | 0.1130     | 1.0697       | 1.1416       | 1.0625   |           
164    | 2.8834     | 0.4664     | 1.1870       | 1.2300       | 0.1175     | 1.0928       | 1.1344       | 1.0617   |           
165    | 2.8833     | 0.4670     | 1.1832       | 1.2331       | 0.1214     | 1.0691       | 1.1501       | 1.1912   |           
166    | 2.8644     | 0.4411     | 1.1860       | 1.2373       | 0.1317     | 1.1050       | 1.1404       | 1.1532   |           
167    | 2.8727     | 0.4527     | 1.1836       | 1.2365       | 0.1148     | 1.1113       | 1.1657       | 1.1586   |           
168    | 2.8880     | 0.4585     | 1.1817       | 1.2479       | 0.1177     | 1.0992       | 1.1604       | 1.2255   |           
169    | 2.9259     | 0.4766     | 1.1981       | 1.2511       | 0.1273     | 1.1104       | 1.1667       | 1.2419   |           
170    | 2.9512     | 0.5022     | 1.1987       | 1.2503       | 0.1148     | 1.1062       | 1.1756       | 1.2761   |           
171    | 2.8502     | 0.4214     | 1.1914       | 1.2374       | 0.1054     | 1.1071       | 1.1632       | 1.2089   | (ADV -0.06)
172    | 2.8808     | 0.4434     | 1.1928       | 1.2446       | 0.0976     | 1.0878       | 1.1612       | 1.2034   |           
173    | 2.8973     | 0.4532     | 1.1938       | 1.2504       | 0.1184     | 1.0958       | 1.1576       | 1.2471   |           
174    | 2.9134     | 0.4580     | 1.1927       | 1.2627       | 0.1220     | 1.1015       | 1.1695       | 1.1629   |           
175    | 2.9462     | 0.4906     | 1.2017       | 1.2539       | 0.1368     | 1.1296       | 1.1651       | 1.1207   |           
176    | 2.9135     | 0.4476     | 1.2076       | 1.2583       | 0.1017     | 1.1089       | 1.1590       | 1.1642   | (ADV -0.06)
177    | 2.9211     | 0.4594     | 1.1975       | 1.2642       | 0.1052     | 1.1335       | 1.1842       | 1.1762   | (ADV -0.05)
178    | 2.9250     | 0.4464     | 1.2110       | 1.2676       | 0.0998     | 1.1303       | 1.1732       | 1.2277   | (ADV -0.05)
179    | 2.9735     | 0.4801     | 1.2268       | 1.2666       | 0.1106     | 1.1307       | 1.1716       | 1.2542   |           
180    | 2.9675     | 0.4736     | 1.2261       | 1.2678       | 0.1108     | 1.1652       | 1.1606       | 1.2206   | (ADV -0.04)
181    | 2.9474     | 0.4680     | 1.2252       | 1.2541       | 0.1030     | 1.1438       | 1.1641       | 1.2854   |           
182    | 2.9446     | 0.4638     | 1.2196       | 1.2611       | 0.1130     | 1.1472       | 1.1746       | 1.1995   |           
183    | 2.9389     | 0.4489     | 1.2270       | 1.2630       | 0.1281     | 1.1489       | 1.1617       | 1.2836   |           
184    | 2.9759     | 0.4953     | 1.2214       | 1.2592       | 0.1238     | 1.1355       | 1.1719       | 1.1989   |           
185    | 2.9861     | 0.4915     | 1.2295       | 1.2651       | 0.1481     | 1.1815       | 1.1866       | 1.1772   |           
186    | 2.9486     | 0.4626     | 1.2173       | 1.2687       | 0.1128     | 1.1450       | 1.1743       | 1.1894   |           
187    | 2.9595     | 0.4588     | 1.2297       | 1.2710       | 0.0981     | 1.1347       | 1.1806       | 1.1764   |           
188    | 2.9335     | 0.4292     | 1.2339       | 1.2704       | 0.1014     | 1.1641       | 1.1776       | 1.2001   | (ADV -0.04)
189    | 2.9907     | 0.4876     | 1.2358       | 1.2673       | 0.1157     | 1.1369       | 1.1739       | 1.1376   |           
190    | 2.9230     | 0.4346     | 1.2256       | 1.2628       | 0.1293     | 1.1633       | 1.1824       | 1.1045   |           
191    | 2.9671     | 0.4668     | 1.2331       | 1.2671       | 0.1184     | 1.1556       | 1.1735       | 1.0647   |           
192    | 2.9463     | 0.4477     | 1.2332       | 1.2654       | 0.1033     | 1.1677       | 1.1875       | 1.1371   |           
193    | 2.9382     | 0.4488     | 1.2333       | 1.2561       | 0.1156     | 1.1504       | 1.1821       | 1.0893   |           
194    | 2.9216     | 0.4354     | 1.2227       | 1.2635       | 0.0973     | 1.1416       | 1.1730       | 1.1840   |           
195    | 2.8979     | 0.4140     | 1.2226       | 1.2613       | 0.1171     | 1.1444       | 1.1949       | 1.2034   |           
196    | 2.9121     | 0.4235     | 1.2284       | 1.2602       | 0.1036     | 1.1618       | 1.1767       | 1.2100   |           
197    | 2.9361     | 0.4396     | 1.2376       | 1.2589       | 0.1239     | 1.1659       | 1.1765       | 1.1534   |           
198    | 2.9675     | 0.4582     | 1.2490       | 1.2603       | 0.1319     | 1.1696       | 1.1761       | 1.1799   |           
199    | 2.9269     | 0.4292     | 1.2382       | 1.2595       | 0.1082     | 1.1708       | 1.1790       | 1.1142   | (ADV -0.04)
200    | 2.9498     | 0.4542     | 1.2390       | 1.2566       | 0.1118     | 1.1648       | 1.1862       | 1.1012   |           
201    | 2.9560     | 0.4478     | 1.2404       | 1.2678       | 0.1049     | 1.1579       | 1.1919       | 1.1795   |           
202    | 2.9285     | 0.4289     | 1.2401       | 1.2595       | 0.1167     | 1.1580       | 1.1844       | 1.1589   |           
203    | 2.9308     | 0.4183     | 1.2451       | 1.2674       | 0.1074     | 1.1697       | 1.1915       | 1.0872   |           
204    | 2.8975     | 0.3913     | 1.2477       | 1.2585       | 0.1010     | 1.1452       | 1.1830       | 1.1249   |           
205    | 2.9761     | 0.4756     | 1.2375       | 1.2631       | 0.1061     | 1.1537       | 1.1889       | 1.1751   |           
206    | 2.9820     | 0.4622     | 1.2450       | 1.2748       | 0.1115     | 1.1482       | 1.1816       | 1.1098   |           
207    | 2.9407     | 0.4373     | 1.2377       | 1.2658       | 0.1108     | 1.1632       | 1.1748       | 1.1872   |           
208    | 2.9463     | 0.4362     | 1.2422       | 1.2679       | 0.0928     | 1.1583       | 1.1932       | 1.1592   |           
209    | 2.9128     | 0.4036     | 1.2485       | 1.2608       | 0.1012     | 1.1648       | 1.2007       | 1.1275   |           
210    | 2.9543     | 0.4316     | 1.2510       | 1.2717       | 0.0951     | 1.1657       | 1.2039       | 1.1871   |           
211    | 2.9479     | 0.4212     | 1.2536       | 1.2730       | 0.1068     | 1.1932       | 1.2055       | 1.2466   | (ADV -0.04)
212    | 2.9501     | 0.4223     | 1.2535       | 1.2743       | 0.0992     | 1.1728       | 1.2036       | 1.2071   |           
213    | 2.9448     | 0.4186     | 1.2485       | 1.2778       | 0.1002     | 1.1908       | 1.2116       | 1.2338   |           
214    | 3.0160     | 0.4667     | 1.2589       | 1.2904       | 0.1050     | 1.1881       | 1.2140       | 1.2153   |           
215    | 2.9962     | 0.4526     | 1.2622       | 1.2813       | 0.0878     | 1.1764       | 1.1982       | 1.2040   | (ADV -0.04)
216    | 2.9400     | 0.4154     | 1.2472       | 1.2774       | 0.1006     | 1.1875       | 1.2082       | 1.2581   |           
217    | 2.9639     | 0.4239     | 1.2622       | 1.2779       | 0.0952     | 1.1814       | 1.1977       | 1.1078   |           
218    | 2.9307     | 0.4046     | 1.2554       | 1.2707       | 0.1084     | 1.1908       | 1.1991       | 1.1795   |           
219    | 2.9846     | 0.4259     | 1.2683       | 1.2905       | 0.1159     | 1.2085       | 1.2180       | 1.2190   | (ADV -0.03)
220    | 2.9609     | 0.4108     | 1.2668       | 1.2833       | 0.0945     | 1.1968       | 1.2034       | 1.2115   | (ADV -0.03)
221    | 2.9632     | 0.4150     | 1.2649       | 1.2833       | 0.1018     | 1.2067       | 1.1975       | 1.2019   |           
222    | 2.9451     | 0.4028     | 1.2640       | 1.2784       | 0.0947     | 1.1967       | 1.1943       | 1.1595   | (ADV -0.03)
223    | 2.9858     | 0.4267     | 1.2733       | 1.2857       | 0.0954     | 1.2169       | 1.2091       | 1.1319   | (ADV -0.03)
224    | 2.9960     | 0.4405     | 1.2691       | 1.2864       | 0.0847     | 1.2170       | 1.1976       | 1.1439   |           
225    | 2.9361     | 0.3839     | 1.2795       | 1.2727       | 0.0860     | 1.2102       | 1.2037       | 1.0668   | (ADV -0.03)
226    | 2.9631     | 0.4130     | 1.2706       | 1.2795       | 0.1059     | 1.2162       | 1.2099       | 1.1623   |           
227    | 2.9768     | 0.4212     | 1.2677       | 1.2880       | 0.0896     | 1.2270       | 1.2123       | 1.1010   |           
228    | 2.9540     | 0.4008     | 1.2712       | 1.2819       | 0.0994     | 1.2196       | 1.2134       | 1.1027   |           
229    | 3.0009     | 0.4427     | 1.2692       | 1.2890       | 0.0917     | 1.2127       | 1.2094       | 1.1564   | (ADV -0.03)
230    | 2.9827     | 0.4234     | 1.2709       | 1.2884       | 0.0904     | 1.2121       | 1.2085       | 1.1323   | (ADV -0.03)
231    | 2.9559     | 0.4023     | 1.2705       | 1.2830       | 0.0854     | 1.2312       | 1.2169       | 1.0600   | (ADV -0.03)
232    | 2.9858     | 0.4283     | 1.2714       | 1.2861       | 0.0973     | 1.2218       | 1.2273       | 1.1152   |           
233    | 2.9690     | 0.4095     | 1.2726       | 1.2869       | 0.0909     | 1.2325       | 1.2290       | 1.1839   | (ADV -0.02)
234    | 2.9737     | 0.4025     | 1.2767       | 1.2946       | 0.1010     | 1.2292       | 1.2247       | 1.0505   |           
235    | 3.0074     | 0.4430     | 1.2746       | 1.2898       | 0.0857     | 1.2184       | 1.2275       | 1.0510   |           
236    | 2.9741     | 0.4078     | 1.2725       | 1.2938       | 0.0994     | 1.2270       | 1.2400       | 1.1964   |           
237    | 2.9845     | 0.4077     | 1.2789       | 1.2979       | 0.0865     | 1.2253       | 1.2362       | 1.0691   |           
238    | 2.9581     | 0.3827     | 1.2813       | 1.2941       | 0.1001     | 1.2410       | 1.2357       | 1.0844   |           
239    | 2.9826     | 0.3943     | 1.2835       | 1.3048       | 0.0969     | 1.2622       | 1.2422       | 1.0823   |           
240    | 3.0077     | 0.4164     | 1.2881       | 1.3031       | 0.0978     | 1.2328       | 1.2457       | 1.1348   |           
241    | 2.9881     | 0.4043     | 1.2822       | 1.3017       | 0.0903     | 1.2314       | 1.2415       | 1.1070   |           
242    | 2.9439     | 0.3660     | 1.2798       | 1.2981       | 0.1080     | 1.2381       | 1.2449       | 1.1020   |           
243    | 2.9669     | 0.3758     | 1.2828       | 1.3082       | 0.0808     | 1.2442       | 1.2597       | 1.0690   | (ADV -0.02)
244    | 2.9750     | 0.3866     | 1.2861       | 1.3023       | 0.0945     | 1.2395       | 1.2438       | 1.1819   |           
245    | 3.0115     | 0.4247     | 1.2820       | 1.3048       | 0.1044     | 1.2450       | 1.2565       | 1.1599   |           
246    | 2.9918     | 0.3998     | 1.2862       | 1.3057       | 0.0862     | 1.2374       | 1.2455       | 1.0364   |           
247    | 2.9836     | 0.3913     | 1.2839       | 1.3084       | 0.1079     | 1.2394       | 1.2592       | 1.1195   |           
248    | 2.9796     | 0.3829     | 1.2857       | 1.3110       | 0.1044     | 1.2482       | 1.2682       | 1.1826   |           
249    | 2.9931     | 0.4000     | 1.2818       | 1.3113       | 0.0926     | 1.2625       | 1.2633       | 1.1878   | (ADV -0.02)
250    | 2.9684     | 0.3604     | 1.2944       | 1.3136       | 0.0825     | 1.2565       | 1.2603       | 1.1378   | (ADV -0.01)
251    | 2.9991     | 0.3980     | 1.2903       | 1.3108       | 0.0812     | 1.2479       | 1.2632       | 1.1898   |           
252    | 2.9682     | 0.3728     | 1.2890       | 1.3064       | 0.0947     | 1.2536       | 1.2638       | 1.2046   |           
253    | 2.9808     | 0.3745     | 1.2913       | 1.3150       | 0.0962     | 1.2546       | 1.2632       | 1.2059   |           
254    | 2.9763     | 0.3765     | 1.2911       | 1.3087       | 0.1010     | 1.2722       | 1.2734       | 1.0495   |           
255    | 3.0133     | 0.4018     | 1.3015       | 1.3100       | 0.0934     | 1.2638       | 1.2567       | 1.0808   |           
256    | 3.0029     | 0.4161     | 1.2880       | 1.2988       | 0.0792     | 1.2648       | 1.2643       | 1.1777   | (ADV -0.01)
257    | 2.9871     | 0.3810     | 1.3002       | 1.3058       | 0.0888     | 1.2704       | 1.2701       | 1.1624   |           
258    | 2.9648     | 0.3615     | 1.2959       | 1.3074       | 0.0846     | 1.2675       | 1.2656       | 1.1747   |           
259    | 2.9562     | 0.3522     | 1.2989       | 1.3052       | 0.0829     | 1.2547       | 1.2731       | 1.1303   |           
260    | 2.9592     | 0.3504     | 1.2996       | 1.3092       | 0.0842     | 1.2601       | 1.2655       | 1.0660   |           
261    | 2.9400     | 0.3375     | 1.2961       | 1.3064       | 0.0868     | 1.2561       | 1.2652       | 1.1257   |           
262    | 2.9819     | 0.3677     | 1.2999       | 1.3143       | 0.0734     | 1.2699       | 1.2630       | 1.1168   | (ADV -0.01)
263    | 2.9987     | 0.3971     | 1.2920       | 1.3095       | 0.0884     | 1.2705       | 1.2640       | 1.1075   |           
264    | 2.9784     | 0.3637     | 1.2959       | 1.3188       | 0.1001     | 1.2622       | 1.2755       | 1.0733   |           
265    | 2.9889     | 0.3699     | 1.3016       | 1.3174       | 0.0901     | 1.2706       | 1.2710       | 1.0543   |           
266    | 2.9917     | 0.3829     | 1.2995       | 1.3093       | 0.0980     | 1.2763       | 1.2702       | 1.0636   |           
267    | 3.0166     | 0.3972     | 1.3003       | 1.3191       | 0.0831     | 1.2683       | 1.2734       | 1.0655   |           
268    | 3.0089     | 0.3875     | 1.3022       | 1.3192       | 0.0875     | 1.2831       | 1.2826       | 1.0404   | (ADV -0.01)
269    | 2.9989     | 0.3775     | 1.3033       | 1.3182       | 0.0954     | 1.2850       | 1.2858       | 1.0865   |           
270    | 2.9921     | 0.3641     | 1.3057       | 1.3224       | 0.0827     | 1.2787       | 1.2807       | 1.0801   | (ADV -0.01)
271    | 2.9626     | 0.3433     | 1.2992       | 1.3200       | 0.0860     | 1.2814       | 1.2866       | 1.1260   |           
272    | 2.9806     | 0.3548     | 1.3049       | 1.3209       | 0.0965     | 1.2782       | 1.2877       | 1.0535   |           
273    | 3.0371     | 0.4081     | 1.3034       | 1.3257       | 0.0747     | 1.2780       | 1.2800       | 1.1007   | (ADV -0.01)
274    | 2.9818     | 0.3598     | 1.3000       | 1.3220       | 0.0838     | 1.2668       | 1.2775       | 1.1535   |           
275    | 3.0178     | 0.3984     | 1.2998       | 1.3196       | 0.0976     | 1.2743       | 1.2840       | 1.0676   |           
276    | 2.9690     | 0.3509     | 1.3032       | 1.3148       | 0.0960     | 1.2819       | 1.2784       | 1.0938   |           
277    | 2.9773     | 0.3544     | 1.3054       | 1.3175       | 0.1011     | 1.2853       | 1.2801       | 1.0440   |           
278    | 2.9990     | 0.3726     | 1.3056       | 1.3208       | 0.0932     | 1.2829       | 1.2926       | 1.1266   |           
279    | 2.9896     | 0.3667     | 1.3024       | 1.3205       | 0.0929     | 1.2832       | 1.2801       | 1.2244   |           
280    | 2.9999     | 0.3666     | 1.3070       | 1.3262       | 0.0958     | 1.2757       | 1.2862       | 1.1914   |           
281    | 2.9755     | 0.3529     | 1.3017       | 1.3208       | 0.0977     | 1.2767       | 1.2869       | 1.2091   |           
282    | 2.9525     | 0.3271     | 1.3018       | 1.3236       | 0.1042     | 1.2956       | 1.2969       | 1.1630   |           
283    | 2.9822     | 0.3427     | 1.3117       | 1.3278       | 0.1057     | 1.2943       | 1.2891       | 1.1924   |           
284    | 2.9861     | 0.3485     | 1.3128       | 1.3248       | 0.1170     | 1.2971       | 1.2926       | 1.2517   |           
285    | 3.0106     | 0.3704     | 1.3137       | 1.3265       | 0.0868     | 1.2923       | 1.2828       | 1.2055   |           
286    | 2.9516     | 0.3166     | 1.3135       | 1.3216       | 0.0900     | 1.2924       | 1.2937       | 1.2232   |           
287    | 3.0081     | 0.3729     | 1.3132       | 1.3220       | 0.1003     | 1.2837       | 1.2923       | 1.0892   |           
288    | 2.9778     | 0.3456     | 1.3076       | 1.3246       | 0.0818     | 1.2896       | 1.2840       | 1.1627   |           
289    | 2.9732     | 0.3312     | 1.3164       | 1.3256       | 0.0951     | 1.2846       | 1.2916       | 1.2079   |           
290    | 2.9695     | 0.3364     | 1.3111       | 1.3220       | 0.0923     | 1.2897       | 1.2881       | 1.0602   |           
291    | 2.9863     | 0.3488     | 1.3123       | 1.3252       | 0.0966     | 1.2870       | 1.2972       | 1.0823   |           
292    | 3.0024     | 0.3675     | 1.3132       | 1.3217       | 0.0809     | 1.2804       | 1.2926       | 1.0440   |           
293    | 2.9942     | 0.3661     | 1.3106       | 1.3175       | 0.0906     | 1.2879       | 1.2876       | 1.0378   |           
294    | 2.9707     | 0.3401     | 1.3084       | 1.3222       | 0.0875     | 1.2857       | 1.2784       | 1.1645   |           
295    | 2.9878     | 0.3556     | 1.3112       | 1.3210       | 0.0777     | 1.2920       | 1.2871       | 1.1782   | (ADV -0.01)
296    | 2.9880     | 0.3570     | 1.3109       | 1.3202       | 0.0998     | 1.3026       | 1.2982       | 1.0712   |           
297    | 2.9910     | 0.3545     | 1.3138       | 1.3227       | 0.0871     | 1.2836       | 1.2904       | 1.0795   |           
298    | 2.9869     | 0.3511     | 1.3121       | 1.3237       | 0.0782     | 1.2867       | 1.2889       | 1.0402   | (ADV -0.01)
299    | 2.9828     | 0.3486     | 1.3119       | 1.3223       | 0.0848     | 1.2875       | 1.2937       | 1.1358   |           
300    | 2.9610     | 0.3273     | 1.3089       | 1.3248       | 0.1071     | 1.2919       | 1.2943       | 1.0730   |           
301    | 2.9700     | 0.3247     | 1.3199       | 1.3254       | 0.0808     | 1.2973       | 1.2962       | 1.0163   | (ADV -0.01)
302    | 2.9590     | 0.3129     | 1.3164       | 1.3297       | 0.0845     | 1.3006       | 1.2888       | 1.0866   |           
303    | 3.0026     | 0.3623     | 1.3137       | 1.3266       | 0.0866     | 1.3056       | 1.2978       | 1.1246   |           
304    | 2.9919     | 0.3508     | 1.3179       | 1.3232       | 0.0747     | 1.2982       | 1.2883       | 1.0551   |           
305    | 3.0089     | 0.3623     | 1.3183       | 1.3282       | 0.0868     | 1.2944       | 1.2920       | 1.0191   |           
306    | 2.9569     | 0.3221     | 1.3129       | 1.3219       | 0.1003     | 1.2907       | 1.2937       | 1.1120   |           
307    | 2.9759     | 0.3374     | 1.3139       | 1.3246       | 0.0737     | 1.2923       | 1.3027       | 1.0901   |           
308    | 3.0056     | 0.3612     | 1.3170       | 1.3274       | 0.0834     | 1.2974       | 1.2976       | 1.0838   |           
309    | 2.9595     | 0.3231     | 1.3097       | 1.3267       | 0.0860     | 1.2916       | 1.2918       | 1.0963   |           
310    | 2.9743     | 0.3462     | 1.3073       | 1.3208       | 0.0885     | 1.2831       | 1.2916       | 1.2417   |           
311    | 2.9574     | 0.3227     | 1.3104       | 1.3243       | 0.1047     | 1.2871       | 1.2963       | 1.0906   |           
312    | 2.9815     | 0.3418     | 1.3128       | 1.3269       | 0.0946     | 1.2879       | 1.2945       | 1.0809   |           
313    | 2.9809     | 0.3390     | 1.3161       | 1.3258       | 0.0837     | 1.2868       | 1.2979       | 1.1539   |           
314    | 2.9845     | 0.3441     | 1.3181       | 1.3223       | 0.0758     | 1.2959       | 1.2920       | 1.0724   | (ADV -0.01)
315    | 2.9391     | 0.3027     | 1.3139       | 1.3225       | 0.0848     | 1.2897       | 1.2911       | 1.1696   |           
316    | 2.9834     | 0.3441     | 1.3148       | 1.3246       | 0.0798     | 1.2895       | 1.2949       | 1.0393   |           
317    | 2.9862     | 0.3469     | 1.3141       | 1.3253       | 0.0781     | 1.3027       | 1.2956       | 1.1096   |           
318    | 2.9961     | 0.3547     | 1.3185       | 1.3228       | 0.0846     | 1.2947       | 1.2895       | 1.0415   |           
319    | 2.9282     | 0.2897     | 1.3177       | 1.3208       | 0.0775     | 1.3034       | 1.3003       | 1.0606   | (ADV -0.00)
320    | 2.9682     | 0.3243     | 1.3215       | 1.3224       | 0.0685     | 1.3091       | 1.2967       | 1.0751   | (ADV -0.00)
321    | 2.9841     | 0.3434     | 1.3154       | 1.3253       | 0.1030     | 1.2931       | 1.3034       | 1.1482   |           
322    | 2.9823     | 0.3424     | 1.3147       | 1.3252       | 0.1026     | 1.2981       | 1.3009       | 1.1547   |           
323    | 2.9861     | 0.3386     | 1.3161       | 1.3314       | 0.0796     | 1.3067       | 1.3030       | 0.9995   |           
324    | 2.9779     | 0.3295     | 1.3233       | 1.3251       | 0.0835     | 1.3109       | 1.3013       | 0.9680   |           
325    | 2.9648     | 0.3153     | 1.3220       | 1.3275       | 0.0924     | 1.3090       | 1.3000       | 1.0160   |           
326    | 2.9838     | 0.3329     | 1.3233       | 1.3277       | 0.0893     | 1.3037       | 1.3036       | 1.1011   |           
327    | 3.0038     | 0.3595     | 1.3204       | 1.3239       | 0.0906     | 1.3083       | 1.2957       | 1.0431   |           
328    | 2.9727     | 0.3236     | 1.3231       | 1.3260       | 0.0771     | 1.3105       | 1.2951       | 1.0731   |           
329    | 2.9777     | 0.3317     | 1.3245       | 1.3215       | 0.0705     | 1.3092       | 1.2977       | 0.9945   |           
330    | 2.9669     | 0.3168     | 1.3249       | 1.3253       | 0.0826     | 1.3127       | 1.2961       | 1.0944   |           
331    | 2.9675     | 0.3174     | 1.3285       | 1.3215       | 0.0899     | 1.3087       | 1.3025       | 1.0765   |           
332    | 2.9492     | 0.2982     | 1.3288       | 1.3222       | 0.0740     | 1.3124       | 1.3030       | 1.0826   | (ADV -0.00)
333    | 2.9942     | 0.3391     | 1.3298       | 1.3254       | 0.0873     | 1.3195       | 1.3008       | 1.1708   |           
334    | 2.9710     | 0.3147     | 1.3313       | 1.3250       | 0.0909     | 1.3161       | 1.3054       | 1.0839   |           
335    | 2.9855     | 0.3275     | 1.3279       | 1.3301       | 0.1141     | 1.3068       | 1.3027       | 1.0389   |           
336    | 3.0118     | 0.3655     | 1.3228       | 1.3235       | 0.0861     | 1.3043       | 1.2897       | 0.9955   |           
337    | 2.9627     | 0.3113     | 1.3268       | 1.3246       | 0.1024     | 1.3176       | 1.3010       | 1.1218   |           
338    | 2.9414     | 0.2901     | 1.3256       | 1.3258       | 0.0800     | 1.3068       | 1.3025       | 1.0921   |           
339    | 2.9645     | 0.3160     | 1.3248       | 1.3237       | 0.0751     | 1.3063       | 1.2963       | 1.0578   |           
340    | 3.0016     | 0.3462     | 1.3255       | 1.3298       | 0.0807     | 1.3068       | 1.3038       | 0.9945   |           
341    | 2.9768     | 0.3234     | 1.3230       | 1.3304       | 0.0713     | 1.3086       | 1.3001       | 0.9920   | (ADV -0.00)
342    | 2.9708     | 0.3156     | 1.3262       | 1.3290       | 0.0978     | 1.2912       | 1.3000       | 1.0810   |           
343    | 2.9751     | 0.3216     | 1.3228       | 1.3307       | 0.0965     | 1.2988       | 1.3064       | 1.1122   |           
344    | 2.9343     | 0.2864     | 1.3207       | 1.3272       | 0.0932     | 1.3061       | 1.3084       | 1.1522   |           
345    | 2.9746     | 0.3235     | 1.3242       | 1.3268       | 0.0916     | 1.3031       | 1.3050       | 1.0919   |           
346    | 2.9898     | 0.3325     | 1.3258       | 1.3315       | 0.0762     | 1.3034       | 1.3110       | 1.1490   |           
347    | 2.9952     | 0.3491     | 1.3167       | 1.3294       | 0.0768     | 1.2900       | 1.3017       | 1.0746   |           
348    | 2.9646     | 0.3202     | 1.3149       | 1.3295       | 0.0930     | 1.3006       | 1.3101       | 1.0427   |           
349    | 2.9470     | 0.2956     | 1.3198       | 1.3316       | 0.0666     | 1.2975       | 1.3090       | 1.0268   | (ADV -0.00)
350    | 2.9865     | 0.3324     | 1.3186       | 1.3355       | 0.0764     | 1.2929       | 1.3105       | 1.0922   |           
351    | 3.0046     | 0.3540     | 1.3200       | 1.3307       | 0.0724     | 1.3018       | 1.3121       | 1.0115   |           
352    | 2.9845     | 0.3320     | 1.3240       | 1.3285       | 0.0943     | 1.3021       | 1.3134       | 1.0425   |           
353    | 2.9602     | 0.3113     | 1.3197       | 1.3292       | 0.0784     | 1.2964       | 1.3074       | 1.0063   |           
354    | 2.9426     | 0.2933     | 1.3199       | 1.3294       | 0.0768     | 1.2947       | 1.3066       | 1.0271   |           
355    | 2.9705     | 0.3182     | 1.3192       | 1.3332       | 0.0802     | 1.2975       | 1.3043       | 1.0380   |           
356    | 2.9511     | 0.3028     | 1.3195       | 1.3289       | 0.0822     | 1.2988       | 1.3089       | 1.0845   |           
357    | 2.9936     | 0.3389     | 1.3227       | 1.3320       | 0.0711     | 1.2912       | 1.2985       | 1.0702   |           
358    | 2.9635     | 0.3194     | 1.3200       | 1.3240       | 0.1018     | 1.2949       | 1.3010       | 1.0456   |           
359    | 2.9748     | 0.3216     | 1.3238       | 1.3294       | 0.0721     | 1.2978       | 1.3018       | 1.0567   |           
360    | 2.9442     | 0.2907     | 1.3253       | 1.3282       | 0.0754     | 1.3084       | 1.3115       | 0.9656   | (ADV -0.00)
361    | 2.9667     | 0.3114     | 1.3266       | 1.3288       | 0.1069     | 1.3002       | 1.3056       | 0.9898   |           
362    | 2.9813     | 0.3314     | 1.3207       | 1.3291       | 0.0785     | 1.2992       | 1.3021       | 1.0184   |           
363    | 3.0065     | 0.3510     | 1.3232       | 1.3322       | 0.0909     | 1.3016       | 1.3104       | 1.0019   |           
364    | 2.9573     | 0.3044     | 1.3220       | 1.3310       | 0.0718     | 1.2910       | 1.3165       | 0.9922   |           
365    | 2.9713     | 0.3195     | 1.3256       | 1.3262       | 0.0808     | 1.2989       | 1.3068       | 0.9841   |           
366    | 2.9833     | 0.3336     | 1.3247       | 1.3250       | 0.0736     | 1.2951       | 1.2946       | 1.0406   |           
367    | 2.9421     | 0.2967     | 1.3208       | 1.3246       | 0.0755     | 1.3005       | 1.3022       | 1.0721   |           
368    | 2.9734     | 0.3268     | 1.3199       | 1.3267       | 0.0808     | 1.2958       | 1.2998       | 1.0552   |           
369    | 2.9501     | 0.2995     | 1.3226       | 1.3281       | 0.1033     | 1.2999       | 1.3133       | 1.0732   |           
370    | 2.9544     | 0.2978     | 1.3238       | 1.3327       | 0.0621     | 1.2980       | 1.3014       | 1.0031   | (ADV 0.00)
371    | 2.9767     | 0.3279     | 1.3219       | 1.3269       | 0.1090     | 1.2908       | 1.3017       | 1.0734   |           
372    | 2.9638     | 0.3152     | 1.3210       | 1.3276       | 0.0938     | 1.2971       | 1.3026       | 1.1179   |           
373    | 2.9295     | 0.2806     | 1.3197       | 1.3292       | 0.0808     | 1.2927       | 1.3006       | 1.0309   |           
374    | 2.9310     | 0.2818     | 1.3225       | 1.3267       | 0.0657     | 1.2994       | 1.3110       | 1.0464   |           
375    | 2.9943     | 0.3378     | 1.3220       | 1.3344       | 0.0716     | 1.2844       | 1.2998       | 1.0647   |           
376    | 2.9387     | 0.2904     | 1.3200       | 1.3284       | 0.0872     | 1.3030       | 1.3146       | 1.1071   |           
377    | 2.9511     | 0.2976     | 1.3229       | 1.3307       | 0.0821     | 1.2989       | 1.3073       | 1.0618   |           
378    | 2.9859     | 0.3283     | 1.3215       | 1.3360       | 0.0695     | 1.2931       | 1.3104       | 1.0834   |           
379    | 2.9711     | 0.3180     | 1.3225       | 1.3306       | 0.0941     | 1.3000       | 1.3173       | 1.0224   |           
380    | 3.0006     | 0.3457     | 1.3190       | 1.3359       | 0.0966     | 1.2884       | 1.3119       | 1.0793   |           
381    | 2.9646     | 0.3147     | 1.3152       | 1.3348       | 0.0815     | 1.2840       | 1.3061       | 1.1262   |           
382    | 2.9786     | 0.3260     | 1.3149       | 1.3377       | 0.1021     | 1.2960       | 1.3226       | 0.9901   |           
383    | 2.9747     | 0.3172     | 1.3195       | 1.3380       | 0.0999     | 1.3020       | 1.3190       | 1.1410   |           
384    | 2.9537     | 0.3013     | 1.3198       | 1.3325       | 0.0883     | 1.3033       | 1.3152       | 0.9485   |           
385    | 2.9824     | 0.3312     | 1.3203       | 1.3309       | 0.1070     | 1.2894       | 1.3182       | 1.0859   |           
386    | 2.9704     | 0.3164     | 1.3204       | 1.3335       | 0.0924     | 1.2984       | 1.3195       | 1.1236   |           
387    | 2.9325     | 0.2730     | 1.3235       | 1.3360       | 0.1052     | 1.2984       | 1.3155       | 1.0278   |           
388    | 2.9772     | 0.3221     | 1.3190       | 1.3360       | 0.0947     | 1.2931       | 1.3184       | 1.1587   |           
389    | 2.9934     | 0.3432     | 1.3170       | 1.3332       | 0.0826     | 1.2936       | 1.3068       | 1.0733   |           
390    | 2.9508     | 0.2932     | 1.3236       | 1.3340       | 0.0788     | 1.2994       | 1.3092       | 1.0922   |           
391    | 2.9755     | 0.3150     | 1.3214       | 1.3391       | 0.0876     | 1.3064       | 1.3120       | 1.1044   |           
392    | 2.9434     | 0.2886     | 1.3204       | 1.3343       | 0.0918     | 1.3012       | 1.3198       | 1.1014   |           
393    | 2.9909     | 0.3273     | 1.3267       | 1.3369       | 0.0972     | 1.3036       | 1.3223       | 1.1350   |           
394    | 2.9696     | 0.3125     | 1.3230       | 1.3340       | 0.0943     | 1.2998       | 1.3117       | 1.0636   |           
395    | 2.9650     | 0.3103     | 1.3191       | 1.3356       | 0.0854     | 1.3007       | 1.3132       | 1.0523   |           
396    | 2.9748     | 0.3161     | 1.3228       | 1.3360       | 0.0912     | 1.2996       | 1.3282       | 1.1413   |           
397    | 2.9788     | 0.3223     | 1.3236       | 1.3328       | 0.0984     | 1.2984       | 1.3054       | 1.1199   |           
398    | 2.9693     | 0.3182     | 1.3191       | 1.3320       | 0.0909     | 1.3053       | 1.3194       | 1.1133   |           
399    | 2.9696     | 0.3198     | 1.3174       | 1.3323       | 0.1268     | 1.2947       | 1.3227       | 1.0780   |           
400    | 2.9749     | 0.3235     | 1.3199       | 1.3315       | 0.0935     | 1.2982       | 1.3206       | 1.0416   |           
Seed 42 | Src Acc: 98.2653 | Src MDE: 0.0207 | Tgt Acc: 34.6939 | Tgt MDE: 1.0031
Start Training Seed 6767...

Start CDAN+E Training... (Entropy Conditioning Enabled)
Epoch  | Total Loss | Tr Cls     | Tr Dom RSSI  | Tr Dom RTT   | Val Cls    | Val RSSI Dls | Val RTT Dls  | Test MDE
------------------------------------------------------------------------------------------------------------------------
1      | 6.2651     | 3.4916     | 1.3867       | 1.3867       | 2.9541     | 1.3865       | 1.3856       | 2.1899   |           
2      | 5.6147     | 2.8436     | 1.3859       | 1.3852       | 2.4844     | 1.3854       | 1.3817       | 1.5032   |           
3      | 5.2026     | 2.4356     | 1.3850       | 1.3820       | 2.0451     | 1.3835       | 1.3772       | 1.3312   |           
4      | 4.9009     | 2.1380     | 1.3832       | 1.3797       | 1.7190     | 1.3806       | 1.3726       | 1.2619   |           
5      | 4.6157     | 1.8599     | 1.3801       | 1.3757       | 1.4364     | 1.3761       | 1.3671       | 1.1959   |           
6      | 4.3741     | 1.6278     | 1.3754       | 1.3709       | 1.2393     | 1.3716       | 1.3611       | 1.2273   |           
7      | 4.2270     | 1.4935     | 1.3688       | 1.3647       | 1.0299     | 1.3622       | 1.3517       | 1.1918   |           
8      | 4.0760     | 1.3543     | 1.3626       | 1.3591       | 0.8639     | 1.3516       | 1.3405       | 1.1764   |           
9      | 3.9516     | 1.2458     | 1.3528       | 1.3530       | 0.7413     | 1.3398       | 1.3298       | 1.1856   |           
10     | 3.8091     | 1.1209     | 1.3437       | 1.3445       | 0.6574     | 1.3273       | 1.3178       | 1.1781   |           
11     | 3.7421     | 1.0738     | 1.3331       | 1.3352       | 0.5955     | 1.3151       | 1.3090       | 1.1329   |           
12     | 3.6981     | 1.0365     | 1.3286       | 1.3331       | 0.5170     | 1.2955       | 1.2934       | 1.1087   |           
13     | 3.5952     | 0.9632     | 1.3109       | 1.3211       | 0.4326     | 1.2761       | 1.2795       | 1.1573   | (ADV -0.12)
14     | 3.4998     | 0.8954     | 1.2960       | 1.3085       | 0.4078     | 1.2603       | 1.2647       | 1.1326   | (ADV -0.11)
15     | 3.4398     | 0.8507     | 1.2864       | 1.3027       | 0.3817     | 1.2413       | 1.2552       | 1.1547   | (ADV -0.11)
16     | 3.4065     | 0.8397     | 1.2741       | 1.2927       | 0.3275     | 1.2245       | 1.2432       | 1.1452   | (ADV -0.10)
17     | 3.3344     | 0.7882     | 1.2616       | 1.2846       | 0.3027     | 1.2077       | 1.2280       | 1.1467   | (ADV -0.09)
18     | 3.3071     | 0.7825     | 1.2472       | 1.2774       | 0.3121     | 1.1906       | 1.2103       | 1.1301   |           
19     | 3.2335     | 0.7396     | 1.2355       | 1.2585       | 0.2631     | 1.1605       | 1.1903       | 1.1069   | (ADV -0.09)
20     | 3.1660     | 0.6995     | 1.2158       | 1.2507       | 0.2600     | 1.1502       | 1.1843       | 1.1582   |           
21     | 3.1194     | 0.6758     | 1.2038       | 1.2398       | 0.2477     | 1.1337       | 1.1721       | 1.1210   |           
22     | 3.0740     | 0.6603     | 1.1876       | 1.2261       | 0.2357     | 1.1111       | 1.1463       | 1.1180   |           
23     | 3.0409     | 0.6434     | 1.1782       | 1.2193       | 0.2350     | 1.0991       | 1.1417       | 1.1586   |           
24     | 3.0157     | 0.6294     | 1.1715       | 1.2148       | 0.2063     | 1.0703       | 1.1197       | 1.1503   |           
25     | 2.9616     | 0.6108     | 1.1507       | 1.2000       | 0.1986     | 1.0525       | 1.0986       | 1.1188   |           
26     | 2.9433     | 0.6017     | 1.1451       | 1.1964       | 0.1921     | 1.0416       | 1.0924       | 1.1768   |           
27     | 2.9093     | 0.5968     | 1.1303       | 1.1822       | 0.1733     | 1.0283       | 1.0753       | 1.1377   |           
28     | 2.8619     | 0.5730     | 1.1239       | 1.1649       | 0.1806     | 1.0093       | 1.0556       | 1.1236   |           
29     | 2.8663     | 0.5792     | 1.1240       | 1.1632       | 0.1768     | 0.9904       | 1.0422       | 1.0616   |           
30     | 2.8269     | 0.5437     | 1.1171       | 1.1662       | 0.1750     | 0.9846       | 1.0326       | 1.1079   |           
31     | 2.8107     | 0.5517     | 1.1056       | 1.1535       | 0.1572     | 0.9823       | 1.0198       | 1.0776   |           
32     | 2.7769     | 0.5335     | 1.0941       | 1.1494       | 0.1709     | 0.9529       | 1.0191       | 1.1443   |           
33     | 2.7736     | 0.5373     | 1.0955       | 1.1408       | 0.1601     | 0.9529       | 1.0089       | 1.0542   |           
34     | 2.7632     | 0.5269     | 1.0941       | 1.1423       | 0.1453     | 0.9359       | 0.9998       | 1.1004   |           
35     | 2.7588     | 0.5346     | 1.0927       | 1.1315       | 0.1355     | 0.9306       | 0.9921       | 1.1376   |           
36     | 2.7235     | 0.5136     | 1.0831       | 1.1267       | 0.1561     | 0.9386       | 0.9951       | 1.1018   |           
37     | 2.7392     | 0.5201     | 1.0906       | 1.1286       | 0.1274     | 0.9155       | 0.9863       | 1.1114   |           
38     | 2.7253     | 0.5227     | 1.0766       | 1.1259       | 0.1429     | 0.9007       | 0.9584       | 1.1362   |           
39     | 2.7308     | 0.5131     | 1.0887       | 1.1290       | 0.1405     | 0.9120       | 0.9619       | 1.1578   |           
40     | 2.7051     | 0.5118     | 1.0718       | 1.1215       | 0.1272     | 0.8908       | 0.9466       | 1.1489   |           
41     | 2.6649     | 0.4830     | 1.0655       | 1.1163       | 0.1457     | 0.9081       | 0.9568       | 1.0263   |           
42     | 2.7298     | 0.5038     | 1.0874       | 1.1386       | 0.1209     | 0.9014       | 0.9577       | 1.0894   |           
43     | 2.6456     | 0.4764     | 1.0647       | 1.1045       | 0.1258     | 0.9088       | 0.9590       | 1.1178   |           
44     | 2.6931     | 0.4915     | 1.0851       | 1.1164       | 0.1306     | 0.9169       | 0.9462       | 1.1421   |           
45     | 2.7196     | 0.5069     | 1.0934       | 1.1193       | 0.1261     | 0.8984       | 0.9369       | 1.1110   |           
46     | 2.6800     | 0.4950     | 1.0813       | 1.1037       | 0.1297     | 0.8880       | 0.9303       | 1.0753   |           
47     | 2.7052     | 0.5132     | 1.0820       | 1.1100       | 0.1334     | 0.9183       | 0.9419       | 1.1381   |           
48     | 2.6654     | 0.4707     | 1.0843       | 1.1104       | 0.1327     | 0.9151       | 0.9401       | 1.0597   |           
49     | 2.6963     | 0.4898     | 1.0959       | 1.1106       | 0.1135     | 0.9028       | 0.9376       | 1.1414   |           
50     | 2.7144     | 0.4891     | 1.1144       | 1.1109       | 0.1251     | 0.9353       | 0.9474       | 1.1592   |           
51     | 2.7381     | 0.5019     | 1.1140       | 1.1223       | 0.1437     | 0.9421       | 0.9596       | 1.1143   |           
52     | 2.7368     | 0.5038     | 1.1172       | 1.1158       | 0.1188     | 0.9277       | 0.9290       | 1.0881   | (ADV -0.09)
53     | 2.7254     | 0.5019     | 1.1147       | 1.1087       | 0.1262     | 0.9582       | 0.9462       | 1.0557   |           
54     | 2.7313     | 0.4868     | 1.1261       | 1.1184       | 0.1165     | 0.9250       | 0.9413       | 1.1137   |           
55     | 2.7827     | 0.5243     | 1.1295       | 1.1288       | 0.1120     | 0.9568       | 0.9537       | 1.1060   | (ADV -0.08)
56     | 2.7846     | 0.5077     | 1.1380       | 1.1389       | 0.1086     | 0.9369       | 0.9407       | 1.1587   |           
57     | 2.7285     | 0.4733     | 1.1204       | 1.1347       | 0.1168     | 0.9432       | 0.9479       | 1.1331   |           
58     | 2.8041     | 0.5201     | 1.1395       | 1.1445       | 0.1265     | 0.9473       | 0.9533       | 1.1276   |           
59     | 2.7447     | 0.4868     | 1.1141       | 1.1438       | 0.1270     | 0.9363       | 0.9553       | 1.1083   |           
60     | 2.7398     | 0.4912     | 1.1131       | 1.1355       | 0.1289     | 0.9683       | 0.9820       | 1.1160   |           
61     | 2.7873     | 0.5077     | 1.1338       | 1.1458       | 0.1279     | 0.9710       | 0.9573       | 1.1336   |           
62     | 2.7636     | 0.4924     | 1.1294       | 1.1418       | 0.1251     | 0.9731       | 0.9794       | 1.1381   |           
63     | 2.7803     | 0.5097     | 1.1268       | 1.1438       | 0.1236     | 0.9876       | 0.9756       | 1.1383   |           
64     | 2.7675     | 0.4826     | 1.1332       | 1.1517       | 0.1201     | 0.9821       | 0.9959       | 1.1013   | (ADV -0.08)
65     | 2.7841     | 0.4952     | 1.1294       | 1.1595       | 0.1224     | 0.9825       | 0.9972       | 1.1464   |           
66     | 2.7909     | 0.4985     | 1.1278       | 1.1646       | 0.1146     | 0.9840       | 1.0004       | 1.0858   | (ADV -0.08)
67     | 2.8225     | 0.5012     | 1.1354       | 1.1860       | 0.1295     | 0.9791       | 1.0059       | 1.0482   |           
68     | 2.7543     | 0.4484     | 1.1339       | 1.1721       | 0.1276     | 1.0007       | 1.0192       | 1.0438   |           
69     | 2.8208     | 0.4981     | 1.1360       | 1.1867       | 0.1095     | 0.9904       | 0.9828       | 1.1404   | (ADV -0.08)
70     | 2.7929     | 0.4786     | 1.1327       | 1.1816       | 0.1145     | 0.9810       | 0.9996       | 1.2050   |           
71     | 2.8398     | 0.5190     | 1.1382       | 1.1827       | 0.1217     | 0.9841       | 1.0068       | 1.1510   |           
72     | 2.8182     | 0.5179     | 1.1334       | 1.1669       | 0.1319     | 0.9865       | 1.0062       | 1.1403   |           
73     | 2.7443     | 0.4586     | 1.1119       | 1.1739       | 0.1362     | 0.9776       | 1.0198       | 1.1121   |           
74     | 2.8329     | 0.4979     | 1.1444       | 1.1906       | 0.1165     | 0.9810       | 0.9986       | 1.0269   |           
75     | 2.8236     | 0.5060     | 1.1288       | 1.1888       | 0.1172     | 0.9756       | 1.0181       | 1.0514   |           
76     | 2.8012     | 0.4813     | 1.1283       | 1.1917       | 0.1237     | 0.9658       | 1.0312       | 1.0059   |           
77     | 2.8319     | 0.5122     | 1.1347       | 1.1850       | 0.1164     | 0.9835       | 1.0336       | 1.0094   |           
78     | 2.8315     | 0.5069     | 1.1329       | 1.1918       | 0.1231     | 0.9979       | 1.0283       | 1.0190   |           
79     | 2.8444     | 0.5049     | 1.1395       | 1.2000       | 0.1166     | 0.9687       | 1.0217       | 1.0997   |           
80     | 2.8510     | 0.5090     | 1.1430       | 1.1991       | 0.1062     | 0.9986       | 1.0438       | 0.9971   |           
81     | 2.8095     | 0.4786     | 1.1370       | 1.1939       | 0.1133     | 0.9794       | 1.0442       | 0.9716   |           
82     | 2.8728     | 0.5361     | 1.1425       | 1.1942       | 0.1371     | 0.9962       | 1.0374       | 0.9791   |           
83     | 2.7637     | 0.4414     | 1.1270       | 1.1953       | 0.1256     | 0.9806       | 1.0571       | 1.0111   |           
84     | 2.8605     | 0.5207     | 1.1407       | 1.1991       | 0.1019     | 0.9758       | 1.0305       | 0.9875   |           
85     | 2.8288     | 0.4982     | 1.1302       | 1.2004       | 0.1087     | 0.9639       | 1.0253       | 1.0283   |           
86     | 2.7970     | 0.4881     | 1.1161       | 1.1929       | 0.1108     | 0.9581       | 1.0231       | 0.9845   |           
87     | 2.7806     | 0.4753     | 1.1212       | 1.1841       | 0.1092     | 0.9481       | 1.0246       | 0.9349   |           
88     | 2.8178     | 0.4951     | 1.1261       | 1.1966       | 0.1363     | 0.9592       | 1.0203       | 0.9290   |           
89     | 2.8699     | 0.5384     | 1.1413       | 1.1902       | 0.1138     | 0.9535       | 1.0137       | 0.9663   |           
90     | 2.8005     | 0.5038     | 1.1140       | 1.1827       | 0.1266     | 0.9722       | 1.0334       | 1.0227   |           
91     | 2.8293     | 0.4971     | 1.1411       | 1.1911       | 0.1075     | 0.9802       | 1.0350       | 1.0076   |           
92     | 2.7885     | 0.4633     | 1.1471       | 1.1781       | 0.1117     | 0.9767       | 1.0115       | 1.0075   |           
93     | 2.7915     | 0.5007     | 1.1206       | 1.1702       | 0.0985     | 0.9624       | 1.0129       | 0.9901   |           
94     | 2.7673     | 0.4800     | 1.1185       | 1.1688       | 0.1211     | 0.9977       | 1.0158       | 1.0345   |           
95     | 2.8614     | 0.5225     | 1.1416       | 1.1973       | 0.0992     | 0.9744       | 1.0081       | 0.9795   |           
96     | 2.8083     | 0.4979     | 1.1332       | 1.1772       | 0.0952     | 0.9848       | 0.9943       | 0.9945   | (ADV -0.07)
97     | 2.8335     | 0.4986     | 1.1493       | 1.1856       | 0.1221     | 1.0093       | 1.0268       | 0.9694   |           
98     | 2.8133     | 0.4832     | 1.1479       | 1.1822       | 0.1105     | 1.0152       | 0.9969       | 0.9773   |           
99     | 2.8391     | 0.4800     | 1.1675       | 1.1916       | 0.1090     | 1.0087       | 1.0185       | 0.9446   | (ADV -0.07)
100    | 2.8597     | 0.4836     | 1.1784       | 1.1977       | 0.1189     | 1.0311       | 1.0246       | 1.0613   | (ADV -0.07)
101    | 2.8402     | 0.4917     | 1.1504       | 1.1980       | 0.1262     | 1.0210       | 1.0225       | 1.0126   |           
102    | 2.7993     | 0.4670     | 1.1632       | 1.1691       | 0.1041     | 1.0195       | 1.0074       | 1.0111   |           
103    | 2.8496     | 0.4868     | 1.1683       | 1.1945       | 0.0988     | 1.0057       | 1.0182       | 0.9193   | (ADV -0.07)
104    | 2.8720     | 0.5070     | 1.1762       | 1.1887       | 0.1027     | 1.0222       | 1.0368       | 0.9895   | (ADV -0.07)
105    | 2.8012     | 0.4665     | 1.1521       | 1.1826       | 0.1073     | 1.0193       | 1.0353       | 0.9610   |           
106    | 2.8421     | 0.4936     | 1.1516       | 1.1969       | 0.1371     | 1.0302       | 1.0399       | 1.0093   |           
107    | 2.8411     | 0.4818     | 1.1651       | 1.1942       | 0.1173     | 1.0257       | 1.0237       | 0.9885   |           
108    | 2.8591     | 0.4969     | 1.1605       | 1.2018       | 0.1166     | 1.0313       | 1.0330       | 1.0669   | (ADV -0.07)
109    | 2.8325     | 0.4930     | 1.1569       | 1.1826       | 0.1020     | 1.0005       | 1.0350       | 1.0164   |           
110    | 2.7980     | 0.4627     | 1.1431       | 1.1921       | 0.1006     | 1.0134       | 1.0378       | 0.9828   |           
111    | 2.8603     | 0.4764     | 1.1643       | 1.2196       | 0.1132     | 1.0167       | 1.0574       | 1.0099   |           
112    | 2.8462     | 0.4917     | 1.1544       | 1.2001       | 0.1139     | 1.0277       | 1.0515       | 0.9775   |           
113    | 2.8686     | 0.5099     | 1.1593       | 1.1994       | 0.1066     | 1.0101       | 1.0390       | 1.0142   |           
114    | 2.8442     | 0.4869     | 1.1600       | 1.1974       | 0.1017     | 1.0026       | 1.0289       | 1.0087   |           
115    | 2.8098     | 0.4581     | 1.1501       | 1.2016       | 0.1077     | 1.0045       | 1.0351       | 1.0078   |           
116    | 2.8209     | 0.4719     | 1.1567       | 1.1923       | 0.1032     | 1.0157       | 1.0419       | 1.0154   |           
117    | 2.8265     | 0.4820     | 1.1573       | 1.1873       | 0.1110     | 1.0384       | 1.0398       | 1.0004   | (ADV -0.07)
118    | 2.8274     | 0.4711     | 1.1516       | 1.2047       | 0.0948     | 0.9988       | 1.0365       | 0.9465   |           
119    | 2.8271     | 0.4673     | 1.1503       | 1.2095       | 0.0991     | 1.0078       | 1.0704       | 1.0500   |           
120    | 2.8839     | 0.5228     | 1.1610       | 1.2001       | 0.1133     | 1.0264       | 1.0352       | 0.9825   |           
121    | 2.7876     | 0.4504     | 1.1418       | 1.1955       | 0.0940     | 1.0159       | 1.0486       | 1.0343   |           
122    | 2.8563     | 0.4785     | 1.1742       | 1.2037       | 0.1291     | 1.0541       | 1.0688       | 0.9804   |           
123    | 2.8585     | 0.4892     | 1.1765       | 1.1929       | 0.0920     | 1.0154       | 1.0286       | 1.0303   |           
124    | 2.8254     | 0.4782     | 1.1593       | 1.1879       | 0.0969     | 1.0234       | 1.0450       | 1.0039   |           
125    | 2.8086     | 0.4724     | 1.1581       | 1.1782       | 0.1053     | 1.0441       | 1.0392       | 1.0637   | (ADV -0.06)
126    | 2.8058     | 0.4617     | 1.1554       | 1.1887       | 0.0903     | 1.0198       | 1.0323       | 0.9932   |           
127    | 2.8094     | 0.4602     | 1.1527       | 1.1965       | 0.1002     | 1.0377       | 1.0467       | 1.0329   | (ADV -0.06)
128    | 2.8687     | 0.4862     | 1.1814       | 1.2011       | 0.1226     | 1.0381       | 1.0551       | 1.0188   |           
129    | 2.8542     | 0.4791     | 1.1741       | 1.2010       | 0.0997     | 1.0369       | 1.0456       | 1.0468   | (ADV -0.06)
130    | 2.8600     | 0.4952     | 1.1708       | 1.1940       | 0.1065     | 1.0189       | 1.0418       | 1.0629   |           
131    | 2.8168     | 0.4637     | 1.1587       | 1.1944       | 0.1001     | 1.0268       | 1.0582       | 1.0299   |           
132    | 2.8919     | 0.5115     | 1.1767       | 1.2038       | 0.1056     | 1.0207       | 1.0587       | 1.0293   |           
133    | 2.8069     | 0.4582     | 1.1465       | 1.2022       | 0.1005     | 1.0405       | 1.0730       | 1.0553   |           
134    | 2.8412     | 0.4727     | 1.1660       | 1.2025       | 0.0977     | 1.0487       | 1.0663       | 1.0643   | (ADV -0.06)
135    | 2.8301     | 0.4583     | 1.1671       | 1.2047       | 0.0997     | 1.0294       | 1.0654       | 0.9987   |           
136    | 2.8580     | 0.4808     | 1.1703       | 1.2069       | 0.1049     | 1.0374       | 1.0665       | 1.0022   |           
137    | 2.8443     | 0.4572     | 1.1829       | 1.2042       | 0.1101     | 1.0764       | 1.0987       | 1.0570   | (ADV -0.06)
138    | 2.8580     | 0.4646     | 1.1836       | 1.2099       | 0.0969     | 1.0760       | 1.0827       | 1.0425   | (ADV -0.06)
139    | 2.9079     | 0.5157     | 1.1821       | 1.2101       | 0.1142     | 1.0664       | 1.0740       | 0.9960   |           
140    | 2.8510     | 0.4638     | 1.1830       | 1.2042       | 0.1109     | 1.0752       | 1.0913       | 1.0649   |           
141    | 2.9197     | 0.4919     | 1.1943       | 1.2334       | 0.1208     | 1.0570       | 1.0930       | 1.0798   |           
142    | 2.9066     | 0.4886     | 1.1905       | 1.2274       | 0.1119     | 1.0720       | 1.0972       | 1.0693   |           
143    | 2.9271     | 0.5059     | 1.1913       | 1.2299       | 0.1088     | 1.0498       | 1.1058       | 1.0478   |           
144    | 2.9126     | 0.4999     | 1.1831       | 1.2296       | 0.1138     | 1.0675       | 1.0988       | 1.0202   |           
145    | 2.8649     | 0.4597     | 1.1790       | 1.2262       | 0.1063     | 1.0385       | 1.0874       | 1.0255   |           
146    | 2.8429     | 0.4258     | 1.1860       | 1.2311       | 0.1200     | 1.0765       | 1.1026       | 1.1029   |           
147    | 2.8845     | 0.4827     | 1.1809       | 1.2209       | 0.0905     | 1.0563       | 1.0787       | 1.0757   |           
148    | 2.8636     | 0.4604     | 1.1827       | 1.2204       | 0.1056     | 1.0385       | 1.0832       | 1.0922   |           
149    | 2.8940     | 0.4904     | 1.1918       | 1.2118       | 0.1032     | 1.0481       | 1.0720       | 1.0606   |           
150    | 2.8486     | 0.4687     | 1.1682       | 1.2117       | 0.1217     | 1.0549       | 1.0893       | 1.0945   |           
151    | 2.8815     | 0.4812     | 1.1819       | 1.2184       | 0.0967     | 1.0289       | 1.0704       | 1.0837   |           
152    | 2.7914     | 0.4164     | 1.1619       | 1.2131       | 0.0971     | 1.0587       | 1.0777       | 1.0926   |           
153    | 2.7870     | 0.4142     | 1.1648       | 1.2080       | 0.0971     | 1.0685       | 1.0711       | 1.1232   |           
154    | 2.8030     | 0.4328     | 1.1608       | 1.2094       | 0.0819     | 1.0392       | 1.0730       | 1.1203   |           
155    | 2.8412     | 0.4509     | 1.1712       | 1.2191       | 0.1035     | 1.0581       | 1.0798       | 1.0980   |           
156    | 2.7923     | 0.4306     | 1.1646       | 1.1971       | 0.1016     | 1.0655       | 1.0832       | 1.1302   |           
157    | 2.9023     | 0.5030     | 1.1842       | 1.2151       | 0.1072     | 1.0783       | 1.0952       | 1.1228   |           
158    | 2.8548     | 0.4623     | 1.1825       | 1.2100       | 0.0964     | 1.0678       | 1.0718       | 1.1228   |           
159    | 2.8408     | 0.4553     | 1.1855       | 1.2000       | 0.1216     | 1.0941       | 1.1056       | 1.1297   |           
160    | 2.8336     | 0.4408     | 1.1839       | 1.2089       | 0.0963     | 1.0634       | 1.0849       | 1.1791   |           
161    | 2.8708     | 0.4482     | 1.1932       | 1.2294       | 0.1052     | 1.0961       | 1.0958       | 1.1542   | (ADV -0.05)
162    | 2.8923     | 0.4698     | 1.2007       | 1.2217       | 0.1184     | 1.1056       | 1.0877       | 1.1736   |           
163    | 2.8767     | 0.4489     | 1.2032       | 1.2246       | 0.0977     | 1.0832       | 1.0873       | 1.1595   |           
164    | 2.8732     | 0.4625     | 1.1846       | 1.2261       | 0.1234     | 1.0743       | 1.1095       | 1.0625   |           
165    | 2.9169     | 0.4767     | 1.1964       | 1.2438       | 0.1200     | 1.0986       | 1.1193       | 1.1642   |           
166    | 2.8853     | 0.4584     | 1.1916       | 1.2353       | 0.0992     | 1.1061       | 1.1047       | 1.0705   | (ADV -0.05)
167    | 2.8732     | 0.4490     | 1.1873       | 1.2370       | 0.1027     | 1.0883       | 1.1023       | 1.1141   |           
168    | 2.8842     | 0.4638     | 1.1860       | 1.2344       | 0.1018     | 1.1052       | 1.1212       | 1.1003   |           
169    | 2.8968     | 0.4563     | 1.1949       | 1.2456       | 0.1064     | 1.0900       | 1.1297       | 1.0699   |           
170    | 2.8976     | 0.4629     | 1.1906       | 1.2441       | 0.1137     | 1.0940       | 1.1302       | 1.1010   |           
171    | 2.8704     | 0.4501     | 1.1888       | 1.2315       | 0.1158     | 1.0935       | 1.1128       | 1.0357   |           
172    | 2.8640     | 0.4383     | 1.1897       | 1.2359       | 0.1077     | 1.1115       | 1.1341       | 1.1106   |           
173    | 2.9036     | 0.4425     | 1.2029       | 1.2582       | 0.1014     | 1.1024       | 1.1385       | 1.0947   |           
174    | 2.8967     | 0.4401     | 1.2004       | 1.2562       | 0.1318     | 1.1313       | 1.1602       | 1.1484   |           
175    | 2.9376     | 0.4552     | 1.2168       | 1.2656       | 0.1172     | 1.1165       | 1.1455       | 1.0865   |           
176    | 2.9058     | 0.4459     | 1.2058       | 1.2540       | 0.1072     | 1.1119       | 1.1461       | 1.0867   |           
177    | 2.9527     | 0.4750     | 1.2190       | 1.2588       | 0.0951     | 1.0990       | 1.1184       | 1.0606   |           
178    | 2.8996     | 0.4356     | 1.2126       | 1.2513       | 0.1048     | 1.1183       | 1.1449       | 1.0959   |           
179    | 2.9124     | 0.4452     | 1.2189       | 1.2482       | 0.1026     | 1.1113       | 1.1318       | 1.0566   |           
180    | 2.8952     | 0.4337     | 1.2135       | 1.2481       | 0.0971     | 1.1081       | 1.1419       | 1.0708   |           
181    | 2.8933     | 0.4384     | 1.2102       | 1.2448       | 0.1029     | 1.1075       | 1.1328       | 0.9966   |           
182    | 2.9137     | 0.4526     | 1.2208       | 1.2403       | 0.0993     | 1.1247       | 1.1332       | 1.0088   | (ADV -0.05)
183    | 2.9052     | 0.4353     | 1.2163       | 1.2536       | 0.1077     | 1.1068       | 1.1406       | 1.0641   |           
184    | 2.8920     | 0.4274     | 1.2164       | 1.2482       | 0.1061     | 1.1214       | 1.1317       | 1.0325   |           
185    | 2.9174     | 0.4491     | 1.2202       | 1.2481       | 0.1149     | 1.1162       | 1.1432       | 1.0570   |           
186    | 2.8947     | 0.4346     | 1.2137       | 1.2464       | 0.1340     | 1.1415       | 1.1351       | 1.0775   |           
187    | 2.9435     | 0.4617     | 1.2234       | 1.2584       | 0.1150     | 1.1359       | 1.1519       | 1.0458   |           
188    | 2.9352     | 0.4605     | 1.2196       | 1.2552       | 0.1088     | 1.1110       | 1.1480       | 1.0422   |           
189    | 2.9200     | 0.4537     | 1.2125       | 1.2539       | 0.1196     | 1.1242       | 1.1613       | 1.0144   |           
190    | 2.9129     | 0.4358     | 1.2194       | 1.2577       | 0.1000     | 1.1330       | 1.1447       | 1.0098   | (ADV -0.05)
191    | 2.8607     | 0.3964     | 1.2147       | 1.2496       | 0.0979     | 1.1265       | 1.1427       | 1.0156   |           
192    | 2.8860     | 0.4096     | 1.2218       | 1.2546       | 0.1085     | 1.1418       | 1.1544       | 1.0316   |           
193    | 2.9178     | 0.4269     | 1.2319       | 1.2590       | 0.0977     | 1.1307       | 1.1478       | 1.0126   |           
194    | 2.9385     | 0.4582     | 1.2202       | 1.2601       | 0.0911     | 1.1332       | 1.1484       | 1.0343   | (ADV -0.04)
195    | 2.8984     | 0.4221     | 1.2181       | 1.2582       | 0.1002     | 1.1399       | 1.1586       | 1.0837   |           
196    | 2.9288     | 0.4556     | 1.2275       | 1.2457       | 0.0965     | 1.1448       | 1.1461       | 1.0174   | (ADV -0.04)
197    | 2.8804     | 0.3914     | 1.2328       | 1.2562       | 0.0843     | 1.1387       | 1.1329       | 1.0527   | (ADV -0.04)
198    | 2.9195     | 0.4239     | 1.2372       | 1.2585       | 0.1234     | 1.1612       | 1.1553       | 1.0601   |           
199    | 2.9142     | 0.4347     | 1.2312       | 1.2483       | 0.0814     | 1.1425       | 1.1315       | 1.0576   |           
200    | 2.9315     | 0.4479     | 1.2313       | 1.2523       | 0.0909     | 1.1557       | 1.1334       | 1.0756   |           
201    | 2.9296     | 0.4414     | 1.2346       | 1.2536       | 0.0959     | 1.1471       | 1.1437       | 1.0952   |           
202    | 2.9208     | 0.4209     | 1.2342       | 1.2657       | 0.1073     | 1.1559       | 1.1547       | 1.0480   |           
203    | 2.8718     | 0.3848     | 1.2288       | 1.2583       | 0.0899     | 1.1556       | 1.1401       | 1.0421   |           
204    | 2.9156     | 0.4223     | 1.2326       | 1.2608       | 0.1044     | 1.1529       | 1.1641       | 1.0131   |           
205    | 2.8937     | 0.4099     | 1.2290       | 1.2547       | 0.0964     | 1.1656       | 1.1615       | 1.0261   | (ADV -0.04)
206    | 2.9322     | 0.4370     | 1.2357       | 1.2595       | 0.0970     | 1.1674       | 1.1633       | 1.1020   | (ADV -0.04)
207    | 2.9074     | 0.4143     | 1.2429       | 1.2502       | 0.0857     | 1.1701       | 1.1644       | 1.0510   | (ADV -0.03)
208    | 2.9361     | 0.4332     | 1.2434       | 1.2595       | 0.0979     | 1.1883       | 1.1659       | 1.0141   |           
209    | 2.9305     | 0.4290     | 1.2474       | 1.2541       | 0.1044     | 1.1845       | 1.1734       | 1.0594   |           
210    | 2.8808     | 0.3840     | 1.2424       | 1.2544       | 0.0885     | 1.1841       | 1.1700       | 1.0320   |           
211    | 2.9088     | 0.4035     | 1.2437       | 1.2615       | 0.0910     | 1.1835       | 1.1696       | 1.0736   |           
212    | 2.9794     | 0.4427     | 1.2618       | 1.2749       | 0.0963     | 1.1848       | 1.1757       | 1.0485   |           
213    | 2.9387     | 0.4177     | 1.2575       | 1.2635       | 0.0832     | 1.1854       | 1.1571       | 1.0504   |           
214    | 2.9862     | 0.4681     | 1.2527       | 1.2655       | 0.0735     | 1.1752       | 1.1802       | 1.0661   | (ADV -0.03)
215    | 2.9319     | 0.4099     | 1.2655       | 1.2566       | 0.1028     | 1.1825       | 1.1764       | 0.9890   |           
216    | 2.9430     | 0.4266     | 1.2596       | 1.2568       | 0.0900     | 1.2136       | 1.1782       | 1.0818   |           
217    | 2.8835     | 0.3553     | 1.2654       | 1.2627       | 0.0795     | 1.2130       | 1.1772       | 1.0468   |           
218    | 2.9668     | 0.4292     | 1.2703       | 1.2673       | 0.0779     | 1.2243       | 1.1893       | 1.0862   |           
219    | 2.9665     | 0.4257     | 1.2674       | 1.2734       | 0.0962     | 1.2151       | 1.1935       | 1.0579   |           
220    | 2.9647     | 0.4156     | 1.2758       | 1.2732       | 0.0961     | 1.2156       | 1.1931       | 1.0906   |           
221    | 2.9005     | 0.3652     | 1.2630       | 1.2723       | 0.0924     | 1.2276       | 1.2009       | 1.0794   |           
222    | 2.9492     | 0.3908     | 1.2717       | 1.2868       | 0.0889     | 1.2134       | 1.2028       | 1.1089   |           
223    | 2.9864     | 0.4201     | 1.2749       | 1.2914       | 0.0900     | 1.2141       | 1.2090       | 1.0400   | (ADV -0.03)
224    | 2.9653     | 0.4143     | 1.2729       | 1.2781       | 0.0854     | 1.2062       | 1.1889       | 0.9703   |           
225    | 2.9015     | 0.3557     | 1.2675       | 1.2783       | 0.0988     | 1.2374       | 1.1953       | 1.0403   |           
226    | 2.9650     | 0.3999     | 1.2813       | 1.2838       | 0.0714     | 1.2254       | 1.1953       | 1.0427   |           
227    | 2.9862     | 0.4230     | 1.2814       | 1.2818       | 0.0773     | 1.2260       | 1.1989       | 1.0271   |           
228    | 2.9501     | 0.3896     | 1.2831       | 1.2774       | 0.0842     | 1.2264       | 1.1965       | 1.0392   |           
229    | 2.9751     | 0.4232     | 1.2803       | 1.2716       | 0.0900     | 1.2317       | 1.1985       | 1.1205   |           
230    | 2.9489     | 0.3888     | 1.2881       | 1.2719       | 0.0684     | 1.2319       | 1.1905       | 1.0640   |           
231    | 2.9647     | 0.3964     | 1.2921       | 1.2761       | 0.0877     | 1.2533       | 1.1982       | 1.0385   |           
232    | 2.9854     | 0.4048     | 1.2937       | 1.2870       | 0.0914     | 1.2469       | 1.2008       | 0.9827   |           
233    | 2.9526     | 0.3785     | 1.2935       | 1.2806       | 0.0891     | 1.2499       | 1.1912       | 1.0763   |           
234    | 2.9258     | 0.3564     | 1.2930       | 1.2764       | 0.0816     | 1.2619       | 1.2101       | 1.0092   |           
235    | 2.9803     | 0.4072     | 1.2928       | 1.2802       | 0.0839     | 1.2642       | 1.2071       | 1.0466   |           
236    | 2.9687     | 0.3845     | 1.3013       | 1.2829       | 0.0790     | 1.2573       | 1.2127       | 1.1012   |           
237    | 2.9920     | 0.4011     | 1.2983       | 1.2925       | 0.0767     | 1.2527       | 1.2104       | 1.0030   |           
238    | 2.9704     | 0.3892     | 1.2954       | 1.2859       | 0.0898     | 1.2627       | 1.2210       | 1.0992   |           
239    | 2.9449     | 0.3649     | 1.2940       | 1.2860       | 0.0843     | 1.2545       | 1.2284       | 1.1229   | (ADV -0.02)
240    | 2.9573     | 0.3726     | 1.2954       | 1.2893       | 0.0797     | 1.2505       | 1.2270       | 1.1014   | (ADV -0.02)
241    | 2.9734     | 0.3829     | 1.2950       | 1.2955       | 0.0894     | 1.2627       | 1.2275       | 1.0000   |           
242    | 2.9508     | 0.3655     | 1.2962       | 1.2892       | 0.1055     | 1.2746       | 1.2406       | 1.1018   |           
243    | 2.9777     | 0.3837     | 1.2973       | 1.2967       | 0.0789     | 1.2735       | 1.2258       | 1.0350   |           
244    | 2.9521     | 0.3576     | 1.2992       | 1.2953       | 0.0665     | 1.2683       | 1.2295       | 1.0225   | (ADV -0.02)
245    | 2.9772     | 0.3780     | 1.3024       | 1.2967       | 0.0835     | 1.2769       | 1.2379       | 1.0213   |           
246    | 2.9607     | 0.3596     | 1.3028       | 1.2984       | 0.0972     | 1.2725       | 1.2538       | 1.0035   |           
247    | 2.9708     | 0.3616     | 1.3055       | 1.3037       | 0.0810     | 1.2728       | 1.2411       | 1.0553   |           
248    | 2.9925     | 0.3861     | 1.3049       | 1.3014       | 0.0863     | 1.2587       | 1.2367       | 1.0436   |           
249    | 2.9957     | 0.3915     | 1.3058       | 1.2983       | 0.0782     | 1.2701       | 1.2450       | 0.9797   | (ADV -0.02)
250    | 2.9492     | 0.3476     | 1.2975       | 1.3041       | 0.1158     | 1.2693       | 1.2618       | 1.0113   |           
251    | 2.9967     | 0.3822     | 1.3017       | 1.3129       | 0.0874     | 1.2723       | 1.2603       | 1.0320   | (ADV -0.02)
252    | 2.9576     | 0.3433     | 1.3028       | 1.3115       | 0.0911     | 1.2705       | 1.2560       | 0.9850   |           
253    | 2.9875     | 0.3726     | 1.3032       | 1.3117       | 0.0737     | 1.2721       | 1.2417       | 0.9560   |           
254    | 2.9644     | 0.3603     | 1.2958       | 1.3083       | 0.0926     | 1.2755       | 1.2515       | 1.0361   |           
255    | 2.9528     | 0.3426     | 1.2981       | 1.3120       | 0.0907     | 1.2661       | 1.2533       | 1.0017   |           
256    | 3.0069     | 0.3928     | 1.3056       | 1.3085       | 0.1042     | 1.2714       | 1.2558       | 1.0213   |           
257    | 2.9794     | 0.3686     | 1.3006       | 1.3102       | 0.0959     | 1.2723       | 1.2460       | 1.0370   |           
258    | 2.9617     | 0.3535     | 1.3027       | 1.3056       | 0.0989     | 1.2732       | 1.2597       | 1.0453   |           
259    | 2.9846     | 0.3697     | 1.3052       | 1.3097       | 0.1106     | 1.2769       | 1.2510       | 1.0679   |           
260    | 3.0036     | 0.3892     | 1.3081       | 1.3063       | 0.0957     | 1.2745       | 1.2565       | 0.9963   |           
261    | 2.9576     | 0.3464     | 1.3032       | 1.3080       | 0.0773     | 1.2697       | 1.2593       | 0.9818   | (ADV -0.01)
262    | 2.9859     | 0.3693     | 1.3070       | 1.3096       | 0.0901     | 1.2730       | 1.2573       | 1.0421   |           
263    | 2.9688     | 0.3525     | 1.3071       | 1.3093       | 0.1009     | 1.2840       | 1.2687       | 1.0356   |           
264    | 2.9655     | 0.3504     | 1.3062       | 1.3089       | 0.0934     | 1.2756       | 1.2648       | 1.0869   |           
265    | 2.9840     | 0.3684     | 1.3035       | 1.3121       | 0.0803     | 1.2704       | 1.2594       | 0.9742   |           
266    | 2.9770     | 0.3546     | 1.3077       | 1.3148       | 0.0814     | 1.2772       | 1.2624       | 0.9973   |           
267    | 2.9634     | 0.3488     | 1.3076       | 1.3069       | 0.0812     | 1.2803       | 1.2633       | 1.0163   |           
268    | 2.9733     | 0.3502     | 1.3100       | 1.3131       | 0.0800     | 1.2798       | 1.2622       | 1.0264   |           
269    | 3.0201     | 0.3885     | 1.3161       | 1.3155       | 0.1076     | 1.2848       | 1.2682       | 1.0482   |           
270    | 2.9974     | 0.3624     | 1.3154       | 1.3196       | 0.1007     | 1.2904       | 1.2826       | 1.0491   |           
271    | 2.9904     | 0.3601     | 1.3114       | 1.3188       | 0.0827     | 1.2829       | 1.2883       | 1.0430   | (ADV -0.01)
272    | 2.9961     | 0.3636     | 1.3171       | 1.3154       | 0.0801     | 1.2833       | 1.2800       | 1.0072   | (ADV -0.01)
273    | 2.9642     | 0.3319     | 1.3148       | 1.3175       | 0.1014     | 1.2890       | 1.2908       | 1.0474   |           
274    | 3.0008     | 0.3607     | 1.3188       | 1.3213       | 0.0835     | 1.2892       | 1.2830       | 1.0328   |           
275    | 3.0116     | 0.3832     | 1.3103       | 1.3181       | 0.0879     | 1.2745       | 1.2738       | 1.0075   |           
276    | 2.9848     | 0.3487     | 1.3130       | 1.3230       | 0.0739     | 1.2712       | 1.2738       | 1.0149   | (ADV -0.01)
277    | 3.0010     | 0.3670     | 1.3123       | 1.3218       | 0.0740     | 1.2699       | 1.2774       | 1.0156   |           
278    | 3.0073     | 0.3749     | 1.3076       | 1.3248       | 0.0784     | 1.2797       | 1.2898       | 1.0711   |           
279    | 2.9897     | 0.3615     | 1.3069       | 1.3213       | 0.0743     | 1.2800       | 1.2767       | 0.9907   | (ADV -0.01)
280    | 3.0167     | 0.3826     | 1.3110       | 1.3231       | 0.0847     | 1.2756       | 1.2769       | 1.0545   |           
281    | 2.9667     | 0.3356     | 1.3062       | 1.3249       | 0.0739     | 1.2777       | 1.2823       | 1.0849   | (ADV -0.01)
282    | 2.9929     | 0.3670     | 1.3094       | 1.3165       | 0.0878     | 1.2783       | 1.2820       | 1.0856   |           
283    | 2.9672     | 0.3334     | 1.3116       | 1.3222       | 0.0831     | 1.2819       | 1.2881       | 1.1300   |           
284    | 2.9686     | 0.3273     | 1.3132       | 1.3281       | 0.0850     | 1.2855       | 1.2858       | 1.0136   |           
285    | 2.9796     | 0.3419     | 1.3107       | 1.3271       | 0.0852     | 1.2810       | 1.2846       | 1.0257   |           
286    | 2.9838     | 0.3547     | 1.3045       | 1.3247       | 0.0861     | 1.2788       | 1.2851       | 0.9785   |           
287    | 2.9537     | 0.3284     | 1.3060       | 1.3193       | 0.0791     | 1.2782       | 1.2831       | 0.9635   |           
288    | 3.0033     | 0.3668     | 1.3141       | 1.3224       | 0.0829     | 1.2908       | 1.2877       | 1.0622   |           
289    | 2.9728     | 0.3337     | 1.3151       | 1.3240       | 0.0863     | 1.2915       | 1.2928       | 1.0884   |           
290    | 3.0023     | 0.3716     | 1.3103       | 1.3204       | 0.0675     | 1.2777       | 1.2827       | 1.0751   | (ADV -0.01)
291    | 2.9513     | 0.3210     | 1.3059       | 1.3244       | 0.0787     | 1.2808       | 1.2781       | 1.1163   |           
292    | 2.9394     | 0.3053     | 1.3100       | 1.3241       | 0.0771     | 1.2816       | 1.2785       | 1.1086   |           
293    | 3.0105     | 0.3680     | 1.3151       | 1.3274       | 0.0682     | 1.2855       | 1.2876       | 1.1668   | (ADV -0.00)
294    | 2.9893     | 0.3523     | 1.3134       | 1.3236       | 0.0758     | 1.2843       | 1.2868       | 1.1687   |           
295    | 3.0042     | 0.3573     | 1.3165       | 1.3305       | 0.0786     | 1.2899       | 1.2978       | 1.1821   |           
296    | 2.9660     | 0.3299     | 1.3117       | 1.3244       | 0.0716     | 1.2911       | 1.2930       | 1.1346   | (ADV -0.00)
297    | 2.9909     | 0.3560     | 1.3102       | 1.3246       | 0.0781     | 1.2867       | 1.2898       | 1.2222   |           
298    | 2.9820     | 0.3346     | 1.3159       | 1.3315       | 0.0827     | 1.2832       | 1.2919       | 1.2078   |           
299    | 2.9684     | 0.3281     | 1.3118       | 1.3285       | 0.0710     | 1.2897       | 1.2955       | 1.1880   |           
300    | 2.9816     | 0.3374     | 1.3156       | 1.3286       | 0.0846     | 1.2918       | 1.2895       | 1.1137   |           
301    | 2.9983     | 0.3500     | 1.3194       | 1.3289       | 0.0799     | 1.2926       | 1.2942       | 1.1617   |           
302    | 2.9949     | 0.3489     | 1.3156       | 1.3304       | 0.0898     | 1.2871       | 1.2966       | 1.1220   |           
303    | 2.9495     | 0.3060     | 1.3133       | 1.3302       | 0.0684     | 1.2945       | 1.3043       | 1.1714   | (ADV -0.00)
304    | 2.9782     | 0.3422     | 1.3097       | 1.3263       | 0.0852     | 1.2900       | 1.3023       | 1.0732   |           
305    | 2.9695     | 0.3258     | 1.3122       | 1.3315       | 0.0889     | 1.2909       | 1.2963       | 1.1521   |           
306    | 2.9987     | 0.3546     | 1.3135       | 1.3307       | 0.0746     | 1.2885       | 1.2829       | 1.1663   |           
307    | 2.9864     | 0.3470     | 1.3098       | 1.3296       | 0.0840     | 1.2875       | 1.2996       | 1.0770   |           
308    | 2.9613     | 0.3102     | 1.3166       | 1.3345       | 0.0888     | 1.2915       | 1.2948       | 1.0767   |           
309    | 2.9843     | 0.3406     | 1.3131       | 1.3306       | 0.1055     | 1.2842       | 1.2980       | 1.0171   |           
310    | 2.9554     | 0.3155     | 1.3121       | 1.3277       | 0.0853     | 1.2939       | 1.3059       | 1.1364   |           
311    | 2.9776     | 0.3249     | 1.3206       | 1.3321       | 0.0781     | 1.2935       | 1.2990       | 1.1161   |           
312    | 2.9528     | 0.3046     | 1.3140       | 1.3342       | 0.0782     | 1.2998       | 1.2955       | 1.0886   |           
313    | 2.9745     | 0.3235     | 1.3178       | 1.3333       | 0.0729     | 1.3006       | 1.3015       | 1.1155   | (ADV -0.00)
314    | 2.9905     | 0.3460     | 1.3159       | 1.3287       | 0.0823     | 1.2878       | 1.2929       | 1.1309   |           
315    | 2.9913     | 0.3418     | 1.3193       | 1.3302       | 0.0845     | 1.2991       | 1.2966       | 1.1480   |           
316    | 2.9585     | 0.3145     | 1.3124       | 1.3315       | 0.0981     | 1.3006       | 1.3049       | 1.1227   |           
317    | 2.9790     | 0.3260     | 1.3177       | 1.3354       | 0.0921     | 1.2958       | 1.3088       | 1.1458   |           
318    | 2.9689     | 0.3202     | 1.3181       | 1.3306       | 0.0999     | 1.2980       | 1.3001       | 1.1199   |           
319    | 2.9724     | 0.3244     | 1.3178       | 1.3302       | 0.0894     | 1.2908       | 1.2952       | 1.0958   |           
320    | 2.9486     | 0.3067     | 1.3142       | 1.3277       | 0.0725     | 1.2916       | 1.3009       | 1.0038   |           
321    | 2.9792     | 0.3310     | 1.3160       | 1.3322       | 0.0824     | 1.2992       | 1.3070       | 0.9948   |           
322    | 2.9965     | 0.3485     | 1.3146       | 1.3334       | 0.0868     | 1.2961       | 1.2947       | 1.0570   |           
323    | 3.0135     | 0.3654     | 1.3181       | 1.3300       | 0.0794     | 1.2871       | 1.3007       | 1.0495   |           
324    | 2.9574     | 0.3182     | 1.3116       | 1.3276       | 0.0802     | 1.2951       | 1.3069       | 1.0694   |           
325    | 3.0090     | 0.3591     | 1.3162       | 1.3337       | 0.0905     | 1.2904       | 1.3004       | 0.9807   |           
326    | 3.0241     | 0.3757     | 1.3163       | 1.3321       | 0.0931     | 1.2938       | 1.3073       | 1.1344   |           
327    | 2.9760     | 0.3275     | 1.3166       | 1.3319       | 0.0838     | 1.2913       | 1.2986       | 0.9981   |           
328    | 2.9850     | 0.3385     | 1.3133       | 1.3331       | 0.0991     | 1.2957       | 1.3026       | 1.0528   |           
329    | 2.9948     | 0.3427     | 1.3164       | 1.3357       | 0.1050     | 1.2910       | 1.3020       | 1.0492   |           
330    | 2.9770     | 0.3306     | 1.3146       | 1.3318       | 0.0736     | 1.2889       | 1.3052       | 1.0575   |           
331    | 2.9473     | 0.3013     | 1.3162       | 1.3297       | 0.0746     | 1.2954       | 1.3022       | 1.0196   |           
332    | 2.9586     | 0.3113     | 1.3160       | 1.3313       | 0.0805     | 1.2984       | 1.2970       | 1.0206   |           
333    | 2.9535     | 0.3110     | 1.3101       | 1.3325       | 0.0907     | 1.3056       | 1.3109       | 1.0661   |           
334    | 2.9907     | 0.3394     | 1.3178       | 1.3336       | 0.1011     | 1.3014       | 1.3153       | 1.0596   |           
335    | 3.0093     | 0.3612     | 1.3179       | 1.3302       | 0.0756     | 1.3080       | 1.3077       | 0.9510   | (ADV -0.00)
336    | 2.9813     | 0.3297     | 1.3197       | 1.3320       | 0.0889     | 1.3010       | 1.3042       | 1.0588   |           
337    | 2.9479     | 0.2970     | 1.3188       | 1.3322       | 0.0855     | 1.3087       | 1.3092       | 1.0318   |           
338    | 2.9868     | 0.3326     | 1.3201       | 1.3340       | 0.0716     | 1.3000       | 1.2996       | 0.9886   |           
339    | 2.9548     | 0.3044     | 1.3182       | 1.3322       | 0.0739     | 1.3049       | 1.3069       | 1.0052   |           
340    | 2.9615     | 0.3030     | 1.3226       | 1.3359       | 0.1054     | 1.3040       | 1.3297       | 1.1223   |           
341    | 3.0084     | 0.3507     | 1.3234       | 1.3343       | 0.0696     | 1.2993       | 1.2989       | 1.0304   |           
342    | 3.0000     | 0.3548     | 1.3148       | 1.3304       | 0.0895     | 1.2917       | 1.3005       | 1.0700   |           
343    | 2.9932     | 0.3462     | 1.3169       | 1.3302       | 0.0811     | 1.2867       | 1.2994       | 1.0638   |           
344    | 2.9858     | 0.3370     | 1.3151       | 1.3337       | 0.0774     | 1.3046       | 1.3109       | 0.9929   |           
345    | 3.0041     | 0.3542     | 1.3181       | 1.3318       | 0.1019     | 1.2979       | 1.2987       | 1.0281   |           
346    | 2.9580     | 0.3149     | 1.3135       | 1.3296       | 0.0991     | 1.2945       | 1.2967       | 1.0309   |           
347    | 2.9680     | 0.3243     | 1.3157       | 1.3281       | 0.0739     | 1.3073       | 1.2942       | 1.0171   |           
348    | 2.9406     | 0.2939     | 1.3211       | 1.3256       | 0.0833     | 1.3038       | 1.3050       | 1.0249   |           
349    | 2.9326     | 0.2867     | 1.3186       | 1.3273       | 0.0799     | 1.3089       | 1.3073       | 1.0338   |           
350    | 2.9466     | 0.2927     | 1.3207       | 1.3332       | 0.0918     | 1.2973       | 1.3041       | 1.0107   |           
351    | 2.9689     | 0.3152     | 1.3231       | 1.3305       | 0.0808     | 1.3077       | 1.3072       | 1.0595   |           
352    | 2.9983     | 0.3393     | 1.3243       | 1.3347       | 0.0682     | 1.3053       | 1.3041       | 1.0838   | (ADV 0.00)
353    | 2.9739     | 0.3226     | 1.3161       | 1.3352       | 0.0891     | 1.2934       | 1.2957       | 1.1298   |           
354    | 2.9363     | 0.2892     | 1.3154       | 1.3317       | 0.0801     | 1.2957       | 1.3032       | 1.0322   |           
355    | 2.9586     | 0.3106     | 1.3148       | 1.3332       | 0.0897     | 1.2986       | 1.3086       | 1.0739   |           
356    | 2.9805     | 0.3237     | 1.3198       | 1.3370       | 0.0857     | 1.2986       | 1.2972       | 1.0332   |           
357    | 2.9434     | 0.2989     | 1.3127       | 1.3318       | 0.0959     | 1.2926       | 1.3069       | 1.0355   |           
358    | 2.9818     | 0.3320     | 1.3149       | 1.3349       | 0.0811     | 1.2988       | 1.2974       | 1.0462   |           
359    | 2.9688     | 0.3184     | 1.3165       | 1.3339       | 0.0828     | 1.2976       | 1.3056       | 1.1723   |           
360    | 2.9850     | 0.3338     | 1.3152       | 1.3361       | 0.0853     | 1.2919       | 1.3051       | 1.0915   |           
361    | 2.9944     | 0.3400     | 1.3202       | 1.3342       | 0.0812     | 1.3012       | 1.3012       | 1.0677   |           
362    | 2.9792     | 0.3346     | 1.3141       | 1.3305       | 0.0752     | 1.3013       | 1.3138       | 1.1608   |           
363    | 2.9489     | 0.2994     | 1.3142       | 1.3353       | 0.0720     | 1.3029       | 1.3085       | 1.0707   |           
364    | 2.9533     | 0.3061     | 1.3149       | 1.3324       | 0.0754     | 1.2963       | 1.3008       | 1.0631   |           
365    | 2.9171     | 0.2699     | 1.3160       | 1.3313       | 0.0763     | 1.3088       | 1.3125       | 1.0385   |           
366    | 2.9928     | 0.3327     | 1.3235       | 1.3366       | 0.0697     | 1.3112       | 1.3121       | 1.0676   | (ADV 0.00)
367    | 2.9658     | 0.3118     | 1.3237       | 1.3304       | 0.0726     | 1.3069       | 1.3020       | 0.9986   |           
368    | 2.9535     | 0.3104     | 1.3154       | 1.3277       | 0.0709     | 1.2970       | 1.3032       | 1.1212   |           
369    | 2.9383     | 0.2873     | 1.3156       | 1.3354       | 0.0860     | 1.3021       | 1.3104       | 1.1007   |           
370    | 2.9579     | 0.3090     | 1.3161       | 1.3329       | 0.0971     | 1.3054       | 1.3071       | 1.0136   |           
371    | 3.0065     | 0.3544     | 1.3187       | 1.3334       | 0.0882     | 1.3013       | 1.3016       | 1.0984   |           
372    | 2.9757     | 0.3236     | 1.3209       | 1.3311       | 0.0981     | 1.3064       | 1.3166       | 1.0720   |           
373    | 2.9703     | 0.3147     | 1.3213       | 1.3343       | 0.0910     | 1.3120       | 1.3037       | 1.0709   |           
374    | 2.9618     | 0.3066     | 1.3218       | 1.3334       | 0.0855     | 1.3075       | 1.3110       | 1.0954   |           
375    | 2.9643     | 0.3109     | 1.3214       | 1.3320       | 0.0715     | 1.3154       | 1.3117       | 1.1636   |           
376    | 2.9769     | 0.3200     | 1.3236       | 1.3332       | 0.0927     | 1.3063       | 1.3182       | 1.1151   |           
377    | 2.9483     | 0.2977     | 1.3189       | 1.3318       | 0.0806     | 1.3054       | 1.3084       | 1.0089   |           
378    | 2.9918     | 0.3377     | 1.3202       | 1.3339       | 0.0959     | 1.2923       | 1.3053       | 1.0176   |           
379    | 2.9521     | 0.3055     | 1.3166       | 1.3300       | 0.0834     | 1.2971       | 1.3108       | 1.0784   |           
380    | 2.9606     | 0.3036     | 1.3232       | 1.3338       | 0.0861     | 1.2947       | 1.3089       | 1.1017   |           
381    | 2.9524     | 0.3001     | 1.3215       | 1.3309       | 0.0754     | 1.3092       | 1.3148       | 1.0807   |           
382    | 2.9711     | 0.3258     | 1.3151       | 1.3302       | 0.0950     | 1.3070       | 1.3061       | 1.0199   |           
383    | 2.9644     | 0.3126     | 1.3234       | 1.3284       | 0.0844     | 1.3052       | 1.3088       | 1.0651   |           
384    | 2.9756     | 0.3216     | 1.3210       | 1.3331       | 0.0955     | 1.2982       | 1.3018       | 1.0115   |           
385    | 2.9598     | 0.3042     | 1.3215       | 1.3341       | 0.1162     | 1.2959       | 1.3094       | 1.1021   |           
386    | 2.9480     | 0.3049     | 1.3142       | 1.3290       | 0.0937     | 1.2942       | 1.3110       | 1.0647   |           
387    | 2.9392     | 0.2909     | 1.3189       | 1.3293       | 0.0775     | 1.2997       | 1.3102       | 1.0463   |           
388    | 2.9685     | 0.3139     | 1.3210       | 1.3336       | 0.0681     | 1.2975       | 1.3008       | 1.0760   |           
389    | 2.9893     | 0.3401     | 1.3199       | 1.3293       | 0.0831     | 1.3045       | 1.3005       | 1.1269   |           
390    | 2.9722     | 0.3120     | 1.3274       | 1.3328       | 0.0786     | 1.3117       | 1.3092       | 1.1539   |           
391    | 2.9681     | 0.3155     | 1.3233       | 1.3294       | 0.0706     | 1.3046       | 1.2916       | 1.0349   |           
392    | 2.9478     | 0.2987     | 1.3222       | 1.3269       | 0.0743     | 1.3076       | 1.2963       | 1.0632   |           
393    | 2.9839     | 0.3320     | 1.3256       | 1.3263       | 0.0788     | 1.3040       | 1.3025       | 1.1213   |           
394    | 2.9604     | 0.3092     | 1.3222       | 1.3290       | 0.0733     | 1.2978       | 1.2896       | 1.1075   |           
395    | 2.9484     | 0.3060     | 1.3203       | 1.3221       | 0.0939     | 1.2990       | 1.2958       | 1.0053   |           
396    | 2.9595     | 0.3056     | 1.3250       | 1.3288       | 0.0784     | 1.2972       | 1.2981       | 1.1175   |           
397    | 2.9456     | 0.3015     | 1.3200       | 1.3241       | 0.0766     | 1.3059       | 1.3065       | 1.1273   |           
398    | 2.9696     | 0.3161     | 1.3230       | 1.3305       | 0.1036     | 1.2988       | 1.3070       | 1.0378   |           
399    | 2.9573     | 0.3061     | 1.3206       | 1.3306       | 0.0985     | 1.3077       | 1.3100       | 1.0695   |           
400    | 2.9649     | 0.3206     | 1.3177       | 1.3265       | 0.0803     | 1.3038       | 1.2946       | 1.0551   |           
Seed 6767 | Src Acc: 98.0612 | Src MDE: 0.0239 | Tgt Acc: 33.4694 | Tgt MDE: 1.0676
Start Training Seed 123456...

Start CDAN+E Training... (Entropy Conditioning Enabled)
Epoch  | Total Loss | Tr Cls     | Tr Dom RSSI  | Tr Dom RTT   | Val Cls    | Val RSSI Dls | Val RTT Dls  | Test MDE
------------------------------------------------------------------------------------------------------------------------
1      | 6.2887     | 3.5158     | 1.3861       | 1.3867       | 2.9637     | 1.3873       | 1.3865       | 1.4688   |           
2      | 5.5852     | 2.8128     | 1.3861       | 1.3863       | 2.4237     | 1.3869       | 1.3856       | 1.1993   |           
3      | 5.1613     | 2.3912     | 1.3854       | 1.3848       | 2.0451     | 1.3847       | 1.3826       | 1.1471   |           
4      | 4.8827     | 2.1164     | 1.3832       | 1.3831       | 1.7037     | 1.3809       | 1.3787       | 1.1220   |           
5      | 4.5950     | 1.8375     | 1.3785       | 1.3789       | 1.4872     | 1.3773       | 1.3730       | 1.1187   |           
6      | 4.4083     | 1.6576     | 1.3750       | 1.3757       | 1.2312     | 1.3698       | 1.3651       | 1.1701   |           
7      | 4.2207     | 1.4834     | 1.3686       | 1.3688       | 1.0765     | 1.3652       | 1.3574       | 1.2119   |           
8      | 4.1041     | 1.3797     | 1.3622       | 1.3622       | 0.9013     | 1.3558       | 1.3464       | 1.1377   |           
9      | 3.9297     | 1.2239     | 1.3515       | 1.3543       | 0.8116     | 1.3475       | 1.3392       | 1.1460   |           
10     | 3.8019     | 1.1167     | 1.3416       | 1.3436       | 0.6852     | 1.3315       | 1.3219       | 1.1415   |           
11     | 3.7025     | 1.0353     | 1.3317       | 1.3355       | 0.5944     | 1.3200       | 1.3087       | 1.1725   |           
12     | 3.6566     | 1.0047     | 1.3224       | 1.3294       | 0.5496     | 1.3026       | 1.2951       | 1.1111   |           
13     | 3.5713     | 0.9403     | 1.3124       | 1.3185       | 0.4758     | 1.2867       | 1.2810       | 1.1112   | (ADV -0.13)
14     | 3.4963     | 0.8866     | 1.3001       | 1.3097       | 0.4458     | 1.2709       | 1.2661       | 1.1090   | (ADV -0.12)
15     | 3.4458     | 0.8558     | 1.2891       | 1.3009       | 0.3925     | 1.2499       | 1.2464       | 1.0876   | (ADV -0.11)
16     | 3.4203     | 0.8538     | 1.2760       | 1.2905       | 0.3714     | 1.2359       | 1.2351       | 1.0529   | (ADV -0.10)
17     | 3.3249     | 0.7827     | 1.2609       | 1.2813       | 0.3627     | 1.2198       | 1.2200       | 1.0947   |           
18     | 3.2813     | 0.7517     | 1.2581       | 1.2714       | 0.3302     | 1.1994       | 1.2048       | 1.0564   | (ADV -0.10)
19     | 3.2428     | 0.7397     | 1.2404       | 1.2627       | 0.3185     | 1.1807       | 1.1904       | 1.0426   |           
20     | 3.1931     | 0.7152     | 1.2265       | 1.2514       | 0.2895     | 1.1665       | 1.1797       | 1.0355   | (ADV -0.10)
21     | 3.1295     | 0.6720     | 1.2149       | 1.2426       | 0.2731     | 1.1400       | 1.1591       | 1.0155   |           
22     | 3.1455     | 0.7026     | 1.2070       | 1.2360       | 0.2628     | 1.1275       | 1.1427       | 1.0629   |           
23     | 3.0619     | 0.6415     | 1.1951       | 1.2253       | 0.2472     | 1.1046       | 1.1239       | 1.0664   |           
24     | 3.0891     | 0.6703     | 1.1921       | 1.2267       | 0.2623     | 1.1044       | 1.1230       | 1.0533   |           
25     | 3.0146     | 0.6316     | 1.1744       | 1.2086       | 0.2357     | 1.0724       | 1.1011       | 1.0437   |           
26     | 2.9823     | 0.6171     | 1.1642       | 1.2010       | 0.2286     | 1.0500       | 1.0890       | 1.0588   |           
27     | 2.9276     | 0.5875     | 1.1426       | 1.1974       | 0.2213     | 1.0499       | 1.0870       | 1.0515   |           
28     | 2.9107     | 0.5882     | 1.1325       | 1.1900       | 0.2223     | 1.0209       | 1.0772       | 1.0511   |           
29     | 2.9117     | 0.5900     | 1.1337       | 1.1880       | 0.2109     | 1.0141       | 1.0679       | 1.0390   |           
30     | 2.8922     | 0.5931     | 1.1194       | 1.1796       | 0.2108     | 0.9929       | 1.0551       | 1.0886   |           
31     | 2.7967     | 0.5334     | 1.0996       | 1.1637       | 0.1952     | 0.9719       | 1.0411       | 1.0434   |           
32     | 2.8073     | 0.5434     | 1.1008       | 1.1631       | 0.2036     | 0.9636       | 1.0378       | 1.0265   |           
33     | 2.7707     | 0.5364     | 1.0804       | 1.1539       | 0.2021     | 0.9651       | 1.0232       | 1.0316   |           
34     | 2.7748     | 0.5402     | 1.0824       | 1.1522       | 0.1841     | 0.9430       | 1.0162       | 1.0047   |           
35     | 2.7324     | 0.5193     | 1.0677       | 1.1454       | 0.1928     | 0.9318       | 1.0106       | 1.0356   |           
36     | 2.7738     | 0.5452     | 1.0771       | 1.1515       | 0.2041     | 0.9219       | 1.0083       | 1.0733   |           
37     | 2.7225     | 0.5362     | 1.0571       | 1.1292       | 0.1876     | 0.9098       | 0.9975       | 1.0447   |           
38     | 2.7129     | 0.5236     | 1.0574       | 1.1318       | 0.1694     | 0.8937       | 0.9769       | 1.0413   |           
39     | 2.7085     | 0.5203     | 1.0524       | 1.1358       | 0.1816     | 0.8990       | 0.9950       | 1.0445   |           
40     | 2.6802     | 0.4957     | 1.0493       | 1.1352       | 0.1660     | 0.8842       | 0.9747       | 1.0896   |           
41     | 2.6911     | 0.4972     | 1.0561       | 1.1379       | 0.1732     | 0.8875       | 0.9885       | 1.0851   |           
42     | 2.6445     | 0.4853     | 1.0252       | 1.1341       | 0.1803     | 0.8879       | 0.9779       | 1.0799   |           
43     | 2.6705     | 0.4918     | 1.0512       | 1.1275       | 0.1724     | 0.8795       | 0.9696       | 1.0815   |           
44     | 2.6478     | 0.4838     | 1.0331       | 1.1309       | 0.1672     | 0.8631       | 0.9699       | 1.1275   |           
45     | 2.7332     | 0.5336     | 1.0508       | 1.1488       | 0.1755     | 0.8857       | 0.9829       | 1.1106   |           
46     | 2.7232     | 0.5229     | 1.0641       | 1.1362       | 0.1688     | 0.8900       | 0.9875       | 1.1339   |           
47     | 2.7075     | 0.5113     | 1.0535       | 1.1427       | 0.1597     | 0.8574       | 0.9798       | 1.0973   |           
48     | 2.6212     | 0.4725     | 1.0206       | 1.1282       | 0.1657     | 0.8667       | 0.9639       | 1.2100   |           
49     | 2.6965     | 0.5134     | 1.0466       | 1.1365       | 0.1707     | 0.8572       | 0.9698       | 1.1216   |           
50     | 2.6362     | 0.4778     | 1.0405       | 1.1179       | 0.1548     | 0.8562       | 0.9638       | 1.1029   |           
51     | 2.6210     | 0.4707     | 1.0276       | 1.1228       | 0.1541     | 0.8667       | 0.9745       | 1.0448   |           
52     | 2.6751     | 0.5062     | 1.0376       | 1.1314       | 0.1559     | 0.8687       | 0.9661       | 1.1003   |           
53     | 2.6463     | 0.4731     | 1.0394       | 1.1337       | 0.1589     | 0.8681       | 0.9714       | 1.1656   |           
54     | 2.6406     | 0.4795     | 1.0431       | 1.1181       | 0.1642     | 0.8674       | 0.9754       | 1.1391   |           
55     | 2.6631     | 0.4713     | 1.0570       | 1.1347       | 0.1696     | 0.8881       | 0.9775       | 1.0476   |           
56     | 2.7064     | 0.4900     | 1.0541       | 1.1624       | 0.1591     | 0.9019       | 0.9678       | 1.1450   |           
57     | 2.6906     | 0.4762     | 1.0652       | 1.1491       | 0.1504     | 0.8693       | 0.9751       | 1.0590   |           
58     | 2.7171     | 0.4743     | 1.0791       | 1.1638       | 0.1686     | 0.9129       | 0.9927       | 1.1777   |           
59     | 2.7731     | 0.5146     | 1.0935       | 1.1650       | 0.1558     | 0.9004       | 0.9877       | 1.1723   |           
60     | 2.7556     | 0.5148     | 1.0842       | 1.1566       | 0.1567     | 0.9139       | 0.9732       | 1.1926   |           
61     | 2.7243     | 0.4749     | 1.0932       | 1.1562       | 0.1600     | 0.9147       | 0.9857       | 1.1172   |           
62     | 2.7870     | 0.5239     | 1.0991       | 1.1640       | 0.1731     | 0.9270       | 0.9870       | 1.2248   |           
63     | 2.7705     | 0.4973     | 1.1136       | 1.1596       | 0.1615     | 0.9554       | 0.9850       | 1.2324   |           
64     | 2.7337     | 0.4696     | 1.1153       | 1.1488       | 0.1789     | 0.9582       | 0.9948       | 1.1582   |           
65     | 2.7783     | 0.4974     | 1.1213       | 1.1595       | 0.1786     | 0.9486       | 0.9958       | 1.2284   |           
66     | 2.7732     | 0.4973     | 1.1199       | 1.1560       | 0.1504     | 0.9456       | 0.9914       | 1.1956   |           
67     | 2.8154     | 0.5061     | 1.1392       | 1.1700       | 0.1652     | 0.9822       | 1.0040       | 1.1753   |           
68     | 2.8587     | 0.5229     | 1.1636       | 1.1723       | 0.1658     | 0.9933       | 0.9988       | 1.1794   | (ADV -0.09)
69     | 2.8146     | 0.5193     | 1.1372       | 1.1582       | 0.1759     | 0.9747       | 0.9913       | 1.0487   |           
70     | 2.8033     | 0.4909     | 1.1475       | 1.1649       | 0.1668     | 1.0029       | 0.9899       | 1.1754   |           
71     | 2.8075     | 0.5047     | 1.1433       | 1.1595       | 0.1570     | 0.9692       | 0.9905       | 1.1553   |           
72     | 2.7861     | 0.5106     | 1.1188       | 1.1567       | 0.1617     | 0.9472       | 0.9959       | 1.1511   |           
73     | 2.7811     | 0.4888     | 1.1282       | 1.1640       | 0.1544     | 0.9307       | 0.9942       | 1.2015   |           
74     | 2.7569     | 0.4681     | 1.1190       | 1.1698       | 0.1592     | 0.9743       | 1.0024       | 1.1608   |           
75     | 2.8311     | 0.5062     | 1.1429       | 1.1820       | 0.1563     | 0.9406       | 0.9974       | 1.0878   |           
76     | 2.7718     | 0.4880     | 1.1125       | 1.1713       | 0.1686     | 0.9353       | 0.9950       | 1.1157   |           
77     | 2.7924     | 0.4890     | 1.1277       | 1.1757       | 0.1473     | 0.9595       | 1.0123       | 1.1013   |           
78     | 2.8124     | 0.4993     | 1.1392       | 1.1739       | 0.1852     | 0.9817       | 1.0128       | 1.1314   |           
79     | 2.8316     | 0.5207     | 1.1437       | 1.1672       | 0.1701     | 0.9719       | 1.0054       | 1.1403   |           
80     | 2.8292     | 0.5111     | 1.1381       | 1.1800       | 0.1590     | 0.9589       | 0.9935       | 1.1073   |           
81     | 2.8044     | 0.4930     | 1.1452       | 1.1661       | 0.1641     | 0.9522       | 1.0019       | 1.0840   |           
82     | 2.8379     | 0.5351     | 1.1354       | 1.1674       | 0.1481     | 0.9538       | 0.9819       | 1.1214   |           
83     | 2.8019     | 0.4953     | 1.1488       | 1.1578       | 0.1727     | 0.9750       | 1.0089       | 1.0717   |           
84     | 2.8280     | 0.5053     | 1.1431       | 1.1796       | 0.1764     | 0.9465       | 1.0138       | 1.1250   |           
85     | 2.8161     | 0.5001     | 1.1312       | 1.1848       | 0.1707     | 0.9478       | 1.0104       | 1.0530   |           
86     | 2.8532     | 0.5129     | 1.1378       | 1.2026       | 0.1655     | 0.9543       | 1.0235       | 1.1851   |           
87     | 2.8817     | 0.5448     | 1.1463       | 1.1906       | 0.1696     | 0.9758       | 1.0352       | 1.1284   |           
88     | 2.8546     | 0.5292     | 1.1404       | 1.1850       | 0.1842     | 0.9515       | 1.0251       | 1.1117   |           
89     | 2.8077     | 0.4862     | 1.1337       | 1.1878       | 0.1601     | 0.9697       | 1.0377       | 1.1367   |           
90     | 2.7935     | 0.4849     | 1.1275       | 1.1812       | 0.1516     | 0.9577       | 1.0306       | 1.1037   |           
91     | 2.8580     | 0.5164     | 1.1530       | 1.1886       | 0.1660     | 0.9691       | 1.0404       | 1.1412   |           
92     | 2.8522     | 0.5067     | 1.1537       | 1.1918       | 0.1487     | 0.9724       | 1.0508       | 1.0939   |           
93     | 2.8377     | 0.5145     | 1.1357       | 1.1875       | 0.1528     | 0.9750       | 1.0363       | 1.0818   |           
94     | 2.8582     | 0.5073     | 1.1545       | 1.1964       | 0.1557     | 0.9861       | 1.0509       | 1.0309   |           
95     | 2.8391     | 0.4919     | 1.1611       | 1.1860       | 0.1646     | 0.9842       | 1.0431       | 1.0724   |           
96     | 2.7918     | 0.4595     | 1.1513       | 1.1811       | 0.1568     | 0.9927       | 1.0694       | 1.0953   |           
97     | 2.8490     | 0.5105     | 1.1408       | 1.1977       | 0.1630     | 0.9936       | 1.0772       | 1.0146   |           
98     | 2.8626     | 0.5058     | 1.1585       | 1.1983       | 0.1567     | 0.9913       | 1.0723       | 0.9876   |           
99     | 2.8605     | 0.4851     | 1.1646       | 1.2108       | 0.1516     | 0.9903       | 1.0799       | 1.0921   |           
100    | 2.8643     | 0.4784     | 1.1619       | 1.2239       | 0.1569     | 1.0014       | 1.1400       | 1.2313   |           
101    | 2.8682     | 0.4844     | 1.1524       | 1.2314       | 0.1687     | 0.9989       | 1.1245       | 1.1669   |           
102    | 2.9269     | 0.5362     | 1.1587       | 1.2320       | 0.1522     | 1.0019       | 1.1041       | 1.1679   |           
103    | 2.8504     | 0.4797     | 1.1576       | 1.2130       | 0.1380     | 1.0028       | 1.0834       | 1.0918   |           
104    | 2.8540     | 0.4856     | 1.1549       | 1.2135       | 0.1441     | 0.9993       | 1.0950       | 1.0253   |           
105    | 2.8336     | 0.4769     | 1.1488       | 1.2079       | 0.1488     | 1.0265       | 1.0819       | 1.0852   | (ADV -0.09)
106    | 2.8500     | 0.4745     | 1.1600       | 1.2156       | 0.1524     | 1.0255       | 1.0752       | 1.0710   |           
107    | 2.8706     | 0.4866     | 1.1697       | 1.2143       | 0.1544     | 1.0229       | 1.0863       | 1.1030   |           
108    | 2.9005     | 0.5138     | 1.1733       | 1.2134       | 0.1501     | 1.0296       | 1.0827       | 1.0918   | (ADV -0.09)
109    | 2.9014     | 0.5345     | 1.1646       | 1.2023       | 0.1460     | 1.0310       | 1.0687       | 1.1234   | (ADV -0.09)
110    | 2.8849     | 0.5103     | 1.1680       | 1.2067       | 0.1555     | 1.0343       | 1.0686       | 1.0778   |           
111    | 2.8569     | 0.5033     | 1.1656       | 1.1880       | 0.1632     | 1.0353       | 1.0734       | 1.1347   |           
112    | 2.8225     | 0.4803     | 1.1452       | 1.1970       | 0.1572     | 1.0322       | 1.0552       | 1.0816   |           
113    | 2.8275     | 0.4800     | 1.1574       | 1.1901       | 0.1562     | 1.0350       | 1.0503       | 1.0539   | (ADV -0.08)
114    | 2.8700     | 0.4952     | 1.1805       | 1.1943       | 0.1604     | 1.0376       | 1.0608       | 1.0460   |           
115    | 2.8478     | 0.4928     | 1.1601       | 1.1949       | 0.1437     | 1.0380       | 1.0547       | 1.0761   | (ADV -0.08)
116    | 2.8629     | 0.4812     | 1.1817       | 1.2000       | 0.1443     | 1.0219       | 1.0544       | 1.1143   |           
117    | 2.8547     | 0.4927     | 1.1543       | 1.2077       | 0.1706     | 1.0415       | 1.0812       | 1.0786   |           
118    | 2.8596     | 0.4978     | 1.1593       | 1.2025       | 0.1588     | 1.0366       | 1.0913       | 1.0788   |           
119    | 2.8376     | 0.4705     | 1.1628       | 1.2042       | 0.1599     | 1.0283       | 1.0750       | 1.0799   |           
120    | 2.9039     | 0.5075     | 1.1744       | 1.2219       | 0.1614     | 1.0236       | 1.0634       | 1.1402   |           
121    | 2.8483     | 0.4761     | 1.1605       | 1.2116       | 0.1481     | 1.0379       | 1.0771       | 1.0675   |           
122    | 2.8571     | 0.4690     | 1.1658       | 1.2222       | 0.1422     | 1.0371       | 1.0717       | 1.0406   |           
123    | 2.9021     | 0.5035     | 1.1778       | 1.2208       | 0.1496     | 1.0491       | 1.0880       | 1.0382   |           
124    | 2.8485     | 0.4657     | 1.1712       | 1.2116       | 0.1488     | 1.0250       | 1.0839       | 1.0691   |           
125    | 2.8706     | 0.5072     | 1.1563       | 1.2071       | 0.1416     | 1.0182       | 1.0766       | 1.0960   |           
126    | 2.8454     | 0.4831     | 1.1552       | 1.2071       | 0.1702     | 1.0288       | 1.0971       | 1.1226   |           
127    | 2.8355     | 0.4619     | 1.1619       | 1.2117       | 0.1513     | 1.0309       | 1.0729       | 1.0089   |           
128    | 2.8287     | 0.4497     | 1.1626       | 1.2164       | 0.1498     | 1.0148       | 1.0814       | 1.0613   |           
129    | 2.8159     | 0.4452     | 1.1659       | 1.2048       | 0.1467     | 1.0259       | 1.0863       | 1.0809   |           
130    | 2.8464     | 0.4797     | 1.1606       | 1.2062       | 0.1398     | 1.0292       | 1.0925       | 1.1288   |           
131    | 2.8709     | 0.4829     | 1.1768       | 1.2111       | 0.1428     | 1.0278       | 1.0867       | 1.0540   |           
132    | 2.8158     | 0.4351     | 1.1749       | 1.2058       | 0.1552     | 1.0564       | 1.0781       | 1.0651   |           
133    | 2.8861     | 0.5057     | 1.1793       | 1.2011       | 0.1328     | 1.0318       | 1.0778       | 1.0326   |           
134    | 2.9150     | 0.5041     | 1.1971       | 1.2137       | 0.1437     | 1.0614       | 1.0901       | 1.1008   | (ADV -0.08)
135    | 2.8521     | 0.4537     | 1.1885       | 1.2099       | 0.1380     | 1.0581       | 1.1066       | 1.0206   |           
136    | 2.8935     | 0.4882     | 1.1934       | 1.2120       | 0.1194     | 1.0465       | 1.1095       | 1.0823   |           
137    | 2.8849     | 0.4811     | 1.1875       | 1.2162       | 0.1352     | 1.0344       | 1.1207       | 1.0702   |           
138    | 2.9155     | 0.4979     | 1.1926       | 1.2249       | 0.1679     | 1.0488       | 1.1140       | 1.0602   |           
139    | 2.9069     | 0.4883     | 1.1915       | 1.2271       | 0.1375     | 1.0484       | 1.0974       | 1.0352   |           
140    | 2.9123     | 0.5066     | 1.1913       | 1.2144       | 0.1337     | 1.0375       | 1.0797       | 1.0816   |           
141    | 2.9326     | 0.5132     | 1.1927       | 1.2267       | 0.1265     | 1.0317       | 1.0771       | 1.2037   |           
142    | 2.8873     | 0.4694     | 1.1886       | 1.2293       | 0.1376     | 1.0580       | 1.1119       | 1.0740   |           
143    | 2.8713     | 0.4525     | 1.1860       | 1.2327       | 0.1432     | 1.0304       | 1.1098       | 1.1071   |           
144    | 2.8824     | 0.4676     | 1.1861       | 1.2288       | 0.1464     | 1.0353       | 1.1107       | 1.0811   |           
145    | 2.8896     | 0.4759     | 1.1940       | 1.2196       | 0.1419     | 1.0478       | 1.1034       | 1.0265   |           
146    | 2.8924     | 0.4597     | 1.1964       | 1.2362       | 0.1237     | 1.0564       | 1.1124       | 1.1115   |           
147    | 2.8616     | 0.4356     | 1.1949       | 1.2312       | 0.1402     | 1.0424       | 1.1225       | 0.9762   |           
148    | 2.8972     | 0.4696     | 1.1980       | 1.2296       | 0.1383     | 1.0552       | 1.1267       | 1.1099   |           
149    | 2.9341     | 0.5020     | 1.1963       | 1.2358       | 0.1260     | 1.0439       | 1.0923       | 1.1638   |           
150    | 2.8381     | 0.4403     | 1.1747       | 1.2230       | 0.1431     | 1.0576       | 1.1172       | 1.1698   |           
151    | 2.8412     | 0.4376     | 1.1760       | 1.2276       | 0.1264     | 1.0623       | 1.1140       | 1.1468   | (ADV -0.08)
152    | 2.9042     | 0.4868     | 1.1770       | 1.2405       | 0.1439     | 1.0645       | 1.1196       | 1.0915   |           
153    | 2.9096     | 0.5031     | 1.1846       | 1.2219       | 0.1569     | 1.0643       | 1.1166       | 1.1199   |           
154    | 2.8370     | 0.4484     | 1.1740       | 1.2147       | 0.1409     | 1.0639       | 1.1252       | 1.1269   |           
155    | 2.8385     | 0.4349     | 1.1798       | 1.2237       | 0.1476     | 1.0648       | 1.1162       | 1.1591   |           
156    | 2.9202     | 0.4890     | 1.2001       | 1.2311       | 0.1375     | 1.0822       | 1.1230       | 1.1445   | (ADV -0.07)
157    | 2.8430     | 0.4326     | 1.1916       | 1.2188       | 0.1473     | 1.0830       | 1.1270       | 1.0536   |           
158    | 2.8748     | 0.4714     | 1.1866       | 1.2168       | 0.1837     | 1.0911       | 1.1280       | 1.1416   |           
159    | 2.8672     | 0.4586     | 1.1840       | 1.2247       | 0.1546     | 1.0658       | 1.1546       | 1.1554   |           
160    | 2.8845     | 0.4588     | 1.1928       | 1.2330       | 0.1562     | 1.0805       | 1.1327       | 0.9666   |           
161    | 2.8534     | 0.4356     | 1.1970       | 1.2208       | 0.1400     | 1.0800       | 1.1390       | 1.0895   |           
162    | 2.8813     | 0.4597     | 1.1895       | 1.2321       | 0.1382     | 1.0586       | 1.1448       | 1.0269   |           
163    | 2.8764     | 0.4442     | 1.1941       | 1.2382       | 0.1312     | 1.1189       | 1.1470       | 1.1721   | (ADV -0.06)
164    | 2.9248     | 0.4647     | 1.2158       | 1.2443       | 0.1422     | 1.1164       | 1.1498       | 1.1107   |           
165    | 2.9613     | 0.4955     | 1.2233       | 1.2424       | 0.1457     | 1.1268       | 1.1571       | 1.1266   |           
166    | 2.9686     | 0.5142     | 1.2245       | 1.2299       | 0.1451     | 1.1030       | 1.1465       | 1.1235   |           
167    | 2.8576     | 0.4269     | 1.2106       | 1.2201       | 0.1364     | 1.1209       | 1.1339       | 1.1476   | (ADV -0.06)
168    | 2.9063     | 0.4537     | 1.2344       | 1.2182       | 0.1562     | 1.1563       | 1.1575       | 1.0974   | (ADV -0.06)
169    | 2.9376     | 0.4611     | 1.2451       | 1.2314       | 0.1398     | 1.1461       | 1.1439       | 1.0656   | (ADV -0.05)
170    | 2.9124     | 0.4500     | 1.2393       | 1.2230       | 0.1576     | 1.1668       | 1.1540       | 1.0800   |           
171    | 2.9382     | 0.4679     | 1.2394       | 1.2309       | 0.1184     | 1.1307       | 1.1386       | 0.9767   | (ADV -0.05)
172    | 2.9253     | 0.4768     | 1.2255       | 1.2230       | 0.1571     | 1.1286       | 1.1438       | 1.0291   |           
173    | 2.9148     | 0.4558     | 1.2277       | 1.2313       | 0.1346     | 1.1441       | 1.1226       | 0.9117   |           
174    | 2.9147     | 0.4499     | 1.2346       | 1.2302       | 0.1278     | 1.1458       | 1.1483       | 1.0716   | (ADV -0.05)
175    | 2.8731     | 0.4240     | 1.2259       | 1.2232       | 0.1359     | 1.1702       | 1.1513       | 1.0126   |           
176    | 2.9185     | 0.4505     | 1.2317       | 1.2363       | 0.1220     | 1.1433       | 1.1536       | 1.0648   |           
177    | 2.8806     | 0.4342     | 1.2182       | 1.2282       | 0.1211     | 1.1045       | 1.1289       | 1.0681   |           
178    | 2.9220     | 0.4590     | 1.2264       | 1.2365       | 0.1265     | 1.1367       | 1.1645       | 1.0312   |           
179    | 2.9198     | 0.4428     | 1.2394       | 1.2376       | 0.1340     | 1.1579       | 1.1588       | 1.0724   | (ADV -0.05)
180    | 2.8995     | 0.4369     | 1.2296       | 1.2329       | 0.1190     | 1.1375       | 1.1579       | 1.1435   |           
181    | 2.9643     | 0.4764     | 1.2371       | 1.2508       | 0.1280     | 1.1212       | 1.1609       | 1.1121   |           
182    | 2.9110     | 0.4371     | 1.2259       | 1.2480       | 0.1458     | 1.1488       | 1.1683       | 1.0966   |           
183    | 2.9246     | 0.4577     | 1.2296       | 1.2374       | 0.1477     | 1.1577       | 1.1678       | 1.0971   |           
184    | 2.9508     | 0.4618     | 1.2426       | 1.2464       | 0.1436     | 1.1388       | 1.1606       | 1.1561   |           
185    | 2.9239     | 0.4435     | 1.2331       | 1.2474       | 0.1445     | 1.1570       | 1.1748       | 1.1185   |           
186    | 2.9249     | 0.4422     | 1.2439       | 1.2389       | 0.1325     | 1.1531       | 1.1748       | 1.1177   |           
187    | 3.0264     | 0.5031     | 1.2594       | 1.2639       | 0.1257     | 1.1477       | 1.1692       | 1.0760   |           
188    | 2.9138     | 0.4362     | 1.2356       | 1.2421       | 0.1487     | 1.1461       | 1.1757       | 1.0949   |           
189    | 2.9688     | 0.4640     | 1.2358       | 1.2691       | 0.1382     | 1.1404       | 1.1911       | 1.0201   |           
190    | 2.9534     | 0.4546     | 1.2370       | 1.2618       | 0.1430     | 1.1512       | 1.1940       | 0.9644   |           
191    | 2.9081     | 0.4369     | 1.2226       | 1.2486       | 0.1422     | 1.1416       | 1.1764       | 1.0393   |           
192    | 2.9168     | 0.4265     | 1.2340       | 1.2563       | 0.1685     | 1.1627       | 1.1722       | 0.9694   |           
193    | 2.9074     | 0.4071     | 1.2457       | 1.2546       | 0.1149     | 1.1530       | 1.1670       | 1.1215   | (ADV -0.05)
194    | 2.9287     | 0.4282     | 1.2413       | 1.2592       | 0.1333     | 1.1690       | 1.1889       | 1.0165   |           
195    | 2.9677     | 0.4592     | 1.2583       | 1.2501       | 0.1337     | 1.1628       | 1.1775       | 1.0312   |           
196    | 2.9346     | 0.4420     | 1.2457       | 1.2468       | 0.1414     | 1.1686       | 1.1940       | 1.0709   |           
197    | 2.9578     | 0.4536     | 1.2443       | 1.2600       | 0.1449     | 1.1521       | 1.1859       | 1.0665   |           
198    | 2.9371     | 0.4383     | 1.2471       | 1.2517       | 0.1253     | 1.1702       | 1.1742       | 1.1721   | (ADV -0.04)
199    | 2.9206     | 0.4119     | 1.2470       | 1.2617       | 0.1329     | 1.1572       | 1.1809       | 1.0698   |           
200    | 2.8833     | 0.3860     | 1.2471       | 1.2502       | 0.1360     | 1.1537       | 1.1763       | 1.1018   |           
201    | 2.9581     | 0.4445     | 1.2525       | 1.2610       | 0.1348     | 1.1716       | 1.1886       | 1.1666   |           
202    | 2.8975     | 0.3930     | 1.2417       | 1.2628       | 0.1237     | 1.1810       | 1.2047       | 1.0668   |           
203    | 2.9425     | 0.4185     | 1.2529       | 1.2712       | 0.1471     | 1.1897       | 1.2010       | 0.9446   |           
204    | 2.9550     | 0.4399     | 1.2531       | 1.2620       | 0.1379     | 1.1707       | 1.2058       | 0.9820   |           
205    | 2.9272     | 0.4147     | 1.2506       | 1.2619       | 0.1245     | 1.1937       | 1.1958       | 0.9674   | (ADV -0.04)
206    | 2.9375     | 0.4224     | 1.2562       | 1.2589       | 0.1353     | 1.1855       | 1.2012       | 1.0247   |           
207    | 2.9637     | 0.4411     | 1.2604       | 1.2623       | 0.1197     | 1.1831       | 1.1824       | 0.9867   |           
208    | 2.9044     | 0.3889     | 1.2522       | 1.2633       | 0.1233     | 1.1723       | 1.1822       | 0.9738   |           
209    | 2.9161     | 0.3937     | 1.2580       | 1.2645       | 0.1289     | 1.1831       | 1.2028       | 1.0583   |           
210    | 2.9125     | 0.4006     | 1.2519       | 1.2600       | 0.1425     | 1.1804       | 1.2159       | 0.9867   |           
211    | 2.9690     | 0.4292     | 1.2678       | 1.2720       | 0.1350     | 1.1933       | 1.2170       | 0.9368   |           
212    | 2.9590     | 0.4282     | 1.2565       | 1.2743       | 0.1353     | 1.1831       | 1.2189       | 0.9192   |           
213    | 2.8936     | 0.3794     | 1.2456       | 1.2687       | 0.1280     | 1.1867       | 1.2077       | 1.0513   |           
214    | 2.9676     | 0.4320     | 1.2624       | 1.2732       | 0.1186     | 1.1856       | 1.2038       | 0.9773   |           
215    | 2.9378     | 0.4183     | 1.2552       | 1.2642       | 0.1291     | 1.1778       | 1.2057       | 1.0208   |           
216    | 2.9199     | 0.3945     | 1.2558       | 1.2696       | 0.1226     | 1.1831       | 1.2258       | 0.9273   |           
217    | 2.9787     | 0.4482     | 1.2580       | 1.2724       | 0.1297     | 1.1831       | 1.2333       | 0.9287   |           
218    | 2.9244     | 0.4008     | 1.2524       | 1.2711       | 0.1402     | 1.2000       | 1.2278       | 0.9032   |           
219    | 2.9765     | 0.4343     | 1.2655       | 1.2767       | 0.1350     | 1.1952       | 1.2203       | 1.0264   |           
220    | 2.9638     | 0.4284     | 1.2651       | 1.2703       | 0.1317     | 1.2071       | 1.2255       | 1.0128   |           
221    | 2.9713     | 0.4178     | 1.2708       | 1.2826       | 0.1287     | 1.2031       | 1.2401       | 0.9714   |           
222    | 2.9658     | 0.4111     | 1.2704       | 1.2843       | 0.1222     | 1.2012       | 1.2349       | 1.0290   |           
223    | 2.9724     | 0.4312     | 1.2619       | 1.2793       | 0.1289     | 1.2049       | 1.2351       | 0.9905   |           
224    | 2.9461     | 0.4003     | 1.2670       | 1.2787       | 0.1126     | 1.2099       | 1.2267       | 1.0491   | (ADV -0.04)
225    | 2.9781     | 0.4261     | 1.2633       | 1.2888       | 0.1323     | 1.2061       | 1.2324       | 1.0250   |           
226    | 2.9344     | 0.3843     | 1.2745       | 1.2756       | 0.1139     | 1.2103       | 1.2287       | 1.0435   |           
227    | 2.9516     | 0.4028     | 1.2674       | 1.2815       | 0.1245     | 1.2320       | 1.2350       | 0.9737   | (ADV -0.03)
228    | 2.9254     | 0.3766     | 1.2679       | 1.2809       | 0.1201     | 1.2203       | 1.2353       | 0.9914   |           
229    | 2.9128     | 0.3618     | 1.2714       | 1.2795       | 0.1183     | 1.2399       | 1.2349       | 0.9822   | (ADV -0.03)
230    | 2.9532     | 0.3915     | 1.2740       | 1.2877       | 0.1271     | 1.2214       | 1.2355       | 1.0051   |           
231    | 2.9523     | 0.3940     | 1.2731       | 1.2851       | 0.1311     | 1.2338       | 1.2435       | 0.9330   |           
232    | 2.9663     | 0.3979     | 1.2765       | 1.2919       | 0.1288     | 1.2342       | 1.2438       | 1.0187   |           
233    | 2.9786     | 0.4168     | 1.2739       | 1.2880       | 0.1329     | 1.2312       | 1.2306       | 1.0207   |           
234    | 2.9650     | 0.3924     | 1.2790       | 1.2936       | 0.1216     | 1.2338       | 1.2477       | 1.0108   |           
235    | 2.9298     | 0.3671     | 1.2764       | 1.2863       | 0.1245     | 1.2137       | 1.2446       | 1.1101   |           
236    | 2.9756     | 0.3971     | 1.2850       | 1.2935       | 0.1224     | 1.2224       | 1.2483       | 1.0812   |           
237    | 2.9392     | 0.3684     | 1.2790       | 1.2918       | 0.1278     | 1.2382       | 1.2426       | 1.0269   |           
238    | 2.9773     | 0.3899     | 1.2893       | 1.2981       | 0.1504     | 1.2391       | 1.2555       | 1.0154   |           
239    | 2.9628     | 0.3787     | 1.2848       | 1.2993       | 0.1186     | 1.2396       | 1.2441       | 1.0274   | (ADV -0.03)
240    | 2.9938     | 0.4095     | 1.2836       | 1.3007       | 0.1448     | 1.2473       | 1.2495       | 1.0659   |           
241    | 2.9582     | 0.3893     | 1.2760       | 1.2929       | 0.1216     | 1.2322       | 1.2448       | 1.0772   |           
242    | 2.9564     | 0.3855     | 1.2759       | 1.2950       | 0.1328     | 1.2528       | 1.2647       | 1.1653   |           
243    | 2.9455     | 0.3676     | 1.2820       | 1.2959       | 0.1276     | 1.2494       | 1.2456       | 1.0983   |           
244    | 3.0010     | 0.4078     | 1.2880       | 1.3052       | 0.1373     | 1.2483       | 1.2591       | 1.0079   |           
245    | 2.9470     | 0.3565     | 1.2896       | 1.3009       | 0.1321     | 1.2525       | 1.2537       | 1.0856   |           
246    | 2.9556     | 0.3631     | 1.2896       | 1.3028       | 0.1180     | 1.2504       | 1.2579       | 1.0954   | (ADV -0.03)
247    | 2.9456     | 0.3576     | 1.2868       | 1.3012       | 0.1242     | 1.2609       | 1.2593       | 1.0655   | (ADV -0.03)
248    | 2.9666     | 0.3755     | 1.2861       | 1.3050       | 0.1495     | 1.2623       | 1.2712       | 1.0269   |           
249    | 3.0013     | 0.4032     | 1.2939       | 1.3041       | 0.1358     | 1.2665       | 1.2607       | 1.1210   |           
250    | 2.9943     | 0.3880     | 1.2980       | 1.3083       | 0.1434     | 1.2600       | 1.2667       | 1.1231   |           
251    | 2.9568     | 0.3628     | 1.2905       | 1.3036       | 0.1238     | 1.2750       | 1.2533       | 1.0122   |           
252    | 2.9600     | 0.3626     | 1.2946       | 1.3027       | 0.1210     | 1.2717       | 1.2681       | 1.0979   | (ADV -0.02)
253    | 2.9843     | 0.3899     | 1.2956       | 1.2987       | 0.1287     | 1.2772       | 1.2522       | 1.0031   |           
254    | 3.0100     | 0.4132     | 1.2955       | 1.3014       | 0.1086     | 1.2730       | 1.2655       | 1.0538   | (ADV -0.02)
255    | 2.9723     | 0.3772     | 1.2937       | 1.3014       | 0.1208     | 1.2554       | 1.2591       | 1.0829   |           
256    | 2.9153     | 0.3126     | 1.2957       | 1.3070       | 0.1278     | 1.2648       | 1.2740       | 1.0465   |           
257    | 2.9848     | 0.3781     | 1.2991       | 1.3076       | 0.1218     | 1.2593       | 1.2757       | 1.0937   |           
258    | 2.9651     | 0.3598     | 1.2951       | 1.3101       | 0.1194     | 1.2580       | 1.2719       | 1.0446   |           
259    | 2.9383     | 0.3400     | 1.2899       | 1.3084       | 0.1284     | 1.2730       | 1.2742       | 1.0397   |           
260    | 2.9990     | 0.3865     | 1.2992       | 1.3133       | 0.1201     | 1.2641       | 1.2654       | 1.1008   |           
261    | 3.0004     | 0.3955     | 1.2953       | 1.3096       | 0.1471     | 1.2659       | 1.2791       | 1.1149   |           
262    | 2.9671     | 0.3504     | 1.2983       | 1.3184       | 0.1337     | 1.2652       | 1.2801       | 1.0588   |           
263    | 2.9697     | 0.3558     | 1.2966       | 1.3173       | 0.1319     | 1.2585       | 1.2788       | 1.0241   |           
264    | 3.0019     | 0.3911     | 1.2900       | 1.3208       | 0.1206     | 1.2763       | 1.2873       | 1.0352   |           
265    | 2.9976     | 0.3659     | 1.3103       | 1.3214       | 0.1963     | 1.2824       | 1.2835       | 1.0268   |           
266    | 3.0062     | 0.3847     | 1.3038       | 1.3178       | 0.1514     | 1.2854       | 1.2774       | 1.1339   |           
267    | 3.0220     | 0.3978     | 1.3054       | 1.3188       | 0.1346     | 1.2682       | 1.2815       | 1.0403   |           
268    | 2.9741     | 0.3627     | 1.2994       | 1.3121       | 0.1197     | 1.2843       | 1.2886       | 1.0726   | (ADV -0.02)
269    | 2.9603     | 0.3352     | 1.3085       | 1.3166       | 0.1295     | 1.2817       | 1.2922       | 1.1386   |           
270    | 3.0121     | 0.3906     | 1.3074       | 1.3141       | 0.1771     | 1.2829       | 1.2751       | 1.0163   |           
271    | 2.9925     | 0.3741     | 1.3077       | 1.3107       | 0.1261     | 1.2786       | 1.2753       | 1.1269   |           
272    | 2.9654     | 0.3454     | 1.3076       | 1.3124       | 0.1108     | 1.2731       | 1.2699       | 1.1463   | (ADV -0.02)
273    | 2.9558     | 0.3327     | 1.3076       | 1.3154       | 0.1480     | 1.2871       | 1.2906       | 1.1468   |           
274    | 2.9857     | 0.3599     | 1.3101       | 1.3156       | 0.1182     | 1.2806       | 1.2798       | 1.1692   | (ADV -0.02)
275    | 2.9550     | 0.3333     | 1.3066       | 1.3152       | 0.1285     | 1.2764       | 1.2787       | 1.1861   |           
276    | 2.9539     | 0.3320     | 1.3074       | 1.3146       | 0.1170     | 1.2883       | 1.2831       | 1.1181   | (ADV -0.02)
277    | 2.9530     | 0.3300     | 1.3108       | 1.3121       | 0.1135     | 1.2794       | 1.2749       | 1.1630   |           
278    | 2.9959     | 0.3783     | 1.3039       | 1.3137       | 0.1140     | 1.2751       | 1.2791       | 1.1583   |           
279    | 2.9818     | 0.3577     | 1.3075       | 1.3166       | 0.1359     | 1.2859       | 1.2794       | 1.1274   |           
280    | 2.9561     | 0.3409     | 1.3036       | 1.3116       | 0.1414     | 1.2856       | 1.2881       | 1.0248   |           
281    | 2.9899     | 0.3685     | 1.3065       | 1.3149       | 0.1220     | 1.2763       | 1.2810       | 1.1560   |           
282    | 2.9852     | 0.3602     | 1.3085       | 1.3166       | 0.1164     | 1.2858       | 1.2922       | 1.1074   | (ADV -0.02)
283    | 2.9716     | 0.3537     | 1.3028       | 1.3150       | 0.1241     | 1.2850       | 1.2912       | 1.0844   |           
284    | 2.9787     | 0.3529     | 1.3089       | 1.3170       | 0.1217     | 1.2745       | 1.2907       | 1.0624   |           
285    | 2.9804     | 0.3515     | 1.3102       | 1.3188       | 0.1197     | 1.2839       | 1.2971       | 1.1637   |           
286    | 2.9976     | 0.3680     | 1.3079       | 1.3217       | 0.1144     | 1.2850       | 1.2972       | 1.1465   |           
287    | 2.9824     | 0.3470     | 1.3106       | 1.3248       | 0.1338     | 1.2790       | 1.2992       | 1.0774   |           
288    | 2.9915     | 0.3542     | 1.3104       | 1.3270       | 0.1186     | 1.2885       | 1.3013       | 1.1576   |           
289    | 2.9955     | 0.3575     | 1.3145       | 1.3234       | 0.1210     | 1.2936       | 1.3024       | 1.1129   |           
290    | 2.9566     | 0.3220     | 1.3103       | 1.3243       | 0.1160     | 1.2956       | 1.3069       | 1.0777   | (ADV -0.02)
291    | 3.0155     | 0.3765     | 1.3146       | 1.3244       | 0.1255     | 1.2908       | 1.2957       | 1.0903   |           
292    | 2.9647     | 0.3260     | 1.3099       | 1.3288       | 0.1466     | 1.2976       | 1.2915       | 1.0682   |           
293    | 2.9802     | 0.3404     | 1.3148       | 1.3250       | 0.1299     | 1.2895       | 1.2974       | 1.0767   |           
294    | 2.9668     | 0.3310     | 1.3109       | 1.3250       | 0.1218     | 1.2937       | 1.3019       | 1.1266   |           
295    | 2.9611     | 0.3195     | 1.3167       | 1.3248       | 0.1131     | 1.2960       | 1.3013       | 1.1934   | (ADV -0.02)
296    | 2.9686     | 0.3292     | 1.3137       | 1.3258       | 0.1162     | 1.2919       | 1.2982       | 1.1537   |           
297    | 2.9618     | 0.3233     | 1.3139       | 1.3245       | 0.1064     | 1.2907       | 1.2949       | 1.1622   | (ADV -0.01)
298    | 3.0048     | 0.3626     | 1.3157       | 1.3265       | 0.1150     | 1.2921       | 1.2987       | 1.1816   |           
299    | 2.9800     | 0.3438     | 1.3133       | 1.3230       | 0.1177     | 1.2953       | 1.2970       | 1.1796   |           
300    | 2.9883     | 0.3472     | 1.3181       | 1.3231       | 0.1248     | 1.2969       | 1.2992       | 1.1146   |           
301    | 2.9845     | 0.3425     | 1.3141       | 1.3279       | 0.1240     | 1.2944       | 1.2991       | 1.2095   |           
302    | 2.9751     | 0.3310     | 1.3160       | 1.3281       | 0.1308     | 1.2942       | 1.3057       | 1.0474   |           
303    | 2.9720     | 0.3231     | 1.3193       | 1.3296       | 0.1117     | 1.2925       | 1.2988       | 1.0654   |           
304    | 2.9924     | 0.3452     | 1.3176       | 1.3296       | 0.1066     | 1.2881       | 1.3056       | 1.1190   |           
305    | 2.9854     | 0.3431     | 1.3122       | 1.3300       | 0.1278     | 1.2932       | 1.3118       | 1.0927   |           
306    | 3.0164     | 0.3742     | 1.3121       | 1.3300       | 0.1286     | 1.2870       | 1.3120       | 1.1660   |           
307    | 2.9652     | 0.3226     | 1.3109       | 1.3318       | 0.0989     | 1.2899       | 1.2994       | 1.0990   | (ADV -0.01)
308    | 2.9887     | 0.3351     | 1.3199       | 1.3336       | 0.1050     | 1.2965       | 1.3002       | 1.1328   | (ADV -0.01)
309    | 2.9941     | 0.3460     | 1.3172       | 1.3309       | 0.1342     | 1.2988       | 1.3020       | 1.0669   |           
310    | 2.9995     | 0.3519     | 1.3128       | 1.3348       | 0.1173     | 1.2870       | 1.3008       | 1.1635   |           
311    | 2.9865     | 0.3465     | 1.3094       | 1.3305       | 0.1196     | 1.2846       | 1.3040       | 1.1189   |           
312    | 2.9472     | 0.3108     | 1.3100       | 1.3263       | 0.1046     | 1.2967       | 1.3008       | 1.0638   | (ADV -0.01)
313    | 2.9423     | 0.2949     | 1.3152       | 1.3323       | 0.1214     | 1.2982       | 1.3064       | 1.0919   |           
314    | 2.9685     | 0.3269     | 1.3127       | 1.3289       | 0.1235     | 1.3004       | 1.3030       | 1.0229   |           
315    | 3.0177     | 0.3755     | 1.3145       | 1.3276       | 0.1918     | 1.2962       | 1.2966       | 1.1481   |           
316    | 2.9802     | 0.3391     | 1.3125       | 1.3287       | 0.1237     | 1.2967       | 1.2941       | 1.1072   |           
317    | 2.9884     | 0.3388     | 1.3175       | 1.3320       | 0.1193     | 1.2917       | 1.3050       | 1.0667   |           
318    | 2.9730     | 0.3213     | 1.3198       | 1.3319       | 0.1057     | 1.2928       | 1.2999       | 1.0974   |           
319    | 2.9554     | 0.3130     | 1.3151       | 1.3273       | 0.1114     | 1.2999       | 1.3088       | 1.1719   |           
320    | 2.9764     | 0.3286     | 1.3182       | 1.3296       | 0.1259     | 1.2926       | 1.2979       | 1.0531   |           
321    | 2.9974     | 0.3461     | 1.3211       | 1.3302       | 0.1180     | 1.3021       | 1.3020       | 1.1696   |           
322    | 2.9587     | 0.3054     | 1.3206       | 1.3327       | 0.1094     | 1.3017       | 1.3066       | 1.1873   |           
323    | 2.9753     | 0.3281     | 1.3226       | 1.3247       | 0.1377     | 1.3014       | 1.2970       | 1.1723   |           
324    | 2.9967     | 0.3454     | 1.3203       | 1.3310       | 0.1020     | 1.2950       | 1.2930       | 1.1829   | (ADV -0.01)
325    | 2.9447     | 0.3066     | 1.3166       | 1.3215       | 0.1087     | 1.2922       | 1.3019       | 1.1003   |           
326    | 2.9765     | 0.3275     | 1.3210       | 1.3279       | 0.1124     | 1.3033       | 1.3024       | 1.1418   |           
327    | 2.9924     | 0.3382     | 1.3223       | 1.3318       | 0.1196     | 1.2939       | 1.3040       | 1.2041   |           
328    | 2.9708     | 0.3218     | 1.3201       | 1.3289       | 0.1235     | 1.3093       | 1.3076       | 1.1339   |           
329    | 2.9709     | 0.3144     | 1.3218       | 1.3346       | 0.1254     | 1.3066       | 1.3113       | 1.1882   |           
330    | 2.9779     | 0.3220     | 1.3198       | 1.3360       | 0.1377     | 1.3134       | 1.3114       | 1.1048   |           
331    | 2.9484     | 0.2995     | 1.3197       | 1.3292       | 0.1199     | 1.3125       | 1.3046       | 1.1041   |           
332    | 3.0018     | 0.3450     | 1.3240       | 1.3328       | 0.1244     | 1.3035       | 1.3064       | 1.1824   |           
333    | 2.9561     | 0.3039     | 1.3218       | 1.3304       | 0.1086     | 1.3066       | 1.2983       | 1.1756   |           
334    | 2.9741     | 0.3260     | 1.3185       | 1.3295       | 0.1095     | 1.3049       | 1.3034       | 1.1576   |           
335    | 2.9664     | 0.3162     | 1.3194       | 1.3309       | 0.1174     | 1.3051       | 1.3013       | 1.0835   |           
336    | 2.9899     | 0.3400     | 1.3214       | 1.3286       | 0.1131     | 1.2983       | 1.3009       | 1.0941   |           
337    | 2.9559     | 0.3072     | 1.3203       | 1.3283       | 0.0981     | 1.2972       | 1.3057       | 1.1553   | (ADV -0.01)
338    | 2.9758     | 0.3269     | 1.3188       | 1.3301       | 0.1115     | 1.3056       | 1.3063       | 1.1103   |           
339    | 3.0026     | 0.3476     | 1.3229       | 1.3320       | 0.1079     | 1.3035       | 1.3131       | 1.1445   |           
340    | 2.9701     | 0.3223     | 1.3169       | 1.3309       | 0.1297     | 1.3041       | 1.2937       | 1.1054   |           
341    | 2.9786     | 0.3293     | 1.3211       | 1.3282       | 0.1251     | 1.3095       | 1.2970       | 1.0858   |           
342    | 2.9639     | 0.3168     | 1.3191       | 1.3280       | 0.1024     | 1.3033       | 1.3078       | 1.0562   | (ADV -0.01)
343    | 2.9558     | 0.3091     | 1.3201       | 1.3266       | 0.1213     | 1.3131       | 1.3039       | 1.0426   |           
344    | 2.9794     | 0.3201     | 1.3251       | 1.3341       | 0.1599     | 1.3168       | 1.3001       | 1.1344   |           
345    | 2.9589     | 0.3004     | 1.3268       | 1.3317       | 0.1208     | 1.3141       | 1.3074       | 1.0666   |           
346    | 2.9585     | 0.2984     | 1.3262       | 1.3339       | 0.1188     | 1.3059       | 1.3029       | 1.0491   |           
347    | 2.9535     | 0.3063     | 1.3178       | 1.3294       | 0.1308     | 1.3210       | 1.3175       | 1.0971   |           
348    | 2.9872     | 0.3261     | 1.3270       | 1.3341       | 0.1301     | 1.3102       | 1.3061       | 1.0805   |           
349    | 2.9793     | 0.3199     | 1.3264       | 1.3330       | 0.1664     | 1.3099       | 1.3054       | 0.9936   |           
350    | 2.9999     | 0.3447     | 1.3241       | 1.3311       | 0.1342     | 1.3157       | 1.3107       | 1.1709   |           
351    | 2.9817     | 0.3246     | 1.3238       | 1.3333       | 0.1083     | 1.3026       | 1.3132       | 1.0766   |           
352    | 2.9649     | 0.3137     | 1.3204       | 1.3308       | 0.1233     | 1.3022       | 1.3051       | 1.0118   |           
353    | 2.9654     | 0.3126     | 1.3207       | 1.3321       | 0.1122     | 1.3082       | 1.3000       | 1.0886   |           
354    | 2.9539     | 0.3002     | 1.3250       | 1.3287       | 0.1165     | 1.3023       | 1.3048       | 1.0549   |           
355    | 2.9675     | 0.3081     | 1.3276       | 1.3318       | 0.1224     | 1.3169       | 1.3122       | 1.1119   |           
356    | 3.0130     | 0.3507     | 1.3253       | 1.3371       | 0.1549     | 1.3037       | 1.3011       | 1.0965   |           
357    | 2.9519     | 0.3042     | 1.3182       | 1.3295       | 0.1335     | 1.2957       | 1.3063       | 1.1485   |           
358    | 2.9633     | 0.3123     | 1.3230       | 1.3280       | 0.1339     | 1.3107       | 1.3090       | 1.1051   |           
359    | 2.9526     | 0.2956     | 1.3234       | 1.3336       | 0.1473     | 1.3133       | 1.3077       | 1.0155   |           
360    | 2.9792     | 0.3229     | 1.3265       | 1.3298       | 0.1424     | 1.3132       | 1.3054       | 1.0235   |           
361    | 2.9571     | 0.2969     | 1.3245       | 1.3358       | 0.1222     | 1.3196       | 1.2996       | 1.1469   |           
362    | 3.0162     | 0.3543     | 1.3263       | 1.3357       | 0.1114     | 1.3016       | 1.3066       | 1.1433   |           
363    | 2.9553     | 0.2983     | 1.3251       | 1.3318       | 0.1294     | 1.2995       | 1.3063       | 1.0636   |           
364    | 2.9653     | 0.3089     | 1.3252       | 1.3313       | 0.1492     | 1.3038       | 1.3099       | 1.0843   |           
365    | 2.9521     | 0.2973     | 1.3249       | 1.3298       | 0.1087     | 1.3042       | 1.3056       | 1.1564   |           
366    | 2.9840     | 0.3312     | 1.3233       | 1.3295       | 0.1469     | 1.3063       | 1.3045       | 1.0728   |           
367    | 2.9570     | 0.3110     | 1.3208       | 1.3252       | 0.1349     | 1.3108       | 1.3104       | 1.1742   |           
368    | 2.9089     | 0.2592     | 1.3215       | 1.3281       | 0.1118     | 1.3086       | 1.3094       | 1.0015   |           
369    | 2.9763     | 0.3167     | 1.3273       | 1.3323       | 0.1596     | 1.3162       | 1.3142       | 1.2184   |           
370    | 2.9620     | 0.3131     | 1.3206       | 1.3283       | 0.1245     | 1.3137       | 1.3062       | 1.2042   |           
371    | 2.9721     | 0.3216     | 1.3243       | 1.3262       | 0.1328     | 1.3035       | 1.3117       | 1.1258   |           
372    | 2.9487     | 0.3010     | 1.3202       | 1.3275       | 0.1261     | 1.3115       | 1.3152       | 1.1777   |           
373    | 2.9634     | 0.3118     | 1.3227       | 1.3288       | 0.1207     | 1.3152       | 1.3070       | 1.0714   |           
374    | 2.9387     | 0.2829     | 1.3269       | 1.3289       | 0.1080     | 1.3045       | 1.2994       | 1.1632   |           
375    | 2.9743     | 0.3238     | 1.3261       | 1.3244       | 0.1156     | 1.3084       | 1.3052       | 1.1054   |           
376    | 2.9698     | 0.3149     | 1.3254       | 1.3295       | 0.1291     | 1.3063       | 1.3035       | 1.0952   |           
377    | 2.9749     | 0.3232     | 1.3228       | 1.3289       | 0.1211     | 1.3024       | 1.3111       | 1.0008   |           
378    | 2.9817     | 0.3212     | 1.3261       | 1.3344       | 0.1287     | 1.3104       | 1.3032       | 1.1285   |           
379    | 3.0185     | 0.3637     | 1.3260       | 1.3288       | 0.1236     | 1.2988       | 1.3001       | 1.0423   |           
380    | 2.9521     | 0.3113     | 1.3175       | 1.3233       | 0.1293     | 1.3034       | 1.3118       | 0.9624   |           
381    | 2.9410     | 0.2872     | 1.3253       | 1.3286       | 0.1344     | 1.3045       | 1.3042       | 1.0551   |           
382    | 2.9598     | 0.3063     | 1.3241       | 1.3294       | 0.1129     | 1.3081       | 1.3144       | 1.1012   |           
383    | 2.9676     | 0.3084     | 1.3263       | 1.3329       | 0.1530     | 1.3068       | 1.3121       | 1.1173   |           
384    | 2.9434     | 0.2897     | 1.3240       | 1.3297       | 0.0992     | 1.3049       | 1.3080       | 1.1504   | (ADV -0.01)
385    | 2.9620     | 0.3096     | 1.3252       | 1.3272       | 0.1279     | 1.2994       | 1.2952       | 1.1007   |           
386    | 2.9609     | 0.3044     | 1.3248       | 1.3317       | 0.1325     | 1.3037       | 1.3152       | 1.1029   |           
387    | 2.9494     | 0.2914     | 1.3241       | 1.3339       | 0.1310     | 1.3045       | 1.3073       | 1.0909   |           
388    | 2.9576     | 0.3053     | 1.3230       | 1.3292       | 0.1377     | 1.3026       | 1.3125       | 1.0355   |           
389    | 2.9562     | 0.2995     | 1.3258       | 1.3308       | 0.1165     | 1.3099       | 1.3164       | 1.2578   |           
390    | 2.9643     | 0.3083     | 1.3269       | 1.3291       | 0.1332     | 1.3098       | 1.3060       | 1.0385   |           
391    | 2.9343     | 0.2833     | 1.3243       | 1.3267       | 0.1364     | 1.3073       | 1.3078       | 1.0926   |           
392    | 2.9818     | 0.3218     | 1.3289       | 1.3310       | 0.1369     | 1.3046       | 1.3085       | 1.0659   |           
393    | 2.9585     | 0.3047     | 1.3243       | 1.3294       | 0.1318     | 1.3076       | 1.3159       | 1.1406   |           
394    | 2.9622     | 0.3008     | 1.3268       | 1.3346       | 0.1164     | 1.3031       | 1.3203       | 1.1322   |           
395    | 2.9547     | 0.2915     | 1.3243       | 1.3389       | 0.1501     | 1.3150       | 1.3097       | 1.1825   |           
396    | 2.9590     | 0.3062     | 1.3221       | 1.3307       | 0.1142     | 1.2940       | 1.2947       | 1.1110   |           
397    | 2.9690     | 0.3169     | 1.3232       | 1.3288       | 0.1136     | 1.3009       | 1.3038       | 1.1117   |           
398    | 2.9553     | 0.2947     | 1.3236       | 1.3370       | 0.1244     | 1.3009       | 1.3168       | 1.1899   |           
399    | 2.9868     | 0.3217     | 1.3272       | 1.3379       | 0.1128     | 1.2946       | 1.3108       | 1.0642   |           
400    | 2.9762     | 0.3246     | 1.3186       | 1.3329       | 0.1243     | 1.3065       | 1.3036       | 1.1538   |           
Seed 123456 | Src Acc: 98.4694 | Src MDE: 0.0236 | Tgt Acc: 31.2245 | Tgt MDE: 1.1504
Finished Combo 1_2. Results saved.
