==========================================
Current Experiment: RTT Combination: ['Dist_mm_3', 'Dist_mm_4']
RTT Input Dimension: 2
==========================================
Start Training Seed 42...

Start CDAN+E Training... (Entropy Conditioning Enabled)
Epoch  | Total Loss | Tr Cls     | Tr Dom RSSI  | Tr Dom RTT   | Val T Acc  | Val T Entropy | Test MDE
------------------------------------------------------------------------------------------------------------------------
1      | 6.6385     | 3.8806     | 1.3804       | 1.3776       | 0.4750     | 3.7663       | 1.5202   |           
2      | 5.8530     | 3.1807     | 1.3332       | 1.3390       | 0.6438     | 3.5910       | 1.4114   |           
3      | 5.3591     | 2.7719     | 1.2822       | 1.3050       | 0.7240     | 3.4648       | 1.2699   |           
4      | 4.9632     | 2.4467     | 1.2373       | 1.2792       | 0.7958     | 3.2595       | 1.2809   |           
5      | 4.6126     | 2.1873     | 1.1826       | 1.2427       | 0.8562     | 3.1458       | 1.1729   |           
6      | 4.3289     | 1.9587     | 1.1544       | 1.2158       | 0.9177     | 2.9524       | 1.1576   |           
7      | 4.0848     | 1.7741     | 1.1137       | 1.1970       | 0.9396     | 2.7958       | 1.1203   |           
8      | 3.8792     | 1.6362     | 1.0918       | 1.1512       | 0.9427     | 2.6471       | 1.1277   |           
9      | 3.7047     | 1.5001     | 1.0665       | 1.1381       | 0.9344     | 2.6315       | 1.1417   |           
10     | 3.5464     | 1.3789     | 1.0513       | 1.1162       | 0.9490     | 2.3574       | 1.0846   |           
11     | 3.4087     | 1.2891     | 1.0220       | 1.0976       | 0.9500     | 2.3031       | 1.1025   | (ADV -0.20)
12     | 3.3485     | 1.2360     | 1.0048       | 1.1077       | 0.9542     | 2.1579       | 1.1156   | (ADV -0.12)
13     | 3.2575     | 1.1740     | 1.0128       | 1.0707       | 0.9333     | 2.1769       | 1.1073   |           
14     | 3.2810     | 1.1260     | 1.0241       | 1.1308       | 0.9531     | 2.0660       | 1.1129   | (ADV -0.08)
15     | 3.1882     | 1.0672     | 0.9993       | 1.1217       | 0.9479     | 1.9039       | 1.1135   | (ADV -0.00)
16     | 3.1666     | 1.0322     | 0.9876       | 1.1467       | 0.9510     | 1.8612       | 1.1018   | (ADV 0.02)
17     | 3.0666     | 0.9697     | 0.9742       | 1.1227       | 0.9625     | 1.7257       | 1.1189   | (ADV 0.10)
18     | 3.0908     | 0.9895     | 0.9965       | 1.1048       | 0.9552     | 1.7451       | 1.1363   |           
19     | 3.0640     | 0.9513     | 0.9959       | 1.1168       | 0.9510     | 1.6628       | 1.1139   | (ADV 0.12)
20     | 2.9875     | 0.9087     | 0.9669       | 1.1119       | 0.9563     | 1.5357       | 1.0949   | (ADV 0.19)
21     | 3.0264     | 0.9345     | 0.9913       | 1.1006       | 0.9448     | 1.6011       | 1.0850   |           
22     | 2.9317     | 0.8605     | 0.9731       | 1.0982       | 0.9479     | 1.4758       | 1.1828   | (ADV 0.21)
23     | 2.9336     | 0.8571     | 0.9852       | 1.0913       | 0.9542     | 1.4502       | 1.1435   | (ADV 0.23)
24     | 2.8951     | 0.8109     | 0.9880       | 1.0961       | 0.9625     | 1.4501       | 1.1078   | (ADV 0.24)
25     | 2.8744     | 0.8060     | 0.9987       | 1.0696       | 0.9563     | 1.4185       | 1.1391   | (ADV 0.25)
26     | 2.8480     | 0.7921     | 0.9904       | 1.0655       | 0.9427     | 1.3866       | 1.1637   | (ADV 0.25)
27     | 2.8258     | 0.7959     | 0.9639       | 1.0660       | 0.9563     | 1.3662       | 1.1044   | (ADV 0.27)
28     | 2.8309     | 0.7658     | 0.9928       | 1.0722       | 0.9604     | 1.3260       | 1.1575   | (ADV 0.30)
29     | 2.9116     | 0.8122     | 1.0016       | 1.0979       | 0.9583     | 1.3616       | 1.1835   |           
30     | 2.8479     | 0.7570     | 0.9921       | 1.0988       | 0.9531     | 1.3124       | 1.1284   |           
31     | 2.7813     | 0.7193     | 0.9831       | 1.0790       | 0.9594     | 1.2707       | 1.1187   | (ADV 0.32)
32     | 2.7977     | 0.7273     | 1.0006       | 1.0698       | 0.9583     | 1.2617       | 1.1353   | (ADV 0.33)
33     | 2.7777     | 0.7106     | 1.0068       | 1.0604       | 0.9594     | 1.2035       | 1.1617   | (ADV 0.36)
34     | 2.8322     | 0.7422     | 0.9927       | 1.0972       | 0.9333     | 1.2624       | 1.1602   |           
35     | 2.8348     | 0.7343     | 1.0000       | 1.1005       | 0.9531     | 1.2006       | 1.1249   |           
36     | 2.7605     | 0.6950     | 0.9948       | 1.0706       | 0.9594     | 1.1564       | 1.0999   | (ADV 0.38)
37     | 2.7888     | 0.7089     | 1.0026       | 1.0773       | 0.9542     | 1.1627       | 1.1394   |           
38     | 2.7535     | 0.6843     | 0.9851       | 1.0841       | 0.9594     | 1.1470       | 1.1090   | (ADV 0.39)
39     | 2.7549     | 0.6879     | 1.0039       | 1.0631       | 0.9615     | 1.1234       | 1.1174   | (ADV 0.40)
40     | 2.7125     | 0.6678     | 0.9848       | 1.0598       | 0.9563     | 1.1383       | 1.1605   |           
41     | 2.7176     | 0.6532     | 0.9970       | 1.0674       | 0.9573     | 1.0962       | 1.1127   | (ADV 0.41)
42     | 2.7138     | 0.6667     | 0.9801       | 1.0670       | 0.9531     | 1.1361       | 1.1174   |           
43     | 2.7476     | 0.6885     | 0.9932       | 1.0659       | 0.9635     | 1.0605       | 1.0832   | (ADV 0.43)
44     | 2.7343     | 0.6594     | 1.0079       | 1.0670       | 0.9531     | 1.1456       | 1.0770   |           
45     | 2.7532     | 0.6710     | 1.0024       | 1.0799       | 0.9625     | 1.0835       | 1.0842   |           
46     | 2.6947     | 0.6522     | 0.9809       | 1.0615       | 0.9542     | 1.0847       | 1.1940   |           
47     | 2.7277     | 0.6525     | 1.0010       | 1.0742       | 0.9573     | 1.0456       | 1.1548   | (ADV 0.43)
48     | 2.7495     | 0.6608     | 1.0216       | 1.0671       | 0.9615     | 0.9983       | 1.0865   | (ADV 0.46)
49     | 2.6913     | 0.6172     | 1.0118       | 1.0623       | 0.9406     | 1.0114       | 1.1262   |           
50     | 2.6516     | 0.6015     | 0.9915       | 1.0586       | 0.9698     | 0.9578       | 1.1403   | (ADV 0.49)
51     | 2.7764     | 0.6904     | 0.9933       | 1.0927       | 0.9594     | 0.9808       | 1.1269   |           
52     | 2.7592     | 0.6674     | 1.0077       | 1.0841       | 0.9510     | 1.0195       | 1.1209   |           
53     | 2.7283     | 0.6346     | 1.0096       | 1.0841       | 0.9531     | 0.9914       | 1.1392   |           
54     | 2.7553     | 0.6535     | 1.0375       | 1.0643       | 0.9583     | 0.9533       | 1.1117   |           
55     | 2.7475     | 0.6440     | 1.0191       | 1.0845       | 0.9646     | 0.9603       | 1.1436   |           
56     | 2.6946     | 0.6188     | 1.0083       | 1.0674       | 0.9573     | 1.0040       | 1.1364   |           
57     | 2.7570     | 0.6528     | 1.0233       | 1.0809       | 0.9635     | 0.9592       | 1.0701   |           
58     | 2.7297     | 0.6132     | 1.0290       | 1.0875       | 0.9646     | 0.9680       | 1.0865   |           
59     | 2.7341     | 0.6209     | 1.0277       | 1.0854       | 0.9583     | 0.9515       | 1.1416   |           
60     | 2.7690     | 0.6429     | 1.0455       | 1.0806       | 0.9594     | 0.9385       | 1.0710   |           
61     | 2.7674     | 0.6335     | 1.0501       | 1.0838       | 0.9583     | 0.9408       | 1.1091   |           
62     | 2.7134     | 0.6104     | 1.0331       | 1.0699       | 0.9542     | 0.9463       | 1.1254   |           
63     | 2.7152     | 0.6097     | 1.0294       | 1.0761       | 0.9542     | 0.9175       | 1.1249   | (ADV 0.50)
64     | 2.7242     | 0.6131     | 1.0086       | 1.1026       | 0.9635     | 0.8901       | 1.1209   | (ADV 0.52)
65     | 2.7354     | 0.6251     | 1.0255       | 1.0847       | 0.9615     | 0.9380       | 1.1384   |           
66     | 2.6863     | 0.5919     | 1.0198       | 1.0746       | 0.9552     | 0.9342       | 1.1445   |           
67     | 2.7105     | 0.6015     | 1.0267       | 1.0822       | 0.9635     | 0.8429       | 1.0377   | (ADV 0.54)
68     | 2.7670     | 0.6014     | 1.0464       | 1.1192       | 0.9542     | 0.8707       | 1.0760   |           
69     | 2.7630     | 0.6076     | 1.0478       | 1.1076       | 0.9646     | 0.8622       | 1.0950   |           
70     | 2.7486     | 0.5961     | 1.0558       | 1.0967       | 0.9531     | 0.8514       | 1.0669   |           
71     | 2.8122     | 0.6313     | 1.0680       | 1.1129       | 0.9563     | 0.9010       | 1.0870   |           
72     | 2.8057     | 0.6174     | 1.0708       | 1.1175       | 0.9677     | 0.8636       | 1.1521   |           
73     | 2.7549     | 0.5850     | 1.0619       | 1.1080       | 0.9688     | 0.8481       | 1.0545   | (ADV 0.54)
74     | 2.8127     | 0.6451     | 1.0717       | 1.0958       | 0.9354     | 0.8634       | 1.0971   |           
75     | 2.8150     | 0.6213     | 1.0935       | 1.1002       | 0.9573     | 0.8850       | 1.1594   |           
76     | 2.8263     | 0.6322     | 1.0765       | 1.1175       | 0.9510     | 0.8601       | 1.1682   |           
77     | 2.7766     | 0.6116     | 1.0613       | 1.1038       | 0.9594     | 0.8543       | 1.1023   |           
78     | 2.8464     | 0.6449     | 1.0916       | 1.1099       | 0.9635     | 0.8257       | 1.1554   | (ADV 0.55)
79     | 2.8209     | 0.6162     | 1.0766       | 1.1281       | 0.9667     | 0.8555       | 1.1392   |           
80     | 2.8328     | 0.6191     | 1.0985       | 1.1152       | 0.9573     | 0.8679       | 1.0899   |           
81     | 2.8717     | 0.6362     | 1.1138       | 1.1217       | 0.9542     | 0.8331       | 1.1423   |           
82     | 2.7954     | 0.5802     | 1.0964       | 1.1189       | 0.9406     | 0.8527       | 1.1173   |           
83     | 2.8377     | 0.6009     | 1.1070       | 1.1298       | 0.9667     | 0.8557       | 1.1511   |           
84     | 2.8482     | 0.6175     | 1.1157       | 1.1150       | 0.9542     | 0.8558       | 1.2053   |           
85     | 2.8354     | 0.6066     | 1.1152       | 1.1135       | 0.9667     | 0.8954       | 1.1025   |           
86     | 2.8564     | 0.6093     | 1.1092       | 1.1379       | 0.9646     | 0.8618       | 1.1253   |           
87     | 2.8796     | 0.6232     | 1.1006       | 1.1558       | 0.9615     | 0.9031       | 1.0629   |           
88     | 2.8416     | 0.5923     | 1.1125       | 1.1368       | 0.9656     | 0.8160       | 1.0612   | (ADV 0.56)
89     | 2.9438     | 0.6685     | 1.1090       | 1.1662       | 0.9542     | 0.8190       | 1.0823   |           
90     | 2.8656     | 0.6003     | 1.1284       | 1.1368       | 0.9542     | 0.8286       | 1.1062   |           
91     | 2.8414     | 0.5740     | 1.1281       | 1.1393       | 0.9708     | 0.8057       | 1.1026   | (ADV 0.57)
92     | 2.8389     | 0.5884     | 1.1152       | 1.1352       | 0.9667     | 0.8192       | 1.1338   |           
93     | 2.8841     | 0.6234     | 1.1199       | 1.1408       | 0.9510     | 0.7972       | 1.1080   |           
94     | 2.8761     | 0.6061     | 1.1188       | 1.1512       | 0.9615     | 0.8372       | 1.0891   |           
95     | 2.8163     | 0.5659     | 1.0990       | 1.1514       | 0.9646     | 0.7632       | 1.1518   | (ADV 0.58)
96     | 2.8271     | 0.5947     | 1.0917       | 1.1407       | 0.9510     | 0.8418       | 1.1300   |           
97     | 2.9332     | 0.6479     | 1.1279       | 1.1574       | 0.9573     | 0.8677       | 1.0961   |           
98     | 2.9238     | 0.6407     | 1.1133       | 1.1697       | 0.9583     | 0.8017       | 1.1511   |           
99     | 2.8659     | 0.5806     | 1.1228       | 1.1625       | 0.9594     | 0.7626       | 1.1151   |           
100    | 2.9040     | 0.6182     | 1.1113       | 1.1745       | 0.9479     | 0.8309       | 1.0657   |           
101    | 2.8660     | 0.5948     | 1.1138       | 1.1574       | 0.9635     | 0.7751       | 1.1350   |           
102    | 2.8702     | 0.5949     | 1.1187       | 1.1566       | 0.9656     | 0.7646       | 1.1313   | (ADV 0.58)
103    | 2.9191     | 0.6083     | 1.1333       | 1.1775       | 0.9583     | 0.7647       | 1.0858   |           
104    | 2.8999     | 0.5991     | 1.1384       | 1.1624       | 0.9688     | 0.7589       | 1.1162   | (ADV 0.59)
105    | 2.8404     | 0.5638     | 1.1228       | 1.1538       | 0.9615     | 0.7617       | 1.1063   |           
106    | 2.9217     | 0.6236     | 1.1268       | 1.1714       | 0.9594     | 0.7698       | 1.0938   |           
107    | 2.9200     | 0.6122     | 1.1417       | 1.1661       | 0.9719     | 0.8212       | 1.1272   |           
108    | 2.9259     | 0.6168     | 1.1414       | 1.1676       | 0.9656     | 0.8149       | 1.0863   |           
109    | 2.9409     | 0.6280     | 1.1510       | 1.1619       | 0.9510     | 0.7671       | 1.0731   |           
110    | 2.9308     | 0.6240     | 1.1357       | 1.1711       | 0.9594     | 0.7635       | 1.0021   |           
111    | 2.8760     | 0.5921     | 1.1342       | 1.1497       | 0.9656     | 0.7858       | 1.0529   |           
112    | 2.9568     | 0.6219     | 1.1533       | 1.1815       | 0.9656     | 0.7919       | 1.1176   |           
113    | 2.8377     | 0.5491     | 1.1298       | 1.1587       | 0.9167     | 0.8219       | 1.1411   |           
114    | 2.9576     | 0.6218     | 1.1486       | 1.1873       | 0.9625     | 0.7998       | 1.1496   |           
115    | 2.9820     | 0.6195     | 1.1768       | 1.1857       | 0.9667     | 0.7970       | 1.1556   |           
116    | 2.9685     | 0.6294     | 1.1573       | 1.1819       | 0.9646     | 0.7640       | 1.1409   |           
117    | 2.9122     | 0.5999     | 1.1541       | 1.1583       | 0.9667     | 0.7875       | 1.1232   |           
118    | 2.8949     | 0.5805     | 1.1368       | 1.1776       | 0.9604     | 0.7706       | 1.0737   |           
119    | 2.8876     | 0.5861     | 1.1160       | 1.1856       | 0.9542     | 0.8093       | 1.0714   |           
120    | 2.9808     | 0.6212     | 1.1578       | 1.2018       | 0.9656     | 0.7832       | 1.0947   |           
121    | 2.9358     | 0.5904     | 1.1553       | 1.1901       | 0.9646     | 0.7865       | 1.0175   |           
122    | 2.9197     | 0.5846     | 1.1405       | 1.1946       | 0.9719     | 0.7173       | 1.0568   | (ADV 0.61)
123    | 2.9220     | 0.5928     | 1.1303       | 1.1988       | 0.9646     | 0.7923       | 1.0733   |           
124    | 2.9312     | 0.5975     | 1.1507       | 1.1830       | 0.9667     | 0.7700       | 1.0319   |           
125    | 2.8787     | 0.5545     | 1.1343       | 1.1899       | 0.9615     | 0.7510       | 1.0342   |           
126    | 2.9095     | 0.5789     | 1.1381       | 1.1925       | 0.9667     | 0.7495       | 1.0051   |           
127    | 2.9259     | 0.5934     | 1.1389       | 1.1937       | 0.9594     | 0.7771       | 1.0736   |           
128    | 2.9143     | 0.5781     | 1.1309       | 1.2053       | 0.9667     | 0.7241       | 1.0717   |           
129    | 3.0024     | 0.6244     | 1.1663       | 1.2118       | 0.9385     | 0.7754       | 1.0821   |           
130    | 2.9810     | 0.6220     | 1.1535       | 1.2055       | 0.9615     | 0.7597       | 1.0514   |           
131    | 2.9581     | 0.5964     | 1.1609       | 1.2009       | 0.9740     | 0.7537       | 1.1290   |           
132    | 2.9205     | 0.5806     | 1.1460       | 1.1939       | 0.9594     | 0.7276       | 1.0360   |           
133    | 2.9308     | 0.5756     | 1.1455       | 1.2097       | 0.9615     | 0.7607       | 1.0681   |           
134    | 2.9089     | 0.5761     | 1.1368       | 1.1960       | 0.9646     | 0.7813       | 1.1077   |           
135    | 2.9121     | 0.5731     | 1.1526       | 1.1864       | 0.9521     | 0.7681       | 1.0859   |           
136    | 2.9512     | 0.6016     | 1.1537       | 1.1960       | 0.9594     | 0.7645       | 1.1019   |           
137    | 2.9370     | 0.5933     | 1.1439       | 1.1998       | 0.9615     | 0.7703       | 1.0899   |           
138    | 2.9926     | 0.6231     | 1.1708       | 1.1987       | 0.9448     | 0.7752       | 1.0674   |           
139    | 2.9891     | 0.6271     | 1.1586       | 1.2034       | 0.9615     | 0.7503       | 1.0279   |           
140    | 2.9874     | 0.6239     | 1.1510       | 1.2125       | 0.9604     | 0.7104       | 1.0414   |           
141    | 2.8829     | 0.5505     | 1.1437       | 1.1886       | 0.9583     | 0.7427       | 1.1426   |           
142    | 2.9252     | 0.5629     | 1.1637       | 1.1986       | 0.9625     | 0.7296       | 1.0771   |           
143    | 2.8832     | 0.5528     | 1.1472       | 1.1832       | 0.9656     | 0.7162       | 1.0637   |           
144    | 2.8965     | 0.5517     | 1.1498       | 1.1951       | 0.9698     | 0.7277       | 1.0783   |           
145    | 2.9422     | 0.5740     | 1.1686       | 1.1995       | 0.9656     | 0.7174       | 1.0442   |           
146    | 2.8982     | 0.5614     | 1.1457       | 1.1911       | 0.9677     | 0.7131       | 1.0658   |           
147    | 2.9667     | 0.6120     | 1.1626       | 1.1921       | 0.9469     | 0.7464       | 1.1363   |           
148    | 2.9347     | 0.5903     | 1.1701       | 1.1742       | 0.9625     | 0.7016       | 1.1033   |           
149    | 2.8746     | 0.5495     | 1.1428       | 1.1823       | 0.9688     | 0.7228       | 1.0889   |           
150    | 2.9123     | 0.5517     | 1.1750       | 1.1857       | 0.9625     | 0.6834       | 1.1090   | (ADV 0.62)
151    | 2.9193     | 0.5878     | 1.1512       | 1.1803       | 0.9708     | 0.6833       | 1.0731   | (ADV 0.63)
152    | 2.9110     | 0.5765     | 1.1478       | 1.1868       | 0.9604     | 0.7236       | 1.1456   |           
153    | 2.9532     | 0.6079     | 1.1621       | 1.1833       | 0.9688     | 0.6595       | 1.1082   | (ADV 0.64)
154    | 2.8814     | 0.5437     | 1.1506       | 1.1871       | 0.9479     | 0.7255       | 1.0584   |           
155    | 2.8934     | 0.5527     | 1.1546       | 1.1860       | 0.9625     | 0.6960       | 1.1082   |           
156    | 2.9441     | 0.5803     | 1.1696       | 1.1942       | 0.9698     | 0.7266       | 1.1513   |           
157    | 2.9331     | 0.5837     | 1.1553       | 1.1940       | 0.9437     | 0.7325       | 1.1210   |           
158    | 2.9871     | 0.6018     | 1.1793       | 1.2060       | 0.9573     | 0.7017       | 1.1272   |           
159    | 2.9373     | 0.5524     | 1.1719       | 1.2130       | 0.9531     | 0.7206       | 1.0617   |           
160    | 2.9658     | 0.5756     | 1.1785       | 1.2117       | 0.9406     | 0.7086       | 1.1319   |           
161    | 2.9845     | 0.6080     | 1.1821       | 1.1944       | 0.9521     | 0.7013       | 1.0824   |           
162    | 2.8944     | 0.5442     | 1.1718       | 1.1784       | 0.9677     | 0.6881       | 1.1219   |           
163    | 2.9883     | 0.5804     | 1.1898       | 1.2180       | 0.9417     | 0.6927       | 1.1214   |           
164    | 2.9590     | 0.5526     | 1.1888       | 1.2176       | 0.9646     | 0.7005       | 1.1421   |           
165    | 2.9043     | 0.5549     | 1.1765       | 1.1729       | 0.9625     | 0.6385       | 1.1585   | (ADV 0.64)
166    | 2.9238     | 0.5506     | 1.1814       | 1.1918       | 0.9667     | 0.6876       | 1.1294   |           
167    | 2.9450     | 0.5588     | 1.1819       | 1.2043       | 0.9656     | 0.6979       | 1.1757   |           
168    | 2.9507     | 0.5574     | 1.1903       | 1.2030       | 0.9542     | 0.7326       | 1.1616   |           
169    | 2.9219     | 0.5501     | 1.1673       | 1.2045       | 0.9635     | 0.7407       | 1.1339   |           
170    | 2.9198     | 0.5450     | 1.1862       | 1.1886       | 0.9667     | 0.7080       | 1.1368   |           
171    | 2.9815     | 0.5831     | 1.1782       | 1.2202       | 0.9458     | 0.7354       | 1.1673   |           
172    | 2.9616     | 0.5806     | 1.1804       | 1.2006       | 0.9667     | 0.7139       | 1.1054   |           
173    | 2.9407     | 0.5414     | 1.1910       | 1.2083       | 0.9615     | 0.6866       | 1.1390   |           
174    | 2.8837     | 0.5141     | 1.1784       | 1.1912       | 0.9719     | 0.6797       | 1.0546   |           
175    | 2.9567     | 0.5674     | 1.1906       | 1.1987       | 0.9604     | 0.6897       | 1.0931   |           
176    | 2.9156     | 0.5391     | 1.1777       | 1.1989       | 0.9552     | 0.7112       | 1.1212   |           
177    | 2.9361     | 0.5593     | 1.1774       | 1.1994       | 0.9615     | 0.7130       | 1.0996   |           
178    | 2.9542     | 0.5516     | 1.1853       | 1.2174       | 0.9646     | 0.7114       | 1.1523   |           
179    | 2.8956     | 0.5151     | 1.1799       | 1.2006       | 0.9698     | 0.6660       | 1.1323   |           
180    | 2.9190     | 0.5337     | 1.1780       | 1.2074       | 0.9625     | 0.6507       | 1.1625   |           
181    | 2.9573     | 0.5572     | 1.1948       | 1.2053       | 0.9448     | 0.6521       | 1.0924   |           
182    | 3.0018     | 0.6145     | 1.1847       | 1.2025       | 0.9604     | 0.6769       | 1.0697   |           
183    | 2.9579     | 0.5732     | 1.1866       | 1.1980       | 0.9667     | 0.6226       | 1.1380   | (ADV 0.66)
184    | 2.9042     | 0.5397     | 1.1670       | 1.1974       | 0.9604     | 0.7124       | 1.1055   |           
185    | 2.9664     | 0.5812     | 1.1800       | 1.2052       | 0.9583     | 0.6499       | 1.0715   |           
186    | 2.9231     | 0.5305     | 1.1904       | 1.2023       | 0.9677     | 0.6550       | 1.0447   |           
187    | 2.9029     | 0.5320     | 1.1769       | 1.1940       | 0.9427     | 0.6569       | 1.1128   |           
188    | 3.0060     | 0.5895     | 1.1898       | 1.2267       | 0.9656     | 0.6719       | 1.1337   |           
189    | 2.8954     | 0.5119     | 1.1743       | 1.2092       | 0.9719     | 0.6607       | 1.1049   |           
190    | 2.9501     | 0.5462     | 1.1874       | 1.2164       | 0.9500     | 0.6665       | 1.0995   |           
191    | 2.9002     | 0.5139     | 1.1777       | 1.2085       | 0.9563     | 0.6464       | 1.0877   |           
192    | 2.9373     | 0.5546     | 1.1775       | 1.2052       | 0.9635     | 0.6740       | 1.1609   |           
193    | 2.9815     | 0.5989     | 1.1839       | 1.1987       | 0.9667     | 0.6901       | 1.1259   |           
194    | 2.9569     | 0.5521     | 1.1981       | 1.2067       | 0.9667     | 0.6928       | 1.1549   |           
195    | 2.9394     | 0.5541     | 1.1873       | 1.1980       | 0.9375     | 0.6478       | 1.0571   |           
196    | 2.9811     | 0.5780     | 1.1913       | 1.2118       | 0.9781     | 0.6654       | 1.1013   |           
197    | 2.9078     | 0.5295     | 1.1833       | 1.1950       | 0.9677     | 0.6905       | 1.1247   |           
198    | 2.9148     | 0.5138     | 1.1844       | 1.2166       | 0.9667     | 0.6596       | 1.1487   |           
199    | 2.9126     | 0.5442     | 1.1689       | 1.1996       | 0.9656     | 0.6754       | 1.1380   |           
200    | 2.9399     | 0.5389     | 1.2032       | 1.1978       | 0.9656     | 0.6452       | 1.1180   |           
201    | 2.9754     | 0.5623     | 1.2148       | 1.1984       | 0.9740     | 0.6739       | 1.1432   |           
202    | 2.9567     | 0.5524     | 1.1966       | 1.2077       | 0.9583     | 0.6449       | 1.1121   |           
203    | 2.9708     | 0.5627     | 1.2036       | 1.2045       | 0.9573     | 0.7111       | 1.1113   |           
204    | 3.0108     | 0.5817     | 1.2017       | 1.2274       | 0.9313     | 0.6419       | 1.1479   |           
205    | 2.9627     | 0.5516     | 1.1960       | 1.2151       | 0.9542     | 0.6981       | 1.1471   |           
206    | 2.9788     | 0.5732     | 1.1884       | 1.2172       | 0.9646     | 0.6437       | 1.0795   |           
207    | 2.9841     | 0.5756     | 1.1943       | 1.2142       | 0.9677     | 0.6361       | 1.0802   |           
208    | 2.9435     | 0.5429     | 1.1838       | 1.2168       | 0.9729     | 0.6731       | 1.1342   |           
209    | 2.9829     | 0.5662     | 1.2102       | 1.2066       | 0.9677     | 0.6524       | 1.0916   |           
210    | 2.9713     | 0.5466     | 1.2179       | 1.2068       | 0.9688     | 0.6680       | 1.1441   |           
211    | 2.9561     | 0.5448     | 1.2020       | 1.2093       | 0.9688     | 0.6136       | 1.1587   | (ADV 0.66)
212    | 2.9602     | 0.5618     | 1.2014       | 1.1970       | 0.9469     | 0.6630       | 1.1056   |           
213    | 2.9496     | 0.5543     | 1.2021       | 1.1931       | 0.9646     | 0.6107       | 1.1050   |           
214    | 2.9514     | 0.5436     | 1.2073       | 1.2005       | 0.9490     | 0.7259       | 1.1029   |           
215    | 2.9418     | 0.5401     | 1.1995       | 1.2021       | 0.9656     | 0.6586       | 1.1311   |           
216    | 2.9205     | 0.5268     | 1.1942       | 1.1995       | 0.9688     | 0.6269       | 1.1364   |           
217    | 2.9444     | 0.5592     | 1.1803       | 1.2049       | 0.9573     | 0.6146       | 1.1491   |           
218    | 2.9394     | 0.5591     | 1.1838       | 1.1965       | 0.9625     | 0.6253       | 1.0552   |           
219    | 2.9002     | 0.5070     | 1.1868       | 1.2064       | 0.9677     | 0.6358       | 1.1038   |           
220    | 2.9468     | 0.5464     | 1.1926       | 1.2079       | 0.9594     | 0.6949       | 1.1736   |           
221    | 2.9249     | 0.5429     | 1.1861       | 1.1958       | 0.9656     | 0.6303       | 1.1035   |           
222    | 2.8916     | 0.5082     | 1.1899       | 1.1935       | 0.9656     | 0.6090       | 1.0740   |           
223    | 2.8807     | 0.4811     | 1.1954       | 1.2042       | 0.9448     | 0.6274       | 1.1075   |           
224    | 2.9684     | 0.5525     | 1.1953       | 1.2205       | 0.9427     | 0.6697       | 1.0976   |           
225    | 2.9846     | 0.5673     | 1.2079       | 1.2095       | 0.9594     | 0.6784       | 1.0783   |           
226    | 2.9507     | 0.5425     | 1.1967       | 1.2115       | 0.9656     | 0.6885       | 1.0979   |           
227    | 2.8880     | 0.4887     | 1.1959       | 1.2034       | 0.9552     | 0.6461       | 1.0877   |           
228    | 2.9617     | 0.5421     | 1.1987       | 1.2209       | 0.9521     | 0.6566       | 1.1068   |           
229    | 2.9987     | 0.5807     | 1.1936       | 1.2243       | 0.9500     | 0.6564       | 1.1286   |           
230    | 2.9400     | 0.5513     | 1.1838       | 1.2049       | 0.9656     | 0.6030       | 1.1110   | (ADV 0.66)
231    | 2.9595     | 0.5554     | 1.1923       | 1.2117       | 0.9448     | 0.6347       | 1.1042   |           
232    | 2.9277     | 0.5197     | 1.1818       | 1.2262       | 0.9594     | 0.5981       | 1.1031   |           
233    | 2.9920     | 0.5634     | 1.1899       | 1.2387       | 0.9563     | 0.7626       | 1.1521   |           
234    | 2.9882     | 0.5740     | 1.1936       | 1.2206       | 0.9635     | 0.6437       | 1.0760   |           
235    | 2.9673     | 0.5378     | 1.1988       | 1.2306       | 0.9667     | 0.6323       | 1.1925   |           
236    | 2.9619     | 0.5408     | 1.2049       | 1.2162       | 0.9656     | 0.6060       | 1.1305   |           
237    | 2.9317     | 0.5368     | 1.1891       | 1.2058       | 0.9521     | 0.6303       | 1.1216   |           
238    | 2.9332     | 0.5175     | 1.1986       | 1.2171       | 0.9479     | 0.6127       | 1.0989   |           
239    | 3.0015     | 0.5651     | 1.2146       | 1.2218       | 0.9667     | 0.6577       | 1.1792   |           
240    | 2.9879     | 0.5777     | 1.2002       | 1.2099       | 0.9615     | 0.6496       | 1.1333   |           
241    | 2.9284     | 0.5190     | 1.2006       | 1.2088       | 0.9625     | 0.6514       | 1.1220   |           
242    | 2.9105     | 0.5118     | 1.2023       | 1.1964       | 0.9740     | 0.6336       | 1.1679   |           
243    | 3.0167     | 0.5593     | 1.2118       | 1.2456       | 0.9531     | 0.6868       | 1.0621   |           
244    | 2.9681     | 0.5224     | 1.2050       | 1.2408       | 0.9604     | 0.6567       | 1.1283   |           
245    | 2.9571     | 0.5259     | 1.2052       | 1.2260       | 0.9604     | 0.6712       | 1.1682   |           
246    | 2.9276     | 0.5144     | 1.1837       | 1.2295       | 0.9698     | 0.6293       | 1.1177   |           
247    | 2.9674     | 0.5312     | 1.2034       | 1.2328       | 0.9750     | 0.6869       | 1.1661   |           
248    | 2.9739     | 0.5389     | 1.2181       | 1.2169       | 0.9688     | 0.6212       | 1.1530   |           
249    | 2.9632     | 0.5358     | 1.2074       | 1.2201       | 0.9563     | 0.6342       | 1.1075   |           
250    | 2.8927     | 0.4932     | 1.1908       | 1.2087       | 0.9469     | 0.6455       | 1.1574   |           
251    | 2.9357     | 0.5076     | 1.2044       | 1.2237       | 0.9594     | 0.6605       | 1.2017   |           
252    | 2.9328     | 0.5025     | 1.2111       | 1.2192       | 0.9698     | 0.6747       | 1.1887   |           
253    | 2.9924     | 0.5465     | 1.2149       | 1.2310       | 0.9563     | 0.7147       | 1.1328   |           
254    | 2.9580     | 0.5323     | 1.2152       | 1.2106       | 0.9635     | 0.6373       | 1.1629   |           
255    | 2.9987     | 0.5568     | 1.2099       | 1.2320       | 0.9667     | 0.6520       | 1.1354   |           
256    | 2.9657     | 0.5234     | 1.2106       | 1.2317       | 0.9719     | 0.6479       | 1.1736   |           
257    | 3.0083     | 0.5677     | 1.2144       | 1.2262       | 0.9677     | 0.6242       | 1.1518   |           
258    | 2.9552     | 0.5163     | 1.2063       | 1.2326       | 0.9677     | 0.5942       | 1.1593   | (ADV 0.67)
259    | 2.9449     | 0.5162     | 1.2029       | 1.2258       | 0.9708     | 0.6226       | 1.1623   |           
260    | 3.0114     | 0.5592     | 1.2056       | 1.2466       | 0.9365     | 0.6653       | 1.1394   |           
261    | 2.9133     | 0.4794     | 1.2053       | 1.2286       | 0.9688     | 0.6170       | 1.1222   |           
262    | 2.9763     | 0.5369     | 1.2095       | 1.2299       | 0.9698     | 0.6456       | 1.1882   |           
263    | 2.9632     | 0.5178     | 1.2111       | 1.2344       | 0.9677     | 0.6187       | 1.2232   |           
264    | 2.9806     | 0.5419     | 1.2077       | 1.2310       | 0.9667     | 0.6192       | 1.2623   |           
265    | 3.0314     | 0.5638     | 1.2235       | 1.2441       | 0.9531     | 0.6366       | 1.1756   |           
266    | 2.9900     | 0.5418     | 1.2099       | 1.2382       | 0.9656     | 0.6542       | 1.1933   |           
267    | 2.9941     | 0.5268     | 1.2156       | 1.2517       | 0.9635     | 0.7203       | 1.2865   |           
268    | 3.0277     | 0.5759     | 1.2114       | 1.2405       | 0.9479     | 0.7117       | 1.2080   |           
269    | 3.0251     | 0.5525     | 1.2205       | 1.2521       | 0.9698     | 0.6381       | 1.2823   |           
270    | 2.9651     | 0.5173     | 1.2110       | 1.2369       | 0.9698     | 0.6274       | 1.2014   |           
271    | 2.9664     | 0.5187     | 1.2124       | 1.2353       | 0.9688     | 0.5970       | 1.2000   |           
272    | 2.9773     | 0.5399     | 1.2040       | 1.2333       | 0.9375     | 0.6544       | 1.2820   |           
273    | 2.9721     | 0.5247     | 1.2098       | 1.2375       | 0.9417     | 0.6201       | 1.1688   |           
274    | 2.9880     | 0.5268     | 1.2314       | 1.2298       | 0.9615     | 0.6329       | 1.2422   |           
275    | 3.0386     | 0.5786     | 1.2175       | 1.2425       | 0.9510     | 0.5936       | 1.2224   |           
276    | 2.9525     | 0.5084     | 1.2086       | 1.2356       | 0.9604     | 0.5691       | 1.1645   | (ADV 0.68)
277    | 2.9121     | 0.4842     | 1.1946       | 1.2334       | 0.9615     | 0.6485       | 1.1524   |           
278    | 2.9842     | 0.5221     | 1.2245       | 1.2376       | 0.9688     | 0.6581       | 1.2288   |           
279    | 2.9950     | 0.5400     | 1.2123       | 1.2427       | 0.9677     | 0.6161       | 1.2184   |           
280    | 2.9369     | 0.5043     | 1.2039       | 1.2286       | 0.9729     | 0.5895       | 1.1602   | (ADV 0.68)
281    | 2.9449     | 0.5241     | 1.2073       | 1.2136       | 0.9708     | 0.6367       | 1.1784   |           
282    | 3.0151     | 0.5623     | 1.2206       | 1.2323       | 0.9635     | 0.6291       | 1.1267   |           
283    | 2.9605     | 0.5230     | 1.2074       | 1.2301       | 0.9708     | 0.6181       | 1.1595   |           
284    | 2.9662     | 0.5077     | 1.2172       | 1.2414       | 0.9698     | 0.5957       | 1.1898   |           
285    | 2.9375     | 0.5083     | 1.2073       | 1.2219       | 0.9583     | 0.6323       | 1.1412   |           
286    | 2.8967     | 0.4943     | 1.1892       | 1.2132       | 0.9604     | 0.6255       | 1.2118   |           
287    | 2.9372     | 0.5081     | 1.2096       | 1.2195       | 0.9635     | 0.5856       | 1.1802   |           
288    | 2.9140     | 0.4916     | 1.2038       | 1.2186       | 0.9646     | 0.6001       | 1.2192   |           
289    | 2.9995     | 0.5529     | 1.2139       | 1.2327       | 0.9667     | 0.6177       | 1.2364   |           
290    | 2.9675     | 0.5121     | 1.2239       | 1.2315       | 0.9719     | 0.6481       | 1.2145   |           
291    | 2.9927     | 0.5449     | 1.2201       | 1.2278       | 0.9646     | 0.6194       | 1.0962   |           
292    | 2.9353     | 0.5077     | 1.1956       | 1.2320       | 0.9417     | 0.6744       | 1.1106   |           
293    | 2.9312     | 0.4998     | 1.2080       | 1.2234       | 0.9677     | 0.6638       | 1.2279   |           
294    | 2.9385     | 0.5086     | 1.2086       | 1.2213       | 0.9677     | 0.6309       | 1.1918   |           
295    | 2.9606     | 0.5324     | 1.2085       | 1.2197       | 0.9573     | 0.6063       | 1.2606   |           
296    | 2.9881     | 0.5274     | 1.2226       | 1.2382       | 0.9479     | 0.6401       | 1.1903   |           
297    | 2.9548     | 0.5252     | 1.2063       | 1.2234       | 0.9583     | 0.6298       | 1.2451   |           
298    | 2.9347     | 0.5088     | 1.2079       | 1.2180       | 0.9385     | 0.6768       | 1.1839   |           
299    | 2.9832     | 0.5326     | 1.2128       | 1.2379       | 0.9719     | 0.6355       | 1.2487   |           
300    | 2.9455     | 0.5090     | 1.2126       | 1.2238       | 0.9760     | 0.6519       | 1.2071   |           
301    | 2.9598     | 0.5110     | 1.2188       | 1.2300       | 0.9688     | 0.6292       | 1.2295   |           
302    | 2.9944     | 0.5235     | 1.2349       | 1.2360       | 0.9719     | 0.6475       | 1.2271   |           
303    | 2.9795     | 0.5100     | 1.2342       | 1.2353       | 0.9719     | 0.5998       | 1.2061   |           
304    | 2.9734     | 0.5301     | 1.2210       | 1.2223       | 0.9646     | 0.6384       | 1.1850   |           
305    | 2.9086     | 0.4691     | 1.2199       | 1.2196       | 0.9615     | 0.6939       | 1.2010   |           
306    | 3.0061     | 0.5514     | 1.2349       | 1.2198       | 0.9583     | 0.6705       | 1.1733   |           
307    | 3.0167     | 0.5432     | 1.2358       | 1.2377       | 0.9719     | 0.6277       | 1.2577   |           
308    | 2.9908     | 0.5294     | 1.2241       | 1.2373       | 0.9688     | 0.6400       | 1.1827   |           
309    | 3.0478     | 0.5828     | 1.2354       | 1.2296       | 0.9656     | 0.7087       | 1.1323   |           
310    | 2.9732     | 0.5413     | 1.2091       | 1.2229       | 0.9531     | 0.6438       | 1.2152   |           
311    | 2.9631     | 0.5275     | 1.2069       | 1.2287       | 0.9573     | 0.6629       | 1.1971   |           
312    | 2.9663     | 0.5202     | 1.2088       | 1.2372       | 0.9615     | 0.6765       | 1.1971   |           
313    | 2.9939     | 0.5380     | 1.2160       | 1.2399       | 0.9594     | 0.6729       | 1.1758   |           
314    | 3.0014     | 0.5506     | 1.2135       | 1.2373       | 0.9740     | 0.7211       | 1.2890   |           
315    | 2.9899     | 0.5188     | 1.2252       | 1.2460       | 0.9594     | 0.6739       | 1.2516   |           
316    | 2.9817     | 0.5045     | 1.2249       | 1.2523       | 0.9635     | 0.6940       | 1.1879   |           
317    | 2.9574     | 0.5162     | 1.2147       | 1.2266       | 0.9604     | 0.6939       | 1.2719   |           
318    | 2.9963     | 0.5258     | 1.2349       | 1.2356       | 0.9469     | 0.6691       | 1.1974   |           
319    | 2.9937     | 0.5296     | 1.2359       | 1.2283       | 0.9719     | 0.6744       | 1.1908   |           
320    | 2.9796     | 0.5325     | 1.2216       | 1.2255       | 0.9365     | 0.6351       | 1.1688   |           
321    | 2.9556     | 0.5137     | 1.2205       | 1.2214       | 0.9656     | 0.6055       | 1.1841   |           
322    | 2.9667     | 0.5096     | 1.2232       | 1.2339       | 0.9625     | 0.6787       | 1.2315   |           
323    | 3.0104     | 0.5483     | 1.2357       | 1.2263       | 0.9531     | 0.6805       | 1.2386   |           
324    | 2.9471     | 0.4952     | 1.2344       | 1.2174       | 0.9594     | 0.6227       | 1.1647   |           
325    | 2.9526     | 0.5052     | 1.2166       | 1.2308       | 0.9677     | 0.6225       | 1.2230   |           
326    | 3.0199     | 0.5630     | 1.2192       | 1.2378       | 0.9708     | 0.6244       | 1.2886   |           
327    | 2.9269     | 0.4810     | 1.2255       | 1.2205       | 0.9542     | 0.6398       | 1.2034   |           
328    | 2.9872     | 0.5240     | 1.2255       | 1.2377       | 0.9594     | 0.6660       | 1.2426   |           
329    | 2.9541     | 0.4931     | 1.2106       | 1.2503       | 0.9677     | 0.6150       | 1.2314   |           
330    | 3.0301     | 0.5366     | 1.2464       | 1.2471       | 0.9479     | 0.6480       | 1.2319   |           
331    | 2.9521     | 0.4951     | 1.2242       | 1.2329       | 0.9698     | 0.5798       | 1.2224   | (ADV 0.68)
332    | 2.9619     | 0.5037     | 1.2208       | 1.2374       | 0.9656     | 0.5982       | 1.2211   |           
333    | 2.9859     | 0.5288     | 1.2379       | 1.2192       | 0.9604     | 0.6109       | 1.2825   |           
334    | 2.9755     | 0.5333     | 1.2309       | 1.2113       | 0.9552     | 0.6329       | 1.2111   |           
335    | 2.9757     | 0.5191     | 1.2311       | 1.2255       | 0.9625     | 0.5684       | 1.1535   |           
336    | 2.9757     | 0.5064     | 1.2361       | 1.2333       | 0.9667     | 0.6116       | 1.1971   |           
337    | 3.0348     | 0.5746     | 1.2228       | 1.2374       | 0.9615     | 0.6170       | 1.1986   |           
338    | 2.9805     | 0.5529     | 1.2139       | 1.2138       | 0.9677     | 0.6176       | 1.2142   |           
339    | 2.9237     | 0.4686     | 1.2261       | 1.2290       | 0.9604     | 0.5811       | 1.2074   |           
340    | 2.9348     | 0.4965     | 1.2175       | 1.2208       | 0.9625     | 0.6141       | 1.1824   |           
341    | 2.9203     | 0.4707     | 1.2236       | 1.2260       | 0.9563     | 0.6897       | 1.1743   |           
342    | 2.9525     | 0.4826     | 1.2379       | 1.2319       | 0.9750     | 0.6097       | 1.2443   |           
343    | 2.9798     | 0.5144     | 1.2315       | 1.2339       | 0.9604     | 0.6237       | 1.2212   |           
344    | 3.0221     | 0.5372     | 1.2388       | 1.2460       | 0.9750     | 0.6723       | 1.2540   |           
345    | 2.9787     | 0.5356     | 1.2163       | 1.2267       | 0.9698     | 0.5928       | 1.1953   |           
346    | 2.9157     | 0.4705     | 1.2246       | 1.2205       | 0.9802     | 0.5972       | 1.2195   | (ADV 0.68)
347    | 2.9194     | 0.4641     | 1.2257       | 1.2296       | 0.9729     | 0.6039       | 1.1423   |           
348    | 2.9290     | 0.4774     | 1.2299       | 1.2218       | 0.9740     | 0.5749       | 1.2251   | (ADV 0.69)
349    | 2.9772     | 0.4853     | 1.2347       | 1.2572       | 0.9719     | 0.6302       | 1.1899   |           
350    | 3.0216     | 0.5485     | 1.2283       | 1.2448       | 0.9417     | 0.6139       | 1.1719   |           
351    | 2.9510     | 0.4942     | 1.2258       | 1.2310       | 0.9781     | 0.6242       | 1.2213   |           
352    | 2.9675     | 0.5026     | 1.2262       | 1.2386       | 0.9531     | 0.6658       | 1.1812   |           
353    | 2.9562     | 0.4880     | 1.2308       | 1.2374       | 0.9740     | 0.5969       | 1.1894   |           
354    | 2.9135     | 0.4617     | 1.2256       | 1.2262       | 0.9667     | 0.6229       | 1.2488   |           
355    | 2.9453     | 0.4804     | 1.2378       | 1.2271       | 0.9677     | 0.6414       | 1.2398   |           
356    | 2.9214     | 0.4640     | 1.2169       | 1.2406       | 0.9667     | 0.6161       | 1.2181   |           
357    | 2.9738     | 0.4865     | 1.2375       | 1.2499       | 0.9760     | 0.5710       | 1.1482   | (ADV 0.69)
358    | 2.9464     | 0.4673     | 1.2327       | 1.2464       | 0.9760     | 0.6253       | 1.2169   |           
359    | 2.9707     | 0.4779     | 1.2411       | 1.2517       | 0.9740     | 0.6505       | 1.2249   |           
360    | 2.9532     | 0.4762     | 1.2326       | 1.2444       | 0.9708     | 0.6416       | 1.2056   |           
361    | 2.9812     | 0.4788     | 1.2363       | 1.2661       | 0.9771     | 0.6479       | 1.1861   |           
362    | 3.0350     | 0.5267     | 1.2425       | 1.2659       | 0.9667     | 0.6555       | 1.1535   |           
363    | 2.9948     | 0.5000     | 1.2462       | 1.2485       | 0.9708     | 0.6851       | 1.1973   |           
364    | 2.9918     | 0.5003     | 1.2378       | 1.2537       | 0.9667     | 0.6414       | 1.1836   |           
365    | 2.9701     | 0.4791     | 1.2412       | 1.2498       | 0.9719     | 0.6321       | 1.1783   |           
366    | 2.9667     | 0.4898     | 1.2389       | 1.2379       | 0.9594     | 0.6119       | 1.2069   |           
367    | 2.9880     | 0.5035     | 1.2354       | 1.2492       | 0.9698     | 0.6269       | 1.1909   |           
368    | 2.9452     | 0.4920     | 1.2254       | 1.2279       | 0.9729     | 0.6258       | 1.2590   |           
369    | 2.9555     | 0.4753     | 1.2485       | 1.2317       | 0.9740     | 0.6082       | 1.2282   |           
370    | 2.9598     | 0.4772     | 1.2375       | 1.2451       | 0.9563     | 0.6160       | 1.1620   |           
371    | 2.9828     | 0.4972     | 1.2435       | 1.2420       | 0.9708     | 0.5984       | 1.1675   |           
372    | 2.9616     | 0.4778     | 1.2331       | 1.2507       | 0.9625     | 0.6294       | 1.2459   |           
373    | 2.9958     | 0.4997     | 1.2464       | 1.2497       | 0.9698     | 0.6609       | 1.2527   |           
374    | 2.9918     | 0.4794     | 1.2553       | 1.2571       | 0.9688     | 0.6321       | 1.1984   |           
375    | 2.9628     | 0.4694     | 1.2438       | 1.2495       | 0.9688     | 0.5995       | 1.1521   |           
376    | 2.9967     | 0.4766     | 1.2533       | 1.2668       | 0.9667     | 0.6555       | 1.2444   |           
377    | 2.9889     | 0.4776     | 1.2521       | 1.2593       | 0.9573     | 0.6498       | 1.2895   |           
378    | 3.0373     | 0.5246     | 1.2517       | 1.2610       | 0.9719     | 0.6175       | 1.2201   |           
379    | 3.0239     | 0.5248     | 1.2368       | 1.2622       | 0.9698     | 0.6518       | 1.2440   |           
380    | 2.9703     | 0.4811     | 1.2299       | 1.2594       | 0.9677     | 0.6292       | 1.2094   |           
381    | 3.0218     | 0.5093     | 1.2424       | 1.2701       | 0.9583     | 0.6419       | 1.2665   |           
382    | 3.0002     | 0.4926     | 1.2539       | 1.2537       | 0.9375     | 0.6432       | 1.2170   |           
383    | 3.0233     | 0.5168     | 1.2437       | 1.2628       | 0.9667     | 0.6290       | 1.2390   |           
384    | 3.0015     | 0.4986     | 1.2477       | 1.2551       | 0.9677     | 0.5678       | 1.1505   |           
385    | 2.9830     | 0.4754     | 1.2437       | 1.2638       | 0.9760     | 0.6419       | 1.2228   |           
386    | 2.9814     | 0.4735     | 1.2530       | 1.2549       | 0.9635     | 0.5841       | 1.1247   |           
387    | 2.9459     | 0.4536     | 1.2431       | 1.2492       | 0.9615     | 0.6410       | 1.2172   |           
388    | 2.9915     | 0.4851     | 1.2450       | 1.2615       | 0.9708     | 0.6836       | 1.1888   |           
389    | 3.0491     | 0.5226     | 1.2614       | 1.2651       | 0.9656     | 0.6144       | 1.1472   |           
390    | 3.0059     | 0.4904     | 1.2475       | 1.2679       | 0.9708     | 0.6041       | 1.1192   |           
391    | 3.0286     | 0.5120     | 1.2533       | 1.2632       | 0.9635     | 0.6493       | 1.1999   |           
392    | 3.0100     | 0.4868     | 1.2598       | 1.2633       | 0.9667     | 0.6552       | 1.2270   |           
393    | 2.9929     | 0.4738     | 1.2523       | 1.2667       | 0.9688     | 0.6134       | 1.1276   |           
394    | 2.9964     | 0.4781     | 1.2586       | 1.2597       | 0.9625     | 0.6655       | 1.1397   |           
395    | 3.0308     | 0.4957     | 1.2561       | 1.2790       | 0.9688     | 0.6234       | 1.1509   |           
396    | 3.0687     | 0.5279     | 1.2674       | 1.2734       | 0.9635     | 0.6890       | 1.2109   |           
397    | 2.9910     | 0.4755     | 1.2540       | 1.2616       | 0.9667     | 0.6432       | 1.2156   |           
398    | 3.0126     | 0.4909     | 1.2515       | 1.2702       | 0.9615     | 0.6185       | 1.1878   |           
399    | 3.0228     | 0.5011     | 1.2552       | 1.2665       | 0.9677     | 0.6390       | 1.2239   |           
400    | 3.0193     | 0.4949     | 1.2635       | 1.2609       | 0.9625     | 0.6580       | 1.1770   |           
Seed 42 | Src Acc: 96.9388 | Src MDE: 0.0667 | Tgt Acc: 29.0816 | Tgt MDE: 1.1482
Start Training Seed 6767...

Start CDAN+E Training... (Entropy Conditioning Enabled)
Epoch  | Total Loss | Tr Cls     | Tr Dom RSSI  | Tr Dom RTT   | Val T Acc  | Val T Entropy | Test MDE
------------------------------------------------------------------------------------------------------------------------
1      | 6.6401     | 3.8842     | 1.3760       | 1.3799       | 0.5010     | 3.7372       | 1.5765   |           
2      | 5.8509     | 3.1898     | 1.3212       | 1.3398       | 0.7281     | 3.6309       | 1.1801   |           
3      | 5.3295     | 2.7547     | 1.2677       | 1.3071       | 0.8052     | 3.4796       | 1.0974   |           
4      | 4.8977     | 2.4019     | 1.2178       | 1.2779       | 0.8583     | 3.2871       | 1.0908   |           
5      | 4.5516     | 2.1172     | 1.1879       | 1.2464       | 0.8885     | 3.1160       | 1.0344   |           
6      | 4.2585     | 1.9056     | 1.1356       | 1.2174       | 0.9094     | 2.9328       | 1.0536   |           
7      | 4.0367     | 1.7439     | 1.0984       | 1.1944       | 0.9198     | 2.7461       | 1.0030   |           
8      | 3.8147     | 1.5848     | 1.0739       | 1.1560       | 0.9240     | 2.6494       | 1.0306   |           
9      | 3.6407     | 1.4521     | 1.0444       | 1.1442       | 0.9250     | 2.4238       | 1.0280   |           
10     | 3.5238     | 1.3659     | 1.0414       | 1.1164       | 0.9385     | 2.3692       | 1.0040   |           
11     | 3.3865     | 1.2539     | 1.0065       | 1.1261       | 0.9271     | 2.3111       | 0.9878   | (ADV -0.23)
12     | 3.3301     | 1.2377     | 0.9929       | 1.0996       | 0.9354     | 2.1781       | 1.0231   | (ADV -0.15)
13     | 3.2796     | 1.1882     | 0.9992       | 1.0921       | 0.9240     | 2.0103       | 1.0151   | (ADV -0.08)
14     | 3.1517     | 1.0917     | 0.9900       | 1.0700       | 0.9333     | 1.9442       | 1.0365   | (ADV -0.04)
15     | 3.1214     | 1.0511     | 0.9816       | 1.0886       | 0.9385     | 1.9103       | 1.0571   | (ADV -0.02)
16     | 3.0757     | 1.0199     | 0.9826       | 1.0732       | 0.9406     | 1.7882       | 0.9803   | (ADV 0.05)
17     | 3.0560     | 0.9894     | 0.9863       | 1.0803       | 0.9427     | 1.6992       | 1.0437   | (ADV 0.09)
18     | 3.0478     | 0.9706     | 0.9953       | 1.0819       | 0.9406     | 1.6787       | 1.0498   | (ADV 0.10)
19     | 2.9881     | 0.8934     | 1.0105       | 1.0842       | 0.9479     | 1.6281       | 1.0562   | (ADV 0.13)
20     | 2.9627     | 0.9004     | 0.9840       | 1.0783       | 0.9479     | 1.5590       | 1.0833   | (ADV 0.17)
21     | 2.9394     | 0.8739     | 0.9803       | 1.0853       | 0.9510     | 1.5065       | 1.0418   | (ADV 0.20)
22     | 2.9504     | 0.8856     | 0.9822       | 1.0826       | 0.9531     | 1.4688       | 1.0938   | (ADV 0.22)
23     | 2.9631     | 0.8658     | 0.9997       | 1.0975       | 0.9437     | 1.4961       | 1.0648   |           
24     | 2.9107     | 0.8316     | 0.9859       | 1.0931       | 0.9396     | 1.4248       | 1.1093   | (ADV 0.23)
25     | 2.8797     | 0.7961     | 0.9849       | 1.0986       | 0.9406     | 1.3683       | 1.0698   | (ADV 0.26)
26     | 2.8432     | 0.7598     | 0.9782       | 1.1053       | 0.9417     | 1.3844       | 1.0385   |           
27     | 2.8141     | 0.7607     | 0.9459       | 1.1074       | 0.9427     | 1.3124       | 1.0882   | (ADV 0.29)
28     | 2.7776     | 0.7358     | 0.9510       | 1.0907       | 0.9458     | 1.3062       | 1.0586   | (ADV 0.29)
29     | 2.8770     | 0.7910     | 0.9768       | 1.1092       | 0.9406     | 1.2504       | 1.0505   | (ADV 0.32)
30     | 2.8161     | 0.7545     | 0.9644       | 1.0972       | 0.9417     | 1.2433       | 1.0768   | (ADV 0.32)
31     | 2.8103     | 0.7549     | 0.9694       | 1.0860       | 0.9469     | 1.2177       | 1.0555   | (ADV 0.34)
32     | 2.7782     | 0.7244     | 0.9763       | 1.0775       | 0.9448     | 1.3213       | 1.0334   |           
33     | 2.8186     | 0.7411     | 0.9647       | 1.1129       | 0.9354     | 1.2092       | 1.0498   |           
34     | 2.8247     | 0.7599     | 0.9559       | 1.1089       | 0.9427     | 1.2024       | 1.1350   | (ADV 0.34)
35     | 2.7561     | 0.7060     | 0.9571       | 1.0930       | 0.9354     | 1.1684       | 1.0256   | (ADV 0.35)
36     | 2.7518     | 0.6826     | 0.9642       | 1.1050       | 0.9385     | 1.1788       | 1.0371   |           
37     | 2.7185     | 0.6848     | 0.9581       | 1.0756       | 0.9427     | 1.1341       | 1.0538   | (ADV 0.38)
38     | 2.7658     | 0.7037     | 0.9724       | 1.0898       | 0.9500     | 1.0970       | 1.0916   | (ADV 0.40)
39     | 2.6952     | 0.6784     | 0.9331       | 1.0836       | 0.9354     | 1.1518       | 1.0689   |           
40     | 2.6788     | 0.6713     | 0.9268       | 1.0808       | 0.9458     | 1.1146       | 1.0549   |           
41     | 2.6792     | 0.6557     | 0.9442       | 1.0792       | 0.9281     | 1.1541       | 1.1516   |           
42     | 2.7102     | 0.6670     | 0.9554       | 1.0878       | 0.9521     | 1.0603       | 1.1246   | (ADV 0.42)
43     | 2.6740     | 0.6402     | 0.9539       | 1.0800       | 0.9469     | 1.0540       | 1.0851   |           
44     | 2.6769     | 0.6377     | 0.9523       | 1.0869       | 0.9479     | 1.0280       | 1.0632   | (ADV 0.43)
45     | 2.6416     | 0.6365     | 0.9416       | 1.0635       | 0.9427     | 1.0081       | 1.0500   | (ADV 0.44)
46     | 2.6913     | 0.6469     | 0.9563       | 1.0881       | 0.9406     | 1.0855       | 1.0147   |           
47     | 2.6597     | 0.6282     | 0.9503       | 1.0812       | 0.9521     | 1.0441       | 1.0289   |           
48     | 2.7399     | 0.6566     | 0.9736       | 1.1096       | 0.9521     | 1.0158       | 1.0196   | (ADV 0.44)
49     | 2.6802     | 0.6347     | 0.9545       | 1.0909       | 0.9427     | 1.0747       | 1.0727   |           
50     | 2.6816     | 0.6333     | 0.9732       | 1.0751       | 0.9469     | 1.0037       | 1.0707   | (ADV 0.45)
51     | 2.7165     | 0.6348     | 0.9765       | 1.1051       | 0.9510     | 1.0487       | 1.0838   |           
52     | 2.6982     | 0.6394     | 0.9719       | 1.0868       | 0.9365     | 0.9807       | 1.0816   | (ADV 0.45)
53     | 2.6789     | 0.6255     | 0.9712       | 1.0822       | 0.9385     | 1.0120       | 1.0265   |           
54     | 2.6789     | 0.6254     | 0.9697       | 1.0837       | 0.9500     | 0.9662       | 1.0865   | (ADV 0.47)
55     | 2.7518     | 0.6634     | 0.9770       | 1.1115       | 0.9458     | 0.9757       | 1.0528   |           
56     | 2.6888     | 0.6266     | 0.9632       | 1.0989       | 0.9510     | 1.0032       | 1.0602   |           
57     | 2.6809     | 0.6132     | 0.9694       | 1.0983       | 0.9458     | 0.9564       | 1.0901   | (ADV 0.47)
58     | 2.6707     | 0.6072     | 0.9753       | 1.0882       | 0.9427     | 0.9646       | 1.0679   |           
59     | 2.7068     | 0.6277     | 0.9753       | 1.1038       | 0.9437     | 0.9554       | 1.0587   |           
60     | 2.6929     | 0.5944     | 1.0039       | 1.0946       | 0.9521     | 0.9545       | 1.0691   | (ADV 0.47)
61     | 2.7772     | 0.6343     | 1.0378       | 1.1050       | 0.9458     | 0.9635       | 1.0458   |           
62     | 2.7467     | 0.6110     | 1.0299       | 1.1058       | 0.9500     | 0.8780       | 1.0854   | (ADV 0.51)
63     | 2.7229     | 0.6348     | 0.9872       | 1.1008       | 0.9417     | 0.9572       | 1.0800   |           
64     | 2.6739     | 0.5850     | 0.9919       | 1.0970       | 0.9542     | 0.9240       | 0.9946   |           
65     | 2.6909     | 0.6007     | 0.9879       | 1.1023       | 0.9500     | 0.9106       | 1.1146   |           
66     | 2.6156     | 0.5680     | 0.9762       | 1.0713       | 0.9521     | 0.9320       | 1.0614   |           
67     | 2.7195     | 0.6127     | 0.9999       | 1.1069       | 0.9521     | 0.9164       | 1.0583   |           
68     | 2.7697     | 0.6587     | 0.9823       | 1.1286       | 0.9458     | 0.8242       | 1.1001   | (ADV 0.53)
69     | 2.7572     | 0.6237     | 1.0170       | 1.1165       | 0.9531     | 0.8860       | 1.0632   |           
70     | 2.7014     | 0.5860     | 0.9943       | 1.1211       | 0.9510     | 0.9257       | 1.0727   |           
71     | 2.7007     | 0.5972     | 0.9958       | 1.1078       | 0.9521     | 0.9069       | 1.0809   |           
72     | 2.7210     | 0.5995     | 1.0134       | 1.1081       | 0.9500     | 0.8937       | 1.0948   |           
73     | 2.7458     | 0.6096     | 1.0135       | 1.1226       | 0.9500     | 0.9107       | 1.0833   |           
74     | 2.7417     | 0.6251     | 1.0001       | 1.1165       | 0.9542     | 0.8518       | 1.0837   |           
75     | 2.7709     | 0.6288     | 1.0190       | 1.1230       | 0.9510     | 0.8928       | 1.0478   |           
76     | 2.7549     | 0.6036     | 1.0452       | 1.1061       | 0.9479     | 0.9077       | 1.0749   |           
77     | 2.7406     | 0.6176     | 1.0126       | 1.1105       | 0.9479     | 0.8820       | 1.1479   |           
78     | 2.7137     | 0.5658     | 1.0396       | 1.1084       | 0.9479     | 0.8698       | 1.0846   |           
79     | 2.7215     | 0.5722     | 1.0212       | 1.1281       | 0.9542     | 0.8401       | 1.0619   | (ADV 0.53)
80     | 2.7347     | 0.5953     | 1.0120       | 1.1274       | 0.9458     | 0.8767       | 1.0970   |           
81     | 2.7088     | 0.5632     | 1.0321       | 1.1135       | 0.9448     | 0.8417       | 1.0564   |           
82     | 2.8055     | 0.6351     | 1.0610       | 1.1094       | 0.9594     | 0.8156       | 1.1049   | (ADV 0.55)
83     | 2.8027     | 0.6213     | 1.0559       | 1.1254       | 0.9469     | 0.8319       | 1.0782   |           
84     | 2.8054     | 0.6221     | 1.0445       | 1.1389       | 0.9490     | 0.8670       | 1.0799   |           
85     | 2.7479     | 0.6004     | 1.0138       | 1.1337       | 0.9458     | 0.7770       | 1.0923   | (ADV 0.56)
86     | 2.7208     | 0.5861     | 1.0313       | 1.1033       | 0.9583     | 0.8504       | 1.1444   |           
87     | 2.8049     | 0.6434     | 1.0418       | 1.1197       | 0.9500     | 0.8848       | 1.1035   |           
88     | 2.7802     | 0.6030     | 1.0501       | 1.1271       | 0.9385     | 0.9121       | 1.1481   |           
89     | 2.8094     | 0.6183     | 1.0478       | 1.1433       | 0.9521     | 0.8404       | 1.0709   |           
90     | 2.7829     | 0.5995     | 1.0549       | 1.1285       | 0.9490     | 0.8433       | 1.0873   |           
91     | 2.8609     | 0.6210     | 1.0890       | 1.1508       | 0.9406     | 0.8821       | 1.1535   |           
92     | 2.7871     | 0.5866     | 1.0641       | 1.1363       | 0.9531     | 0.8491       | 1.0790   |           
93     | 2.7537     | 0.5600     | 1.0500       | 1.1436       | 0.9469     | 0.8000       | 1.1741   |           
94     | 2.7904     | 0.6140     | 1.0415       | 1.1349       | 0.9469     | 0.8143       | 1.0732   |           
95     | 2.7671     | 0.5804     | 1.0522       | 1.1346       | 0.9510     | 0.8479       | 1.0736   |           
96     | 2.7936     | 0.5769     | 1.0538       | 1.1629       | 0.9479     | 0.8045       | 1.0637   |           
97     | 2.8279     | 0.6104     | 1.0593       | 1.1582       | 0.9490     | 0.8034       | 1.1084   |           
98     | 2.8024     | 0.5990     | 1.0452       | 1.1582       | 0.9344     | 0.8438       | 1.0618   |           
99     | 2.8044     | 0.5870     | 1.0743       | 1.1431       | 0.9469     | 0.8130       | 1.0697   |           
100    | 2.7654     | 0.5554     | 1.0723       | 1.1377       | 0.9542     | 0.8165       | 1.1030   |           
101    | 2.8079     | 0.5903     | 1.0704       | 1.1472       | 0.9510     | 0.7707       | 1.0780   | (ADV 0.57)
102    | 2.8359     | 0.6041     | 1.0852       | 1.1466       | 0.9510     | 0.7982       | 1.0730   |           
103    | 2.8301     | 0.5953     | 1.0758       | 1.1590       | 0.9417     | 0.8273       | 1.0249   |           
104    | 2.9177     | 0.6594     | 1.0932       | 1.1651       | 0.9531     | 0.7738       | 1.1079   | (ADV 0.57)
105    | 2.8726     | 0.6103     | 1.0861       | 1.1762       | 0.9479     | 0.8132       | 1.1128   |           
106    | 2.9196     | 0.6580     | 1.1017       | 1.1599       | 0.9542     | 0.8558       | 1.0749   |           
107    | 2.7892     | 0.5431     | 1.0871       | 1.1590       | 0.9583     | 0.8061       | 1.1158   |           
108    | 2.9075     | 0.6241     | 1.1035       | 1.1800       | 0.9333     | 0.7964       | 1.0621   |           
109    | 2.9080     | 0.6369     | 1.0959       | 1.1752       | 0.9573     | 0.7596       | 1.0986   | (ADV 0.58)
110    | 2.8796     | 0.6225     | 1.0835       | 1.1736       | 0.9521     | 0.8018       | 1.0740   |           
111    | 2.7975     | 0.5719     | 1.0553       | 1.1703       | 0.9552     | 0.7483       | 1.0564   | (ADV 0.58)
112    | 2.8540     | 0.5977     | 1.0679       | 1.1884       | 0.9563     | 0.7573       | 1.0855   |           
113    | 2.9360     | 0.6413     | 1.1044       | 1.1903       | 0.9510     | 0.7819       | 1.1496   |           
114    | 2.8318     | 0.5884     | 1.0717       | 1.1718       | 0.9552     | 0.7495       | 1.0648   |           
115    | 2.8865     | 0.6034     | 1.0960       | 1.1871       | 0.9552     | 0.7423       | 1.0454   | (ADV 0.58)
116    | 2.8325     | 0.5706     | 1.0921       | 1.1699       | 0.9510     | 0.7640       | 1.0653   |           
117    | 2.8560     | 0.5857     | 1.0942       | 1.1760       | 0.9521     | 0.7519       | 1.0806   |           
118    | 2.8893     | 0.6158     | 1.0903       | 1.1832       | 0.9490     | 0.7604       | 1.0645   |           
119    | 2.9387     | 0.6345     | 1.1116       | 1.1926       | 0.9365     | 0.8067       | 1.1749   |           
120    | 2.8900     | 0.5999     | 1.0961       | 1.1941       | 0.9521     | 0.7688       | 1.0839   |           
121    | 2.9079     | 0.6098     | 1.1003       | 1.1979       | 0.9552     | 0.7673       | 1.0658   |           
122    | 2.9312     | 0.6272     | 1.1163       | 1.1878       | 0.9521     | 0.7710       | 1.1186   |           
123    | 2.9236     | 0.6272     | 1.1038       | 1.1926       | 0.9479     | 0.7606       | 1.0925   |           
124    | 2.8844     | 0.6078     | 1.0912       | 1.1854       | 0.9510     | 0.7786       | 1.1011   |           
125    | 2.8932     | 0.5892     | 1.1118       | 1.1921       | 0.9573     | 0.7218       | 1.0554   | (ADV 0.60)
126    | 2.8784     | 0.5941     | 1.1102       | 1.1741       | 0.9563     | 0.7757       | 1.0828   |           
127    | 2.8381     | 0.5358     | 1.1174       | 1.1849       | 0.9583     | 0.7404       | 1.1424   |           
128    | 2.8776     | 0.5963     | 1.1133       | 1.1680       | 0.9458     | 0.7171       | 1.1521   |           
129    | 2.9510     | 0.6344     | 1.1134       | 1.2033       | 0.9573     | 0.7595       | 1.0722   |           
130    | 2.8782     | 0.5782     | 1.1111       | 1.1889       | 0.9510     | 0.7847       | 1.1130   |           
131    | 2.9144     | 0.6250     | 1.1078       | 1.1816       | 0.9500     | 0.7588       | 1.1476   |           
132    | 2.8555     | 0.5507     | 1.1175       | 1.1874       | 0.9531     | 0.7500       | 1.1174   |           
133    | 2.8465     | 0.5392     | 1.1314       | 1.1760       | 0.9292     | 0.7546       | 1.1080   |           
134    | 2.9019     | 0.5941     | 1.1312       | 1.1767       | 0.9521     | 0.7541       | 1.1375   |           
135    | 2.8882     | 0.5598     | 1.1292       | 1.1992       | 0.9333     | 0.7559       | 1.1624   |           
136    | 2.8996     | 0.5731     | 1.1246       | 1.2019       | 0.9500     | 0.7359       | 1.0974   |           
137    | 2.9245     | 0.5932     | 1.1262       | 1.2051       | 0.9531     | 0.7299       | 1.0796   |           
138    | 2.8881     | 0.5926     | 1.1224       | 1.1731       | 0.9479     | 0.7636       | 1.0749   |           
139    | 2.9000     | 0.5767     | 1.1352       | 1.1882       | 0.9542     | 0.7095       | 1.1229   | (ADV 0.60)
140    | 2.9537     | 0.6217     | 1.1521       | 1.1799       | 0.9594     | 0.6996       | 1.1237   | (ADV 0.61)
141    | 2.8564     | 0.5602     | 1.1121       | 1.1841       | 0.9479     | 0.7379       | 1.0775   |           
142    | 2.8839     | 0.5866     | 1.1151       | 1.1822       | 0.9500     | 0.7604       | 1.1402   |           
143    | 2.9003     | 0.6152     | 1.1123       | 1.1729       | 0.9563     | 0.6975       | 1.1100   |           
144    | 2.9340     | 0.6046     | 1.1421       | 1.1873       | 0.9583     | 0.6715       | 1.0921   | (ADV 0.62)
145    | 2.8396     | 0.5478     | 1.1151       | 1.1767       | 0.9573     | 0.6949       | 1.0734   |           
146    | 2.8808     | 0.5552     | 1.1362       | 1.1894       | 0.9458     | 0.7437       | 1.1085   |           
147    | 2.8921     | 0.5743     | 1.1281       | 1.1898       | 0.9458     | 0.6765       | 1.0875   |           
148    | 2.9210     | 0.5966     | 1.1346       | 1.1898       | 0.9479     | 0.7226       | 1.1788   |           
149    | 2.8633     | 0.5589     | 1.1200       | 1.1844       | 0.9385     | 0.8019       | 1.1945   |           
150    | 2.8529     | 0.5557     | 1.1192       | 1.1780       | 0.9563     | 0.7297       | 1.1049   |           
151    | 2.8774     | 0.5562     | 1.1423       | 1.1789       | 0.9479     | 0.7369       | 1.1476   |           
152    | 2.9270     | 0.5996     | 1.1446       | 1.1828       | 0.9490     | 0.6994       | 1.0819   |           
153    | 2.8948     | 0.5891     | 1.1359       | 1.1697       | 0.9469     | 0.6982       | 1.0851   |           
154    | 2.9044     | 0.5785     | 1.1402       | 1.1857       | 0.9500     | 0.7192       | 1.1845   |           
155    | 2.8789     | 0.5585     | 1.1290       | 1.1913       | 0.9406     | 0.7498       | 1.1772   |           
156    | 2.8701     | 0.5479     | 1.1329       | 1.1893       | 0.9510     | 0.6975       | 1.0934   |           
157    | 2.8626     | 0.5425     | 1.1345       | 1.1856       | 0.9542     | 0.6997       | 1.0524   |           
158    | 2.8948     | 0.5615     | 1.1529       | 1.1803       | 0.9542     | 0.6577       | 1.0649   | (ADV 0.63)
159    | 2.8700     | 0.5473     | 1.1440       | 1.1787       | 0.9594     | 0.6895       | 1.0549   |           
160    | 2.9322     | 0.5937     | 1.1520       | 1.1865       | 0.9531     | 0.7801       | 1.0973   |           
161    | 2.9006     | 0.5732     | 1.1486       | 1.1787       | 0.9458     | 0.7582       | 1.1320   |           
162    | 2.9008     | 0.5666     | 1.1523       | 1.1818       | 0.9490     | 0.7151       | 1.0862   |           
163    | 2.9144     | 0.5766     | 1.1543       | 1.1835       | 0.9594     | 0.7352       | 1.0476   |           
164    | 2.9540     | 0.5962     | 1.1605       | 1.1973       | 0.9542     | 0.6839       | 1.0704   |           
165    | 2.9345     | 0.5963     | 1.1410       | 1.1972       | 0.9542     | 0.6770       | 1.0573   |           
166    | 2.8977     | 0.5851     | 1.1239       | 1.1886       | 0.9594     | 0.6923       | 1.0729   |           
167    | 2.8699     | 0.5498     | 1.1513       | 1.1688       | 0.9542     | 0.6848       | 1.0584   |           
168    | 2.9038     | 0.5700     | 1.1425       | 1.1914       | 0.9573     | 0.6695       | 1.0533   |           
169    | 2.8441     | 0.5524     | 1.1110       | 1.1807       | 0.9500     | 0.6559       | 1.0998   |           
170    | 2.8828     | 0.5631     | 1.1322       | 1.1875       | 0.9542     | 0.7001       | 1.1156   |           
171    | 2.9116     | 0.5694     | 1.1552       | 1.1870       | 0.9563     | 0.6399       | 1.0774   | (ADV 0.64)
172    | 2.9449     | 0.6035     | 1.1527       | 1.1887       | 0.9479     | 0.7023       | 1.0621   |           
173    | 2.9410     | 0.6020     | 1.1499       | 1.1891       | 0.9542     | 0.7189       | 1.0618   |           
174    | 2.8585     | 0.5416     | 1.1293       | 1.1876       | 0.9521     | 0.6790       | 1.0521   |           
175    | 2.8722     | 0.5653     | 1.1461       | 1.1608       | 0.9510     | 0.7042       | 1.1172   |           
176    | 2.9265     | 0.5927     | 1.1479       | 1.1860       | 0.9583     | 0.6664       | 1.0679   |           
177    | 2.8772     | 0.5490     | 1.1519       | 1.1763       | 0.9563     | 0.6572       | 1.0720   |           
178    | 2.8655     | 0.5566     | 1.1375       | 1.1715       | 0.9552     | 0.7014       | 1.0915   |           
179    | 2.8930     | 0.5590     | 1.1478       | 1.1861       | 0.9490     | 0.6432       | 1.0923   |           
180    | 2.9291     | 0.5974     | 1.1547       | 1.1770       | 0.9500     | 0.6930       | 1.1159   |           
181    | 2.9090     | 0.5812     | 1.1440       | 1.1838       | 0.9552     | 0.6424       | 1.0678   |           
182    | 2.8941     | 0.5677     | 1.1548       | 1.1716       | 0.9552     | 0.6640       | 1.0848   |           
183    | 2.9248     | 0.5839     | 1.1577       | 1.1832       | 0.9563     | 0.6799       | 1.1486   |           
184    | 2.9312     | 0.6069     | 1.1568       | 1.1675       | 0.9500     | 0.6665       | 1.1623   |           
185    | 2.8764     | 0.5607     | 1.1499       | 1.1657       | 0.9625     | 0.6775       | 1.0524   |           
186    | 2.9433     | 0.5814     | 1.1615       | 1.2004       | 0.9542     | 0.6422       | 1.0691   |           
187    | 2.8574     | 0.5420     | 1.1555       | 1.1599       | 0.9500     | 0.6827       | 1.1616   |           
188    | 2.9180     | 0.5733     | 1.1541       | 1.1906       | 0.9563     | 0.6306       | 1.0744   | (ADV 0.64)
189    | 2.8955     | 0.5597     | 1.1498       | 1.1861       | 0.9479     | 0.6231       | 1.0601   |           
190    | 2.9283     | 0.5900     | 1.1583       | 1.1800       | 0.9573     | 0.6656       | 1.0732   |           
191    | 2.8945     | 0.5464     | 1.1571       | 1.1909       | 0.9417     | 0.6494       | 1.0324   |           
192    | 2.9153     | 0.5653     | 1.1689       | 1.1812       | 0.9531     | 0.6612       | 1.0856   |           
193    | 2.9419     | 0.5767     | 1.1662       | 1.1991       | 0.9552     | 0.6735       | 1.0339   |           
194    | 2.9516     | 0.5902     | 1.1652       | 1.1962       | 0.9448     | 0.6560       | 1.0868   |           
195    | 2.9419     | 0.5856     | 1.1784       | 1.1779       | 0.9458     | 0.7346       | 1.0613   |           
196    | 2.9300     | 0.5781     | 1.1565       | 1.1954       | 0.9490     | 0.7067       | 1.1088   |           
197    | 2.8933     | 0.5652     | 1.1475       | 1.1806       | 0.9542     | 0.6830       | 1.0413   |           
198    | 2.9132     | 0.5696     | 1.1609       | 1.1827       | 0.9563     | 0.6686       | 1.1296   |           
199    | 2.8966     | 0.5462     | 1.1696       | 1.1807       | 0.9365     | 0.6842       | 1.1376   |           
200    | 2.8884     | 0.5552     | 1.1620       | 1.1711       | 0.9500     | 0.6428       | 1.1028   |           
201    | 2.8919     | 0.5521     | 1.1527       | 1.1871       | 0.9458     | 0.6785       | 1.1464   |           
202    | 2.8799     | 0.5695     | 1.1387       | 1.1717       | 0.9552     | 0.6371       | 1.1078   |           
203    | 2.9130     | 0.5660     | 1.1556       | 1.1913       | 0.9427     | 0.7196       | 1.1563   |           
204    | 2.9337     | 0.5767     | 1.1651       | 1.1919       | 0.9469     | 0.6630       | 1.1444   |           
205    | 2.8772     | 0.5495     | 1.1529       | 1.1749       | 0.9500     | 0.6805       | 1.1137   |           
206    | 2.9415     | 0.5859     | 1.1560       | 1.1996       | 0.9573     | 0.7290       | 1.1262   |           
207    | 2.9110     | 0.5717     | 1.1566       | 1.1827       | 0.9448     | 0.6959       | 1.1291   |           
208    | 2.8785     | 0.5536     | 1.1485       | 1.1764       | 0.9417     | 0.6480       | 1.1299   |           
209    | 2.9363     | 0.5775     | 1.1649       | 1.1940       | 0.9510     | 0.6262       | 1.0457   |           
210    | 2.9257     | 0.5606     | 1.1805       | 1.1846       | 0.9510     | 0.6638       | 1.1666   |           
211    | 2.9546     | 0.5790     | 1.1811       | 1.1945       | 0.9490     | 0.6889       | 1.0504   |           
212    | 2.9408     | 0.5734     | 1.1786       | 1.1887       | 0.9458     | 0.6555       | 1.0814   |           
213    | 2.8828     | 0.5393     | 1.1763       | 1.1672       | 0.9510     | 0.6806       | 1.0278   |           
214    | 2.9642     | 0.5863     | 1.1891       | 1.1889       | 0.9406     | 0.6671       | 1.0824   |           
215    | 2.9260     | 0.5622     | 1.1807       | 1.1831       | 0.9437     | 0.6548       | 1.0261   |           
216    | 2.9227     | 0.5671     | 1.1635       | 1.1920       | 0.9406     | 0.6871       | 1.0978   |           
217    | 2.9057     | 0.5470     | 1.1763       | 1.1824       | 0.9500     | 0.6132       | 1.0917   | (ADV 0.64)
218    | 2.9128     | 0.5565     | 1.1617       | 1.1946       | 0.9375     | 0.6567       | 1.0930   |           
219    | 2.9291     | 0.5603     | 1.1826       | 1.1862       | 0.9521     | 0.6717       | 1.0835   |           
220    | 3.0228     | 0.6020     | 1.2189       | 1.2018       | 0.9448     | 0.6740       | 1.0938   |           
221    | 2.9883     | 0.5984     | 1.1959       | 1.1940       | 0.9427     | 0.6613       | 1.0703   |           
222    | 2.9004     | 0.5410     | 1.1800       | 1.1794       | 0.9219     | 0.7487       | 1.0822   |           
223    | 2.9371     | 0.5471     | 1.1936       | 1.1964       | 0.9542     | 0.6687       | 1.0913   |           
224    | 2.9186     | 0.5470     | 1.1872       | 1.1844       | 0.9521     | 0.6443       | 1.0853   |           
225    | 2.9144     | 0.5423     | 1.1983       | 1.1737       | 0.9542     | 0.6413       | 1.0500   |           
226    | 2.9636     | 0.5817     | 1.1981       | 1.1838       | 0.9531     | 0.6543       | 1.0989   |           
227    | 2.9070     | 0.5221     | 1.1962       | 1.1887       | 0.9500     | 0.7344       | 1.1296   |           
228    | 2.9321     | 0.5437     | 1.2018       | 1.1866       | 0.9531     | 0.6350       | 1.0980   |           
229    | 2.9795     | 0.5935     | 1.2050       | 1.1810       | 0.9521     | 0.6893       | 1.0761   |           
230    | 2.9485     | 0.5651     | 1.1906       | 1.1929       | 0.9552     | 0.6805       | 1.0800   |           
231    | 2.9803     | 0.5976     | 1.1862       | 1.1965       | 0.9510     | 0.6561       | 1.0993   |           
232    | 2.9566     | 0.5666     | 1.2077       | 1.1823       | 0.9500     | 0.6432       | 1.0789   |           
233    | 3.0066     | 0.6050     | 1.2098       | 1.1918       | 0.9479     | 0.6199       | 1.0572   |           
234    | 2.9485     | 0.5698     | 1.1921       | 1.1866       | 0.9448     | 0.6857       | 1.1296   |           
235    | 2.9101     | 0.5505     | 1.1743       | 1.1853       | 0.9469     | 0.6603       | 1.0992   |           
236    | 2.9140     | 0.5290     | 1.1973       | 1.1877       | 0.9427     | 0.7543       | 1.0696   |           
237    | 2.9250     | 0.5454     | 1.1953       | 1.1843       | 0.9490     | 0.6673       | 1.1284   |           
238    | 3.0511     | 0.6159     | 1.2262       | 1.2090       | 0.9500     | 0.6680       | 1.0835   |           
239    | 2.9847     | 0.5768     | 1.2061       | 1.2018       | 0.9573     | 0.6406       | 1.0976   |           
240    | 2.9420     | 0.5528     | 1.1930       | 1.1962       | 0.9521     | 0.6359       | 1.1731   |           
241    | 2.9630     | 0.5682     | 1.1928       | 1.2021       | 0.9458     | 0.7143       | 1.0981   |           
242    | 2.9437     | 0.5435     | 1.2001       | 1.2002       | 0.9500     | 0.6052       | 1.0672   | (ADV 0.65)
243    | 2.9431     | 0.5354     | 1.2116       | 1.1960       | 0.9531     | 0.6719       | 1.0884   |           
244    | 2.9956     | 0.5742     | 1.2126       | 1.2087       | 0.9479     | 0.6875       | 1.0264   |           
245    | 2.9597     | 0.5620     | 1.2089       | 1.1887       | 0.9396     | 0.6791       | 1.1043   |           
246    | 2.9211     | 0.5365     | 1.1915       | 1.1931       | 0.9406     | 0.6924       | 1.0945   |           
247    | 2.9638     | 0.5658     | 1.2007       | 1.1974       | 0.9521     | 0.6389       | 1.0995   |           
248    | 3.0255     | 0.6005     | 1.2039       | 1.2210       | 0.9344     | 0.6574       | 1.0915   |           
249    | 2.9672     | 0.5531     | 1.2004       | 1.2137       | 0.9448     | 0.6721       | 1.1106   |           
250    | 2.9818     | 0.5570     | 1.2202       | 1.2046       | 0.9271     | 0.7189       | 1.0767   |           
251    | 3.0244     | 0.6091     | 1.2188       | 1.1965       | 0.9396     | 0.6727       | 1.0355   |           
252    | 3.0219     | 0.6005     | 1.2115       | 1.2099       | 0.9490     | 0.6692       | 1.1477   |           
253    | 2.9617     | 0.5547     | 1.1919       | 1.2151       | 0.9531     | 0.6064       | 1.0764   | (ADV 0.65)
254    | 2.9099     | 0.5122     | 1.1944       | 1.2033       | 0.9531     | 0.6332       | 1.1399   |           
255    | 2.9588     | 0.5425     | 1.2210       | 1.1952       | 0.9479     | 0.6745       | 1.0689   |           
256    | 2.9357     | 0.5255     | 1.2163       | 1.1938       | 0.9406     | 0.6041       | 1.1157   |           
257    | 2.9969     | 0.5623     | 1.2233       | 1.2113       | 0.9469     | 0.6442       | 1.1232   |           
258    | 2.9753     | 0.5381     | 1.2324       | 1.2048       | 0.9510     | 0.6471       | 1.0758   |           
259    | 3.0698     | 0.6176     | 1.2374       | 1.2148       | 0.9510     | 0.6481       | 1.1176   |           
260    | 2.9772     | 0.5558     | 1.2268       | 1.1946       | 0.9458     | 0.5941       | 1.1039   |           
261    | 2.9583     | 0.5496     | 1.2098       | 1.1988       | 0.9302     | 0.7012       | 1.0959   |           
262    | 2.9554     | 0.5500     | 1.2047       | 1.2008       | 0.9573     | 0.6315       | 1.1026   |           
263    | 2.8761     | 0.4758     | 1.2050       | 1.1953       | 0.9375     | 0.6888       | 1.0380   |           
264    | 2.8938     | 0.4971     | 1.2026       | 1.1940       | 0.9375     | 0.6248       | 1.1234   |           
265    | 2.9974     | 0.5744     | 1.2065       | 1.2165       | 0.9344     | 0.6728       | 1.1217   |           
266    | 3.0180     | 0.6001     | 1.2122       | 1.2057       | 0.9427     | 0.6172       | 1.1340   |           
267    | 2.9554     | 0.5578     | 1.1907       | 1.2069       | 0.9552     | 0.6075       | 1.1342   | (ADV 0.65)
268    | 2.9853     | 0.5685     | 1.2103       | 1.2066       | 0.9542     | 0.5765       | 1.0704   | (ADV 0.67)
269    | 2.9275     | 0.5158     | 1.2113       | 1.2005       | 0.9531     | 0.6067       | 1.0633   |           
270    | 2.9458     | 0.5378     | 1.1931       | 1.2150       | 0.9490     | 0.6327       | 1.0696   |           
271    | 2.9114     | 0.4949     | 1.2171       | 1.1993       | 0.9542     | 0.6611       | 1.0395   |           
272    | 2.9881     | 0.5579     | 1.2130       | 1.2173       | 0.9594     | 0.5759       | 1.0547   | (ADV 0.67)
273    | 2.9665     | 0.5535     | 1.2077       | 1.2052       | 0.9490     | 0.6514       | 1.0375   |           
274    | 2.9957     | 0.5804     | 1.2071       | 1.2082       | 0.9354     | 0.6355       | 1.0474   |           
275    | 3.0483     | 0.5847     | 1.2402       | 1.2234       | 0.9427     | 0.6263       | 1.0397   |           
276    | 2.9718     | 0.5395     | 1.2194       | 1.2130       | 0.9333     | 0.6084       | 1.0548   |           
277    | 2.9810     | 0.5525     | 1.2112       | 1.2173       | 0.9500     | 0.6061       | 1.0654   |           
278    | 2.9584     | 0.5382     | 1.1936       | 1.2267       | 0.9427     | 0.6225       | 1.0880   |           
279    | 2.9577     | 0.5314     | 1.2166       | 1.2097       | 0.9521     | 0.6288       | 1.1066   |           
280    | 3.0003     | 0.5678     | 1.2209       | 1.2116       | 0.9469     | 0.5833       | 1.0614   |           
281    | 2.9682     | 0.5413     | 1.2217       | 1.2052       | 0.9375     | 0.6856       | 1.0404   |           
282    | 2.9277     | 0.5150     | 1.2109       | 1.2018       | 0.9469     | 0.6473       | 1.1008   |           
283    | 2.9361     | 0.5233     | 1.2082       | 1.2046       | 0.9552     | 0.6164       | 1.0740   |           
284    | 3.0127     | 0.5633     | 1.2370       | 1.2123       | 0.9521     | 0.6112       | 1.0954   |           
285    | 2.9541     | 0.5280     | 1.2208       | 1.2053       | 0.9469     | 0.7088       | 1.0302   |           
286    | 2.9102     | 0.4992     | 1.2037       | 1.2073       | 0.9521     | 0.6230       | 1.0975   |           
287    | 3.0034     | 0.5458     | 1.2280       | 1.2296       | 0.9563     | 0.5762       | 1.0247   |           
288    | 2.9124     | 0.4958     | 1.2166       | 1.2000       | 0.9521     | 0.6471       | 1.0366   |           
289    | 2.9529     | 0.5169     | 1.2186       | 1.2174       | 0.9521     | 0.6644       | 1.1505   |           
290    | 3.0092     | 0.5532     | 1.2342       | 1.2217       | 0.9479     | 0.6362       | 1.1262   |           
291    | 3.0143     | 0.5762     | 1.2238       | 1.2142       | 0.9427     | 0.6843       | 1.1647   |           
292    | 2.9604     | 0.5288     | 1.2190       | 1.2126       | 0.9521     | 0.6456       | 1.0524   |           
293    | 2.8913     | 0.4780     | 1.2181       | 1.1952       | 0.9531     | 0.6759       | 1.0618   |           
294    | 2.9327     | 0.5152     | 1.2297       | 1.1877       | 0.9469     | 0.6725       | 1.0898   |           
295    | 2.9423     | 0.5230     | 1.2259       | 1.1933       | 0.9490     | 0.6283       | 1.0385   |           
296    | 3.0461     | 0.5967     | 1.2335       | 1.2159       | 0.9448     | 0.6530       | 1.1206   |           
297    | 2.9123     | 0.4847     | 1.2171       | 1.2105       | 0.9479     | 0.6192       | 1.0220   |           
298    | 2.9306     | 0.5042     | 1.2223       | 1.2041       | 0.9500     | 0.6604       | 1.0876   |           
299    | 2.9398     | 0.5213     | 1.2151       | 1.2034       | 0.9500     | 0.6556       | 1.1066   |           
300    | 2.9234     | 0.5069     | 1.2040       | 1.2126       | 0.9563     | 0.5894       | 1.0904   |           
301    | 2.9624     | 0.5263     | 1.2221       | 1.2140       | 0.9448     | 0.6252       | 1.0582   |           
302    | 2.9770     | 0.5306     | 1.2254       | 1.2210       | 0.9479     | 0.6408       | 1.0870   |           
303    | 3.0271     | 0.5509     | 1.2406       | 1.2356       | 0.9531     | 0.6832       | 1.0008   |           
304    | 3.0302     | 0.5751     | 1.2287       | 1.2263       | 0.9542     | 0.5956       | 0.9978   |           
305    | 2.9897     | 0.5485     | 1.2254       | 1.2158       | 0.9437     | 0.6591       | 1.0204   |           
306    | 2.9724     | 0.5401     | 1.2209       | 1.2113       | 0.9531     | 0.6407       | 1.0417   |           
307    | 2.9864     | 0.5265     | 1.2324       | 1.2274       | 0.9365     | 0.6311       | 1.0885   |           
308    | 2.9803     | 0.5442     | 1.2274       | 1.2087       | 0.9479     | 0.6297       | 1.0823   |           
309    | 2.9653     | 0.5033     | 1.2473       | 1.2148       | 0.9406     | 0.6609       | 1.0415   |           
310    | 2.9683     | 0.5177     | 1.2206       | 1.2300       | 0.9490     | 0.5925       | 1.0162   |           
311    | 2.9839     | 0.5333     | 1.2176       | 1.2330       | 0.9406     | 0.6200       | 1.0192   |           
312    | 3.0130     | 0.5533     | 1.2365       | 1.2231       | 0.9479     | 0.6404       | 1.0862   |           
313    | 2.9545     | 0.5191     | 1.2292       | 1.2061       | 0.9302     | 0.6773       | 1.0506   |           
314    | 2.9389     | 0.4950     | 1.2348       | 1.2091       | 0.9521     | 0.6277       | 1.0858   |           
315    | 3.0324     | 0.5765     | 1.2289       | 1.2270       | 0.9510     | 0.6647       | 1.0850   |           
316    | 3.0086     | 0.5545     | 1.2294       | 1.2247       | 0.9521     | 0.6284       | 1.1380   |           
317    | 2.9959     | 0.5470     | 1.2231       | 1.2258       | 0.9500     | 0.6460       | 1.0756   |           
318    | 2.9749     | 0.5273     | 1.2183       | 1.2293       | 0.9437     | 0.5933       | 1.1012   |           
319    | 2.9915     | 0.5389     | 1.2113       | 1.2414       | 0.9344     | 0.6476       | 1.1462   |           
320    | 3.0134     | 0.5461     | 1.2274       | 1.2399       | 0.9500     | 0.6570       | 1.1171   |           
321    | 3.0087     | 0.5518     | 1.2036       | 1.2533       | 0.9583     | 0.6135       | 1.1085   |           
322    | 2.9799     | 0.5203     | 1.2145       | 1.2452       | 0.9396     | 0.5807       | 1.1410   |           
323    | 2.9899     | 0.5397     | 1.2082       | 1.2420       | 0.9510     | 0.6123       | 1.1085   |           
324    | 2.9500     | 0.5177     | 1.2024       | 1.2299       | 0.9490     | 0.6631       | 1.1545   |           
325    | 2.9782     | 0.5382     | 1.2073       | 1.2326       | 0.9500     | 0.6087       | 1.1237   |           
326    | 3.0074     | 0.5527     | 1.2219       | 1.2328       | 0.9458     | 0.5836       | 1.0597   |           
327    | 3.0036     | 0.5423     | 1.2258       | 1.2355       | 0.9490     | 0.5737       | 1.0826   |           
328    | 2.9962     | 0.5207     | 1.2232       | 1.2523       | 0.9510     | 0.6015       | 1.1012   |           
329    | 2.9543     | 0.5179     | 1.2056       | 1.2307       | 0.9500     | 0.5768       | 1.0431   |           
330    | 2.9403     | 0.4985     | 1.2180       | 1.2238       | 0.9292     | 0.6299       | 1.1423   |           
331    | 3.0045     | 0.5373     | 1.2305       | 1.2368       | 0.9531     | 0.6189       | 1.0604   |           
332    | 2.9769     | 0.5160     | 1.2222       | 1.2387       | 0.9469     | 0.5791       | 1.0644   |           
333    | 3.0146     | 0.5512     | 1.2257       | 1.2377       | 0.9417     | 0.5661       | 1.1174   |           
334    | 2.9903     | 0.5462     | 1.2174       | 1.2267       | 0.9437     | 0.5413       | 1.0658   | (ADV 0.67)
335    | 2.9408     | 0.5105     | 1.2151       | 1.2151       | 0.9510     | 0.5796       | 1.0555   |           
336    | 2.9572     | 0.5204     | 1.2145       | 1.2223       | 0.9448     | 0.6383       | 1.1271   |           
337    | 2.9822     | 0.5257     | 1.2243       | 1.2322       | 0.9573     | 0.6124       | 1.1635   |           
338    | 2.9846     | 0.5263     | 1.2216       | 1.2368       | 0.9500     | 0.5860       | 1.1596   |           
339    | 2.9966     | 0.5273     | 1.2435       | 1.2257       | 0.9458     | 0.6461       | 1.1546   |           
340    | 3.0214     | 0.5625     | 1.2362       | 1.2227       | 0.9479     | 0.5974       | 1.1197   |           
341    | 3.0193     | 0.5493     | 1.2447       | 1.2253       | 0.9406     | 0.5528       | 1.0777   |           
342    | 2.9807     | 0.5043     | 1.2397       | 1.2366       | 0.9677     | 0.6237       | 1.1743   |           
343    | 3.0014     | 0.5319     | 1.2314       | 1.2381       | 0.9573     | 0.5932       | 1.0960   |           
344    | 2.9753     | 0.5076     | 1.2304       | 1.2374       | 0.9594     | 0.5956       | 1.1424   |           
345    | 2.9946     | 0.5312     | 1.2301       | 1.2332       | 0.9542     | 0.5705       | 1.0890   |           
346    | 2.9746     | 0.5171     | 1.2162       | 1.2414       | 0.9333     | 0.6581       | 1.1467   |           
347    | 2.9744     | 0.5061     | 1.2348       | 1.2335       | 0.9406     | 0.5744       | 1.1532   |           
348    | 3.0143     | 0.5285     | 1.2472       | 1.2386       | 0.9563     | 0.6346       | 1.1673   |           
349    | 2.9849     | 0.5140     | 1.2292       | 1.2418       | 0.9500     | 0.6045       | 1.0843   |           
350    | 2.9725     | 0.4997     | 1.2343       | 1.2385       | 0.9385     | 0.6545       | 1.1120   |           
351    | 2.9792     | 0.4963     | 1.2313       | 1.2516       | 0.9385     | 0.6448       | 1.0809   |           
352    | 2.9447     | 0.4705     | 1.2208       | 1.2534       | 0.9594     | 0.6304       | 1.0502   |           
353    | 3.0355     | 0.5455     | 1.2393       | 1.2507       | 0.9417     | 0.6048       | 1.0999   |           
354    | 2.9787     | 0.4866     | 1.2346       | 1.2576       | 0.9521     | 0.5730       | 1.0716   |           
355    | 2.9906     | 0.5032     | 1.2355       | 1.2519       | 0.9542     | 0.6025       | 1.0603   |           
356    | 2.9952     | 0.5101     | 1.2377       | 1.2474       | 0.9563     | 0.6428       | 1.0931   |           
357    | 2.9652     | 0.4823     | 1.2434       | 1.2395       | 0.9531     | 0.6291       | 1.1366   |           
358    | 3.0186     | 0.5245     | 1.2533       | 1.2407       | 0.9521     | 0.6642       | 1.0974   |           
359    | 3.0176     | 0.5121     | 1.2460       | 1.2595       | 0.9583     | 0.6190       | 1.1364   |           
360    | 3.0625     | 0.5400     | 1.2460       | 1.2765       | 0.9396     | 0.6410       | 1.0470   |           
361    | 3.0335     | 0.5335     | 1.2444       | 1.2556       | 0.9573     | 0.6484       | 1.0569   |           
362    | 2.9985     | 0.4973     | 1.2453       | 1.2560       | 0.9250     | 0.6989       | 1.1156   |           
363    | 2.9978     | 0.4834     | 1.2565       | 1.2578       | 0.9531     | 0.6886       | 1.1166   |           
364    | 2.9791     | 0.4919     | 1.2384       | 1.2488       | 0.9437     | 0.6670       | 1.0801   |           
365    | 3.0066     | 0.5114     | 1.2380       | 1.2572       | 0.9396     | 0.6107       | 1.1161   |           
366    | 3.0624     | 0.5120     | 1.2600       | 1.2904       | 0.9510     | 0.6266       | 1.1198   |           
367    | 3.0450     | 0.5095     | 1.2559       | 1.2795       | 0.9396     | 0.5748       | 1.1194   |           
368    | 3.0465     | 0.5002     | 1.2652       | 1.2811       | 0.9385     | 0.6448       | 1.0628   |           
369    | 3.0958     | 0.5339     | 1.2658       | 1.2961       | 0.9521     | 0.6274       | 1.0844   |           
370    | 3.0667     | 0.5214     | 1.2516       | 1.2937       | 0.9510     | 0.6180       | 1.0947   |           
371    | 3.0607     | 0.5131     | 1.2602       | 1.2874       | 0.9406     | 0.5983       | 1.1303   |           
372    | 3.0731     | 0.5432     | 1.2520       | 1.2778       | 0.9490     | 0.6777       | 1.0620   |           
373    | 3.0122     | 0.4783     | 1.2587       | 1.2752       | 0.9437     | 0.5999       | 1.1199   |           
374    | 3.0371     | 0.5107     | 1.2504       | 1.2760       | 0.9396     | 0.6812       | 1.1345   |           
375    | 3.0389     | 0.5082     | 1.2524       | 1.2783       | 0.9510     | 0.6255       | 1.2353   |           
376    | 3.0313     | 0.5126     | 1.2527       | 1.2660       | 0.9448     | 0.6419       | 1.1092   |           
377    | 3.0111     | 0.4954     | 1.2494       | 1.2663       | 0.9406     | 0.6966       | 1.1679   |           
378    | 2.9572     | 0.4472     | 1.2451       | 1.2650       | 0.9437     | 0.6413       | 1.1638   |           
379    | 3.0931     | 0.5560     | 1.2567       | 1.2805       | 0.9385     | 0.6485       | 1.2100   |           
380    | 3.0383     | 0.5148     | 1.2496       | 1.2738       | 0.9479     | 0.6007       | 1.1171   |           
381    | 3.0120     | 0.4949     | 1.2510       | 1.2661       | 0.9552     | 0.6344       | 1.1331   |           
382    | 3.0798     | 0.5611     | 1.2474       | 1.2714       | 0.9448     | 0.6051       | 1.0761   |           
383    | 2.9768     | 0.4721     | 1.2380       | 1.2667       | 0.9500     | 0.6341       | 1.0573   |           
384    | 3.0015     | 0.4856     | 1.2532       | 1.2627       | 0.9542     | 0.6101       | 1.1416   |           
385    | 3.0288     | 0.4994     | 1.2474       | 1.2819       | 0.9500     | 0.6407       | 1.0696   |           
386    | 3.0520     | 0.5253     | 1.2426       | 1.2841       | 0.9531     | 0.6300       | 1.0034   |           
387    | 3.0242     | 0.4988     | 1.2483       | 1.2771       | 0.9417     | 0.6167       | 1.0524   |           
388    | 2.9971     | 0.4759     | 1.2444       | 1.2768       | 0.9625     | 0.6169       | 1.1433   |           
389    | 3.0135     | 0.4984     | 1.2435       | 1.2715       | 0.9417     | 0.6328       | 1.1214   |           
390    | 3.0108     | 0.5085     | 1.2393       | 1.2630       | 0.9604     | 0.6287       | 1.1251   |           
391    | 3.0265     | 0.5105     | 1.2518       | 1.2643       | 0.9552     | 0.6258       | 1.1403   |           
392    | 3.0086     | 0.4938     | 1.2389       | 1.2760       | 0.9396     | 0.6452       | 1.1919   |           
393    | 2.9772     | 0.4587     | 1.2441       | 1.2743       | 0.9406     | 0.6586       | 1.1812   |           
394    | 3.0545     | 0.5341     | 1.2387       | 1.2818       | 0.9469     | 0.6384       | 1.1048   |           
395    | 3.0410     | 0.5110     | 1.2510       | 1.2790       | 0.9552     | 0.6893       | 1.0959   |           
396    | 3.0236     | 0.5039     | 1.2472       | 1.2725       | 0.9521     | 0.6263       | 1.1808   |           
397    | 3.0204     | 0.4928     | 1.2524       | 1.2751       | 0.9375     | 0.6421       | 1.2391   |           
398    | 3.0031     | 0.4796     | 1.2514       | 1.2721       | 0.9583     | 0.6101       | 1.0672   |           
399    | 3.0422     | 0.5151     | 1.2515       | 1.2756       | 0.9500     | 0.6340       | 1.1378   |           
400    | 3.0249     | 0.4985     | 1.2507       | 1.2757       | 0.9542     | 0.6135       | 1.0465   |           
Seed 6767 | Src Acc: 95.4082 | Src MDE: 0.0904 | Tgt Acc: 29.2857 | Tgt MDE: 1.0658
Start Training Seed 123456...

Start CDAN+E Training... (Entropy Conditioning Enabled)
Epoch  | Total Loss | Tr Cls     | Tr Dom RSSI  | Tr Dom RTT   | Val T Acc  | Val T Entropy | Test MDE
------------------------------------------------------------------------------------------------------------------------
1      | 6.6200     | 3.8760     | 1.3665       | 1.3775       | 0.5344     | 3.7547       | 1.8369   |           
2      | 5.8010     | 3.1518     | 1.3269       | 1.3222       | 0.7063     | 3.6300       | 1.4011   |           
3      | 5.2987     | 2.7329     | 1.2805       | 1.2853       | 0.7917     | 3.4606       | 1.2555   |           
4      | 4.9357     | 2.4299     | 1.2481       | 1.2577       | 0.8604     | 3.2933       | 1.2294   |           
5      | 4.5720     | 2.1559     | 1.2020       | 1.2141       | 0.8688     | 3.1523       | 1.1983   |           
6      | 4.3257     | 1.9658     | 1.1630       | 1.1969       | 0.9094     | 3.0102       | 1.1709   |           
7      | 4.0423     | 1.7500     | 1.1254       | 1.1668       | 0.9229     | 2.8288       | 1.2317   |           
8      | 3.8255     | 1.6157     | 1.0746       | 1.1352       | 0.9219     | 2.6992       | 1.2012   |           
9      | 3.6301     | 1.4833     | 1.0537       | 1.0930       | 0.9260     | 2.5191       | 1.1239   |           
10     | 3.5340     | 1.4036     | 1.0321       | 1.0983       | 0.9260     | 2.3896       | 1.1535   |           
11     | 3.4455     | 1.3146     | 1.0301       | 1.1008       | 0.9365     | 2.2378       | 1.1549   | (ADV -0.18)
12     | 3.3279     | 1.2301     | 1.0101       | 1.0878       | 0.9375     | 2.1237       | 1.1719   | (ADV -0.12)
13     | 3.2681     | 1.1669     | 1.0076       | 1.0936       | 0.9281     | 2.0544       | 1.1715   | (ADV -0.10)
14     | 3.2612     | 1.1678     | 1.0128       | 1.0806       | 0.9396     | 1.9598       | 1.1474   | (ADV -0.04)
15     | 3.1764     | 1.0873     | 1.0043       | 1.0847       | 0.9323     | 1.9283       | 1.1313   | (ADV -0.03)
16     | 3.0872     | 1.0162     | 1.0092       | 1.0618       | 0.9417     | 1.8168       | 1.1495   | (ADV 0.03)
17     | 3.0841     | 1.0074     | 1.0051       | 1.0716       | 0.9365     | 1.7397       | 1.1421   | (ADV 0.07)
18     | 2.9987     | 0.9273     | 1.0031       | 1.0683       | 0.9500     | 1.7473       | 1.1443   | (ADV 0.08)
19     | 3.0350     | 0.9365     | 1.0081       | 1.0903       | 0.9406     | 1.6672       | 1.1302   | (ADV 0.11)
20     | 3.0454     | 0.9259     | 1.0315       | 1.0881       | 0.9437     | 1.5886       | 1.1403   | (ADV 0.15)
21     | 2.9850     | 0.8792     | 1.0222       | 1.0836       | 0.9479     | 1.5109       | 1.1364   | (ADV 0.19)
22     | 2.9912     | 0.8890     | 1.0227       | 1.0796       | 0.9448     | 1.4721       | 1.1847   | (ADV 0.21)
23     | 2.9069     | 0.8305     | 1.0053       | 1.0711       | 0.9500     | 1.4408       | 1.1602   | (ADV 0.23)
24     | 2.8877     | 0.8163     | 1.0127       | 1.0587       | 0.9458     | 1.4150       | 1.1130   | (ADV 0.24)
25     | 2.9079     | 0.8253     | 1.0054       | 1.0772       | 0.9490     | 1.3836       | 1.1163   | (ADV 0.26)
26     | 2.9147     | 0.8087     | 1.0106       | 1.0954       | 0.9469     | 1.3848       | 1.1544   |           
27     | 2.8657     | 0.7818     | 1.0088       | 1.0751       | 0.9406     | 1.3476       | 1.1914   | (ADV 0.27)
28     | 2.8508     | 0.7726     | 1.0025       | 1.0757       | 0.9417     | 1.2781       | 1.1655   | (ADV 0.30)
29     | 2.8521     | 0.7653     | 0.9994       | 1.0874       | 0.9531     | 1.3077       | 1.1371   |           
30     | 2.9006     | 0.7727     | 1.0224       | 1.1055       | 0.9469     | 1.3325       | 1.1429   |           
31     | 2.8225     | 0.7353     | 0.9841       | 1.1031       | 0.9458     | 1.2484       | 1.1241   | (ADV 0.32)
32     | 2.8724     | 0.7643     | 1.0167       | 1.0913       | 0.9552     | 1.2209       | 1.1394   | (ADV 0.34)
33     | 2.7885     | 0.7284     | 0.9847       | 1.0754       | 0.9521     | 1.1844       | 1.1467   | (ADV 0.36)
34     | 2.7957     | 0.7324     | 0.9918       | 1.0715       | 0.9500     | 1.1746       | 1.1376   | (ADV 0.36)
35     | 2.7584     | 0.6956     | 0.9864       | 1.0764       | 0.9552     | 1.1387       | 1.0887   | (ADV 0.39)
36     | 2.7959     | 0.7185     | 0.9967       | 1.0807       | 0.9531     | 1.1174       | 1.1327   | (ADV 0.39)
37     | 2.7735     | 0.7303     | 0.9666       | 1.0766       | 0.9531     | 1.1115       | 1.1389   | (ADV 0.40)
38     | 2.7173     | 0.6759     | 0.9775       | 1.0639       | 0.9500     | 1.1382       | 1.1537   |           
39     | 2.7567     | 0.6787     | 0.9970       | 1.0811       | 0.9396     | 1.0906       | 1.0945   |           
40     | 2.7783     | 0.7110     | 0.9852       | 1.0822       | 0.9479     | 1.0718       | 1.1303   | (ADV 0.41)
41     | 2.7215     | 0.6450     | 0.9929       | 1.0836       | 0.9521     | 1.0886       | 1.0825   |           
42     | 2.7173     | 0.6552     | 0.9913       | 1.0708       | 0.9510     | 1.0588       | 1.1211   | (ADV 0.42)
43     | 2.7377     | 0.6772     | 0.9955       | 1.0650       | 0.9469     | 1.0390       | 1.1122   | (ADV 0.43)
44     | 2.7728     | 0.6877     | 0.9942       | 1.0909       | 0.9583     | 1.0251       | 1.1532   | (ADV 0.45)
45     | 2.7126     | 0.6533     | 0.9860       | 1.0733       | 0.9531     | 0.9963       | 1.1153   | (ADV 0.45)
46     | 2.7251     | 0.6521     | 0.9981       | 1.0748       | 0.9583     | 1.0068       | 1.1592   |           
47     | 2.6615     | 0.6290     | 0.9760       | 1.0564       | 0.9583     | 0.9985       | 1.1869   | (ADV 0.46)
48     | 2.7398     | 0.6518     | 1.0037       | 1.0844       | 0.9552     | 1.0109       | 1.1819   |           
49     | 2.7340     | 0.6508     | 1.0024       | 1.0807       | 0.9531     | 0.9991       | 1.1001   |           
50     | 2.7410     | 0.6470     | 1.0078       | 1.0861       | 0.9479     | 0.9726       | 1.1771   | (ADV 0.46)
51     | 2.7536     | 0.6604     | 1.0049       | 1.0883       | 0.9396     | 0.9793       | 1.1294   |           
52     | 2.7161     | 0.6346     | 1.0036       | 1.0779       | 0.9344     | 0.9936       | 1.1897   |           
53     | 2.7825     | 0.6741     | 1.0121       | 1.0963       | 0.9427     | 0.9655       | 1.1157   |           
54     | 2.7229     | 0.6300     | 1.0115       | 1.0813       | 0.9594     | 0.9257       | 1.1608   | (ADV 0.50)
55     | 2.8196     | 0.6943     | 1.0173       | 1.1080       | 0.9479     | 0.9465       | 1.0746   |           
56     | 2.7653     | 0.6451     | 1.0114       | 1.1088       | 0.9469     | 0.9092       | 1.1357   |           
57     | 2.7517     | 0.6340     | 1.0112       | 1.1065       | 0.9490     | 0.9264       | 1.0865   |           
58     | 2.7759     | 0.6353     | 1.0238       | 1.1168       | 0.9490     | 0.9274       | 1.0706   |           
59     | 2.7908     | 0.6486     | 1.0318       | 1.1105       | 0.9510     | 0.8979       | 1.0849   | (ADV 0.50)
60     | 2.8738     | 0.6778     | 1.0497       | 1.1463       | 0.9500     | 0.9030       | 1.1002   |           
61     | 2.7958     | 0.6532     | 1.0275       | 1.1152       | 0.9604     | 0.9102       | 1.1142   | (ADV 0.51)
62     | 2.8014     | 0.6394     | 1.0245       | 1.1375       | 0.9604     | 0.9484       | 1.1731   |           
63     | 2.8105     | 0.6424     | 1.0365       | 1.1316       | 0.9542     | 0.8474       | 1.0733   | (ADV 0.53)
64     | 2.7531     | 0.5921     | 1.0319       | 1.1291       | 0.9573     | 0.8609       | 1.0798   |           
65     | 2.8153     | 0.6312     | 1.0377       | 1.1464       | 0.9531     | 0.9010       | 1.0915   |           
66     | 2.8507     | 0.6651     | 1.0420       | 1.1436       | 0.9563     | 0.8610       | 1.1221   |           
67     | 2.7680     | 0.6072     | 1.0375       | 1.1233       | 0.9594     | 0.8536       | 1.0920   | (ADV 0.53)
68     | 2.8034     | 0.6438     | 1.0313       | 1.1282       | 0.9417     | 0.9475       | 1.1202   |           
69     | 2.8220     | 0.6434     | 1.0637       | 1.1150       | 0.9490     | 0.8721       | 1.0855   |           
70     | 2.7555     | 0.6056     | 1.0318       | 1.1181       | 0.9510     | 0.8778       | 1.1330   |           
71     | 2.7601     | 0.5887     | 1.0388       | 1.1325       | 0.9531     | 0.9126       | 1.1734   |           
72     | 2.8117     | 0.6164     | 1.0444       | 1.1510       | 0.9542     | 0.9282       | 1.1015   |           
73     | 2.7705     | 0.5830     | 1.0641       | 1.1234       | 0.9563     | 0.8709       | 1.1451   |           
74     | 2.8451     | 0.6319     | 1.0695       | 1.1437       | 0.9490     | 0.8325       | 1.1065   | (ADV 0.53)
75     | 2.8114     | 0.6209     | 1.0590       | 1.1316       | 0.9594     | 0.8888       | 1.0799   |           
76     | 2.8269     | 0.6141     | 1.0522       | 1.1606       | 0.9594     | 0.9227       | 1.1554   |           
77     | 2.8529     | 0.6224     | 1.0776       | 1.1529       | 0.9531     | 0.8529       | 1.1279   |           
78     | 2.8602     | 0.6460     | 1.0752       | 1.1390       | 0.9573     | 0.8539       | 1.1600   |           
79     | 2.8618     | 0.6249     | 1.0841       | 1.1528       | 0.9646     | 0.8252       | 1.1471   | (ADV 0.55)
80     | 2.8546     | 0.6355     | 1.0745       | 1.1446       | 0.9437     | 0.8571       | 1.0558   |           
81     | 2.8014     | 0.5828     | 1.0626       | 1.1560       | 0.9542     | 0.7991       | 1.0636   | (ADV 0.55)
82     | 2.9010     | 0.6471     | 1.0850       | 1.1689       | 0.9531     | 0.8555       | 1.1164   |           
83     | 2.8425     | 0.6322     | 1.0712       | 1.1391       | 0.9573     | 0.8772       | 1.2401   |           
84     | 2.7654     | 0.5753     | 1.0519       | 1.1382       | 0.9542     | 0.8333       | 1.1301   |           
85     | 2.7977     | 0.6008     | 1.0669       | 1.1299       | 0.9469     | 0.8493       | 1.1897   |           
86     | 2.8336     | 0.6235     | 1.0539       | 1.1563       | 0.9521     | 0.8460       | 1.1362   |           
87     | 2.8561     | 0.6234     | 1.0569       | 1.1758       | 0.9531     | 0.8084       | 1.1127   |           
88     | 2.8705     | 0.6165     | 1.0782       | 1.1758       | 0.9615     | 0.7863       | 1.1944   | (ADV 0.57)
89     | 2.8581     | 0.6182     | 1.0726       | 1.1673       | 0.9552     | 0.8263       | 1.1493   |           
90     | 2.8953     | 0.6402     | 1.0941       | 1.1610       | 0.9583     | 0.7933       | 1.1323   |           
91     | 2.8259     | 0.6064     | 1.0701       | 1.1494       | 0.9594     | 0.7731       | 1.1301   | (ADV 0.57)
92     | 2.8494     | 0.6131     | 1.0763       | 1.1600       | 0.9563     | 0.7731       | 1.0983   |           
93     | 2.8519     | 0.6166     | 1.0793       | 1.1560       | 0.9635     | 0.8218       | 1.1595   |           
94     | 2.7830     | 0.5820     | 1.0535       | 1.1475       | 0.9542     | 0.8401       | 1.1072   |           
95     | 2.8674     | 0.6286     | 1.0738       | 1.1650       | 0.9604     | 0.8358       | 1.1386   |           
96     | 2.8043     | 0.5670     | 1.0873       | 1.1499       | 0.9458     | 0.8029       | 1.1606   |           
97     | 2.9029     | 0.6220     | 1.1075       | 1.1734       | 0.9604     | 0.8365       | 1.1775   |           
98     | 2.8233     | 0.5701     | 1.0838       | 1.1693       | 0.9573     | 0.8453       | 1.1400   |           
99     | 2.9241     | 0.6158     | 1.1298       | 1.1785       | 0.9563     | 0.7950       | 1.1474   |           
100    | 2.8707     | 0.6125     | 1.1029       | 1.1553       | 0.9625     | 0.7416       | 1.0945   | (ADV 0.59)
101    | 2.8375     | 0.5864     | 1.0807       | 1.1703       | 0.9573     | 0.7517       | 1.1385   |           
102    | 2.9133     | 0.6423     | 1.1037       | 1.1673       | 0.9573     | 0.7678       | 1.1780   |           
103    | 2.8578     | 0.5883     | 1.0942       | 1.1753       | 0.9656     | 0.8250       | 1.2036   |           
104    | 2.8547     | 0.5805     | 1.1050       | 1.1693       | 0.9531     | 0.8252       | 1.1527   |           
105    | 2.8658     | 0.5974     | 1.1004       | 1.1679       | 0.9594     | 0.7683       | 1.1833   |           
106    | 2.9367     | 0.6385     | 1.1192       | 1.1790       | 0.9531     | 0.7951       | 1.1658   |           
107    | 2.8509     | 0.5946     | 1.1036       | 1.1528       | 0.9583     | 0.8298       | 1.2036   |           
108    | 2.8825     | 0.5995     | 1.1203       | 1.1627       | 0.9625     | 0.7984       | 1.2136   |           
109    | 2.8669     | 0.5747     | 1.1104       | 1.1819       | 0.9594     | 0.8176       | 1.1687   |           
110    | 2.8629     | 0.6059     | 1.0942       | 1.1628       | 0.9583     | 0.7739       | 1.1632   |           
111    | 2.9018     | 0.6027     | 1.1284       | 1.1707       | 0.9510     | 0.7993       | 1.1512   |           
112    | 2.8883     | 0.6052     | 1.1167       | 1.1664       | 0.9385     | 0.8063       | 1.2003   |           
113    | 2.8862     | 0.6110     | 1.1105       | 1.1647       | 0.9594     | 0.7818       | 1.1312   |           
114    | 2.8738     | 0.5820     | 1.1263       | 1.1655       | 0.9563     | 0.8143       | 1.1285   |           
115    | 2.8631     | 0.5925     | 1.1148       | 1.1558       | 0.9708     | 0.7563       | 1.2085   | (ADV 0.59)
116    | 2.8932     | 0.6064     | 1.1300       | 1.1568       | 0.9521     | 0.7647       | 1.1442   |           
117    | 2.8897     | 0.6152     | 1.1298       | 1.1446       | 0.9656     | 0.7698       | 1.1614   |           
118    | 2.8893     | 0.6065     | 1.1273       | 1.1555       | 0.9625     | 0.7716       | 1.1123   |           
119    | 2.9160     | 0.6021     | 1.1388       | 1.1750       | 0.9531     | 0.7804       | 1.1796   |           
120    | 2.8781     | 0.6000     | 1.1210       | 1.1571       | 0.9688     | 0.7794       | 1.1408   |           
121    | 2.9028     | 0.6079     | 1.1387       | 1.1562       | 0.9667     | 0.7689       | 1.1145   |           
122    | 2.8715     | 0.5886     | 1.1214       | 1.1615       | 0.9594     | 0.7659       | 1.0717   |           
123    | 2.8605     | 0.5926     | 1.1212       | 1.1467       | 0.9542     | 0.7579       | 1.1091   |           
124    | 2.9282     | 0.6143     | 1.1572       | 1.1566       | 0.9552     | 0.8279       | 1.2297   |           
125    | 2.8924     | 0.6187     | 1.1216       | 1.1521       | 0.9542     | 0.7504       | 1.1360   |           
126    | 2.9572     | 0.6419     | 1.1416       | 1.1737       | 0.9646     | 0.7532       | 1.1540   |           
127    | 2.8825     | 0.5721     | 1.1435       | 1.1669       | 0.9552     | 0.7704       | 1.1801   |           
128    | 2.8774     | 0.5914     | 1.1268       | 1.1593       | 0.9531     | 0.7398       | 1.1445   |           
129    | 2.9691     | 0.6169     | 1.1638       | 1.1884       | 0.9625     | 0.7600       | 1.1334   |           
130    | 2.9107     | 0.6221     | 1.1314       | 1.1572       | 0.9583     | 0.7788       | 1.0954   |           
131    | 2.8623     | 0.5702     | 1.1438       | 1.1483       | 0.9604     | 0.7163       | 1.1078   | (ADV 0.60)
132    | 2.8733     | 0.5516     | 1.1491       | 1.1726       | 0.9552     | 0.7538       | 1.1575   |           
133    | 2.8779     | 0.5714     | 1.1374       | 1.1691       | 0.9490     | 0.7420       | 1.1083   |           
134    | 2.9512     | 0.6116     | 1.1564       | 1.1832       | 0.9563     | 0.7029       | 1.1164   | (ADV 0.60)
135    | 2.8693     | 0.5809     | 1.1401       | 1.1483       | 0.9625     | 0.6986       | 1.1216   | (ADV 0.61)
136    | 2.9055     | 0.5980     | 1.1436       | 1.1639       | 0.9615     | 0.7384       | 1.1448   |           
137    | 2.8976     | 0.6065     | 1.1264       | 1.1648       | 0.9573     | 0.6938       | 1.1327   |           
138    | 2.8622     | 0.5491     | 1.1609       | 1.1523       | 0.9604     | 0.6757       | 1.1805   | (ADV 0.62)
139    | 2.9389     | 0.6109     | 1.1619       | 1.1661       | 0.9573     | 0.6728       | 1.1527   |           
140    | 2.9153     | 0.6127     | 1.1428       | 1.1599       | 0.9656     | 0.7011       | 1.0903   |           
141    | 2.8284     | 0.5532     | 1.1299       | 1.1453       | 0.9667     | 0.7562       | 1.1269   |           
142    | 2.8923     | 0.5772     | 1.1653       | 1.1497       | 0.9615     | 0.6929       | 1.0913   |           
143    | 2.8989     | 0.5999     | 1.1425       | 1.1565       | 0.9656     | 0.7174       | 1.1082   |           
144    | 2.9332     | 0.6169     | 1.1532       | 1.1631       | 0.9573     | 0.7025       | 1.0712   |           
145    | 2.8698     | 0.5841     | 1.1145       | 1.1712       | 0.9656     | 0.6935       | 1.0830   |           
146    | 2.8686     | 0.5686     | 1.1372       | 1.1628       | 0.9563     | 0.6795       | 1.1033   |           
147    | 2.8885     | 0.5820     | 1.1437       | 1.1628       | 0.9688     | 0.6799       | 1.0835   | (ADV 0.63)
148    | 2.8863     | 0.5817     | 1.1407       | 1.1639       | 0.9521     | 0.7368       | 1.1291   |           
149    | 2.8569     | 0.5593     | 1.1321       | 1.1655       | 0.9604     | 0.6353       | 1.1055   | (ADV 0.64)
150    | 2.8222     | 0.5271     | 1.1431       | 1.1519       | 0.9406     | 0.6645       | 1.1327   |           
151    | 2.9454     | 0.6090     | 1.1618       | 1.1747       | 0.9583     | 0.6532       | 1.0796   |           
152    | 2.8735     | 0.5774     | 1.1287       | 1.1674       | 0.9594     | 0.6637       | 1.0948   |           
153    | 2.8472     | 0.5559     | 1.1382       | 1.1531       | 0.9646     | 0.7030       | 1.1604   |           
154    | 2.9472     | 0.6259     | 1.1537       | 1.1676       | 0.9594     | 0.7206       | 1.1535   |           
155    | 2.8593     | 0.5455     | 1.1530       | 1.1609       | 0.9646     | 0.7240       | 1.1721   |           
156    | 2.9579     | 0.6192     | 1.1809       | 1.1578       | 0.9656     | 0.7470       | 1.2257   |           
157    | 2.9068     | 0.5796     | 1.1548       | 1.1723       | 0.9604     | 0.7124       | 1.1811   |           
158    | 2.8712     | 0.5599     | 1.1375       | 1.1738       | 0.9531     | 0.6516       | 1.0844   |           
159    | 2.8968     | 0.5775     | 1.1514       | 1.1679       | 0.9604     | 0.7313       | 1.1617   |           
160    | 2.9128     | 0.5949     | 1.1645       | 1.1534       | 0.9604     | 0.6842       | 1.1229   |           
161    | 2.8846     | 0.5828     | 1.1418       | 1.1600       | 0.9656     | 0.6492       | 1.1177   |           
162    | 2.8717     | 0.5605     | 1.1391       | 1.1721       | 0.9635     | 0.6374       | 1.0993   | (ADV 0.64)
163    | 2.8356     | 0.5397     | 1.1403       | 1.1556       | 0.9615     | 0.6178       | 1.0952   | (ADV 0.65)
164    | 2.8716     | 0.5648     | 1.1350       | 1.1718       | 0.9563     | 0.6722       | 1.1118   |           
165    | 2.8863     | 0.5557     | 1.1471       | 1.1835       | 0.9625     | 0.6558       | 1.0851   |           
166    | 2.9120     | 0.5751     | 1.1543       | 1.1826       | 0.9531     | 0.6835       | 1.1478   |           
167    | 2.9298     | 0.5914     | 1.1433       | 1.1952       | 0.9583     | 0.7044       | 1.1492   |           
168    | 2.8865     | 0.5493     | 1.1493       | 1.1880       | 0.9604     | 0.6923       | 1.1423   |           
169    | 2.8962     | 0.5543     | 1.1522       | 1.1897       | 0.9563     | 0.6634       | 1.1683   |           
170    | 2.9214     | 0.5775     | 1.1566       | 1.1873       | 0.9615     | 0.6620       | 1.1671   |           
171    | 2.8894     | 0.5769     | 1.1496       | 1.1629       | 0.9594     | 0.6848       | 1.1637   |           
172    | 2.9071     | 0.5736     | 1.1396       | 1.1939       | 0.9563     | 0.6951       | 1.1976   |           
173    | 2.9473     | 0.6102     | 1.1540       | 1.1831       | 0.9594     | 0.6709       | 1.1576   |           
174    | 2.9815     | 0.6382     | 1.1469       | 1.1963       | 0.9552     | 0.7304       | 1.1466   |           
175    | 2.9570     | 0.5870     | 1.1561       | 1.2138       | 0.9521     | 0.7025       | 1.1720   |           
176    | 2.9365     | 0.5776     | 1.1586       | 1.2002       | 0.9573     | 0.6923       | 1.2525   |           
177    | 2.9362     | 0.5872     | 1.1642       | 1.1847       | 0.9406     | 0.6676       | 1.1900   |           
178    | 2.8823     | 0.5694     | 1.1371       | 1.1758       | 0.9625     | 0.6656       | 1.1739   |           
179    | 2.8706     | 0.5564     | 1.1533       | 1.1609       | 0.9500     | 0.7104       | 1.1384   |           
180    | 2.9162     | 0.5893     | 1.1537       | 1.1732       | 0.9552     | 0.7407       | 1.1158   |           
181    | 2.9322     | 0.5654     | 1.1652       | 1.2017       | 0.9573     | 0.6817       | 1.1615   |           
182    | 2.9554     | 0.6043     | 1.1577       | 1.1934       | 0.9656     | 0.6868       | 1.0945   |           
183    | 2.8626     | 0.5401     | 1.1365       | 1.1860       | 0.9677     | 0.6418       | 1.1211   |           
184    | 2.9282     | 0.5905     | 1.1477       | 1.1899       | 0.9573     | 0.6742       | 1.1320   |           
185    | 2.9140     | 0.5708     | 1.1521       | 1.1910       | 0.9615     | 0.6810       | 1.0846   |           
186    | 2.9013     | 0.5538     | 1.1545       | 1.1930       | 0.9615     | 0.6753       | 1.1235   |           
187    | 2.9443     | 0.5821     | 1.1584       | 1.2037       | 0.9635     | 0.6735       | 1.1340   |           
188    | 2.9233     | 0.5588     | 1.1665       | 1.1980       | 0.9625     | 0.6687       | 1.1576   |           
189    | 2.9213     | 0.5803     | 1.1573       | 1.1837       | 0.9417     | 0.6907       | 1.2733   |           
190    | 2.8897     | 0.5740     | 1.1501       | 1.1656       | 0.9583     | 0.6535       | 1.1256   |           
191    | 2.9377     | 0.5750     | 1.1731       | 1.1896       | 0.9656     | 0.6565       | 1.1799   |           
192    | 2.8551     | 0.5418     | 1.1487       | 1.1646       | 0.9458     | 0.6620       | 1.1220   |           
193    | 2.9273     | 0.5609     | 1.1638       | 1.2026       | 0.9583     | 0.6500       | 1.1452   |           
194    | 2.8927     | 0.5357     | 1.1724       | 1.1847       | 0.9531     | 0.6602       | 1.1064   |           
195    | 2.9213     | 0.5631     | 1.1675       | 1.1908       | 0.9542     | 0.6583       | 1.1119   |           
196    | 2.9689     | 0.6029     | 1.1710       | 1.1950       | 0.9615     | 0.6285       | 1.1010   |           
197    | 2.9688     | 0.5983     | 1.1754       | 1.1951       | 0.9656     | 0.6387       | 1.1828   |           
198    | 2.9129     | 0.5607     | 1.1605       | 1.1917       | 0.9646     | 0.6509       | 1.1504   |           
199    | 2.9096     | 0.5435     | 1.1706       | 1.1955       | 0.9479     | 0.6170       | 1.0673   |           
200    | 2.9103     | 0.5423     | 1.1570       | 1.2110       | 0.9552     | 0.6540       | 1.1470   |           
201    | 2.9505     | 0.5737     | 1.1757       | 1.2011       | 0.9594     | 0.6481       | 1.1203   |           
202    | 2.8710     | 0.5348     | 1.1618       | 1.1744       | 0.9531     | 0.6018       | 1.1293   |           
203    | 2.9859     | 0.6163     | 1.1783       | 1.1914       | 0.9688     | 0.6737       | 1.2371   |           
204    | 2.9277     | 0.5679     | 1.1759       | 1.1839       | 0.9615     | 0.6023       | 1.1038   | (ADV 0.66)
205    | 2.9336     | 0.5545     | 1.1915       | 1.1876       | 0.9729     | 0.6519       | 1.1947   |           
206    | 2.9203     | 0.5444     | 1.1811       | 1.1948       | 0.9531     | 0.6447       | 1.1417   |           
207    | 2.9236     | 0.5606     | 1.1678       | 1.1952       | 0.9667     | 0.6186       | 1.1391   |           
208    | 2.9176     | 0.5544     | 1.1721       | 1.1911       | 0.9615     | 0.6471       | 1.1374   |           
209    | 2.9339     | 0.5700     | 1.1829       | 1.1810       | 0.9510     | 0.5961       | 1.1367   |           
210    | 2.9557     | 0.5666     | 1.1786       | 1.2104       | 0.9708     | 0.6576       | 1.1441   |           
211    | 2.9985     | 0.6118     | 1.1781       | 1.2086       | 0.9625     | 0.6362       | 1.1392   |           
212    | 2.9474     | 0.5553     | 1.1929       | 1.1992       | 0.9635     | 0.6057       | 1.1001   | (ADV 0.66)
213    | 2.9261     | 0.5555     | 1.1799       | 1.1907       | 0.9656     | 0.6148       | 1.1140   |           
214    | 2.9947     | 0.5992     | 1.1886       | 1.2068       | 0.9688     | 0.6239       | 1.1345   |           
215    | 2.8716     | 0.5068     | 1.1803       | 1.1845       | 0.9625     | 0.6677       | 1.1245   |           
216    | 2.9331     | 0.5516     | 1.1795       | 1.2020       | 0.9583     | 0.6581       | 1.0657   |           
217    | 2.8822     | 0.5031     | 1.1837       | 1.1954       | 0.9594     | 0.6480       | 1.0817   |           
218    | 2.9241     | 0.5477     | 1.1767       | 1.1997       | 0.9583     | 0.6430       | 1.1407   |           
219    | 2.9777     | 0.5881     | 1.1882       | 1.2013       | 0.9635     | 0.6634       | 1.1955   |           
220    | 2.9910     | 0.5800     | 1.2097       | 1.2012       | 0.9583     | 0.7109       | 1.1704   |           
221    | 2.9154     | 0.5305     | 1.1862       | 1.1987       | 0.9563     | 0.6197       | 1.1187   |           
222    | 2.9424     | 0.5545     | 1.1930       | 1.1950       | 0.9635     | 0.6329       | 1.1189   |           
223    | 2.9057     | 0.5224     | 1.1948       | 1.1885       | 0.9594     | 0.6557       | 1.0910   |           
224    | 2.9327     | 0.5398     | 1.1973       | 1.1956       | 0.9625     | 0.6338       | 1.0819   |           
225    | 2.9815     | 0.5604     | 1.1952       | 1.2260       | 0.9594     | 0.6160       | 1.1166   |           
226    | 2.9439     | 0.5394     | 1.1987       | 1.2058       | 0.9594     | 0.6695       | 1.1500   |           
227    | 2.9492     | 0.5443     | 1.1927       | 1.2122       | 0.9552     | 0.6631       | 1.0985   |           
228    | 2.9374     | 0.5464     | 1.1902       | 1.2009       | 0.9490     | 0.6566       | 1.2278   |           
229    | 2.9290     | 0.5564     | 1.1932       | 1.1794       | 0.9771     | 0.6431       | 1.1887   |           
230    | 2.9785     | 0.5780     | 1.1987       | 1.2018       | 0.9667     | 0.6287       | 1.1639   |           
231    | 2.9459     | 0.5714     | 1.1830       | 1.1915       | 0.9531     | 0.6755       | 1.0466   |           
232    | 2.9050     | 0.5340     | 1.1917       | 1.1793       | 0.9646     | 0.6547       | 1.1593   |           
233    | 3.0021     | 0.6046     | 1.1977       | 1.1997       | 0.9563     | 0.7243       | 1.1129   |           
234    | 2.9424     | 0.5491     | 1.2026       | 1.1907       | 0.9594     | 0.6988       | 1.1918   |           
235    | 2.9667     | 0.5723     | 1.2096       | 1.1848       | 0.9594     | 0.6760       | 1.1123   |           
236    | 2.9117     | 0.5214     | 1.1997       | 1.1907       | 0.9563     | 0.6800       | 1.1764   |           
237    | 2.9807     | 0.5845     | 1.1950       | 1.2013       | 0.9688     | 0.6223       | 1.1224   |           
238    | 2.9677     | 0.5650     | 1.2026       | 1.2002       | 0.9667     | 0.6420       | 1.1776   |           
239    | 2.9638     | 0.5603     | 1.1878       | 1.2157       | 0.9604     | 0.6210       | 1.0861   |           
240    | 2.9683     | 0.5618     | 1.2092       | 1.1973       | 0.9656     | 0.6492       | 1.1229   |           
241    | 2.9453     | 0.5468     | 1.1981       | 1.2004       | 0.9698     | 0.6499       | 1.1527   |           
242    | 2.8935     | 0.5135     | 1.1827       | 1.1973       | 0.9688     | 0.6182       | 1.1408   |           
243    | 2.9216     | 0.5323     | 1.1868       | 1.2026       | 0.9417     | 0.6699       | 1.0746   |           
244    | 3.0150     | 0.6001     | 1.2048       | 1.2100       | 0.9656     | 0.6556       | 1.2002   |           
245    | 2.9249     | 0.5345     | 1.1855       | 1.2049       | 0.9583     | 0.6420       | 1.1474   |           
246    | 2.9230     | 0.5295     | 1.1878       | 1.2057       | 0.9656     | 0.6008       | 1.1313   | (ADV 0.67)
247    | 2.9592     | 0.5570     | 1.2084       | 1.1938       | 0.9573     | 0.5952       | 1.1238   |           
248    | 2.9551     | 0.5556     | 1.1950       | 1.2045       | 0.9615     | 0.6344       | 1.1340   |           
249    | 2.9915     | 0.5906     | 1.1961       | 1.2048       | 0.9625     | 0.5872       | 1.1268   | (ADV 0.67)
250    | 2.9418     | 0.5359     | 1.1939       | 1.2120       | 0.9625     | 0.6643       | 1.1526   |           
251    | 2.9225     | 0.5286     | 1.2005       | 1.1934       | 0.9552     | 0.6355       | 1.0907   |           
252    | 2.9618     | 0.5498     | 1.2053       | 1.2068       | 0.9563     | 0.6334       | 1.0927   |           
253    | 2.9538     | 0.5514     | 1.1996       | 1.2028       | 0.9677     | 0.6141       | 1.1188   |           
254    | 2.9843     | 0.5727     | 1.1891       | 1.2225       | 0.9625     | 0.6676       | 1.1775   |           
255    | 2.9909     | 0.5675     | 1.1991       | 1.2242       | 0.9656     | 0.6274       | 1.1240   |           
256    | 2.9958     | 0.5768     | 1.2110       | 1.2081       | 0.9542     | 0.6719       | 1.1543   |           
257    | 2.9634     | 0.5564     | 1.1917       | 1.2153       | 0.9646     | 0.6073       | 1.1154   |           
258    | 2.9716     | 0.5409     | 1.2083       | 1.2224       | 0.9542     | 0.6534       | 1.1664   |           
259    | 3.0161     | 0.5713     | 1.2051       | 1.2397       | 0.9563     | 0.6605       | 1.1545   |           
260    | 3.0269     | 0.5779     | 1.2073       | 1.2417       | 0.9437     | 0.5935       | 1.0709   |           
261    | 2.9572     | 0.5388     | 1.1943       | 1.2241       | 0.9552     | 0.6538       | 1.1585   |           
262    | 2.9852     | 0.5506     | 1.1916       | 1.2430       | 0.9594     | 0.5887       | 1.0938   |           
263    | 2.9220     | 0.5007     | 1.1885       | 1.2328       | 0.9604     | 0.6189       | 1.1103   |           
264    | 2.9910     | 0.5531     | 1.1974       | 1.2405       | 0.9635     | 0.6132       | 1.1346   |           
265    | 2.9428     | 0.5188     | 1.1840       | 1.2399       | 0.9573     | 0.6116       | 1.1130   |           
266    | 2.9711     | 0.5462     | 1.1915       | 1.2334       | 0.9583     | 0.6005       | 1.1115   |           
267    | 2.9751     | 0.5526     | 1.1977       | 1.2247       | 0.9510     | 0.6139       | 1.0692   |           
268    | 2.9413     | 0.5176     | 1.1937       | 1.2300       | 0.9427     | 0.6173       | 1.0786   |           
269    | 2.9597     | 0.5243     | 1.2039       | 1.2314       | 0.9604     | 0.5896       | 1.1342   |           
270    | 2.9490     | 0.5295     | 1.1822       | 1.2373       | 0.9604     | 0.6144       | 1.1329   |           
271    | 2.9582     | 0.5371     | 1.1930       | 1.2280       | 0.9552     | 0.6270       | 1.1762   |           
272    | 2.9797     | 0.5477     | 1.2021       | 1.2299       | 0.9635     | 0.6086       | 1.1742   |           
273    | 2.9591     | 0.5290     | 1.2006       | 1.2295       | 0.9479     | 0.5903       | 1.0732   |           
274    | 2.9810     | 0.5494     | 1.2035       | 1.2282       | 0.9563     | 0.6174       | 1.0859   |           
275    | 2.9867     | 0.5593     | 1.1954       | 1.2320       | 0.9573     | 0.5831       | 1.1470   |           
276    | 2.9765     | 0.5447     | 1.2044       | 1.2274       | 0.9552     | 0.5955       | 1.0399   |           
277    | 2.8873     | 0.4879     | 1.1857       | 1.2137       | 0.9688     | 0.5692       | 1.0788   | (ADV 0.68)
278    | 2.9447     | 0.5181     | 1.1989       | 1.2277       | 0.9531     | 0.6059       | 1.0619   |           
279    | 2.9602     | 0.5503     | 1.2007       | 1.2091       | 0.9677     | 0.6094       | 1.0770   |           
280    | 3.0038     | 0.5525     | 1.2206       | 1.2307       | 0.9573     | 0.5708       | 1.0467   |           
281    | 2.9737     | 0.5583     | 1.1984       | 1.2171       | 0.9531     | 0.5932       | 1.0506   |           
282    | 2.9234     | 0.5224     | 1.1966       | 1.2044       | 0.9615     | 0.5849       | 1.1009   |           
283    | 2.9110     | 0.5097     | 1.1990       | 1.2023       | 0.9646     | 0.6270       | 1.1226   |           
284    | 2.9470     | 0.5212     | 1.2070       | 1.2187       | 0.9646     | 0.5745       | 1.0970   |           
285    | 3.0016     | 0.5498     | 1.2241       | 1.2277       | 0.9563     | 0.6150       | 1.1060   |           
286    | 2.9276     | 0.5088     | 1.2181       | 1.2007       | 0.9500     | 0.6238       | 1.0806   |           
287    | 2.9299     | 0.5259     | 1.1985       | 1.2056       | 0.9656     | 0.6033       | 1.1519   |           
288    | 2.9626     | 0.5379     | 1.2030       | 1.2218       | 0.9396     | 0.6345       | 1.1841   |           
289    | 2.9897     | 0.5462     | 1.2202       | 1.2233       | 0.9604     | 0.6069       | 1.1644   |           
290    | 2.9746     | 0.5435     | 1.2047       | 1.2264       | 0.9688     | 0.6012       | 1.1871   |           
291    | 2.9775     | 0.5277     | 1.2090       | 1.2408       | 0.9563     | 0.5878       | 1.1069   |           
292    | 2.9783     | 0.5054     | 1.2108       | 1.2622       | 0.9635     | 0.5928       | 1.1962   |           
293    | 3.0319     | 0.5676     | 1.2074       | 1.2570       | 0.9313     | 0.6204       | 1.1112   |           
294    | 2.9939     | 0.5368     | 1.2109       | 1.2462       | 0.9604     | 0.6129       | 1.1346   |           
295    | 3.0101     | 0.5549     | 1.2078       | 1.2474       | 0.9656     | 0.6086       | 1.1076   |           
296    | 2.9795     | 0.5298     | 1.2047       | 1.2451       | 0.9573     | 0.6301       | 1.1176   |           
297    | 3.0070     | 0.5572     | 1.2108       | 1.2390       | 0.9604     | 0.5963       | 1.1592   |           
298    | 2.9567     | 0.5035     | 1.2091       | 1.2441       | 0.9698     | 0.6242       | 1.1506   |           
299    | 2.9996     | 0.5425     | 1.2098       | 1.2474       | 0.9490     | 0.5960       | 1.1536   |           
300    | 2.9717     | 0.5183     | 1.2060       | 1.2474       | 0.9594     | 0.6520       | 1.1251   |           
301    | 2.9646     | 0.5211     | 1.2076       | 1.2359       | 0.9615     | 0.5976       | 1.2269   |           
302    | 3.0213     | 0.5522     | 1.2262       | 1.2428       | 0.9615     | 0.6050       | 1.0665   |           
303    | 2.9726     | 0.5243     | 1.2175       | 1.2309       | 0.9583     | 0.6102       | 1.0904   |           
304    | 2.9388     | 0.5144     | 1.1975       | 1.2270       | 0.9510     | 0.6104       | 1.0939   |           
305    | 2.9499     | 0.5041     | 1.2217       | 1.2241       | 0.9698     | 0.6055       | 1.1515   |           
306    | 3.0079     | 0.5531     | 1.2222       | 1.2325       | 0.9719     | 0.5574       | 1.1385   | (ADV 0.69)
307    | 2.9534     | 0.5385     | 1.1959       | 1.2189       | 0.9625     | 0.5721       | 1.1077   |           
308    | 2.9508     | 0.4927     | 1.2191       | 1.2390       | 0.9396     | 0.5727       | 1.1156   |           
309    | 2.9536     | 0.5198     | 1.2135       | 1.2203       | 0.9583     | 0.5605       | 1.1131   |           
310    | 2.9429     | 0.4948     | 1.2191       | 1.2289       | 0.9708     | 0.5827       | 1.0874   |           
311    | 2.9710     | 0.5275     | 1.2257       | 1.2178       | 0.9594     | 0.5900       | 1.0927   |           
312    | 2.9488     | 0.4874     | 1.2272       | 1.2342       | 0.9437     | 0.6527       | 1.0985   |           
313    | 2.9854     | 0.5244     | 1.2289       | 1.2321       | 0.9688     | 0.6070       | 1.1430   |           
314    | 3.0375     | 0.5703     | 1.2290       | 1.2382       | 0.9583     | 0.6175       | 1.1043   |           
315    | 3.0111     | 0.5639     | 1.2175       | 1.2298       | 0.9490     | 0.5733       | 1.0987   |           
316    | 2.9133     | 0.5058     | 1.2042       | 1.2033       | 0.9667     | 0.5391       | 1.1472   | (ADV 0.70)
317    | 2.9828     | 0.5338     | 1.2116       | 1.2374       | 0.9573     | 0.6018       | 1.0742   |           
318    | 2.9716     | 0.5364     | 1.2056       | 1.2296       | 0.9729     | 0.5744       | 1.1191   |           
319    | 2.9400     | 0.5096     | 1.2080       | 1.2223       | 0.9552     | 0.5946       | 1.1503   |           
320    | 2.9107     | 0.4865     | 1.2018       | 1.2224       | 0.9677     | 0.5484       | 1.1560   |           
321    | 2.9521     | 0.5110     | 1.2085       | 1.2326       | 0.9479     | 0.5773       | 1.0932   |           
322    | 2.9708     | 0.5432     | 1.2017       | 1.2259       | 0.9615     | 0.5907       | 1.1317   |           
323    | 2.9666     | 0.5274     | 1.2138       | 1.2255       | 0.9479     | 0.5579       | 1.0924   |           
324    | 2.9391     | 0.4937     | 1.2033       | 1.2421       | 0.9573     | 0.5946       | 1.1472   |           
325    | 2.9800     | 0.5352     | 1.2039       | 1.2410       | 0.9604     | 0.5543       | 1.1363   |           
326    | 2.9485     | 0.4867     | 1.2116       | 1.2502       | 0.9542     | 0.5738       | 1.1415   |           
327    | 3.0193     | 0.5522     | 1.2170       | 1.2501       | 0.9615     | 0.5879       | 1.0938   |           
328    | 3.0110     | 0.5410     | 1.2208       | 1.2492       | 0.9583     | 0.5795       | 1.0777   |           
329    | 2.9754     | 0.5208     | 1.2139       | 1.2407       | 0.9604     | 0.6010       | 1.1444   |           
330    | 2.9538     | 0.5035     | 1.2114       | 1.2390       | 0.9635     | 0.5849       | 1.0298   |           
331    | 2.9818     | 0.5215     | 1.2268       | 1.2335       | 0.9594     | 0.5731       | 1.1217   |           
332    | 3.0661     | 0.5724     | 1.2389       | 1.2548       | 0.9646     | 0.5855       | 1.1277   |           
333    | 2.9743     | 0.5027     | 1.2329       | 1.2387       | 0.9667     | 0.5826       | 1.1473   |           
334    | 2.9933     | 0.5088     | 1.2356       | 1.2489       | 0.9615     | 0.5812       | 1.1181   |           
335    | 2.9827     | 0.5265     | 1.2139       | 1.2423       | 0.9698     | 0.5882       | 1.1349   |           
336    | 2.9989     | 0.5322     | 1.2270       | 1.2396       | 0.9583     | 0.5514       | 1.0811   |           
337    | 2.9748     | 0.5063     | 1.2195       | 1.2490       | 0.9437     | 0.6164       | 1.1156   |           
338    | 2.9985     | 0.5224     | 1.2347       | 1.2414       | 0.9604     | 0.5884       | 1.1582   |           
339    | 2.9526     | 0.4916     | 1.2212       | 1.2398       | 0.9542     | 0.5571       | 1.1161   |           
340    | 2.9721     | 0.5069     | 1.2278       | 1.2375       | 0.9406     | 0.5535       | 1.1636   |           
341    | 2.9674     | 0.4986     | 1.2163       | 1.2524       | 0.9646     | 0.6380       | 1.0794   |           
342    | 3.0188     | 0.5447     | 1.2305       | 1.2436       | 0.9531     | 0.6008       | 1.1283   |           
343    | 2.9475     | 0.4864     | 1.2124       | 1.2487       | 0.9604     | 0.5905       | 1.0749   |           
344    | 3.0021     | 0.5284     | 1.2206       | 1.2531       | 0.9521     | 0.5702       | 1.0941   |           
345    | 3.0259     | 0.5617     | 1.2083       | 1.2560       | 0.9573     | 0.5971       | 1.1256   |           
346    | 3.0003     | 0.5287     | 1.2201       | 1.2515       | 0.9542     | 0.5726       | 1.1103   |           
347    | 2.9863     | 0.5316     | 1.2088       | 1.2460       | 0.9615     | 0.6212       | 1.1186   |           
348    | 2.9321     | 0.4718     | 1.2145       | 1.2458       | 0.9625     | 0.5755       | 1.1137   |           
349    | 2.9559     | 0.5026     | 1.2072       | 1.2461       | 0.9469     | 0.6049       | 1.0964   |           
350    | 2.9717     | 0.5055     | 1.2234       | 1.2427       | 0.9656     | 0.5649       | 1.1107   |           
351    | 2.9886     | 0.5205     | 1.2220       | 1.2461       | 0.9552     | 0.5734       | 1.0952   |           
352    | 2.9827     | 0.5173     | 1.2154       | 1.2500       | 0.9594     | 0.5774       | 1.0749   |           
353    | 3.0347     | 0.5416     | 1.2363       | 1.2569       | 0.9625     | 0.5332       | 1.1018   |           
354    | 3.0386     | 0.5570     | 1.2327       | 1.2489       | 0.9573     | 0.5516       | 1.1595   |           
355    | 2.9596     | 0.5034     | 1.2062       | 1.2501       | 0.9531     | 0.5750       | 1.1110   |           
356    | 2.9979     | 0.5301     | 1.2239       | 1.2440       | 0.9573     | 0.5785       | 1.1095   |           
357    | 2.9977     | 0.5264     | 1.2218       | 1.2494       | 0.9448     | 0.5834       | 1.1502   |           
358    | 3.0391     | 0.5428     | 1.2362       | 1.2601       | 0.9521     | 0.6091       | 1.1328   |           
359    | 2.9764     | 0.4919     | 1.2355       | 1.2490       | 0.9531     | 0.5720       | 1.0755   |           
360    | 2.9812     | 0.5085     | 1.2141       | 1.2586       | 0.9313     | 0.5663       | 1.1446   |           
361    | 3.0001     | 0.5220     | 1.2172       | 1.2609       | 0.9688     | 0.5539       | 1.1099   |           
362    | 3.0263     | 0.5550     | 1.2194       | 1.2519       | 0.9719     | 0.5832       | 1.1421   |           
363    | 2.9755     | 0.4819     | 1.2220       | 1.2716       | 0.9531     | 0.5477       | 1.1545   |           
364    | 2.9798     | 0.5123     | 1.2057       | 1.2619       | 0.9615     | 0.5323       | 1.1050   |           
365    | 2.9696     | 0.4927     | 1.2165       | 1.2604       | 0.9552     | 0.5767       | 1.1144   |           
366    | 3.0293     | 0.5320     | 1.2396       | 1.2576       | 0.9583     | 0.5431       | 1.1303   |           
367    | 2.9489     | 0.4897     | 1.2121       | 1.2471       | 0.9521     | 0.5523       | 1.1976   |           
368    | 2.9861     | 0.4966     | 1.2377       | 1.2518       | 0.9542     | 0.5572       | 1.1239   |           
369    | 2.9861     | 0.4941     | 1.2427       | 1.2493       | 0.9531     | 0.5457       | 1.1492   |           
370    | 3.0030     | 0.5343     | 1.2234       | 1.2453       | 0.9604     | 0.5613       | 1.1413   |           
371    | 3.0226     | 0.5473     | 1.2200       | 1.2553       | 0.9583     | 0.5576       | 1.0929   |           
372    | 2.9868     | 0.5017     | 1.2326       | 1.2524       | 0.9604     | 0.5851       | 1.1331   |           
373    | 2.9693     | 0.4918     | 1.2236       | 1.2540       | 0.9625     | 0.5717       | 1.1110   |           
374    | 2.9474     | 0.4844     | 1.2153       | 1.2477       | 0.9708     | 0.5311       | 1.1296   | (ADV 0.71)
375    | 3.0242     | 0.5365     | 1.2220       | 1.2656       | 0.9656     | 0.6314       | 1.1022   |           
376    | 2.9642     | 0.4904     | 1.2197       | 1.2542       | 0.9594     | 0.5653       | 1.1049   |           
377    | 2.9621     | 0.4956     | 1.2217       | 1.2447       | 0.9635     | 0.5682       | 1.1544   |           
378    | 2.9675     | 0.4918     | 1.2237       | 1.2520       | 0.9531     | 0.5966       | 1.0691   |           
379    | 3.0013     | 0.5169     | 1.2346       | 1.2498       | 0.9573     | 0.5769       | 1.1346   |           
380    | 2.9575     | 0.4748     | 1.2292       | 1.2535       | 0.9573     | 0.5923       | 1.1758   |           
381    | 2.9863     | 0.5122     | 1.2250       | 1.2491       | 0.9635     | 0.5727       | 1.1752   |           
382    | 2.9970     | 0.5215     | 1.2194       | 1.2561       | 0.9635     | 0.6142       | 1.0987   |           
383    | 2.9469     | 0.4801     | 1.2247       | 1.2421       | 0.9656     | 0.5814       | 1.1136   |           
384    | 2.9867     | 0.4914     | 1.2315       | 1.2638       | 0.9677     | 0.5531       | 1.0603   |           
385    | 2.9628     | 0.4917     | 1.2252       | 1.2460       | 0.9573     | 0.5892       | 1.1151   |           
386    | 2.9980     | 0.5310     | 1.2187       | 1.2483       | 0.9458     | 0.6060       | 1.1718   |           
387    | 2.9622     | 0.4878     | 1.2130       | 1.2614       | 0.9542     | 0.5784       | 1.1419   |           
388    | 2.9605     | 0.4671     | 1.2387       | 1.2546       | 0.9719     | 0.5579       | 1.1916   |           
389    | 2.9856     | 0.5051     | 1.2292       | 1.2512       | 0.9583     | 0.5508       | 1.1028   |           
390    | 3.0343     | 0.5527     | 1.2260       | 1.2556       | 0.9625     | 0.5390       | 1.1622   |           
391    | 2.9655     | 0.4911     | 1.2236       | 1.2508       | 0.9479     | 0.5548       | 1.1321   |           
392    | 2.9788     | 0.5059     | 1.2208       | 1.2521       | 0.9604     | 0.5810       | 1.1630   |           
393    | 2.9413     | 0.4610     | 1.2226       | 1.2576       | 0.9635     | 0.5926       | 1.1879   |           
394    | 2.9601     | 0.4919     | 1.2180       | 1.2502       | 0.9615     | 0.5547       | 1.1570   |           
395    | 2.9831     | 0.5032     | 1.2241       | 1.2559       | 0.9531     | 0.5861       | 1.2405   |           
396    | 2.9815     | 0.5067     | 1.2190       | 1.2558       | 0.9552     | 0.5661       | 1.1187   |           
397    | 2.9442     | 0.4776     | 1.2226       | 1.2440       | 0.9583     | 0.5454       | 1.1285   |           
398    | 2.9976     | 0.5088     | 1.2367       | 1.2520       | 0.9719     | 0.6105       | 1.1488   |           
399    | 3.0266     | 0.5416     | 1.2210       | 1.2640       | 0.9490     | 0.5724       | 1.1583   |           
400    | 3.0018     | 0.5161     | 1.2210       | 1.2646       | 0.9594     | 0.6052       | 1.1804   |           
Seed 123456 | Src Acc: 97.5510 | Src MDE: 0.0466 | Tgt Acc: 27.8571 | Tgt MDE: 1.1296
Finished Combo FusionCDAN_3_4. Results saved.
